{"data": [{"news_url": "https://cointelegraph.com/news/opensea-smart-contract-upgrade-to-delist-inactive-nfts-on-ethereum", "image_url": "https://crypto.snapi.dev/images/v1/j/j/840-ahr0chm6ly9zmy5jb2ludgvszwdyyxbolmnvbs91cgxvywrzlziwmjitmdivzgziyjq2mgmtzduyzs00zge3ltk0mtatowvjmjkxzju0nmi4lmpwzw-110375.jpg", "title": "OpenSea smart contract upgrade to delist inactive NFTs on Ethereum", "text": "As a part of the planned upgrade, all OpenSea users will need to migrate their existing NFT listings to a new smart contract.", "source_name": "Cointelegraph", "date": "Fri, 18 Feb 2022 23:28:55 -0500", "topics": ["upgrade", "NFT"], "sentiment": "Neutral", "type": "Article", "tickers": ["ETH"]}, {"news_url": "https://www.dailyfx.com/forex/fundamental/forecast/weekly/title/2022/02/19/Bitcoin-BTC-and-Ethereum-ETH-Sinking-Into-Support.html", "image_url": "https://crypto.snapi.dev/images/v1/s/a/crypto4-110373.jpg", "title": "Bitcoin (BTC) and Ethereum (ETH) Sinking Into Support", "text": "The background of higher global rates and growing geopolitical tensions has forced Bitcoin down into an important zone of support.", "source_name": "DailyFX", "date": "Fri, 18 Feb 2022 23:00:00 -0500", "topics": [], "sentiment": "Negative", "type": "Article", "tickers": ["BTC", "ETH"]}, {"news_url": "https://bitcoinmagazine.com/markets/short-term-long-term-bitcoin-holder-cost-bases", "image_url": "https://crypto.snapi.dev/images/v1/9/k/img-6308-110372.png", "title": "Short-Term And Long-Term Bitcoin Holder Cost Bases Indicate Changing Market Conditions", "text": "The short-term and long-term bitcoin holder cost basis ratio is trending downward, signaling a shift in market conditions.", "source_name": "Bitcoin Magazine", "date": "Fri, 18 Feb 2022 22:30:00 -0500", "topics": [], "sentiment": "Neutral", "type": "Article", "tickers": ["BTC"]}, {"news_url": "https://www.cryptoglobe.com/latest/2022/02/xrp-whales-accumulated-nearly-900-million-tokens-in-second-largest-accumulation-in-past-5-years/", "image_url": "https://crypto.snapi.dev/images/v1/p/l/ripple-6237041-1280-110365.jpg", "title": "$XRP Whales Accumulated Nearly 900 Million Tokens in \u2018Second-Largest' Accumulation in Past 5 Years", "text": "XRP whale addresses holding over 10 million tokens or more have managed to accumulate close to 900 million $XRP, worth around $700 million at the time of writing, since December 2021 in the \u201csecond-largest\u201d accumulation they have made over the last 5 years. According to cryptocurrency analytics firm Santiment, the largest XRP whale accumulation occurred [\u2026]", "source_name": "CryptoGlobe", "date": "Fri, 18 Feb 2022 20:20:00 -0500", "topics": ["whales"], "sentiment": "Positive", "type": "Article", "tickers": ["XRP"]}, {"news_url": "https://cryptonews.com/news/solana-based-exotic-markets-launch-first-dual-currency-notes-accumulators-defi.htm", "image_url": "https://crypto.snapi.dev/images/v1/w/g/1af6a63a-8c08-4e67-afca-d36361134cd4-1645199404uz5n2hxkpn-110362.jpeg", "title": "Solana Based Exotic Markets To Launch First Dual Currency Notes and Accumulators on Defi", "text": "Disclaimer: The text below is a press release that was not written by Cryptonews.com.", "source_name": "Cryptonews", "date": "Fri, 18 Feb 2022 19:50:00 -0500", "topics": [], "sentiment": "Positive", "type": "Article", "tickers": ["SOL"]}, {"news_url": "https://coinpedia.org/news/will-elon-musk-join-ripple-supporters-in-their-fight-against-the-sec%ef%bf%bc/", "image_url": "https://crypto.snapi.dev/images/v1/4/r/4rre32-110381.", "title": "Will Elon Musk Join Ripple Supporters in Their Fight Against the SEC?\ufffc", "text": "Supporters of Ripple have requested Elon Musk to join their fight against the Securities and Exchange Commission. This comes after Tesla's CEO filed a complaint against the SEC. With Musk's most recent protest about the SEC's oversight, advocates of Ripple and the beleaguered XRP token have urged the billionaire to join them. Many advocates of \u2026", "source_name": "CoinPedia", "date": "Fri, 18 Feb 2022 19:26:00 -0500", "topics": [], "sentiment": "Neutral", "type": "Article", "tickers": ["XRP"]}, {"news_url": "https://www.forbes.com/sites/billybambrough/2022/02/18/crypto-crash-bitcoin-now-braced-for-a-100-trillion-bombshell-that-could-boost-the-price-of-ethereum-bnb-solana-cardano-and-xrp/", "image_url": "https://crypto.snapi.dev/images/v1/e/c/crypto-crash-bitcoin-now-braced-for-a-100-trillion-bombshell-that-could-boost-the-price-of-ethereum-bnb-solana-cardano-and-xrp-110360.jpg", "title": "Crypto Crash: Bitcoin Now Braced For A $100 Trillion Bombshell That Could Boost The Price Of Ethereum, BNB, Solana, Cardano And XRP", "text": "Outspoken bitcoin and crypto bull Tom Lee has said he expects a portion of almost $100 trillion worth of wealth to eventually flow into crypto markets...", "source_name": "Forbes", "date": "Fri, 18 Feb 2022 19:15:33 -0500", "topics": [], "sentiment": "Neutral", "type": "Article", "tickers": ["ADA", "BNB", "BTC", "ETH", "SOL", "XRP"]}, {"news_url": "https://bitcoinmagazine.com/business/ottawa-court-freezes-20m-in-cash-bitcoin-donated-to-truckers", "image_url": "https://crypto.snapi.dev/images/v1/y/z/image4-110358.jpg", "title": "Ottawa Court Freezes $20M in Cash, Bitcoin Donated to Truckers", "text": "The order seeks to redistribute as much as $20 million donated to the Freedom Convoy to the citizens of Ottawa.", "source_name": "Bitcoin Magazine", "date": "Fri, 18 Feb 2022 18:59:48 -0500", "topics": [], "sentiment": "Negative", "type": "Article", "tickers": ["BTC"]}, {"news_url": "https://bitcoinist.com/why-deustche-bank-says-bitcoin-could-become-gold/", "image_url": "https://crypto.snapi.dev/images/v1/h/s/jingming-pan-y9u4xzybsq4-unsplash-280x420-110367.jpg", "title": "Why Deutsche Bank Says Bitcoin Could Become The New Gold", "text": "Mass adoption of bitcoin is just a matter of time, and as the world faces that fact traditional financial institutions are warming up to the digital coin. Deutsche Bank analyst Marion Laboure has stated once more that Bitcoin could become \u201cthe 21st century digital gold,\u201d but does not it as a reliable store of value [\u2026]", "source_name": "Bitcoinist", "date": "Fri, 18 Feb 2022 18:59:12 -0500", "topics": [], "sentiment": "Neutral", "type": "Article", "tickers": ["BTC"]}, {"news_url": "https://cointelegraph.com/news/analyst-say-ethereum-price-could-fall-to-1-700-if-the-current-climate-prevails", "image_url": "https://crypto.snapi.dev/images/v1/0/e/840-ahr0chm6ly9zmy5jb2ludgvszwdyyxbolmnvbs91cgxvywrzlziwmjitmdivzjljowe2mzctzgy2os00nzvilwewnmqtzgzizmmyntjkymezlmpwzw-110350.jpg", "title": "Analyst say Ethereum price could fall to $1,700 if the current climate prevails", "text": "Traders warn that ETH price could fall to $1,700, triggering a \u201cturbo nuke\u201d in altcoins and altering the market structure of a struggling bull market.", "source_name": "Cointelegraph", "date": "Fri, 18 Feb 2022 18:35:00 -0500", "topics": [], "sentiment": "Negative", "type": "Article", "tickers": ["ETH"]}, {"news_url": "https://www.youtube.com/watch?v=BdW6CN1nREg", "image_url": "https://crypto.snapi.dev/images/v1/n/c/goldman-sachs-btc-altcoins-to-become-more-correlated-with-traditional-financial-market-variables-110351.jpg", "title": "Goldman Sachs: BTC, Altcoins to Become More Correlated With Traditional Financial Market Variables", "text": "In a report Thursday, Goldman Sachs said mainstream crypto adoption can raise valuations but also raise correlations with other financial market variables, reducing the diversification benefits of holding digital assets. \"The Hash\" hosts dig into the report, discussing whether bitcoin moves in sync with the traditional markets.", "source_name": "Coindesk", "date": "Fri, 18 Feb 2022 18:30:00 -0500", "topics": [], "sentiment": "Neutral", "type": "Video", "tickers": ["BTC"]}, {"news_url": "https://cryptoslate.com/despite-bitcoins-price-falling-its-mining-difficulty-rises-to-new-ath/", "image_url": "https://crypto.snapi.dev/images/v1/y/1/bitcoin-mining-difficulty-110344.jpg", "title": "Despite Bitcoin's price falling, its mining difficulty rises to new ATH", "text": "Bitcoin price performance might currently be leaving a bitter taste in the mouth of many crypto enthusiasts, but available data has shown that that has not reduced the level of competition amongst miners. The post Despite Bitcoin's price falling, its mining difficulty rises to new ATH appeared first on CryptoSlate.", "source_name": "CryptoSlate", "date": "Fri, 18 Feb 2022 18:06:17 -0500", "topics": ["mining"], "sentiment": "Neutral", "type": "Article", "tickers": ["BTC"]}, {"news_url": "https://www.benzinga.com/markets/cryptocurrency/22/02/25722877/federal-reserve-should-buy-bitcoin-says-sen-cynthia-lummis?SNAPI", "image_url": "https://crypto.snapi.dev/images/v1/p/9/bitcoinexecutium-pcmwbd6ufyo-unsplash-1-110345.jpg", "title": "Federal Reserve Should Buy Bitcoin, Says Sen. Cynthia Lummis", "text": "The U.S. Federal Reserve should acquire Bitcoin (CRYPTO: BTC) and hold it on its balance sheet, according to Sen. Cynthia Lummis (R-WY).", "source_name": "Benzinga", "date": "Fri, 18 Feb 2022 18:05:00 -0500", "topics": [], "sentiment": "Positive", "type": "Article", "tickers": ["BTC"]}, {"news_url": "https://www.newsbtc.com/analysis/btc/did-top-three-bitcoin-addresses-just-call-another-local-bottom/", "image_url": "https://crypto.snapi.dev/images/v1/x/d/bitcoin-4-110343.jpeg", "title": "Did Top Three Bitcoin Addresses Just Call Another Local Bottom?", "text": "The buying pattern of bitcoin whales has long been an indicator for coming market movement. While it may not happen everything, the fact remains that these top addresses control enough of the supply between them to have significant impacts on the price.", "source_name": "NewsBTC", "date": "Fri, 18 Feb 2022 18:00:44 -0500", "topics": [], "sentiment": "Neutral", "type": "Article", "tickers": ["BTC"]}, {"news_url": "https://www.cryptoglobe.com/latest/2022/02/ethereum-eth-may-lose-dominance-to-competitors-like-cardano-ada-or-solana-sol-morgan-stanley/", "image_url": "https://crypto.snapi.dev/images/v1/j/j/tezos-dd9wkk5vj80-unsplash-110341.jpg", "title": "Ethereum ($ETH) May Lose Dominance to Competitors Like Cardano ($ADA) or Solana ($SOL): Morgan Stanley", "text": "Morgan Stanley's wealth management global investment office has published a new report on the second-largest cryptocurrency by market capitalization, Ethereum (ETH), noting it could lose market dominance to competitors like Cardano ($ADA), Tezos ($XTZ), and Solana ($SOL) over its transaction costs. The report, titled \u201cCryptocurrency 201: What is Ethereum\u201d was first reported on by Cointelegraph [\u2026]", "source_name": "CryptoGlobe", "date": "Fri, 18 Feb 2022 17:50:00 -0500", "topics": [], "sentiment": "Neutral", "type": "Article", "tickers": ["ADA", "ETH", "SOL"]}, {"news_url": "https://www.coindesk.com/business/2022/02/18/bankrupt-cred-accused-of-fraudulent-bitcoin-transfer-to-crypto-whale/", "image_url": "https://crypto.snapi.dev/images/v1/8/y/7gy5hhxuhrbhro6ndrrgl623d4-110342.jpg", "title": "Bankrupt Cred Accused of Fraudulent Bitcoin Transfer to Crypto Whale", "text": "Court documents filed by Cred's debtors allege the crypto lending platform paid over 516 bitcoin for a bond that was essentially worthless.", "source_name": "Coindesk", "date": "Fri, 18 Feb 2022 17:49:00 -0500", "topics": ["whales"], "sentiment": "Negative", "type": "Article", "tickers": ["BTC"]}, {"news_url": "https://www.cryptopolitan.com/el-salvador-bitcoin-bonds-to-get-5-billion/", "image_url": "https://crypto.snapi.dev/images/v1/j/4/295ffdd2-7c11-4990-bf90-3df9de2b764c-110334.jpeg", "title": "\u202aEl Salvador's Bitcoin Bonds\u202c Could Get Extra $5 Billion Infusion", "text": "El Salvador remains undeterred in its plan to release its Bitcoin denominated bond. According to a report, El Salvador plans to issue another $5 billion after issuing its initial $1 billion bonds next month.", "source_name": "Cryptopolitan", "date": "Fri, 18 Feb 2022 17:22:00 -0500", "topics": [], "sentiment": "Positive", "type": "Article", "tickers": ["BTC"]}, {"news_url": "https://cryptobriefing.com/sec-has-received-200-letters-on-grayscales-bitcoin-etf/?utm_source=main_feed&utm_medium=rss", "image_url": "https://crypto.snapi.dev/images/v1/l/g/sec-2-18-22-838x440-110333.jpg", "title": "SEC Has Received 200 Letters On Grayscale's Bitcoin ETF", "text": "The vast majority of those letters arrived in February of this year.", "source_name": "Crypto Briefing", "date": "Fri, 18 Feb 2022 17:18:17 -0500", "topics": ["regulations"], "sentiment": "Neutral", "type": "Article", "tickers": ["BTC"]}, {"news_url": "https://coingape.com/?p=101198", "image_url": "https://crypto.snapi.dev/images/v1/g/6/bitcoin-110331.jpeg", "title": "Bitcoin Proponent Warns Of The Dangers Of FBI's Entrace Into Crypto Market", "text": "Regulators in the US are turning up the dial on scrutiny on the crypto industry. The Federal Bureau of Investigation (FBI) is creating a specialized team dedicated to digital assets called the Virtual Asset Exploitation Unit (VAXU).", "source_name": "Coingape", "date": "Fri, 18 Feb 2022 17:03:09 -0500", "topics": [], "sentiment": "Negative", "type": "Article", "tickers": ["BTC"]}, {"news_url": "https://cryptopotato.com/grayscale-investors-urge-sec-to-allow-gbtc-transition-to-bitcoin-spot-etf/", "image_url": "https://crypto.snapi.dev/images/v1/b/i/grayscalesec-110323.jpg", "title": "Grayscale Investors Urge SEC To Allow GBTC Transition To Bitcoin Spot ETF", "text": "GBTC investors show frustration with the commission's reluctance towards Bitcoin Spot ETFs, saying they \u201cdon't feel protected\u201d at the moment.\u00a0", "source_name": "CryptoPotato", "date": "Fri, 18 Feb 2022 16:30:32 -0500", "topics": ["regulations"], "sentiment": "Positive", "type": "Article", "tickers": ["BTC"]}, {"news_url": "https://www.forbes.com/sites/cbovaird/2022/02/18/bitcoin-prices-repeatedly-traded-below-40000-today-whats-next/", "image_url": "https://crypto.snapi.dev/images/v1/v/z/bitcoin-prices-repeatedly-traded-below-40000-todaywhats-next-110322.jpg", "title": "Bitcoin Prices Repeatedly Traded Below $40,000 Today\u2014What's Next?", "text": "Bitcoin has been struggling lately, falling to a two-week low and then consistently dropping before $40,000. What's next for the cryptocurrency?", "source_name": "Forbes", "date": "Fri, 18 Feb 2022 16:22:54 -0500", "topics": [], "sentiment": "Negative", "type": "Article", "tickers": ["BTC"]}, {"news_url": "https://www.benzinga.com/markets/cryptocurrency/22/02/25724566/ethereum-slips-as-gold-rises-heres-where-the-crypto-may-pivot?SNAPI", "image_url": "https://crypto.snapi.dev/images/v1/v/m/pexels-david-mcbee-730552-110312.jpg", "title": "Ethereum Slips As Gold Rises: Here's Where The Crypto May Pivot", "text": "Ethereum (CRYPTO: ETH) was falling over 4% at one point on Friday as inflation fears, the likelihood of rising interest rates and Ukraine/Russia news continues to spook the markets.", "source_name": "Benzinga", "date": "Fri, 18 Feb 2022 15:57:00 -0500", "topics": [], "sentiment": "Negative", "type": "Article", "tickers": ["ETH"]}, {"news_url": "https://cryptopotato.com/age-of-sam-a-new-hold-to-earn-experience-on-the-solana-ecosystem/", "image_url": "https://crypto.snapi.dev/images/v1/8/u/aos-cover-110311.jpg", "title": "AGE of SAM: A New Hold-to-Earn Experience on the Solana Ecosystem\u00a0", "text": "Ethereum continues to pioneer the NFT craze, hosting the largest number of NFT projects. But for how long?", "source_name": "CryptoPotato", "date": "Fri, 18 Feb 2022 15:55:53 -0500", "topics": [], "sentiment": "Positive", "type": "Article", "tickers": ["SOL", "AOS"]}, {"news_url": "https://dailyhodl.com/2022/02/18/heres-the-worst-case-scenario-for-bitcoin-btc-and-crypto-markets-according-to-analyst-nicholas-merten/", "image_url": "https://crypto.snapi.dev/images/v1/e/6/bitcoin-worst-casejpgfit10242c600ssl1-110321.jpg", "title": "Here's the Worst Case Scenario for Bitcoin (BTC) and Crypto Markets, According to Analyst Nicholas Merten", "text": "One popular crypto analyst has an optimistic view on the future price action of Bitcoin (BTC) despite the leading crypto's most recent market dip. In a new YouTube update, DataDash host Nicholas Merten\u00a0tells\u00a0his 510,000 subscribers that the headlines are not the whole story for Bitcoin's latest downturn. \u201cWhat's dragging down Bitcoin's price here, in regards [\u2026] The post Here's the Worst Case Scenario for Bitcoin (BTC) and Crypto Markets, According to Analyst Nicholas Merten appeared first on The Daily Hodl.", "source_name": "The Daily Hodl", "date": "Fri, 18 Feb 2022 15:55:38 -0500", "topics": [], "sentiment": "Negative", "type": "Article", "tickers": ["BTC"]}, {"news_url": "https://cointelegraph.com/news/finance-redefined-axelar-becomes-a-unicorn-new-eth-addresses-hit-1-5m-per-month-feb-11-18", "image_url": "https://crypto.snapi.dev/images/v1/8/4/840-ahr0chm6ly9zmy5jb2ludgvszwdyyxbolmnvbs91cgxvywrzlziwmjitmdivowzmyzaynzctmmuyys00mtdlltgymgutmmqzymixmzziotfhlmpwzw-110310.jpg", "title": "Finance Redefined: Axelar becomes a unicorn, new ETH addresses hit 1.5M per month, Feb. 11\u201318", "text": "Blockchain platform Axelar surpasses $1-billion valuation, Ethereum's on-chain metrics reveal compelling insights, Umbria innovates on Avalanche \u2014 all coming to you in this week's Finance Redefined.", "source_name": "Cointelegraph", "date": "Fri, 18 Feb 2022 15:45:00 -0500", "topics": [], "sentiment": "Neutral", "type": "Article", "tickers": ["ETH"]}, {"news_url": "https://coingape.com/?p=101028", "image_url": "https://crypto.snapi.dev/images/v1/h/h/tax-110309.jpg", "title": "Accepting Bitcoin for State Taxes Is Now Legal in Colorado", "text": "Governor Jared Polis anticipates that his state will embrace bitcoin and other cryptocurrencies for use in taxation by the summer. In an interview with CNBC on Tuesday, Colorado Governor Jared Polis indicated that the state would soon begin accepting bitcoin as a form of payment for taxes.", "source_name": "Coingape", "date": "Fri, 18 Feb 2022 15:41:21 -0500", "topics": ["taxes"], "sentiment": "Positive", "type": "Article", "tickers": ["BTC"]}, {"news_url": "https://investorplace.com/2022/02/bitcoin-price-predictions-what-does-russia-ukraine-conflict-mean-for-the-btc-crypto/", "image_url": "https://crypto.snapi.dev/images/v1/x/h/crypto2-110305.jpg", "title": "Bitcoin Price Predictions: What Does Russia-Ukraine Conflict Mean for the BTC Crypto?", "text": "Bitcoin price predictions are in demand today after Ukraine legalized cryptocurrencies amid ongoing geopolitical tensions.", "source_name": "Investorplace", "date": "Fri, 18 Feb 2022 15:30:36 -0500", "topics": [], "sentiment": "Negative", "type": "Article", "tickers": ["BTC"]}, {"news_url": "https://www.newsbtc.com/news/bitcoin-on-the-way-to-38000-amid-global-uncertainty/", "image_url": "https://crypto.snapi.dev/images/v1/v/h/texas-mining-300x200-110051-110297.jpg", "title": "Bitcoin On The Way To $38,000 Amid Global Uncertainty", "text": "With the cryptocurrency space being such an angsty place, it's no surprise that patience is rare. Only two weeks ago, Bitcoin rose 15%+ to near $42,000 only for traders, and retail investors alike become frustrated at how rangebound this world's most significant digital currency has been in recent days with not much movement up or down since then aside from some tiny fluctuations here and there.", "source_name": "NewsBTC", "date": "Fri, 18 Feb 2022 15:13:23 -0500", "topics": [], "sentiment": "Negative", "type": "Article", "tickers": ["BTC"]}, {"news_url": "https://bitcoinmagazine.com/business/illinois-georgia-want-to-give-tax-cuts-for-bitcoin-miners", "image_url": "https://crypto.snapi.dev/images/v1/t/z/img-4392-110295.png", "title": "Illinois, Georgia Want To Give Tax Cuts For Bitcoin Miners", "text": "While some U.S. states push bitcoin miners away, others seek ways to welcome and retain them.", "source_name": "Bitcoin Magazine", "date": "Fri, 18 Feb 2022 15:06:06 -0500", "topics": ["mining", "taxes"], "sentiment": "Neutral", "type": "Article", "tickers": ["BTC"]}, {"news_url": "https://www.coindesk.com/tech/2022/02/18/algorand-pushes-for-ethereum-compatibility-with-20m-incentive-program/", "image_url": "https://crypto.snapi.dev/images/v1/h/l/pgqk3nxek5evvjra4pzmtm5sdi-110298.jpg", "title": "Algorand Pushes for Ethereum Compatibility With $20M Incentive Program", "text": "In a bid to court app developers, $10 million is earmarked for making the network Ethereum Virtual Machine\u2013compatible.", "source_name": "Coindesk", "date": "Fri, 18 Feb 2022 15:05:00 -0500", "topics": [], "sentiment": "Positive", "type": "Article", "tickers": ["ALGO", "ETH"]}, {"news_url": "https://cryptoslate.com/ukraine-legalizes-bitcoin-as-tensions-with-russia-persist/", "image_url": "https://crypto.snapi.dev/images/v1/r/n/ukraine-bitcoin-110289.jpg", "title": "Ukraine legalizes Bitcoin as tensions with Russia persist", "text": "Ukraine has now legalized Bitcoin and cryptocurrencies after the country's parliament approved a final reading of the \u201cLaw on Virtual Assets\u201d bill. The post Ukraine legalizes Bitcoin as tensions with Russia persist appeared first on CryptoSlate.", "source_name": "CryptoSlate", "date": "Fri, 18 Feb 2022 15:01:16 -0500", "topics": [], "sentiment": "Positive", "type": "Article", "tickers": ["BTC"]}, {"news_url": "https://dailyhodl.com/2022/02/18/sec-will-continue-to-evaluate-bitcoin-spot-etfs-but-they-must-be-designed-to-prevent-fraud-chair-gary-gensler/", "image_url": "https://crypto.snapi.dev/images/v1/m/7/sec-evalute-bitcoinjpgfit10242c600ssl1-110301.jpg", "title": "SEC Will Continue To Evaluate Bitcoin Spot ETFs, but They Must Be Designed To Prevent Fraud: Chair Gary Gensler", "text": "The U.S. Securities and Exchange Commission (SEC) will continue to review Bitcoin (BTC) exchange-traded fund (ETF) proposals, according to SEC chair Gary Gensler. U.S. Representatives Tom Emmer, a Republican from Minnesota, and Darren Soto, a Democrat from Florida, wrote Gensler in November expressing concerns and questioning why the SEC wasn't comfortable allowing a Bitcoin spot [\u2026] The post SEC Will Continue To Evaluate Bitcoin Spot ETFs, but They Must Be Designed To Prevent Fraud: Chair Gary Gensler appeared first on The Daily Hodl.", "source_name": "The Daily Hodl", "date": "Fri, 18 Feb 2022 14:45:23 -0500", "topics": ["regulations"], "sentiment": "Negative", "type": "Article", "tickers": ["BTC"]}, {"news_url": "https://www.dcforecasts.com/ethereum-news/ascendeex-hackers-start-moving-1-5m-worth-of-eth-to-uniswap/", "image_url": "https://crypto.snapi.dev/images/v1/q/x/151228-online-fraud-hacking-415p-1f4a69829f4841f440828b3b86d4a071nbcnews-ux-2880-1000-110284.jpg", "title": "AscendeEX Hackers Start Moving $1.5M Worth Of ETH To Uniswap", "text": "The AscendeEX hackers started moving the stolen funds worth $1.5 million in ETH to Uniswap as we can see further in our latest cryptocurrency news today. Two months after the exploit on the crypto exchange, the AscendeEX hackers started moving $1.5 million worth of ETH to Uniswap in their first attempts to launder the money.", "source_name": "DCForecasts", "date": "Fri, 18 Feb 2022 14:45:23 -0500", "topics": [], "sentiment": "Negative", "type": "Article", "tickers": ["UNI", "ETH"]}, {"news_url": "https://ambcrypto.com/what-technical-and-on-chain-metrics-indicate-for-xrp-holders-in-the-near-term/", "image_url": "https://crypto.snapi.dev/images/v1/o/f/pexels-photo-6802042-1-110277.jpeg", "title": "What technical and on-chain metrics indicate for XRP holders in the near term", "text": "XRP price is looking for a platform to rest after its recent downtrend. This short-term correction is a result of the recent breakout and due to its correlation with Bitcoin.", "source_name": "AMBCrypto", "date": "Fri, 18 Feb 2022 14:30:18 -0500", "topics": ["tanalysis"], "sentiment": "Neutral", "type": "Article", "tickers": ["XRP"]}, {"news_url": "https://www.dcforecasts.com/bitcoin-news/fidelity-director-explained-btc-will-continue-increasing/", "image_url": "https://crypto.snapi.dev/images/v1/r/c/michael-fortsch-ywmzg5iiwgc-unsplash-0-109796-110271.jpg", "title": "Fidelity Director Explained: BTC Will Continue Increasing", "text": "The Fidelity Director Jurrien Timmer explained why the Bitcoin price will continue increasing and compared it to Apple even, so let's read further in today's latest Bitcoin news. Despite being quite different, Bitcoin could copy Apple's market expansion and the price increase in the upcoming years as the Fidelity Director Explained.", "source_name": "DCForecasts", "date": "Fri, 18 Feb 2022 14:20:35 -0500", "topics": [], "sentiment": "Positive", "type": "Article", "tickers": ["BTC"]}, {"news_url": "https://thecurrencyanalytics.com/bitcoin/bitcoin-coverage-on-cnbc-play-btc-messiah-reassuring-hope-39066.php", "image_url": "https://crypto.snapi.dev/images/v1/1/k/hold-bitcoin-109943-110270.png", "title": "Bitcoin Coverage on CNBC Play BTC Messiah Reassuring Hope", "text": "Catch up on the latest crypto market news at The Currency Analytics. Peter Schiff shared: The main reason CNBC has CathieDWood on so often is to play to their audience.", "source_name": "The Currency Analytics", "date": "Fri, 18 Feb 2022 14:18:47 -0500", "topics": [], "sentiment": "Neutral", "type": "Article", "tickers": ["BTC"]}, {"news_url": "https://dailyhodl.com/2022/02/18/ethereum-whales-run-to-stablecoins-and-two-altcoin-projects-as-bitcoin-tests-40000/", "image_url": "https://crypto.snapi.dev/images/v1/n/d/whales-run-stablecoins-projectsjpgfit10242c600ssl1-110272.jpg", "title": "Ethereum Whales Run to Stablecoins and Two Altcoin Projects As Bitcoin Tests $40,000", "text": "As the overall markets shake off a mid-week shockwave that sent prices tumbling, big players in the crypto world are scooping up some lesser-known and safer digital assets. Fresh data from blockchain-transaction tracker WhaleStats reveals that over the past 24 hours Ethereum whales are feasting on SUSHI, the governance token of the decentralized exchange SushiSwap, [\u2026] The post Ethereum Whales Run to Stablecoins and Two Altcoin Projects As Bitcoin Tests $40,000 appeared first on The Daily Hodl.", "source_name": "The Daily Hodl", "date": "Fri, 18 Feb 2022 14:05:53 -0500", "topics": ["stablecoins", "whales"], "sentiment": "Neutral", "type": "Article", "tickers": ["BTC", "ETH"]}, {"news_url": "https://thecurrencyanalytics.com/bitcoin/bitcoin-btc-does-not-have-to-exist-physically-to-have-intrinsic-value-39063.php", "image_url": "https://crypto.snapi.dev/images/v1/7/r/market-update-1-109528-109754-110120-110269.jpg", "title": "Bitcoin (BTC) Does not Have to Exist Physically to have Intrinsic Value", "text": "Catch up on the latest crypto market news at The Currency Analytics. Peter Schiff shared: People still fixated on Bitcoin are living in the past.", "source_name": "The Currency Analytics", "date": "Fri, 18 Feb 2022 14:02:10 -0500", "topics": [], "sentiment": "Neutral", "type": "Article", "tickers": ["BTC"]}, {"news_url": "https://bitcoinist.com/116-million-in-futures-liquidated-bitcoin-falls-40k/", "image_url": "https://crypto.snapi.dev/images/v1/h/b/kanchanara-jsryder-tok-unsplash-631x420-110267.jpg", "title": "$117 Million In Futures Liquidated As Bitcoin Falls To $40k", "text": "Data shows around $117 million in Bitcoin futures has liquidated within the last 24 hours as the price of the crypto slumps down to $40k. Bitcoin Futures Market Observes $117 Million In Liquidations Over The Past Day Today, the price of BTC has fallen down to $40k, and accompanying this move has been around $117 [\u2026]", "source_name": "Bitcoinist", "date": "Fri, 18 Feb 2022 14:00:54 -0500", "topics": ["futures"], "sentiment": "Negative", "type": "Article", "tickers": ["BTC"]}, {"news_url": "https://www.newsbtc.com/news/bitcoin/bitcoin-profit-taking-long-term-holders-decline-40k/", "image_url": "https://crypto.snapi.dev/images/v1/h/t/mana5280-x2beqdshppi-unsplash-1-scaled-110266.jpg", "title": "Bitcoin Data Shows Profit Taking From Long-Term Holders Behind Decline To $40k", "text": "As the Bitcoin price declines to $40k, on-chain data shows long-term holders have harvested some profits recently. Bitcoin Long-Term Holder SOPR Shows Some Spikes Recently As pointed out by an analyst in a CrypoQuant post, some BTC long-term holders seem to have participated in profit taking over the past day.", "source_name": "NewsBTC", "date": "Fri, 18 Feb 2022 14:00:49 -0500", "topics": [], "sentiment": "Negative", "type": "Article", "tickers": ["BTC"]}, {"news_url": "https://news.bitcoin.com/us-senator-lummis-thinks-bitcoin-is-something-that-the-fed-should-hold-on-its-balance-sheet/", "image_url": "https://crypto.snapi.dev/images/v1/y/z/shutterstock-117869614ccc-110268.jpg", "title": "US Senator Lummis Thinks \u2018Bitcoin Is Something That the Fed Should Hold on Its Balance Sheet'", "text": "Cynthia Lummis, the U.S. Republican senator from Wyoming, believes the Federal Reserve should consider holding bitcoin on its balance sheet. Speaking on the Orrin G. Hatch Foundation's crypto webinar panel, Lummis said that once a regulatory policy is in place it \u201cwill make a lot of sense.\u201d Former Federal Reserve Vice Chairman Believes Crypto Perspectives [\u2026]", "source_name": "Bitcoin", "date": "Fri, 18 Feb 2022 14:00:38 -0500", "topics": ["regulations"], "sentiment": "Positive", "type": "Article", "tickers": ["BTC"]}, {"news_url": "https://bitcoinmagazine.com/culture/bitcoin-is-not-democratic-part-two", "image_url": "https://crypto.snapi.dev/images/v1/y/x/img-7087-110265.png", "title": "How Democracy Failed Us: Bitcoin Is Not Democratic Part Two", "text": "Democracy is antithetical to the fundamentals of private property rights and, therefore, the functional, fair organization of society.", "source_name": "Bitcoin Magazine", "date": "Fri, 18 Feb 2022 14:00:00 -0500", "topics": [], "sentiment": "Negative", "type": "Article", "tickers": ["BTC"]}, {"news_url": "https://bitcoinmagazine.com/markets/fed-bans-its-officials-from-trading-bitcoin-stocks-bonds", "image_url": "https://crypto.snapi.dev/images/v1/e/w/bitcoin-and-the-blockchain-take-the-stage-for-international-summit-of-central-banks-at-the-federal-reserve-110260.jpg", "title": "Fed Bans Its Officials From Trading Bitcoin, Stocks, Bonds", "text": "The new rules extended the ban first announced in October to include bitcoin and cryptocurrencies.", "source_name": "Bitcoin Magazine", "date": "Fri, 18 Feb 2022 13:41:08 -0500", "topics": [], "sentiment": "Negative", "type": "Article", "tickers": ["BTC"]}, {"news_url": "https://www.youtube.com/watch?v=GOS4jPF1i1E", "image_url": "https://crypto.snapi.dev/images/v1/w/w/polkadot-lead-developer-on-building-multi-chain-future-110257.jpg", "title": "Polkadot Lead Developer on Building 'Multi-Chain Future'", "text": "Shawn Tabrizi, lead developer at Polkadot network, a framework for connecting various blockchains, shares insights into Polkadot's possibilities of building \"a cohesive, multi-blockchain future.\" Plus, exploring the vulnerabilities of blockchain bridges, the fundamentals of data privacy in the Polkadot ecosystem and why 2022 could be the year of the DAOs.", "source_name": "Coindesk", "date": "Fri, 18 Feb 2022 13:38:53 -0500", "topics": [], "sentiment": "Positive", "type": "Video", "tickers": ["DOT"]}, {"news_url": "https://news.bitcoin.com/technical-analysis-sol-luna-and-avax-all-down-on-friday/", "image_url": "https://crypto.snapi.dev/images/v1/q/u/urlhttps3a2f2fgfoolcdncom2feditorial2fimages2f6637072fgettyimages-1316264191jpgw700opresize-107549-110252.jpg", "title": "Technical Analysis: SOL, LUNA and AVAX All Down on Friday", "text": "Solana, terra and avalanche were all lower on Friday, as market uncertainty impacted all major cryptocurrencies. This came as several of the big ten all fell into multi-week lows versus the U.S. dollar. Biggest gainers With markets mainly in the red on Friday, finding a bull was no mean feat, however, there were some exceptions [\u2026]", "source_name": "Bitcoin", "date": "Fri, 18 Feb 2022 13:33:43 -0500", "topics": ["tanalysis"], "sentiment": "Negative", "type": "Article", "tickers": ["AVAX", "LUNA", "SOL"]}, {"news_url": "https://www.newsbtc.com/news/crypto-bulls-struggles-to-defend-bitcoins-40000-level/", "image_url": "https://crypto.snapi.dev/images/v1/t/n/crypto-110241.jpg", "title": "Crypto Bulls Struggles To Defend Bitcoin's $40,000 Level", "text": "As the Ukraine crisis worsens, Bitcoin and other cryptocurrencies are trading lower. The crypto market went down after the news broke that Russia had expelled USA Deputy Chief of Diplomatic Mission Bart Gorman following an escalation with Ukraine President Petro Poroshenko over fears for his safety.", "source_name": "NewsBTC", "date": "Fri, 18 Feb 2022 13:28:58 -0500", "topics": [], "sentiment": "Negative", "type": "Article", "tickers": ["BTC"]}, {"news_url": "https://www.youtube.com/watch?v=hbwfr991D-4", "image_url": "https://crypto.snapi.dev/images/v1/v/4/crypto-derivative-usage-rises-as-ethereum-markets-mature-110240.jpg", "title": "Crypto derivative usage rises as ethereum markets mature", "text": "CNBC's Kate Rooney reports on how crypto traders are hedging their bets.", "source_name": "CNBC Television", "date": "Fri, 18 Feb 2022 13:20:09 -0500", "topics": [], "sentiment": "Positive", "type": "Video", "tickers": ["ETH"]}, {"news_url": "https://investorplace.com/2022/02/eth-usd-remains-the-pick-of-the-crypto-investments-this-year/", "image_url": "https://crypto.snapi.dev/images/v1/4/w/ethereum-price-analysis-2022-02-15-109025-110237.png", "title": "Ethereum Remains the Pick of the Crypto Investments this Year", "text": "ETH-USD is currently the best investment in the crypto space in the current volatile macro-environment with the most upside potential this year.", "source_name": "Investorplace", "date": "Fri, 18 Feb 2022 13:19:22 -0500", "topics": [], "sentiment": "Positive", "type": "Article", "tickers": ["ETH"]}, {"news_url": "https://cryptopotato.com/bitcoin-mining-difficulty-notches-an-all-time-high/", "image_url": "https://crypto.snapi.dev/images/v1/f/r/bitcoin-network-1-110235.jpg", "title": "Bitcoin Mining Difficulty Notches an All-Time High", "text": "The mining difficulty of the world's largest cryptocurrency, Bitcoin (BTC) has never been higher.", "source_name": "CryptoPotato", "date": "Fri, 18 Feb 2022 13:15:26 -0500", "topics": ["mining"], "sentiment": "Positive", "type": "Article", "tickers": ["BTC"]}, {"news_url": "https://www.newsbtc.com/news/bitcoin/comparing-apples-growth-with-bitcoin-why-this-expert-sets-700k-as-long-term-goal/", "image_url": "https://crypto.snapi.dev/images/v1/s/u/apple-bitcoin-btc-btcusd-110232.jpg", "title": "Comparing Apple's Growth With Bitcoin, Why This Expert Sets $700K As Long-Term Goal", "text": "Bitcoin could be back on a downtrend as the bulls struggle to protect the $40,000 mark. The first crypto by market cap was rejected at around $44,500 and has been unable to reclaim previous highs as the bears threaten with pushing it back to the lows around $30,000.", "source_name": "NewsBTC", "date": "Fri, 18 Feb 2022 13:00:29 -0500", "topics": [], "sentiment": "Positive", "type": "Article", "tickers": ["BTC"]}, {"news_url": "https://cryptonews.com/news/bitcoin-holders-search-for-hopium-as-btc-breaches-usd-40k-gold-rises.htm", "image_url": "https://crypto.snapi.dev/images/v1/u/n/adobestock-471777807-110233.jpg", "title": "Bitcoin Holders Search for 'Hopium' as BTC Breaches USD 40K, Gold Rises", "text": "The bitcoin (BTC) price dropped again today, after losses in the stock market, geopolitical tensions, and prospects of rising rates weighed on sentiment in the digital asset market. However, some are hopeful that the worst is now behind us, with one leading institutional investor reminding bitcoiners that network growth is what matters in the long run.", "source_name": "Cryptonews", "date": "Fri, 18 Feb 2022 13:00:00 -0500", "topics": [], "sentiment": "Negative", "type": "Article", "tickers": ["BTC"]}, {"news_url": "https://cryptodaily.co.uk/2022/02/btc-usd-crashes-to-40099-sally-ho-technical-analysis-19-february-2022-btc-bitcoin", "image_url": "https://crypto.snapi.dev/images/v1/s/i/bitcoin-108694-109240-109771-110231.jpeg", "title": "BTC/USD Crashes to 40099: Sally Ho's Technical Analysis 19 February 2022 BTC", "text": "Bitcoin (BTC/USD) continued to suffer from bearish technical sentiment early in the Asian session as the pair remained pressured below the 41000 figure after cratering to the 40099.99 area, its weakest print since early February.\u00a0 Stops were elected below the 43206.87 and 42581.26 areas during the sharp depreciation, representing the 38.2% and 23.6% retracements of the recent depreciating range from 45855 to 41570.", "source_name": "Crypto Daily", "date": "Fri, 18 Feb 2022 13:00:00 -0500", "topics": ["tanalysis"], "sentiment": "Negative", "type": "Article", "tickers": ["BTC"]}, {"news_url": "https://bitcoinmagazine.com/business/softbank-backed-broker-avenue-to-offer-bitcoin-trading", "image_url": "https://crypto.snapi.dev/images/v1/g/j/23082021-one-year-since-launch-invictus-capitals-bitcoin-alpha-reaps-benefits-release-image-3-110230.jpg", "title": "SoftBank-Backed Broker Avenue To Offer Bitcoin Trading", "text": "Avenue Securities serves Brazilians investing in the U.S. and will now cater to a growing demand for bitcoin among its customers.", "source_name": "Bitcoin Magazine", "date": "Fri, 18 Feb 2022 12:53:49 -0500", "topics": [], "sentiment": "Positive", "type": "Article", "tickers": ["BTC"]}, {"news_url": "https://cointelegraph.com/news/price-analysis-2-18-btc-eth-bnb-xrp-ada-sol-avax-luna-doge-dot", "image_url": "https://crypto.snapi.dev/images/v1/l/g/840-ahr0chm6ly9zmy5jb2ludgvszwdyyxbolmnvbs91cgxvywrzlziwmjitmdivndbjmgnkndutzdiyyy00ogy5lwi4nmitmzeynjy5nddintjilmpwzw-110229.jpg", "title": "Price analysis 2/18: BTC, ETH, BNB, XRP, ADA, SOL, AVAX, LUNA, DOGE, DOT", "text": "BTC is struggling to hold on to the $40,000 level, but a few analysts say cryptocurrencies might decouple from equities in the coming months.", "source_name": "Cointelegraph", "date": "Fri, 18 Feb 2022 12:47:13 -0500", "topics": ["tanalysis"], "sentiment": "Neutral", "type": "Article", "tickers": ["ADA", "AVAX", "BNB", "BTC", "DOGE", "LUNA", "SOL", "XRP", "DOT", "ETH"]}, {"news_url": "https://news.bitcoin.com/2-sleeping-bitcoin-block-rewards-from-2010-wake-up-after-sitting-idle-for-more-than-a-decade/", "image_url": "https://crypto.snapi.dev/images/v1/k/w/shutterstock-1695217135-110224.jpg", "title": "2 \u2018Sleeping Bitcoin' Block Rewards From 2010 Wake up After Sitting Idle for More Than a Decade", "text": "During the last week bitcoin's USD value has shed close to 9% as it slipped from $44,239 per unit two days ago, to below the $40K range on Friday. Meanwhile, in the last 24 hours, two sleeping bitcoin block rewards from 2010 woke up after more than a decade of sitting idle. The 100 bitcoins [\u2026]", "source_name": "Bitcoin", "date": "Fri, 18 Feb 2022 12:30:54 -0500", "topics": [], "sentiment": "Neutral", "type": "Article", "tickers": ["BTC"]}, {"news_url": "https://ambcrypto.com/ripple-vs-sec-is-sec-getting-ready-to-throw-hinman-under-the-bus/", "image_url": "https://crypto.snapi.dev/images/v1/v/a/daniele-levis-pelusi-qsrxnv9kmus-unsplash-110223.jpg", "title": "Ripple vs SEC: Is SEC getting ready to throw Hinman under the bus", "text": "The Security and Exchange Commission (SEC) might be taking a different approach to winning this ever-lasting feud with fintech firm, Ripple. More of an indirect root to counter Ripple\u2018s action mode strategy.", "source_name": "AMBCrypto", "date": "Fri, 18 Feb 2022 12:30:03 -0500", "topics": ["regulations"], "sentiment": "Neutral", "type": "Article", "tickers": ["XRP"]}, {"news_url": "https://www.forbes.com/sites/jonathanponciano/2022/02/18/bitcoin-tumbles-as-crypto-market-plunge-erases-150-billion-but-worst-may-be-ahead/", "image_url": "https://crypto.snapi.dev/images/v1/x/x/bitcoin-tumbles-as-crypto-market-plunge-erases-150-billionbut-worst-may-be-ahead-110222.jpg", "title": "Bitcoin Tumbles As Crypto Market Plunge Erases $150 Billion\u2014But 'Worst May Be Ahead'", "text": "The price of bitcoin tumbled below $40,000 for the first time in two weeks on Friday.", "source_name": "Forbes", "date": "Fri, 18 Feb 2022 12:22:05 -0500", "topics": [], "sentiment": "Negative", "type": "Article", "tickers": ["BTC"]}, {"news_url": "https://www.coindesk.com/policy/2022/02/18/state-lawmakers-in-illinois-georgia-propose-tax-incentives-for-bitcoin-miners/", "image_url": "https://crypto.snapi.dev/images/v1/g/k/vuxtjj4lgffyle4ftam7xfgmrm-110220.jpg", "title": "State Lawmakers in Illinois, Georgia Propose Tax Incentives for Bitcoin Miners", "text": "Lawmakers in Illinois and Georgia are hoping to give tax breaks to crypto mining companies", "source_name": "Coindesk", "date": "Fri, 18 Feb 2022 12:06:00 -0500", "topics": ["mining", "taxes", "regulations"], "sentiment": "Positive", "type": "Article", "tickers": ["BTC"]}, {"news_url": "https://www.newsbtc.com/analysis/eth/bullish-signals-suggest-that-ethereum-might-make-a-break-above-3085/", "image_url": "https://crypto.snapi.dev/images/v1/b/e/ethereum-1-110215.jpg", "title": "Bullish: Signals Suggest That Ethereum Might Make A Break Above $3,085", "text": "Ethereum has been on another decline along with the market. After struggling to cross $3,100, the digital asset had taken another beating down that saw it crash below $3,000 once again.", "source_name": "NewsBTC", "date": "Fri, 18 Feb 2022 12:00:39 -0500", "topics": [], "sentiment": "Positive", "type": "Article", "tickers": ["ETH"]}, {"news_url": "https://www.coindesk.com/business/2022/02/18/ethereum-scaling-solution-skale-launches-100m-ecosystem-fund/", "image_url": "https://crypto.snapi.dev/images/v1/r/g/natxawalhnhotjp3a6hfe6itsm-110218.jpg", "title": "Ethereum Scaling Solution SKALE Launches $100M Ecosystem Fund", "text": "The fund, which coincides with the March launch of SKALE V2, will kick off with $5 million in grants for blockchain gaming projects.", "source_name": "Coindesk", "date": "Fri, 18 Feb 2022 12:00:00 -0500", "topics": [], "sentiment": "Positive", "type": "Article", "tickers": ["ETH"]}, {"news_url": "https://www.benzinga.com/markets/cryptocurrency/22/02/25718301/higher-interest-rate-concerns-put-dampener-on-bitcoin?SNAPI", "image_url": "https://crypto.snapi.dev/images/v1/5/e/1-95-110210.png", "title": "Higher Interest Rate Concerns Put Dampener On Bitcoin", "text": "By Marcus Sotiriou, Analyst at the UK based digital asset broker GlobalBlock", "source_name": "Benzinga", "date": "Fri, 18 Feb 2022 11:37:00 -0500", "topics": [], "sentiment": "Negative", "type": "Article", "tickers": ["BTC"]}, {"news_url": "https://cointelegraph.com/news/bitcoin-at-the-barricades-ottawa-ukraine-and-beyond", "image_url": "https://crypto.snapi.dev/images/v1/m/y/840-ahr0chm6ly9zmy5jb2ludgvszwdyyxbolmnvbs91cgxvywrzlziwmjitmdivzwuyywu0ywityjblzi00njlllwjkmgutngjingmxntk3mjqylmpwzw-110209.jpg", "title": "Bitcoin at the barricades: Ottawa, Ukraine and beyond", "text": "If Bitcoin is used for fundraising, is it inevitably tarred by the cause to which it's been linked, like anti-vax truckers?", "source_name": "Cointelegraph", "date": "Fri, 18 Feb 2022 11:35:00 -0500", "topics": [], "sentiment": "Neutral", "type": "Article", "tickers": ["BTC"]}, {"news_url": "https://www.dcforecasts.com/bitcoin-news/mining-difficulty-of-bitcoin-hits-an-all-time-high-analysis/", "image_url": "https://crypto.snapi.dev/images/v1/s/g/bitcoin-g4948101a8-1280-109641-109725-110208.jpg", "title": "Mining Difficulty Of Bitcoin Hits An All-Time High: Analysis", "text": "The mining difficulty of Bitcoin hits an all-time high along with the hash rate, after the leading cryptocurrency dropped by 7% over the week so let's read further in or latest Bitcoin news. The Competition among BTC miners reached new highs as per the latest data.", "source_name": "DCForecasts", "date": "Fri, 18 Feb 2022 11:32:56 -0500", "topics": ["mining"], "sentiment": "Positive", "type": "Article", "tickers": ["BTC"]}, {"news_url": "https://thecurrencyanalytics.com/bitcoin/bitcoin-btc-is-back-below-42000-dollars-looks-like-a-bet-towards-maximum-loss-per-peter-schiff-39053.php", "image_url": "https://crypto.snapi.dev/images/v1/j/r/bitcoin-btc-is-back-below-42000-dollars-looks-like-a-bet-towards-maximum-loss-per-peter-schiff-110206.jpg", "title": "Bitcoin (BTC) is Back Below 42,000 Dollars Looks Like a Bet Towards Maximum Loss per Peter Schiff", "text": "Catch up on the latest crypto market news at The Currency Analytics. Price of gold rose BTC Back Below 42,000 dollars BTC has become anti-gold Buying Bitcoin means short gold with maximum\u2026 The post Bitcoin (BTC) is Back Below 42,000 Dollars Looks Like a Bet Towards Maximum Loss per Peter Schiff appeared first on Cryptocurrency News.", "source_name": "The Currency Analytics", "date": "Fri, 18 Feb 2022 11:30:26 -0500", "topics": [], "sentiment": "Negative", "type": "Article", "tickers": ["BTC"]}, {"news_url": "https://www.cryptopolitan.com/bitcoin-ethereum-shiba-inu-cardano-price-analyses-%e2%80%92-18-february-morning-prediction/", "image_url": "https://crypto.snapi.dev/images/v1/v/l/roundup-v2-2-2-110204.png", "title": "Bitcoin, Ethereum, Shiba Inu, Cardano Price Analyses \u2012 18 February Morning Prediction", "text": "TL;DR Breakdown Bitcoin has declined to $39.5K As a result of the gloomy market, Ethereum has depreciated. Cryptocurrency's worldwide market value has fallen by 1.07 percent \u00a0Cardano loses another 4% The market continues to depreciate, affecting all major tokens.", "source_name": "Cryptopolitan", "date": "Fri, 18 Feb 2022 11:25:06 -0500", "topics": [], "sentiment": "Negative", "type": "Article", "tickers": ["ADA", "BTC", "ETH", "SHIB"]}, {"news_url": "https://cryptobriefing.com/bitcoin-breaks-below-40000-sending-market-into-red/?utm_source=main_feed&utm_medium=rss", "image_url": "https://crypto.snapi.dev/images/v1/5/7/bitcoin-bear-graph-cover-838x440-110202.jpeg", "title": "Bitcoin Breaks Below $40,000, Sending Market Into Red", "text": "Bitcoin has fallen below the crucial $40,000 psychological barrier (again).", "source_name": "Crypto Briefing", "date": "Fri, 18 Feb 2022 11:21:27 -0500", "topics": [], "sentiment": "Negative", "type": "Article", "tickers": ["BTC"]}, {"news_url": "https://www.cryptopolitan.com/bitcoin-price-analysis-2022-02-18/", "image_url": "https://crypto.snapi.dev/images/v1/q/o/bitcoin-price-analysis-2022-02-18-110200.png", "title": "Bitcoin price analysis: BTC breaks $40,000, selloff set to continue?\u00a0", "text": "TL;DR Breakdown Bitcoin price analysis is bearish today. BTC/USD continued to decline over the last 24 hours.", "source_name": "Cryptopolitan", "date": "Fri, 18 Feb 2022 11:14:27 -0500", "topics": ["tanalysis"], "sentiment": "Negative", "type": "Article", "tickers": ["BTC"]}, {"news_url": "https://www.trustnodes.com/2022/02/18/bitcoin-drops-below-40000-as-russian-backed-forces-order-evacuation", "image_url": "https://crypto.snapi.dev/images/v1/q/p/donetsk-evacuation-feb-2022-110199.jpg", "title": "Bitcoin Drops Below $40,000 as Russian Backed Forces Order Evacuation", "text": "Bitcoin fell to $39,600 before bouncing to $40,500 with it down again to $39,800 while tensions in Ukraine keep escalating with the Russian controlled Luhansk and Donetsk now being evacuated.", "source_name": "Trustnodes", "date": "Fri, 18 Feb 2022 11:08:16 -0500", "topics": ["paywall"], "sentiment": "Negative", "type": "Article", "tickers": ["BTC"]}, {"news_url": "https://bitcoinmagazine.com/markets/new-law-makes-ukraine-the-future-of-bitcoin", "image_url": "https://crypto.snapi.dev/images/v1/o/q/ukraine-110198.png", "title": "With Cryptocurrency Law Passed, Ukraine Is Now The Future Of The Global Bitcoin Market", "text": "With Ukraine's proposed law recognizing bitcoin and other cryptocurrencies, the stage is set for the country to become a leader in the market.", "source_name": "Bitcoin Magazine", "date": "Fri, 18 Feb 2022 11:07:31 -0500", "topics": [], "sentiment": "Positive", "type": "Article", "tickers": ["BTC"]}, {"news_url": "https://www.cryptopolitan.com/ascendex-hacker-transfers-1-5-m-eth-uniswap/", "image_url": "https://crypto.snapi.dev/images/v1/p/s/ascendex-110197.jpg", "title": "AscendEx hacker transfers over $1.5 million in ETH to Uniswap", "text": "TL;DR Breakdown The hackers who carried out the AscendEx attack have begun moving some of the stolen assets to Uniswap. AscendEX lost over $77.7 million in the hot wallet hack.", "source_name": "Cryptopolitan", "date": "Fri, 18 Feb 2022 11:06:54 -0500", "topics": [], "sentiment": "Negative", "type": "Article", "tickers": ["UNI", "ETH"]}, {"news_url": "https://u.today/2086-million-xrp-shoveled-by-coinbase-rumors-of-possible-xrp-relisting-sparkle?SNAPI", "image_url": "https://crypto.snapi.dev/images/v1/1/2/12791-110246.jpg", "title": "208.6 Million XRP Shoveled by Coinbase: Rumors of Possible XRP Relisting Sparkle", "text": "As Coinbase transferred a significant amount of XRP, some in the community have begun to talk about possible relisting of coin that may happen soon", "source_name": "UToday", "date": "Fri, 18 Feb 2022 11:05:00 -0500", "topics": [], "sentiment": "Positive", "type": "Article", "tickers": ["XRP"]}, {"news_url": "https://www.financemagnates.com/cryptocurrency/fidelity-launches-physically-backed-bitcoin-etp-in-europe/", "image_url": "https://crypto.snapi.dev/images/v1/2/n/fidelity-id-d6963434-16e3-41a1-92fb-18d31cf0926b-size900-110195.jpg", "title": "Fidelity Launches Physically-Backed Bitcoin ETP in Europe", "text": "Fidelity International, a global investment subsidiary business of Fidelity Investments, announced on Thursday that it launched a physical Bitcoin exchange Exchange An exchange is known as a marketplace that supports the trading of derivatives, commodities, securities, and other financial instruments.Generally, an exchange is accessible through a digital platform or sometimes at a tangible address where investors organize to perform trading. Among the chief responsibilities of an exchange would be to uphold honest and fair-trading practices.", "source_name": "FinanceMagnates", "date": "Fri, 18 Feb 2022 11:00:00 -0500", "topics": [], "sentiment": "Positive", "type": "Article", "tickers": ["BTC"]}, {"news_url": "https://cryptopotato.com/btc-price-analysis-bitcoin-dips-below-40k-amid-broader-market-uncertainty-whats-next/", "image_url": "https://crypto.snapi.dev/images/v1/y/h/bitcoinred-1-110048-110183.jpg", "title": "BTC Price Analysis: Bitcoin Dips Below $40k Amid Broader Market Uncertainty, What's Next?", "text": "Despite the relatively positive technical structure in the short time frame and the early signs for a bullish sentiment in the futures market, the macro factors are still acting as a source of uncertainty. Technical Analysis By: Edris Long-Term Bitcoin's price is still consolidating above the $40k mark.", "source_name": "CryptoPotato", "date": "Fri, 18 Feb 2022 10:47:47 -0500", "topics": ["tanalysis"], "sentiment": "Negative", "type": "Article", "tickers": ["BTC"]}, {"news_url": "https://decrypt.co/93257/why-el-salvador-bitcoin-experiment-might-work", "image_url": "https://crypto.snapi.dev/images/v1/3/g/nxxpte2b-gid-4-110178.jpg", "title": "Why El Salvador's Wild Bitcoin Experiment Just Might Work", "text": "Last fall, El Salvador made Bitcoin legal tender. Here's what it looks like now on the ground in one of its beach towns.", "source_name": "Decrypt", "date": "Fri, 18 Feb 2022 10:25:01 -0500", "topics": [], "sentiment": "Neutral", "type": "Article", "tickers": ["BTC"]}, {"news_url": "https://u.today/300-million-worth-of-orders-liquidated-as-bitcoin-plunges-to-40000?SNAPI", "image_url": "https://crypto.snapi.dev/images/v1/7/a/12787-110177.jpg", "title": "$300 Million Worth of Orders Liquidated as Bitcoin Plunges to $40,000", "text": "Thousands of orders were liquidated after a massive Bitcoin plunge to $40,000", "source_name": "UToday", "date": "Fri, 18 Feb 2022 10:23:00 -0500", "topics": [], "sentiment": "Negative", "type": "Article", "tickers": ["BTC"]}, {"news_url": "https://news.bitcoin.com/bitcoin-ethereum-technical-analysis-btc-drops-to-2-week-low-below-40000/", "image_url": "https://crypto.snapi.dev/images/v1/o/l/shutterstock-1251778594-110176.jpg", "title": "Bitcoin, Ethereum Technical Analysis: BTC Drops to 2-Week Low Below $40,000", "text": "Losses in cryptocurrency markets extended on Friday, with bitcoin falling to multi-week lows in the process. Ethereum was also lower during the session, whilst the global crypto market cap was down 3.70% as of writing. Bitcoin Bitcoin was down for a third consecutive session, as recent bearish pressure continued to intensify on the world's largest [\u2026]", "source_name": "Bitcoin", "date": "Fri, 18 Feb 2022 10:19:30 -0500", "topics": ["tanalysis"], "sentiment": "Negative", "type": "Article", "tickers": ["BTC", "ETH"]}, {"news_url": "https://cryptopotato.com/bitcoin-slides-to-40k-gold-at-8-month-high-on-ukraine-tensions-this-weeks-crypto-recap/", "image_url": "https://crypto.snapi.dev/images/v1/n/x/bitcoingold-min-110174.jpg", "title": "Bitcoin Dipped Below $40K, Gold at 8-Month High on Ukraine Tensions: This Week's Crypto Recap", "text": "The macroeconomic tension took its toll on the markets over the past seven days. Bitcoin dipped below $40K, while gold charted an 8-month high.", "source_name": "CryptoPotato", "date": "Fri, 18 Feb 2022 10:15:56 -0500", "topics": [], "sentiment": "Negative", "type": "Article", "tickers": ["BTC"]}, {"news_url": "https://decrypt.co/93268/bitcoin-falls-below-40000", "image_url": "https://crypto.snapi.dev/images/v1/o/x/bitcoin-crash-gid-4-110171.jpg", "title": "Bitcoin Dips Below $40,000", "text": "The price of Bitcoin briefly dipped below $40,000 today, amid a broader negative run for the leading cryptocurrency.", "source_name": "Decrypt", "date": "Fri, 18 Feb 2022 10:01:40 -0500", "topics": [], "sentiment": "Negative", "type": "Article", "tickers": ["BTC"]}, {"news_url": "https://www.theblockcrypto.com/linked/134735/georgia-becomes-latest-us-state-to-weigh-tax-incentives-for-bitcoin-miners", "image_url": "https://crypto.snapi.dev/images/v1/a/p/20210216-mining-bitcoin-2-generic-800x450-110170.jpg", "title": "Georgia becomes latest US state to weigh tax incentives for Bitcoin miners", "text": "Legislation filed earlier this week indicates that George is the latest US state to consider potential tax incentives for cryptocurrency miners that operate in the state. The post Georgia becomes latest US state to weigh tax incentives for Bitcoin miners appeared first on The Block.", "source_name": "The Block", "date": "Fri, 18 Feb 2022 09:56:59 -0500", "topics": ["mining", "taxes"], "sentiment": "Positive", "type": "Article", "tickers": ["BTC"]}, {"news_url": "https://www.altcoinbuzz.io/cryptocurrency-news/is-ukraine-legalizing-bitcoin-to-protect-its-economy-from-war/", "image_url": "https://crypto.snapi.dev/images/v1/b/i/bitcoin-3-109962-110189.jpeg", "title": "Is Ukraine Legalizing Bitcoin to Protect its Economy From War?", "text": "At the time of writing this article, Ukraine is about to be invaded by Russia where, if executed, the economic consequences for the country could be devastating. According to OEC, In 2019, Ukraine's exports to Russia were $4.69 billion in goods and services where Ukraine's GDP has grown 31% in the last 10 years.", "source_name": "Altcoin Buzz", "date": "Fri, 18 Feb 2022 09:50:40 -0500", "topics": [], "sentiment": "Neutral", "type": "Article", "tickers": ["BTC"]}, {"news_url": "https://cointelegraph.com/news/btc-price-dips-below-40k-as-wall-street-open-spells-pain-for-bitcoin-bulls", "image_url": "https://crypto.snapi.dev/images/v1/e/4/840-ahr0chm6ly9zmy5jb2ludgvszwdyyxbolmnvbs91cgxvywrzlziwmjitmdivodjjzwyzndqtmjnkzs00nwmwlwe1nzqtmwixndviywy1ndlklmpwzw-110168.jpg", "title": "BTC price dips below $40K as Wall Street open spells pain for Bitcoin bulls", "text": "Macro factors finally see $40,000 give way for Bitcoin price action after two weeks above.", "source_name": "Cointelegraph", "date": "Fri, 18 Feb 2022 09:50:00 -0500", "topics": [], "sentiment": "Negative", "type": "Article", "tickers": ["BTC"]}, {"news_url": "https://ambcrypto.com/the-perfect-entry-point-for-xrp-and-why-you-should-wait-no-more/", "image_url": "https://crypto.snapi.dev/images/v1/1/9/pp-2-xrp-cover-110162.jpg", "title": "The perfect entry point for XRP and why you should wait no more", "text": "Recently, the SEC's Gary Gensler was asked for his opinion on whether XRP is an \u2018unregistered security'. While he refused to comment in-depth, he did remark that the SEC was \u2018trying to do is help continue with that basic bargain'.", "source_name": "AMBCrypto", "date": "Fri, 18 Feb 2022 09:30:44 -0500", "topics": [], "sentiment": "Positive", "type": "Article", "tickers": ["XRP"]}, {"news_url": "https://decrypt.co/93256/bitcoins-mining-difficulty-has-hit-all-time-high", "image_url": "https://crypto.snapi.dev/images/v1/6/r/asic-mining-rigs-bitcoin-mining-gid-4-110163.jpg", "title": "Bitcoin's Mining Difficulty Has Hit an All-Time High", "text": "Mining difficulty and hash rate are both on the up despite the leading cryptocurrency dropping 7% over the week.", "source_name": "Decrypt", "date": "Fri, 18 Feb 2022 09:29:42 -0500", "topics": ["mining"], "sentiment": "Positive", "type": "Article", "tickers": ["BTC"]}, {"news_url": "https://www.dcforecasts.com/ethereum-news/falling-ethereum-gas-prices-can-be-attributed-to-nfts-report/", "image_url": "https://crypto.snapi.dev/images/v1/7/c/kanchanara-vcoxl-xp9i0-unsplash-scaled-109903-110161.jpg", "title": "Falling Ethereum Gas Prices Can Be Attributed To NFTs: Report", "text": "The Falling Ethereum gas prices could be due to the rise of popularity in NFTs but let's find out more broadly why is that the case in the upcoming Ethereum news today. Ethereum gas fees recorded huge prices just to approve a transaction on the network but now we are seeing a sub-$10 move or [\u2026]", "source_name": "DCForecasts", "date": "Fri, 18 Feb 2022 09:27:16 -0500", "topics": ["NFT"], "sentiment": "Neutral", "type": "Article", "tickers": ["ETH"]}, {"news_url": "https://www.reuters.com/technology/fidelity-launches-its-first-bitcoin-exchange-traded-product-europe-2022-02-18/", "image_url": "https://crypto.snapi.dev/images/v1/b/p/hr672kk3rjm6bducnn4kg357fa-110160.jpg", "title": "Fidelity launches its first bitcoin exchange-traded product in Europe", "text": "Fidelity International has launched its first investment product that tracks bitcoin in Europe, as the British investment manager taps into rising demand for exposure to digital currencies.", "source_name": "Reuters", "date": "Fri, 18 Feb 2022 09:24:43 -0500", "topics": [], "sentiment": "Positive", "type": "Article", "tickers": ["BTC"]}, {"news_url": "https://www.newsbtc.com/news/pantera-predicts-correlation-between-bitcoin-and-traditional-markets-might-break/", "image_url": "https://crypto.snapi.dev/images/v1/y/a/pantera-110159.jpg", "title": "Pantera Predicts Correlation Between Bitcoin And Traditional Markets Might Break This Spring", "text": "In a recent call with investors, executives from the crypto hedge fund Pantera Capital said they believe DeFi assets such as Ethereum could soon break out of their current correlation to traditional macro markets. The market has seen increasing similarities between these two spaces recently.", "source_name": "NewsBTC", "date": "Fri, 18 Feb 2022 09:22:15 -0500", "topics": [], "sentiment": "Neutral", "type": "Article", "tickers": ["BTC"]}, {"news_url": "https://coinpedia.org/ethereum/ethereum-found-hits-bottom-at-2200/", "image_url": "https://crypto.snapi.dev/images/v1/6/y/6yh322-110157.", "title": "Ethereum Found Hits Bottom at $2200 , Will ETH Price Stay Above $2k In Coming Days?", "text": "Another wave of risk-off tendencies hit the financial market, which caused a major drop in the cryptocurrency market, with Bitcoin losing almost $4,000 from its value and dropping to $40,000. But while most altcoins are trying to recover from a flash-crash. Ethereum price fell below $3,000 on Thursday morning. The altcoin had remained mostly over \u2026", "source_name": "CoinPedia", "date": "Fri, 18 Feb 2022 09:21:41 -0500", "topics": [], "sentiment": "Negative", "type": "Article", "tickers": ["ETH"]}, {"news_url": "https://bitcoinmagazine.com/business/at-home-bitcoin-mining-is-surging", "image_url": "https://crypto.snapi.dev/images/v1/b/x/the-popularity-of-retail-bitcoin-mining-is-surging-110150.png", "title": "The Popularity Of Retail Bitcoin Mining Is Surging", "text": "Despite the bitcoin price remaining far from its all-time high, social data demonstrates that retail interest in mining bitcoin is surging.", "source_name": "Bitcoin Magazine", "date": "Fri, 18 Feb 2022 09:10:09 -0500", "topics": ["mining"], "sentiment": "Positive", "type": "Article", "tickers": ["BTC"]}, {"news_url": "https://cointelegraph.com/news/u-s-inflation-breaks-40-year-record-can-bitcoin-serve-as-a-hedge-asset", "image_url": "https://crypto.snapi.dev/images/v1/n/9/840-ahr0chm6ly9zmy5jb2ludgvszwdyyxbolmnvbs91cgxvywrzlziwmjitmdivzjjhzgzimjatmjk3my00mgvmlwjiotmtnwizm2u5mgq0zjdjlmpwzw-110149.jpg", "title": "U.S. inflation breaks 40-year record: Can Bitcoin serve as a hedge asset?", "text": "Many have likened BTC's anti-inflation properties to those of gold, but there are important differences between the two assets.", "source_name": "Cointelegraph", "date": "Fri, 18 Feb 2022 09:08:00 -0500", "topics": [], "sentiment": "Neutral", "type": "Article", "tickers": ["BTC"]}, {"news_url": "https://cointelegraph.com/news/xrp-mega-whales-scoop-up-over-700m-in-second-biggest-accumulation-spree-in-history", "image_url": "https://crypto.snapi.dev/images/v1/o/a/840-ahr0chm6ly9zmy5jb2ludgvszwdyyxbolmnvbs91cgxvywrzlziwmjitmdivngu1zjfhn2ytyzgwmc00nzi4ltk3ndgtnmy4mtvlnmzlnte4lmpwzw-110147.jpg", "title": "XRP 'mega whales' scoop up over $700M in second-biggest accumulation spree in history", "text": "The so-called \"mega whales\" have accumulated over $712 million worth of XRP tokens since December 2021.", "source_name": "Cointelegraph", "date": "Fri, 18 Feb 2022 09:05:00 -0500", "topics": ["whales"], "sentiment": "Positive", "type": "Article", "tickers": ["XRP"]}, {"news_url": "https://cointelegraph.com/news/crypto-community-condemns-canada-for-freezing-dissidents-bitcoin-wallets", "image_url": "https://crypto.snapi.dev/images/v1/r/i/840-ahr0chm6ly9zmy5jb2ludgvszwdyyxbolmnvbs91cgxvywrzlziwmjitmdivmjkxztqyzdgtmzm5ys00ztrlltlkodytnweynjm0nwzjzwi1lmpwzw-110138.jpg", "title": "Crypto community condemns Canada for freezing dissidents' Bitcoin wallets", "text": "Kraken CEO admitted that the firm could be forced to freeze some wallets by police, advising to move crypto out of exchanges.", "source_name": "Cointelegraph", "date": "Fri, 18 Feb 2022 08:34:41 -0500", "topics": [], "sentiment": "Neutral", "type": "Article", "tickers": ["BTC"]}, {"news_url": "https://invezz.com/news/2022/02/18/fidelity-launches-bitcoin-etp/", "image_url": "https://crypto.snapi.dev/images/v1/a/w/icap-and-fidelity-team-up-to-launch-a-new-trading-platform-for-cryptocurrencies-110135.jpg", "title": "Fidelity launches Bitcoin ETP", "text": "To meet increased digital asset demand from European investors, Fidelity International has brought a physical Bitcoin (BTC/USD) exchange traded product to market, FT reported. The Bitcoin ETP's custodian will be Fidelity Digital Assets, the digital assets arm of US-based Fidelity Investments. This development follows a similar move by Invesco. Three months ago, they launched a [\u2026] The post Fidelity launches Bitcoin ETP appeared first on Invezz.", "source_name": "Invezz", "date": "Fri, 18 Feb 2022 08:25:26 -0500", "topics": [], "sentiment": "Positive", "type": "Article", "tickers": ["BTC"]}, {"news_url": "https://invezz.com/news/2022/02/18/xrp-primed-for-a-recovery-to-1-amid-major-development-in-sec-case/", "image_url": "https://crypto.snapi.dev/images/v1/d/h/xrp-740x416-110129.jpg", "title": "XRP primed for a recovery to $1 amid major development in SEC case", "text": "The price of XRP/USD is primed for a bold recovery. While the market uncertainty is still there, the token could create a bullish flag as the market eagerly waits for a major development in Ripple's case with the US Securities and Exchange Commission (SEC). XRP eyes $1 Currently, XRP is on a downtrend. If the [\u2026] The post XRP primed for a recovery to $1 amid major development in SEC case appeared first on Invezz.", "source_name": "Invezz", "date": "Fri, 18 Feb 2022 08:20:30 -0500", "topics": ["regulations"], "sentiment": "Positive", "type": "Article", "tickers": ["XRP"]}, {"news_url": "https://www.benzinga.com/markets/cryptocurrency/22/02/25710813/is-bitcoin-a-climate-crisis-heres-what-intels-ceo-says?SNAPI", "image_url": "https://crypto.snapi.dev/images/v1/a/t/a-0-110130.jpeg", "title": "Is Bitcoin A 'Climate Crisis'? Here's What Intel's CEO Says", "text": "Intel Corporation (NASDAQ: INTC) CEO Patrick Gelsinger took aim at Bitcoin's (CRYPTO: BTC) detrimental impact on the environment.", "source_name": "Benzinga", "date": "Fri, 18 Feb 2022 08:15:00 -0500", "topics": [], "sentiment": "Negative", "type": "Article", "tickers": ["BTC"]}, {"news_url": "https://www.cryptopolitan.com/ethereum-price-analysis-2022-02-18/", "image_url": "https://crypto.snapi.dev/images/v1/i/g/ethereum-price-analysis-2022-02-18-110127.png", "title": "Ethereum price analysis: ETH drops to $2,850 major support, break lower today?", "text": "TL;DR Breakdown Ethereum price analysis is bearish today. ETH/USD continued to decline yesterday.", "source_name": "Cryptopolitan", "date": "Fri, 18 Feb 2022 08:12:54 -0500", "topics": ["tanalysis"], "sentiment": "Negative", "type": "Article", "tickers": ["ETH"]}, {"news_url": "https://www.benzinga.com/markets/cryptocurrency/22/02/25711824/ripple-xrp-seesaw-protocol-ssw-cryptos-to-watch-out-for?SNAPI", "image_url": "https://crypto.snapi.dev/images/v1/3/e/3edde3-110125.", "title": "Ripple (XRP) & Seesaw Protocol (SSW) \u2013 Cryptos to Watch Out For?", "text": "This post contains sponsored advertising content. This content is for informational purposes only and not intended to be investing advice.", "source_name": "Benzinga", "date": "Fri, 18 Feb 2022 08:05:00 -0500", "topics": [], "sentiment": "Neutral", "type": "Article", "tickers": ["SSW", "XRP"]}, {"news_url": "https://dailyhodl.com/2022/02/18/analyst-benjamin-cowen-updates-outlook-for-bitcoin-outlines-best-case-scenario-for-btc-this-quarter/", "image_url": "https://crypto.snapi.dev/images/v1/4/g/outlines-best-case-btcjpgfit10242c600ssl1-110121.jpg", "title": "Analyst Benjamin Cowen Updates Outlook for Bitcoin, Outlines Best-Case Scenario for BTC This Quarter", "text": "A widely followed crypto analyst is assessing where Bitcoin (BTC) stands halfway through the first quarter of 2022 as well as when crypto investors might expect to see a rally for altcoins. In a new strategy session, Benjamin Cowen tells his 712,000 YouTube subscribers that while he's not particularly bullish on Bitcoin in the short [\u2026] The post Analyst Benjamin Cowen Updates Outlook for Bitcoin, Outlines Best-Case Scenario for BTC This Quarter appeared first on The Daily Hodl.", "source_name": "The Daily Hodl", "date": "Fri, 18 Feb 2022 07:45:34 -0500", "topics": [], "sentiment": "Negative", "type": "Article", "tickers": ["BTC"]}, {"news_url": "https://coinpedia.org/bitcoin/bitcoin-btc-price-breaching-to-33k-level/", "image_url": "https://crypto.snapi.dev/images/v1/m/2/market-update-1-109528-109754-110120.jpg", "title": "These Metrics Hinting Bitcoin (BTC) Price Breaching To $33k Level, Is 20% Correction Inevitable?", "text": "The cryptosphere has revolved back to the lows of the price projections, as a result, the market charts have been painted in red. The turbulence has persuaded the crypto market cap to shed 5.8% of gains over the day to $1.94 Trillion. The price tag of the star crypto Bitcoin is now discounted by 6.6% \u2026", "source_name": "CoinPedia", "date": "Fri, 18 Feb 2022 07:45:19 -0500", "topics": [], "sentiment": "Negative", "type": "Article", "tickers": ["BTC"]}, {"news_url": "https://coinpedia.org/price-analysis/ripplexrp-price-at-crucial-phase-this-move-will-decide-20-upswing-or-downtrend/", "image_url": "https://crypto.snapi.dev/images/v1/o/m/ripple-price-analysis-2022-02-13-108351-110119.png", "title": "Ripple(XRP) Price At Crucial Phase : This Move Will Decide 20% Upswing or Downtrend!", "text": "Yet the crypto space has again plunged hard as the market capitalization has plummeted more than 4.44%. While Bitcoin price is hovering around $40,000 and Ethereum price around $2900, the market sentiments turn somewhat bearish. No doubt at the present time, a slight recovery is witnessed, and hence the top 6th asset, Ripple(XRP) price is \u2026", "source_name": "CoinPedia", "date": "Fri, 18 Feb 2022 07:39:44 -0500", "topics": [], "sentiment": "Neutral", "type": "Article", "tickers": ["XRP"]}, {"news_url": "https://bitcoinist.com/loaded-wsj-article-el-salvador-bitcoin-adoption/", "image_url": "https://crypto.snapi.dev/images/v1/h/2/container-gc91ec0e18-1280-640x401-110115.jpg", "title": "How Loaded Is The WSJ's Latest Article On El Salvador's Bitcoin Adoption? VERY", "text": "The WSJ proves once again that the Bitcoin Law in El Salvador is still the story of the century. Their latest article about it is\u2026 a little one-sided.", "source_name": "Bitcoinist", "date": "Fri, 18 Feb 2022 07:30:58 -0500", "topics": [], "sentiment": "Neutral", "type": "Article", "tickers": ["BTC"]}], "total_pages": 39}