{"data": [{"news_url": "https://www.youtube.com/watch?v=O2G8pFyWrYo", "image_url": "https://crypto.snapi.dev/images/v1/c/6/6214e214f0b06900185ed43dformatjpeg-111210-111434.jpg", "title": "BTC-Implied Volatility Stays Relatively Low Despite Rising Inflations and Russia-Ukraine Tensions", "text": "The market thinks volatility will be over the coming 30 days on an option with its strike price around where the market is trading, based on this one-month, at-the-money, implied volatility chart. CoinDesk's Lawrence Lewitinn breaks down the chart of the day.", "source_name": "Coindesk", "date": "Tue, 22 Feb 2022 18:22:36 -0500", "topics": [], "sentiment": "Negative", "type": "Video", "tickers": ["BTC"]}, {"news_url": "https://dailyhodl.com/2022/02/22/top-crypto-analyst-predicts-prolonged-correction-for-ethereum-says-eth-continues-to-flash-signs-of-weakness/", "image_url": "https://crypto.snapi.dev/images/v1/a/r/prolonged-correction-ethjpgfit10242c600ssl1-111436.jpg", "title": "Top Crypto Analyst Predicts Prolonged Correction for Ethereum, Says ETH Continues To Flash Signs of Weakness", "text": "Widely followed crypto analyst Benjamin Cowen believes the corrective period for Ethereum (ETH) is still not over. In a new strategy session, Cowen tells his 713,000 YouTube subscribers that he's closely watching Ethereum's reaction as it approaches a bull market support band. The bull market support band is a technical indicator that combines the 20-week [\u2026] The post Top Crypto Analyst Predicts Prolonged Correction for Ethereum, Says ETH Continues To Flash Signs of Weakness appeared first on The Daily Hodl.", "source_name": "The Daily Hodl", "date": "Tue, 22 Feb 2022 18:05:27 -0500", "topics": [], "sentiment": "Negative", "type": "Article", "tickers": ["ETH"]}, {"news_url": "https://dailyhodl.com/2022/02/22/underwater-traders-could-ignite-bitcoin-sell-off-according-to-crypto-insights-firm-glassnode/", "image_url": "https://crypto.snapi.dev/images/v1/a/z/underwater-traders-ignite-btcjpgfit10242c600ssl1-111437.jpg", "title": "Underwater Traders Could Ignite Bitcoin Sell-Off, According to Crypto Insights Firm Glassnode", "text": "A top crypto analytics firm says that Bitcoin (BTC) traders who are currently at a loss may drive the next BTC sell-off. According to the latest Glassnode\u00a0analysis, underwater traders are under the most pressure to sell their assets and possibly ignite a bear market. \u201cAs the prevailing downtrend deepens, the probability of a more sustained [\u2026] The post Underwater Traders Could Ignite Bitcoin Sell-Off, According to Crypto Insights Firm Glassnode appeared first on The Daily Hodl.", "source_name": "The Daily Hodl", "date": "Tue, 22 Feb 2022 18:01:27 -0500", "topics": [], "sentiment": "Negative", "type": "Article", "tickers": ["BTC"]}, {"news_url": "https://www.newsbtc.com/analysis/eth/bearish-signal-ethereum-exchange-balances-touch-3-month-high/", "image_url": "https://crypto.snapi.dev/images/v1/g/4/eth-111424.jpeg", "title": "Bearish Signal: Ethereum Exchange Balances Touch 3-Month High", "text": "Ethereum had seen its balances on exchanges decline through 2021. This happened despite continuous market rallies that sent the digital asset towards all-time highs.", "source_name": "NewsBTC", "date": "Tue, 22 Feb 2022 18:00:28 -0500", "topics": [], "sentiment": "Negative", "type": "Article", "tickers": ["ETH"]}, {"news_url": "https://bitcoinist.com/bitcoin-inflows-on-the-rise/", "image_url": "https://crypto.snapi.dev/images/v1/l/n/bitcoin-1-640x360-111425.jpeg", "title": "Bitcoin Inflows On The Rise Despite Declining Prices", "text": "Bitcoin has declined o the $37,000 price range signaling what might be the beginning of another stretched-out bear market. The trend keeps pointing towards further downside as investors become warier of the market.", "source_name": "Bitcoinist", "date": "Tue, 22 Feb 2022 18:00:25 -0500", "topics": [], "sentiment": "Positive", "type": "Article", "tickers": ["BTC"]}, {"news_url": "https://www.newsbtc.com/news/bitcoin/bitcoin-bloodbath-continues-bears-grip-put-in-extreme-fear-territory/", "image_url": "https://crypto.snapi.dev/images/v1/7/g/bitcoin-bloomberg-1200-111422.jpg", "title": "Bitcoin Bloodbath Continues, Bears Grip Put in Extreme Fear Territory", "text": "To the sound of war drums between Russia and Ukraine, Bitcoin continued its downward spiral on Monday. Over the weekend, the digital currency par excellence lost crucial support below $40,000, and on Monday, it made a low below the next control zone at $37,000.", "source_name": "NewsBTC", "date": "Tue, 22 Feb 2022 18:00:19 -0500", "topics": [], "sentiment": "Negative", "type": "Article", "tickers": ["BTC"]}, {"news_url": "https://bitcoinmagazine.com/culture/how-you-can-explain-bitcoin-better", "image_url": "https://crypto.snapi.dev/images/v1/g/2/okcoin-pledges-1000-btc-to-bitcoin-devs-111423.jpg", "title": "How You Can Better Explain Bitcoin To Newcomers", "text": "What steps can Bitcoiners take to best explain the technology in ways that are digestible and measurable by everyone?", "source_name": "Bitcoin Magazine", "date": "Tue, 22 Feb 2022 18:00:00 -0500", "topics": [], "sentiment": "Neutral", "type": "Article", "tickers": ["BTC"]}, {"news_url": "https://www.cryptoglobe.com/latest/2022/02/shark-tank-star-explains-how-bitcoin-btc-price-could-reach-300000/", "image_url": "https://crypto.snapi.dev/images/v1/u/0/executium-lta5b8mpytw-unsplash-111421.jpg", "title": "\u2018Shark Tank' Star Explains How Bitcoin ($BTC) Price Could Reach $300,000", "text": "Kevin O'Leary, a celebrity investor known as \u201cMr. Wonderful\u201d on ABC TV series \u201cShark Tank,\u201d has explained he sees the price of the flagship cryptocurrency bitcoin ($BTC) hitting $300,000 once regulators in the U.S. \u201crule on cryptocurrencies.\u201d During an interview with Stansberry Research, O'Leary first mentioned inflation in the U.S. hit its highest level in [\u2026]", "source_name": "CryptoGlobe", "date": "Tue, 22 Feb 2022 17:50:00 -0500", "topics": [], "sentiment": "Positive", "type": "Article", "tickers": ["BTC"]}, {"news_url": "https://invezz.com/news/2022/02/22/over-30-of-bitcoin-supply-now-in-loss-amid-crypto-price-rot/", "image_url": "https://crypto.snapi.dev/images/v1/x/a/120393253-s-111418.jpg", "title": "Over 30% of Bitcoin supply now in loss amid crypto price rot", "text": "Bitcoin's recent struggle since dipping below has seen more of the coin's supply shift from a position of profitability, with 30%+ of supply in a loss. The cryptocurrency is trying to bounce above support-turned-resistance level around $38k, having fluctuated to lows of $36,350 amid broader market sell-off early Tuesday, According to on-chain analytics platform Glassnode, [\u2026] The post Over 30% of Bitcoin supply now in loss amid crypto price rot appeared first on Invezz.", "source_name": "Invezz", "date": "Tue, 22 Feb 2022 17:33:36 -0500", "topics": [], "sentiment": "Negative", "type": "Article", "tickers": ["BTC"]}, {"news_url": "https://www.benzinga.com/markets/cryptocurrency/22/02/25768294/solana-is-at-a-key-area-on-the-chart-and-wants-to-reverse-whats-next?SNAPI", "image_url": "https://crypto.snapi.dev/images/v1/s/h/shutterstock-1984763987-gid-6-110729-111429.jpg", "title": "Solana Is At A Key Area On The Chart And Wants To Reverse: What's Next?", "text": "Solana (CRYPTO: SOL), a layer one cryptocurrency similar to Ethereum (CRYPTO: ETH), is trading higher Tuesday as it sits near a key level that has been both resistance and support in the past.", "source_name": "Benzinga", "date": "Tue, 22 Feb 2022 17:26:00 -0500", "topics": [], "sentiment": "Positive", "type": "Article", "tickers": ["SOL"]}, {"news_url": "https://bitcoinist.com/ethereum-zksync-tesnet-cheap-network-fees-imminent/", "image_url": "https://crypto.snapi.dev/images/v1/w/o/ethereum-630x420-111411.jpeg", "title": "Ethereum Scalability Solution zkSync Deploys Tesnet, Cheap Network Fees Imminent?", "text": "Per an official press release from its developer Matter Labs, Ethereum's second-layer scalability solution Zero-Knowledge (zk) Sync on its second iteration has been deployed on this network testnet. The first EVM-compatible ZK Rollup to enter this phase, zkSync 2.0 will: (\u2026) allow developers to build and deploy decentralized applications in a low-fee, highly scalable layer-2 [\u2026]", "source_name": "Bitcoinist", "date": "Tue, 22 Feb 2022 17:00:29 -0500", "topics": [], "sentiment": "Neutral", "type": "Article", "tickers": ["ETH"]}, {"news_url": "https://www.youtube.com/watch?v=Q59z-OJQ-4M", "image_url": "https://crypto.snapi.dev/images/v1/f/n/bitcoin-is-not-acting-as-a-safe-haven-amid-global-market-risks-coindesk-editor-111413.jpg", "title": "Bitcoin \u2018is not acting as a safe haven' amid global market risks: CoinDesk editor", "text": "#bitcoin #investing #market CoinDesk Global Macro Editor & CoinDesk TV Anchor Emily Parker joins Yahoo Finance Live to discuss the bitcoin dip amid growing Russia-Uktraine tensions. Don't Miss: Valley of Hype: The Culture That Built Elizabeth Holmes WATCH HERE: https://youtu.be/Sb179GLPNYE Watch the 2021 Berkshire Hathaway Annual Shareholders Meeting on YouTube: https://youtu.be/gx-OzwHpM9k Subscribe to Yahoo Finance: https://yhoo.it/2fGu5Bb About Yahoo Finance: At Yahoo Finance, you get free stock quotes, up-to-date news, portfolio management resources, international market data, social interaction and mortgage rates that help you manage your financial life.", "source_name": "Yahoo Finance", "date": "Tue, 22 Feb 2022 16:57:59 -0500", "topics": [], "sentiment": "Negative", "type": "Video", "tickers": ["BTC"]}, {"news_url": "https://dailyhodl.com/2022/02/22/popular-crypto-analyst-issues-warning-to-bitcoin-bulls-says-latest-btc-dip-could-be-a-trap/", "image_url": "https://crypto.snapi.dev/images/v1/7/f/warning-to-bitcoin-bullsjpgfit10242c600ssl1-111394.jpg", "title": "Popular Crypto Analyst Issues Warning to Bitcoin Bulls, Says Latest BTC Dip Could Be a Trap", "text": "A closely followed crypto strategist says that Bitcoin (BTC) bulls could be in trouble as the latest crypto market dip could be setting up a trap for them. The pseudonymous trader known as Capo tells his 244,000 Twitter subscribers that the top crypto asset by market cap's next support level looks weak and that a [\u2026] The post Popular Crypto Analyst Issues Warning to Bitcoin Bulls, Says Latest BTC Dip Could Be a Trap appeared first on The Daily Hodl.", "source_name": "The Daily Hodl", "date": "Tue, 22 Feb 2022 15:55:16 -0500", "topics": [], "sentiment": "Negative", "type": "Article", "tickers": ["BTC"]}, {"news_url": "https://www.benzinga.com/markets/cryptocurrency/22/02/25763608/ethereum-classic-shows-strength-compared-to-bitcoin-ethereum-heres-what-may-lead-to-a-lift?SNAPI", "image_url": "https://crypto.snapi.dev/images/v1/e/t/ethererum-classic-etc-111393.jpg", "title": "Ethereum Classic Shows Strength Compared To Bitcoin, Ethereum: Here's What May Lead To A Liftoff", "text": "Ethereum Classic (CRYPTO: ETC) was outperforming the apex cryptocurrencies on Tuesday, flying up 8.38% higher at one point, compared to Bitcoin (CRYPTO: BTC) and Ethereum (CRYPTO:", "source_name": "Benzinga", "date": "Tue, 22 Feb 2022 15:55:00 -0500", "topics": [], "sentiment": "Positive", "type": "Article", "tickers": ["BTC", "ETC"]}, {"news_url": "https://ambcrypto.com/xrp-lawsuit-theres-a-pretty-good-chance-sec-will-lose-all-merits/", "image_url": "https://crypto.snapi.dev/images/v1/i/0/gavel-gb873f4116-1280-111382.jpg", "title": "XRP Lawsuit: \u2018There's a pretty good chance SEC will lose all merits'", "text": "Ever since the US Securities and Exchange Commission sued Ripple Labs over selling unregistered securities in the form of their cryptocurrency XRP, the financial community has remained divided over the credibility of the watchdog's allegations. The case has since 2020 seen a number of twists and turns, even as any substantial rulings over the same [\u2026]", "source_name": "AMBCrypto", "date": "Tue, 22 Feb 2022 15:30:04 -0500", "topics": ["regulations"], "sentiment": "Neutral", "type": "Article", "tickers": ["XRP"]}, {"news_url": "https://www.fool.com/investing/2022/02/22/why-solana-chainlink-and-ethereum-plunged-today/", "image_url": "https://crypto.snapi.dev/images/v1/t/o/urlhttps3a2f2fgfoolcdncom2feditorial2fimages2f6672512fcurrency-and-crypto-digitizationjpgw700opresize-111381.jpg", "title": "Why Solana, Chainlink, and Ethereum Plunged Today", "text": "Russia and Canada aren't helping crypto values today.", "source_name": "The Motley Fool", "date": "Tue, 22 Feb 2022 15:27:13 -0500", "topics": [], "sentiment": "Negative", "type": "Article", "tickers": ["ETH", "LINK", "SOL"]}, {"news_url": "https://www.coindesk.com/layer2/2022/02/22/frozen-bitcoin-tied-to-canadian-protests-lands-at-coinbase-cryptocom/", "image_url": "https://crypto.snapi.dev/images/v1/b/i/bitcoindollar-unsplash-14-110652-111083-111388.jpg", "title": "'Frozen' Bitcoin Tied to Canadian Protests Lands at Coinbase, Crypto.Com", "text": "The situation shows the limitations of a government's ability to thwart transactions on decentralized systems \u2013 but also the limitations of those systems to circumvent such sanctions.", "source_name": "Coindesk", "date": "Tue, 22 Feb 2022 15:26:00 -0500", "topics": [], "sentiment": "Neutral", "type": "Article", "tickers": ["BTC"]}, {"news_url": "https://www.cryptoglobe.com/latest/2022/02/dormant-ethereum-whale-moves-its-eth-after-registering-220000-gain/", "image_url": "https://crypto.snapi.dev/images/v1/q/m/jievani-weerasinghe-zhi7m-fxpmu-unsplash-111379.jpg", "title": "Dormant Ethereum Whale Moves Its $ETH After Registering 220,000% Gain", "text": "A dormant Ethereum ($ETH) whale has moved its funds for the first time since 2015, with the transaction sending the funds to an unknown wallet then split the funds into several other wallets, before moving to stake them ahead of the upcoming launch of Ethereum 2.0. The transaction was first spotted by whale monitoring service [\u2026]", "source_name": "CryptoGlobe", "date": "Tue, 22 Feb 2022 15:20:00 -0500", "topics": ["whales"], "sentiment": "Positive", "type": "Article", "tickers": ["ETH"]}, {"news_url": "https://cryptopotato.com/these-signals-put-bitcoin-on-a-bearish-path-according-to-glassnode/", "image_url": "https://crypto.snapi.dev/images/v1/m/r/bearbtc-chart-111375.jpg", "title": "These Signals Put Bitcoin on a Bearish Path According to Glassnode", "text": "The blockchain data provider Glassnode pointed out several factors that indicate the bearish nature of the current digital asset market.", "source_name": "CryptoPotato", "date": "Tue, 22 Feb 2022 15:15:55 -0500", "topics": [], "sentiment": "Negative", "type": "Article", "tickers": ["BTC"]}, {"news_url": "https://www.youtube.com/watch?v=BFPpk7O5V9k", "image_url": "https://crypto.snapi.dev/images/v1/j/k/grayscale-investments-ceo-on-educating-american-investors-about-the-spot-bitcoin-etf-111370.jpg", "title": "Grayscale Investments CEO on Educating American Investors About the Spot Bitcoin ETF", "text": "Grayscale Investments CEO Michael Sonnenshein joins \u201cFirst Mover\u201d to discuss bitcoin's recent price drop and its correlation to the escalating tensions between Russia and Ukraine, looking at the broader trend of geopolitics' influence on the crypto market. Plus, Sonnenshein explains Grayscale's newly launched campaign to educate American investors about their influence on the SEC, encouraging retail traders to advocate for a Spot Bitcoin ETF.", "source_name": "Coindesk", "date": "Tue, 22 Feb 2022 15:06:56 -0500", "topics": [], "sentiment": "Neutral", "type": "Video", "tickers": ["BTC"]}, {"news_url": "https://coingape.com/?p=101658", "image_url": "https://crypto.snapi.dev/images/v1/u/2/bitcoin1-111367.jpeg", "title": "Bitcoin (BTC) Price Prediction: BTC Combats Near $38k, Can It Bounce Back From Here!", "text": "Bitcoin's (BTC) price edges higher on Tuesday in a surprise move as the global risk and volatility refuse to subsides. However, still, with the gains, BTC dropped near to two-week lows.", "source_name": "Coingape", "date": "Tue, 22 Feb 2022 15:01:05 -0500", "topics": [], "sentiment": "Neutral", "type": "Article", "tickers": ["BTC"]}, {"news_url": "https://www.youtube.com/watch?v=y1TCghVRMm0", "image_url": "https://crypto.snapi.dev/images/v1/a/b/bitcoin-plummets-to-two-week-low-as-russia-sends-troops-into-ukraine-cnbc-crypto-world-111372.jpg", "title": "Bitcoin plummets to two-week low as Russia sends troops into Ukraine: CNBC Crypto World", "text": "CNBC Crypto World features the latest news and daily trading updates from the digital currency markets and provides viewers with a look at what's ahead with high-profile interviews, explainers, and unique stories from the ever-changing crypto industry. On today's show, CNBC's MacKenzie Sigalos breaks down the latest price moves amid rising Russia-Ukraine tensions, and Crypto World explores the growing web3 industry.", "source_name": "CNBC Television", "date": "Tue, 22 Feb 2022 15:00:25 -0500", "topics": [], "sentiment": "Negative", "type": "Video", "tickers": ["BTC"]}, {"news_url": "https://beincrypto.com/environmentalists-criticize-use-of-coal-fired-power-station-to-mine-bitcoin/", "image_url": "https://crypto.snapi.dev/images/v1/g/5/coal-bitcoin-mining-111378.png", "title": "Environmentalists Criticize Use of Coal-Fired Power Station to Mine Bitcoin", "text": "Bitcoin mining company Marathon has angered environmentalists by reviving a dying coal-fired power station. The post Environmentalists Criticize Use of Coal-Fired Power Station to Mine Bitcoin appeared first on BeInCrypto.", "source_name": "BeInCrypto", "date": "Tue, 22 Feb 2022 15:00:00 -0500", "topics": [], "sentiment": "Negative", "type": "Article", "tickers": ["BTC"]}, {"news_url": "https://www.cryptopolitan.com/russia-ukraine-crisis-fueling-bitcoin-crash/", "image_url": "https://crypto.snapi.dev/images/v1/r/e/realistic-bearish-price-btcjpgfit10242c600ssl1-111104-111365.jpg", "title": "Russia-Ukraine crisis fueling Bitcoin crash", "text": "TL;DR Breakdown\u00a0 Fears of war between Russia and Ukraine is impacting the global crypto market.\u00a0 Market Volatility Index (VIX) has jumped by 15% since last week.", "source_name": "Cryptopolitan", "date": "Tue, 22 Feb 2022 14:53:51 -0500", "topics": [], "sentiment": "Negative", "type": "Article", "tickers": ["BTC"]}, {"news_url": "https://dailyhodl.com/2022/02/22/ripple-ceo-brad-garlinghouse-says-the-truth-is-out-after-legal-documents-get-unsealed-in-xrp-lawsuit/", "image_url": "https://crypto.snapi.dev/images/v1/i/j/ripple-truth-legaljpgfit10242c600ssl1-111385.jpg", "title": "Ripple CEO Brad Garlinghouse Says the Truth Is Out After Legal Documents Get Unsealed in XRP Lawsuit", "text": "Newly unsealed legal memos indicate Ripple sought legal opinions about XRP's potential to be classified as a security as early as 2012. The U.S. Securities and Exchange Commission (SEC) sued the San Francisco-based company in December of 2020 for allegedly issuing XRP as an unregistered security and says it remains an unregistered security to this [\u2026] The post Ripple CEO Brad Garlinghouse Says the Truth Is Out After Legal Documents Get Unsealed in XRP Lawsuit appeared first on The Daily Hodl.", "source_name": "The Daily Hodl", "date": "Tue, 22 Feb 2022 14:45:22 -0500", "topics": [], "sentiment": "Negative", "type": "Article", "tickers": ["XRP"]}, {"news_url": "https://dailyhodl.com/2022/02/22/california-lawmaker-introduces-bill-for-state-to-accept-crypto-payments/", "image_url": "https://crypto.snapi.dev/images/v1/c/s/california-lawmaker-billjpgfit10242c600ssl1-111386.jpg", "title": "California Lawmaker Introduces Bill for State To Accept Crypto Payments", "text": "A California lawmaker is introducing a state Senate bill seeking to allow Golden State citizens to pay for government services using crypto assets. On February 18, California Senator Sydney Kamlager\u00a0introduced\u00a0a bill allowing state agencies to accept cryptocurrency payments for services. \u201cThis bill would authorize a state agency to accept cryptocurrency as a method of payment [\u2026] The post California Lawmaker Introduces Bill for State To Accept Crypto Payments appeared first on The Daily Hodl.", "source_name": "The Daily Hodl", "date": "Tue, 22 Feb 2022 14:41:59 -0500", "topics": [], "sentiment": "Positive", "type": "Article", "tickers": ["BTC"]}, {"news_url": "https://beincrypto.com/short-term-sellers-drive-the-ongoing-decrease-bitcoin/", "image_url": "https://crypto.snapi.dev/images/v1/n/8/bic-onchain-analysis-bitcoin-111363.png", "title": "Short-Term Sellers Drive the Ongoing Decrease: Bitcoin (BTC) on-Chain Analysis", "text": "BeInCrypto takes a look at Bitcoin (BTC) on-chain indicators that relate to lifespan. More specifically, the Spent Output Age Bands and HODL Waves are analyzed.", "source_name": "BeInCrypto", "date": "Tue, 22 Feb 2022 14:40:00 -0500", "topics": [], "sentiment": "Negative", "type": "Article", "tickers": ["BTC"]}, {"news_url": "https://cointelegraph.com/news/analysts-say-bitcoin-bottom-is-in-as-btc-bounces-back-to-38-000", "image_url": "https://crypto.snapi.dev/images/v1/y/j/840-ahr0chm6ly9zmy5jb2ludgvszwdyyxbolmnvbs91cgxvywrzlziwmjitmdivzjg1zjewyjmtm2u0ns00njzilwfhntmtmduynte2mgjjzta0lmpwzw-111352.jpg", "title": "Analysts say Bitcoin 'bottom is in' as BTC bounces back to $38,000", "text": "Bitcoin price retests a major support/resistance zone at $38,000 as technical analysts and traders suggest that \u201cthe bottom is in.\u201d", "source_name": "Cointelegraph", "date": "Tue, 22 Feb 2022 14:16:54 -0500", "topics": [], "sentiment": "Positive", "type": "Article", "tickers": ["BTC"]}, {"news_url": "https://cryptopotato.com/the-bitcoin-effect-el-salvadors-tourism-sector-up-30-since-btcs-adoption/", "image_url": "https://crypto.snapi.dev/images/v1/g/m/elsalvador-cover-111342.jpg", "title": "The Bitcoin Effect: El Salvador's Tourism Sector Up 30% Since BTC's Adoption", "text": "Thanks to the adoption of bitcoin, El Salvador has become a more attractive tourist destination, Minister Morena Valdez said.", "source_name": "CryptoPotato", "date": "Tue, 22 Feb 2022 14:11:26 -0500", "topics": [], "sentiment": "Positive", "type": "Article", "tickers": ["BTC"]}, {"news_url": "https://www.trustnodes.com/2022/02/22/bitcoin-rises-stocks-volatile-as-sanctions-roll-on-russia", "image_url": "https://crypto.snapi.dev/images/v1/f/i/fifk22-110519-111397.jpg", "title": "Bitcoin Rises, Stocks Volatile as Sanctions Roll on Russia", "text": "Bitcoin fell to almost under $36,000 overnight, but the crypto is up again today to near $38,000 at one point with European stocks just a bit green as well before slightly falling.", "source_name": "Trustnodes", "date": "Tue, 22 Feb 2022 14:11:00 -0500", "topics": [], "sentiment": "Positive", "type": "Article", "tickers": ["BTC"]}, {"news_url": "https://markets.businessinsider.com/news/currencies/dao-hacker-identity-stole-11-billion-2016-ether-revealed-2022-2", "image_url": "https://crypto.snapi.dev/images/v1/k/l/6215215d081b260018405724formatjpeg-111376.jpg", "title": "Crypto journalist says she uncovered the identity of the 2016 DAO hacker who stole $11 billion in ether", "text": "Author Laura Shin said she spent years tracing transactions and reviewing conversations and clues. But the supposed suspect denies the claim.", "source_name": "Business Insider", "date": "Tue, 22 Feb 2022 14:10:00 -0500", "topics": [], "sentiment": "Negative", "type": "Article", "tickers": ["ETH"]}, {"news_url": "https://bitcoinmagazine.com/business/sling-tv-to-accept-bitcoin-as-payment", "image_url": "https://crypto.snapi.dev/images/v1/s/f/bitcoin-accepted-as-payment-option-by-major-us-electronics-company-111337.jpg", "title": "Sling TV to Accept Bitcoin as Payment", "text": "Sling TV is now accepting bitcoin payments for their personalized television streaming services.", "source_name": "Bitcoin Magazine", "date": "Tue, 22 Feb 2022 14:06:57 -0500", "topics": [], "sentiment": "Positive", "type": "Article", "tickers": ["BTC"]}, {"news_url": "https://www.newsbtc.com/news/bitcoin/30-bitcoin-supply-enters-losses-price-decline/", "image_url": "https://crypto.snapi.dev/images/v1/i/f/thomas-lefebvre-arxpjnxq9lu-unsplash-111208-111334.jpg", "title": "30% Of Bitcoin Supply Enters Into Loss As Price Continues Decline", "text": "On-chain data reveals more than 30% of the Bitcoin supply has entered into losses as the price of the crypto continues to decline. Less Than 70% Of Bitcoin Entities Are Now In Profit As per the latest weekly report from Glassnode, the percentage of BTC entities in profit has severely dropped recently as the value now oscillates between 76% and 65%.", "source_name": "NewsBTC", "date": "Tue, 22 Feb 2022 14:00:51 -0500", "topics": [], "sentiment": "Negative", "type": "Article", "tickers": ["BTC"]}, {"news_url": "https://bitcoinist.com/new-nvidia-rtx-lhr-unlocker-100-ethereum-hashrate/", "image_url": "https://crypto.snapi.dev/images/v1/a/u/farm-gec4c9d4f1-1920-630x420-111335.jpg", "title": "New Nvidia RTX LHR Unlocker Opens Up 100% Of Ethereum Hashrate", "text": "Info about an upcoming LHR unlocker for the Nvidia RTX 30 series claims that the software unlocks 100% of the Ethereum mining hashrate. Nvidia's LHR Completely Unlocked, Claims Yet Unreleased Software A new hashrate unlocker for mining Ethereum and other coins on Nvidia's RTX 30 series has surfaced up, and it makes some interesting claims.", "source_name": "Bitcoinist", "date": "Tue, 22 Feb 2022 14:00:26 -0500", "topics": [], "sentiment": "Neutral", "type": "Article", "tickers": ["ETH"]}, {"news_url": "https://www.fool.com/investing/2022/02/22/the-market-is-down-but-xrp-plummets-more-than-10-t/", "image_url": "https://crypto.snapi.dev/images/v1/x/r/xrp-logo-featured-108262-111351.png", "title": "The Market Is Down, But XRP Plummets More Than 10% Today", "text": "Market forces are very strong in the crypto world, driving tokens with catalysts such as XRP substantially lower today.", "source_name": "The Motley Fool", "date": "Tue, 22 Feb 2022 14:00:00 -0500", "topics": [], "sentiment": "Negative", "type": "Article", "tickers": ["XRP"]}, {"news_url": "https://news.bitcoin.com/technical-analysis-xrp-falls-10-as-anc-climbs-higher/", "image_url": "https://crypto.snapi.dev/images/v1/a/8/shutterstock-2013755540-111329.jpg", "title": "Technical Analysis: XRP Falls 10%, as ANC Climbs Higher", "text": "XRP fell by over 10% on Tuesday, as bearish pressure once again intensified in crypto markets. As of writing, the global cryptocurrency market capitalization was almost 5% lower, following marginal gains this morning. Biggest gainers The bleeding in crypto markets continued this afternoon, as such, it was difficult to find any remaining bulls due to [\u2026]", "source_name": "Bitcoin", "date": "Tue, 22 Feb 2022 13:39:52 -0500", "topics": ["tanalysis"], "sentiment": "Neutral", "type": "Article", "tickers": ["XRP", "ANC"]}, {"news_url": "https://cointelegraph.com/news/grayscale-launches-campaign-to-encourage-public-comments-on-bitcoin-etf-application", "image_url": "https://crypto.snapi.dev/images/v1/r/g/840-ahr0chm6ly9zmy5jb2ludgvszwdyyxbolmnvbs91cgxvywrzlziwmjitmdivzgy5otzjmtytndcwmy00nmfklwewzjitywvkyjbjmjbhywm0lmpwzw-111328.jpg", "title": "Grayscale launches campaign to encourage public comments on Bitcoin ETF application", "text": "\u201cThis campaign aims to educate and inspire the investment community to take action and make their voices heard on this historic decision,\u201d said Michael Sonnenshein.", "source_name": "Cointelegraph", "date": "Tue, 22 Feb 2022 13:35:00 -0500", "topics": [], "sentiment": "Positive", "type": "Article", "tickers": ["BTC"]}, {"news_url": "https://investorplace.com/2022/02/3-altcoins-to-buy-that-can-survive-and-thrive-despite-a-crypto-crash/", "image_url": "https://crypto.snapi.dev/images/v1/9/f/crypto3-111325.jpg", "title": "3 Altcoins to Buy That Can Survive and Thrive Despite a Crypto Crash", "text": "Investors are seeking out altcoins to buy with enough strength to withstand an increasingly volatile 2022.", "source_name": "Investorplace", "date": "Tue, 22 Feb 2022 13:27:32 -0500", "topics": [], "sentiment": "Positive", "type": "Article", "tickers": ["DAI", "ETH", "LUNA"]}, {"news_url": "https://coingape.com/?p=101655", "image_url": "https://crypto.snapi.dev/images/v1/g/v/4tmampj1-us-judge-denies-request-to-add-xrp-holders-as-intervenors-in-secs-lawsuit-against-ripple-111323.webp", "title": "Ripple (XRP) Price Prediction: XRP Face 20% Downside Risk, Trade Below $0.65 A Sign To Worry", "text": "Ripple's (XRP) price move sideways with no meaningful price action on Tuesday. XRP price has been consolidating near the crucial support level.", "source_name": "Coingape", "date": "Tue, 22 Feb 2022 13:26:46 -0500", "topics": [], "sentiment": "Negative", "type": "Article", "tickers": ["XRP"]}, {"news_url": "https://bitcoinmagazine.com/markets/brazil-takes-first-step-to-regulate-bitcoin", "image_url": "https://crypto.snapi.dev/images/v1/y/c/snapcard-ceo-2016-will-be-a-humongous-year-for-bitcoin-in-brazil-111321.jpg", "title": "Brazil Takes First Step To Regulate Bitcoin", "text": "The Senate's economic affairs committee unanimously approved a bill that seeks to regulate the day-to-day usage of bitcoin in financial transactions.", "source_name": "Bitcoin Magazine", "date": "Tue, 22 Feb 2022 13:17:49 -0500", "topics": ["regulations"], "sentiment": "Neutral", "type": "Article", "tickers": ["BTC"]}, {"news_url": "https://beincrypto.com/tenx-ceo-toby-hoenisch-named-as-11-billion-ethereum-dao-hacker/", "image_url": "https://crypto.snapi.dev/images/v1/w/j/tenx-hack-111322.png", "title": "TenX CEO Toby Hoenisch Named as $11 Billion Ethereum DAO Hacker", "text": "The man responsible for hacking Ethereum DAO has been named as former TenX CEO Toby Hoenisch. The 2016 hack resulted in a controversial Ethereum hard fork that rolled back the network so stolen funds could be returned to users.", "source_name": "BeInCrypto", "date": "Tue, 22 Feb 2022 13:15:00 -0500", "topics": [], "sentiment": "Negative", "type": "Article", "tickers": ["ETH"]}, {"news_url": "https://cryptonews.com/news/could-crypto-regulations-great-for-holders-of-ethereum-eth-binance-bnb-huh-token-huh.htm", "image_url": "https://crypto.snapi.dev/images/v1/c/4/picture1-111318.jpg", "title": "Could Crypto Regulations Be Great For Holders Of Ethereum (ETH), Binance (BNB) And HUH Token (HUH)?", "text": "Disclaimer: The text below is an advertorial article that was not written by Cryptonews.com journalists.", "source_name": "Cryptonews", "date": "Tue, 22 Feb 2022 13:01:00 -0500", "topics": ["regulations"], "sentiment": "Positive", "type": "Article", "tickers": ["BNB", "ETH", "HUH"]}, {"news_url": "https://www.newsbtc.com/news/bitcoin/why-bitcoin-wont-crack-over-fresh-bear-assault-next-potential-target-for-btc/", "image_url": "https://crypto.snapi.dev/images/v1/e/u/bitcoin-2-111315.jpeg", "title": "Why Bitcoin Won't Crack Over Fresh Bear Assault, Next Potential Target For BTC", "text": "Bitcoin continues to trade to the downside after it was rejected at around $45,000 last week. The crypto market, in general, has been following a downtrend with Ethereum (ETH), Binance Coin (BNB), XRP, Cardano (ADA), and others recoding over 10% losses in the past 7-days.", "source_name": "NewsBTC", "date": "Tue, 22 Feb 2022 13:00:56 -0500", "topics": [], "sentiment": "Negative", "type": "Article", "tickers": ["BTC"]}, {"news_url": "https://bitcoinist.com/ethereum-2016-dao-hacker-doxxed-this-tool-identity/", "image_url": "https://crypto.snapi.dev/images/v1/y/n/hacker-bitc-pr-300x225-111316.jpg", "title": "Ethereum DAO Hacker Doxxed? How This Chainalysis Tool Led To His Identity", "text": "Reporter Laura Shin shared new information related to the mythical 2016 Ethereum DAO hack. As part of a larger investigation for her new book, Shin claims a long-rumored Chainalysis tool tracked down the identity of the bad actor.", "source_name": "Bitcoinist", "date": "Tue, 22 Feb 2022 13:00:12 -0500", "topics": [], "sentiment": "Negative", "type": "Article", "tickers": ["ETH"]}, {"news_url": "https://cryptodaily.co.uk/2022/02/btc-usd-struggling-to-gain-upside-traction-sally-ho-technical-analysis-23-february-2022-btc-bitcoin", "image_url": "https://crypto.snapi.dev/images/v1/i/f/107005776-1643087617730-gettyimages-1237955656-20090101220124-99-833573-111084-111314.jpeg", "title": "BTC/USD Struggling to Gain Upside Traction: Sally Ho's Technical Analysis 23 February 2022 BTC", "text": "Bitcoin (BTC/USD) experienced increased volatility early in the Asian session as the pair remained on the defensive following recent strong selling pressure from the 44775.96 area that preceded a collapse to the 37215.21 level.\u00a0 Stops were elected below the 37689 level during the sharp depreciation early this week, representing the 61.8% retracement of the appreciating range from 32933.33 to 45855.", "source_name": "Crypto Daily", "date": "Tue, 22 Feb 2022 13:00:00 -0500", "topics": ["tanalysis"], "sentiment": "Negative", "type": "Article", "tickers": ["BTC"]}, {"news_url": "https://dailyhodl.com/2022/02/22/bloomberg-analyst-says-geopolitical-tension-could-benefit-the-us-dollar-bitcoin-btc-and-ethereum-eth/", "image_url": "https://crypto.snapi.dev/images/v1/s/7/tensions-benefit-btc-ethjpgfit10242c600ssl1-111327.jpg", "title": "Bloomberg Analyst Says Geopolitical Tension Could Benefit the US Dollar, Bitcoin (BTC) and Ethereum (ETH)", "text": "Bloomberg's senior commodity strategist thinks current geopolitical tension in Eastern Europe and the current macroeconomic backdrop may not be a bad thing for Bitcoin (BTC) and Ethereum (ETH). Mike McGlone says on Twitter that the current macroeconomic environment including rising inflation and asset prices may keep the values of Bitcoin and Ethereum afloat this year. [\u2026] The post Bloomberg Analyst Says Geopolitical Tension Could Benefit the US Dollar, Bitcoin (BTC) and Ethereum (ETH) appeared first on The Daily Hodl.", "source_name": "The Daily Hodl", "date": "Tue, 22 Feb 2022 12:55:53 -0500", "topics": [], "sentiment": "Positive", "type": "Article", "tickers": ["BTC", "ETH"]}, {"news_url": "https://ambcrypto.com/the-case-for-bitcoin-possibly-recovering-by-8-in-the-next-three-days/", "image_url": "https://crypto.snapi.dev/images/v1/k/m/kanchanara-lta5b8mpytw-unsplash-111304.jpg", "title": "The case for Bitcoin possibly recovering by 8% in the next three days", "text": "Bitcoin, along with the rest of the market, had recovered slightly at press time. However, the suggestion comes from the fact that at the moment, market and investors are flashing certain signals that are similar to what have been observed during previous bottoms as well.", "source_name": "AMBCrypto", "date": "Tue, 22 Feb 2022 12:30:48 -0500", "topics": [], "sentiment": "Positive", "type": "Article", "tickers": ["BTC"]}, {"news_url": "https://www.cryptopolitan.com/bitcoin-price-analysis-2022-02-22/", "image_url": "https://crypto.snapi.dev/images/v1/s/q/bitcoin-price-analysis-2022-02-22-111303.png", "title": "Bitcoin price analysis: BTC retests $38,000 as resistance, more downside incoming?\u00a0", "text": "TL;DR Breakdown Bitcoin price analysis is bearish today. BTC/USD reached further downside at $36,400 yesterday.", "source_name": "Cryptopolitan", "date": "Tue, 22 Feb 2022 12:30:08 -0500", "topics": ["tanalysis"], "sentiment": "Negative", "type": "Article", "tickers": ["BTC"]}, {"news_url": "https://bitcoinist.com/el-salvador-enjoys-growth-in-tourism-since-bitcoin/", "image_url": "https://crypto.snapi.dev/images/v1/s/r/eb324f-cover-pexels-worldspectrum-844125-copia-1024x525-1-640x328-111300.jpg", "title": "El Salvador Enjoys Growth In Tourism Since Bitcoin Adoption", "text": "El Salvador's adoption of Bitcoin as legal tender in September 2021 has resulted in a significant increase in the country's GDP as well as tourism development. According to Tourism Minister Morena Valdez, up to 60% of tourists now come from the United States.", "source_name": "Bitcoinist", "date": "Tue, 22 Feb 2022 12:26:58 -0500", "topics": [], "sentiment": "Positive", "type": "Article", "tickers": ["BTC"]}, {"news_url": "https://cryptonews.com/news/bitcoin-crypto-stocks-fluctuate-as-west-prepares-sanctions-against-russias-aggression.htm", "image_url": "https://crypto.snapi.dev/images/v1/g/m/snapshot1-111298.jpg", "title": "Bitcoin, Crypto, and Stocks Fluctuate as West Prepares Sanctions Against Russia's Aggression", "text": "Bitcoin (BTC) and other major cryptoassets still follow the stock market as investors are now assessing Russia's aggression towards Ukraine and the impact of Western sanctions on Russia.\u00a0", "source_name": "Cryptonews", "date": "Tue, 22 Feb 2022 12:08:00 -0500", "topics": [], "sentiment": "Negative", "type": "Article", "tickers": ["BTC"]}, {"news_url": "https://news.bitcoin.com/grayscale-investments-investors-help-convince-sec-approve-bitcoin-spot-etf/", "image_url": "https://crypto.snapi.dev/images/v1/a/5/sec-2-111283.jpg", "title": "Grayscale Investments Asks Investors to Help Convince SEC to Approve Bitcoin Spot ETF", "text": "Grayscale Investments, the world's largest digital asset manager, has launched a campaign aimed at convincing the U.S. Securities and Exchange Commission (SEC) to approve its bitcoin spot exchange-traded fund (ETF) application. Grayscale seeks to convert its $25.7 billion bitcoin trust (GBTC) to a bitcoin spot ETF. Asset Manager Campaigns to Get Bitcoin Spot ETF Approved [\u2026]", "source_name": "Bitcoin", "date": "Tue, 22 Feb 2022 12:00:38 -0500", "topics": ["regulations"], "sentiment": "Neutral", "type": "Article", "tickers": ["BTC"]}, {"news_url": "https://bitcoinist.com/el-salvador-records-double-digit-growth-in-gdp-did-bitcoin-have-anything-to-do-with-it/", "image_url": "https://crypto.snapi.dev/images/v1/j/d/btc-el-savador-640x384-111277.jpeg", "title": "El Salvador Records Double-Digit Growth In GDP, Was Bitcoin Behind It?", "text": "El Salvador has been making headlines around the globe for months now thanks to its decision to adopt bitcoin as an official legal tender. But after the implementation, what next?", "source_name": "Bitcoinist", "date": "Tue, 22 Feb 2022 12:00:27 -0500", "topics": [], "sentiment": "Positive", "type": "Article", "tickers": ["BTC"]}, {"news_url": "https://www.newsbtc.com/analysis/btc/sellers-in-control-why-bitcoin-could-revisit-34k/", "image_url": "https://crypto.snapi.dev/images/v1/g/w/bitcoin-5-scaled-111275.jpeg", "title": "Sellers In Control, Why Bitcoin Could Revisit $34K", "text": "Bitcoin is still on a decline struggling below the $40K mark. This had been a significant hold point for the bulls but once the bears had successfully dragged the digital asset below this critical support point, it has been a long way down since then.", "source_name": "NewsBTC", "date": "Tue, 22 Feb 2022 12:00:23 -0500", "topics": [], "sentiment": "Negative", "type": "Article", "tickers": ["BTC"]}, {"news_url": "https://decrypt.co/93484/solana-nft-marketplace-magic-eden-airdrop-tokens-dao", "image_url": "https://crypto.snapi.dev/images/v1/3/2/magic-eden-mobile-app-gid-4-111288.png", "title": "Solana NFT Marketplace Magic Eden Is Airdropping Tokens, Launching DAO", "text": "The leading platform for Solana NFTs will send 50,000 NFTs to existing users as Magic Eden spins up a DAO to govern its future.", "source_name": "Decrypt", "date": "Tue, 22 Feb 2022 12:00:02 -0500", "topics": ["NFT"], "sentiment": "Positive", "type": "Article", "tickers": ["SOL"]}, {"news_url": "https://beincrypto.com/i-was-wrong-we-need-bitcoin-says-ruby-on-rails-creator/", "image_url": "https://crypto.snapi.dev/images/v1/y/w/bic-canada-cryptojpgoptimal-111297.jpg", "title": "Canada Protests: \u2018I Was Wrong, We Need Bitcoin', Says Ruby on Rails Creator David Hansson", "text": "David H. Hansson, the creator of web development framework Ruby on Rails, admitted that he was wrong about the \"fundamental necessity\" of bitcoin (BTC) not only in struggling, authoritarian economies, but also in Western democracies. The post Canada Protests: \u2018I Was Wrong, We Need Bitcoin', Says Ruby on Rails Creator David Hansson appeared first on BeInCrypto.", "source_name": "BeInCrypto", "date": "Tue, 22 Feb 2022 11:53:48 -0500", "topics": [], "sentiment": "Positive", "type": "Article", "tickers": ["BTC"]}, {"news_url": "https://thecurrencyanalytics.com/bitcoin/will-btc-bull-season-start-you-will-not-be-able-to-hold-bitcoin-through-the-bear-market-39198.php", "image_url": "https://crypto.snapi.dev/images/v1/e/i/will-btc-bull-season-start-you-will-not-be-able-to-hold-bitcoin-through-the-bear-market-111268.jpg", "title": "Will BTC Bull Season Start? You will not be able to hold Bitcoin through the Bear Market", "text": "Catch up on the latest crypto market news at The Currency Analytics. Michael Saylor shared: Bitcoin is money with a half-life of forever.", "source_name": "The Currency Analytics", "date": "Tue, 22 Feb 2022 11:50:06 -0500", "topics": [], "sentiment": "Negative", "type": "Article", "tickers": ["BTC"]}, {"news_url": "https://coingape.com/?p=101556", "image_url": "https://crypto.snapi.dev/images/v1/6/x/bitcoin-id-4d4cad72-bb7a-40ec-9a8f-39c08a331e44-size900-110737-110915-111266.jpg", "title": "Bitcoin (BTC) Eyes Bear Market As Sentiment Turns To \u201cExtreme Fear\u201d", "text": "Bitcoin sank 4% on Tuesday, briefly touching a one-month low as escalating tensions between Russia and Ukraine battered sentiment towards cryptocurrencies. The Bitcoin Fear and Greed Index, a popular gauge of investor sentiment, indicated extreme fear.", "source_name": "Coingape", "date": "Tue, 22 Feb 2022 11:47:08 -0500", "topics": [], "sentiment": "Negative", "type": "Article", "tickers": ["BTC"]}, {"news_url": "https://www.cryptopolitan.com/bitcoin-ethereum-avalanche-cardano-daily-price-analyses-22-february-morning-prediction/", "image_url": "https://crypto.snapi.dev/images/v1/x/w/vol2-roundup-1140-x-570-03-111263.png", "title": "Bitcoin, Ethereum, Avalanche, Cardano Daily Price Analyses \u2013 22 February Morning Prediction", "text": "TL;DR Breakdown Bitcoin is once again bearish\u00a0 Ethereum follows the Bitcoin's suit Cardano hits below $1 Avalanche lost 5$ off its market value Anyone who has invested in the cryptocurrency industry since the beginning of 2022 has experienced a roller coaster ride. Investors in the cryptocurrency sector are hopeful that the market is beginning to [\u2026]", "source_name": "Cryptopolitan", "date": "Tue, 22 Feb 2022 11:32:06 -0500", "topics": [], "sentiment": "Negative", "type": "Article", "tickers": ["ADA", "AVAX", "BTC", "ETH"]}, {"news_url": "https://bitcoinist.com/bitcoin-price-plummets-as-russia-ukraine-tension/", "image_url": "https://crypto.snapi.dev/images/v1/s/k/bitcoin-640x360-111259.png", "title": "Bitcoin Price Plummets As Russia-Ukraine Tensions Escalate", "text": "Geopolitical tension over Ukraine has roiled global markets, but digital currencies took a worse beating than most other assets on Tuesday. Bitcoin is currently down by 3% to $37,495.", "source_name": "Bitcoinist", "date": "Tue, 22 Feb 2022 11:27:29 -0500", "topics": [], "sentiment": "Negative", "type": "Article", "tickers": ["BTC"]}, {"news_url": "https://cryptobriefing.com/as-sec-stalls-bitcoin-etf-grayscale-is-campaigning/?utm_source=main_feed&utm_medium=rss", "image_url": "https://crypto.snapi.dev/images/v1/r/w/sec-ripple-case-binance-cover-838x440-111260.png", "title": "As SEC Stalls on a Bitcoin ETF, Grayscale Is Campaigning", "text": "Grayscale is hoping to convince the SEC to approve its spot Bitcoin ETF application by showing the public interest in the product.", "source_name": "Crypto Briefing", "date": "Tue, 22 Feb 2022 11:26:54 -0500", "topics": ["regulations"], "sentiment": "Negative", "type": "Article", "tickers": ["BTC"]}, {"news_url": "https://investorplace.com/2022/02/ripple-labs-v-sec-xrp-usd-and-crypto-could-lose-if-the-sec-wins/", "image_url": "https://crypto.snapi.dev/images/v1/o/d/crypto1-111255.jpg", "title": "The Unending SEC v. Ripple Labs Battle Keeps U.S. Crypto Investors in Limbo", "text": "If Ripple Labs loses its battle with the SEC over XRP-USD, regulators might try to over-regulate cryptocurrencies in the U.S.", "source_name": "Investorplace", "date": "Tue, 22 Feb 2022 11:16:31 -0500", "topics": ["regulations"], "sentiment": "Negative", "type": "Article", "tickers": ["XRP"]}, {"news_url": "https://cryptopotato.com/ethereum-price-analysis-eth-collapses-to-2-5k-where-to-next/", "image_url": "https://crypto.snapi.dev/images/v1/e/3/ethereum-price-analysis-2022-02-20-110594-111253.png", "title": "Ethereum Price Analysis: ETH Collapses to $2.5K, Where to Next?", "text": "ETH has hit the key support level at $2,500, and the market already reacted with a rally on smaller timeframes. Can bulls sustain this?", "source_name": "CryptoPotato", "date": "Tue, 22 Feb 2022 11:02:45 -0500", "topics": ["tanalysis"], "sentiment": "Negative", "type": "Article", "tickers": ["ETH"]}, {"news_url": "https://www.cryptopolitan.com/ethereum-price-analysis-2022-02-22/", "image_url": "https://crypto.snapi.dev/images/v1/v/s/ethereum-price-analysis-2022-02-22-111246.png", "title": "Ethereum price analysis: ETH fails to reverse, drops to $2,500", "text": "TL;DR Breakdown Ethereum price analysis is bearish today. ETH/USD broke past $2,600 local support.", "source_name": "Cryptopolitan", "date": "Tue, 22 Feb 2022 10:49:42 -0500", "topics": ["tanalysis"], "sentiment": "Negative", "type": "Article", "tickers": ["ETH"]}, {"news_url": "https://www.youtube.com/watch?v=za50vTYCfdY", "image_url": "https://crypto.snapi.dev/images/v1/r/a/market-check-stocks-move-lower-at-open-oil-and-gold-surge-bitcoin-drops-111244.jpg", "title": "Market check: Stocks move lower at open, oil and gold surge, bitcoin drops", "text": "#US #Stock #Market Yahoo Finance's Jared Blikre reports on the market as stocks decline during open. Don't Miss: Valley of Hype: The Culture That Built Elizabeth Holmes WATCH HERE: https://youtu.be/Sb179GLPNYE Watch the 2021 Berkshire Hathaway Annual Shareholders Meeting on YouTube: https://youtu.be/gx-OzwHpM9k Subscribe to Yahoo Finance: https://yhoo.it/2fGu5Bb About Yahoo Finance: At Yahoo Finance, you get free stock quotes, up-to-date news, portfolio management resources, international market data, social interaction and mortgage rates that help you manage your financial life.", "source_name": "Yahoo Finance", "date": "Tue, 22 Feb 2022 10:35:58 -0500", "topics": [], "sentiment": "Negative", "type": "Video", "tickers": ["BTC"]}, {"news_url": "https://investorplace.com/2022/02/why-you-should-avoid-investing-in-ripples-xrp-token/", "image_url": "https://crypto.snapi.dev/images/v1/z/g/xrp-id-68bbbf0e-a5b3-4b17-980e-49592a85a6ac-size900-110096-111231.jpg", "title": "Why You Should Avoid Investing in Ripple's XRP Token", "text": "XRP isn't worth investors' consideration without something meaningful, off or on the price chart, happening first.", "source_name": "Investorplace", "date": "Tue, 22 Feb 2022 10:31:10 -0500", "topics": [], "sentiment": "Negative", "type": "Article", "tickers": ["XRP"]}, {"news_url": "https://ambcrypto.com/ethereum-the-different-ways-eths-price-action-can-play-out-on-the-charts/", "image_url": "https://crypto.snapi.dev/images/v1/v/w/pp-3-eth-cover-1-e1645529328845-111229.jpg", "title": "Ethereum: The different ways ETH's price action can play out on the charts", "text": "Disclaimer:\u00a0The findings of this analysis are the sole opinions of the writer and should not be considered investment advice. Bitcoin fell below the $39k area in the past few days as fears over inflation and invasion grew.", "source_name": "AMBCrypto", "date": "Tue, 22 Feb 2022 10:30:09 -0500", "topics": [], "sentiment": "Neutral", "type": "Article", "tickers": ["ETH"]}, {"news_url": "https://www.newsbtc.com/crypto/huobi-co-founder-says-next-bitcoin/", "image_url": "https://crypto.snapi.dev/images/v1/y/r/bitcoin-bull-run-111223.jpg", "title": "Huobi Co-Founder Says Next Bitcoin Bull Run Could Be 3 Years Away", "text": "According to Huobi co-founder Jun Du, Bitcoin is unlikely to experience a strong bull run until 2025. His analysis is based on certain crypto specialists' assumption that the coin's current run is coming to an end.", "source_name": "NewsBTC", "date": "Tue, 22 Feb 2022 10:27:04 -0500", "topics": [], "sentiment": "Neutral", "type": "Article", "tickers": ["BTC"]}, {"news_url": "https://bitcoinmagazine.com/markets/new-bill-would-let-california-state-agencies-accept-bitcoin", "image_url": "https://crypto.snapi.dev/images/v1/x/a/california-accuses-bitcoin-foundation-of-unlicensed-money-transmission-111219.png", "title": "New Bill Would Let California State Agencies Accept Bitcoin", "text": "The bill is the latest to join a growing cohort of state legislation being proposed to encourage bitcoin's usage for payments.", "source_name": "Bitcoin Magazine", "date": "Tue, 22 Feb 2022 10:23:20 -0500", "topics": ["regulations"], "sentiment": "Positive", "type": "Article", "tickers": ["BTC"]}, {"news_url": "https://beincrypto.com/california-bill-looks-to-accept-crypto-for-state-services/", "image_url": "https://crypto.snapi.dev/images/v1/c/a/california-crypto-111269.png", "title": "California Bill Looks to Accept Crypto for State Services", "text": "The California State Legislature introduced a bill last week that would enable citizens to pay for government services with cryptocurrency. The post California Bill Looks to Accept Crypto for State Services appeared first on BeInCrypto.", "source_name": "BeInCrypto", "date": "Tue, 22 Feb 2022 10:22:00 -0500", "topics": [], "sentiment": "Positive", "type": "Article", "tickers": ["BTC"]}, {"news_url": "https://coingape.com/?p=101615", "image_url": "https://crypto.snapi.dev/images/v1/s/f/russia-bitcoin-111214.jpg", "title": "On-Chain Data Reveals Bitcoin Holders Just Hit An All Time High", "text": "In a big relief amid the crypto market crash,\u00a0 the supply of bitcoins that have been held for more than half a year has reached a record high of about 76.5%, as per Glassnode. These figures will look rejoicing to any crypto enthusiast.", "source_name": "Coingape", "date": "Tue, 22 Feb 2022 10:18:39 -0500", "topics": [], "sentiment": "Positive", "type": "Article", "tickers": ["BTC"]}, {"news_url": "https://cointelegraph.com/news/bitcoin-inches-past-38k-as-wall-street-opens-to-strange-calm-on-russia-sanctions", "image_url": "https://crypto.snapi.dev/images/v1/v/c/840-ahr0chm6ly9zmy5jb2ludgvszwdyyxbolmnvbs91cgxvywrzlziwmjitmdivmtllymeymjetndbjzi00njbjlwflnjetotg4ytc5n2u0ogm1lmpwzw-111215.jpg", "title": "Bitcoin inches past $38K as Wall Street opens to strange calm on Russia sanctions", "text": "The feared volatile trading session was yet to appear an hour after the open, with Bitcoin seeing modest gains.", "source_name": "Cointelegraph", "date": "Tue, 22 Feb 2022 10:16:59 -0500", "topics": [], "sentiment": "Positive", "type": "Article", "tickers": ["BTC"]}, {"news_url": "https://news.bitcoin.com/bitcoin-ethereum-technical-analysis-eth-finds-temporary-support-after-hitting-3-week-low/", "image_url": "https://crypto.snapi.dev/images/v1/b/n/shutterstock-1822493420-111211.jpg", "title": "Bitcoin, Ethereum Technical Analysis: ETH Finds Temporary Support, After Hitting 3-Week Low", "text": "Ethereum found support on Tuesday, following a drop to a three-week low earlier in today's session. This comes as the price of bitcoin also consolidated, following recent bearish pressure. Bitcoin The selloff in BTC momentarily eased on Tuesday, as global markets continued to closely monitor the Russia/Ukraine situation. BTC/USD dropped to a low of $36,488.93 [\u2026]", "source_name": "Bitcoin", "date": "Tue, 22 Feb 2022 09:35:34 -0500", "topics": ["tanalysis"], "sentiment": "Negative", "type": "Article", "tickers": ["BTC", "ETH"]}, {"news_url": "https://www.cryptopolitan.com/solana-price-analysis-2022-02-22/", "image_url": "https://crypto.snapi.dev/images/v1/p/t/sol-8-111209.jpg", "title": "Solana price analysis: SOL stabilizes at $84 after showing bullish opportunities", "text": "TL;DR Breakdown Solana price analysis is bearish today. Strong resistance present at $122.", "source_name": "Cryptopolitan", "date": "Tue, 22 Feb 2022 09:34:13 -0500", "topics": ["tanalysis"], "sentiment": "Positive", "type": "Article", "tickers": ["SOL"]}, {"news_url": "https://ambcrypto.com/why-the-figure-of-54-5-is-important-for-a-bitcoin-hodler-today/", "image_url": "https://crypto.snapi.dev/images/v1/z/9/thomas-lefebvre-arxpjnxq9lu-unsplash-111208.jpg", "title": "Why the figure of 54.5% is important for a Bitcoin HODLer today", "text": "Bitcoin, the largest cryptocurrency dropped to a more than two-week low given the fears of a possible Russian invasion of Ukraine. Some predicted that the flagship\u00a0cryptocurrency could slide toward the key $30,000 level.", "source_name": "AMBCrypto", "date": "Tue, 22 Feb 2022 09:30:39 -0500", "topics": [], "sentiment": "Negative", "type": "Article", "tickers": ["BTC"]}, {"news_url": "https://cryptoticker.io/en/bitcoin-crash-reason-ukraine-war-confirmed/", "image_url": "https://crypto.snapi.dev/images/v1/f/e/large-amounts-of-bitcoin-donated-to-ukraine-on-the-brink-980x400-02-111207.jpeg", "title": "Bitcoin Crash reason: Ukraine War Confirmed?", "text": "The Ukraine crisis is getting worse and worse.\u00a0US intelligence services suspected the start of Russia's invasion of Ukraine last Wednesday.", "source_name": "CryptoTicker", "date": "Tue, 22 Feb 2022 09:28:34 -0500", "topics": [], "sentiment": "Negative", "type": "Article", "tickers": ["BTC"]}, {"news_url": "https://markets.businessinsider.com/news/currencies/el-salvador-bitcoin-nayib-bukele-tourism-minister-legal-tender-btc-2022-2", "image_url": "https://crypto.snapi.dev/images/v1/9/c/6214f84ff0b06900185ed686formatjpeg-111228.jpg", "title": "El Salvador's bitcoin bullishness has spurred a tourism boom since the country adopted it as legal tender, top minister says", "text": "A top El Salvador minister said that tourism has jumped more than 30% since the nation's adoption of bitcoin as legal tender.", "source_name": "Business Insider", "date": "Tue, 22 Feb 2022 09:25:00 -0500", "topics": [], "sentiment": "Positive", "type": "Article", "tickers": ["BTC"]}, {"news_url": "https://thecurrencyanalytics.com/bitcoin/california-has-a-draft-bill-about-making-bitcoin-legal-tender-might-not-pass-39192.php", "image_url": "https://crypto.snapi.dev/images/v1/i/u/california-has-a-draft-bill-about-making-bitcoin-legal-tender-might-not-pass-111205.jpg", "title": "California Has a Draft Bill About Making Bitcoin Legal Tender Might Not Pass", "text": "Catch up on the latest crypto market news at The Currency Analytics. Dennis Porter shared: BREAKING: The state of California has introduced a bill to make Bitcoin legal tender.", "source_name": "The Currency Analytics", "date": "Tue, 22 Feb 2022 09:15:16 -0500", "topics": [], "sentiment": "Negative", "type": "Article", "tickers": ["BTC"]}, {"news_url": "https://u.today/unknown-wallets-moved-30-million-worth-of-xrp-before-major-market-plunge?SNAPI", "image_url": "https://crypto.snapi.dev/images/v1/z/o/12870-111204.jpg", "title": "Unknown Wallets Moved $30 Million Worth of XRP Before Major Market Plunge", "text": "Large wallets move significant volumes of XRP as the market tumbles down", "source_name": "UToday", "date": "Tue, 22 Feb 2022 09:14:00 -0500", "topics": [], "sentiment": "Neutral", "type": "Article", "tickers": ["XRP"]}, {"news_url": "https://bitcoinmagazine.com/culture/bitcoin-passes-canada-trucker-protest-test", "image_url": "https://crypto.snapi.dev/images/v1/t/5/canada-trucker-protest-cover-111198.png", "title": "With Freedom Convoy, Bitcoin Passes Fundraising Test In Face Of Financial Surveillance", "text": "Bitcoin has proven its most potent use case as a permissionless financial rail for supporting the Canadian trucker protest.", "source_name": "Bitcoin Magazine", "date": "Tue, 22 Feb 2022 08:54:11 -0500", "topics": [], "sentiment": "Neutral", "type": "Article", "tickers": ["BTC"]}, {"news_url": "https://cointelegraph.com/news/bitcoin-mayer-multiple-returns-to-july-2021-levels-in-fresh-sign-37k-btc-is-a-long-term-buy", "image_url": "https://crypto.snapi.dev/images/v1/i/u/840-ahr0chm6ly9zmy5jb2ludgvszwdyyxbolmnvbs91cgxvywrzlziwmjitmdivndlizjuwyzutntcwyi00yjdilwfim2utogmzntvjmzvmzmzllmpwzw-111197.jpg", "title": "Bitcoin Mayer Multiple returns to July 2021 levels in fresh sign $37K BTC is a long-term buy", "text": "An increasingly rare bull signal for investors comes after both the Mayer Multiple and Bitcoin price shed 50% versus November 2021.", "source_name": "Cointelegraph", "date": "Tue, 22 Feb 2022 08:49:06 -0500", "topics": [], "sentiment": "Positive", "type": "Article", "tickers": ["BTC"]}, {"news_url": "https://www.dcforecasts.com/bitcoin-news/bitcoin-fell-another-5-amid-russian-ukraine-conflict/", "image_url": "https://crypto.snapi.dev/images/v1/f/v/bitcoin-008-111078-111193.jpg", "title": "Bitcoin Fell Another 5% Amid Russian-Ukraine Conflict", "text": "Bitcoin fell another 5% amid the Russian-Ukraine conflict after Russian President Vladimir Putin decided to recognize the independence of breakaway regions of parts of Eastern Ukraine which led to the market slump so let's read more in today's latest Bitcoin news. The price of Bitcoin fell another 5% over the past 24 hours amid the [\u2026]", "source_name": "DCForecasts", "date": "Tue, 22 Feb 2022 08:47:20 -0500", "topics": [], "sentiment": "Negative", "type": "Article", "tickers": ["BTC"]}, {"news_url": "https://markets.businessinsider.com/news/currencies/bitcoin-price-versus-gold-price-sinks-russia-dispatches-troops-ukraine-2022-2", "image_url": "https://crypto.snapi.dev/images/v1/j/v/6214e214f0b06900185ed43dformatjpeg-111210.jpg", "title": "Bitcoin's price compared to gold has sunk to its lowest since mid-2021 as Russia dispatches troops into Ukraine", "text": "A single bitcoin is now worth 19 ounces of gold, Bloomberg found, compared to a high of 37 ounces in October last year.", "source_name": "Business Insider", "date": "Tue, 22 Feb 2022 08:33:00 -0500", "topics": [], "sentiment": "Negative", "type": "Article", "tickers": ["BTC"]}, {"news_url": "https://cryptoslate.com/gold-shines-as-bitcoin-sinks-below-37000-on-chain-metrics-indicate-further-trouble-ahead/", "image_url": "https://crypto.snapi.dev/images/v1/q/s/btc-sinks-37k-111183.jpg", "title": "Gold shines as Bitcoin sinks below $37,000, on-chain metrics indicate further trouble ahead", "text": "Since Thursday, Bitcoin has lost 20% in value, with Monday's sell-off tanking its price below $37,000. The post Gold shines as Bitcoin sinks below $37,000, on-chain metrics indicate further trouble ahead appeared first on CryptoSlate.", "source_name": "CryptoSlate", "date": "Tue, 22 Feb 2022 08:31:16 -0500", "topics": [], "sentiment": "Negative", "type": "Article", "tickers": ["BTC"]}, {"news_url": "https://www.benzinga.com/markets/cryptocurrency/22/02/25745994/intels-energy-efficient-bitcoin-miner-lags-behind-competitors-hashing-power-report?SNAPI", "image_url": "https://crypto.snapi.dev/images/v1/d/t/intel-thomas-cloer-111182.jpg", "title": "Intel's Energy-Efficient Bitcoin Miner Lags Behind Competitors Hashing Power: Report", "text": "Intel Corporation (NASDAQ: INTC) has unveiled details about its upcoming Bitcoin (CRYPTO: BTC) mining microchip.", "source_name": "Benzinga", "date": "Tue, 22 Feb 2022 08:24:00 -0500", "topics": ["mining"], "sentiment": "Neutral", "type": "Article", "tickers": ["BTC"]}, {"news_url": "https://coinpedia.org/price-analysis/whats-next-for-bitcoin-is-40000-the-next-target-for-the-btc-price-or-30000-is-imminent/", "image_url": "https://crypto.snapi.dev/images/v1/f/d/bitcoin-008-111078-111178.jpg", "title": "What's Next for Bitcoin, Is $40,000 the Next Target for the BTC price or $30,000 is Imminent?", "text": "Bitcoin following a notable price slash has smashed the lower strong support where-in the buyers try to accumulate while the bears do not seem to back-off. The selling volume is getting accumulated and eased over time without leaving room for the buying volume to get intensified. However, currently both the possibilities of the BTC price \u2026", "source_name": "CoinPedia", "date": "Tue, 22 Feb 2022 08:22:25 -0500", "topics": [], "sentiment": "Neutral", "type": "Article", "tickers": ["BTC"]}, {"news_url": "https://www.forbes.com/sites/ninabambysheva/2022/02/22/extreme-fear-threats-of-war-in-ukraine-send-bitcoin-below-37000-broader-crypto-market-follows-suit/", "image_url": "https://crypto.snapi.dev/images/v1/h/4/extreme-fear-threats-of-war-in-ukraine-send-bitcoin-below-37000-broader-crypto-market-follows-suit-111177.jpg", "title": "\u2018Extreme Fear': Threats Of War In Ukraine Send Bitcoin Below $37,000, Broader Crypto Market Follows Suit", "text": "Markets remain in a slump, sparked by Russian president Vladimir Putin's Monday decision to recognize the independence of two breakaway regions in eastern Ukraine and order troops into the territories.", "source_name": "Forbes", "date": "Tue, 22 Feb 2022 08:21:28 -0500", "topics": [], "sentiment": "Negative", "type": "Article", "tickers": ["BTC"]}, {"news_url": "https://www.dcforecasts.com/bitcoin-news/400m-have-been-liquidated-in-one-day-as-btc-drops-below-36k/", "image_url": "https://crypto.snapi.dev/images/v1/h/z/btcusd-source-tradingview1-111175.png", "title": "$400M Have Been Liquidated In One Day As BTC Drops Below $36K", "text": "$400M have been liquidated in one day as BTC drops below the $36,000 price range while most other altcoins suffer even more so let's read more today in our latest Bitcoin news. The latest enhanced volatility on the market caused huge pains for the over-leveraged investors $400M has been liquidated in one day which happened [\u2026]", "source_name": "DCForecasts", "date": "Tue, 22 Feb 2022 08:18:46 -0500", "topics": [], "sentiment": "Negative", "type": "Article", "tickers": ["BTC"]}, {"news_url": "https://coinpedia.org/altcoin/heres-the-outlook-for-btc-eth-sol-ada-price-traders-watch-these-levels-%ef%bf%bc/", "image_url": "https://crypto.snapi.dev/images/v1/e/v/crypto4-107089-109466-111170.jpg", "title": "Here's The Outlook for BTC, ETH, SOL & ADA Price, Traders Watch These Levels\u00a0\ufffc", "text": "The outlook for the overall crypto market remains negative as the market has kept up the bearish momentum. Bitcoin (BTC) price plunged below the crucial support level and is currently trading at $36k. Following the same trend, major altcoins are also experiencing major loss with the largest altcoin, Ethereum (ETH) price trading at $2500. While \u2026", "source_name": "CoinPedia", "date": "Tue, 22 Feb 2022 08:04:42 -0500", "topics": [], "sentiment": "Neutral", "type": "Article", "tickers": ["ADA", "BTC", "SOL", "ETH"]}, {"news_url": "https://u.today/number-of-bitcoin-hodlers-reaches-new-all-time-high-despite-crypto-market-bloodbath?SNAPI", "image_url": "https://crypto.snapi.dev/images/v1/c/l/12865-111163.jpg", "title": "Number of Bitcoin \"Hodlers\" Reaches New All-Time High Despite Crypto Market Bloodbath", "text": "More Bitcoin investors prefer holding over active speculation, data suggests", "source_name": "UToday", "date": "Tue, 22 Feb 2022 07:49:00 -0500", "topics": [], "sentiment": "Positive", "type": "Article", "tickers": ["BTC"]}, {"news_url": "https://cointelegraph.com/news/tourism-in-el-salvador-up-30-since-bitcoin-adoption-minister-says", "image_url": "https://crypto.snapi.dev/images/v1/y/a/840-ahr0chm6ly9zmy5jb2ludgvszwdyyxbolmnvbs91cgxvywrzlziwmjitmdivmge2odvlztutmjcwmc00njhmlwfmymytnzm0mzexzjnjmgfjlmpwzw-111162.jpg", "title": "Tourism in El Salvador up 30% since Bitcoin adoption, minister says", "text": "Salvadoran President Nayib Bukele previously announced that El Salvador's GDP grew over 10% in 2021.", "source_name": "Cointelegraph", "date": "Tue, 22 Feb 2022 07:45:47 -0500", "topics": [], "sentiment": "Positive", "type": "Article", "tickers": ["BTC"]}, {"news_url": "https://www.newsbtc.com/crypto/bitcoin-prices-bear-the-brunt-of-long-liquidations-and-geopolitical-tensions/", "image_url": "https://crypto.snapi.dev/images/v1/2/p/bitcoin-prices-111161.png", "title": "Bitcoin Prices Bear The Brunt Of Long Liquidations And Geopolitical Tensions", "text": "Bitcoin prices declined for the sixth day in a row Tuesday, falling about 12% from the same time last week. BTC/USD fell to a low of $37,358.00 to begin the trading week after reaching a high of $39,394.44 on Sunday.", "source_name": "NewsBTC", "date": "Tue, 22 Feb 2022 07:45:22 -0500", "topics": [], "sentiment": "Negative", "type": "Article", "tickers": ["BTC"]}, {"news_url": "https://coingape.com/?p=101602", "image_url": "https://crypto.snapi.dev/images/v1/v/y/tron-topcoin-copy-tron-story-copy-9-111160.jpg", "title": "Ethereum (ETH) Price Prediction: ETH Tests Weekly Lows Near $2,600, Looks For 40% Upside Risk", "text": "Ethereum (ETH) price trades with modest gains bucking the previous five sessions' downside momentum. Ether, the native coin of the Ethereum blockchain has been facing volatility owing to the ongoing Geopolitical tensions between Ukraine and Russia.", "source_name": "Coingape", "date": "Tue, 22 Feb 2022 07:36:30 -0500", "topics": [], "sentiment": "Negative", "type": "Article", "tickers": ["ETH"]}, {"news_url": "https://coinpedia.org/bitcoin/bitcoin-price-may-crash-below-20000-by-the-end-of-q1/", "image_url": "https://crypto.snapi.dev/images/v1/f/c/bitcoin-geopolitics-market-110950-111157.jpg", "title": "Huge Bearish Market Scenario for Bitcoin,\u00a0 BTC Price May Crash Below $20,000 By The End Of Q1?", "text": "The crypto planet has faced the wrath of the tremors. As a result of which billions of funds have gone Houdini in a mere couple of hours. The implications of which have been hammering the sentiments in the business. Wherefore, the fear and greed index has metered down to extreme fear at a score of \u2026", "source_name": "CoinPedia", "date": "Tue, 22 Feb 2022 07:31:00 -0500", "topics": [], "sentiment": "Negative", "type": "Article", "tickers": ["BTC"]}, {"news_url": "https://cryptobriefing.com/solana-fantom-hard-hit-amid-russia-ukraine-fears/?utm_source=main_feed&utm_medium=rss", "image_url": "https://crypto.snapi.dev/images/v1/g/y/shutterstock-1379741990-1-838x440-111155.jpg", "title": "Solana, Fantom Hard Hit Amid Russia-Ukraine Fears", "text": "The crypto market has continued to fall amid rising tensions between Russia and Ukraine.", "source_name": "Crypto Briefing", "date": "Tue, 22 Feb 2022 07:24:01 -0500", "topics": [], "sentiment": "Negative", "type": "Article", "tickers": ["FTM", "SOL"]}, {"news_url": "https://markets.businessinsider.com/news/currencies/bitcoin-crypto-ethereum-prices-russia-ukraine-tension-altcoin-invasion-risk-2022-2", "image_url": "https://crypto.snapi.dev/images/v1/4/q/61eacd8ed2653000180419e1formatjpeg-111165.jpg", "title": "Bitcoin slides as cryptos fall across the board after Putin orders Russian troops into Ukraine", "text": "Cryptocurrencies are recovering ground from a sharper sell-off earlier as tensions over a potential Russia-Ukraine conflict escalated.", "source_name": "Business Insider", "date": "Tue, 22 Feb 2022 06:53:00 -0500", "topics": [], "sentiment": "Negative", "type": "Article", "tickers": ["BTC"]}, {"news_url": "https://en.cryptonomist.ch/2022/02/22/xrp-dropping-despite-good-news-lawsuit-between-ripple-sec/", "image_url": "https://crypto.snapi.dev/images/v1/h/u/ripple-sec-1-300x150-111148.jpg", "title": "XRP dropping despite good news on lawsuit between Ripple and SEC", "text": "Memos have been published in recent days revealing that Ripple was careful not to violate SEC rules on securities", "source_name": "The Cryptonomist", "date": "Tue, 22 Feb 2022 06:38:23 -0500", "topics": ["regulations"], "sentiment": "Negative", "type": "Article", "tickers": ["XRP"]}, {"news_url": "https://www.financemagnates.com/cryptocurrency/news/btc-address-sends-3000-coins-to-xapo/", "image_url": "https://crypto.snapi.dev/images/v1/d/w/bitcoin20whale-id-b67f04b9-6d2c-4357-a69f-b4b45d2e8942-size900-111126.jpg", "title": "BTC Address Sends 3,000 Coins to Xapo", "text": "With a dip of almost 16% in the past 7 days, BTC struggled to gain any sort of momentum in the recent week. However, the price drop failed to impact Bitcoin whales as they continued to execute large transactions.", "source_name": "FinanceMagnates", "date": "Tue, 22 Feb 2022 06:15:00 -0500", "topics": [], "sentiment": "Neutral", "type": "Article", "tickers": ["BTC"]}, {"news_url": "https://coingape.com/?p=101584", "image_url": "https://crypto.snapi.dev/images/v1/x/x/32-111488.png", "title": "Cryptos That Could Make Millions in 2022 \u2013 Ethereum (ETH), Binance Coin (BNB), and Seesaw Protocol (SSW)", "text": "By now, everybody knows how good 2021 was for cryptocurrency. Nearly every major coin reached new all-time highs and broke records.", "source_name": "Coingape", "date": "Tue, 22 Feb 2022 06:06:04 -0500", "topics": [], "sentiment": "Neutral", "type": "Article", "tickers": ["BNB", "ETH", "SSW"]}, {"news_url": "https://thecurrencyanalytics.com/altcoins/asheesh-birla-on-leveraging-stable-coins-and-solutions-like-solana-pay-39182.php", "image_url": "https://crypto.snapi.dev/images/v1/o/f/asheesh-birla-on-leveraging-stable-coins-and-solutions-like-solana-pay-111106.jpg", "title": "Asheesh Birla on Leveraging Stable Coins and Solutions like Solana Pay", "text": "Catch up on the latest crypto market news at The Currency Analytics. Asheesh Birla, GM of RippleNet in his product brainstorm Tech Talk #1 expressed:\u00a0 For businesses who have yet to employ\u2026 The post Asheesh Birla on Leveraging Stable Coins and Solutions like Solana Pay appeared first on Cryptocurrency News.", "source_name": "The Currency Analytics", "date": "Tue, 22 Feb 2022 05:53:18 -0500", "topics": [], "sentiment": "Positive", "type": "Article", "tickers": ["SOL"]}, {"news_url": "https://coinmarketcap.com/alexandria/article/crypto-news-feb-22-will-bitcoin-lose-30-000-next", "image_url": "https://crypto.snapi.dev/images/v1/8/j/f5771def1e0343c78f698c4f29ea3759-111103.jpg", "title": "Crypto News, Feb. 22: Will Bitcoin Lose $30,000 Next?", "text": "Also today, millions of dollars worth of crypto is returned to scam victims \u2014 and Man City is building a stadium in the metaverse.", "source_name": "CoinMarketCap", "date": "Tue, 22 Feb 2022 05:44:25 -0500", "topics": [], "sentiment": "Negative", "type": "Article", "tickers": ["BTC"]}], "total_pages": 39}