{"data": [{"news_url": "https://coingape.com/?p=101738", "image_url": "https://crypto.snapi.dev/images/v1/f/m/russia-bitcoin-111663.jpg", "title": "Bitcoin (BTC) Price Extends Recovery On Seemingly \u201cModerate\u201d U.S.-Russia Sanctions", "text": "Bitcoin and other cryptocurrencies extended a recovery on Wednesday as recent U.S. sanctions against Russia were perceived to have minimal economic impact. Bitcoin rose nearly 6% to $38,967 from a near one-month low hit on Tuesday, while altcoins including Ethereum, Binance Coin and XRP added between 4% to 5%.", "source_name": "Coingape", "date": "Wed, 23 Feb 2022 09:10:58 -0500", "topics": [], "sentiment": "Positive", "type": "Article", "tickers": ["BTC"]}, {"news_url": "https://investorplace.com/2022/02/bitcoin-is-making-a-comeback-despite-all-the-market-turbulence/", "image_url": "https://crypto.snapi.dev/images/v1/x/c/terra-luna-1200x675-1-111468-111657.webp", "title": "Bitcoin Is Making a Comeback Despite All the Market Turbulence", "text": "Bitcoin is at a good entry point for both averaging down and for investors buying into cryptos for the first time.", "source_name": "Investorplace", "date": "Wed, 23 Feb 2022 09:02:30 -0500", "topics": [], "sentiment": "Positive", "type": "Article", "tickers": ["BTC"]}, {"news_url": "https://decrypt.co/93419/solanas-crypto-wallet-phantom-integrates-password-manager-1password", "image_url": "https://crypto.snapi.dev/images/v1/c/k/solana-phantom-wallet-e1636413752168-gid-1-111661.jpeg", "title": "Solana's Crypto Wallet Phantom Integrates Password Manager 1Password", "text": "Phantom wallet users will now be able to store their wallet credentials including private keys with the password manager.", "source_name": "Decrypt", "date": "Wed, 23 Feb 2022 09:01:02 -0500", "topics": [], "sentiment": "Neutral", "type": "Article", "tickers": ["SOL"]}, {"news_url": "https://coingape.com/?p=101726", "image_url": "https://crypto.snapi.dev/images/v1/h/z/sec-vs-ripple-111651.jpeg", "title": "\u2018It Was Over The Day It Was Filed'; XRP Lawyer Drops Another Prediction", "text": "John Deaton, the attorney representing XRP holders in the SEC v. Ripple lawsuit announced that the case against Brad Garlinghouse and Chris Larsen is over.", "source_name": "Coingape", "date": "Wed, 23 Feb 2022 09:00:09 -0500", "topics": [], "sentiment": "Neutral", "type": "Article", "tickers": ["XRP"]}, {"news_url": "https://www.coindesk.com/business/2022/02/23/1password-adds-1-click-credential-storage-for-solana-based-phantom-wallet-users/", "image_url": "https://crypto.snapi.dev/images/v1/z/d/jkg4aagryfbztmxc7lw7wqua5u-111659.jpg", "title": "1Password Adds 1-Click Credential Storage for Solana-Based Phantom Wallet Users", "text": "The new collaboration is intended to make crypto security human-centric by simplifying login management and lowering the barrier to entry.", "source_name": "Coindesk", "date": "Wed, 23 Feb 2022 09:00:00 -0500", "topics": [], "sentiment": "Positive", "type": "Article", "tickers": ["SOL"]}, {"news_url": "https://u.today/anonymous-ethereum-millionaire-stakes-28000-eth-in-one-transaction?SNAPI", "image_url": "https://crypto.snapi.dev/images/v1/5/y/12897-111648.jpg", "title": "Anonymous Ethereum Millionaire Stakes 28,000 ETH in One Transaction", "text": "Anonymous Ethereum millionaires move more funds to staking contract", "source_name": "UToday", "date": "Wed, 23 Feb 2022 08:58:00 -0500", "topics": [], "sentiment": "Neutral", "type": "Article", "tickers": ["ETH"]}, {"news_url": "https://markets.businessinsider.com/news/currencies/nft-vending-machine-digital-collectible-marketplace-neon-solana-fiat-currency-2022-2", "image_url": "https://crypto.snapi.dev/images/v1/t/j/62163d28081b260018407871formatjpeg-111680.jpg", "title": "A crypto startup is selling Solana NFTs from a vending machine in New York in exchange for fiat currency", "text": "After customers choose an NFT, the vending machine dispenses an item with a QR code that buyers scan with a smartphone to claim their collectible.", "source_name": "Business Insider", "date": "Wed, 23 Feb 2022 08:48:00 -0500", "topics": ["NFT"], "sentiment": "Neutral", "type": "Article", "tickers": ["SOL"]}, {"news_url": "https://thecurrencyanalytics.com/bitcoin/is-btc-massive-dump-incoming-will-there-be-no-new-all-time-high-in-2022-39232.php", "image_url": "https://crypto.snapi.dev/images/v1/p/l/is-btc-massive-dump-incoming-will-there-be-no-new-all-time-high-in-2022-111636.jpg", "title": "Is BTC massive dump incoming? Will there be no new all-time high in 2022?", "text": "Catch up on the latest crypto market news at The Currency Analytics. Lark Davis shared: Will you still be here if there is no new all-time in 2022?", "source_name": "The Currency Analytics", "date": "Wed, 23 Feb 2022 08:39:37 -0500", "topics": [], "sentiment": "Negative", "type": "Article", "tickers": ["BTC"]}, {"news_url": "https://cryptoslate.com/bitcoins-tvl-on-lightning-network-now-worth-over-1-billion/", "image_url": "https://crypto.snapi.dev/images/v1/y/l/tether-dollar-paper-111631.jpg", "title": "Bitcoin's TVL on Lightning Network now worth over $1 billion", "text": "Bitcoin's recent price performance might not encourage investors, but that has not stopped them from pushing the TVL of assets locked on the Lightning network to a new high. The post Bitcoin's TVL on Lightning Network now worth over $1 billion appeared first on CryptoSlate.", "source_name": "CryptoSlate", "date": "Wed, 23 Feb 2022 08:31:19 -0500", "topics": [], "sentiment": "Positive", "type": "Article", "tickers": ["BTC"]}, {"news_url": "https://ambcrypto.com/experts-weigh-in-on-how-vulnerable-bitcoin-actually-is/", "image_url": "https://crypto.snapi.dev/images/v1/q/w/jievani-weerasinghe-nhrm1u4gd-a-unsplash-111632.jpg", "title": "Experts weigh in on how vulnerable Bitcoin actually is", "text": "Bitcoin has suffered a lot over the past two weeks. It traded in the red early on 23 February thanks to the uncertainty around the Russia-Ukraine crisis.", "source_name": "AMBCrypto", "date": "Wed, 23 Feb 2022 08:30:14 -0500", "topics": [], "sentiment": "Neutral", "type": "Article", "tickers": ["BTC"]}, {"news_url": "https://coingape.com/?p=101793", "image_url": "https://crypto.snapi.dev/images/v1/g/3/13a7bca0-2f53-4175-a53d-e577852dfc04-111629.jpeg", "title": "Breaking : Mexican Senator Hints That The Country Might Be Next To Legalize Bitcoin", "text": "El Salvador continues to champion crypto adoption among other nation-states. inspired by the Central American country, Indira Kempis, a Mexican Senator, has said that Mexico needs Bitcoin to be legal.", "source_name": "Coingape", "date": "Wed, 23 Feb 2022 08:25:14 -0500", "topics": ["regulations"], "sentiment": "Positive", "type": "Article", "tickers": ["BTC"]}, {"news_url": "https://coinmarketcap.com/alexandria/article/bitcoin-s-price-is-just-30-higher-than-the-average-bitcoin-mining-cost", "image_url": "https://crypto.snapi.dev/images/v1/s/v/bitcoin1-111367-111621.jpeg", "title": "Bitcoin's Price Is Just 30% Higher Than the Average Bitcoin Mining Cost", "text": "Bitcoin price is 1.16X higher than its average mining cost, the lowest multiple since January 2021. Is Bitcoin trading at a discount now?", "source_name": "CoinMarketCap", "date": "Wed, 23 Feb 2022 08:16:01 -0500", "topics": ["mining"], "sentiment": "Neutral", "type": "Article", "tickers": ["BTC"]}, {"news_url": "https://www.cnbc.com/2022/02/23/the-case-for-bitcoin-as-digital-gold-is-falling-apart.html", "image_url": "https://crypto.snapi.dev/images/v1/n/c/104893268-gettyimages-818871806-111625.jpg", "title": "The case for bitcoin as 'digital gold' is falling apart", "text": "Bitcoin fell to a two-week low Tuesday after Russia ordered troops into two separatist regions in eastern Ukraine.", "source_name": "CNBC", "date": "Wed, 23 Feb 2022 08:14:36 -0500", "topics": [], "sentiment": "Negative", "type": "Article", "tickers": ["BTC"]}, {"news_url": "https://www.fool.com/investing/2022/02/23/this-is-why-visa-mastercard-and-american-express-a/", "image_url": "https://crypto.snapi.dev/images/v1/s/o/solana-007-scaled-108841-111634.jpg", "title": "This is Why Visa, Mastercard, and American Express Are in Trouble", "text": "Credit card companies may be under more competitive pressure than it seems.", "source_name": "The Motley Fool", "date": "Wed, 23 Feb 2022 08:08:00 -0500", "topics": [], "sentiment": "Positive", "type": "Article", "tickers": ["SOL"]}, {"news_url": "https://beincrypto.com/luna-foundation-guard-raised-1-billion-btc-forex-reserves/", "image_url": "https://crypto.snapi.dev/images/v1/6/r/shutterstock-terra-luna-defijpgoptimal-111627.jpg", "title": "Luna Foundation Guard Raised $1 Billion for BTC Forex Reserves", "text": "The Luna Foundation Guard (LFG) has founded a Bitcoin (BTC) denominated forex reserve in a $1 billion private token deal for Terra's largest stablecoin. The post Luna Foundation Guard Raised $1 Billion for BTC Forex Reserves appeared first on BeInCrypto.", "source_name": "BeInCrypto", "date": "Wed, 23 Feb 2022 08:00:00 -0500", "topics": [], "sentiment": "Positive", "type": "Article", "tickers": ["BTC", "LUNA"]}, {"news_url": "https://cryptonews.com/news/opera-integrates-deversifi-improve-p2p-ethereum-transactions.htm", "image_url": "https://crypto.snapi.dev/images/v1/s/g/adobestock-monticellllo-1-1-111613.jpg", "title": "Opera Integrates DeversiFi to Improve P2P Ethereum Transactions", "text": "The multi-platform web browser Opera has integrated with DeversiFi, a decentralized exchange (DEX) powered by Starkware's Layer 2 (L2) scaling solution, in a bid to offer faster and cheaper transactions within its mobile browser wallet.", "source_name": "Cryptonews", "date": "Wed, 23 Feb 2022 08:00:00 -0500", "topics": [], "sentiment": "Positive", "type": "Article", "tickers": ["ETH"]}, {"news_url": "https://bitcoinmagazine.com/markets/should-federal-reserve-hold-bitcoin", "image_url": "https://crypto.snapi.dev/images/v1/e/9/the-federal-reserve-111607.jpg", "title": "Should The Federal Reserve Add Bitcoin To Its Balance Sheet?", "text": "Senator Cynthia Lummis and a former Federal Reserve vice chair recently discussed whether the U.S. central bank should hold bitcoin on its balance sheet.", "source_name": "Bitcoin Magazine", "date": "Wed, 23 Feb 2022 08:00:00 -0500", "topics": [], "sentiment": "Neutral", "type": "Article", "tickers": ["BTC"]}, {"news_url": "https://www.coindesk.com/business/2022/02/23/web-3-browser-opera-integrates-with-ethereum-layer-2-exchange-deversifi/", "image_url": "https://crypto.snapi.dev/images/v1/4/4/44jedbai6jh7rklrpsgvki2un4-111618.jpg", "title": "Web 3 Browser Opera Integrates With Ethereum Layer 2 Exchange DeversiFi", "text": "DeversiFi's aim is to help traders avoid the high gas fees on the Ethereum network by enabling layer 2 trading.", "source_name": "Coindesk", "date": "Wed, 23 Feb 2022 08:00:00 -0500", "topics": [], "sentiment": "Positive", "type": "Article", "tickers": ["ETH"]}, {"news_url": "https://coinpedia.org/price-analysis/bitcoinbtc-price-igniting-a-decent-flip-strong-reversal-expected-very-soon/", "image_url": "https://crypto.snapi.dev/images/v1/x/i/bitcoin-bloomberg-1200-111422-111605.jpg", "title": "Bitcoin(BTC) Price Igniting a Decent Flip, Strong Reversal Expected Very Soon!", "text": "While the crypto space was speculated to undergo a drastic plunge much lower than the anticipated support levels, a\u00a0 minor flip emerged keeping the hopes alive. Currently, the BTC price is following a decent upswing after a strong rebound from the lower support. Moreover, the ascending trend is constantly being tested by the bears, and \u2026", "source_name": "CoinPedia", "date": "Wed, 23 Feb 2022 07:55:24 -0500", "topics": [], "sentiment": "Positive", "type": "Article", "tickers": ["BTC"]}, {"news_url": "https://coinpedia.org/altcoin/solana-sol-price-to-surge-30-by-feb-end/", "image_url": "https://crypto.snapi.dev/images/v1/c/x/crypto3-111601.jpg", "title": "This Signal Hinting Solana (SOL) Price to Surge 30% By Feb End?", "text": "The crypto sphere now sees a notable uptick in monetary metrics of a number of digital assets from its directory. Which has escorted a sigh of relief from the gloom of the previous day. Solana is one such asset that has risen to a significant degree over the bygone day.\u00a0 The top-tier crypto-asset welcomes the \u2026", "source_name": "CoinPedia", "date": "Wed, 23 Feb 2022 07:49:40 -0500", "topics": [], "sentiment": "Positive", "type": "Article", "tickers": ["SOL"]}, {"news_url": "https://u.today/anon-whale-moves-close-to-30-million-in-xrp-while-coin-rises-921?SNAPI", "image_url": "https://crypto.snapi.dev/images/v1/a/l/12895-111599.jpg", "title": "Anon Whale Moves Close to $30 Million in XRP, While Coin Rises 9.21%", "text": "Ripple and this crypto behemoth have transferred almost $30 million worth of XRP, while the coin is showing a moderate rise", "source_name": "UToday", "date": "Wed, 23 Feb 2022 07:47:00 -0500", "topics": ["whales"], "sentiment": "Positive", "type": "Article", "tickers": ["XRP"]}, {"news_url": "https://dailyhodl.com/2022/02/23/crypto-analyst-who-nailed-2018-bear-market-bottom-says-bitcoin-btc-trading-below-30000-now-inevitable/", "image_url": "https://crypto.snapi.dev/images/v1/u/l/btc-trading-below-30jpgfit10242c600ssl1-111610.jpg", "title": "Crypto Analyst Who Nailed 2018 Bear Market Bottom Says Bitcoin (BTC) Trading Below $30,000 Now Inevitable", "text": "The crypto analyst who accurately called the 2018 bear market bottom is issuing a warning to Bitcoin traders, saying BTC is in danger of breaching support at $30,000. Pseudonymous analyst Smart Contracter tells his 205,100 Twitter followers that Bitcoin's recent surge from the lows of $33,000 on January 24th to the highs of $45,000 on [\u2026] The post Crypto Analyst Who Nailed 2018 Bear Market Bottom Says Bitcoin (BTC) Trading Below $30,000 Now Inevitable appeared first on The Daily Hodl.", "source_name": "The Daily Hodl", "date": "Wed, 23 Feb 2022 07:45:39 -0500", "topics": [], "sentiment": "Negative", "type": "Article", "tickers": ["BTC"]}, {"news_url": "https://www.dcforecasts.com/altcoin-news/terra-claims-luna-token-sale-raised-1-billion-for-btc-reserve/", "image_url": "https://crypto.snapi.dev/images/v1/b/x/terra-luna-1200x675-1-111468-111597.webp", "title": "Terra Claims LUNA Token Sale Raised $1 Billion For BTC Reserve", "text": "Terra claims LUNA token sale was performed to raise $1 billion for the BTC reserve while Jump Crypto and Three Arrows Capital bought a huge chunk of LUNA tokens as we can see more in our latest cryptocurrency news. The LUNA foundation guard which is a nonprofit organization linked to Terra claims that it has [\u2026]", "source_name": "DCForecasts", "date": "Wed, 23 Feb 2022 07:38:15 -0500", "topics": [], "sentiment": "Positive", "type": "Article", "tickers": ["BTC", "LUNA"]}, {"news_url": "https://www.coindesk.com/business/2022/02/23/morgan-stanley-says-bitcoin-cannot-escape-energy-requirements/", "image_url": "https://crypto.snapi.dev/images/v1/l/t/wvkbdmhmcvblnfs3aes5by26wq-111598.jpg", "title": "Morgan Stanley Says Bitcoin Cannot Escape Energy Requirements", "text": "Increased investor interest means that sustainability has become an important consideration for crypto, the bank said.", "source_name": "Coindesk", "date": "Wed, 23 Feb 2022 07:36:00 -0500", "topics": [], "sentiment": "Neutral", "type": "Article", "tickers": ["BTC"]}, {"news_url": "https://cointelegraph.com/news/crypto-community-welcomes-ethereum-zksync-testnet", "image_url": "https://crypto.snapi.dev/images/v1/r/3/840-ahr0chm6ly9zmy5jb2ludgvszwdyyxbolmnvbs91cgxvywrzlziwmjitmdivzwy2mjjkmdetytzknc00mzmxlwi2odatnwmwnmqyyjzjndbklmpwzw-111596.jpg", "title": "Crypto community welcomes Ethereum zkSync testnet", "text": "The platform plans to scale up with a framework that allows for rapid growth without sacrificing the security and decentralization of Ethereum.", "source_name": "Cointelegraph", "date": "Wed, 23 Feb 2022 07:31:40 -0500", "topics": [], "sentiment": "Neutral", "type": "Article", "tickers": ["ETH"]}, {"news_url": "https://cryptoslate.com/luna-rallies-as-terra-raises-1-billion-to-create-a-bitcoin-reserve-for-ust/", "image_url": "https://crypto.snapi.dev/images/v1/i/p/terra-luna-lfg-111591.jpg", "title": "LUNA rallies as Terra raises $1 billion to create a Bitcoin reserve for UST", "text": "Luna Foundation Guard (LFG) recently completed an over-the-counter sale of LUNA\u2013raising $1 billion from venture capital groups led by Jump Crypto and Three Arrows Capital. The post LUNA rallies as Terra raises $1 billion to create a Bitcoin reserve for UST appeared first on CryptoSlate.", "source_name": "CryptoSlate", "date": "Wed, 23 Feb 2022 07:31:16 -0500", "topics": [], "sentiment": "Positive", "type": "Article", "tickers": ["LUNA", "BTC"]}, {"news_url": "https://www.coindesk.com/layer2/2022/02/23/tackling-ethereum-problems-at-ethdenver/", "image_url": "https://crypto.snapi.dev/images/v1/d/q/o5f2anyxmzanjmklvbh6uowh7y-111595.jpg", "title": "Tackling Ethereum Problems at ETHDenver", "text": "Developers gathered in Denver to discuss all things Ethereum: staking, DAOs and decentralized finance (DeFi).", "source_name": "Coindesk", "date": "Wed, 23 Feb 2022 07:30:00 -0500", "topics": [], "sentiment": "Negative", "type": "Article", "tickers": ["ETH"]}, {"news_url": "https://coinpedia.org/bitcoin/bitcoin-still-stuck-in-rut-btc-price-might-drop-to-potential-low-of-10k-by-2023/", "image_url": "https://crypto.snapi.dev/images/v1/9/c/crypto2-111589.jpg", "title": "Bitcoin Still Stuck in Rut! BTC Price Might Drop to Potential Low Of $10K by 2023", "text": "All of the top 10 cryptocurrencies by market value are trading in the green, with the biggest boost seen in Terra and Avalanche. Also, Bitcoin and Tether are marginally up today. The total crypto market volume over the last 24 hours is $79.21 billion,\u00a0 For the past two weeks, bitcoin has been stuck in a \u2026", "source_name": "CoinPedia", "date": "Wed, 23 Feb 2022 07:30:00 -0500", "topics": [], "sentiment": "Negative", "type": "Article", "tickers": ["BTC"]}, {"news_url": "https://www.benzinga.com/markets/cryptocurrency/22/02/25772214/bitcoin-donated-to-canadian-truckers-on-the-move-despite-governments-efforts-to-freeze-the?SNAPI", "image_url": "https://crypto.snapi.dev/images/v1/f/5/freedom-convoy-2022-ottawa-february-4-19-111593.jpeg", "title": "Bitcoin Donated To Canadian Truckers On The Move Despite Government's Efforts To 'Freeze' The Coins", "text": "Bitcoin (CRYPTO: BTC) donated to the Canadian truckers protesting COVID-19 restrictions is on the move despite the government's recent efforts towards 'freezing' the cryptocurrency funds.", "source_name": "Benzinga", "date": "Wed, 23 Feb 2022 07:29:00 -0500", "topics": [], "sentiment": "Neutral", "type": "Article", "tickers": ["BTC"]}, {"news_url": "https://cryptonews.com/news/bitcoin-ethereum-keep-moving-higher-luna-avax-extend-gains.htm", "image_url": "https://crypto.snapi.dev/images/v1/d/b/67y222-110926-111581.jpg", "title": "Bitcoin and Ethereum Keep Moving Higher, LUNA and AVAX Extend Gains", "text": "Bitcoin price gained pace above the USD 37,000 level and was able to clear the USD 38,500 resistance. It is currently (11:59 UTC) showing positive signs near USD 38,900 and might rise to USD 39,500.", "source_name": "Cryptonews", "date": "Wed, 23 Feb 2022 07:10:00 -0500", "topics": [], "sentiment": "Positive", "type": "Article", "tickers": ["AVAX", "BTC", "ETH", "LUNA"]}, {"news_url": "https://beincrypto.com/solana-sol-rebounds-after-69-decrease-from-all-time-high/", "image_url": "https://crypto.snapi.dev/images/v1/i/q/what-is-solana-111587.jpg", "title": "Solana (SOL) Rebounds After 69% Decrease From All-Time High", "text": "Solana (SOL) has created a double bottom pattern inside a crucial horizontal support area, indicating that an upward move might soon follow. The post Solana (SOL) Rebounds After 69% Decrease From All-Time High appeared first on BeInCrypto.", "source_name": "BeInCrypto", "date": "Wed, 23 Feb 2022 07:07:57 -0500", "topics": [], "sentiment": "Positive", "type": "Article", "tickers": ["SOL"]}, {"news_url": "https://ambcrypto.com/65-from-ath-this-solana-subset-may-have-some-reason-to-cheer/", "image_url": "https://crypto.snapi.dev/images/v1/t/p/sol-7-110585-111579.jpg", "title": "65% from ATH, this Solana subset may have some reason to cheer", "text": "Solana joined Bitcoin's free fall on the price charts on Tuesday. While once it was among the few cryptos in the green, SOL corrected by 8.5% as it traded just above the $85-mark.", "source_name": "AMBCrypto", "date": "Wed, 23 Feb 2022 07:00:47 -0500", "topics": [], "sentiment": "Positive", "type": "Article", "tickers": ["SOL"]}, {"news_url": "https://cryptodaily.co.uk/2022/02/luna-raises-1-billion-for-bitcoin-reserve-fund", "image_url": "https://crypto.snapi.dev/images/v1/h/y/luna-2-111580.jpeg", "title": "Luna raises $1 billion for Bitcoin reserve fund", "text": "The Luna Foundation Guard has announced the raise of $1 billion from an over-the-counter sale of LUNA, which is the native token of the Terra blockchain. The $1 billion fund will be used as an extra layer to protect the Terra UST stablecoin in case of a major market sell-off.", "source_name": "Crypto Daily", "date": "Wed, 23 Feb 2022 07:00:00 -0500", "topics": [], "sentiment": "Neutral", "type": "Article", "tickers": ["BTC", "LUNA"]}, {"news_url": "https://crypto-economy.com/grayscale-asks-investors-for-help-in-getting-the-sec-to-reconsider-its-bitcoin-etf/", "image_url": "https://crypto.snapi.dev/images/v1/c/t/b-1-scaled-e1624294180833-111971.jpg", "title": "Grayscale Asks Investors for Help in Getting the SEC to Reconsider its Bitcoin ETF", "text": "Grayscale asks investors to step up its efforts to bring the idea of a spot Bitcoin ETF to reality by urging the investors to submit comments to the US SEC on its Bitcoin ETF application.", "source_name": "Crypto Economy", "date": "Wed, 23 Feb 2022 06:44:08 -0500", "topics": ["regulations"], "sentiment": "Neutral", "type": "Article", "tickers": ["BTC"]}, {"news_url": "https://en.cryptonomist.ch/2022/02/23/el-salvador-tourism-increases-over-30-thanks-to-bitcoin/", "image_url": "https://crypto.snapi.dev/images/v1/f/b/tourism-1-300x169-111573.jpg", "title": "El Salvador: tourism increases by over 30% thanks to Bitcoin", "text": "The President of the country that has BTC as legal tender is also implementing reforms", "source_name": "The Cryptonomist", "date": "Wed, 23 Feb 2022 06:41:05 -0500", "topics": [], "sentiment": "Positive", "type": "Article", "tickers": ["BTC"]}, {"news_url": "https://en.cryptonomist.ch/2022/02/23/stock-exchange-thailand-integrates-bitcoin-crypto-trading/", "image_url": "https://crypto.snapi.dev/images/v1/b/f/thailand-stockmarket-300x136-111574.jpg", "title": "Stock Exchange of Thailand integrates Bitcoin and crypto trading", "text": "The President of the SET, Pakorn Peetathawatchai, reveals the new plan", "source_name": "The Cryptonomist", "date": "Wed, 23 Feb 2022 06:37:47 -0500", "topics": [], "sentiment": "Positive", "type": "Article", "tickers": ["BTC"]}, {"news_url": "https://thecurrencyanalytics.com/bitcoin/how-do-you-use-bitcoin-btc-in-the-events-of-power-outages-natural-disasters-39229.php", "image_url": "https://crypto.snapi.dev/images/v1/g/p/how-do-you-use-bitcoin-btc-in-the-events-of-power-outages-natural-disasters-111568.jpg", "title": "How do you use Bitcoin (BTC) in the events of Power Outages Natural Disasters?", "text": "Catch up on the latest crypto market news at The Currency Analytics. Michael Saylor shared: If you oppose bitcoin you won't have the money to oppose anything else.", "source_name": "The Currency Analytics", "date": "Wed, 23 Feb 2022 06:37:37 -0500", "topics": [], "sentiment": "Neutral", "type": "Article", "tickers": ["BTC"]}, {"news_url": "https://cryptoslate.com/grayscale-appeals-for-community-support-with-sec-spot-bitcoin-etf-application/", "image_url": "https://crypto.snapi.dev/images/v1/j/h/sec-bitcoin-grayscale-111566.jpg", "title": "Grayscale appeals for community support with SEC spot Bitcoin ETF application", "text": "Grayscale is calling for help as it attempts to get SEC approval for a spot Bitcoin ETF. The post Grayscale appeals for community support with SEC spot Bitcoin ETF application appeared first on CryptoSlate.", "source_name": "CryptoSlate", "date": "Wed, 23 Feb 2022 06:31:16 -0500", "topics": ["regulations"], "sentiment": "Neutral", "type": "Article", "tickers": ["BTC"]}, {"news_url": "https://coingape.com/?p=101706", "image_url": "https://crypto.snapi.dev/images/v1/q/j/wj5j4bus-bitcoin-overtakes-gold-111562.png", "title": "U.S. Inflation Data Presents Another Test For Bitcoin This Week", "text": "With crypto markets already under pressure from Russia-Ukraine tensions, upcoming inflation data from the United States this week is set to add another layer of uncertainty. The Personal Consumption Expenditures Index (PCE) for January is due this Friday.", "source_name": "Coingape", "date": "Wed, 23 Feb 2022 06:20:53 -0500", "topics": [], "sentiment": "Neutral", "type": "Article", "tickers": ["BTC"]}, {"news_url": "https://cointelegraph.com/news/ethereum-to-10k-classic-bullish-reversal-pattern-hints-at-potential-eth-price-rally", "image_url": "https://crypto.snapi.dev/images/v1/s/u/840-ahr0chm6ly9zmy5jb2ludgvszwdyyxbolmnvbs91cgxvywrzlziwmjitmdivn2nlzdjiztqtmze0yy00zty2lwjlowmtnzjkzme3mde3zdaylmpwzw-111560.jpg", "title": "Ethereum to $10K? Classic bullish reversal pattern hints at potential ETH price rally", "text": "Ethereum attracted roughly 18.36 million new addresses to its network in 2021.", "source_name": "Cointelegraph", "date": "Wed, 23 Feb 2022 06:15:00 -0500", "topics": [], "sentiment": "Positive", "type": "Article", "tickers": ["ETH"]}, {"news_url": "https://beincrypto.com/grayscale-continues-campaign-to-spur-sec-into-action-on-spot-bitcoin-etf/", "image_url": "https://crypto.snapi.dev/images/v1/p/f/grayscale-etf-111564.png", "title": "Grayscale Continues Campaign to Spur SEC Into Action on Spot Bitcoin ETF", "text": "Grayscale has launched a campaign to put pressure on U.S. regulators for the highly anticipated conversion of its BTC Trust into a spot-based exchange-traded fund. The post Grayscale Continues Campaign to Spur SEC Into Action on Spot Bitcoin ETF appeared first on BeInCrypto.", "source_name": "BeInCrypto", "date": "Wed, 23 Feb 2022 06:10:22 -0500", "topics": ["regulations"], "sentiment": "Neutral", "type": "Article", "tickers": ["BTC"]}, {"news_url": "https://www.investingcube.com/bitcoin-price-prediction-btc-path-to-recovery-just-got-narrower-cryptocurrencies/", "image_url": "https://crypto.snapi.dev/images/v1/g/i/shutterstock-1925293097-1024x576-1-111559.jpg", "title": "Bitcoin Price Prediction: BTC Path to Recovery Just Got Narrower", "text": "Bitcoin price has sold-off lately. We explain why the path to recovery for BTC just got a bit narrower and what to expect.", "source_name": "InvestingCube", "date": "Wed, 23 Feb 2022 06:07:28 -0500", "topics": [], "sentiment": "Negative", "type": "Article", "tickers": ["BTC"]}, {"news_url": "https://investorplace.com/2022/02/a-decade-old-memo-puts-xrp-ripple-on-the-hotseat/", "image_url": "https://crypto.snapi.dev/images/v1/n/f/crypto20-111558.jpg", "title": "A Decade-Old Memo Puts Ripple on the Hotseat in its SEC Battle", "text": "A couple of 2012 legal memos Ripple Labs received could be the straw that breaks the cryptocurrency's back. Is it time to give up on XRP-USD?", "source_name": "Investorplace", "date": "Wed, 23 Feb 2022 06:00:25 -0500", "topics": ["regulations"], "sentiment": "Negative", "type": "Article", "tickers": ["XRP"]}, {"news_url": "https://coinmarketcap.com/alexandria/article/bitcoin-s-price-is-just-16-higher-than-the-average-bitcoin-mining-cost", "image_url": "https://crypto.snapi.dev/images/v1/t/n/10415c36de44408dabb02d465f99b601-111619.jpeg", "title": "Bitcoin's Price Is Just 16% Higher Than the Average Bitcoin Mining Cost", "text": "Bitcoin price is 1.16X higher than its average mining cost, the lowest multiple since January 2021. Is Bitcoin trading at a discount now?", "source_name": "CoinMarketCap", "date": "Wed, 23 Feb 2022 05:45:34 -0500", "topics": ["mining"], "sentiment": "Neutral", "type": "Article", "tickers": ["BTC"]}, {"news_url": "https://www.dailyfx.com/forex/market_alert/2022/02/23/Bitcoin-BTC-Ethereum-ETH-Latest-Trimming-Recent-Losses-Hurdles-Lie-Ahead-.html", "image_url": "https://crypto.snapi.dev/images/v1/v/z/crypto19-111557.jpg", "title": "Bitcoin (BTC), Ethereum (ETH) Latest \u2013 Trimming Recent Losses, Hurdles Lie Ahead", "text": "Bitcoin (BTC) is paring recent losses but it may struggle to push appreciably higher as strong resistance lies ahead.", "source_name": "DailyFX", "date": "Wed, 23 Feb 2022 05:35:00 -0500", "topics": [], "sentiment": "Negative", "type": "Article", "tickers": ["BTC", "ETH"]}, {"news_url": "https://www.theblockcrypto.com/post/135148/a-look-at-chainalysis-claim-to-track-bitcoin-through-mixing-service-coinjoin", "image_url": "https://crypto.snapi.dev/images/v1/j/i/20211221-defi-exchanges-tracking-identity-800x450-111533.jpg", "title": "A look at Chainalysis' claim to track bitcoin through mixing service CoinJoin", "text": "Chainalysis says it managed to trace bitcoin through the popular mixing service CoinJoin. But are all transactions traceable? The post A look at Chainalysis' claim to track bitcoin through mixing service CoinJoin appeared first on The Block.", "source_name": "The Block", "date": "Wed, 23 Feb 2022 05:32:17 -0500", "topics": [], "sentiment": "Neutral", "type": "Article", "tickers": ["BTC"]}, {"news_url": "https://cointelegraph.com/news/mexican-senator-to-propose-crypto-law-we-need-bitcoin-as-legal-tender", "image_url": "https://crypto.snapi.dev/images/v1/a/w/840-ahr0chm6ly9zmy5jb2ludgvszwdyyxbolmnvbs91cgxvywrzlziwmjitmdivzjlhytu3otktotg3zs00n2mxltg2yzitmjnmnzg0mdu5otm0lmpwzw-111529.jpg", "title": "Mexican senator to propose crypto law: \u2018We need Bitcoin as legal tender'", "text": "Indira Kempis, a senator representing Nuevo Le\u00f3n state in Mexico, works on a crypto bill based on El Salvador's Bitcoin Law.", "source_name": "Cointelegraph", "date": "Wed, 23 Feb 2022 05:27:21 -0500", "topics": ["regulations"], "sentiment": "Neutral", "type": "Article", "tickers": ["BTC"]}, {"news_url": "https://invezz.com/news/2022/02/23/ethereum-aud-explained-and-where-to-buy-ethereum/", "image_url": "https://crypto.snapi.dev/images/v1/e/t/ethereum-111555.jpg", "title": "Ethereum AUD explained and where to buy Ethereum\u00a0", "text": "The ETH/AUD trading pair has attracted a lot of investor interest today. The price of Ethereum has fallen by almost 14% in the past 7 days, but it has increased by 7% in the last 24 hours. In just the past hour, the price rose by almost 0.1%. However, Ethereum is still almost 45% below [\u2026] The post Ethereum AUD explained and where to buy Ethereum\u00a0 appeared first on Invezz.", "source_name": "Invezz", "date": "Wed, 23 Feb 2022 05:23:45 -0500", "topics": [], "sentiment": "Positive", "type": "Article", "tickers": ["ETH"]}, {"news_url": "https://thecurrencyanalytics.com/bitcoin/bitcoins-price-by-the-end-of-2022-predictions-are-useless-39218.php", "image_url": "https://crypto.snapi.dev/images/v1/k/d/bitcoins-price-by-the-end-of-2022-predictions-are-useless-111524.jpg", "title": "Bitcoin's Price by the End of 2022? Predictions are Useless", "text": "Catch up on the latest crypto market news at The Currency Analytics. Dan Held Interrogated: Bitcoin's price by the end of 2022?", "source_name": "The Currency Analytics", "date": "Wed, 23 Feb 2022 05:15:49 -0500", "topics": [], "sentiment": "Neutral", "type": "Article", "tickers": ["BTC"]}, {"news_url": "https://cryptodaily.co.uk/2022/02/solana-based-zebec-raises-15-m-to-scale-up", "image_url": "https://crypto.snapi.dev/images/v1/d/h/solana-funding-111518.jpg", "title": "Solana-based Zebec Raises $15M To Scale Up", "text": "The latest round of financing will allow the Solana-based cash stream protocol to continue scaling its DeFi payment solution.\u00a0 Solana Ventures Backs Up Solana-Based Cash Stream The latest funding round by the programmable cash stream protocol has raked in $15 million and was led by Solana Ventures and Distributed Global.", "source_name": "Crypto Daily", "date": "Wed, 23 Feb 2022 04:55:00 -0500", "topics": [], "sentiment": "Positive", "type": "Article", "tickers": ["SOL"]}, {"news_url": "https://coinpedia.org/bitcoin/bitcoin-btc-bearish-patterns-not-ending-anytime-soon/", "image_url": "https://crypto.snapi.dev/images/v1/s/t/crypto16-111509.jpg", "title": "Bitcoin (BTC) Bearish Patterns Not Ending Anytime Soon! Distress for Traders to Continue, Here's Why?", "text": "Geopolitical concerns appear to have put an end to bitcoin's robust comeback, which saw the cryptocurrency gain almost $40,000 in the first half of February. On Tuesday, the price of Bitcoin plummeted below $37,000, indicating a 15 percent loss in the last seven days.\u00a0 bitcoin price is currently trading in the $38,122.55 range with the \u2026", "source_name": "CoinPedia", "date": "Wed, 23 Feb 2022 04:30:00 -0500", "topics": [], "sentiment": "Negative", "type": "Article", "tickers": ["BTC"]}, {"news_url": "https://cointelegraph.com/news/bitcoin-traders-mark-levels-to-watch-as-btc-price-bounces-to-39k", "image_url": "https://crypto.snapi.dev/images/v1/f/w/840-ahr0chm6ly9zmy5jb2ludgvszwdyyxbolmnvbs91cgxvywrzlziwmjitmdivzje3mgflywitndg3yy00mdhkltk5ogitnmm1mgezodfmzwy4lmpwzw-111510.jpg", "title": "Bitcoin traders mark levels to watch as BTC price bounces to $39K", "text": "A strong comeback for Bitcoin is due to meet \"likely rejection\" should $40,000 come back into play, one analyst warns.", "source_name": "Cointelegraph", "date": "Wed, 23 Feb 2022 04:28:10 -0500", "topics": [], "sentiment": "Positive", "type": "Article", "tickers": ["BTC"]}, {"news_url": "https://www.cryptopolitan.com/ripple-price-analysis-2022-02-23/", "image_url": "https://crypto.snapi.dev/images/v1/p/n/ripple-price-analysis-range-bound-xrp-grinds-lower-to-touch-1-3008-1-2-111508.jpg", "title": "Ripple price analysis: USD set to dip further in the next 24 hours", "text": "TL;DR Breakdown Ripple price analysis is giving bearish hints today. Strong resistance is present at $0.717.", "source_name": "Cryptopolitan", "date": "Wed, 23 Feb 2022 04:26:03 -0500", "topics": ["tanalysis"], "sentiment": "Negative", "type": "Article", "tickers": ["XRP"]}, {"news_url": "https://en.cryptonomist.ch/2022/02/23/bitcoin-ethereum-xrp-price-rally-on-tuesday/", "image_url": "https://crypto.snapi.dev/images/v1/x/k/trading-3274162660x368-300x167-111542.jpg", "title": "Bitcoin, Ethereum, XRP Price Rally on Tuesday", "text": "The Fear and Greed Index is 25 Extreme Fear", "source_name": "The Cryptonomist", "date": "Wed, 23 Feb 2022 04:20:25 -0500", "topics": [], "sentiment": "Positive", "type": "Article", "tickers": ["BTC", "ETH", "XRP"]}, {"news_url": "https://thecurrencyanalytics.com/bitcoin/luganos-plan-%e2%82%bf-is-bitcoin-tether-usdt-doing-more-for-btc-adoption-39215.php", "image_url": "https://crypto.snapi.dev/images/v1/i/c/luganos-plan-is-bitcoin-tether-usdt-doing-more-for-btc-adoption-111503.jpg", "title": "Lugano's Plan \u20bf is Bitcoin Tether (USDT) Doing More for BTC Adoption", "text": "Catch up on the latest crypto market news at The Currency Analytics. Lugano is a city in southern Switzerland's Italian-speaking Ticino region.", "source_name": "The Currency Analytics", "date": "Wed, 23 Feb 2022 04:02:37 -0500", "topics": ["stablecoins"], "sentiment": "Positive", "type": "Article", "tickers": ["BTC", "USDT"]}, {"news_url": "https://www.coindesk.com/business/2022/02/23/aventus-taps-scytale-ventures-to-boost-polkadot-parachain-plans/", "image_url": "https://crypto.snapi.dev/images/v1/6/l/m6njsfpzwvd7npt7a4dc5s7pmi-111505.jpeg", "title": "Aventus Taps Scytale Ventures to Boost Polkadot Parachain Plans", "text": "Aventus wants to bring business-friendly blockchain applications to the Polkadot network.", "source_name": "Coindesk", "date": "Wed, 23 Feb 2022 04:00:00 -0500", "topics": [], "sentiment": "Positive", "type": "Article", "tickers": ["DOT"]}, {"news_url": "https://beincrypto.com/bitcoin-btc-rebounds-after-short-term-bullish-divergence/", "image_url": "https://crypto.snapi.dev/images/v1/s/s/bic-onchain-analysis-bitcoin-111507.png", "title": "Bitcoin (BTC) Rebounds After Short-Term Bullish Divergence", "text": "Bitcoin (BTC) created a bullish candlestick on Feb 23 and is now approaching a make-or-break resistance level. The post Bitcoin (BTC) Rebounds After Short-Term Bullish Divergence appeared first on BeInCrypto.", "source_name": "BeInCrypto", "date": "Wed, 23 Feb 2022 03:55:27 -0500", "topics": [], "sentiment": "Positive", "type": "Article", "tickers": ["BTC"]}, {"news_url": "https://bitcoinist.com/regulator-will-lose-lawsuit-against-ripple/", "image_url": "https://crypto.snapi.dev/images/v1/n/r/secc-640x360-111501.jpg", "title": "SEC Will Lose Lawsuit Against Ripple, Former SEC Official Predicts", "text": "In December 2020, the US Securities and Exchange Commission filed a lawsuit against Ripple and its chief executives, Brad Garlinghouse and Chris Larsen. According to the SEC, Ripple traded $1.3 billion in their cryptocurrency XRP as a security without notifying the commission.", "source_name": "Bitcoinist", "date": "Wed, 23 Feb 2022 03:45:02 -0500", "topics": ["regulations"], "sentiment": "Negative", "type": "Article", "tickers": ["XRP"]}, {"news_url": "https://coinpedia.org/ripple/ripple-vs-sec-is-this-just-another-motion-by-the-sec/", "image_url": "https://crypto.snapi.dev/images/v1/v/i/crypto15-111500.jpg", "title": "Ripple Vs SEC : Is This Just Another Motion By The SEC! Will this Cost XRP Price For 40% Correction?", "text": "The global crypto market has been witnessing a series of events, which have been garnering the interests of the fraternity. This comes despite the ongoing turmoil, that has engulfed the business in torments. The latest event, which has left the masses curious, is a recent update in Ripple's legal brawl. The previous event in the \u2026", "source_name": "CoinPedia", "date": "Wed, 23 Feb 2022 03:41:00 -0500", "topics": ["regulations"], "sentiment": "Negative", "type": "Article", "tickers": ["XRP"]}, {"news_url": "https://coingape.com/?p=101683", "image_url": "https://crypto.snapi.dev/images/v1/k/t/sec-vs-ripple-1-min-111499.jpg", "title": "Ripple Vs SEC: Is SEC Deliberately Trying To Delay Ripple Lawsuit Rulings?", "text": "XRP Vs SEC Ripple lawsuit has been a long and messy legal battle since December 2020. While SEC's approach in the case against XRP has been confusing and questionable.", "source_name": "Coingape", "date": "Wed, 23 Feb 2022 03:32:21 -0500", "topics": ["regulations"], "sentiment": "Negative", "type": "Article", "tickers": ["XRP"]}, {"news_url": "https://coingape.com/?p=101669", "image_url": "https://crypto.snapi.dev/images/v1/s/k/russia-bitcoin-crypto-law-gid-5-111497.jpg", "title": "Bitcoin Holds Near $38k; Faces Pressure After U.S.-Russia Sanctions", "text": "Bitcoin hovered around the $38,000 level on Wednesday, leading a small recovery among cryptocurrencies even as the United States slapped sanctions on Russia over an invasion of Ukraine. The token recovered 3.5% from a slump to $36,629 on Tuesday, amid some speculation that it had found its bottom.", "source_name": "Coingape", "date": "Wed, 23 Feb 2022 03:25:50 -0500", "topics": [], "sentiment": "Negative", "type": "Article", "tickers": ["BTC"]}, {"news_url": "https://cointelegraph.com/news/you-d-better-buy-some-bitcoin-btc-figures-defy-canada-gov-t-as-etf-assets-hit-record", "image_url": "https://crypto.snapi.dev/images/v1/i/r/840-ahr0chm6ly9zmy5jb2ludgvszwdyyxbolmnvbs91cgxvywrzlziwmjitmdivndq1yzbknjctn2ixzi00ntfjlwiznjatogjjotcxywfim2zhlmpwzw-111498.jpg", "title": "'You'd better buy some Bitcoin' \u2014 BTC figures defy Canada gov't as ETF assets hit record", "text": "BTC remains the best bet when it comes to avoiding Canada lawmakers' overreach, proponents argue.", "source_name": "Cointelegraph", "date": "Wed, 23 Feb 2022 03:23:53 -0500", "topics": [], "sentiment": "Neutral", "type": "Article", "tickers": ["BTC"]}, {"news_url": "https://invezz.com/news/2022/02/23/tourism-activities-in-el-salvador-increased-by-30-following-bitcoin-btc-adoption/", "image_url": "https://crypto.snapi.dev/images/v1/n/o/el-salvador-111495.jpg", "title": "Tourism activities in El Salvador increased by 30% following Bitcoin (BTC) adoption", "text": "El Salvador's Bitcoin law was dealt a major blow after the crypto market took a plunge in January. However, the law's implementation is still carrying some benefits for the Central American country. Since the law was implemented in 2021 and Bitcoin (BTC/USD) was adopted as legal tender, El Salvador's Gross Domestic Product (GDP) has increased, [\u2026] The post Tourism activities in El Salvador increased by 30% following Bitcoin (BTC) adoption appeared first on Invezz.", "source_name": "Invezz", "date": "Wed, 23 Feb 2022 03:20:58 -0500", "topics": [], "sentiment": "Positive", "type": "Article", "tickers": ["BTC"]}, {"news_url": "https://en.cryptonomist.ch/2022/02/23/grayscale-launches-campaign-first-bitcoin-etf/", "image_url": "https://crypto.snapi.dev/images/v1/n/0/6b0565df-28ca-44c7-8a18-9483ac6b9779-300x180-111543.jpg", "title": "Grayscale launches a campaign for its first Bitcoin ETF", "text": "While the US Securities and Exchange Commission is still considering whether to approve the first spot Bitcoin ETF, Grayscale investment has invited US investors to submit comments and opinions on the subject", "source_name": "The Cryptonomist", "date": "Wed, 23 Feb 2022 03:14:48 -0500", "topics": [], "sentiment": "Positive", "type": "Article", "tickers": ["BTC"]}, {"news_url": "https://u.today/ripple-responds-to-secs-latest-attempt-to-strike-companys-key-defense?SNAPI", "image_url": "https://crypto.snapi.dev/images/v1/b/u/7303-111494.jpg", "title": "Ripple Responds to SEC's Latest Attempt to Strike Company's Key Defense", "text": "Ripple claims that LBRY case is irrelevant when it comes to its own fair notice defense in response to recent request filed by SEC", "source_name": "UToday", "date": "Wed, 23 Feb 2022 03:08:00 -0500", "topics": ["regulations"], "sentiment": "Negative", "type": "Article", "tickers": ["XRP"]}, {"news_url": "https://dailyhodl.com/2022/02/23/bitcoin-btc-solana-sol-and-avalanche-avax-see-institutional-flows-despite-market-uncertainty-coinshares/", "image_url": "https://crypto.snapi.dev/images/v1/z/s/bitcoin-solana-avalanche-flowsjpgfit10242c600ssl1-111504.jpg", "title": "Bitcoin (BTC), Solana (SOL) and Avalanche (AVAX) See Institutional Flows Despite Market Uncertainty: CoinShares", "text": "A leading digital asset manager says institutional inflows for Bitcoin (BTC), Solana (SOL) and Avalanche (AVAX) are up as the markets continue to stumble. According to the latest Coinshares report, digital asset investment products had total weekly inflows of $109 million despite bearish market action. Bitcoin led the way with $89 million worth of inflows, [\u2026] The post Bitcoin (BTC), Solana (SOL) and Avalanche (AVAX) See Institutional Flows Despite Market Uncertainty: CoinShares appeared first on The Daily Hodl.", "source_name": "The Daily Hodl", "date": "Wed, 23 Feb 2022 03:04:41 -0500", "topics": ["institutions"], "sentiment": "Positive", "type": "Article", "tickers": ["AVAX", "BTC", "SOL"]}, {"news_url": "https://en.cryptonomist.ch/2022/02/23/huobi-bitcoin-bull-wont-until-end-2024/", "image_url": "https://crypto.snapi.dev/images/v1/p/m/1cedc284-350a-4598-b2a8-e324412d2107-300x200-111544.jpg", "title": "Huobi co-founder: \u201cBitcoin bull won't be until end of 2024\u201d", "text": "Du Jun links to the halving as an indicator leading to the rise in the price of BTC", "source_name": "The Cryptonomist", "date": "Wed, 23 Feb 2022 02:53:37 -0500", "topics": [], "sentiment": "Neutral", "type": "Article", "tickers": ["BTC"]}, {"news_url": "https://www.cryptopolitan.com/polkadot-price-analysis-2022-02-23/", "image_url": "https://crypto.snapi.dev/images/v1/h/4/dot-6-111490.jpg", "title": "Polkadot price analysis: DOT bulls striving for stability at $16.7. Upside to follow?", "text": "TL;DR Breakdown Polkadot price analysis predicts a bullish trend. Resistance for DOT/USD is present at $17.8.", "source_name": "Cryptopolitan", "date": "Wed, 23 Feb 2022 02:53:08 -0500", "topics": ["tanalysis"], "sentiment": "Positive", "type": "Article", "tickers": ["DOT"]}, {"news_url": "https://coinnounce.com/el-salvadors-tourism-grew-30-after-adopting-bitcoin-as-legal-tender/", "image_url": "https://crypto.snapi.dev/images/v1/p/w/109508989-7d97bc6e-37e1-4ce8-8abe-3758292cc2e0-1-111489.jpg", "title": "El Salvador's tourism grew 30% after adopting bitcoin as legal tender.", "text": "The El Salvadoran government has outlined some economic benefits of adopting bitcoin as an optional legal tender. The Central American country's bitcoin law went into effect in September last year, making bitcoin a national currency alongside the U.S. dollar.", "source_name": "Coinnounce", "date": "Wed, 23 Feb 2022 02:51:55 -0500", "topics": [], "sentiment": "Neutral", "type": "Article", "tickers": ["BTC"]}, {"news_url": "https://cryptopotato.com/luna-foundation-guard-raises-1b-for-bitcoin-ust-stablecoin-reserve/", "image_url": "https://crypto.snapi.dev/images/v1/a/f/terra-cover-111487.jpg", "title": "Luna Foundation Guard Raises $1B for Bitcoin UST Stablecoin Reserve", "text": "The Luna Foundation Guard (LFG) has secured a $1 billion private token sale to establish a decentralized reserve denominated in Bitcoin for its UST stablecoin.", "source_name": "CryptoPotato", "date": "Wed, 23 Feb 2022 02:47:35 -0500", "topics": ["stablecoins"], "sentiment": "Neutral", "type": "Article", "tickers": ["BTC", "LUNA"]}, {"news_url": "https://coinpedia.org/altcoin/this-is-where-bitcoin-btc-ripple-xrp-and-hedera-hashgraph-hbar-prices-are-heading/", "image_url": "https://crypto.snapi.dev/images/v1/4/o/crypto14-111485.jpg", "title": "This Is Where Bitcoin (BTC) Ripple (XRP) and Hedera Hashgraph (HBAR) Prices Are Heading!\u00a0", "text": "The bitcoin price rose slightly on Wednesday and the global cryptocurrency market was trading in green as investors continued to assess the escalating tensions on the Russia-Ukraine border. The global crypto market cap is $1.72 trillion, a 2.35% increase over the last day. The total crypto market volume over the last 24 hours is $82.28 \u2026", "source_name": "CoinPedia", "date": "Wed, 23 Feb 2022 02:16:17 -0500", "topics": [], "sentiment": "Neutral", "type": "Article", "tickers": ["BTC", "HBAR", "XRP"]}, {"news_url": "https://beincrypto.com/el-salvador-tourism-increases-30-bitcoin-legal-tender/", "image_url": "https://crypto.snapi.dev/images/v1/7/j/el-salvador-btcjpgoptimal-111486.jpg", "title": "El Salvador Tourism Increases 30% Since Bitcoin Became Legal Tender", "text": "Tourism in El Salvador has increased by 30% since bitcoin was introduced as legal tender. on Sept 7, 2021.", "source_name": "BeInCrypto", "date": "Wed, 23 Feb 2022 02:04:36 -0500", "topics": [], "sentiment": "Positive", "type": "Article", "tickers": ["BTC"]}, {"news_url": "https://cointelegraph.com/news/former-sec-official-predicts-regulator-will-lose-on-the-merits-of-case-against-ripple", "image_url": "https://crypto.snapi.dev/images/v1/5/v/840-ahr0chm6ly9zmy5jb2ludgvszwdyyxbolmnvbs91cgxvywrzlziwmjitmdivngrmnzfkztktmzc3yy00ngnllwjjyjatndmwzty2zge0mznmlmpwzw-111483.jpg", "title": "Former SEC official predicts regulator 'will lose on the merits' of case against Ripple", "text": "Joseph Hall believes that the SEC is not yet equipped to handle litigation in cases concerning cryptocurrencies as securities yet, making it hard to win the case against Ripple.", "source_name": "Cointelegraph", "date": "Wed, 23 Feb 2022 01:50:51 -0500", "topics": ["regulations"], "sentiment": "Neutral", "type": "Article", "tickers": ["XRP"]}, {"news_url": "https://cointelegraph.com/news/89m-flows-into-bitcoin-funds-despite-looming-conflict-but-eth-funds-are-negative", "image_url": "https://crypto.snapi.dev/images/v1/n/s/840-ahr0chm6ly9zmy5jb2ludgvszwdyyxbolmnvbs91cgxvywrzlziwmjitmdivyzm0ytfjm2qtytq0zc00yjg4ltk3zjgtnzkyymrmytvhzmq2lmpwzw-111482.jpg", "title": "$89M flows into Bitcoin funds despite looming conflict, but ETH funds are negative", "text": "CoinShares noted that despite \u201cprice weakness and perceived negative impact from the looming conflict in Eastern Europe,\u201d digital asset investment products saw inflows totaling $109 last week.", "source_name": "Cointelegraph", "date": "Wed, 23 Feb 2022 01:43:35 -0500", "topics": [], "sentiment": "Negative", "type": "Article", "tickers": ["BTC"]}, {"news_url": "https://coinpedia.org/bitcoin/bitcoin-btc-price-might-drop-to-this-level/", "image_url": "https://crypto.snapi.dev/images/v1/r/j/crypto13-111480.jpg", "title": "Bitcoin (BTC) Price Might Drop To $25k Level If This Happens! What Can Traders Expect?", "text": "After Russian President Vladimir Putin made a bold statement amid escalating tensions on the Russia-Ukraine border, Bitcoin and other cryptocurrency values plummeted, putting the global crypto market in the red.\u00a0 Bitcoin Price Analysis\u00a0 Bitcoin is struggling to recover above the $38 resistance zone. At Press time the flagship currency is trading at $38,085.41 with 3% \u2026", "source_name": "CoinPedia", "date": "Wed, 23 Feb 2022 01:29:03 -0500", "topics": [], "sentiment": "Negative", "type": "Article", "tickers": ["BTC"]}, {"news_url": "https://u.today/elon-musk-posts-hilarious-meme-about-web3-and-ethereum?SNAPI", "image_url": "https://crypto.snapi.dev/images/v1/j/i/12887-111478.jpg", "title": "Elon Musk Posts Hilarious Meme About Web3 and Ethereum", "text": "Tesla CEO Elon Musk has called attention to Ethereum co-founder Vitalik Buterin's eccentric fashion choices with the help of a hilarious meme", "source_name": "UToday", "date": "Wed, 23 Feb 2022 01:20:00 -0500", "topics": [], "sentiment": "Neutral", "type": "Article", "tickers": ["ETH"]}, {"news_url": "https://www.newsbtc.com/analysis/eth/ethereum-primed-for-strong-recovery-2750/", "image_url": "https://crypto.snapi.dev/images/v1/r/b/shutterstock-262478576-1-111477.jpg", "title": "TA: Ethereum Primed For Strong Recovery And Only 1 Thing is Holding it Back", "text": "Ethereum is attempting a recovery wave from the $2,500 support against the US Dollar. ETH price must clear $2,700 and $2,750 to start a strong recovery wave.", "source_name": "NewsBTC", "date": "Wed, 23 Feb 2022 01:08:11 -0500", "topics": ["tanalysis"], "sentiment": "Positive", "type": "Article", "tickers": ["ETH"]}, {"news_url": "https://cryptodaily.co.uk/2022/02/investigation-reveals-tenx-ceo-toby-hoenisch-as-the-ethereum-dao-hacker", "image_url": "https://crypto.snapi.dev/images/v1/c/u/ethereum-dao-hack-111476.jpg", "title": "Investigation Reveals TenX CEO Toby Hoenisch As The Ethereum DAO Hacker", "text": "An investigation carried out by Laura Shin and blockchain analytics firm Chainalysis has claimed to identify the person behind The DAO hack of 2016. The Ethereum DAO hack has been one of the longest and most intriguing mysteries in the crypto space.", "source_name": "Crypto Daily", "date": "Wed, 23 Feb 2022 01:03:00 -0500", "topics": [], "sentiment": "Negative", "type": "Article", "tickers": ["ETH"]}, {"news_url": "https://coinnounce.com/russian-finance-ministry-moves-ahead-with-its-bitcoin-regulation-proposal/", "image_url": "https://crypto.snapi.dev/images/v1/i/3/59bbb6c1fc7e93d51d8b4567-1-111475.jpg", "title": "Russian Finance Ministry moves ahead with its Bitcoin regulation proposal despite the central bank's objection.", "text": "Russia could soon legalize cryptocurrencies despite ongoing calls to ban them by the country's central bank. The country's Finance Ministry is moving ahead with its Bitcoin regulation proposal, and in its latest move, it has introduced a bill to parliament seeking to make cryptocurrencies legal.", "source_name": "Coinnounce", "date": "Wed, 23 Feb 2022 01:02:25 -0500", "topics": ["regulations"], "sentiment": "Neutral", "type": "Article", "tickers": ["BTC"]}, {"news_url": "https://beincrypto.com/total-value-locked-bitcoin-lightning-network-3479-btc-1-3b/", "image_url": "https://crypto.snapi.dev/images/v1/u/w/bic-lightning-network-patch-bitcoin-btc-01jpgoptimal-111479.jpg", "title": "Total Value Locked in Bitcoin Lightning Network Hits 3,479 BTC ($1.3B)", "text": "The total value locked on the Lightning Network has tripled since last year to $1.3 billion despite bitcoin's traversal of sub-$40,000 territory. The post Total Value Locked in Bitcoin Lightning Network Hits 3,479 BTC ($1.3B) appeared first on BeInCrypto.", "source_name": "BeInCrypto", "date": "Wed, 23 Feb 2022 00:57:53 -0500", "topics": [], "sentiment": "Neutral", "type": "Article", "tickers": ["BTC"]}, {"news_url": "https://coinpedia.org/traders/this-indicator-helps-to-predict-bull-cycles/", "image_url": "https://crypto.snapi.dev/images/v1/t/x/crypto11-111473.jpg", "title": "This Indicator Helps To Predict Bull Cycles! Know Where BTC is Heading Next\ufffc", "text": "Bitcoin's price has dropped below $38,000 today, extending its steady decline. BTC price is hovering around $37.6k at the time of writing, down 10% in the last seven days. The cryptocurrency has lost 8% of its value in the last month.\u00a0 While the price falls, a quant explains how the Bitcoin NUPL indicator might indicate \u2026", "source_name": "CoinPedia", "date": "Wed, 23 Feb 2022 00:55:37 -0500", "topics": [], "sentiment": "Neutral", "type": "Article", "tickers": ["BTC"]}, {"news_url": "https://www.theblockcrypto.com/post/135100/zebec-solana-protocol-funding-round-feb", "image_url": "https://crypto.snapi.dev/images/v1/8/n/20220117-funding-increase-numbers-800x450-111472.jpg", "title": "Solana-based programmable cash stream protocol Zebec raises $15 million", "text": "Crypto settlement startup Zebec announced Tuesday that it raised $15 million in a Series A funding round. The post Solana-based programmable cash stream protocol Zebec raises $15 million appeared first on The Block.", "source_name": "The Block", "date": "Wed, 23 Feb 2022 00:27:09 -0500", "topics": [], "sentiment": "Positive", "type": "Article", "tickers": ["SOL"]}, {"news_url": "https://coingape.com/?p=101666", "image_url": "https://crypto.snapi.dev/images/v1/a/w/terra-luna-1200x675-1-111468.webp", "title": "LUNA Shoots 10% After Luna Foundation Raises $1 Billion to form UST Reserve In Bitcoin", "text": "LUNA, the native cryptocurrency of the Terra ecosystem has surged by 10% in the last 24-hours with its price shooting past $55 once again. This comes as the Luna Foundation Guard (LFG) raises $1 billion through an over-the-counter sale of LUNA.", "source_name": "Coingape", "date": "Wed, 23 Feb 2022 00:09:35 -0500", "topics": [], "sentiment": "Neutral", "type": "Article", "tickers": ["BTC", "LUNA"]}, {"news_url": "https://www.youtube.com/watch?v=bM-odnfp690", "image_url": "https://crypto.snapi.dev/images/v1/h/v/crypto-3-things-driving-the-pullback-in-bitcoin-and-ethereum-111467.jpg", "title": "Crypto: 3 things driving the pullback in bitcoin and ethereum", "text": "#crypto #bitcoin #ethereum Bitwise Asset Management CIO Matthew Hougan sits down with Yahoo Finance Live to discuss the 2022 outlook on cryptocurrencies amid debated regulations, the secular trends of crypto, bitcoin's dominance in the blockchain, and investing in crypto stocks. Don't Miss: Valley of Hype: The Culture That Built Elizabeth Holmes WATCH HERE: https://youtu.be/Sb179GLPNYE Watch the 2021 Berkshire Hathaway Annual Shareholders Meeting on YouTube: https://youtu.be/gx-OzwHpM9k Subscribe to Yahoo Finance: https://yhoo.it/2fGu5Bb About Yahoo Finance: At Yahoo Finance, you get free stock quotes, up-to-date news, portfolio management resources, international market data, social interaction and mortgage rates that help you manage your financial life.", "source_name": "Yahoo Finance", "date": "Tue, 22 Feb 2022 23:32:20 -0500", "topics": [], "sentiment": "Neutral", "type": "Video", "tickers": ["BTC", "ETH"]}, {"news_url": "https://cryptonews.com/news/bitcoins-ethereums-downtrend-pause-luna-hbar-rally.htm", "image_url": "https://crypto.snapi.dev/images/v1/9/h/crypto3-111094-111465.jpg", "title": "Bitcoin's and Ethereum's Downtrend on Pause, LUNA and HBAR Rally", "text": "Bitcoin price started an upside correction above the USD 37,000 level. BTC even climbed above the USD 38,300 level, but it failed to gain strength and is currently (04:14 UTC) trimming gains near USD 37,900. In either case, it's up 3% in a day.", "source_name": "Cryptonews", "date": "Tue, 22 Feb 2022 23:27:00 -0500", "topics": [], "sentiment": "Neutral", "type": "Article", "tickers": ["BTC", "ETH", "HBAR", "LUNA"]}, {"news_url": "https://www.cryptopolitan.com/bitcoin-ethereum-chainlink-and-near-protocol-daily-price-analyses-22-february-roundup/", "image_url": "https://crypto.snapi.dev/images/v1/y/a/source-istock-da-kuk-media-library-original-900-600-110903-111058-111461.jpg", "title": "Bitcoin, Ethereum, Chainlink, and Near Protocol Daily Price Analyses \u2013 22 February Roundup", "text": "TL;DR Breakdown The global crypto market has returned to its usual business, adding 2.46% in 24 hours. Bitcoin also changes course, turning bullish, as it adds 2.78%.", "source_name": "Cryptopolitan", "date": "Tue, 22 Feb 2022 23:08:47 -0500", "topics": [], "sentiment": "Positive", "type": "Article", "tickers": ["BTC", "ETH", "LINK", "NEAR"]}, {"news_url": "https://cointelegraph.com/news/bitcoin-price-could-probe-lower-as-volumes-dip-and-macroeconomic-issues-loom-overhead", "image_url": "https://crypto.snapi.dev/images/v1/o/m/840-ahr0chm6ly9zmy5jb2ludgvszwdyyxbolmnvbs91cgxvywrzlziwmjitmdivyty5mtiynjgtywi2yi00mjezlwe1mtytodcwnjaymtnjzmy4lmpwzw-111460.jpg", "title": "Bitcoin price could \u2018probe lower' as volumes dip and macroeconomic issues loom overhead", "text": "BTC price is holding slightly below $38,000, but analysts warn that mounting macroeconomic issues and a lack of buyers could lead the price to \u201cprobe lower.\u201d", "source_name": "Cointelegraph", "date": "Tue, 22 Feb 2022 23:03:34 -0500", "topics": [], "sentiment": "Negative", "type": "Article", "tickers": ["BTC"]}, {"news_url": "https://news.bitcoin.com/el-salvadors-tourism-rises-30-after-bitcoin-became-legal-tender/", "image_url": "https://crypto.snapi.dev/images/v1/n/3/tourism-111459.jpg", "title": "El Salvador's Tourism Rises 30% After Bitcoin Became Legal Tender", "text": "El Salvador's tourism has grown more than 30% after adopting bitcoin as legal tender, according to the country's ministry of tourism. \u201cCryptocurrency multiplies the opportunities to do business with more partners anywhere in the world,\u201d the Salvadoran government explained. El Salvador's Economy Boosted by Bitcoin Law The Salvadoran government has outlined some economic benefits resulting [\u2026]", "source_name": "Bitcoin", "date": "Tue, 22 Feb 2022 23:00:22 -0500", "topics": [], "sentiment": "Positive", "type": "Article", "tickers": ["BTC"]}, {"news_url": "https://www.cryptoglobe.com/latest/2022/02/major-u-k-law-firm-starts-accepting-payments-in-btc-eth-doge-ada-and-other-cryptos/", "image_url": "https://crypto.snapi.dev/images/v1/h/2/nasser-eledroos-20fmgtxks-i-unsplash-111457.jpg", "title": "Major U.K. Law Firm Starts Accepting Payments in $BTC, $ETH, $DOGE, $ADA, and Other Cryptos", "text": "Major U.K. law firm gunnercooke has started accepting payments in most major cryptocurrencies for legal and professional services. The firm accepts leading cryptoassets like Bitcoin ($BTC) and Ethereum ($ETH), but also smaller altcoins like Cardano ($ADA) and Dogecoin ($DOGE). According to an announcement the law firm published, it is now accepting cryptocurrency payments through cryptocurrency [\u2026]", "source_name": "CryptoGlobe", "date": "Tue, 22 Feb 2022 22:20:00 -0500", "topics": [], "sentiment": "Positive", "type": "Article", "tickers": ["ADA", "BTC", "DOGE", "ETH"]}, {"news_url": "https://www.newsbtc.com/analysis/btc/bitcoin-recovery-halts/", "image_url": "https://crypto.snapi.dev/images/v1/i/1/shutterstock-173627021-111456.jpg", "title": "TA: Bitcoin Recovery Halts, Technicals Suggest Fresh Decline To $36K", "text": "Bitcoin is struggling to recover above the $38,400 resistance zone against the US Dollar. BTC could resume decline if it stays below the $38,500 level.", "source_name": "NewsBTC", "date": "Tue, 22 Feb 2022 22:08:26 -0500", "topics": ["tanalysis"], "sentiment": "Negative", "type": "Article", "tickers": ["BTC"]}, {"news_url": "https://bitcoinmagazine.com/technical/coinpool-proposal-improves-bitcoin-privacy", "image_url": "https://crypto.snapi.dev/images/v1/y/0/cashfusion-and-unequal-coinjoin-transaction-amounts-111455.jpg", "title": "CoinPool: A New Design To Scale Bitcoin And Improve Privacy", "text": "CoinPools could enable billions of people to claim ownership of on-chain bitcoin, allowing for Bitcoin to scale while improving privacy in the process.", "source_name": "Bitcoin Magazine", "date": "Tue, 22 Feb 2022 22:00:00 -0500", "topics": [], "sentiment": "Neutral", "type": "Article", "tickers": ["BTC"]}, {"news_url": "https://www.benzinga.com/markets/cryptocurrency/22/02/25770318/bitcoin-ethereum-dogecoin-recover-thanks-to-dip-buying-and-seller-exhaustion-analyst-says-?SNAPI", "image_url": "https://crypto.snapi.dev/images/v1/d/o/bitcoin-3290060-1280-111453.jpg", "title": "Bitcoin, Ethereum, Dogecoin Recover Thanks To 'Dip Buying' And Seller Exhaustion \u2014 Analyst Says Watch Out For These Two Key Levels Says This Analyst", "text": "Major coins traded higher Tuesday evening as the global cryptocurrency market cap rose 1.9% to $1.8 trillion.", "source_name": "Benzinga", "date": "Tue, 22 Feb 2022 20:55:00 -0500", "topics": [], "sentiment": "Positive", "type": "Article", "tickers": ["BTC", "DOGE", "ETH"]}, {"news_url": "https://news.bitcoin.com/ruby-on-rails-creator-capitulates-on-bitcoin-canadian-governments-response-to-freedom-convoy/", "image_url": "https://crypto.snapi.dev/images/v1/j/x/canada-111448.jpg", "title": "Ruby on Rails Creator Capitulates on Bitcoin After Seeing Canadian Government's Response to Freedom Convoy", "text": "The creator of Ruby on Rails says the situation in Canada is \u201cterrifying\u201d and \u201ca real wakeup call.\u201d He admits that he was wrong about bitcoin and cryptocurrency. \u201cA few months ago, I would not have found it credible if you said a three-week peaceful protest in Canada could have led to martial law, frozen [\u2026]", "source_name": "Bitcoin", "date": "Tue, 22 Feb 2022 20:30:39 -0500", "topics": [], "sentiment": "Neutral", "type": "Article", "tickers": ["BTC"]}, {"news_url": "https://bitcoinmagazine.com/markets/uncertainty-will-impact-bitcoin-price", "image_url": "https://crypto.snapi.dev/images/v1/m/c/satoshiprinter-111446.png", "title": "Economic Uncertainty Is Impacting Bitcoin Price", "text": "Bitcoin's monetary competition is flailing as evidence mounts that the \u201ceverything bubble\u201d will soon pop.", "source_name": "Bitcoin Magazine", "date": "Tue, 22 Feb 2022 20:30:00 -0500", "topics": [], "sentiment": "Negative", "type": "Article", "tickers": ["BTC"]}, {"news_url": "https://www.youtube.com/watch?v=uI1oAR1qLmw", "image_url": "https://crypto.snapi.dev/images/v1/3/h/bitcoin-tumbles-as-russia-moves-troops-into-ukraine-111443.jpg", "title": "Bitcoin tumbles as Russia moves troops into Ukraine", "text": "CNBC's MacKenzie Sigalos explains the latest moves in cryptocurrency prices as Russia escalates tensions with Ukraine.", "source_name": "CNBC Television", "date": "Tue, 22 Feb 2022 19:32:52 -0500", "topics": [], "sentiment": "Negative", "type": "Video", "tickers": ["BTC"]}, {"news_url": "https://www.youtube.com/watch?v=j02wI1kNuHg", "image_url": "https://crypto.snapi.dev/images/v1/f/r/fre322-111441.", "title": "Crypto Report: Bitcoin and the Ukraine Turmoil", "text": "Bloomberg's Sonali Basak joins Caroline Hyde to dive deeper into crypto markets and what moved them.", "source_name": "Bloomberg Technology", "date": "Tue, 22 Feb 2022 19:09:48 -0500", "topics": [], "sentiment": "Negative", "type": "Video", "tickers": ["BTC"]}, {"news_url": "https://decrypt.co/93568/vending-machine-new-york-city-selling-solana-nfts", "image_url": "https://crypto.snapi.dev/images/v1/e/u/neon1-gid-6-111438.png", "title": "There's a Vending Machine in New York City Selling Solana NFTs", "text": "Solana NFT marketplace Neon lets you buy NFTs in person with a credit card\u2014no crypto required.", "source_name": "Decrypt", "date": "Tue, 22 Feb 2022 18:59:18 -0500", "topics": ["NFT"], "sentiment": "Neutral", "type": "Article", "tickers": ["SOL"]}, {"news_url": "https://decrypt.co/93569/bitcoin-bear-market-what-comes-next-report", "image_url": "https://crypto.snapi.dev/images/v1/n/a/crypto-market-bitcoin-bearish-bullish-bear-bull-gid-2-111439.jpg", "title": "Blockchain Data Shows Bitcoin in a Bear Market\u2014Here's What Comes Next", "text": "On-chain data now confirms what crypto traders have known for some time: Bitcoin is in a prolonged bear market, says Glassnode.", "source_name": "Decrypt", "date": "Tue, 22 Feb 2022 18:59:02 -0500", "topics": [], "sentiment": "Negative", "type": "Article", "tickers": ["BTC"]}, {"news_url": "https://news.bitcoin.com/solana-nft-marketplace-magic-eden-reveals-airdrop-plans-to-launch-dao/", "image_url": "https://crypto.snapi.dev/images/v1/b/8/shutterstock-2078368537-111431.jpg", "title": "Solana NFT Marketplace Magic Eden Reveals Airdrop, Plans to Launch DAO", "text": "On Tuesday, the Solana-based non-fungible token (NFT) marketplace Magic Eden announced the project is airdropping NFT tickets to existing Magic Eden users and plans to form a decentralized autonomous organization (DAO). On February 21, the Magic Eden project airdropped around 4,000 NFTs to active wallets, and the following day the team announced the DAO roadmap. [\u2026]", "source_name": "Bitcoin", "date": "Tue, 22 Feb 2022 18:30:50 -0500", "topics": ["NFT"], "sentiment": "Positive", "type": "Article", "tickers": ["SOL"]}, {"news_url": "https://www.youtube.com/watch?v=69X-bk3lQP4", "image_url": "https://crypto.snapi.dev/images/v1/l/q/bitcoin-02-300x200-110722-110995-111433.jpg", "title": "Tuttle Capital Management CEO on Macro Factors Impacting Bitcoin Price", "text": "Mathew Tuttle, CEO and CIO of Tuttle Capital Management, joins \u201cAll About Bitcoin\u201d to discuss the current state of the crypto and broader financial markets, highlighting rising interest rates and negative sentiment in the marketplace for risk assets. Plus, Tuttle shares his short-term price prediction for bitcoin, and the impact of rising tensions between Russia and Ukraine.", "source_name": "Coindesk", "date": "Tue, 22 Feb 2022 18:27:42 -0500", "topics": [], "sentiment": "Negative", "type": "Video", "tickers": ["BTC"]}], "total_pages": 39}