{"data": [{"news_url": "https://thecurrencyanalytics.com/bitcoin/will-facebook-meta-become-a-bitcoin-btc-bank-38738.php", "image_url": "https://crypto.snapi.dev/images/v1/y/g/will-facebook-meta-become-a-bitcoin-btc-bank-106259.jpg", "title": "Will Facebook (Meta) Become a Bitcoin (BTC) Bank?", "text": "Catch up on the latest crypto market news at The Currency Analytics. Michael Saylor shared: The solution to the challenges that face Meta FB is to integrate Bitcoin and Lightning High voltage\u2026 The post Will Facebook (Meta) Become a Bitcoin (BTC) Bank?", "source_name": "The Currency Analytics", "date": "Mon, 07 Feb 2022 04:47:09 -0500", "topics": [], "sentiment": "Neutral", "type": "Article", "tickers": ["BTC"]}, {"news_url": "https://u.today/xrp-price-spikes-12-outperforming-top-10-as-crypto-market-rebounds?SNAPI", "image_url": "https://crypto.snapi.dev/images/v1/g/6/12509-106257.jpg", "title": "XRP Price Spikes 12%, Outperforming Top 10 as Crypto Market Rebounds", "text": "XRP rises by 12%, outperforming top 10 as crypto market recovers", "source_name": "UToday", "date": "Mon, 07 Feb 2022 04:40:00 -0500", "topics": [], "sentiment": "Positive", "type": "Article", "tickers": ["XRP"]}, {"news_url": "https://coinpedia.org/bitcoin/bitcoin-btc-price-on-a-bullish-run-to-50k/", "image_url": "https://crypto.snapi.dev/images/v1/z/v/crypto16-106249.jpg", "title": "Bitcoin (BTC) Price On A Bullish Run To $50,000 By The End Of The Month?", "text": "\u00a0The crypto globe is up and rising as the space brings in greener numbers to digital assets. Several digital assets from the industry have portrayed a notable bounce from the bottoms. The star crypto Bitcoin has scripted praise-worthy gains that have instilled faith amongst Bitcoiners and the crypto market in general. Bitcoin taking a heroic \u2026", "source_name": "CoinPedia", "date": "Mon, 07 Feb 2022 04:15:07 -0500", "topics": [], "sentiment": "Positive", "type": "Article", "tickers": ["BTC"]}, {"news_url": "https://www.financemagnates.com/cryptocurrency/news/argo-blockchains-btc-mining-revenue-drops-to-526m-in-january/", "image_url": "https://crypto.snapi.dev/images/v1/2/w/bitcoin20mining201-id-9ff6a2a1-82eb-46a7-a7f2-128edd312043-size900-106247.jpg", "title": "Argo Blockchain's BTC Mining Revenue Drops to \u00a35.26M in January", "text": "Argo Blockchain (LSE: ARB; NASDAQ: ARBK), a cryptocurrency mining company listed in London and New York, released an operational update on Monday, revealing that it has mined 172 Bitcoin or \u2018Bitcoin Equivalent' in January.", "source_name": "FinanceMagnates", "date": "Mon, 07 Feb 2022 04:07:00 -0500", "topics": ["mining"], "sentiment": "Negative", "type": "Article", "tickers": ["BTC"]}, {"news_url": "https://en.cryptonomist.ch/2022/02/07/etf-su-bitcoin-sec-grayscale/", "image_url": "https://crypto.snapi.dev/images/v1/h/l/etf-bitcoin-1-300x200-106253.jpg", "title": "Bitcoin ETFs, the SEC stalls with Grayscale", "text": "The decision has been postponed", "source_name": "The Cryptonomist", "date": "Mon, 07 Feb 2022 03:59:47 -0500", "topics": ["regulations"], "sentiment": "Negative", "type": "Article", "tickers": ["BTC"]}, {"news_url": "https://beincrypto.com/p2p-bitcoin-trading-nigeria-grew-15-crypto-ban/", "image_url": "https://crypto.snapi.dev/images/v1/o/d/bic-artwork-bitcoin-dominance-index-1jpgoptimal-106246.jpg", "title": "P2P Bitcoin Trading in Nigeria Grows by 15% Since Crypto Ban", "text": "P2P trading volume of bitcoin in Nigeria has increased by 15% year-over-year, despite a ban on crypto enforced by the Nigerian Central Bank. The post P2P Bitcoin Trading in Nigeria Grows by 15% Since Crypto Ban appeared first on BeInCrypto.", "source_name": "BeInCrypto", "date": "Mon, 07 Feb 2022 03:49:34 -0500", "topics": [], "sentiment": "Positive", "type": "Article", "tickers": ["BTC"]}, {"news_url": "https://u.today/bitcoin-reaches-strong-technical-resistance-as-price-spikes-to-almost-43000?SNAPI", "image_url": "https://crypto.snapi.dev/images/v1/h/i/12507-106244.jpg", "title": "Bitcoin Reaches Strong Technical Resistance as Price Spikes to Almost $43,000", "text": "Bitcoin follows the global recovery of financial markets and reaches the first strong resistance", "source_name": "UToday", "date": "Mon, 07 Feb 2022 03:48:00 -0500", "topics": ["tanalysis"], "sentiment": "Positive", "type": "Article", "tickers": ["BTC"]}, {"news_url": "https://en.cryptonomist.ch/2022/02/07/bitcoin-42k-ethereum-3k-mana-price-analyses/", "image_url": "https://crypto.snapi.dev/images/v1/j/r/bitcoin-trading-10-300x200-106242.jpg", "title": "Bitcoin ($42k), Ethereum ($3k), Mana Price Analyses", "text": "The Fear and Greed Index is 45 Fear", "source_name": "The Cryptonomist", "date": "Mon, 07 Feb 2022 03:23:45 -0500", "topics": [], "sentiment": "Neutral", "type": "Article", "tickers": ["BTC", "ETH", "MANA"]}, {"news_url": "https://www.cryptopolitan.com/ripple-price-analysis-2022-02-07/", "image_url": "https://crypto.snapi.dev/images/v1/m/l/screenshot-1-106239.png", "title": "Ripple Price Analysis: Bulls mount support for XRP/USD price action, retracement tests $0.74 daily high", "text": "TL;DR Breakdown XRP/USD Opening price of $0.6692 on today's Ripple price analysis Minimum price and maximum price of $0.6692 and $0.75179. Ripple up by 3.4% in the last 24-hours Ripple price analysis on the February 7th daily chart indicates an opening price of $0.6692.", "source_name": "Cryptopolitan", "date": "Mon, 07 Feb 2022 03:11:29 -0500", "topics": ["tanalysis"], "sentiment": "Positive", "type": "Article", "tickers": ["XRP"]}, {"news_url": "https://dailyhodl.com/2022/02/07/bitcoin-bottom-in-veteran-trader-peter-brandt-examines-btc-after-strong-rally-above-40000/", "image_url": "https://crypto.snapi.dev/images/v1/s/g/bitcoin-still-the-kingjpgfit10242c600ssl1-106245.jpg", "title": "Bitcoin Bottom In? Veteran Trader Peter Brandt Examines BTC After Strong Rally Above $40,000", "text": "Seasoned trader Peter Brandt is looking at the state of Bitcoin after its strong rally above $40,000 to determine whether BTC has actually bottomed out. Brandt tells his 619,800 Twitter followers that he's looking at trader sentiment on Bitcoin to gauge what's next for the leading cryptocurrency. \u201cJust as the laser eyes marked the April [\u2026] The post Bitcoin Bottom In? Veteran Trader Peter Brandt Examines BTC After Strong Rally Above $40,000 appeared first on The Daily Hodl.", "source_name": "The Daily Hodl", "date": "Mon, 07 Feb 2022 03:04:30 -0500", "topics": [], "sentiment": "Positive", "type": "Article", "tickers": ["BTC"]}, {"news_url": "https://www.benzinga.com/markets/cryptocurrency/22/02/25443015/this-cosmos-network-crypto-doubled-in-value-last-week-as-bitcoin-ethereum-dogecoin-staged-?SNAPI", "image_url": "https://crypto.snapi.dev/images/v1/g/h/galaxy-ga16bacad0-1280-106238.jpg", "title": "This Cosmos Network Crypto Doubled In Value Last Week As Bitcoin, Ethereum, Dogecoin Staged A Recovery", "text": "Juno, a sovereign public blockchain on the Cosmos (ATOM) network, was the top weekly gainer last, week which saw major coins such as Bitcoin (CRYPTO: BTC), Ethereum (CRYPTO: ETH), and Dogecoin", "source_name": "Benzinga", "date": "Mon, 07 Feb 2022 02:59:00 -0500", "topics": [], "sentiment": "Positive", "type": "Article", "tickers": ["ATOM", "BTC", "DOGE", "ETH"]}, {"news_url": "https://www.financemagnates.com/cryptocurrency/news/ethereum-hits-3100-xrp-climbs-by-13/", "image_url": "https://crypto.snapi.dev/images/v1/g/g/ethereum-id-186b9a46-6926-40c1-a5bb-18950dadcba6-size900-106237.jpg", "title": "Ethereum Hits $3,100, XRP Climbs by 13%", "text": "After suffering a market cap dip of more than $1 trillion, the cryptocurrency assets witnessed a strong comeback during the past 48 hours. Ethereum, XRP, Dogecoin, and Shiba Inu were among the best performing digital assets over the weekend.", "source_name": "FinanceMagnates", "date": "Mon, 07 Feb 2022 02:57:00 -0500", "topics": [], "sentiment": "Positive", "type": "Article", "tickers": ["ETH", "XRP"]}, {"news_url": "https://beincrypto.com/bitcoin-btc-shows-bullish-momentum-closes-weekly-candle-above-42000/", "image_url": "https://crypto.snapi.dev/images/v1/w/9/bic-btc-increase-uptrend-106236.jpg", "title": "Bitcoin (BTC) Shows Bullish Momentum, Closes Weekly Candle Above $42,000", "text": "Bitcoin (BTC) has been increasing since Jan 24 and finally broke out from a crucial descending resistance line on Feb 4. The post Bitcoin (BTC) Shows Bullish Momentum, Closes Weekly Candle Above $42,000 appeared first on BeInCrypto.", "source_name": "BeInCrypto", "date": "Mon, 07 Feb 2022 02:46:05 -0500", "topics": [], "sentiment": "Positive", "type": "Article", "tickers": ["BTC"]}, {"news_url": "https://cointelegraph.com/news/btc-price-returns-to-43k-5-things-to-watch-in-bitcoin-this-week", "image_url": "https://crypto.snapi.dev/images/v1/c/x/840-ahr0chm6ly9zmy5jb2ludgvszwdyyxbolmnvbs91cgxvywrzlziwmjitmdivzdc5mdk3owutyzlloc00zddklwjjm2qtzdixytmxn2rkowuxlmpwzw-106233.jpg", "title": "BTC price returns to $43K \u2014 5 things to watch in Bitcoin this week", "text": "Cautious celebration as Bitcoin avoids a dive back into its recent trading range as inflation and the dollar form major points of interest.", "source_name": "Cointelegraph", "date": "Mon, 07 Feb 2022 02:33:45 -0500", "topics": [], "sentiment": "Positive", "type": "Article", "tickers": ["BTC"]}, {"news_url": "https://coinpedia.org/price-analysis/bitcoinbtc-ethereumeth-ripplexrp-price/", "image_url": "https://crypto.snapi.dev/images/v1/v/e/crypto15-106227.jpg", "title": "Look Out for These Levels for Bitcoin(BTC), Ethereum(ETH) & Ripple(XRP) Price!", "text": "With a huge trend reversal, the crypto space appears to have nullified the current downtrend. The recent surge was expected to be a short-lived one, but despite getting exhausted, the BTC price is moving ahead with very tiny steps. On the other hand, Ethereum(ETH) price after numerous dips, is successfully recording constant green candles. And \u2026", "source_name": "CoinPedia", "date": "Mon, 07 Feb 2022 01:55:22 -0500", "topics": [], "sentiment": "Neutral", "type": "Article", "tickers": ["BTC", "ETH", "XRP"]}, {"news_url": "https://www.cryptoglobe.com/latest/2022/02/former-goldman-exec-talks-about-ethereum-eth-polkadotdot-and-terra-luna/", "image_url": "https://crypto.snapi.dev/images/v1/t/d/summer-sun-106229.jpg", "title": "Former Goldman Exec Talks About Ethereum ($ETH), Polkadot($DOT), and Terra ($LUNA)", "text": "Former Goldman Sachs executive\u00a0Raoul Pal\u00a0expects a bright future for Ethereum ($ETH), Terra ($LUNA), and Polkadot ($DOT). Prior to founding macro economic and investment strategy research service\u00a0Global Macro Investor (GMI)\u00a0in 2005, Pal\u00a0co-managed the GLG Global Macro Fund in London for global asset management firm GLG Partners (which is now called \u201cMan GLG\u201d). Before that, Pal worked [\u2026]", "source_name": "CryptoGlobe", "date": "Mon, 07 Feb 2022 01:53:24 -0500", "topics": [], "sentiment": "Neutral", "type": "Article", "tickers": ["DOT", "ETH", "LUNA"]}, {"news_url": "https://www.cryptoglobe.com/latest/2022/02/a-new-bitcoin-education-center-in-el-salvador-aims-to-bring-about-next-wave-of-adoption/", "image_url": "https://crypto.snapi.dev/images/v1/y/r/bitcoin-g2f61ba109-1920-106225.jpg", "title": "A New Bitcoin Education Center in El Salvador Aims to Bring About Next Wave of Adoption", "text": "El Salvador, which has been on the forefront of crypto adoption after making Bitcoin official tender, now has a new Bitcoin education center.\u00a0 As you may remember, the bill to make Bitcoin legal tender\u00a0in El Salvador got passed by the Legislative Assembly on June 9 and the\u00a0Bitcoin Law\u00a0became effective on 7 September 2021. On 24 [\u2026]", "source_name": "CryptoGlobe", "date": "Mon, 07 Feb 2022 01:32:20 -0500", "topics": [], "sentiment": "Positive", "type": "Article", "tickers": ["BTC"]}, {"news_url": "https://www.crypto-reporter.com/news/solana-labs-launches-payment-solution-solana-pay-25447/", "image_url": "https://crypto.snapi.dev/images/v1/1/0/106938067-1631027368110-gettyimages-1234805892-porzycki-solanaph210821-npoa2-105115-106267.jpeg", "title": "Solana Labs launches payment solution Solana Pay", "text": "Solana Labs has launched a payments protocol called Solana Pay to let merchants accept crypto payments directly from consumers. According to the company's press release, Solana Pay enables merchants to accept the USDC stablecoin, Solana's native token SOL, and other Solana-based tokens on the Solana blockchain. The company said that merchants can get real-time access [\u2026]", "source_name": "Crypto Reporter", "date": "Mon, 07 Feb 2022 00:44:37 -0500", "topics": [], "sentiment": "Positive", "type": "Article", "tickers": ["SOL"]}, {"news_url": "https://thecurrencyanalytics.com/altcoins/cryptocurrency-is-the-gateway-ethereum-eth-is-the-key-old-money-resists-adoption-38728.php", "image_url": "https://crypto.snapi.dev/images/v1/e/h/cryptocurrency-is-the-gateway-ethereum-eth-is-the-key-old-money-resists-adoption-106221.jpg", "title": "Cryptocurrency is the Gateway Ethereum (ETH) is the Key Old Money Resists Adoption", "text": "Catch up on the latest crypto market news at The Currency Analytics. Some anti-cryptocurrency guys believe that with crypto you are helping rich people transact money between countries and create instability in\u2026 The post Cryptocurrency is the Gateway Ethereum (ETH) is the Key Old Money Resists Adoption appeared first on Cryptocurrency News.", "source_name": "The Currency Analytics", "date": "Mon, 07 Feb 2022 00:43:46 -0500", "topics": [], "sentiment": "Neutral", "type": "Article", "tickers": ["ETH"]}, {"news_url": "https://coingape.com/bitcoin-btc-breaches-50-dma-in-a-major-trend-reversal-lightning-network-capacity-at-ath/", "image_url": "https://crypto.snapi.dev/images/v1/l/i/cryptocurrency-emerges-beyond-bitcoin-and-ether-shadows-106219.jpg", "title": "Bitcoin (BTC) Breaches 50 DMA In A Major Trend Reversal, Lightning Network Capacity At ATH", "text": "Over the last weekend, Bitcoin (BTC) has been showing healthy signs of a trend reversal, and well, as of press time, it has moved past its 50-day moving average (DMA). As of press time, Bitcoin is trading 3.05% up at $42,799 with a market cap of $811 billion.", "source_name": "Coingape", "date": "Mon, 07 Feb 2022 00:19:28 -0500", "topics": [], "sentiment": "Positive", "type": "Article", "tickers": ["BTC"]}, {"news_url": "https://bitcoinist.com/interview-with-ether-capital-on-their-bet-in-ethereum-2-0-and-staking-as-a-mechanism-to-drive-crypto-adoption/", "image_url": "https://crypto.snapi.dev/images/v1/j/m/ether-capital-640x360-106218.png", "title": "Interview With Ether Capital On Their Bet In Ethereum 2.0 And Staking As A Mechanism To Drive Crypto Adoption", "text": "Last year, Bitcoinist reported a $50 million stake in Ethereum's Beacon Chain from Ether Capital, a publicly-traded company in Canada highly bullish on the Proof-of-Stake iteration of this cryptocurrency. The company has become a major participant in Ethereum's consensus layer, previously known as ETH 2.0.", "source_name": "Bitcoinist", "date": "Sun, 06 Feb 2022 23:54:44 -0500", "topics": [], "sentiment": "Neutral", "type": "Article", "tickers": ["ETH"]}, {"news_url": "https://www.cryptopolitan.com/bitcoin-binance-coin-dogecoin-and-shiba-inu-daily-price-analyses-6-february-roundup/", "image_url": "https://crypto.snapi.dev/images/v1/l/p/roundup-v2-7-106217.png", "title": "Bitcoin, Binance Coin, Dogecoin, and Shiba Inu Daily Price Analyses \u2013 6 February Roundup", "text": "TL;DR Breakdown The Crypto market continues unimpeded, adding 0.94% in the last 24 hours. Bitcoin has continued to progress, adding 1.52% in the last 24 hours.", "source_name": "Cryptopolitan", "date": "Sun, 06 Feb 2022 23:46:07 -0500", "topics": [], "sentiment": "Neutral", "type": "Article", "tickers": ["BNB", "BTC", "DOGE", "SHIB"]}, {"news_url": "https://cryptonews.com/news/bitcoin-nears-usd-43k-ethereum-still-above-usd-3k-doge-shib-surge.htm", "image_url": "https://crypto.snapi.dev/images/v1/t/z/crypto1-105909-106216.jpg", "title": "Bitcoin Nears USD 43K, Ethereum Still Above USD 3K, DOGE and SHIB Surge", "text": "Bitcoin price started a strong increase and cleared the USD 40,000 resistance. BTC even surpassed the USD 42,000 resistance. It is currently (04:21 UTC) showing positive signs and is trading above USD 42,800 after increasing 3% in a day and 13% in a week.", "source_name": "Cryptonews", "date": "Sun, 06 Feb 2022 23:36:00 -0500", "topics": [], "sentiment": "Neutral", "type": "Article", "tickers": ["BTC", "DOGE", "ETH", "SHIB"]}, {"news_url": "https://www.benzinga.com/markets/cryptocurrency/22/02/25442429/why-cathie-wood-sees-bitcoin-and-ethereum-as-great-assets-for-diversification-in-2022?SNAPI", "image_url": "https://crypto.snapi.dev/images/v1/s/t/quantitatives-io-arg75lewn2a-unsplash-3-106214.jpg", "title": "Why Cathie Wood Sees Bitcoin And Ethereum As Great Assets For Diversification In 2022", "text": "Ark Invest CEO and founder Cathie Wood took stock of the recent corrections seen in the prices of Bitcoin (CRYPTO: BTC) and Ethereum (CRYPTO: ETH) prices and touched on their utility for divers", "source_name": "Benzinga", "date": "Sun, 06 Feb 2022 22:38:00 -0500", "topics": [], "sentiment": "Positive", "type": "Article", "tickers": ["BTC", "ETH"]}, {"news_url": "https://beincrypto.com/dogecoin-is-the-most-talked-about-crypto-on-social-media-after-bitcoin/", "image_url": "https://crypto.snapi.dev/images/v1/w/c/cover-106215.png", "title": "Dogecoin is the Most Talked About Crypto on Social Media After Bitcoin", "text": "Dogecoin (DOGE): When it comes to memecoins, social media interaction and having a large community are important. The DOGE is killing it.", "source_name": "BeInCrypto", "date": "Sun, 06 Feb 2022 22:32:23 -0500", "topics": [], "sentiment": "Positive", "type": "Article", "tickers": ["BTC", "DOGE"]}, {"news_url": "https://www.newsbtc.com/analysis/btc/bitcoin-bulls-keeps-pushing-43200/", "image_url": "https://crypto.snapi.dev/images/v1/i/q/hello-i-m-nik-8ycmqody2sy-unsplash-106213.jpg", "title": "TA: Bitcoin Bulls Keeps Pushing, Why Rally Isn't Over Yet", "text": "Bitcoin settled above the $40,000 level against the US Dollar. BTC is now rising and could accelerate further above the $42,650 resistance zone.", "source_name": "NewsBTC", "date": "Sun, 06 Feb 2022 22:18:38 -0500", "topics": ["tanalysis"], "sentiment": "Positive", "type": "Article", "tickers": ["BTC"]}, {"news_url": "https://news.bitcoin.com/us-senator-ted-cruz-bought-the-bitcoin-dip-discloses-btc-purchase-worth-up-to-50k/", "image_url": "https://crypto.snapi.dev/images/v1/k/m/ted-cruz-bitcoin-106209.jpg", "title": "US Senator Ted Cruz Bought the Bitcoin Dip, Discloses BTC Purchase Worth up to $50K", "text": "U.S. Senator Ted Cruz has declared his bitcoin purchase worth up to $50,000. \u201cI'm also particularly proud that my home state, Texas, is becoming an oasis for the blockchain community, for bitcoin miners, for innovators and entrepreneurs in the crypto world,\u201d said the senator. Senator Ted Cruz Declares Bitcoin Purchase U.S. Senator Ted Cruz has [\u2026]", "source_name": "Bitcoin", "date": "Sun, 06 Feb 2022 21:30:04 -0500", "topics": ["regulations"], "sentiment": "Positive", "type": "Article", "tickers": ["BTC"]}, {"news_url": "https://www.benzinga.com/markets/cryptocurrency/22/02/25442141/bitcoin-crosses-42k-level-ethereum-above-3k-as-dogecoin-and-meme-coins-shine-too-why-the-p?SNAPI", "image_url": "https://crypto.snapi.dev/images/v1/r/r/bitcoinethereumthought-catalog-bj8u389a9n8-unsplash-105788-106208.jpg", "title": "Bitcoin Crosses $42K Level, Ethereum Above $3K As Dogecoin And Meme Coins Shine Too \u2014 Why The Pressure On Crypto Market Is Still On", "text": "Bitcoin and other major coins traded higher Sunday evening as the global cryptocurrency market cap rose 1.6% to $2 trillion.", "source_name": "Benzinga", "date": "Sun, 06 Feb 2022 21:19:00 -0500", "topics": [], "sentiment": "Positive", "type": "Article", "tickers": ["BTC", "DOGE", "ETH"]}, {"news_url": "https://ambcrypto.com/sec-v-ripple-lawyer-representing-64k-xrp-holders-tries-to-predict-secs-next-move/", "image_url": "https://crypto.snapi.dev/images/v1/p/a/raghavendra-v-konkathi-vjxuybkpdiy-unsplash-2-106205.jpg", "title": "SEC v. Ripple: Lawyer representing 64K XRP holders tries to predict SEC's next move", "text": "The court order to unseal three sets of documents in the SEC v. Ripple case was like opening a Pandora's box as the XRP community tried to catch up with what the evidence could mean.", "source_name": "AMBCrypto", "date": "Sun, 06 Feb 2022 19:30:32 -0500", "topics": ["regulations"], "sentiment": "Neutral", "type": "Article", "tickers": ["XRP"]}, {"news_url": "https://cointelegraph.com/news/lost-bitcoin-may-be-a-donation-but-is-it-hindering-adoption", "image_url": "https://crypto.snapi.dev/images/v1/3/f/840-ahr0chm6ly9zmy5jb2ludgvszwdyyxbolmnvbs91cgxvywrzlziwmjitmdivyty4zjq4ntktm2zhms00mjq2ltlinzutzgnizjhmmguyotbllmpwzw-106194.jpg", "title": "Lost Bitcoin may be a \u2018donation,' but is it hindering adoption?", "text": "Estimates suggest 20% of Bitcoin's supply has been lost. Are these funds a donation to everyone else, or a challenge to further adoption?", "source_name": "Cointelegraph", "date": "Sun, 06 Feb 2022 17:01:00 -0500", "topics": [], "sentiment": "Neutral", "type": "Article", "tickers": ["BTC"]}, {"news_url": "https://www.forbes.com/sites/kenrapoza/2022/02/06/is-bitcoin-becoming-just-another-tech-stock/", "image_url": "https://crypto.snapi.dev/images/v1/k/d/is-bitcoin-becoming-just-another-tech-stock-106388.jpg", "title": "Is Bitcoin Becoming Just Another Tech Stock?", "text": "Investors aren't being paid for the risk they're taking in Bitcoin compared to the Nasdaq. Everyone knows that will change.", "source_name": "Forbes", "date": "Sun, 06 Feb 2022 17:00:39 -0500", "topics": [], "sentiment": "Neutral", "type": "Article", "tickers": ["BTC"]}, {"news_url": "https://dailyhodl.com/2022/02/06/top-analyst-says-xrp-will-pop-after-lawsuit-but-more-downside-still-in-play/", "image_url": "https://crypto.snapi.dev/images/v1/1/h/raoul-xrp-despitejpgfit10242c600ssl1-106192.jpg", "title": "Top Analyst Says XRP Will Pop After Lawsuit, but More Downside Still in Play", "text": "A closely followed crypto analyst says that XRP will explode once the lawsuit between Ripple Labs and the U.S. Securities and Exchange Commission concludes, but more downside is possible before then. In an interview with Thinking Crypto, the pseudonymous analyst known as Credible Crypto says XRP's technicals are currently suggesting more bearish action. \u201cXRP is [\u2026] The post Top Analyst Says XRP Will Pop After Lawsuit, but More Downside Still in Play appeared first on The Daily Hodl.", "source_name": "The Daily Hodl", "date": "Sun, 06 Feb 2022 16:00:53 -0500", "topics": [], "sentiment": "Negative", "type": "Article", "tickers": ["XRP"]}, {"news_url": "https://www.dcforecasts.com/blockchain-news/polkadot-allocated-almost-1m-dot-to-boost-ecosystem-development/", "image_url": "https://crypto.snapi.dev/images/v1/f/j/image0-1-104881-106187.jpeg", "title": "Polkadot Allocated Almost 1M DOT To Boost Ecosystem Development", "text": "Polkadot allocated almost 1 million DOT tokens to boost ecosystem and web3 development and to become the network with a smaller carbon footprint as we are reading further in our latest cryptocurrency news. Polkadot allocated $21 million for ecosystem development as it emerges as a blockchain that aims to have the smallest carbon footprint.", "source_name": "DCForecasts", "date": "Sun, 06 Feb 2022 15:09:22 -0500", "topics": [], "sentiment": "Positive", "type": "Article", "tickers": ["DOT"]}, {"news_url": "https://beincrypto.com/sen-ted-cruz-buys-50000-bitcoin-during-dip/", "image_url": "https://crypto.snapi.dev/images/v1/w/4/depositphotos-104972224-l-850x623jpgoptimal-106183.jpg", "title": "Texas Senator Ted Cruz Says He Bought $50,000 in Bitcoin During Dip", "text": "Texas Senator Ted Cruz (R-TX) has recently disclosed that he purchased up to $50,000 in bitcoin during its dip back in January. The post Texas Senator Ted Cruz Says He Bought $50,000 in Bitcoin During Dip appeared first on BeInCrypto.", "source_name": "BeInCrypto", "date": "Sun, 06 Feb 2022 14:47:22 -0500", "topics": ["regulations"], "sentiment": "Positive", "type": "Article", "tickers": ["BTC"]}, {"news_url": "https://dailyhodl.com/2022/02/06/polkadot-dot-consumes-the-least-amount-of-electricity-compared-to-other-top-chains-according-to-new-research/", "image_url": "https://crypto.snapi.dev/images/v1/r/g/polkadot-winners-institutionaljpgjpgfit10242c600ssl1-106184.jpg", "title": "Polkadot (DOT) Consumes the Least Amount of Electricity Compared to Other Top Chains, According to New Research", "text": "New data reveals that Ethereum challenger Polkadot (DOT) consumes the least amount of electricity out of any leading blockchain. According to new research conducted by the Crypto Carbon Ratings Institute (CCRI), the interoperable blockchain platform uses less power than other popular crypto assets such as Bitcoin (BTC), Ethereum (ETH) and Solana (SOL). The institute found [\u2026] The post Polkadot (DOT) Consumes the Least Amount of Electricity Compared to Other Top Chains, According to New Research appeared first on The Daily Hodl.", "source_name": "The Daily Hodl", "date": "Sun, 06 Feb 2022 14:45:46 -0500", "topics": [], "sentiment": "Positive", "type": "Article", "tickers": ["DOT"]}, {"news_url": "https://thecurrencyanalytics.com/bitcoin/bitcoin-btc-gets-eaten-up-at-33k-to-35k-18-k-retest-will-not-happen-again-38724.php", "image_url": "https://crypto.snapi.dev/images/v1/j/g/bitcoin-btc-gets-eaten-up-at-33k-to-35k-18-k-retest-will-not-happen-again-106182.jpg", "title": "Bitcoin (BTC) Gets Eaten Up at 33k to 35k \u2013 18 K retest will not happen again", "text": "Catch up on the latest crypto market news at The Currency Analytics. Peter Schiff shared: Attention Bitcoin buyers: This could be your last chance to buy Bitcoin above 40,000 dollars.", "source_name": "The Currency Analytics", "date": "Sun, 06 Feb 2022 14:42:59 -0500", "topics": [], "sentiment": "Neutral", "type": "Article", "tickers": ["BTC"]}, {"news_url": "https://cointelegraph.com/news/top-5-cryptocurrencies-to-watch-this-week-btc-eth-near-mana-leo", "image_url": "https://crypto.snapi.dev/images/v1/g/7/840-ahr0chm6ly9zmy5jb2ludgvszwdyyxbolmnvbs91cgxvywrzlziwmjitmdivmmnhymm3ywetowrimc00mzu0ltk3ogqtndjkzme3nwfjnzc1lmpwzw-106181.jpg", "title": "Top 5 cryptocurrencies to watch this week: BTC, ETH, NEAR, MANA, LEO", "text": "BTC's attempt to flip $42,000 to support could pull altcoin traders into ETH, NEAR, MANA and LEO.", "source_name": "Cointelegraph", "date": "Sun, 06 Feb 2022 14:38:44 -0500", "topics": [], "sentiment": "Positive", "type": "Article", "tickers": ["BTC", "ETH", "MANA", "LEO", "NEAR"]}, {"news_url": "https://bitcoinmagazine.com/business/bitcoin-energy-fud-and-microsoft", "image_url": "https://crypto.snapi.dev/images/v1/i/b/img-4369-106180.jpg", "title": "Addressing More Bitcoin Energy FUD By Showing The Mirror", "text": "A metric posed as a criticism of Bitcoin actually shows extreme energy usage in one example of a legacy company.", "source_name": "Bitcoin Magazine", "date": "Sun, 06 Feb 2022 14:00:00 -0500", "topics": [], "sentiment": "Neutral", "type": "Article", "tickers": ["BTC"]}, {"news_url": "https://cryptopotato.com/bitcoin-lightning-network-capacity-reaches-all-time-high/", "image_url": "https://crypto.snapi.dev/images/v1/z/l/bitcoin-network-106178.jpg", "title": "Bitcoin Lightning Network Capacity Reaches All-Time High", "text": "Bitcoin's Lightning Network hit another milestone, an all-time high in public network capacity.", "source_name": "CryptoPotato", "date": "Sun, 06 Feb 2022 13:55:45 -0500", "topics": [], "sentiment": "Positive", "type": "Article", "tickers": ["BTC"]}, {"news_url": "https://thecurrencyanalytics.com/bitcoin/federal-government-cannot-spy-on-and-ban-bitcoin-btc-and-crypto-transactions-38720.php", "image_url": "https://crypto.snapi.dev/images/v1/m/g/federal-government-cannot-spy-on-and-ban-bitcoin-and-crypto-transactions-106176.jpg", "title": "Federal Government Cannot Spy on and Ban Bitcoin (BTC) and Crypto Transactions", "text": "Catch up on the latest crypto market news at The Currency Analytics. Dennis Porter shared: BREAKING NEWS: America COMPETES Act passes in the House with an amendment to stop the Federal Government\u2026 The post Federal Government Cannot Spy on and Ban Bitcoin (BTC) and Crypto Transactions appeared first on Cryptocurrency News.", "source_name": "The Currency Analytics", "date": "Sun, 06 Feb 2022 13:30:52 -0500", "topics": [], "sentiment": "Neutral", "type": "Article", "tickers": ["BTC"]}, {"news_url": "https://www.cryptopolitan.com/solana-price-analysis-2022-02-06/", "image_url": "https://crypto.snapi.dev/images/v1/o/b/solana-price-analysis-price-rejoins-11430-high-as-bullish-momentum-recharges-106186.jpg", "title": "Solana price analysis: Price rejoins $114.30 high as bullish momentum recharges", "text": "TL;DR Breakdown Coin value stands at $114.30 high. Solana price analysis shows upturn.", "source_name": "Cryptopolitan", "date": "Sun, 06 Feb 2022 13:17:04 -0500", "topics": ["tanalysis"], "sentiment": "Positive", "type": "Article", "tickers": ["SOL"]}, {"news_url": "https://coingape.com/markets/ethereum-price-analysis-eth-bulls-reclaimed-3000-mark-has-the-correction-phase-ended/", "image_url": "https://crypto.snapi.dev/images/v1/b/m/ethereum-gf09203cb8-1920-106027-106175.jpg", "title": "Ethereum Price Today: ETH Bulls Need To Clear This Last Hurdle To Ensure Bull Rally", "text": "The Ethereum (ETH) buyers made an impressive recovery during the last two weeks, indicating a 37% gain from the January 24th low($3172). The coin price has recently breached the crucial resistance of $3000, indicating the buyers are fighting to take control.", "source_name": "Coingape", "date": "Sun, 06 Feb 2022 13:04:08 -0500", "topics": [], "sentiment": "Positive", "type": "Article", "tickers": ["ETH"]}, {"news_url": "https://cryptodaily.co.uk/2022/02/btc-usd-bulls-eye-42986-as-key-level-sally-ho-technical-analysis-7-february-2022-btc-bitcoin", "image_url": "https://crypto.snapi.dev/images/v1/s/w/bitcoin-quoteinspector-0-106055-106172.jpg", "title": "BTC/USD Bulls Eye 42986 as Key Level: Sally Ho's Technical Analysis 7 February 2022 BTC", "text": "Bitcoin (BTC/USD) attempted to add to recent upside progress early in today's Asian session as the pair eyed the 42986.21 area, representing the 38.2% retracement of the depreciating range from 59249.77 to 39233.33.\u00a0 Stops were recently elected above the 39144.01 area, representing the 23.6% retracement of the same depreciating range, and additional upside price retracement levels include the 46091, 49196, 53039, and 53618 levels.", "source_name": "Crypto Daily", "date": "Sun, 06 Feb 2022 13:00:00 -0500", "topics": ["tanalysis"], "sentiment": "Positive", "type": "Article", "tickers": ["BTC"]}, {"news_url": "https://thecurrencyanalytics.com/bitcoin/bitcoin-btc-supply-can-be-changed-no-one-talks-about-it-38717.php", "image_url": "https://crypto.snapi.dev/images/v1/6/z/bitcoin-btc-supply-can-be-changed-no-one-talks-about-it-106173.jpg", "title": "Bitcoin (BTC) Supply Can Be Changed No one Talks About It", "text": "Catch up on the latest crypto market news at The Currency Analytics. Dan Held Shared: 18.9 million Bitcoin has been issued.", "source_name": "The Currency Analytics", "date": "Sun, 06 Feb 2022 12:59:54 -0500", "topics": [], "sentiment": "Neutral", "type": "Article", "tickers": ["BTC"]}, {"news_url": "https://coingape.com/markets/bitcoin-price-analysis-btc-bulls-pierced-through-40000-milestone-on-track-to-hit-45000/", "image_url": "https://crypto.snapi.dev/images/v1/4/s/shutterstock-1037022877-106000-106171.jpg", "title": "Bitcoin Price Today: BTC Bulls Break Through $40k Milestone; Is This Correction Over?", "text": "Bitcoin (BTC) price has been hovering above $35000, with multiple Doji candles for the past few weeks, indicating uncertainty in the market. However, on 4th February, the bulls took the final leap and surged the coin price above the $40000 mark, suggesting a recovery opportunity for crypto traders.", "source_name": "Coingape", "date": "Sun, 06 Feb 2022 12:58:03 -0500", "topics": [], "sentiment": "Positive", "type": "Article", "tickers": ["BTC"]}, {"news_url": "https://www.dcforecasts.com/ethereum-news/bullish-eth-options-trade-targeted-3k-price-with-no-liquidation-risk/", "image_url": "https://crypto.snapi.dev/images/v1/r/w/ethereum-gf09203cb8-1920-106027-106168.jpg", "title": "Bullish ETH Options Trade Targeted $3K Price With No Liquidation Risk", "text": "A bullish ETH options trade targeted a $3K price tag with zero liquidation risks as the crypto markets start to turn around and raise opportunities for the risk-averse traders to use the Long Condor options strategy and long the second biggest cryptocurrency so let's read more in today's latest Ethereum news. Ether's price spent the [\u2026]", "source_name": "DCForecasts", "date": "Sun, 06 Feb 2022 12:01:18 -0500", "topics": [], "sentiment": "Positive", "type": "Article", "tickers": ["ETH"]}, {"news_url": "https://ambcrypto.com/xrp-matic-near-price-analysis-06-february/", "image_url": "https://crypto.snapi.dev/images/v1/4/i/coin-gc1ba25630-1280-106165.jpg", "title": "XRP, MATIC, Near Price Analysis: 06 February", "text": "With the Crypto fear and greed index showing substantial improvements in overall sentiment, NEAR's 20 SMA jumped above its 50 SMA while it reclaimed the $13.2-support. Also, XRP and MATIC continued their up-channel (reversal pattern) trajectories on their 4-hour charts.", "source_name": "AMBCrypto", "date": "Sun, 06 Feb 2022 11:30:57 -0500", "topics": ["tanalysis"], "sentiment": "Neutral", "type": "Article", "tickers": ["MATIC", "NEAR", "XRP"]}, {"news_url": "https://thecurrencyanalytics.com/altcoins/time-for-court-to-unseal-sec-documents-after-ripple-xrp-documents-38714.php", "image_url": "https://crypto.snapi.dev/images/v1/i/i/time-for-court-to-unseal-sec-documents-after-ripple-xrp-documents-106166.jpg", "title": "Time for Court to Unseal SEC documents after Ripple (XRP) documents", "text": "Catch up on the latest crypto market news at The Currency Analytics. In a recent ruling, judges ordered three of Ripple's documents to be unsealed.", "source_name": "The Currency Analytics", "date": "Sun, 06 Feb 2022 11:30:08 -0500", "topics": ["regulations"], "sentiment": "Neutral", "type": "Article", "tickers": ["XRP"]}, {"news_url": "https://cryptoticker.io/en/ethereum-price-prediction-target-reached-will-eth-lower/", "image_url": "https://crypto.snapi.dev/images/v1/u/1/ethereum-g8b01fd3d3-1280-106163.jpg", "title": "Ethereum Price Prediction \u2013 Price Target $3,000 Reached! Will $ETH Adjust lower now?", "text": "In our last\u00a0Ethereum price prediction, we wrote that the ETH price reversed and started going higher.\u00a0We then wrote that the price could soon rally to around $3,000 as that is where the next major resistance is.", "source_name": "CryptoTicker", "date": "Sun, 06 Feb 2022 11:15:46 -0500", "topics": [], "sentiment": "Neutral", "type": "Article", "tickers": ["ETH"]}, {"news_url": "https://news.bitcoin.com/ethereum-co-founder-vitalik-buterin-discusses-proposal-to-alleviate-networks-congestion-high-fees/", "image_url": "https://crypto.snapi.dev/images/v1/5/j/jjdjjdjdjjdf-106161.jpg", "title": "Ethereum Co-Founder Vitalik Buterin Discusses Proposal to Alleviate Network's Congestion, High Fees", "text": "Ethereum's co-founder, Vitalik Buterin, and developer Tim Beiko have been discussing a proposed solution to the data transfer gas problem and current scaling issues. Buterin talked about adding a feature like \u201cblob-carrying transactions\u201d in a \u201cnear-future hard fork.\u201d \u2018Blob-Carrying Transactions' The price of ethereum (ETH) has moved northbound during the last two weeks, climbing more [\u2026]", "source_name": "Bitcoin", "date": "Sun, 06 Feb 2022 11:00:23 -0500", "topics": [], "sentiment": "Neutral", "type": "Article", "tickers": ["ETH"]}, {"news_url": "https://coingape.com/bloomberg-predicts-100000-as-bitcoins-next-stop-but-how-fast-will-this-happen/", "image_url": "https://crypto.snapi.dev/images/v1/x/d/bitcoin-taps-40k-surging-6-in-less-than-two-hours1-106158.jpg", "title": "Bloomberg Predicts $100,000 as Bitcoin's next stop ; But How Fast Will This Happen?", "text": "Despite the current volatility of the crypto market, strong bullish sentiments still exist, especially for Bitcoin. A recent analysis by Bloomberg, which also gives insight to Ethereum's near term performance, is calling $100,000 as the next key threshold for the price of Bitcoin.", "source_name": "Coingape", "date": "Sun, 06 Feb 2022 10:36:03 -0500", "topics": [], "sentiment": "Positive", "type": "Article", "tickers": ["BTC"]}, {"news_url": "https://dailyhodl.com/2022/02/06/bitcoin-trend-reversal-on-chain-analyst-looks-at-whale-activity-as-btc-soars-above-40000/", "image_url": "https://crypto.snapi.dev/images/v1/j/b/bitcoin-whale-goingjpgfit10242c600ssl1-106160.jpg", "title": "Bitcoin Trend Reversal? On-Chain Analyst Looks at Whale Activity As BTC Soars Above $40,000", "text": "A widely followed on-chain analyst says he's closely monitoring the buying activity of Bitcoin whales as BTC continues to hold above $40,000. In a new Blockware Intelligence newsletter, Will Clemente says a new trend is emerging for Bitcoin whales, or entities holding over 1,000 BTC, as the deep-pocketed crypto investors begin to gobble up BTC [\u2026] The post Bitcoin Trend Reversal? On-Chain Analyst Looks at Whale Activity As BTC Soars Above $40,000 appeared first on The Daily Hodl.", "source_name": "The Daily Hodl", "date": "Sun, 06 Feb 2022 10:30:54 -0500", "topics": ["whales"], "sentiment": "Positive", "type": "Article", "tickers": ["BTC"]}, {"news_url": "https://www.cryptopolitan.com/bitcoin-ethereum-cardano-dogecoin-and-shiba-inu-daily-price-analyses-6-february-morning-prediction/", "image_url": "https://crypto.snapi.dev/images/v1/p/v/roundup-v2-7-106155.png", "title": "Bitcoin, Ethereum, Cardano, Dogecoin, and Shiba Inu Daily Price Analyses \u2013 6 February Morning Prediction", "text": "TL;DR Breakdown The global crypto steadies itself as the total market cap crosses the $1.9 Trillion mark. Bitcoin lands above $41,000 after a modest gain in the last 24 hours.", "source_name": "Cryptopolitan", "date": "Sun, 06 Feb 2022 10:20:52 -0500", "topics": [], "sentiment": "Neutral", "type": "Article", "tickers": ["ADA", "BTC", "DOGE", "ETH", "SHIB"]}, {"news_url": "https://u.today/traders-move-800-million-worth-of-btc-away-from-exchanges-details?SNAPI", "image_url": "https://crypto.snapi.dev/images/v1/f/w/12502-106152.jpg", "title": "Traders Move $800 Million Worth of BTC Away from Exchanges: Details", "text": "Despite major corrections on the market, investors are not willing to sell their holdings", "source_name": "UToday", "date": "Sun, 06 Feb 2022 10:08:00 -0500", "topics": [], "sentiment": "Neutral", "type": "Article", "tickers": ["BTC"]}, {"news_url": "https://cointelegraph.com/news/bitcoin-rejected-after-attacking-42k-as-trader-says-btc-price-impulse-move-not-done-yet", "image_url": "https://crypto.snapi.dev/images/v1/g/s/840-ahr0chm6ly9zmy5jb2ludgvszwdyyxbolmnvbs91cgxvywrzlziwmjitmdivmtfizdizmdmtyzy0nc00yzmxltg1nmmtzjfhmthjnzvkyzc2lmpwzw-106149.jpg", "title": "Bitcoin rejected after attacking $42K as trader says BTC price impulse move not 'done yet'", "text": "A second run on the $42,000 mark comes amid demands for $41,000 to become support to secure bullish continuation.", "source_name": "Cointelegraph", "date": "Sun, 06 Feb 2022 10:02:27 -0500", "topics": [], "sentiment": "Negative", "type": "Article", "tickers": ["BTC"]}, {"news_url": "https://thecurrencyanalytics.com/altcoins/32-eth-ethereum-is-too-steep-for-the-average-person-to-run-a-validator-38707.php", "image_url": "https://crypto.snapi.dev/images/v1/r/g/32-eth-ethereum-is-too-steep-for-the-average-person-to-run-a-validator-106145.jpg", "title": "32 ETH Ethereum is too Steep for the Average Person to Run a Validator", "text": "Catch up on the latest crypto market news at The Currency Analytics. Lark Davis shared:\u00a0 There are literally thousands of crypto coins in the market.", "source_name": "The Currency Analytics", "date": "Sun, 06 Feb 2022 10:01:20 -0500", "topics": [], "sentiment": "Neutral", "type": "Article", "tickers": ["ETH"]}, {"news_url": "https://www.cryptopolitan.com/bitcoin-price-analysis-2022-02-06/", "image_url": "https://crypto.snapi.dev/images/v1/g/w/bitcoin-price-analysis-2022-02-06-106143.png", "title": "Bitcoin price analysis: BTC rejects upside at $42,000 again, ready to drop?", "text": "TL;DR Breakdown Bitcoin price analysis is bearish today. BTC/USD still holds below $42,000.", "source_name": "Cryptopolitan", "date": "Sun, 06 Feb 2022 09:49:54 -0500", "topics": ["tanalysis"], "sentiment": "Negative", "type": "Article", "tickers": ["BTC"]}, {"news_url": "https://cryptopotato.com/ripple-price-analysis-xrp-rallies-above-0-65-but-massive-resistance-awaits/", "image_url": "https://crypto.snapi.dev/images/v1/n/f/us-sec-ripple-xrp-101933-106139.jpg", "title": "Ripple Price Analysis: XRP Rallies Above $0.65, But Massive Resistance Awaits", "text": "XRP managed to break above the key resistance at $0.65 on Friday, as the price has been consolidating above this level since then. The question is if $0.65 can be tested and confirmed as support so that XRP can continue even higher.", "source_name": "CryptoPotato", "date": "Sun, 06 Feb 2022 09:03:38 -0500", "topics": ["tanalysis"], "sentiment": "Positive", "type": "Article", "tickers": ["XRP"]}, {"news_url": "https://ambcrypto.com/this-is-where-these-factors-affecting-bitcoins-price-movements-will-take-it/", "image_url": "https://crypto.snapi.dev/images/v1/j/t/pexels-photo-5980743-e1644135495793-106137.jpeg", "title": "This is where these factors affecting Bitcoin's price movements will take it", "text": "Bitcoin took quite a ride from its all-time high of over $69,000 to its recent low of $34,000. This have given way to the million-dollar question \u2013 What is affecting Bitcoin's price movements?", "source_name": "AMBCrypto", "date": "Sun, 06 Feb 2022 08:30:37 -0500", "topics": [], "sentiment": "Neutral", "type": "Article", "tickers": ["BTC"]}, {"news_url": "https://www.cryptopolitan.com/bridgewater-ceo-believe-more-countries-will-ban-bitcoin/", "image_url": "https://crypto.snapi.dev/images/v1/7/z/c4089d4c-40c1-41e6-b00e-1df42a56cf12-106136.jpeg", "title": "Bridgewater CEO believes more countries will ban Bitcoin", "text": "TL; DR Breakdown Dalio predicts Bitcoin ban across different countries The Bridgewater boss holds Bitcoin Dalio predicts new money in the market Since the creation of Bitcoin, digital assets have thrived, becoming one of the most sought after in the financial market. This metric alone places Bitcoin heads and tails above every other financial commodity [\u2026]", "source_name": "Cryptopolitan", "date": "Sun, 06 Feb 2022 08:29:56 -0500", "topics": [], "sentiment": "Negative", "type": "Article", "tickers": ["BTC"]}, {"news_url": "https://www.dcforecasts.com/altcoin-news/coachella-collabs-with-ftx-to-sell-festival-passes-as-solana-based-nft/", "image_url": "https://crypto.snapi.dev/images/v1/i/h/coachella-106134.png", "title": "Coachella Collabs With FTX To Sell Festival Passes As Solana-based NFT", "text": "Coachella collabs with FTX crypto exchange to sell festival passes as Solana-based NFTs as we can see further in our latest cryptocurrency news. The multi-day music festival held in California \u2013 Coachella collabs with crypto exchange FTX to introduce non-fungible token collections to fans and they will be built on the Solana network.", "source_name": "DCForecasts", "date": "Sun, 06 Feb 2022 08:23:33 -0500", "topics": ["NFT"], "sentiment": "Neutral", "type": "Article", "tickers": ["SOL"]}, {"news_url": "https://www.cryptopolitan.com/ethereum-price-analysis-2022-02-06/", "image_url": "https://crypto.snapi.dev/images/v1/q/u/ethereum-price-analysis-2022-02-06-106132.png", "title": "Ethereum price analysis: ETH consolidates around $3,000, slowly prepares to retrace", "text": "TL;DR Breakdown Ethereum price analysis is bearish today. Market peaked at 3,063 yesterday.", "source_name": "Cryptopolitan", "date": "Sun, 06 Feb 2022 08:00:43 -0500", "topics": ["tanalysis"], "sentiment": "Negative", "type": "Article", "tickers": ["ETH"]}, {"news_url": "https://dailyhodl.com/2022/02/06/heres-whats-next-for-ethereum-eth-after-reclaiming-3000-crypto-analyst-benjamin-cowen/", "image_url": "https://crypto.snapi.dev/images/v1/s/q/ethereum-scaling-solutionjpgfit10242c600ssl1-106131.jpg", "title": "Here's What's Next for Ethereum (ETH) After Reclaiming $3,000: Crypto Analyst Benjamin Cowen", "text": "Crypto analyst Benjamin Cowen is outlining what's in store for Ethereum (ETH) as the leading smart contract platform reclaims $3,000.\u00a0 In a new strategy session, Cowen tells his 707,000 YouTube subscribers that the second largest crypto asset has been trading in a range between $2,000 and $4,000 for almost a year. Considering the length of [\u2026] The post Here's What's Next for Ethereum (ETH) After Reclaiming $3,000: Crypto Analyst Benjamin Cowen appeared first on The Daily Hodl.", "source_name": "The Daily Hodl", "date": "Sun, 06 Feb 2022 07:45:37 -0500", "topics": [], "sentiment": "Neutral", "type": "Article", "tickers": ["ETH"]}, {"news_url": "https://cryptopotato.com/polkadot-allocates-993286-dot-to-boost-its-ecosystem-and-web3-development/", "image_url": "https://crypto.snapi.dev/images/v1/a/e/polkadot-cover-106130.jpg", "title": "Polkadot Allocates 993,286 DOT to Boost its Ecosystem and Web3 Development", "text": "Polkadot has allocated $21 million for ecosystem development as it emerges as the blockchain network with the smallest carbon footprint.", "source_name": "CryptoPotato", "date": "Sun, 06 Feb 2022 07:45:16 -0500", "topics": [], "sentiment": "Positive", "type": "Article", "tickers": ["DOT"]}, {"news_url": "https://www.dcforecasts.com/bitcoin-news/gene-simmons-starts-accepting-btc-for-the-sale-of-his-estate/", "image_url": "https://crypto.snapi.dev/images/v1/f/h/simmons-estate-in-las-vegas-source-review-journal-106129.png", "title": "Gene Simmons Starts Accepting BTC For The Sale Of His Estate", "text": "Legendary vocalist of the rock band KISS Gene Simmons starts accepting Bitcoin for the sale of his Las Vegas mansion worth $13.5 million as we can see further in our latest Bitcoin news. Gene Simmons starts accepting Bitcoin for the sale of his estate based in Las Vegas but he also considered other options like [\u2026]", "source_name": "DCForecasts", "date": "Sun, 06 Feb 2022 07:41:22 -0500", "topics": [], "sentiment": "Neutral", "type": "Article", "tickers": ["BTC"]}, {"news_url": "https://thecurrencyanalytics.com/bitcoin/bitcoin-btc-drops-by-50-are-getting-more-frequent-38698.php", "image_url": "https://crypto.snapi.dev/images/v1/u/b/bitcoin-btc-drops-by-50-are-getting-more-frequent-106126.jpg", "title": "Bitcoin (BTC) Drops by 50% are Getting More Frequent", "text": "Catch up on the latest crypto market news at The Currency Analytics. Pomp Shared: Bitcoin has dropped 50% or more at least 4 times in the last 4 years.", "source_name": "The Currency Analytics", "date": "Sun, 06 Feb 2022 07:00:03 -0500", "topics": [], "sentiment": "Negative", "type": "Article", "tickers": ["BTC"]}, {"news_url": "https://www.dcforecasts.com/bitcoin-news/sunday-market-watch-axie-infinity-surges-by-17-btc-maintains-41k/", "image_url": "https://crypto.snapi.dev/images/v1/p/d/financial-2860753-1280-105898-106124.jpg", "title": "Sunday Market Watch: Axie Infinity Surges By 17%, BTC Maintains $41K", "text": "The Sunday market watch shows that Axie Infinity surged by 17% and the rest of the market calmed down after the strong volatility on Saturday. Bitcoin managed to stay above $41,000 as continues to read further in today's altcoin news and analysis.", "source_name": "DCForecasts", "date": "Sun, 06 Feb 2022 06:35:32 -0500", "topics": [], "sentiment": "Positive", "type": "Article", "tickers": ["AXS", "BTC"]}, {"news_url": "https://thecurrencyanalytics.com/bitcoin/when-the-sec-finally-approves-a-bitcoin-etf-it-will-not-be-grayscale-38695.php", "image_url": "https://crypto.snapi.dev/images/v1/x/n/when-the-sec-finally-approves-a-bitcoin-etf-it-will-not-be-grayscale-106120.jpg", "title": "When the SEC finally approves a BITCOIN ETF it Will Not Be Grayscale", "text": "Catch up on the latest crypto market news at The Currency Analytics. Pomp Shared: \u00a0The SEC has just delayed their decision on whether GBTC can convert to a Bitcoin ETF.", "source_name": "The Currency Analytics", "date": "Sun, 06 Feb 2022 06:00:51 -0500", "topics": ["regulations"], "sentiment": "Neutral", "type": "Article", "tickers": ["BTC"]}, {"news_url": "https://www.cryptopolitan.com/polkadot-price-analysis-2022-02-06/", "image_url": "https://crypto.snapi.dev/images/v1/n/d/polkadot-price-analysis-2022-02-06-106116.png", "title": "Polkadot price analysis: DOT peaks at $22, slowly looks to set higher low next?", "text": "TL;DR Breakdown Polkadot price analysis is bearish today. DOT/USD has found resistance at $22.", "source_name": "Cryptopolitan", "date": "Sun, 06 Feb 2022 05:24:19 -0500", "topics": ["tanalysis"], "sentiment": "Neutral", "type": "Article", "tickers": ["DOT"]}, {"news_url": "https://thecurrencyanalytics.com/bitcoin/why-bitcoin-btc-should-not-be-taxed-38692.php", "image_url": "https://crypto.snapi.dev/images/v1/w/q/why-bitcoin-btc-should-not-be-taxed-106115.jpg", "title": "Why Bitcoin (BTC) Should Not be Taxed?", "text": "Catch up on the latest crypto market news at The Currency Analytics. Pomp \u00a0SHARED: Will Staking & Mining Be Tax Free?", "source_name": "The Currency Analytics", "date": "Sun, 06 Feb 2022 05:16:18 -0500", "topics": [], "sentiment": "Neutral", "type": "Article", "tickers": ["BTC"]}, {"news_url": "https://dailyhodl.com/2022/02/06/digital-dollar-bullish-for-bitcoin-btc-grayscale-head-says-cbdc-could-create-tailwinds-for-crypto/", "image_url": "https://crypto.snapi.dev/images/v1/v/y/heroic-gaming-coinjpgfit10242c600ssl1-106119.jpg", "title": "Digital Dollar Bullish for Bitcoin (BTC)? Grayscale Head Says CBDC Could Create Tailwinds for Crypto", "text": "The CEO of digital asset titan Grayscale Investments says that a central bank digital currency (CBDC) can propel Bitcoin (BTC) into further adoption and growth.\u00a0 In a new interview on CNBC's Squawk Box, Michael Sonnenshein says that a federal-backed digital dollar could serve as a tailwind for investors and businesses to look into crypto. He [\u2026] The post Digital Dollar Bullish for Bitcoin (BTC)? Grayscale Head Says CBDC Could Create Tailwinds for Crypto appeared first on The Daily Hodl.", "source_name": "The Daily Hodl", "date": "Sun, 06 Feb 2022 05:15:52 -0500", "topics": ["digital dollar"], "sentiment": "Positive", "type": "Article", "tickers": ["BTC"]}, {"news_url": "https://coinpedia.org/bitcoin/at-this-level-bitcoin-btc-price-might-surge-more-than-10-traders-watch-these-pivot-level/", "image_url": "https://crypto.snapi.dev/images/v1/n/r/crypto14-106109.jpg", "title": "At This level Bitcoin (BTC) Price Might Surge More Than 10% ! Traders Watch These Pivot Level!", "text": "Bitcoin is currently worth more than $40,000, up more than 20% from its lows in late January. Despite the recovery, the crypto community, analysts, and others believe the bottom is still a long way off. In the meantime, BTC has started to recover from a seven-year secular bull trend line. BTC/USD traded in a range \u2026", "source_name": "CoinPedia", "date": "Sun, 06 Feb 2022 04:32:00 -0500", "topics": [], "sentiment": "Positive", "type": "Article", "tickers": ["BTC"]}, {"news_url": "https://coinpedia.org/bitcoin/is-bitcoins-surge-sustainable-heres-what-traders-can-expect-in-coming-week/", "image_url": "https://crypto.snapi.dev/images/v1/9/h/crypto12-106103.jpg", "title": "Is Bitcoin's Surge Sustainable? Here's What traders Can Expect In Coming Week!", "text": "Bitcoin (BTC) and the broader crypto market received a much-needed boost late Thursday after a tumultuous first half of the week. Bitcoin recovered from $36,200 levels on Thursday to $41k levels on Saturday. A well-known cryptocurrency analyst is scouring the charts to see if Bitcoin's (BTC) recent surge is sustainable.\u00a0 Micheal van de Poppe warns \u2026", "source_name": "CoinPedia", "date": "Sun, 06 Feb 2022 03:19:49 -0500", "topics": [], "sentiment": "Neutral", "type": "Article", "tickers": ["BTC"]}, {"news_url": "https://coingape.com/markets/sol-price-prediction-120-next/", "image_url": "https://crypto.snapi.dev/images/v1/m/v/solana-106100.jpg", "title": "SOL Price Prediction: Will Solana (SOL) Price Break $120 Next?", "text": "Solana's (SOL) price looks exhausted near the higher levels on Saturday. Buyers remained invested in the coin near $88.0 as accumulation builds up near the demand zone.", "source_name": "Coingape", "date": "Sun, 06 Feb 2022 02:19:40 -0500", "topics": [], "sentiment": "Neutral", "type": "Article", "tickers": ["SOL"]}, {"news_url": "https://www.cryptopolitan.com/bitcoin-ethereum-gala-terra-daily-price-analyses-5-february-roundup/", "image_url": "https://crypto.snapi.dev/images/v1/u/r/urlhttps3a2f2fgfoolcdncom2feditorial2fimages2f6641072fgettyimages-1278562742jpgw700opresize-105958-106146.jpg", "title": "Bitcoin, Ethereum, Gala, Terra Daily Price Analyses \u2013 5 February Roundup", "text": "TL;DR Breakdown The global crypto market cap falls to $1.72T after a 9.50% fall in 24 hours. Bitcoin stays around $41,500 after a healthy week.", "source_name": "Cryptopolitan", "date": "Sun, 06 Feb 2022 01:31:30 -0500", "topics": [], "sentiment": "Neutral", "type": "Article", "tickers": ["BTC", "ETH", "GALA", "LUNA"]}, {"news_url": "https://thecurrencyanalytics.com/bitcoin/bitcoin-btc-halving-due-in-more-than-2-years-dca-now-38701.php", "image_url": "https://crypto.snapi.dev/images/v1/q/a/bitcoin-taps-40k-surging-6-in-less-than-two-hours1-106010-106077-106121.jpg", "title": "Bitcoin (BTC) Halving Due in More than 2 Years DCA Now", "text": "Catch up on the latest crypto market news at The Currency Analytics. Dan Held shared: Is this the start of a Bitcoin breakout?", "source_name": "The Currency Analytics", "date": "Sat, 05 Feb 2022 20:04:02 -0500", "topics": [], "sentiment": "Negative", "type": "Article", "tickers": ["BTC"]}, {"news_url": "https://news.bitcoin.com/rich-dad-poor-dads-robert-kiyosaki-fed-treasury-destroying-dollar-advises-saving-bitcoin/", "image_url": "https://crypto.snapi.dev/images/v1/4/8/kiyosaki-106095.jpg", "title": "Rich Dad Poor Dad's Robert Kiyosaki Says the Fed and Treasury Are Destroying the Dollar, Advises Saving Bitcoin", "text": "The famous author of the best-selling book Rich Dad Poor Dad, Robert Kiyosaki, has warned that the Federal Reserve and the Treasury are destroying the U.S. dollar. Noting that they are sending billions of dollar savers and uninformed investors to \u201cfinancial hell,\u201d he advised, \u201cSave gold, silver, and bitcoin.\u201d Robert Kiyosaki's Warning and Advice Robert [\u2026]", "source_name": "Bitcoin", "date": "Sat, 05 Feb 2022 20:00:21 -0500", "topics": ["regulations"], "sentiment": "Positive", "type": "Article", "tickers": ["BTC"]}, {"news_url": "https://dailyhodl.com/2022/02/05/top-analyst-updates-outlook-on-bitcoin-and-ethereum-says-btc-needs-to-break-above-this-price-to-surge-higher/", "image_url": "https://crypto.snapi.dev/images/v1/v/c/btc-needs-to-breakjpgfit10242c600ssl1-106092.jpg", "title": "Top Analyst Updates Outlook on Bitcoin and Ethereum, Says BTC Needs To Break Above This Price To Surge Higher", "text": "Popular crypto analyst Justin Bennett is updating his outlook on the two largest crypto assets by market cap. Starting with Bitcoin (BTC), Bennett says that the flagship cryptocurrency could surge by up to 40% if it manages to break above the $42,000 resistance level. \u201cThis area between $35,000 and $36,000 is support and $40,000 to [\u2026] The post Top Analyst Updates Outlook on Bitcoin and Ethereum, Says BTC Needs To Break Above This Price To Surge Higher appeared first on The Daily Hodl.", "source_name": "The Daily Hodl", "date": "Sat, 05 Feb 2022 18:05:14 -0500", "topics": [], "sentiment": "Positive", "type": "Article", "tickers": ["BTC", "ETH"]}, {"news_url": "https://cointelegraph.com/news/this-bullish-ethereum-options-trade-targets-3-1k-eth-price-with-zero-liquidation-risk", "image_url": "https://crypto.snapi.dev/images/v1/p/1/840-ahr0chm6ly9zmy5jb2ludgvszwdyyxbolmnvbs91cgxvywrzlziwmjitmdivmte3zwi2mtgtntljns00ytg3ltllyjytntgyzmizyzq0mte3lmpwzw-106090.jpg", "title": "This bullish Ethereum options trade targets $3.1K ETH price with zero liquidation risk", "text": "The crypto market is starting to turn around, raising opportunities for risk averse traders to use the Long Condor options strategy to long ETH.", "source_name": "Cointelegraph", "date": "Sat, 05 Feb 2022 18:05:00 -0500", "topics": [], "sentiment": "Positive", "type": "Article", "tickers": ["ETH"]}, {"news_url": "https://www.cryptopolitan.com/ripple-price-analysis-2022-02-06/", "image_url": "https://crypto.snapi.dev/images/v1/z/y/ripple-price-analysis-range-bound-xrp-grinds-lower-to-touch-1-3008-1-106088.jpg", "title": "Ripple price analysis: Bulls are set to reverse the bearish trend soon and close the daily chart at $0.70", "text": "TL;DR Breakdown Ripple price analysis is bearish today. XRP/USD continued higher overnight.", "source_name": "Cryptopolitan", "date": "Sat, 05 Feb 2022 17:52:18 -0500", "topics": ["tanalysis"], "sentiment": "Positive", "type": "Article", "tickers": ["XRP"]}, {"news_url": "https://cryptopotato.com/coachella-and-ftx-to-sell-lifetime-festival-passes-as-solana-based-nfts/", "image_url": "https://crypto.snapi.dev/images/v1/a/f/coachella-nft-106087.jpg", "title": "Coachella and FTX to Sell Lifetime Festival Passes as Solana-based NFTs", "text": "Following a collaboration with FTX, Coachella launched NFT collections of \"unique experiences\" and lifetime passes.", "source_name": "CryptoPotato", "date": "Sat, 05 Feb 2022 17:35:22 -0500", "topics": ["NFT"], "sentiment": "Neutral", "type": "Article", "tickers": ["SOL"]}, {"news_url": "https://bitcoinmagazine.com/business/bitcoin-and-network-effects", "image_url": "https://crypto.snapi.dev/images/v1/7/u/nodes-106086.jpg", "title": "Bitcoin And The Downslope Of Network Effects", "text": "With the rise of Bitcoin's network effects comes the equivalent demise in legacy finance's network effects.", "source_name": "Bitcoin Magazine", "date": "Sat, 05 Feb 2022 17:00:00 -0500", "topics": [], "sentiment": "Neutral", "type": "Article", "tickers": ["BTC"]}, {"news_url": "https://ambcrypto.com/wormhole-exploit-shines-spotlight-on-solanas-speed-and-proof-of-history/", "image_url": "https://crypto.snapi.dev/images/v1/9/j/glen-carrie-imibgpk81je-unsplash-2-106083.jpg", "title": "Wormhole exploit shines spotlight on Solana's speed and proof-of-history", "text": "The Wormhole exploit shined the spotlight on a number of things in the crypto industry as users scrambled for answers. Solana, Ethereum, DeFi, cross-chain protocols, and Solana's proof-of-history consensus mechanism, all came under intense scrutiny.", "source_name": "AMBCrypto", "date": "Sat, 05 Feb 2022 16:30:44 -0500", "topics": [], "sentiment": "Negative", "type": "Article", "tickers": ["SOL"]}, {"news_url": "https://www.benzinga.com/markets/cryptocurrency/22/02/25438958/which-will-happen-first-ethereum-at-10k-cardano-at-5-or-dogecoin-at-1?SNAPI", "image_url": "https://crypto.snapi.dev/images/v1/z/h/crypto-coins6-106080.jpg", "title": "Which Will Happen First, Ethereum At $10K, Cardano At $5 Or Dogecoin At $1?", "text": "Every week, Benzinga conducts a survey to collect sentiment on what traders are most excited about, interested in or thinking about as they manage and build their personal portfolios.", "source_name": "Benzinga", "date": "Sat, 05 Feb 2022 16:12:00 -0500", "topics": [], "sentiment": "Neutral", "type": "Article", "tickers": ["ADA", "DOGE", "ETH"]}, {"news_url": "https://www.dcforecasts.com/bitcoin-news/krakens-audit-shows-the-exchange-holds-19-billion-in-btc-eth/", "image_url": "https://crypto.snapi.dev/images/v1/i/q/jesse-powell-106079.png", "title": "Kraken's Audit Shows The Exchange Holds $19 Billion In BTC, ETH", "text": "Kraken's Audit shows that the exchange holds up to $19 billion in both ETH and BTC and also allows clients to verify their accounts using third-party services so let's find out some more in today's latest crypto news. The leading crypto exchange Kraken announced the results of the proof of reserve audit and showed that [\u2026]", "source_name": "DCForecasts", "date": "Sat, 05 Feb 2022 16:03:54 -0500", "topics": [], "sentiment": "Positive", "type": "Article", "tickers": ["BTC", "ETH"]}, {"news_url": "https://dailyhodl.com/2022/02/05/bitcoins-correlation-to-tech-stocks-surges-amid-macro-uncertainty-analytics-firm-intotheblock/", "image_url": "https://crypto.snapi.dev/images/v1/c/o/correlation-tech-stocksjpgfit10242c600ssl1-106093.jpg", "title": "Bitcoin's Correlation to Tech Stocks Surges Amid Macro Uncertainty: Analytics Firm IntoTheBlock", "text": "The price of Bitcoin (BTC) is increasingly correlating with that of tech stocks amid widespread uncertainty in the crypto markets, according to analytics firm IntoTheBlock. In a new article, the market intelligence agency says that Bitcoin's congruence with the Nasdaq 100 has reached a level it hasn't seen in nearly two years and that the [\u2026] The post Bitcoin's Correlation to Tech Stocks Surges Amid Macro Uncertainty: Analytics Firm IntoTheBlock appeared first on The Daily Hodl.", "source_name": "The Daily Hodl", "date": "Sat, 05 Feb 2022 16:00:09 -0500", "topics": [], "sentiment": "Neutral", "type": "Article", "tickers": ["BTC"]}, {"news_url": "https://www.dcforecasts.com/bitcoin-news/bitcoin-surged-again-and-there-are-4-possible-reasons-for-it/", "image_url": "https://crypto.snapi.dev/images/v1/c/s/bitcoin-taps-40k-surging-6-in-less-than-two-hours1-106010-106077.jpg", "title": "Bitcoin Surged Again And There Are 4 Possible Reasons For It", "text": "Bitcoin surged again and there are four possible reasons for the move upside as we can see more today in our bitcoin latest news. Following what seems to be the biggest green daily candle in months, the past 24 hours were quite turbulent through the crypto market but this time everything is in favor of [\u2026]", "source_name": "DCForecasts", "date": "Sat, 05 Feb 2022 15:58:54 -0500", "topics": [], "sentiment": "Positive", "type": "Article", "tickers": ["BTC"]}, {"news_url": "https://www.fool.com/investing/2022/02/05/why-bitcoin-ethereum-polkadot-and-solana-jumped/", "image_url": "https://crypto.snapi.dev/images/v1/6/m/urlhttps3a2f2fgfoolcdncom2feditorial2fimages2f6648552frocket-chartjpgw700opresize-106075.jpg", "title": "Why Bitcoin, Ethereum, Polkadot, and Solana Jumped This Weekend", "text": "Some bullish news from the market and Washington D.C. is helping crypto values this week.", "source_name": "The Motley Fool", "date": "Sat, 05 Feb 2022 15:55:45 -0500", "topics": [], "sentiment": "Positive", "type": "Article", "tickers": ["BTC", "DOT", "ETH", "SOL"]}, {"news_url": "https://www.benzinga.com/markets/cryptocurrency/22/02/25439049/this-republican-senator-and-former-presidential-candidate-bought-the-late-january-dip-in-b?SNAPI", "image_url": "https://crypto.snapi.dev/images/v1/5/a/ted-cruz-matt-johnson-106074.jpg", "title": "This Republican Senator And Former Presidential Candidate Bought The Late January Dip In Bitcoin", "text": "Bitcoin (CRYPTO: BTC) is staging a recovery after hitting a near-term bottom of $33,184.06 on Jan. 24, and one U.S. Senator has capitalized on the opportunity.", "source_name": "Benzinga", "date": "Sat, 05 Feb 2022 15:55:00 -0500", "topics": ["regulations"], "sentiment": "Positive", "type": "Article", "tickers": ["BTC"]}, {"news_url": "https://thecurrencyanalytics.com/bitcoin/bitcoin-btc-is-a-sequence-of-numbers-and-nothing-more-38689.php", "image_url": "https://crypto.snapi.dev/images/v1/m/x/bitcoin-is-a-sequence-of-numbers-and-nothing-more-106073.jpg", "title": "Bitcoin (BTC) is a Sequence of Numbers and Nothing More", "text": "Catch up on the latest crypto market news at The Currency Analytics. Dan Held Shared: Bitcoin critics: \u201cbut it's too volatile\u201d.", "source_name": "The Currency Analytics", "date": "Sat, 05 Feb 2022 15:47:45 -0500", "topics": [], "sentiment": "Neutral", "type": "Article", "tickers": ["BTC"]}, {"news_url": "https://ambcrypto.com/these-indicators-may-favor-bitcoin-and-ethereum-despite-a-rocky-start-to-2022/", "image_url": "https://crypto.snapi.dev/images/v1/z/4/quantitatives-io-ooezpv8gvlc-unsplash-106071.jpg", "title": "These indicators may favor Bitcoin and Ethereum despite a rocky start to 2022", "text": "The entire cryptocurrency market is off to a rocky start in 2022. Bitcoin notched a three-month low\u00a0as global markets continued their New Year sell-off due to different factors.", "source_name": "AMBCrypto", "date": "Sat, 05 Feb 2022 15:30:02 -0500", "topics": [], "sentiment": "Positive", "type": "Article", "tickers": ["BTC", "ETH"]}, {"news_url": "https://coingape.com/failure-to-stay-carbon-neutral-will-cost-bitcoin-miners-dearly-warns-kevin-oleary/", "image_url": "https://crypto.snapi.dev/images/v1/b/l/shark-tank-106070.jpg", "title": "Failure To Stay Carbon Neutral Will Cost Bitcoin Miners Dearly, Kevin O'Leary Warns", "text": "ABC's Shark Tank star, Kevin O'Leary, has sounded a warning that environmental, social, and governance (ESG) reporting is going to shake up the Bitcoin mining industry. While many key players are currently focused on Bitcoin's price performance, O'Leary is more concerned about the dangers that the Bitcoin mining industry can pose for the market.", "source_name": "Coingape", "date": "Sat, 05 Feb 2022 15:26:32 -0500", "topics": ["mining"], "sentiment": "Negative", "type": "Article", "tickers": ["BTC"]}, {"news_url": "https://www.dcforecasts.com/bitcoin-news/ted-cruz-just-bought-the-latest-bitcoin-dip-report/", "image_url": "https://crypto.snapi.dev/images/v1/w/0/texas-106066.png", "title": "Ted Cruz Just Bought The Latest Bitcoin Dip: Report", "text": "Texas senator Ted Cruz just bought the latest Bitcoin dip confirming that he is ready to put his money where his mouth is as we are reading further in our latest Bitcoin news. According to the financial disclosures filed on Friday 4th, Ted Cruz bought the latest Bitcoin dip and purchased between $15K and $50K [\u2026]", "source_name": "DCForecasts", "date": "Sat, 05 Feb 2022 15:04:39 -0500", "topics": [], "sentiment": "Positive", "type": "Article", "tickers": ["BTC"]}, {"news_url": "https://coingape.com/sec-pushed-back-grayscales-highly-anticipated-bitcoin-trust-gbtc/", "image_url": "https://crypto.snapi.dev/images/v1/a/n/sec-106064.jpg", "title": "SEC Has Pushed Back On Grayscale's Highly Anticipated Bitcoin Trust (GBTC)", "text": "The US Securities and Exchange Commission (SEC) has continued to stall the approval of a Bitcoin spot exchange-traded fund (ETF). The SEC stated that it was delaying a decision on whether the biggest Bitcoin fund, Grayscale Bitcoin Trust (GBTC) can convert into a Bitcoin spot ETF.", "source_name": "Coingape", "date": "Sat, 05 Feb 2022 15:01:48 -0500", "topics": ["regulations"], "sentiment": "Negative", "type": "Article", "tickers": ["BTC"]}, {"news_url": "https://www.dcforecasts.com/ethereum-news/eth-eyes-3-5k-as-the-price-reclaims-pre-pandemic-support-levels/", "image_url": "https://crypto.snapi.dev/images/v1/j/x/crypto12-105821-106062.jpg", "title": "ETH Eyes $3.5K As The Price Reclaims Pre-Pandemic Support Levels", "text": "ETH eyes $3.5K price level as it managed to reclaim the pre-pandemic support levels and got back above its 50-week exponential moving average as we can see more today in our latest ethereum news. Ethereum's native token ETH eyes $3.5K level in the upcomign sessions as it reclaimed a historically strong support level at the [\u2026]", "source_name": "DCForecasts", "date": "Sat, 05 Feb 2022 14:51:12 -0500", "topics": [], "sentiment": "Positive", "type": "Article", "tickers": ["ETH"]}, {"news_url": "https://thecurrencyanalytics.com/bitcoin/bitcoin-btc-is-a-digital-pyramid-scheme-an-innovative-bubble-38686.php", "image_url": "https://crypto.snapi.dev/images/v1/a/h/bitcoin-is-a-digital-pyramid-scheme-an-innovative-bubble-106061.jpg", "title": "Bitcoin (BTC) is a Digital Pyramid Scheme an Innovative Bubble", "text": "Catch up on the latest crypto market news at The Currency Analytics. Peter Schiff Shared: Bitcoin is just a digital pyramid scheme.", "source_name": "The Currency Analytics", "date": "Sat, 05 Feb 2022 14:37:51 -0500", "topics": [], "sentiment": "Negative", "type": "Article", "tickers": ["BTC"]}, {"news_url": "https://www.dcforecasts.com/bitcoin-news/sec-expressed-concerns-about-grayscales-spot-bitcoin-etf-proposal/", "image_url": "https://crypto.snapi.dev/images/v1/m/t/sec-880x400-1000x600-1-106057.jpg", "title": "SEC Expressed Concerns About Grayscale's Spot Bitcoin ETF Proposal", "text": "The SEC expressed concerns about a Grayscale spot Bitcoin ETF because it fears possible share manipulation and liquidity of Bitcoin markets so let's read further in today's latest cryptocurrency news. The US SEC expressed concerns about how the Grayscale spot bitcoin ETF could head off share manipulation and fraud via its proposal to convert the [\u2026]", "source_name": "DCForecasts", "date": "Sat, 05 Feb 2022 14:22:58 -0500", "topics": ["regulations"], "sentiment": "Negative", "type": "Article", "tickers": ["BTC"]}, {"news_url": "https://cryptopotato.com/the-demon-gene-simmons-accepts-bitcoin-for-the-sale-of-his-las-vegas-estate/", "image_url": "https://crypto.snapi.dev/images/v1/r/p/genesimmonskiss-106056.jpg", "title": "\u2018The Demon' Gene Simmons Accepts Bitcoin for The Sale of His Las Vegas Estate", "text": "Gene Simmons will accept $13.5 million worth of digital assets for the sale of his Las Vegas mansion.", "source_name": "CryptoPotato", "date": "Sat, 05 Feb 2022 14:20:16 -0500", "topics": [], "sentiment": "Positive", "type": "Article", "tickers": ["BTC"]}, {"news_url": "https://u.today/ethereum-to-introduce-new-transaction-format-in-urgency-to-curb-gas-fees-details?SNAPI", "image_url": "https://crypto.snapi.dev/images/v1/1/2/12432-0-106054.jpg", "title": "Ethereum to Introduce New Transaction Format in Urgency to Curb Gas Fees: Details", "text": "Ethereum might launch new transaction type to reduce gas fees: details", "source_name": "UToday", "date": "Sat, 05 Feb 2022 14:20:00 -0500", "topics": [], "sentiment": "Neutral", "type": "Article", "tickers": ["ETH"]}, {"news_url": "https://www.benzinga.com/markets/cryptocurrency/22/02/25438861/bitcoin-stays-above-key-support-what-does-the-near-term-hold-for-the-apex-crypto?SNAPI", "image_url": "https://crypto.snapi.dev/images/v1/l/q/bitcoin-quoteinspector-0-106055.jpg", "title": "Bitcoin Stays Above Key Support: What Does The Near-Term Hold For The Apex Crypto?", "text": "The cryptocurrency market is beginning to turn a corner from the lackluster phase it found itself in since peaking in early November. Most coins have bounced off the bottom and are taking trepidatious steps toward a recovery.", "source_name": "Benzinga", "date": "Sat, 05 Feb 2022 14:15:00 -0500", "topics": [], "sentiment": "Neutral", "type": "Article", "tickers": ["BTC"]}], "total_pages": 39}