{"data": [{"news_url": "https://investorplace.com/2022/02/solana-contrarians-may-find-it-appealing-at-todays-prices/", "image_url": "https://crypto.snapi.dev/images/v1/v/f/crypto3-109910.jpg", "title": "Contrarians May Find Solana Appealing at Today's Prices", "text": "Tread carefully, but even as this altcoin falls out of favor, and struggles to bounce back, now may be the time to buy Solana.", "source_name": "Investorplace", "date": "Thu, 17 Feb 2022 14:15:07 -0500", "topics": [], "sentiment": "Positive", "type": "Article", "tickers": ["SOL"]}, {"news_url": "https://dailyhodl.com/2022/02/17/polkadot-dot-could-become-one-of-the-top-crypto-assets-of-2022-according-to-coin-bureau/", "image_url": "https://crypto.snapi.dev/images/v1/b/s/polkadot-top-assets-2022jpgfit10242c600ssl1-109927.jpg", "title": "Polkadot (DOT) Could Become One of the Top Crypto Assets of 2022, According to Coin Bureau", "text": "A widely-followed analyst says blockchain-interoperability altcoin Polkadot (DOT) has the potential to be one of the top crypto assets of the year. In a new YouTube update, Coin Bureau's pseudonymous host Guy\u00a0tells\u00a0his 1,950,000 subscribers that DOT has a steep upside in 2022. \u201cDOT could become one of the top cryptos of 2022.\u201d According to Guy, [\u2026] The post Polkadot (DOT) Could Become One of the Top Crypto Assets of 2022, According to Coin Bureau appeared first on The Daily Hodl.", "source_name": "The Daily Hodl", "date": "Thu, 17 Feb 2022 14:05:10 -0500", "topics": [], "sentiment": "Positive", "type": "Article", "tickers": ["DOT"]}, {"news_url": "https://www.newsbtc.com/news/ethereum/ethereum-bearish-signal-netflows-sharply-positive/", "image_url": "https://crypto.snapi.dev/images/v1/h/m/kanchanara-vcoxl-xp9i0-unsplash-scaled-109903.jpg", "title": "Ethereum Bearish Signal: Netflows Turn Sharply Positive", "text": "On-chain data shows the Ethereum netflows are sharply turning positive, a sign that could prove to be bearish for the crypto. Ethereum Exchange Reserve Rises As Netflows Become Positive As pointed out by an analyst in a CryptoQuant post, exchanges have observed net ETH inflows recently, swelling up their reserves.", "source_name": "NewsBTC", "date": "Thu, 17 Feb 2022 14:00:03 -0500", "topics": [], "sentiment": "Negative", "type": "Article", "tickers": ["ETH"]}, {"news_url": "https://www.youtube.com/watch?v=NSJ0Vp-wtb4", "image_url": "https://crypto.snapi.dev/images/v1/r/0/bitcoin-down-as-stocks-pare-losses-after-fed-minutes-109901.jpg", "title": "Bitcoin Down as Stocks Pare Losses After Fed Minutes", "text": "Bitcoin is down over 3% over the past 24 hours as stock prices also fell off after the release of the Federal Reserve's most recent meeting minutes. TheoTrade co-founder Don Kaufman discusses his reading of the impact of \"inflationary pressures\" and geopolitical tensions on the crypto markets, and where we're headed.", "source_name": "Coindesk", "date": "Thu, 17 Feb 2022 13:50:22 -0500", "topics": [], "sentiment": "Negative", "type": "Video", "tickers": ["BTC"]}, {"news_url": "https://investorplace.com/2022/02/what-did-charlie-munger-say-about-bitcoin-crypto-and-venereal-disease/", "image_url": "https://crypto.snapi.dev/images/v1/s/6/crypto19-109896.jpg", "title": "What Did Charlie Munger Say About Bitcoin, Crypto and Venereal Disease?", "text": "Charlie Munger, a big shot at Berkshire Hathaway (BRK.A,BRK.B) and the right-hand man of Warren Buffett, recently weighed in on crypto.", "source_name": "Investorplace", "date": "Thu, 17 Feb 2022 13:40:57 -0500", "topics": [], "sentiment": "Negative", "type": "Article", "tickers": ["BTC"]}, {"news_url": "https://bitcoinmagazine.com/markets/fbi-forms-new-bitcoin-unit-as-doj-taps-new-crypto-head", "image_url": "https://crypto.snapi.dev/images/v1/n/u/doj-holds-digital-currency-summit-with-government-agencies-and-bitcoin-organizations-109889.jpg", "title": "FBI Forms New Bitcoin Unit As DOJ Taps New Crypto Head", "text": "The bureau's new \u2018virtual asset exploitation' unit will focus on blockchain analysis, cryptocurrency seizures, and staff training.", "source_name": "Bitcoin Magazine", "date": "Thu, 17 Feb 2022 13:27:13 -0500", "topics": [], "sentiment": "Neutral", "type": "Article", "tickers": ["BTC"]}, {"news_url": "https://cryptonews.com/news/polkadot-benefits-from-shared-security-forkless-upgrades-but-one-major-threat-remains-coinshares-says.htm", "image_url": "https://crypto.snapi.dev/images/v1/j/p/polkadot-price-analysis-2022-02-06-106116-109888.png", "title": "Polkadot Benefits from \u2018Shared Security' and \u2018Forkless Upgrades', One Major Threat Remains \u2013 CoinShares", "text": "The main strength backing the blockchain protocol Polkadot (DOT) is its \u201cshared security,\u201d combined with forkless upgrades and blockchain interoperability, according to the digital asset research and investment firm CoinShares. However, the protocol is still threatened by what could be seen as a lack of decentralization, they added.\u00a0", "source_name": "Cryptonews", "date": "Thu, 17 Feb 2022 13:22:00 -0500", "topics": ["upgrade"], "sentiment": "Positive", "type": "Article", "tickers": ["DOT"]}, {"news_url": "https://u.today/sec-boss-comments-on-refusal-to-approve-spot-bitcoin-etf?SNAPI", "image_url": "https://crypto.snapi.dev/images/v1/3/g/adobestock-240923744-109886.jpeg", "title": "SEC Boss Comments on Refusal to Approve Spot Bitcoin ETF", "text": "The SEC continues kicking the can down the road when it comes to approving a spot-based Bitcoin exchange-traded fund", "source_name": "UToday", "date": "Thu, 17 Feb 2022 13:17:00 -0500", "topics": ["regulations"], "sentiment": "Neutral", "type": "Article", "tickers": ["BTC"]}, {"news_url": "https://cryptobriefing.com/ukraine-passes-vote-bill-legalize-bitcoin/?utm_source=main_feed&utm_medium=rss", "image_url": "https://crypto.snapi.dev/images/v1/f/s/shutterstock-1539659852-1-838x440-109894.jpg", "title": "Ukraine Passes Vote on Bill to Legalize Bitcoin", "text": "The Virtual Assets Bill, which Ukraine's president vetoed in October, has now passed a parliamentary vote.\u00a0", "source_name": "Crypto Briefing", "date": "Thu, 17 Feb 2022 13:05:25 -0500", "topics": [], "sentiment": "Positive", "type": "Article", "tickers": ["BTC"]}, {"news_url": "https://cryptoslate.com/fans-can-now-use-ethereum-to-tip-creators-on-twitter/", "image_url": "https://crypto.snapi.dev/images/v1/2/q/ethereum-investment-products-1-109883.jpg", "title": "Fans can now use Ethereum to tip creators on Twitter", "text": "Twitter announced on February 16 that it has added Ethereum support for its creator tips system. The post Fans can now use Ethereum to tip creators on Twitter appeared first on CryptoSlate.", "source_name": "CryptoSlate", "date": "Thu, 17 Feb 2022 13:01:19 -0500", "topics": [], "sentiment": "Positive", "type": "Article", "tickers": ["ETH"]}, {"news_url": "https://cryptodaily.co.uk/2022/02/btc-usd-elects-stops-below-43206-sally-ho-technical-analysis-18-february-2022-btc-bitcoin", "image_url": "https://crypto.snapi.dev/images/v1/z/f/bitcoin-108694-109240-109771-109882.jpeg", "title": "BTC/USD Elects Stops Below 43206: Sally Ho's Technical Analysis 18 February 2022 BTC", "text": "Bitcoin (BTC/USD) extended its glide lower early in the Asian session as the pair continued to weaken below the 44000 figure, recently trading as low as the 43345.73 area.\u00a0 Technical trading became evident during the European session when selling pressure commenced around the 44056.89 area, right around the 50% retracement of the recent depreciating range from 44475.96 to 43330.59.", "source_name": "Crypto Daily", "date": "Thu, 17 Feb 2022 13:00:00 -0500", "topics": ["tanalysis"], "sentiment": "Negative", "type": "Article", "tickers": ["BTC"]}, {"news_url": "https://cointelegraph.com/news/sec-chair-hints-at-no-spot-bitcoin-etfs-yet-but-cites-careful-consideration-for-future", "image_url": "https://crypto.snapi.dev/images/v1/g/q/840-ahr0chm6ly9zmy5jb2ludgvszwdyyxbolmnvbs91cgxvywrzlziwmjitmdivymvmztvjywutytayzs00y2e0lwizyzctntu2mtk4odc3nzq3lmpwzw-109881.jpg", "title": "SEC chair hints at no spot Bitcoin ETFs yet, but cites 'careful consideration' for future", "text": "Gary Gensler reiterated his stance of being technology-neutral, but that he would give \u201ccareful consideration\u201d to the concerns Representatives Tom Emmer and Darren Soto raised.", "source_name": "Cointelegraph", "date": "Thu, 17 Feb 2022 13:00:00 -0500", "topics": ["regulations"], "sentiment": "Neutral", "type": "Article", "tickers": ["BTC"]}, {"news_url": "https://dailyhodl.com/2022/02/17/bitcoin-btc-flashing-extremely-bullish-signal-while-one-ethereum-eth-competitor-bottoms-out-investanswers/", "image_url": "https://crypto.snapi.dev/images/v1/s/o/bitcoin-extremely-bullish-investanswersjpgfit10242c600ssl1-109902.jpg", "title": "Bitcoin (BTC) Flashing Extremely Bullish Signal While One Ethereum (ETH) Competitor Bottoms Out: InvestAnswers", "text": "A popular crypto analyst is looking for Bitcoin (BTC) to break to the upside while analyzing the strength of Solana (SOL) after the layer-1 blockchain protocol's rough start to 2022. In a new strategy session, the host of financial education YouTube channel InvestAnswers shows his 411,000 subscribers a Bitcoin chart highlighting a recent inverse head-and-shoulders [\u2026] The post Bitcoin (BTC) Flashing Extremely Bullish Signal While One Ethereum (ETH) Competitor Bottoms Out: InvestAnswers appeared first on The Daily Hodl.", "source_name": "The Daily Hodl", "date": "Thu, 17 Feb 2022 12:55:08 -0500", "topics": [], "sentiment": "Neutral", "type": "Article", "tickers": ["BTC", "SOL"]}, {"news_url": "https://www.dcforecasts.com/bitcoin-news/bulgarian-stock-exchange-to-list-btc-and-eth-exchange-traded-notes/", "image_url": "https://crypto.snapi.dev/images/v1/j/s/bulgaria1-109878.png", "title": "Bulgarian Stock Exchange To List BTC And ETH Exchange-Traded Notes", "text": "The Bulgarian Stock exchange allows traders to invest in Bitcoin and Ethereum exchange-traded notes as underlying assets as we can see further in today's latest Bitcoin news. The Bulgarian stock exchange enabled local investors to bet on the price movements of ETH and BTC and also, Finance Minister Assen Vassilev stated that the nation will [\u2026]", "source_name": "DCForecasts", "date": "Thu, 17 Feb 2022 12:54:05 -0500", "topics": [], "sentiment": "Positive", "type": "Article", "tickers": ["BTC", "ETH"]}, {"news_url": "https://www.cryptopolitan.com/bitcoin-price-analysis-2022-02-17/", "image_url": "https://crypto.snapi.dev/images/v1/5/8/bitcoin-price-analysis-2022-02-17-109875.png", "title": "Bitcoin price analysis: BTC falls to $41,750 previous low, more downside incoming?", "text": "TL;DR Breakdown Bitcoin price analysis is bearish today. BTC/USD reversed from $44,500 resistance yesterday.", "source_name": "Cryptopolitan", "date": "Thu, 17 Feb 2022 12:45:27 -0500", "topics": ["tanalysis"], "sentiment": "Negative", "type": "Article", "tickers": ["BTC"]}, {"news_url": "https://www.dcforecasts.com/bitcoin-news/bitcoin-dips-below-43k-as-eth-battles-to-keep-up-with-3k/", "image_url": "https://crypto.snapi.dev/images/v1/u/n/crypto13-110007-109872.jpg", "title": "Bitcoin Dips Below $43K As ETH Battles To Keep Up With $3K", "text": "Bitcoin dips below the $43K price level while ETH battles to keep up with the $3000 \u00a0price range as most of the coins are in the red today. Following the latest analysis, we are taking a closer look at our altcoin news today.", "source_name": "DCForecasts", "date": "Thu, 17 Feb 2022 12:44:09 -0500", "topics": [], "sentiment": "Negative", "type": "Article", "tickers": ["BTC", "ETH"]}, {"news_url": "https://bitcoinmagazine.com/markets/crowdfunding-censorship-and-rampant-money-printing", "image_url": "https://crypto.snapi.dev/images/v1/m/l/img-6878-109871.png", "title": "Latest Bitcoin Lessons: Crowdfunding Censorship And Rampant Money Printing", "text": "The latest in macreconomics and Bitcoin, including crowdfunding for the Freedom Convoy and Jon Stewart learning about money printing.", "source_name": "Bitcoin Magazine", "date": "Thu, 17 Feb 2022 12:35:43 -0500", "topics": [], "sentiment": "Neutral", "type": "Article", "tickers": ["BTC"]}, {"news_url": "https://ambcrypto.com/bitcoins-rally-and-the-case-for-caution-being-an-investors-best-friend/", "image_url": "https://crypto.snapi.dev/images/v1/y/t/bitcoin-4401250-1280-e1645095252908-109869.jpg", "title": "Bitcoin's \u2018rally' and the case for caution being an investor's best friend", "text": "While Bitcoin's price has been under the cosh over the past month, it has begun to consolidate lately. This coiling-up is likely to result in a minor downtrend before establishing a directional bias.", "source_name": "AMBCrypto", "date": "Thu, 17 Feb 2022 12:30:32 -0500", "topics": [], "sentiment": "Positive", "type": "Article", "tickers": ["BTC"]}, {"news_url": "https://thecurrencyanalytics.com/bitcoin/world-building-trust-in-bitcoin-btc-is-slowly-proving-itself-39026.php", "image_url": "https://crypto.snapi.dev/images/v1/k/t/world-building-trust-in-bitcoin-btc-is-slowly-proving-itself-109867.jpg", "title": "World Building Trust in Bitcoin (BTC) is Slowly Proving Itself", "text": "Catch up on the latest crypto market news at The Currency Analytics. Pointing to a long-term chart of Bitcoin Peter Schiff shared: Here is a long-term chart of Bitcoin.", "source_name": "The Currency Analytics", "date": "Thu, 17 Feb 2022 12:19:28 -0500", "topics": [], "sentiment": "Positive", "type": "Article", "tickers": ["BTC"]}, {"news_url": "https://markets.businessinsider.com/news/currencies/bitcoin-price-outlook-10000-2023-3-macro-headwinds-interest-rates-2022-2", "image_url": "https://crypto.snapi.dev/images/v1/t/e/620e75edf0b06900185e5a57formatjpeg-109884.jpg", "title": "Bitcoin could plummet to $10,000 by 2023 as 3 macro factors of crypto prices suggest weakness ahead, Stifel says", "text": "\"In 2022, we see bitcoin in a broad trading range bounded by year-to-date intra-day levels with greater downside risk in 2023,\" Stifel said.", "source_name": "Business Insider", "date": "Thu, 17 Feb 2022 12:06:00 -0500", "topics": [], "sentiment": "Negative", "type": "Article", "tickers": ["BTC"]}, {"news_url": "https://www.newsbtc.com/all/twitter-adds-ethereum-option-to-tipping-feature/", "image_url": "https://crypto.snapi.dev/images/v1/h/f/twitter-109858.jpeg", "title": "Twitter Adds Ethereum Option To Tipping Feature", "text": "Twitter has had the \u201cTip Jar\u201d feature for a while now and it has been a smooth sail so far. Bitcoin had been the only cryptocurrency option to tip on the feature but that is now changing.", "source_name": "NewsBTC", "date": "Thu, 17 Feb 2022 12:00:18 -0500", "topics": [], "sentiment": "Positive", "type": "Article", "tickers": ["ETH"]}, {"news_url": "https://www.cryptopolitan.com/solana-price-analysis-2022-02-17/", "image_url": "https://crypto.snapi.dev/images/v1/1/u/sol-3-109842.jpg", "title": "Solana Price Analysis: SOL/USD set to spike above $100 soon", "text": "TL;DR Breakdown Solana price analysis is bullish today. SOL/USD is currently trading at $96 Daily support is at $85 Today's\u00a0Solana price analysis\u00a0is bullish, as we anticipate the current consolidation to come to an end with a break above $100 resistance.", "source_name": "Cryptopolitan", "date": "Thu, 17 Feb 2022 11:49:16 -0500", "topics": ["tanalysis"], "sentiment": "Positive", "type": "Article", "tickers": ["SOL"]}, {"news_url": "https://www.theblockresearch.com/scenario-analysis-bitcoin-mining-production-134213", "image_url": "https://crypto.snapi.dev/images/v1/q/y/220216-bitcoin-mining-profitability-research-800x450-109834.jpg", "title": "Scenario analysis of Bitcoin mining production in 2022", "text": "Quick Take Despite the recent market downturn, Bitcoin mining remains profitable thanks to the high efficiency of the newest generation of equipment. Meanwhile, the increase of Bitcoin miner and power capacity investments globally is set to affect the main variables of the profitability equation. In this piece, we take a scenario analysis of the various factors that could shape the mining production and profitability outlook in 2022.", "source_name": "The Block", "date": "Thu, 17 Feb 2022 11:24:08 -0500", "topics": ["mining"], "sentiment": "Neutral", "type": "Article", "tickers": ["BTC"]}, {"news_url": "https://www.trustnodes.com/2022/02/17/russian-stocks-plunge-bitcoin-falls-as-putin-yoyos-markets", "image_url": "https://crypto.snapi.dev/images/v1/z/z/bitcoin-price-7-109482-109830.jpg", "title": "Russian Stocks Plunge, Bitcoin Falls as Putin YoYos Markets", "text": "The Russian stocks RTS index has dived 5% today with Nasdaq down 1.75% while European stocks fell close to 1%. Bitcoin, after nearing $45,000 again, fell just below $42,000, while.", "source_name": "Trustnodes", "date": "Thu, 17 Feb 2022 11:16:09 -0500", "topics": ["paywall"], "sentiment": "Negative", "type": "Article", "tickers": ["BTC"]}, {"news_url": "https://cryptonews.com/news/correlation-between-bitcoin-traditional-markets-might-break-spring-pantera.htm", "image_url": "https://crypto.snapi.dev/images/v1/z/b/adobestock-341724295-109828.jpg", "title": "Correlation Between Bitcoin and Traditional Markets Might Break This Spring - Pantera", "text": "The correlation between traditional macro assets and digital assets that has been seen in recent months could soon break, with what assets in the decentralized finance (DeFi) space possibly leading the way higher, executives at the crypto hedge fund Pantera Capital said in a recent call with investors.", "source_name": "Cryptonews", "date": "Thu, 17 Feb 2022 11:11:00 -0500", "topics": [], "sentiment": "Neutral", "type": "Article", "tickers": ["BTC"]}, {"news_url": "https://coingape.com/?p=101080", "image_url": "https://crypto.snapi.dev/images/v1/o/f/what-is-ethereum-and-how-does-it-work-1400x933-1-109825.jpg", "title": "Just-In: \u201c$2200 Was Likely The Ethereum Bottom\u201d Says Pantera Capital's Joey Krug", "text": "During the crypto market crash in January, Ethereum (ETH) price dropped below the $2,200 price level. It was Jan. 24th when ETH price went down to its lowest since July 2021.", "source_name": "Coingape", "date": "Thu, 17 Feb 2022 10:57:23 -0500", "topics": [], "sentiment": "Positive", "type": "Article", "tickers": ["ETH"]}, {"news_url": "https://u.today/cardano-shiba-inu-and-ethereum-log-steep-losses-as-bitcoin-remains-on-shaky-ground?SNAPI", "image_url": "https://crypto.snapi.dev/images/v1/d/l/12758-109820.jpg", "title": "Cardano, Shiba Inu and Ethereum Log Steep Losses as Bitcoin Remains on Shaky Ground", "text": "Bitcoin is in risk-on mode yet again, trading in lockstep with stocks and pushing altcoins significantly lower, while gold continues to shine", "source_name": "UToday", "date": "Thu, 17 Feb 2022 10:51:00 -0500", "topics": [], "sentiment": "Negative", "type": "Article", "tickers": ["ADA", "ETH", "SHIB"]}, {"news_url": "https://cryptodaily.co.uk/2022/02/bukele-hits-back-at-boomer-us-senators-for-questioning-el-salvador-s-btc-policy", "image_url": "https://crypto.snapi.dev/images/v1/7/y/salvador-nayib-bukele-109822.jpg", "title": "Bukele Hits Back At \u201cBoomer\u201d US Senators For Questioning El Salvador's BTC Policy", "text": "El Salvador's President Nayib Bukele asked US senators to stay out of the country's internal affairs after a group of them introduced legislation centered around El Salvador's BTC policy.\u00a0 Bill To Study BTC Law The legislation for the Accountability for Cryptocurrency in El Salvador (ACES) was introduced by Senators Jim Risch (R-Idaho), Bob Menendez (D-N.J.", "source_name": "Crypto Daily", "date": "Thu, 17 Feb 2022 10:50:00 -0500", "topics": [], "sentiment": "Negative", "type": "Article", "tickers": ["BTC"]}, {"news_url": "https://www.cryptopolitan.com/bitcoin-ethereum-shiba-inu-solana-price-analysis-17-february-morning-prediction/", "image_url": "https://crypto.snapi.dev/images/v1/k/u/roundup-v2-1-2-109809.png", "title": "Bitcoin, Ethereum, Shiba Inu, Solana Price Analysis \u2014 17 February Morning Prediction", "text": "TL;DR Breakdown The price of Bitcoin has dropped by more than 3%. A significant drop in the value of Ethereum.", "source_name": "Cryptopolitan", "date": "Thu, 17 Feb 2022 10:42:04 -0500", "topics": ["tanalysis"], "sentiment": "Neutral", "type": "Article", "tickers": ["BTC", "ETH", "SHIB", "SOL"]}, {"news_url": "https://www.youtube.com/watch?v=sDrnbXgD0PY", "image_url": "https://crypto.snapi.dev/images/v1/n/c/all-about-eth-live-from-ethereum-denver-2022-109811.jpg", "title": "All About ETH Live From Ethereum Denver 2022", "text": "Site: https://www.coindesk.com Twitter: https://www.twitter.com/coindesk LinkedIn: https://www.linkedin.com/company/3104779/admin Instagram: https://www.instagram.com/coindesk Facebook: https://www.facebook.com/CoinDesk Newsletters: https://www.coindesk.com/newsletters CoinDesk Podcast Network: https://open.spotify.com/show/2jyIhkvAQhed8AWDZiPpSP Markets Daily Crypto Roundup: https://open.spotify.com/show/7sDXM8BlxsUqzL2IqmLqwE CoinDesk is the leading digital media, events and information services company for the crypto asset and blockchain technology community.", "source_name": "Coindesk", "date": "Thu, 17 Feb 2022 10:37:19 -0500", "topics": [], "sentiment": "Neutral", "type": "Video", "tickers": ["ETH"]}, {"news_url": "https://www.youtube.com/watch?v=cO8l4gEUx44", "image_url": "https://crypto.snapi.dev/images/v1/v/p/live-from-ethdenver-2022-all-about-ethereum-and-everything-it-enables-defi-daos-nfts-and-more-109926.jpg", "title": "Live from ETHDenver 2022: All About Ethereum and Everything it Enables: DeFi, DAOs, NFTs and More", "text": "CoinDesk's Christine Lee speaks to MIDAO Co-Founder Adam Miller as Marshall Islands becomes the first nation to recognize DAOs as legal entities. MakerDAO Head of Growth Nadia Alvarez shares insights into MakerDAO's decentralization process.", "source_name": "Coindesk", "date": "Thu, 17 Feb 2022 10:35:37 -0500", "topics": ["NFT"], "sentiment": "Neutral", "type": "Video", "tickers": ["ETH"]}, {"news_url": "https://www.cryptopolitan.com/ethereum-price-analysis-2022-02-17/", "image_url": "https://crypto.snapi.dev/images/v1/a/d/ethereum-price-analysis-2022-02-17-109806.png", "title": "Ethereum price analysis: ETH begins the selloff, tests $2,950 support", "text": "TL;DR Breakdown Ethereum price analysis is bearish today. ETH/USD consolidated yesterday.", "source_name": "Cryptopolitan", "date": "Thu, 17 Feb 2022 10:31:43 -0500", "topics": ["tanalysis"], "sentiment": "Negative", "type": "Article", "tickers": ["ETH"]}, {"news_url": "https://dailyhodl.com/2022/02/17/cardano-ada-solana-sol-and-polkadot-dot-key-leaders-in-this-metric-according-to-analytics-firm-santiment/", "image_url": "https://crypto.snapi.dev/images/v1/h/u/key-leader-metricjpgfit10242c600ssl1-109826.jpg", "title": "Solana (SOL), Cardano (ADA) and Polkadot (DOT) Are Ahead of Ethereum in Key Metric, According to Analytics Firm Santiment", "text": "A top crypto analytics firm says the smart contract platforms Solana (SOL), Cardano (ADA) and Polkadot (DOT) are showing strength in one particular development metric. Santiment says\u00a0the three Ethereum (ETH) competitors lead large-cap crypto projects in terms of GitHub submission rates. \u201cDevelopment activity continues to play a vital role in the growth of major cryptocurrencies [\u2026] The post Solana (SOL), Cardano (ADA) and Polkadot (DOT) Are Ahead of Ethereum in Key Metric, According to Analytics Firm Santiment appeared first on The Daily Hodl.", "source_name": "The Daily Hodl", "date": "Thu, 17 Feb 2022 10:30:50 -0500", "topics": [], "sentiment": "Positive", "type": "Article", "tickers": ["ADA", "DOT", "SOL"]}, {"news_url": "https://ambcrypto.com/despite-recent-bounce-this-can-hurt-solanas-bullish-prospects/", "image_url": "https://crypto.snapi.dev/images/v1/v/k/pp-3-sol-cover-109804.jpg", "title": "Despite the recent bounce, this can hurt Solana's bullish prospects", "text": "The steady downtrend since early December appeared set to continue as Solana was unable to flip the $116 level from resistance to support. The coin was ranked the eighth cryptocurrency, with a market capitalization of $31.5 billion.", "source_name": "AMBCrypto", "date": "Thu, 17 Feb 2022 10:30:14 -0500", "topics": [], "sentiment": "Negative", "type": "Article", "tickers": ["SOL"]}, {"news_url": "https://news.bitcoin.com/bitcoin-hashrate-hits-another-milestone-networks-mining-difficulty-taps-13-year-high/", "image_url": "https://crypto.snapi.dev/images/v1/l/d/shutterstock-1119453344-109805.jpg", "title": "Bitcoin Hashrate Hits Another Milestone, Network's Mining Difficulty Taps 13-Year High", "text": "The processing power backing the Bitcoin network has continued its upward momentum tapping another all-time high (ATH) on February 15, 2022, at 249 exahash per second (EH/s). Following the latest ATH, the network's mining difficulty increased on Thursday morning (EST), up 4.78% and reaching a value of 27.97 trillion. The mining difficulty has increased six [\u2026]", "source_name": "Bitcoin", "date": "Thu, 17 Feb 2022 10:30:01 -0500", "topics": ["mining"], "sentiment": "Positive", "type": "Article", "tickers": ["BTC"]}, {"news_url": "https://cointelegraph.com/news/bitcoin-extends-decline-below-42k-ahead-of-fresh-fed-comments-on-inflation", "image_url": "https://crypto.snapi.dev/images/v1/3/c/840-ahr0chm6ly9zmy5jb2ludgvszwdyyxbolmnvbs91cgxvywrzlziwmjitmdivzmzhowfmzmutntnmys00mtrhltlmndmtnjlmodmyzwq4njvklmpwzw-109803.jpg", "title": "Bitcoin extends decline below $42K ahead of fresh Fed comments on inflation", "text": "Short-term Bitcoin price action looks unappetizing thanks to a macro cocktail of downward triggers.", "source_name": "Cointelegraph", "date": "Thu, 17 Feb 2022 10:30:00 -0500", "topics": [], "sentiment": "Negative", "type": "Article", "tickers": ["BTC"]}, {"news_url": "https://www.youtube.com/watch?v=GNTczyGLdhc", "image_url": "https://crypto.snapi.dev/images/v1/9/l/charlie-munger-talks-activision-investing-russia-and-why-hes-not-a-fan-of-bitcoin-and-more-109808.jpg", "title": "Charlie Munger talks Activision, investing, Russia and why he's not a fan of bitcoin and more", "text": "#CharlieMunger #CharlieMungerBerkshireHathaway #DailyJournal Charlie Munger, Chairman of the Daily Journal and Vice Chairman of Berkshire Hathaway, sat down with Yahoo Finance Editor-In-Chief Andy Serwer for an exclusive wide-ranging interview on inflation, cryptocurrency, and the tech sector. Don't Miss: Valley of Hype: The Culture That Built Elizabeth Holmes WATCH HERE: https://youtu.be/Sb179GLPNYE Watch the 2021 Berkshire Hathaway Annual Shareholders Meeting on YouTube: https://youtu.be/gx-OzwHpM9k Subscribe to Yahoo Finance: https://yhoo.it/2fGu5Bb About Yahoo Finance: At Yahoo Finance, you get free stock quotes, up-to-date news, portfolio management resources, international market data, social interaction and mortgage rates that help you manage your financial life.", "source_name": "Yahoo Finance", "date": "Thu, 17 Feb 2022 10:29:31 -0500", "topics": [], "sentiment": "Negative", "type": "Video", "tickers": ["BTC"]}, {"news_url": "https://www.theblockcrypto.com/linked/134611/illinois-lawmakers-want-to-attract-bitcoin-miners-to-the-state-with-data-center-tax-incentives", "image_url": "https://crypto.snapi.dev/images/v1/j/b/20200112-poolin-mining-farming-daily-800x450-109801.png", "title": "Illinois lawmakers want to attract Bitcoin miners to the state with data center tax incentives", "text": "The bipartisan legislation is the latest effort among US states to draw in miners of bitcoin and other cryptocurrencies using tax incentives. The post Illinois lawmakers want to attract Bitcoin miners to the state with data center tax incentives appeared first on The Block.", "source_name": "The Block", "date": "Thu, 17 Feb 2022 10:19:26 -0500", "topics": ["mining", "taxes", "regulations"], "sentiment": "Positive", "type": "Article", "tickers": ["BTC"]}, {"news_url": "https://cryptopotato.com/ripple-price-analysis-xrp-fails-to-move-above-0-85-but-where-is-it-headed-next/", "image_url": "https://crypto.snapi.dev/images/v1/r/c/ripple-price-analysis-2022-02-09-107214-107932-109797.png", "title": "Ripple Price Analysis: XRP Fails To Move Above $0.85 but Where is it Headed Next?", "text": "XRP's price attempted to break above $0.85 yesterday, but sellers stopped it and pushed it into a pullback.", "source_name": "CryptoPotato", "date": "Thu, 17 Feb 2022 10:15:04 -0500", "topics": ["tanalysis"], "sentiment": "Negative", "type": "Article", "tickers": ["XRP"]}, {"news_url": "https://cointelegraph.com/news/bitcoin-whales-and-fishes-pause-accumulation-as-markets-weigh-march-50bps-hike-odds", "image_url": "https://crypto.snapi.dev/images/v1/e/o/840-ahr0chm6ly9zmy5jb2ludgvszwdyyxbolmnvbs91cgxvywrzlziwmjitmdivmgfjothlytmtn2vjys00odaylwi5ywetndy5mta1mdkxzgu3lmpwzw-109798.jpg", "title": "Bitcoin 'whales' and 'fishes' pause accumulation as markets weigh March 50bps hike odds", "text": "If Bitcoin benefited from quantitative easing, will it be hurt by quantitative tightening?", "source_name": "Cointelegraph", "date": "Thu, 17 Feb 2022 10:15:00 -0500", "topics": ["whales"], "sentiment": "Negative", "type": "Article", "tickers": ["BTC"]}, {"news_url": "https://www.benzinga.com/markets/cryptocurrency/22/02/25689129/efficiency-is-king-in-the-bitcoin-mining-industry?SNAPI", "image_url": "https://crypto.snapi.dev/images/v1/b/h/michael-fortsch-ywmzg5iiwgc-unsplash-0-109796.jpg", "title": "Efficiency Is King In The Bitcoin Mining Industry", "text": "Photo by Michael F\u00f6rtsch on Unsplash", "source_name": "Benzinga", "date": "Thu, 17 Feb 2022 09:51:00 -0500", "topics": ["mining"], "sentiment": "Positive", "type": "Article", "tickers": ["BTC"]}, {"news_url": "https://news.bitcoin.com/bitcoin-ethereum-technical-analysis-btc-eth-prices-fall-against-usd/", "image_url": "https://crypto.snapi.dev/images/v1/p/m/shutterstock-1104279386-109794.jpg", "title": "Bitcoin, Ethereum Technical Analysis: BTC, ETH Prices Fall Lower Against USD", "text": "Cryptocurrency markets were trading lower for a second consecutive session, leaving bitcoin and ethereum both in the red. Overall, the crypto market cap was nearly 2% lower as of writing. Bitcoin Bitcoin bulls were nowhere to be found on Thursday, as bearish pressure continued to dominate recent market sentiment. Following a high of $44,309.03 on [\u2026]", "source_name": "Bitcoin", "date": "Thu, 17 Feb 2022 09:34:43 -0500", "topics": ["tanalysis"], "sentiment": "Negative", "type": "Article", "tickers": ["BTC", "ETH"]}, {"news_url": "https://coingape.com/?p=101076", "image_url": "https://crypto.snapi.dev/images/v1/t/g/tron-topcoin-copy-tron-story-copy-9-109792.jpg", "title": "Ethereum (ETH) Price Prediction: ETH Clings Above 50-day SMA At $3,050", "text": "Ethereum's (ETH) price fell for the second consecutive day on Thursday. ETH's price manages to sustain the 50-day Simple Moving Average (SMA) at $3,060.", "source_name": "Coingape", "date": "Thu, 17 Feb 2022 09:34:28 -0500", "topics": [], "sentiment": "Positive", "type": "Article", "tickers": ["ETH"]}, {"news_url": "https://cryptoslate.com/bukele-tells-u-s-senators-el-salvadors-bitcoin-law-is-not-their-concern/", "image_url": "https://crypto.snapi.dev/images/v1/e/q/bukele-ussenator-bitcoin-109788.jpg", "title": "Bukele tells U.S Senators El Salvador's Bitcoin Law is not their concern", "text": "President Bukele reacted to a U.S Senate bill on El Salvador's Bitcoin Law by saying, \u201cstay out of our internal affairs.\u201d The bill, titled \u201cAccountability for Cryptocurrency in El Salvador (ACES) Act,\u201d calls for the State Department to assess El Salvador's adoption of Bitcoin with a view to \u201cmitigate potential risks\u201d to the United States financial [\u2026] The post Bukele tells U.S Senators El Salvador's Bitcoin Law is not their concern appeared first on CryptoSlate.", "source_name": "CryptoSlate", "date": "Thu, 17 Feb 2022 09:31:16 -0500", "topics": [], "sentiment": "Negative", "type": "Article", "tickers": ["BTC"]}, {"news_url": "https://thecurrencyanalytics.com/bitcoin/10-100-hours-to-digest-the-theory-engineering-and-history-behind-the-bitcoin-btc-39023.php", "image_url": "https://crypto.snapi.dev/images/v1/v/b/vbtc23-109786.", "title": "10-100 Hours to Digest the Theory Engineering and History Behind the Bitcoin (BTC)", "text": "Catch up on the latest crypto market news at The Currency Analytics. Michael Saylor shared: \u201cThe safe assumption for an investor is that over the next hundred years the (fiat) currency is\u2026 The post 10-100 Hours to Digest the Theory Engineering and History Behind the Bitcoin (BTC) appeared first on Cryptocurrency News.", "source_name": "The Currency Analytics", "date": "Thu, 17 Feb 2022 09:18:37 -0500", "topics": [], "sentiment": "Neutral", "type": "Article", "tickers": ["BTC"]}, {"news_url": "https://coinmarketcap.com/alexandria/article/crypto-news-feb-17-is-bitcoin-beneath-contempt", "image_url": "https://crypto.snapi.dev/images/v1/p/e/8ba0342e67bc4e1fa57f661e7bfab70d-109779.jpg", "title": "Crypto News, Feb. 17: Is Bitcoin 'Beneath Contempt'?", "text": "Also today, President Nayib Bukele is getting fed up of other countries attempting to meddle in El Salvador's affairs.", "source_name": "CoinMarketCap", "date": "Thu, 17 Feb 2022 09:04:23 -0500", "topics": [], "sentiment": "Neutral", "type": "Article", "tickers": ["BTC"]}, {"news_url": "https://www.coindesk.com/tech/2022/02/17/bitcoins-value-depends-on-its-decentralization/", "image_url": "https://crypto.snapi.dev/images/v1/q/o/ftb5lrgwlfd2lhzlcaki4llbpq-109776.jpg", "title": "Bitcoin's Value Depends on Its Decentralization", "text": "Why the investment thesis for bitcoin is built on the network's decentralization.", "source_name": "Coindesk", "date": "Thu, 17 Feb 2022 08:50:00 -0500", "topics": [], "sentiment": "Neutral", "type": "Article", "tickers": ["BTC"]}, {"news_url": "https://www.dcforecasts.com/bitcoin-news/el-salvadors-btc-adoption-poses-risks-to-us-financial-system/", "image_url": "https://crypto.snapi.dev/images/v1/g/9/executium-sqvojqulr5w-unsplash-631x420-109086-109314-109757.jpg", "title": "El Salvador's BTC Adoption Poses Risks To US Financial System", "text": "El Salvador's BTC adoption poses risks to the US financial system, according to a few US Senators that introduced a new bill which seeks the Senate to review El Salvador's BTC law and develop a new plan to mitigate the risks so let's read further in today's latest Bitcoin news. The US Senators introduced legislation [\u2026]", "source_name": "DCForecasts", "date": "Thu, 17 Feb 2022 08:39:45 -0500", "topics": [], "sentiment": "Negative", "type": "Article", "tickers": ["BTC"]}, {"news_url": "https://coinmarketcap.com/alexandria/article/bukele-tells-u-s-stay-out-of-our-internal-affairs", "image_url": "https://crypto.snapi.dev/images/v1/b/i/bitcoin-108694-109240-109771.jpeg", "title": "Bukele Tells U.S: 'Stay Out of Our Internal Affairs'", "text": "Three senators are calling on the State Department to produce a report analyzing whether BTC presents \"risks for cybersecurity, economic stability and democratic governance in El Salvador.\"", "source_name": "CoinMarketCap", "date": "Thu, 17 Feb 2022 08:35:08 -0500", "topics": [], "sentiment": "Negative", "type": "Article", "tickers": ["BTC"]}, {"news_url": "https://coinmarketcap.com/alexandria/article/ether-now-supported-by-twitter-s-tips-feature", "image_url": "https://crypto.snapi.dev/images/v1/n/g/d8c2bc6562374ff0b4a9752b2192579d-109755.jpg", "title": "Ether Now Supported By Twitter's Tips Feature", "text": "\"Now you can pay $90 to tip someone $5! Thank you Twitter!", "source_name": "CoinMarketCap", "date": "Thu, 17 Feb 2022 08:31:47 -0500", "topics": [], "sentiment": "Positive", "type": "Article", "tickers": ["ETH"]}, {"news_url": "https://ambcrypto.com/miners-selling-their-btc-positions-can-have-this-implication-on-bitcoin/", "image_url": "https://crypto.snapi.dev/images/v1/g/t/market-update-1-109528-109754.jpg", "title": "Miners selling their BTC positions to impact Bitcoin like this", "text": "The Bitcoin network hash rate notched a new all-time high of 248.11 million terahashes per second (TH/s) on 13 February. It rose from 188.40 EH/s to its new all-time high in just one day, according to Blockchain.com data.", "source_name": "AMBCrypto", "date": "Thu, 17 Feb 2022 08:30:38 -0500", "topics": ["mining"], "sentiment": "Negative", "type": "Article", "tickers": ["BTC"]}, {"news_url": "https://cryptoticker.io/en/forget-about-bitcoin-3-cryptos-that-might-make-you-a-millionaire/", "image_url": "https://crypto.snapi.dev/images/v1/i/s/injective-protocol-2-109753.jpg", "title": "Forget about Bitcoin\u2026Here are 3 Cryptos that might make you a Millionaire!", "text": "The race to find a cryptocurrency that can boom in prices is never easy. There are more than 10,000 cryptocurrencies in existence as of February 2022.", "source_name": "CryptoTicker", "date": "Thu, 17 Feb 2022 08:21:50 -0500", "topics": [], "sentiment": "Positive", "type": "Article", "tickers": ["ETH", "HEX", "XRP"]}, {"news_url": "https://www.fool.com/investing/2022/02/17/missed-shiba-inu-2-monster-cryptocurrencies-to-buy/", "image_url": "https://crypto.snapi.dev/images/v1/m/o/urlhttps3a2f2fgfoolcdncom2feditorial2fimages2f6661602finvestor-46jpgw700opresize-109752.jpg", "title": "Missed Out on Shiba Inu? 2 Monster Cryptocurrencies to Buy Right Now", "text": "These blockchain projects could produce big returns for investors.", "source_name": "The Motley Fool", "date": "Thu, 17 Feb 2022 08:15:00 -0500", "topics": [], "sentiment": "Positive", "type": "Article", "tickers": ["LINK", "SOL"]}, {"news_url": "https://markets.businessinsider.com/news/currencies/el-salvador-bitcoin-bond-commitments-5-billion-more-coming-2022-2", "image_url": "https://crypto.snapi.dev/images/v1/l/b/620e4976f0b06900185e4ecaformatjpeg-109782.jpg", "title": "El Salvador already has $500 million in verbal commitments for its billion-dollar 'meme' bitcoin bond \u2014 and $5 billion in more bonds could follow", "text": "People are more interested in the novelty of the bitcoin bond than its fundamentals, one El Salvador financial executive told the Wall Street Journal.", "source_name": "Business Insider", "date": "Thu, 17 Feb 2022 08:13:00 -0500", "topics": [], "sentiment": "Neutral", "type": "Article", "tickers": ["BTC"]}, {"news_url": "https://www.newsbtc.com/crypto/how-fears-of-a-possible-russian-invasion-of-ukraine-is-impacting-bitcoin/", "image_url": "https://crypto.snapi.dev/images/v1/w/y/russian-invasion-109748.jpg", "title": "How Fears Of A Possible Russian Invasion Of Ukraine Is Impacting Bitcoin", "text": "Bitcoin price, in the face of a possible Russian invasion of Ukraine, is shedding 0.7% of its value and is currently trading at $43,352 on Coingecko charts Thursday, retreating from the $47,000 level it hit on January 1. Ethereum (ETH), the second most popular cryptocurrency also, is also down 2.14% to $2,873.", "source_name": "NewsBTC", "date": "Thu, 17 Feb 2022 08:07:39 -0500", "topics": [], "sentiment": "Negative", "type": "Article", "tickers": ["BTC"]}, {"news_url": "https://cointelegraph.com/news/flower-powered-bitcoin-miner-heats-greenhouses-in-the-netherlands", "image_url": "https://crypto.snapi.dev/images/v1/c/s/840-ahr0chm6ly9zmy5jb2ludgvszwdyyxbolmnvbs91cgxvywrzlziwmjitmdivn2jhm2e1n2uty2mwzs00mjdllwixnjktody5njblnwq2nzdilmpwzw-109744.jpg", "title": "Flower powered: Bitcoin miner heats greenhouses in the Netherlands", "text": "A greenhouse in the Netherlands warmed with Bitcoin miner waste heat brings new meaning to the word \"Dutch oven.\"", "source_name": "Cointelegraph", "date": "Thu, 17 Feb 2022 07:51:06 -0500", "topics": ["mining"], "sentiment": "Neutral", "type": "Article", "tickers": ["BTC"]}, {"news_url": "https://dailyhodl.com/2022/02/17/third-largest-us-oil-company-eyes-potential-new-revenue-stream-from-bitcoin-btc-economy-report/", "image_url": "https://crypto.snapi.dev/images/v1/f/a/oil-giant-potentialjpgfit10242c600ssl1-109745.jpg", "title": "Third-Largest US Oil Company Eyes Potential New Revenue Stream From Bitcoin (BTC) Economy: Report", "text": "The third-largest oil company in the US is reportedly generating additional income in the Bitcoin (BTC) economy. CNBC reports that the Texas-based ConocoPhillips launched a Bitcoin pilot project in North Dakota's oil-rich Bakken region selling to crypto miners the flare gas that it would have otherwise burned. Oil and gas companies burn excess gas in [\u2026] The post Third-Largest US Oil Company Eyes Potential New Revenue Stream From Bitcoin (BTC) Economy: Report appeared first on The Daily Hodl.", "source_name": "The Daily Hodl", "date": "Thu, 17 Feb 2022 07:45:41 -0500", "topics": [], "sentiment": "Positive", "type": "Article", "tickers": ["BTC"]}, {"news_url": "https://decrypt.co/93110/intel-ceo-calls-bitcoin-climate-crisis", "image_url": "https://crypto.snapi.dev/images/v1/u/w/intel-gid-5-109741.jpg", "title": "Intel CEO Calls Bitcoin a \u2018Climate Crisis'", "text": "Amid criticism of Bitcoin's environmental impact, Intel's CEO took time to promote the firm's newest mining chip which he claims to be climate friendly.", "source_name": "Decrypt", "date": "Thu, 17 Feb 2022 07:37:15 -0500", "topics": [], "sentiment": "Negative", "type": "Article", "tickers": ["BTC"]}, {"news_url": "https://www.financemagnates.com/cryptocurrency/news/top-bitcoin-addresses-increase-btc-holdings/", "image_url": "https://crypto.snapi.dev/images/v1/c/i/bitcoin-id-4d4cad72-bb7a-40ec-9a8f-39c08a331e44-size900-109738.jpg", "title": "Top Bitcoin Addresses Increase BTC Holdings", "text": "The dominance of top Bitcoin holders is rising in the crypto market these days and the numbers are backing the recent surge. Large Bitcoin addresses, holding at least 100,000 coins, now have a total holding of 664,000 BTC.", "source_name": "FinanceMagnates", "date": "Thu, 17 Feb 2022 07:26:00 -0500", "topics": [], "sentiment": "Positive", "type": "Article", "tickers": ["BTC"]}, {"news_url": "https://coinidol.com/bitcoin-43000-support/", "image_url": "https://crypto.snapi.dev/images/v1/n/2/648be21e397905112ee9daf5d9e628ca-109737.jpg", "title": "Bitcoin Retraces to $43,000 Support, Poises to Reclaim the $45,000 High", "text": "Bitcoin (BTC) price continues to trade above the moving averages. This is an indication of a possible move to the previous highs.", "source_name": "Coin Idol", "date": "Thu, 17 Feb 2022 07:24:00 -0500", "topics": [], "sentiment": "Positive", "type": "Article", "tickers": ["BTC"]}, {"news_url": "https://www.dcforecasts.com/bitcoin-news/canadian-police-urge-exchanges-to-stop-btc-eth-trades-for-protesters/", "image_url": "https://crypto.snapi.dev/images/v1/e/p/1200px-flag-of-canada-pantonesvg-109729.png", "title": "Canadian Police Urge Exchanges To Stop BTC, ETH Trades For Protesters", "text": "The Canadian police urges exchanges to stop bitcoin and ethereum trades for the truckers who are protesting over the COVID-19 vaccine mandates and we are reading more about it in today's latest cryptocurrency news. The Canadian police told exchanges to block and report trades associated with a few crypto wallets and this campaign is only [\u2026]", "source_name": "DCForecasts", "date": "Thu, 17 Feb 2022 07:11:03 -0500", "topics": [], "sentiment": "Negative", "type": "Article", "tickers": ["BTC", "ETH"]}, {"news_url": "https://thecurrencyanalytics.com/bitcoin/google-and-giggle-how-charlie-munger-described-how-tesla-would-fail-and-now-about-bitcoin-39012.php", "image_url": "https://crypto.snapi.dev/images/v1/h/w/google-and-giggle-how-charlie-munger-described-how-tesla-would-fail-and-now-about-bitcoin-109728.jpg", "title": "Google and Giggle How Charlie Munger Described How Tesla Would Fail and Now About Bitcoin", "text": "Catch up on the latest crypto market news at The Currency Analytics. A civilization is a complex society that is characterized by urban development, social stratification, a form of government, and symbolic\u2026 The post Google and Giggle How Charlie Munger Described How Tesla Would Fail and Now About Bitcoin appeared first on Cryptocurrency News.", "source_name": "The Currency Analytics", "date": "Thu, 17 Feb 2022 07:10:26 -0500", "topics": [], "sentiment": "Negative", "type": "Article", "tickers": ["BTC"]}, {"news_url": "https://www.theblockresearch.com/layer-by-layer-issue-21-bnb-smart-chain-cronos-solana-and-fantom-134542", "image_url": "https://crypto.snapi.dev/images/v1/n/a/20210723-layer-by-layer-research-797x450-109727.jpg", "title": "Layer by Layer Issue 21: BNB Smart Chain, Cronos, Solana, and Fantom", "text": "Quick Take In this weekly series, we dive into some of the most interesting data and developments across the Layer 1 blockchain landscape, from DeFi and bridges to network activity and funding In an era of attention scarcity, L1 teams are employing a variety of strategies in order to build sustainable network effects Pockets of growth can still be found within different ecosystems, fueled by product innovation This week, we take a look at BNB Smart Chain, Cronos, Solana, and Fantom", "source_name": "The Block", "date": "Thu, 17 Feb 2022 07:09:08 -0500", "topics": [], "sentiment": "Positive", "type": "Article", "tickers": ["BNB", "FTM", "SOL"]}, {"news_url": "https://coingape.com/?p=101041", "image_url": "https://crypto.snapi.dev/images/v1/r/g/bitcoin-g4948101a8-1280-109641-109725.jpg", "title": "Bitcoin (BTC) Price Prediction: BTC Consolidates in between $42k and 45K Range", "text": "Bitcoin (BTC) price falls for the second straight day with modest losses. Investors are in a state of flux while trading in a short-term trading range of $42k and $45k.", "source_name": "Coingape", "date": "Thu, 17 Feb 2022 07:06:23 -0500", "topics": [], "sentiment": "Negative", "type": "Article", "tickers": ["BTC"]}, {"news_url": "https://www.dcforecasts.com/ethereum-news/twitter-added-ethereum-addresses-to-tips-feature-report/", "image_url": "https://crypto.snapi.dev/images/v1/g/p/twitter-jack-dorsey-e1533736603829-109724.jpg", "title": "Twitter Added Ethereum Addresses To Tips Feature: Report", "text": "Twitter added Ethereum addresses to the tips feature a while after it introduced the Bitcoin option and was limited to BTC only so let's read further in today's Ethereum latest news. Months after including Bitcoin in the tips feature, Twitter is branching out to ETH addresses and according to a company spokesperson we can see [\u2026]", "source_name": "DCForecasts", "date": "Thu, 17 Feb 2022 07:05:13 -0500", "topics": [], "sentiment": "Neutral", "type": "Article", "tickers": ["ETH"]}, {"news_url": "https://cryptonews.com/news/bitcoin-ethereum-trend-lower-atom-accelerates.htm", "image_url": "https://crypto.snapi.dev/images/v1/2/o/crypto17-93874-109723.jpg", "title": "Bitcoin and Ethereum Trend Lower, ATOM Accelerates", "text": "Bitcoin price struggled to surpass the USD 44,500 resistance zone. There was a downside correction below USD 44,000 and USD 43,500. It is currently (11:51 UTC) showing bearish signs below USD 43,200.", "source_name": "Cryptonews", "date": "Thu, 17 Feb 2022 07:03:00 -0500", "topics": [], "sentiment": "Neutral", "type": "Article", "tickers": ["ATOM", "BTC", "ETH"]}, {"news_url": "https://en.cryptonomist.ch/2022/02/17/ethereum-dangerous-bug-discovered-optimism/", "image_url": "https://crypto.snapi.dev/images/v1/a/y/ethereum-bug-300x200-109720.jpg", "title": "Ethereum: dangerous bug discovered on Optimism", "text": "An attacker could have created an infinite number of tokens to buy ETH at a zero price", "source_name": "The Cryptonomist", "date": "Thu, 17 Feb 2022 06:47:54 -0500", "topics": [], "sentiment": "Neutral", "type": "Article", "tickers": ["ETH"]}, {"news_url": "https://www.benzinga.com/markets/cryptocurrency/22/02/25680974/el-salvador-president-takes-shots-at-joe-biden-as-senate-proposal-questions-central-americ?SNAPI", "image_url": "https://crypto.snapi.dev/images/v1/q/3/47980632231-053d68f4dd-o-1-109716.jpg", "title": "El Salvador President Takes Shots At Joe Biden As Senate Proposal Questions Central American Country's Bitcoin Adoption", "text": "El Salvador President Nayib Bukele has taken a dig at U.S.", "source_name": "Benzinga", "date": "Thu, 17 Feb 2022 06:47:00 -0500", "topics": [], "sentiment": "Negative", "type": "Article", "tickers": ["BTC"]}, {"news_url": "https://coingape.com/?p=101001", "image_url": "https://crypto.snapi.dev/images/v1/s/2/ripple-109712.jpg", "title": "Ripple VS SEC: Will SEC Strike A settlement With ETH? XRP Lawyer Drops Hint", "text": "The SEC vs Ripple lawsuit has come a long way and has been increasing curiosity among crypto enthusiasts since then. As the case proceeds, people have been guessing all sorts of consequences, be it a settlement among two parties or a win for one.", "source_name": "Coingape", "date": "Thu, 17 Feb 2022 06:46:08 -0500", "topics": ["regulations"], "sentiment": "Neutral", "type": "Article", "tickers": ["XRP"]}, {"news_url": "https://cryptonews.com/news/bitcoin-mining-difficulty-hits-its-3rd-all-time-high-row.htm", "image_url": "https://crypto.snapi.dev/images/v1/u/n/8e206db6a1-109695.jpg", "title": "Bitcoin Mining Difficulty Hits Its 3rd All-Time High in a Row", "text": "Bitcoin (BTC)\u00a0mining difficulty has made another jump, hitting a new all-time high (ATH) \u2013 the third one in a row.", "source_name": "Cryptonews", "date": "Thu, 17 Feb 2022 06:26:00 -0500", "topics": ["mining"], "sentiment": "Positive", "type": "Article", "tickers": ["BTC"]}, {"news_url": "https://en.cryptonomist.ch/2022/02/17/ethereum-had-incredible-year-will-continue-grow-2022/", "image_url": "https://crypto.snapi.dev/images/v1/t/c/ethereum-2022-300x200-109699.jpg", "title": "Ethereum had an incredible year: will it continue to grow in 2022?", "text": "ETH performed strongly in 2021, tripling its value", "source_name": "The Cryptonomist", "date": "Thu, 17 Feb 2022 06:23:54 -0500", "topics": [], "sentiment": "Positive", "type": "Article", "tickers": ["ETH"]}, {"news_url": "https://cointelegraph.com/news/bitcoin-briefly-dips-below-43k-as-fed-says-rate-hike-soon-appropriate", "image_url": "https://crypto.snapi.dev/images/v1/r/e/840-ahr0chm6ly9zmy5jb2ludgvszwdyyxbolmnvbs91cgxvywrzlziwmjitmdivowi1ztgxztetnmm1yi00nwexlwjhmtqtm2uwztg1oge0nmewlmpwzw-109691.jpg", "title": "Bitcoin briefly dips below $43K as Fed says rate hike 'soon appropriate'", "text": "The odds are on for a March rate increase after Wednesday's FOMC minutes, but stocks also fear geopolitical instability this week.", "source_name": "Cointelegraph", "date": "Thu, 17 Feb 2022 06:08:08 -0500", "topics": [], "sentiment": "Neutral", "type": "Article", "tickers": ["BTC"]}, {"news_url": "https://cryptopotato.com/bukele-lashes-out-after-us-senators-introduce-legislation-investigating-el-salvadors-bitcoin-law/", "image_url": "https://crypto.snapi.dev/images/v1/1/v/nayib-bukele-109687.jpg", "title": "Bukele Lashes Out After US Senators Introduce Legislation Investigating El Salvador's Bitcoin Law", "text": "The new bill, in question, was proposed by three Senators which seeks to \"mitigate\" certain risks to the US financial system from El Salvador's adoption of Bitcoin.", "source_name": "CryptoPotato", "date": "Thu, 17 Feb 2022 06:05:41 -0500", "topics": [], "sentiment": "Negative", "type": "Article", "tickers": ["BTC"]}, {"news_url": "https://markets.businessinsider.com/news/currencies/bitcoin-el-salvador-crypto-president-nayib-bukele-us-senators-law-2022-2", "image_url": "https://crypto.snapi.dev/images/v1/g/i/620e18b9462ff20019c56d78formatjpeg-109726.jpg", "title": "El Salvador's president hits out at the 'boomer' lawmakers behind a bill to shield the US from his country's bitcoin adoption", "text": "\"We are not your colony, your back yard or your front yard,\" Bukele said, as the bill called on the State Department to report on El Salvador's bitcoin adoption.", "source_name": "Business Insider", "date": "Thu, 17 Feb 2022 06:03:00 -0500", "topics": ["regulations"], "sentiment": "Negative", "type": "Article", "tickers": ["BTC"]}, {"news_url": "https://news.bitcoin.com/exotic-markets-founder-joffrey-dalet-talks-defi-banking-structured-products-and-solana/", "image_url": "https://crypto.snapi.dev/images/v1/v/r/featured-image-1280x720-1-768x432-109685.png", "title": "Exotic Markets Founder Joffrey Dalet Talks Defi Banking, Structured Products and Solana", "text": "Exotic Markets is a DeFi (Decentralized Finance) platform on the Solana Blockchain. It aims to become the most flexible structured products protocol, offering the widest range of payoffs and underlyings in DeFi. For example, it aims to offer payoffs based on baskets of tokens, trading ranges, accumulators, and capital preservation. Joffrey Dalet is the Founder [\u2026]", "source_name": "Bitcoin", "date": "Thu, 17 Feb 2022 06:00:38 -0500", "topics": [], "sentiment": "Neutral", "type": "Article", "tickers": ["SOL"]}, {"news_url": "https://cryptopotato.com/what-if-you-mined-bitcoin-for-a-day-in-2010-how-much-would-it-be-worth-now/", "image_url": "https://crypto.snapi.dev/images/v1/m/q/photo-2020-12-08-10-49-26-min-109682.jpg", "title": "What if You Mined Bitcoin For a Day in 2010? How Much Would it Be Worth Now?", "text": "Have you ever wondered what would it be like if you mined BTC back in 2010? Well, let's have a look at a conversation between Satoshi Nakamoto himself and an early bitcoin miner.", "source_name": "CryptoPotato", "date": "Thu, 17 Feb 2022 05:51:42 -0500", "topics": [], "sentiment": "Neutral", "type": "Article", "tickers": ["BTC"]}, {"news_url": "https://www.cryptoglobe.com/latest/2022/02/intel-wants-to-solve-bitcoins-climate-issue-with-its-upcoming-blockchain-chip/", "image_url": "https://crypto.snapi.dev/images/v1/o/p/bitcoin-processor-109683.jpg", "title": "Intel Wants to Solve Bitcoin's \u201cClimate Issue\u201d With Its Upcoming \u201cBlockchain Chip\u201d", "text": "Yesterday (February 16), Intel Corporation CEO Patrick Gelsinger explained how his company's upcoming crypto mining chip could help to solve Bitcoin's \u201cclimate issue\u201d. According to his LinkedIn profile, Gelsinger started his career in October 1979 by becoming senior vice president and the general manager of the Digital Enterprise Group, and he kept these positions for [\u2026]", "source_name": "CryptoGlobe", "date": "Thu, 17 Feb 2022 05:45:33 -0500", "topics": [], "sentiment": "Neutral", "type": "Article", "tickers": ["BTC"]}, {"news_url": "https://ambcrypto.com/bitcoin-may-be-largely-neutral-but-do-mining-stocks-feel-the-same-way/", "image_url": "https://crypto.snapi.dev/images/v1/r/5/andre-francois-mckenzie-q4w8gjjkjuw-unsplash-2-109679.jpg", "title": "Bitcoin may be \u2018largely neutral,' but do mining stocks feel the same way", "text": "We all know Bitcoin is volatile, yes. However, those investing in Bitcoin mining stocks have taken the volatility game \u2013 and their risk appetites \u2013 to a whole new level.", "source_name": "AMBCrypto", "date": "Thu, 17 Feb 2022 05:30:34 -0500", "topics": ["mining"], "sentiment": "Neutral", "type": "Article", "tickers": ["BTC"]}, {"news_url": "https://beincrypto.com/rbi-governor-satoshi-nakamoto-fictional-person-proposes-bitcoin-ban/", "image_url": "https://crypto.snapi.dev/images/v1/w/e/bic-satoshi-statue-budapestjpgoptimal-109681.jpg", "title": "RBI Deputy Governor Calls Satoshi Nakamoto \u2018Fictional Person,' Proposes Bitcoin Ban", "text": "RBI deputy governor, T. Rabi Sankar, described Satoshi Nakamoto as a \"fictional person,\" trivializing the enigmatic Bitcoin founder.", "source_name": "BeInCrypto", "date": "Thu, 17 Feb 2022 05:27:16 -0500", "topics": [], "sentiment": "Negative", "type": "Article", "tickers": ["BTC"]}, {"news_url": "https://coingape.com/?p=101009", "image_url": "https://crypto.snapi.dev/images/v1/z/l/4tmampj1-us-judge-denies-request-to-add-xrp-holders-as-intervenors-in-secs-lawsuit-against-ripple-109676.webp", "title": "Ripple (XRP) Price prediction: XRP Nots Out Of Woods Yet Struggles Below $0.90", "text": "Ripple's (XRP) price continues to trades lower for the second straight session. XRP met with multiple price rejections near the descending trend line from the highs of November 10.", "source_name": "Coingape", "date": "Thu, 17 Feb 2022 05:11:19 -0500", "topics": [], "sentiment": "Negative", "type": "Article", "tickers": ["XRP"]}, {"news_url": "https://www.benzinga.com/markets/cryptocurrency/22/02/25680414/venereal-disease-charlie-munger-says-bitcoin-and-other-cryptos-are-beneath-contempt?SNAPI", "image_url": "https://crypto.snapi.dev/images/v1/k/h/screen-shot-2022-02-17-at-31722-pm-109673.png", "title": "'Venereal Disease:' Charlie Munger Says Bitcoin And Other Cryptos Are 'Beneath Contempt'", "text": "Berkshire Hathaway Inc. (NYSE: BRK-A) (NYSE: BRK-B) Vice Chairman Charlie Munger has again shown his dislike for Bitcoin (CRYPTO:", "source_name": "Benzinga", "date": "Thu, 17 Feb 2022 04:49:00 -0500", "topics": [], "sentiment": "Negative", "type": "Article", "tickers": ["BTC"]}, {"news_url": "https://cryptopotato.com/bitcoin-dipped-to-43k-ethereum-battles-to-maintain-3k-market-watch/", "image_url": "https://crypto.snapi.dev/images/v1/4/c/bitcoinethereum-red-cover-109670.jpg", "title": "Bitcoin Dipped to $43K: Ethereum Battles to Maintain $3K (Market Watch)", "text": "Most of the crypto market is in red now, with bitcoin falling by over $1,000 to $43,000 and ether trying to remain above $3,000.", "source_name": "CryptoPotato", "date": "Thu, 17 Feb 2022 04:43:40 -0500", "topics": [], "sentiment": "Neutral", "type": "Article", "tickers": ["BTC", "ETH"]}, {"news_url": "https://u.today/short-term-bitcoin-holders-are-ones-who-control-market-now-heres-why?SNAPI", "image_url": "https://crypto.snapi.dev/images/v1/q/t/12739-109669.jpeg", "title": "Short-Term Bitcoin Holders Are Ones Who Control Market Now, Here's Why", "text": "Long-term Bitcoin holders no longer control the market", "source_name": "UToday", "date": "Thu, 17 Feb 2022 04:43:00 -0500", "topics": [], "sentiment": "Neutral", "type": "Article", "tickers": ["BTC"]}, {"news_url": "https://en.cryptonomist.ch/2022/02/17/bitcoin-ethereum-theta-price-analyses/", "image_url": "https://crypto.snapi.dev/images/v1/q/t/bitcoin-analysis-3-300x200-109671.jpg", "title": "Bitcoin, Ethereum, Theta Price Analyses", "text": "The Fear and Greed Index is 52 Neutral", "source_name": "The Cryptonomist", "date": "Thu, 17 Feb 2022 04:37:00 -0500", "topics": [], "sentiment": "Neutral", "type": "Article", "tickers": ["BTC", "ETH", "THETA"]}, {"news_url": "https://ambcrypto.com/for-polkadot-this-level-means-buying-opportunity-for-profit-seeking-investors/", "image_url": "https://crypto.snapi.dev/images/v1/m/q/pp-1-dot-cover-e1645075790122-109667.jpg", "title": "For Polkadot, this level means buying opportunity for profit-seeking investors", "text": "Disclaimer:\u00a0The findings of the following analysis are the sole opinions of the writer and should not be considered investment advice. Bitcoin has been unable to climb above the $44.4k-$44.6k resistance in the past couple of days.", "source_name": "AMBCrypto", "date": "Thu, 17 Feb 2022 04:30:48 -0500", "topics": [], "sentiment": "Positive", "type": "Article", "tickers": ["DOT"]}, {"news_url": "https://en.cryptonomist.ch/2022/02/17/twitter-adds-tips-in-ethereum/", "image_url": "https://crypto.snapi.dev/images/v1/k/j/twitter-tips-300x200-109663.jpg", "title": "Twitter adds tips in Ethereum", "text": "After having added those in BTC months ago, now there are also tips in ETH", "source_name": "The Cryptonomist", "date": "Thu, 17 Feb 2022 04:10:39 -0500", "topics": [], "sentiment": "Neutral", "type": "Article", "tickers": ["ETH"]}, {"news_url": "https://www.financemagnates.com/cryptocurrency/news/stasis-announces-plan-to-issue-euro-stablecoin-on-the-xrp-ledger/", "image_url": "https://crypto.snapi.dev/images/v1/g/c/ripple20xrp-id-7601d6ca-738a-466a-9f3e-7a436088a1b7-size900-109661.jpg", "title": "STASIS Announces Plan to Issue Euro Stablecoin on the XRP Ledger", "text": "Blockchain services provider, Ripple announced recently that STASIS, a leading company in euro-backed stablecoin production, will issue EURS on the XRP Ledger (XRPL).", "source_name": "FinanceMagnates", "date": "Thu, 17 Feb 2022 04:03:00 -0500", "topics": ["stablecoins"], "sentiment": "Neutral", "type": "Article", "tickers": ["XRP"]}, {"news_url": "https://beincrypto.com/bitcoin-btc-consolidating-below-44000-increasing-macd-rsi/", "image_url": "https://crypto.snapi.dev/images/v1/g/m/bic-btc-onchain-analysisjpgoptimal-109665.jpg", "title": "Bitcoin (BTC) Continues Consolidating Just Below $44,000 With Increasing MACD and RSI", "text": "Bitcoin (BTC) is in the process of potentially making yet another attempt at breaking out above the $44,300 resistance area. The post Bitcoin (BTC) Continues Consolidating Just Below $44,000 With Increasing MACD and RSI appeared first on BeInCrypto.", "source_name": "BeInCrypto", "date": "Thu, 17 Feb 2022 04:02:46 -0500", "topics": ["tanalysis"], "sentiment": "Neutral", "type": "Article", "tickers": ["BTC"]}, {"news_url": "https://beincrypto.com/huobi-research-institute-predicts-zkevm-will-inject-life-into-ethereum/", "image_url": "https://crypto.snapi.dev/images/v1/x/u/image-from-ios-8jpgoptimal-109666.jpg", "title": "Huobi Research Institute Predicts zkEVM Will Inject Life Into Ethereum", "text": "Huobi Research Institute underlines the potential of zkEVM, a virtual machine that executes smart contracts while being compatible with zero-knowledge proof computation. The post Huobi Research Institute Predicts zkEVM Will Inject Life Into Ethereum appeared first on BeInCrypto.", "source_name": "BeInCrypto", "date": "Thu, 17 Feb 2022 04:00:00 -0500", "topics": [], "sentiment": "Neutral", "type": "Article", "tickers": ["ETH"]}, {"news_url": "https://cryptonews.com/news/post-dorsey-twitter-adds-tipping-ethereum.htm", "image_url": "https://crypto.snapi.dev/images/v1/i/c/adobestock-natanaelginting-1-1-109659.jpg", "title": "Post-Dorsey Twitter Adds Tipping in Ethereum", "text": "Twitter, which is now spearheaded by Parag Agrawal, has expanded its tipping feature to include ethereum (ETH) and several other options.", "source_name": "Cryptonews", "date": "Thu, 17 Feb 2022 03:54:00 -0500", "topics": [], "sentiment": "Neutral", "type": "Article", "tickers": ["ETH"]}, {"news_url": "https://coingape.com/?p=101004", "image_url": "https://crypto.snapi.dev/images/v1/p/9/canadamining-109656.jpg", "title": "30 Bitcoin Wallets Blacklisted On The Orders Of The Canadian Government", "text": "There may still be a glimmer of hope for the crypto industry in China. Zhejiang, a province in eastern China, has sparked speculation that Bitcoin and other cryptocurrencies may not be completely kicked out.", "source_name": "Coingape", "date": "Thu, 17 Feb 2022 03:35:42 -0500", "topics": [], "sentiment": "Neutral", "type": "Article", "tickers": ["BTC"]}, {"news_url": "https://cryptonews.com/news/us-senators-call-for-el-salvador-bitcoin-adoption-probe-bukele-responds-with-ok-boomer-barb.htm", "image_url": "https://crypto.snapi.dev/images/v1/k/w/n-media-library-original-897-598-109655.jpg", "title": "US Senators Call for El Salvador Bitcoin Adoption Probe, Bukele Responds with \u2018OK Boomer' Barb", "text": "Weeks after memeing the International Monetary Fund (IMF), El Salvador's outspoken President Nayib Bukele has upped his Twitter game by responding \u201cOK boomers\u201d to a group of United States senators moving to block his bitcoin (BTC) adoption plans.", "source_name": "Cryptonews", "date": "Thu, 17 Feb 2022 03:33:00 -0500", "topics": [], "sentiment": "Positive", "type": "Article", "tickers": ["BTC"]}, {"news_url": "https://dailyhodl.com/2022/02/17/analyst-says-one-altcoin-ready-to-rally-as-bitcoin-and-crypto-markets-move-higher/", "image_url": "https://crypto.snapi.dev/images/v1/8/d/altcoin-ready-legjpgfit10242c600ssl1-109660.jpg", "title": "Analyst Says One Altcoin Ready To Rally As Bitcoin and Crypto Markets Move Higher", "text": "A popular analyst is making the case for an enterprise-grade altcoin that's focused on security and regulatory compliance while also keeping an eye on top crypto Bitcoin (BTC). Pseudonymous trader Credible Crypto tells his 309,500 Twitter followers that he's bullish on Hedera (HBAR) with a chart highlighting the weekly demand for HBAR in sequences of [\u2026] The post Analyst Says One Altcoin Ready To Rally As Bitcoin and Crypto Markets Move Higher appeared first on The Daily Hodl.", "source_name": "The Daily Hodl", "date": "Thu, 17 Feb 2022 03:04:47 -0500", "topics": [], "sentiment": "Positive", "type": "Article", "tickers": ["BTC"]}, {"news_url": "https://coinpedia.org/news/btc-whales-stacking-eth-ada-and-dot/", "image_url": "https://crypto.snapi.dev/images/v1/j/v/crypto6-109651.jpg", "title": "BTC Whales Stacking ETH, ADA, And DOT, 40% Gains Ahead Of The Altcoin Season?\ufffc", "text": "\u00a0The cryptosphere has been holding on to its price metrics in quest of a massive alt season. That could drive the assets from its directory to the moon, which have been longing for the thrust. Successively, crypto folks have been analyzing investment options, the timeframe of an altseason, consideration of whales amongst others.\u00a0 In succession, \u2026", "source_name": "CoinPedia", "date": "Thu, 17 Feb 2022 02:50:30 -0500", "topics": ["whales"], "sentiment": "Positive", "type": "Article", "tickers": ["ADA", "DOT", "ETH"]}, {"news_url": "https://coinpedia.org/ethereum/ethereum-slides-down-from-the-resistance/", "image_url": "https://crypto.snapi.dev/images/v1/m/l/crypto5-109647.jpg", "title": "Ethereum Slides Down From The Resistance, ETH Price May Now Hit $2800 If Not Flipped!", "text": "The assets nowadays appear to be more uncertain as the price is displaying a notable negative volatility after a decent recovery. Ethereum price also hovered below $3000 for a couple of days but after regaining the levels above, is feared to plunge below yet again. The last time, when the second largest crypto had broken \u2026", "source_name": "CoinPedia", "date": "Thu, 17 Feb 2022 02:38:29 -0500", "topics": [], "sentiment": "Negative", "type": "Article", "tickers": ["ETH"]}, {"news_url": "https://www.benzinga.com/markets/cryptocurrency/22/02/25680633/make-space-bitcoin-twitter-users-can-now-also-send-tips-in-ethereum?SNAPI", "image_url": "https://crypto.snapi.dev/images/v1/a/a/shubham-dhage-26peyrqpbh8-unsplash-109648.jpg", "title": "Make Space, Bitcoin: Twitter Users Can Now Also Send Tips In Ethereum", "text": "Users of Twitter Inc's (NYSE: TWTR) social media platform can now send tips through their mobiles using an Ethereum (CRYPTO: ETH) address.", "source_name": "Benzinga", "date": "Thu, 17 Feb 2022 02:37:00 -0500", "topics": [], "sentiment": "Neutral", "type": "Article", "tickers": ["ETH"]}, {"news_url": "https://www.cryptopolitan.com/polkadot-price-analysis-2022-02-17-2/", "image_url": "https://crypto.snapi.dev/images/v1/z/5/hnetcom-image-109646.png", "title": "Polkadot Price Analysis: DOT/USD to correct below $19 in preparation of an explosive breakout", "text": "TL;DR Breakdown DOT/USD stuck between intense sell signals on daily Polkadot price analysis summary 14 moving averages show sell signal. The $20.46 mark still pose a major hurdle for Polkadot breakout DOT/USD faces strong sell signals on the 1-day technical analysis summary.", "source_name": "Cryptopolitan", "date": "Thu, 17 Feb 2022 02:33:39 -0500", "topics": ["tanalysis"], "sentiment": "Positive", "type": "Article", "tickers": ["DOT"]}, {"news_url": "https://beincrypto.com/nayib-bukele-berates-boomers-bitcoin-policy-bill/", "image_url": "https://crypto.snapi.dev/images/v1/n/c/bic-btc-legal-el-salvadorjpgoptimal-109650.jpg", "title": "Nayib Bukele Berates \u2018Boomers' on US Senate Bitcoin Policy Bill", "text": "El Salvador's enigmatic President Nayib Bukele has berated US politicians after the introduction of a Senate bill on the country's Bitcoin adoption policy. The post Nayib Bukele Berates \u2018Boomers' on US Senate Bitcoin Policy Bill appeared first on BeInCrypto.", "source_name": "BeInCrypto", "date": "Thu, 17 Feb 2022 02:22:38 -0500", "topics": [], "sentiment": "Neutral", "type": "Article", "tickers": ["BTC"]}, {"news_url": "https://www.youtube.com/watch?v=KHMd_9uh--E", "image_url": "https://crypto.snapi.dev/images/v1/w/k/bitcoin-historian-reacts-to-sec-ripple-saga-109645.jpg", "title": "Bitcoin historian reacts to SEC, Ripple saga", "text": "CoinGeek chief historian Kurt Wuckert Jr reacts to SEC chair Gary Gensler's cryptocurrency position. #FOXBusiness Subscribe to Fox Business!", "source_name": "Fox Business", "date": "Thu, 17 Feb 2022 02:00:11 -0500", "topics": ["regulations"], "sentiment": "Neutral", "type": "Video", "tickers": ["XRP"]}, {"news_url": "https://beincrypto.com/bitcoin-dominance-rate-btcd-breaks-out-from-short-term-resistance/", "image_url": "https://crypto.snapi.dev/images/v1/a/j/bic-btc-fractals-similar-pattern-long-term-chart-109644.jpg", "title": "Bitcoin Dominance Rate (BTCD) Breaks Out From Short-Term Resistance", "text": "The Bitcoin dominance rate (BTCD) could be in the first stages of a long-term bullish reversal, as outlined by weekly indicator readings. The post Bitcoin Dominance Rate (BTCD) Breaks Out From Short-Term Resistance appeared first on BeInCrypto.", "source_name": "BeInCrypto", "date": "Thu, 17 Feb 2022 01:41:33 -0500", "topics": [], "sentiment": "Positive", "type": "Article", "tickers": ["BTC"]}], "total_pages": 39}