{"data": [{"news_url": "https://www.coindesk.com/business/2022/02/01/jack-dorsey-touts-bitcoins-virtues-at-microstrategy-conference/", "image_url": "https://crypto.snapi.dev/images/v1/l/a/wc6spxqtznafvactnztgqj2lby-104643.jpg", "title": "Jack Dorsey Touts Bitcoin's Virtues at MicroStrategy Conference", "text": "The Block chief and MicroStrategy CEO Michael Saylor discussed the cryptocurrency at a conference on Tuesday.", "source_name": "Coindesk", "date": "Tue, 01 Feb 2022 15:05:00 -0500", "topics": [], "sentiment": "Positive", "type": "Article", "tickers": ["BTC"]}, {"news_url": "https://www.newsbtc.com/news/goldman-sachs-mainstream-adoption-wont-boost-bitcoin-price/", "image_url": "https://crypto.snapi.dev/images/v1/z/4/mainstream-adoption-104638.jpg", "title": "Goldman Sachs: Mainstream Adoption Won't Boost Bitcoin Price", "text": "Goldman Sachs's words have been interpreted as a sign that the cryptocurrency craze may be coming to an end. The analysts at this global banking powerhouse say they don't see mainstream adoption boosting the crypto industry soon.", "source_name": "NewsBTC", "date": "Tue, 01 Feb 2022 15:00:10 -0500", "topics": [], "sentiment": "Negative", "type": "Article", "tickers": ["BTC"]}, {"news_url": "https://u.today/kiss-frontman-accepting-bitcoin-ethereum-litecoin-and-other-coins-for-his-las-vegas-mansion?SNAPI", "image_url": "https://crypto.snapi.dev/images/v1/3/5/800px-vspectrum-gene-simmons-0204-104639.jpg", "title": "Kiss Frontman Accepting Bitcoin, Ethereum, Litecoin and Other Coins for His Las Vegas Mansion", "text": "The legendary rocker is willing to accept a slew of cryptocurrencies for his Sin City property", "source_name": "UToday", "date": "Tue, 01 Feb 2022 14:59:00 -0500", "topics": [], "sentiment": "Positive", "type": "Article", "tickers": ["BTC", "ETH", "LTC", "DOT"]}, {"news_url": "https://dailyhodl.com/2022/02/01/bitcoin-and-ethereum-prices-should-rise-over-time-as-btc-and-eth-in-early-adoption-days-says-bloomberg-analyst/", "image_url": "https://crypto.snapi.dev/images/v1/p/6/btc-eth-early-adoptionjpgfit10242c600ssl1-104651.jpg", "title": "Bitcoin and Ethereum Prices Should Rise Over Time As BTC and ETH in Early Adoption Days, Says Bloomberg Analyst", "text": "Bloomberg senior commodity strategist Mike McGlone says he's long-term bullish on Bitcoin (BTC) and Ethereum (ETH) as he notes both crypto assets are still in their \u201cearly adoption\u201d days. In a tweet, McGlone says that the top two crypto assets by market cap are flashing signs of long-term health. \u201cBitcoin and Ethereum remain in early [\u2026] The post Bitcoin and Ethereum Prices Should Rise Over Time As BTC and ETH in Early Adoption Days, Says Bloomberg Analyst appeared first on The Daily Hodl.", "source_name": "The Daily Hodl", "date": "Tue, 01 Feb 2022 14:45:22 -0500", "topics": [], "sentiment": "Positive", "type": "Article", "tickers": ["BTC", "ETH"]}, {"news_url": "https://www.coinbureau.com/news/arizona-senator-proposes-law-to-make-bitcoin-btc-legal-tender/", "image_url": "https://crypto.snapi.dev/images/v1/t/m/arizonasenatorproposeslawtomakebitcoinbtclegaltender-1024x614-104636.jpg", "title": "Arizona Senator Proposes Law to Make Bitcoin (BTC) Legal Tender", "text": "Arizona might be the latest place to make Bitcoin legal tender, if a new bill put forth by US Senator Wendy Rogers passes. The bill defines \u201clegal tender\u201d as \u201cAny medium of exchange that is authorized by the United States Constitution or Congress for the payment of debts, public charges, taxes, and dues.\u201d It defines [\u2026] The post Arizona Senator Proposes Law to Make Bitcoin (BTC) Legal Tender appeared first on Coin Bureau.", "source_name": "Coinbureau", "date": "Tue, 01 Feb 2022 14:44:47 -0500", "topics": ["regulations"], "sentiment": "Neutral", "type": "Article", "tickers": ["BTC"]}, {"news_url": "https://dailyhodl.com/2022/02/01/long-time-bitcoin-trader-tone-vays-issues-warning-says-btc-hinting-historically-catastrophic-pattern/", "image_url": "https://crypto.snapi.dev/images/v1/a/t/btc-hinting-catastrophicjpgfit10242c600ssl1-104652.jpg", "title": "Long-Time Bitcoin Trader Tone Vays Issues Warning, Says BTC Hinting Historically \u2018Catastrophic' Pattern", "text": "Veteran crypto trader Tone Vays is warning that BTC's moving averages are flashing signs of potential catastrophe in the coming months. In a new YouTube update, Vays\u00a0tells\u00a0his 120,000 subscribers that Bitcoin's seven-month moving average is in danger of dipping below the 20-month moving average. Historically speaking, such crossovers have led to major losses for the [\u2026] The post Long-Time Bitcoin Trader Tone Vays Issues Warning, Says BTC Hinting Historically \u2018Catastrophic' Pattern appeared first on The Daily Hodl.", "source_name": "The Daily Hodl", "date": "Tue, 01 Feb 2022 14:41:01 -0500", "topics": [], "sentiment": "Negative", "type": "Article", "tickers": ["BTC"]}, {"news_url": "https://www.cryptoglobe.com/latest/2022/02/ripple-partners-with-modulr-to-enable-seamless-payments-into-the-uk-and-europe/", "image_url": "https://crypto.snapi.dev/images/v1/p/e/man-holding-euros-104635.jpg", "title": "Ripple Partners With Modulr To \u2018Enable Seamless Payments Into the UK and Europe'", "text": "On Tuesday (February 1), Ripple, which specializes in solutions for cross-border payments, and Modulr Finance, which offers a \u201cPayments as a Service API platform for digital businesses\u201d, announced a strategic partnership. According to the joint press release, these two FinTech leaders will \u201cmake it easier than ever for businesses, like Trust Payments, to run real-time [\u2026]", "source_name": "CryptoGlobe", "date": "Tue, 01 Feb 2022 14:33:20 -0500", "topics": [], "sentiment": "Positive", "type": "Article", "tickers": ["XRP"]}, {"news_url": "https://news.bitcoin.com/3-6-billion-in-bitcoin-from-the-2016-bitfinex-hack-consolidates-into-a-single-address/", "image_url": "https://crypto.snapi.dev/images/v1/z/z/shutterstock-1180160920-104634.jpg", "title": "$3.6 Billion in Bitcoin From the 2016 Bitfinex Hack Consolidates Into a Single Address", "text": "$3.6 billion or 94,643.29 bitcoin stemming from the 2016 Bitfinex hack was moved and consolidated into a single wallet following 23 transfers. At the time of writing, the $3.6 billion in bitcoin remains idle and the trading platform Bitfinex says it \u201ccontinues to work globally with law enforcement agencies\u201d in regard to the matter. More [\u2026]", "source_name": "Bitcoin", "date": "Tue, 01 Feb 2022 14:30:19 -0500", "topics": [], "sentiment": "Negative", "type": "Article", "tickers": ["BTC"]}, {"news_url": "https://markets.businessinsider.com/news/currencies/cathie-wood-ark-high-conviction-bitcoin-ethereum-not-investing-nfts-2022-2", "image_url": "https://crypto.snapi.dev/images/v1/w/j/61f985c44faa730018ff4a3aformatjpeg-104653.jpg", "title": "Cathie Wood has 'high conviction' in bitcoin and ethereum but isn't trading in any NFTs", "text": "Bitcoin has become the foundation of digital money, while ethereum has become the predominant platform for smart contracts, she said.", "source_name": "Business Insider", "date": "Tue, 01 Feb 2022 14:21:00 -0500", "topics": ["NFT"], "sentiment": "Neutral", "type": "Article", "tickers": ["BTC", "ETH"]}, {"news_url": "https://cryptobriefing.com/0xsifu-funnels-thousands-of-eth-through-tornado-cash/?utm_source=main_feed&utm_medium=rss", "image_url": "https://crypto.snapi.dev/images/v1/g/p/hiding-money-cover-838x440-104627.png", "title": "0xSifu Moves Thousands of ETH to Tornado.Cash", "text": "Michael Patryn, the recently-outed former treasury manager of Wonderland Money, has sent 2,100 ETH to Tornado.Cash.", "source_name": "Crypto Briefing", "date": "Tue, 01 Feb 2022 14:14:45 -0500", "topics": [], "sentiment": "Neutral", "type": "Article", "tickers": ["ETH", "TORN"]}, {"news_url": "https://investorplace.com/2022/02/3-proof-of-stake-cryptos-to-buy-now-in-case-congress-cracks-down/", "image_url": "https://crypto.snapi.dev/images/v1/8/4/840-ahr0chm6ly9zmy5jb2ludgvszwdyyxbolmnvbs91cgxvywrzlziwmjitmdevntkzyzcznwytn2m5ys00ztliltlmzmmtowq0odu4ywvhzje0lmpwzw-102704-104631.jpg", "title": "3 Proof-of-Stake Cryptos to Buy Now in Case Congress Cracks Down", "text": "Proof-of-stake coins are the cryptos to buy right now, as the U.S. government could be adding to the list of places crypto mining is banned.", "source_name": "Investorplace", "date": "Tue, 01 Feb 2022 14:09:24 -0500", "topics": [], "sentiment": "Positive", "type": "Article", "tickers": ["ADA", "ALGO", "SOL"]}, {"news_url": "https://bitcoinmagazine.com/industry-events/dorsey-saylor-talk-bitcoin-at-online-event", "image_url": "https://crypto.snapi.dev/images/v1/2/o/saylor-dorsey-104625.jpg", "title": "Dorsey, Saylor Talk Bitcoin at Online Event", "text": "The chief executives discussed on Tuesday how the open and transparent Bitcoin network could be leveraged to help people and businesses worldwide.", "source_name": "Bitcoin Magazine", "date": "Tue, 01 Feb 2022 14:03:10 -0500", "topics": [], "sentiment": "Neutral", "type": "Article", "tickers": ["BTC"]}, {"news_url": "https://bitcoinist.com/bitcoin-bullish-signal-number-wallets-exceeds-40m/", "image_url": "https://crypto.snapi.dev/images/v1/z/6/quaritsch-photography-1-6rjhq2gmw-unsplash-630x420-104624.jpg", "title": "Bitcoin Bullish Signal: Number Of Wallets With Non-Zero Balance Exceeds 40M", "text": "On-chain data shows the number of Bitcoin wallets with a non-zero balance has set a new all-time high above 40 million. Number Of Bitcoin Wallets With Non-Zero Balance Hits New ATH As per the latest weekly report from Glassnode, the number of BTC wallets that hold a non-zero amount of coins has now reached a [\u2026]", "source_name": "Bitcoinist", "date": "Tue, 01 Feb 2022 14:00:55 -0500", "topics": [], "sentiment": "Positive", "type": "Article", "tickers": ["BTC"]}, {"news_url": "https://www.newsbtc.com/news/bitcoin/bitcoin-supply-exchanges-new-multi-year-low-13-27/", "image_url": "https://crypto.snapi.dev/images/v1/h/i/kanchanara-j5zfgcxtr84-unsplash-scaled-104623.jpg", "title": "Bitcoin Supply On Exchanges Hits New Multi-Year Low Of 13.27%", "text": "On-chain data shows that the Bitcoin supply on exchanges has continued to go down despite the crash, and has now hit a multi-year low of 13.27%. Percentage of Bitcoin Supply On Exchanges Sinks To Multi-Year Low As per the latest weekly report from Glassnode, the percentage of the BTC supply on exchanges has now declined to a multi-year low of around 13.27%.", "source_name": "NewsBTC", "date": "Tue, 01 Feb 2022 14:00:20 -0500", "topics": [], "sentiment": "Negative", "type": "Article", "tickers": ["BTC"]}, {"news_url": "https://news.bitcoin.com/technical-analysis-solana-surges-15-as-loopring-price-declines/", "image_url": "https://crypto.snapi.dev/images/v1/g/i/shutterstock-2031236075-104622.jpg", "title": "Technical Analysis: Solana Surges 15%, as Loopring Price Declines", "text": "Solana was trading close to 15% higher on Tuesday, as crypto markets were mostly in the green to start February. This comes as markets look set to move past January's red wave. Biggest gainers Cryptocurrency markets were mostly bullish during Tuesday's session, with several projects seeing their value rise to start the new month. One [\u2026]", "source_name": "Bitcoin", "date": "Tue, 01 Feb 2022 13:40:39 -0500", "topics": ["tanalysis"], "sentiment": "Neutral", "type": "Article", "tickers": ["LRC", "SOL"]}, {"news_url": "https://cryptopotato.com/us-congressman-would-take-a-portion-of-his-salary-in-bitcoin/", "image_url": "https://crypto.snapi.dev/images/v1/m/y/tom-emmer-104619.jpg", "title": "US Congressman Would Take a Portion of His Salary in Bitcoin", "text": "While speaking to bitcoin bull Anthony Pompliano, Rep. Tom Emmer (R-MN) suggested that he could receive some portions of his salary in BTC.", "source_name": "CryptoPotato", "date": "Tue, 01 Feb 2022 13:30:43 -0500", "topics": ["regulations"], "sentiment": "Positive", "type": "Article", "tickers": ["BTC"]}, {"news_url": "https://u.today/one-fifth-of-american-adults-considering-buying-bitcoin-survey?SNAPI", "image_url": "https://crypto.snapi.dev/images/v1/t/y/adobestock-478769179-104614.jpeg", "title": "One-Fifth of American Adults Considering Buying Bitcoin: Survey", "text": "Undaunted by the sell-off, 21% of Americans are willing to buy the dip", "source_name": "UToday", "date": "Tue, 01 Feb 2022 13:26:00 -0500", "topics": [], "sentiment": "Positive", "type": "Article", "tickers": ["BTC"]}, {"news_url": "https://coinfomania.com/solana-lab-debut-payment-infrastructure-solana-pay/", "image_url": "https://crypto.snapi.dev/images/v1/p/r/solana-104659.jpg", "title": "Solana Labs Debuts New Crypto Payments Infrastructure Solana Pay", "text": "Solana Labs, the technology company working to help advance the Solana ecosystem, has recently announced the launch of a new payment infrastructure designed to allow merchants to accept crypto payments directly. In an official blog post on Tuesday, the company revealed that the protocol, dubbed Solana Pay, is a decentralized, open, and truly peer-to-peer payment infrastructure that will facilitate the settlement of crypto payments without intermediaries.", "source_name": "Coinfomania", "date": "Tue, 01 Feb 2022 13:22:48 -0500", "topics": [], "sentiment": "Positive", "type": "Article", "tickers": ["SOL"]}, {"news_url": "https://cryptoslate.com/microstrategy-buys-the-dip-adding-660-more-btc-to-its-reserve/", "image_url": "https://crypto.snapi.dev/images/v1/g/8/microstrategy-bitcoin-104603.jpg", "title": "MicroStrategy buys the dip, adding 660 more BTC to its reserve", "text": "In its first major purchase of the year, MicroStrategy added 660 additional BTC to its reserves, which currently holds over 125,000 BTC. The post MicroStrategy buys the dip, adding 660 more BTC to its reserve appeared first on CryptoSlate.", "source_name": "CryptoSlate", "date": "Tue, 01 Feb 2022 13:01:22 -0500", "topics": [], "sentiment": "Positive", "type": "Article", "tickers": ["BTC"]}, {"news_url": "https://www.newsbtc.com/news/bitcoin/bitcoin-begins-to-form-a-bottom-why-40k-is-the-next-target/", "image_url": "https://crypto.snapi.dev/images/v1/x/f/bitcoin-3-104602.jpeg", "title": "Bitcoin Begins To Form A Bottom? Why $40K Is The Next Target", "text": "Bitcoin has seen more greens in the last day as it climbs its way back above $39,000. As of press time, BTC's price was rejected at those levels, but the bulls are showing some conviction and could push further into previous highs.", "source_name": "NewsBTC", "date": "Tue, 01 Feb 2022 13:00:43 -0500", "topics": [], "sentiment": "Positive", "type": "Article", "tickers": ["BTC"]}, {"news_url": "https://decrypt.co/91719/coachella-ftx-us-lifetime-festival-passes-nfts-solana", "image_url": "https://crypto.snapi.dev/images/v1/a/x/coachella-nfts-solana-ftx-gid-1-104611.png", "title": "Coachella, FTX US to Auction Lifetime Festival Passes as NFTs on Solana", "text": "Coachella is offering music fans lifetime access to the annual concert festival with a Solana NFT, plus perks like front row access and more.", "source_name": "Decrypt", "date": "Tue, 01 Feb 2022 13:00:03 -0500", "topics": ["NFT"], "sentiment": "Neutral", "type": "Article", "tickers": ["SOL"]}, {"news_url": "https://www.coindesk.com/business/2022/02/01/coachella-music-festival-to-launch-solana-nfts-in-deal-with-ftx/", "image_url": "https://crypto.snapi.dev/images/v1/5/s/uqb4xkff4bbrvee6rtcb5klo2q-104610.png", "title": "Coachella Music Festival to Launch Solana NFTs in Deal With FTX", "text": "The storied California music festival is making the jump to Web 3.", "source_name": "Coindesk", "date": "Tue, 01 Feb 2022 13:00:00 -0500", "topics": ["NFT"], "sentiment": "Neutral", "type": "Article", "tickers": ["SOL"]}, {"news_url": "https://bitcoinmagazine.com/culture/my-fraternity-treasury-adopted-bitcoin", "image_url": "https://crypto.snapi.dev/images/v1/e/u/img-6308-104600.png", "title": "How My Fraternity Supercharged Our Treasury By Adopting Bitcoin", "text": "The story of the first fraternity to adopt bitcoin and a call for others to follow in their footsteps.", "source_name": "Bitcoin Magazine", "date": "Tue, 01 Feb 2022 13:00:00 -0500", "topics": ["regulations"], "sentiment": "Neutral", "type": "Article", "tickers": ["BTC"]}, {"news_url": "https://cryptodaily.co.uk/2022/01/btc-usd-tests-38960-technical-resistance-sally-ho-technical-analysis-2-february-2022-btc-bitcoin", "image_url": "https://crypto.snapi.dev/images/v1/g/u/rythik-a-p-6tfvgf8-unsplash-2-103700-103888-104144-104599.jpg", "title": "BTC/USD Tests 38960 Technical Resistance: Sally Ho's Technical Analysis 2 February 2022 BTC", "text": "Bitcoin (BTC/USD) worked to add to recent upside progress early in today's Asian session as the pair appreciated to the 39104.77 area after trading as low as the 36640.94 area during the previous Asian session.\u00a0 The interday high represented a test of the 38832 area, a downside price objective related to selling pressure around the 69000 and 52100 areas.", "source_name": "Crypto Daily", "date": "Tue, 01 Feb 2022 13:00:00 -0500", "topics": ["tanalysis"], "sentiment": "Neutral", "type": "Article", "tickers": ["BTC"]}, {"news_url": "https://dailyhodl.com/2022/02/01/new-report-reveals-ripple-ramping-up-xrp-sales-by-45-in-q4-of-2021-demand-for-ripplenet-skyrocketing/", "image_url": "https://crypto.snapi.dev/images/v1/l/h/ripple-reveals-xrp-q4jpgfit10242c600ssl1-104615.jpg", "title": "New Report Reveals Ripple Ramping Up XRP Sales by 45% in Q4 of 2021, Demand for RippleNet Skyrocketing", "text": "Ripple is disclosing that it increased its XRP sales in the fourth quarter of 2021 with demand for RippleNet surging despite the loss of a major partner. Ripple notes in a new blog post that it sold more than $1 billion worth of XRP last quarter in relation to its cross-border payments platform, On-Demand Liquidity [\u2026] The post New Report Reveals Ripple Ramping Up XRP Sales by 45% in Q4 of 2021, Demand for RippleNet Skyrocketing appeared first on The Daily Hodl.", "source_name": "The Daily Hodl", "date": "Tue, 01 Feb 2022 12:55:44 -0500", "topics": [], "sentiment": "Positive", "type": "Article", "tickers": ["XRP"]}, {"news_url": "https://dailyhodl.com/2022/02/01/flint-launches-high-annual-crypto-returns-on-solana-without-the-volatility/", "image_url": "https://crypto.snapi.dev/images/v1/n/v/solana-phantom-300x200-104330-104616.jpg", "title": "Flint Launches High Annual Crypto Returns on Solana Without the Volatility", "text": "February 1, 2022 \u2013 New Delhi, India Passive crypto investment gateway Flint will enter its beta stage to let anyone easily access passive returns on their stablecoins. Returns can be as high as 13% per annum, and there are no specific time requirements for locking up funds. Passive income is a dream for many cryptocurrency [\u2026] The post Flint Launches High Annual Crypto Returns on Solana Without the Volatility appeared first on The Daily Hodl.", "source_name": "The Daily Hodl", "date": "Tue, 01 Feb 2022 12:53:31 -0500", "topics": [], "sentiment": "Positive", "type": "Article", "tickers": ["SOL"]}, {"news_url": "https://coinpedia.org/price-analysis/solana-death-cross-in-next-24-hours/", "image_url": "https://crypto.snapi.dev/images/v1/j/f/crypto8-104593.jpg", "title": "Solana Death Cross in Next 24 Hours, SOL Price 40% Plunge Appears Imminent!", "text": "Solana is back above $100 after a strong boost during the previous month's close. With an intention of closing the yearly trade on a bullish note, the asset jumped more than 20% from the previous day's lows beneath $90 and smashed $108, now hovering around $105. Currently, while the entire market sentiments are turning extremely \u2026", "source_name": "CoinPedia", "date": "Tue, 01 Feb 2022 12:41:00 -0500", "topics": [], "sentiment": "Negative", "type": "Article", "tickers": ["SOL"]}, {"news_url": "https://www.dcforecasts.com/bitcoin-news/jpmorgan-says-btc-eth-continue-to-face-major-challenges/", "image_url": "https://crypto.snapi.dev/images/v1/t/k/jpmorganchasetowerentrancehoustontx-104592.jpg", "title": "JPMorgan Says BTC, ETH Continue To Face Major Challenges", "text": "JPMorgan says BTC, ETH continue to face major challenges as Bitcoin is still 5 times more volatile than gold. Ethereum on the other hand will continue to face competition from major rival blockchains so let's read further in our latest cryptocurrency news.", "source_name": "DCForecasts", "date": "Tue, 01 Feb 2022 12:34:21 -0500", "topics": [], "sentiment": "Negative", "type": "Article", "tickers": ["BTC", "ETH"]}, {"news_url": "https://markets.businessinsider.com/news/currencies/bitcoin-outlook-scarcity-superior-digital-asset-cryptocurrencies-fiat-gold-fidelity-2022-2", "image_url": "https://crypto.snapi.dev/images/v1/l/u/6155863b7b09e80018e57e1eformatjpeg-104621.jpg", "title": "Bitcoin won't be surpassed by competing cryptocurrencies because it is a 'superior' form of money, Fidelity says", "text": "The cryptocurrency possesses many \"good qualities\" of money,\u00a0including enforceable scarcity and verifiability, said Fidelity Digital Assets.", "source_name": "Business Insider", "date": "Tue, 01 Feb 2022 12:34:00 -0500", "topics": [], "sentiment": "Positive", "type": "Article", "tickers": ["BTC"]}, {"news_url": "https://beincrypto.com/microstrategy-buys-another-660-btc-bringing-total-value-held-to-3-78b/", "image_url": "https://crypto.snapi.dev/images/v1/n/3/bic-microstrategy-genericjpgoptimal-104591.jpg", "title": "MicroStrategy Buys Another 660 BTC, Bringing Total Value Held to $3.78B", "text": "As MicroStrategy share prices continue their downward trend, founder and CEO Michael Saylor seems unfazed. In fact, his company has just purchased a cool 660 bitcoins.", "source_name": "BeInCrypto", "date": "Tue, 01 Feb 2022 12:32:34 -0500", "topics": [], "sentiment": "Positive", "type": "Article", "tickers": ["BTC"]}, {"news_url": "https://ambcrypto.com/bitcoin-carbon-emissions-of-mining-ops-remain-minimal-at-0-8-of-global-share/", "image_url": "https://crypto.snapi.dev/images/v1/f/w/chris-leboutillier-tujud0awapi-unsplash-104590.jpg", "title": "Bitcoin: Carbon emissions of mining ops remain minimal at 0.8% of global share", "text": "The rapid expansion of cryptocurrency over the years has been nothing short of stunning. At press time, the crypto market stood just shy of the $1.7 trillion.", "source_name": "AMBCrypto", "date": "Tue, 01 Feb 2022 12:30:16 -0500", "topics": ["mining"], "sentiment": "Neutral", "type": "Article", "tickers": ["BTC"]}, {"news_url": "https://www.dcforecasts.com/bitcoin-news/bitcoin-spikes-to-10-day-high-while-sol-luna-explode-17/", "image_url": "https://crypto.snapi.dev/images/v1/6/g/840-ahr0chm6ly9zmy5jb2ludgvszwdyyxbolmnvbs91cgxvywrzlziwmjitmdevmdc2ywnjndgtmjkxzs00ztniltk0mwetztu1nmq2mdnlnwm5lmpwzw-103934-104424-104587.jpg", "title": "Bitcoin Spikes To 10-Day High While SOL, LUNA Explode 17%", "text": "Bitcoin spikes to 10-day high while SOL and LUNA both surge by 17% as we are reading further in our latest bitcoin news. The crypto market turned green today with some bigger price increases coming from Terra, Solana, Ethereum, and others while Bitcoin tapped a ten-day high.", "source_name": "DCForecasts", "date": "Tue, 01 Feb 2022 12:24:40 -0500", "topics": [], "sentiment": "Positive", "type": "Article", "tickers": ["BTC", "LUNA", "SOL"]}, {"news_url": "https://www.cryptoglobe.com/latest/2022/02/btc-nydig-makes-it-easier-for-employees-of-leading-companies-to-get-paid-in-bitcoin/", "image_url": "https://crypto.snapi.dev/images/v1/4/m/square-inc-bitcoin-users-january-104586.jpg", "title": "$BTC: NYDIG Makes It Easier for Employees of Leading Companies to Get Paid in Bitcoin", "text": "On Tuesday (February 1), Bitcoin company NYDIG announced \u201cthe launch of a Bitcoin Savings Plan to let employees of leading companies get #PaidInBitcoin.\u201d NYDIG is \u201ca subsidiary of Stone Ridge, a holding company that has led the creation of forward-thinking firms across the worlds of technology and finance, including a $12B+ alternatives asset manager.\u201d It [\u2026]", "source_name": "CryptoGlobe", "date": "Tue, 01 Feb 2022 12:15:16 -0500", "topics": [], "sentiment": "Positive", "type": "Article", "tickers": ["BTC"]}, {"news_url": "https://www.benzinga.com/markets/cryptocurrency/22/02/25342599/will-ethereum-keep-climbing-overcoming-these-key-levels-could-end-the-bear-cycle?SNAPI", "image_url": "https://crypto.snapi.dev/images/v1/v/3/ethereum-climbing-104582.jpg", "title": "Will Ethereum Keep Climbing? Overcoming These Key Levels Could End The Bear Cycle", "text": "Ethereum (CRYPTO: ETH) was flying up over 5% higher on Tuesday morning before the SPDR S&P 500 (NYSE: SPY) opened the trading day sliding about 0.5% lower, which weighed on both the general and cryptocurrency markets.", "source_name": "Benzinga", "date": "Tue, 01 Feb 2022 12:11:00 -0500", "topics": [], "sentiment": "Neutral", "type": "Article", "tickers": ["ETH"]}, {"news_url": "https://investorplace.com/2022/02/solana-has-utility-but-thats-not-its-main-catalyst-right-now/", "image_url": "https://crypto.snapi.dev/images/v1/c/w/sharing-card-1-102438-104577.png", "title": "Buy Solana for the Speculation, Not for Its (Impressive) Utility", "text": "While Solana has benefitted from its underlying utility angle, it ultimately might not be the catalyst that drives its valuation.", "source_name": "Investorplace", "date": "Tue, 01 Feb 2022 12:01:15 -0500", "topics": [], "sentiment": "Neutral", "type": "Article", "tickers": ["SOL"]}, {"news_url": "https://www.newsbtc.com/news/bitcoin/bitcoin-stolen-from-bitfinex-hack-moved-for-the-first-time-in-five-years/", "image_url": "https://crypto.snapi.dev/images/v1/x/f/bitfinex-104574.jpeg", "title": "Bitcoin Stolen From Bitfinex Hack Moved For The First Time In Five Years", "text": "The Bitfinex hack had been one of the most popular hacks when it occurred. At that point, bitcoin was still in its very early stages and was still reeling from the Mt Gox shutdown even years later.", "source_name": "NewsBTC", "date": "Tue, 01 Feb 2022 12:00:45 -0500", "topics": [], "sentiment": "Negative", "type": "Article", "tickers": ["BTC"]}, {"news_url": "https://cryptobriefing.com/solana-looks-to-incorporate-fee-market-akin-ethereum/?utm_source=main_feed&utm_medium=rss", "image_url": "https://crypto.snapi.dev/images/v1/a/g/solana-sunset-tree-cover-838x440-104589.jpeg", "title": "Solana Looks to Incorporate Fee Market Akin to Ethereum", "text": "In response to Solana's ongoing transaction issues, introducing a fee market could help make the network more stable.\u00a0", "source_name": "Crypto Briefing", "date": "Tue, 01 Feb 2022 11:59:56 -0500", "topics": [], "sentiment": "Neutral", "type": "Article", "tickers": ["ETH", "SOL"]}, {"news_url": "https://markets.businessinsider.com/news/currencies/bitcoin-price-outlook-long-term-momentum-flashes-sell-signal-2022-2", "image_url": "https://crypto.snapi.dev/images/v1/5/4/61f9586d415c3f0018d3eb25formatjpeg-104607.jpg", "title": "Bitcoin's loss of long-term momentum is flashing a 'sell' signal and suggests the coin could test $27,000 as support, Fairlead's Katie Stockton says", "text": "\"The loss of long-term momentum has implications for six to 12 months, suggesting bitcoin may remain range-bound,\" Stockton said.", "source_name": "Business Insider", "date": "Tue, 01 Feb 2022 11:59:00 -0500", "topics": [], "sentiment": "Negative", "type": "Article", "tickers": ["BTC"]}, {"news_url": "https://coinfomania.com/microstrategy-acquires-660-bitcoins-25-million/", "image_url": "https://crypto.snapi.dev/images/v1/x/w/microstrategy-1-104660.jpg", "title": "Michael Saylor's MicroStrategy Splashes Another $25 Million on Bitcoin", "text": "Leading business intelligence and software company MicroStrategy recently acquired an additional 660 bitcoins between the periods of December 30th 2021 and January 30th 2022. Per the Tuesday announcement, the bitcoin purchase by the America-based company was made at an average price of $37,865 per BTC bringing the total amount of purchase to approximately $25 million.", "source_name": "Coinfomania", "date": "Tue, 01 Feb 2022 11:48:51 -0500", "topics": [], "sentiment": "Positive", "type": "Article", "tickers": ["BTC"]}, {"news_url": "https://beincrypto.com/is-bitcoin-btc-done-correcting-wave-count-analysis/", "image_url": "https://crypto.snapi.dev/images/v1/b/x/bic-artwork-bitcoin-general-2jpgoptimal-104572.jpg", "title": "Is Bitcoin (BTC) Done Correcting? \u2013 Wave Count Analysis", "text": "BTC has been correcting for nearly a year, more specifically since the April 14, 2021 high. It is possible that this correction has now come to an end.", "source_name": "BeInCrypto", "date": "Tue, 01 Feb 2022 11:45:00 -0500", "topics": [], "sentiment": "Negative", "type": "Article", "tickers": ["BTC"]}, {"news_url": "https://bitcoinmagazine.com/business/how-small-solo-miners-solve-bitcoin-blocks", "image_url": "https://crypto.snapi.dev/images/v1/p/y/bitcoin-mining-104570.jpg", "title": "How Are Such Small Miners Solving Bitcoin Blocks?", "text": "After three solo bitcoin miners found valid block hashes themselves in January, netting more than $200,000 in BTC each, many are asking how.", "source_name": "Bitcoin Magazine", "date": "Tue, 01 Feb 2022 11:31:42 -0500", "topics": ["mining"], "sentiment": "Neutral", "type": "Article", "tickers": ["BTC"]}, {"news_url": "https://ambcrypto.com/el-salvadors-pro-bitcoin-fm-fires-back-at-imfs-insult/", "image_url": "https://crypto.snapi.dev/images/v1/y/w/ricardo-ardon-onn5hlarbns-unsplash-104569.jpg", "title": "El Salvador's pro-Bitcoin FM fires back at IMF's \u2018insult'", "text": "The International Monetary Fund warned El Salvador to drop Bitcoin as legal tender. Not just once, or twice, but at least 4-5 times in the past.", "source_name": "AMBCrypto", "date": "Tue, 01 Feb 2022 11:30:50 -0500", "topics": [], "sentiment": "Negative", "type": "Article", "tickers": ["BTC"]}, {"news_url": "https://www.trustnodes.com/2022/02/01/bitcoin-yoyos-on-news-of-news", "image_url": "https://crypto.snapi.dev/images/v1/v/l/bear-bull-abstract-fan-art-104567.jpg", "title": "Bitcoin YoYos on News of News", "text": "Bitcoin is kind of yo-yoing today as it nears $40,000 with it waving to just above $39,000 before stocks opened. Nasdaq was seemingly headed for green, but turned to -1%.", "source_name": "Trustnodes", "date": "Tue, 01 Feb 2022 11:22:48 -0500", "topics": ["paywall"], "sentiment": "Neutral", "type": "Article", "tickers": ["BTC"]}, {"news_url": "https://cryptodaily.co.uk/2022/02/psyoptions-acquiring-tap-finance-is-a-crucial-milestone-for-decentralized-options-trading-on-solana", "image_url": "https://crypto.snapi.dev/images/v1/s/c/01d1fb29-6080-47e2-87ee-e8dfd5307907-104565.jpg", "title": "PsyOptions Acquiring Tap Finance Is A Crucial Milestone For Decentralized Options Trading On Solana", "text": "The Solana blockchain is home to some interesting and exciting decentralized finance opportunities. For example, solutions like Tap Finance and PsyOptions go beyond traditional liquidity provision and yield farming.", "source_name": "Crypto Daily", "date": "Tue, 01 Feb 2022 11:15:00 -0500", "topics": [], "sentiment": "Neutral", "type": "Article", "tickers": ["SOL"]}, {"news_url": "https://cointelegraph.com/news/1b-worth-of-eth-burned-in-the-past-30-days-due-to-record-high-opensea-nft-transactions", "image_url": "https://crypto.snapi.dev/images/v1/x/z/840-ahr0chm6ly9zmy5jb2ludgvszwdyyxbolmnvbs91cgxvywrzlziwmjitmdivyjcyoddkoditodcxos00ngjilwe0mgytnguxngy2njqxmtzilmpwzw-104564.jpg", "title": "$1B worth of ETH burned in the past 30 days due to record high OpenSea NFT transactions", "text": "Despite the large burn value, the network is still inflationary until its PoS transition scheduled for Q2 or Q3.", "source_name": "Cointelegraph", "date": "Tue, 01 Feb 2022 11:15:00 -0500", "topics": ["NFT"], "sentiment": "Positive", "type": "Article", "tickers": ["ETH"]}, {"news_url": "https://cryptopotato.com/bitcoin-concluded-january-with-a-17-price-drop-the-third-worst-january-in-history/", "image_url": "https://crypto.snapi.dev/images/v1/2/5/bitcoin-winter-104541.jpg", "title": "Bitcoin Concluded January With a 17% Price Drop: The Third-Worst January in History", "text": "January 2022 turned out to be a highly negative month for bitcoin's price movements, will February be any better?", "source_name": "CryptoPotato", "date": "Tue, 01 Feb 2022 11:01:50 -0500", "topics": [], "sentiment": "Negative", "type": "Article", "tickers": ["BTC"]}, {"news_url": "https://ambcrypto.com/solana-shiba-inu-fantom-price-analysis-01-february/", "image_url": "https://crypto.snapi.dev/images/v1/p/s/shiba-g5ea43efba-1280-104540.jpg", "title": "Solana, Shiba Inu, Fantom Price Analysis: 01 February", "text": "As the Bitcoin fear and greed index surged by 6 points over the last day, Solana registered double-digit 24-hour gains to reclaim the $102-support. Also, Fantom moved above its 4-hour 20 SMA while reclaiming the $2.09-level.", "source_name": "AMBCrypto", "date": "Tue, 01 Feb 2022 11:00:41 -0500", "topics": ["tanalysis"], "sentiment": "Neutral", "type": "Article", "tickers": ["FTM", "SHIB", "SOL"]}, {"news_url": "https://investorplace.com/2022/02/solana-crypto-sol-is-on-the-rise-as-coinbase-lists-solana-tokens/", "image_url": "https://crypto.snapi.dev/images/v1/q/7/shutterstock-2030401217-gid-1-101715-102616-104538.jpg", "title": "Solana Crypto: SOL Is on the Rise as Coinbase Lists Solana Tokens", "text": "The Solana crypto is moving upward with quickness after the Coinbase platform begins to accommodate Solana's many native tokens.", "source_name": "Investorplace", "date": "Tue, 01 Feb 2022 10:55:06 -0500", "topics": [], "sentiment": "Positive", "type": "Article", "tickers": ["SOL"]}, {"news_url": "https://www.newsbtc.com/news/ethereum/ethereum-price-surges-30-over-last-week-lows/", "image_url": "https://crypto.snapi.dev/images/v1/w/y/cryptocurrencies-rally-after-first-quarter-slump-951165958-09bf4c8c9b374a05b4b9ba51e1f36d83-scaled-104534.jpg", "title": "Ethereum Price Surges 30% Over Last Week Lows, Addresses Holding Over 0.1 ETH Reach New ATH", "text": "Ethereum price has rallied to $2,800, which is the next significant important resistance level. Ethereum's price has risen by 30 percent from hitting a low of $2,160 barely a week ago.", "source_name": "NewsBTC", "date": "Tue, 01 Feb 2022 10:50:45 -0500", "topics": [], "sentiment": "Positive", "type": "Article", "tickers": ["ETH"]}, {"news_url": "https://thecurrencyanalytics.com/bitcoin/arizona-state-senator-drops-bill-to-exempt-bitcoin-btc-and-digital-currencies-from-taxes-38525.php", "image_url": "https://crypto.snapi.dev/images/v1/a/l/arizona-state-senator-drops-bill-to-exempt-bitcoin-btc-and-digital-currencies-from-taxes-104533.jpg", "title": "Arizona State Senator drops bill to EXEMPT Bitcoin (BTC) and Digital Currencies from Taxes", "text": "Catch up on the latest crypto market news at The Currency Analytics. Dennis Porter shared: BREAKING: Arizona State Senator drops bill to EXEMPT Bitcoin and digital currencies from taxes.", "source_name": "The Currency Analytics", "date": "Tue, 01 Feb 2022 10:45:06 -0500", "topics": ["taxes", "regulations"], "sentiment": "Neutral", "type": "Article", "tickers": ["BTC"]}, {"news_url": "https://www.cryptopolitan.com/microstrategy-makes-new-25-million-bitcoin-purchase/", "image_url": "https://crypto.snapi.dev/images/v1/c/w/bitcoin-flash-cover-104379-104532.jpg", "title": "Microstrategy makes new $25 million Bitcoin purchase", "text": "TL; DR Breakdown Microstrategy purchases $25 million worth of BTC The company bought 660 BTC Bitcoin continues to enjoy patronage despite its decline In the last few days, Bitcoin has been making more decline runs than surges due to the market's massive volatility. The digital asset has led other digital assets on a declining run, [\u2026]", "source_name": "Cryptopolitan", "date": "Tue, 01 Feb 2022 10:44:24 -0500", "topics": [], "sentiment": "Positive", "type": "Article", "tickers": ["BTC"]}, {"news_url": "https://coinpedia.org/altcoin/bitcoin-ethereum-to-experience-final-capitulation/", "image_url": "https://crypto.snapi.dev/images/v1/m/o/q-1-104089-104529.jpeg", "title": "Bitcoin & Ethereum to Experience Final Capitulation! BTC To Plunge Below 20K and ETH To Hit $1800\ufffc", "text": "The month of January has been the worst for Bitcoin. BTC's price has subsequently regained above $37,000 after plunging from nearly $47,000 to below $34,000 in the first three weeks of the year. The entire crypto market has followed a similar price path, with Ethereum (ETH), Binance Coin (BNB), Solana (SOL), and Dogecoin (DOGE) all \u2026", "source_name": "CoinPedia", "date": "Tue, 01 Feb 2022 10:32:00 -0500", "topics": [], "sentiment": "Negative", "type": "Article", "tickers": ["BTC", "ETH"]}, {"news_url": "https://www.trustnodes.com/2022/02/01/nydig-launches-bitcoin-savings-plan", "image_url": "https://crypto.snapi.dev/images/v1/h/n/stone-ridge-hq-104527.jpg", "title": "NYDIG Launches Bitcoin Savings Plan", "text": "NYDIG, the bitcoin services and asset management provider that was formerly part of Stone Ridge, has announced the launch of a Bitcoin Savings Plan to let employees of leading companies.", "source_name": "Trustnodes", "date": "Tue, 01 Feb 2022 10:29:55 -0500", "topics": ["paywall"], "sentiment": "Positive", "type": "Article", "tickers": ["BTC"]}, {"news_url": "https://www.cryptopolitan.com/bitcoin-ethereum-solana-cardano-price-analyses-1-february-morning-prediction/", "image_url": "https://crypto.snapi.dev/images/v1/w/b/crypto2-102453-104526.jpg", "title": "Bitcoin, Ethereum, Solana, Cardano; Price Analyses \u2014 1 February Morning Prediction", "text": "TL;DR breakdown Bitcoin tries to move forward, moving closer to the $39K price point. After gaining 9.75 %, the price of Ethereum went up to $2,790.", "source_name": "Cryptopolitan", "date": "Tue, 01 Feb 2022 10:27:26 -0500", "topics": [], "sentiment": "Neutral", "type": "Article", "tickers": ["ADA", "BTC", "ETH", "SOL"]}, {"news_url": "https://coinmarketcap.com/alexandria/article/el-salvador-furiously-refuses-to-abandon-bitcoin", "image_url": "https://crypto.snapi.dev/images/v1/9/b/11cebaa990cc4fc0ac2870b9782ebcf4-104525.jpg", "title": "El Salvador Furiously Refuses to Abandon Bitcoin", "text": "\"No international organization is going to make us do anything,\" the country's treasury minister says.", "source_name": "CoinMarketCap", "date": "Tue, 01 Feb 2022 10:26:21 -0500", "topics": [], "sentiment": "Negative", "type": "Article", "tickers": ["BTC"]}, {"news_url": "https://www.forbes.com/sites/jonathanponciano/2022/02/01/billionaire-saylors-microstrategy-bought-25-million-in-bitcoin-during-last-months-500-billion-crypto-market-crash/", "image_url": "https://crypto.snapi.dev/images/v1/m/w/billionaire-saylors-microstrategy-bought-25-million-in-bitcoin-during-last-months-500-billion-crypto-market-crash-104523.jpg", "title": "Billionaire Saylor's MicroStrategy Bought $25 Million In Bitcoin During Last Month's $500 Billion Crypto Market Crash", "text": "Despite the SEC cracking down on how it's accounting for its massive crypto stash, the data analytics company helmed by staunch bitcoin bull Michael Saylor keeps buying more.", "source_name": "Forbes", "date": "Tue, 01 Feb 2022 10:16:47 -0500", "topics": [], "sentiment": "Positive", "type": "Article", "tickers": ["BTC"]}, {"news_url": "https://coingape.com/markets/ethereum-eth-price-analysis-price-today-claims-2800-on-higher-risk-appetite/", "image_url": "https://crypto.snapi.dev/images/v1/p/e/pexels-moose-photos-1036637-103404-104520.jpg", "title": "Ethereum (ETH) Price Analysis: Price Today Claims $2,800 On Higher Risk Appetite", "text": "Ethereum (ETH) price trades in green for the second straight day. Wall Street set to open on a muted note following two days of gains.", "source_name": "Coingape", "date": "Tue, 01 Feb 2022 10:14:00 -0500", "topics": ["tanalysis"], "sentiment": "Positive", "type": "Article", "tickers": ["ETH"]}, {"news_url": "https://coinpedia.org/price-analysis/ripplexrp-prices-consolidated-in-healthy-regions/", "image_url": "https://crypto.snapi.dev/images/v1/e/p/xrp-id-68bbbf0e-a5b3-4b17-980e-49592a85a6ac-size900-102465-104519.jpg", "title": "Ripple(XRP) Price Consolidated in Healthy Regions, Will it Smash $0.74 Resistance Levels Now?", "text": "The XRP price after sustaining very strongly at the strong support levels in between $0.75 to $0.77, fell into a deep bearish well to cement at the levels around $0.62. Almost all the crypto asset experienced the same drain but they somehow managed to recover their losses to some extent. But XRP price is still \u2026", "source_name": "CoinPedia", "date": "Tue, 01 Feb 2022 10:13:00 -0500", "topics": [], "sentiment": "Positive", "type": "Article", "tickers": ["XRP"]}, {"news_url": "https://decrypt.co/91697/over-3-6b-bitcoin-2016-bitfinex-hack-move", "image_url": "https://crypto.snapi.dev/images/v1/y/r/shutterstock-1220140165-gid-5-104517.jpg", "title": "Over $3.6B in Bitcoin From 2016 Bitfinex Hack Is on the Move", "text": "More than $3.6 billion worth of Bitcoin stolen in 2016 from crypto exchange Bitfinex has moved from the hacker's wallets on Tuesday.", "source_name": "Decrypt", "date": "Tue, 01 Feb 2022 10:02:29 -0500", "topics": [], "sentiment": "Negative", "type": "Article", "tickers": ["BTC"]}, {"news_url": "https://thecurrencyanalytics.com/bitcoin/l1-bitcoin-btc-becomes-unusable-if-activity-moves-to-l2-38522.php", "image_url": "https://crypto.snapi.dev/images/v1/u/j/l1-bitcoin-btc-becomes-unusable-if-activity-moves-to-l2-104514.jpg", "title": "L1 Bitcoin (BTC) becomes Unusable If activity moves to L2", "text": "Catch up on the latest crypto market news at The Currency Analytics. Fidelity Digital Assets shared: Our latest piece argues that bitcoin's first technological breakthrough wasn't as a superior payment technology but\u2026 The post L1 Bitcoin (BTC) becomes Unusable If activity moves to L2 appeared first on Cryptocurrency News.", "source_name": "The Currency Analytics", "date": "Tue, 01 Feb 2022 09:55:50 -0500", "topics": [], "sentiment": "Neutral", "type": "Article", "tickers": ["BTC"]}, {"news_url": "https://cryptodaily.co.uk/2022/02/solana-wallet-app-phantom-hits-unicorn-status-with-series-b-funding", "image_url": "https://crypto.snapi.dev/images/v1/m/w/solana-phantom-104515.jpg", "title": "Solana Wallet App Phantom Hits Unicorn Status With Series B Funding", "text": "In the latest Series B funding round, the Phantom wallet has raised a total of $109 million funding round on a $1.2 billion valuation.\u00a0 Paradigm Leads Phantom's Series B As one of the premier wallet apps for the Solana ecosystem, Phantom has had a successful Series A funding round as well, where it raised a total of $9 million from investment giant Andreesen Horowitz.", "source_name": "Crypto Daily", "date": "Tue, 01 Feb 2022 09:55:00 -0500", "topics": [], "sentiment": "Neutral", "type": "Article", "tickers": ["SOL"]}, {"news_url": "https://u.today/bitcoin-mining-ban-proposed-by-new-york-gubernatorial-candidate?SNAPI", "image_url": "https://crypto.snapi.dev/images/v1/b/o/12412-104510.jpg", "title": "Bitcoin Mining Ban Proposed by New York Gubernatorial Candidate", "text": "Democratic candidate Jumaane Williams has called for imposing a ban on Bitcoin mining", "source_name": "UToday", "date": "Tue, 01 Feb 2022 09:47:00 -0500", "topics": ["mining"], "sentiment": "Negative", "type": "Article", "tickers": ["BTC"]}, {"news_url": "https://bitcoinmagazine.com/culture/good-writing-is-critical-to-bitcoin", "image_url": "https://crypto.snapi.dev/images/v1/g/b/image1-104509.jpg", "title": "Good Writing Is Critical To Bitcoin Adoption", "text": "Writing high quality Bitcoin material helps to educate audiences, promote best practices and bring about adoption faster.", "source_name": "Bitcoin Magazine", "date": "Tue, 01 Feb 2022 09:43:07 -0500", "topics": [], "sentiment": "Neutral", "type": "Article", "tickers": ["BTC"]}, {"news_url": "https://cointelegraph.com/news/microstrategy-buys-the-dip-by-purchasing-660-bitcoin-for-25m", "image_url": "https://crypto.snapi.dev/images/v1/d/z/840-ahr0chm6ly9zmy5jb2ludgvszwdyyxbolmnvbs91cgxvywrzlziwmjitmdivztu3mwjjmjktytc5my00ogezlwixmmetzjc3oty2zdmyowuxlmpwzw-104507.jpg", "title": "MicroStrategy buys the dip by purchasing 660 Bitcoin for $25M", "text": "MicroStrategy bought significantly less BTC in January than in previous months, according to official data.", "source_name": "Cointelegraph", "date": "Tue, 01 Feb 2022 09:42:13 -0500", "topics": [], "sentiment": "Positive", "type": "Article", "tickers": ["BTC"]}, {"news_url": "https://en.cryptonomist.ch/2022/02/01/fidelity-bitcoin-superior-form-of-money/", "image_url": "https://crypto.snapi.dev/images/v1/8/9/bitcoin-fidelity-300x200-104506.jpg", "title": "Fidelity: Bitcoin is a superior form of money", "text": "BTC should not be confused with any of the other cryptocurrencies, because it is not just technology", "source_name": "The Cryptonomist", "date": "Tue, 01 Feb 2022 09:40:27 -0500", "topics": [], "sentiment": "Positive", "type": "Article", "tickers": ["BTC"]}, {"news_url": "https://bitcoinmagazine.com/culture/bitcoin-is-the-most-esg-friendly-investment", "image_url": "https://crypto.snapi.dev/images/v1/u/p/tree-104503.jpg", "title": "Bitcoin Is The Most ESG-Friendly Investment In My Clients' Portfolios", "text": "People who criticize Bitcoin on ESG grounds have it backward.", "source_name": "Bitcoin Magazine", "date": "Tue, 01 Feb 2022 09:35:29 -0500", "topics": [], "sentiment": "Positive", "type": "Article", "tickers": ["BTC"]}, {"news_url": "https://www.coindesk.com/business/2022/02/01/nydig-launches-service-for-workers-to-get-paid-in-bitcoin/", "image_url": "https://crypto.snapi.dev/images/v1/8/q/xayhwvwxb5gmdj37rmo3hp2gfi-104505.jpg", "title": "NYDIG Launches Service for Workers to Get Paid in Bitcoin", "text": "With its Bitcoin Savings Plan, NYDIG joins Coinbase and Strike with a service allowing employees to auto-convert some or all of their paychecks into bitcoin.", "source_name": "Coindesk", "date": "Tue, 01 Feb 2022 09:34:00 -0500", "topics": [], "sentiment": "Positive", "type": "Article", "tickers": ["BTC"]}, {"news_url": "https://coingape.com/markets/solana-price-analysis-death-crossover-haunts-solanasol-investors-for-a-bearish-february/", "image_url": "https://crypto.snapi.dev/images/v1/i/q/tron-story-copy404xcoin-104497.png", "title": "Solana (SOL) Price Today: Potential Death Crossover Formation Hints A Bearish February", "text": "During the recent bloodbath in the crypto market, the SOL price lost the 50 retracement level($128) and plummeted to $81.23. After a week of consolidation of hovering above this support, the buyers breach the immediate resistance of $104.", "source_name": "Coingape", "date": "Tue, 01 Feb 2022 09:32:56 -0500", "topics": [], "sentiment": "Negative", "type": "Article", "tickers": ["SOL"]}, {"news_url": "https://news.bitcoin.com/bitcoin-ethereum-technical-analysis-ethereum-surges-10-to-start-february/", "image_url": "https://crypto.snapi.dev/images/v1/e/s/shutterstock-1273691587-104496.jpg", "title": "Bitcoin, Ethereum Technical Analysis: Ethereum Surges 10% to Start February", "text": "Cryptocurrencies traded higher to start the month of February, as markets look to forget January's red wave. ETH is trading close to 10% higher as of writing, with bitcoin gaining almost 4% today. Bitcoin Bitcoin, which fell by as much as $16,000 last month, has recently started to regain some steam, climbing by over 11% [\u2026]", "source_name": "Bitcoin", "date": "Tue, 01 Feb 2022 09:30:50 -0500", "topics": ["tanalysis"], "sentiment": "Neutral", "type": "Article", "tickers": ["BTC", "ETH"]}, {"news_url": "https://ambcrypto.com/xrp-could-see-a-short-term-bounce-but-the-downtrend-remains-unbroken/", "image_url": "https://crypto.snapi.dev/images/v1/j/q/pp-3-xrp-cover-e1643697876360-104495.jpg", "title": "XRP could see a short-term bounce but the downtrend remains unbroken", "text": "Disclaimer:\u00a0The findings of the following analysis are the sole opinions of the writer and shouldn't be considered investment advice On shorter timeframes, a bounce in prices for most of the crypto-market seemed to be inbound as Bitcoin registered some gains recently. Over the past few days, the stock markets across the globe have also seen [\u2026]", "source_name": "AMBCrypto", "date": "Tue, 01 Feb 2022 09:30:45 -0500", "topics": [], "sentiment": "Negative", "type": "Article", "tickers": ["XRP"]}, {"news_url": "https://cryptopotato.com/over-60000-btc-worth-2-4b-stolen-in-the-2016-bitfinex-hack-just-moved/", "image_url": "https://crypto.snapi.dev/images/v1/s/m/bitcoin-move-104494.jpg", "title": "Over 60,000 BTC Worth $2.4B Stolen in the 2016 Bitfinex Hack Just Moved", "text": "The Bitfinex hackers have moved another $2.4 billion worth of the stolen funds to a wallet that now holds over $3.6 billion.", "source_name": "CryptoPotato", "date": "Tue, 01 Feb 2022 09:30:29 -0500", "topics": [], "sentiment": "Negative", "type": "Article", "tickers": ["BTC"]}, {"news_url": "https://www.fool.com/investing/2022/02/01/crypto-crash-1-top-crypto-to-buy-in-a-heartbeat/", "image_url": "https://crypto.snapi.dev/images/v1/d/a/dark-ethereum-104191-104554.jpg", "title": "Crypto Crash: 1 Top Cryptocurrency to Buy in a Heartbeat", "text": "The promise of real-world use cases makes this an easy investing decision.", "source_name": "The Motley Fool", "date": "Tue, 01 Feb 2022 09:30:00 -0500", "topics": [], "sentiment": "Positive", "type": "Article", "tickers": ["ETH"]}, {"news_url": "https://cointelegraph.com/news/can-ethereum-price-reach-4k-after-a-triple-support-bounce", "image_url": "https://crypto.snapi.dev/images/v1/g/m/840-ahr0chm6ly9zmy5jb2ludgvszwdyyxbolmnvbs91cgxvywrzlziwmjitmdivmmmymtcynzytndyznc00mjhmlwi0nzetnjyyzte0zjc2yjgylmpwzw-104492.jpg", "title": "Can Ethereum price reach $4K after a triple-support bounce?", "text": "A combination of multiple support levels, including a 21-month exponential moving average, helped ETH price rebound by nearly 30% from its local bottom.", "source_name": "Cointelegraph", "date": "Tue, 01 Feb 2022 09:25:00 -0500", "topics": [], "sentiment": "Positive", "type": "Article", "tickers": ["ETH"]}, {"news_url": "https://u.today/ethereum-mining-difficulty-hits-fresh-peak-as-eth-price-continues-to-rise?SNAPI", "image_url": "https://crypto.snapi.dev/images/v1/1/n/12410-104490.jpg", "title": "Ethereum Mining Difficulty Hits Fresh Peak as ETH Price Continues to Rise", "text": "Ethereum mining difficulty reaches new peak as ETH price suggests further upside", "source_name": "UToday", "date": "Tue, 01 Feb 2022 09:25:00 -0500", "topics": ["mining"], "sentiment": "Positive", "type": "Article", "tickers": ["ETH"]}, {"news_url": "https://bitcoinmagazine.com/business/microstrategy-buys-660-more-bitcoin-for-25m", "image_url": "https://crypto.snapi.dev/images/v1/8/6/microstrategy-buys-01-percent-of-all-bitcoin-104489.png", "title": "MicroStrategy Kicks Off 2022 With $25M Bitcoin Buy", "text": "The world's largest corporate bitcoin holder now owns over 125,000 bitcoin, bought at an average price of $30,200 each.", "source_name": "Bitcoin Magazine", "date": "Tue, 01 Feb 2022 09:23:15 -0500", "topics": [], "sentiment": "Positive", "type": "Article", "tickers": ["BTC"]}, {"news_url": "https://cryptonews.com/news/bitcoin-fundamentally-different-from-other-cryptos-unlikely-replaced-fidelity.htm", "image_url": "https://crypto.snapi.dev/images/v1/p/1/adobestock-357685399-104488.jpg", "title": "Bitcoin Is 'Fundamentally Different' From Other Cryptos, Unlikely To Be Replaced - Fidelity", "text": "Bitcoin (BTC) is fundamentally different from any other digital asset and no other digital asset is likely to improve upon bitcoin as a monetary good, according to digital asset-focused financial services provider Fidelity Digital Assets.", "source_name": "Cryptonews", "date": "Tue, 01 Feb 2022 09:20:00 -0500", "topics": [], "sentiment": "Positive", "type": "Article", "tickers": ["BTC"]}, {"news_url": "https://www.cryptoninjas.net/2022/02/01/latam-payment-wallet-astropay-integrates-crypto-with-btc-bch-ltc-and-ada/", "image_url": "https://crypto.snapi.dev/images/v1/a/s/astropay-cryptoninjas-104552.jpg", "title": "LATAM payment wallet AstroPay integrates crypto with BTC, BCH, LTC, and ADA", "text": "AstroPay, a Latin American-based online payment service, announced it has integrated cryptocurrency with a new buy and sell option on its app and web app. The AstroPay wallet supports Bitcoin, Bitcoin Cash, Litecoin, and Cardano, and can be acquired in local currencies available in each country or USD.", "source_name": "CryptoNinjas", "date": "Tue, 01 Feb 2022 09:17:12 -0500", "topics": [], "sentiment": "Positive", "type": "Article", "tickers": ["ADA", "BCH", "BTC", "LTC"]}, {"news_url": "https://u.today/ripple-partners-with-fintech-giant-modulr-to-bring-seamless-payments-to-uk-and-eu?SNAPI", "image_url": "https://crypto.snapi.dev/images/v1/o/a/12411-104482.jpg", "title": "Ripple Partners with Fintech Giant Modulr to Bring Seamless Payments to UK and EU", "text": "Ripple DLT behemoth is teaming up with UK-based fintech giant to set up fast payments for businesses in the UK and Europe", "source_name": "UToday", "date": "Tue, 01 Feb 2022 09:11:00 -0500", "topics": [], "sentiment": "Positive", "type": "Article", "tickers": ["XRP"]}, {"news_url": "https://www.fool.com/investing/2022/02/01/most-important-risk-for-bitcoin-investors-2022/", "image_url": "https://crypto.snapi.dev/images/v1/0/c/urlhttps3a2f2fgfoolcdncom2feditorial2fimages2f6636322fgettyimages-1313502074jpgw700opresize-104483.jpg", "title": "The Most Important Risk Bitcoin Investors Should Focus On in 2022", "text": "Based on recent developments, crypto enthusiasts need to pay attention to this one thing.", "source_name": "The Motley Fool", "date": "Tue, 01 Feb 2022 09:09:00 -0500", "topics": [], "sentiment": "Negative", "type": "Article", "tickers": ["BTC"]}, {"news_url": "https://www.dailyfx.com/forex/market_alert/2022/02/01/Bitcoin-Setup-BTCUSD-Bulls-Take-Control-of-the-Trend.html", "image_url": "https://crypto.snapi.dev/images/v1/c/o/crypto19-104499.jpg", "title": "Bitcoin Setup \u2013 BTC/USD Bulls Take Control of the Trend", "text": "Bitcoin (BTC) prices have regained confidence after climbing above channel resistance. With increased geopolitical tensions, risk sentiment may continue to support price action.", "source_name": "DailyFX", "date": "Tue, 01 Feb 2022 09:08:00 -0500", "topics": [], "sentiment": "Positive", "type": "Article", "tickers": ["BTC"]}, {"news_url": "https://cryptobriefing.com/solana-launches-payments-protocol-with-circle-support/?utm_source=main_feed&utm_medium=rss", "image_url": "https://crypto.snapi.dev/images/v1/m/2/solana-city-cover-838x440-104500.jpg", "title": "Solana Launches Payments Protocol With Circle Support", "text": "A new peer-to-peer payments protocol has launched on Solana.", "source_name": "Crypto Briefing", "date": "Tue, 01 Feb 2022 09:03:20 -0500", "topics": [], "sentiment": "Positive", "type": "Article", "tickers": ["SOL"]}, {"news_url": "https://www.theblockcrypto.com/post/132644/solana-pay-launch-payments-protocol-digital-commerce", "image_url": "https://crypto.snapi.dev/images/v1/6/m/20210527-solana-generic-2-800x450-104477.jpg", "title": "Solana Labs launches Solana Pay, a payments protocol for digital commerce", "text": "Solana Labs has launched Solana Pay to let merchants accept crypto payments directly from consumers. The post Solana Labs launches Solana Pay, a payments protocol for digital commerce appeared first on The Block.", "source_name": "The Block", "date": "Tue, 01 Feb 2022 09:00:30 -0500", "topics": [], "sentiment": "Positive", "type": "Article", "tickers": ["SOL"]}, {"news_url": "https://www.coindesk.com/business/2022/02/01/pay-product-looks-to-boost-stablecoin-payments-on-solana/", "image_url": "https://crypto.snapi.dev/images/v1/q/h/syzxybzuwjdc5ghuuwmxagq4am-104480.jpeg", "title": "\u2018Pay' Product Looks to Boost Stablecoin Payments on Solana", "text": "Can Solana Labs' open-source payment plugin pick up where the bitcoin white paper left off?", "source_name": "Coindesk", "date": "Tue, 01 Feb 2022 09:00:00 -0500", "topics": ["stablecoins"], "sentiment": "Positive", "type": "Article", "tickers": ["SOL"]}, {"news_url": "https://u.today/solana-centric-passive-income-platform-flint-goes-live-details?SNAPI", "image_url": "https://crypto.snapi.dev/images/v1/l/u/12404-104479.jpg", "title": "Solana-Centric Passive Income Platform Flint Goes Live: Details", "text": "New passive income instruments are now released for Indian crypto fans in beta", "source_name": "UToday", "date": "Tue, 01 Feb 2022 09:00:00 -0500", "topics": [], "sentiment": "Neutral", "type": "Article", "tickers": ["SOL"]}, {"news_url": "https://cointelegraph.com/news/solana-pay-launches-to-expand-crypto-e-commerce-market", "image_url": "https://crypto.snapi.dev/images/v1/r/w/840-ahr0chm6ly9zmy5jb2ludgvszwdyyxbolmnvbs91cgxvywrzlziwmjitmdevymzkm2mwngyty2fmnc00nmvjlwewodatzje5oteznzeyzdhhlmpwzw-104478.jpg", "title": "Solana Pay launches to expand crypto e-commerce market", "text": "The platform is working alongside popular payments firm Circle to support the adoption of USDC, among other assets, throughout the traditional markets.", "source_name": "Cointelegraph", "date": "Tue, 01 Feb 2022 09:00:00 -0500", "topics": [], "sentiment": "Positive", "type": "Article", "tickers": ["SOL"]}, {"news_url": "https://www.benzinga.com/markets/cryptocurrency/22/02/25333150/bitcoin-beats-american-express-discover-in-2021-transaction-volume-growing-at-torrid-pace?SNAPI", "image_url": "https://crypto.snapi.dev/images/v1/5/0/bitcoin-btc-keychain-104474.jpg", "title": "Bitcoin Beats American Express, Discover In 2021; Transaction Volume Growing At 'Torrid Pace'", "text": "In 2021, the Bitcoin (CRYPTO: BTC) blockchain had processed $3 trillion worth of transactions.", "source_name": "Benzinga", "date": "Tue, 01 Feb 2022 08:59:00 -0500", "topics": [], "sentiment": "Positive", "type": "Article", "tickers": ["BTC"]}, {"news_url": "https://invezz.com/news/2022/02/01/xrp-could-rally-20-after-breaking-past-resistance/", "image_url": "https://crypto.snapi.dev/images/v1/1/f/xrp-enter-button-740x416-104471.jpg", "title": "XRP could rally 20% after breaking past resistance", "text": "The cryptocurrency market has rebounded significantly over the past day. Ripple's native coin, XRP, has made a notable bullish gain, and it is eyeing a further uptrend over the coming days. On January 21, XRP was one of the hardest-hit tokens in the cryptocurrency market. However, almost all coins in the charts were on a [\u2026] The post XRP could rally 20% after breaking past resistance appeared first on Invezz.", "source_name": "Invezz", "date": "Tue, 01 Feb 2022 08:48:19 -0500", "topics": [], "sentiment": "Positive", "type": "Article", "tickers": ["XRP"]}, {"news_url": "https://www.trustnodes.com/2022/02/01/microstrategy-buys-25-million-bitcoin", "image_url": "https://crypto.snapi.dev/images/v1/c/a/michael-saylor-104470.jpg", "title": "MicroStrategy Buys $25 Million Bitcoin", "text": "MicroStrategy just announced they bought 660 bitcoin for $25 million during last month. Michael Saylor, MicroStrategy's CEO, said the average price was $37,865 per bitcoin.", "source_name": "Trustnodes", "date": "Tue, 01 Feb 2022 08:47:08 -0500", "topics": ["paywall"], "sentiment": "Positive", "type": "Article", "tickers": ["BTC"]}, {"news_url": "https://www.benzinga.com/markets/cryptocurrency/22/02/25330143/phunware-employees-receive-5-000-worth-of-bitcoin-and-phuntoken?SNAPI", "image_url": "https://crypto.snapi.dev/images/v1/n/l/photo-1550565118-3a14e8d0386f-1-104473.jpeg", "title": "Phunware Employees Receive $5,000 Worth Of Bitcoin And PhunToken", "text": "Photo by Dmitry Demidko on Unsplash This post contains sponsored advertising content. This content is for informational purposes only and is not intended to be investing advice.", "source_name": "Benzinga", "date": "Tue, 01 Feb 2022 08:45:00 -0500", "topics": [], "sentiment": "Neutral", "type": "Article", "tickers": ["BTC", "PHTK"]}, {"news_url": "https://cryptodaily.co.uk/2022/02/flint-taps-solana-to-provide-fiat-users-with-annual-passive-returns-of-up-to-13-on-stablecoins", "image_url": "https://crypto.snapi.dev/images/v1/k/2/cf6a088b-8913-4761-a290-4f3c3c08449d-104498.jpg", "title": "Flint Taps Solana To Provide Fiat Users With Annual Passive Returns Of Up To 13% On Stablecoins", "text": "Achieving an appealing annual return on a cryptocurrency investment isn't easy, but not impossible either. Traders can explore many methods to achieve this illustrious goal.", "source_name": "Crypto Daily", "date": "Tue, 01 Feb 2022 08:45:00 -0500", "topics": ["stablecoins"], "sentiment": "Neutral", "type": "Article", "tickers": ["SOL"]}, {"news_url": "https://www.benzinga.com/markets/cryptocurrency/22/02/25330647/el-salvador-wont-bow-to-imf-pressure-to-drop-bitcoin-legal-tender-treasury-minister?SNAPI", "image_url": "https://crypto.snapi.dev/images/v1/q/h/el-salvador-jorge-quinteros-104472.jpg", "title": "El Salvador Won't Bow To IMF Pressure To Drop Bitcoin Legal Tender: Treasury Minister", "text": "El Salvador's treasury minister Alejandro Zelaya recently expressed his anger over the International Monetary Fund's (IMF) sustained pressure to drop Bitcoin (CRYPTO: BTC) as legal tender in his country, and said that it will have no result.", "source_name": "Benzinga", "date": "Tue, 01 Feb 2022 08:45:00 -0500", "topics": ["regulations"], "sentiment": "Negative", "type": "Article", "tickers": ["BTC"]}, {"news_url": "https://markets.businessinsider.com/news/currencies/microstrategy-mstr-bitcoin-stake-660-25-million-michael-saylor-crypto-2022-2", "image_url": "https://crypto.snapi.dev/images/v1/p/e/61f938d3415c3f0018d3e22dformatjpeg-104508.jpg", "title": "MicroStrategy just bought 660 more bitcoins, boosting its stake to $3.78 billion", "text": "The enterprise software company now holds 125,051 bitcoins, acquired for around $3.78 billion at an aggregate purchase price of $30,200 per coin.", "source_name": "Business Insider", "date": "Tue, 01 Feb 2022 08:39:00 -0500", "topics": ["bitcoin"], "sentiment": "Positive", "type": "Article", "tickers": ["BTC"]}, {"news_url": "https://cryptopotato.com/microstrategy-purchased-660-more-btc-for-25-million/", "image_url": "https://crypto.snapi.dev/images/v1/g/h/microstrategy-cover-104465.jpg", "title": "MicroStrategy Purchased 660 More BTC for $25 Million", "text": "MicroStrategy continues with its frequent bitcoin purchases, with another one worth $25 million.", "source_name": "CryptoPotato", "date": "Tue, 01 Feb 2022 08:31:36 -0500", "topics": [], "sentiment": "Positive", "type": "Article", "tickers": ["BTC"]}, {"news_url": "https://u.today/solana-leads-green-day-on-crypto-market-with-17-price-increase-luna-and-dot-follow?SNAPI", "image_url": "https://crypto.snapi.dev/images/v1/c/b/12407-104464.jpg", "title": "Solana Leads Green Day on Crypto Market with 17% Price Increase, LUNA and DOT Follow", "text": "Solana, LUNA and DOT are among leaders despite negative weekly performance", "source_name": "UToday", "date": "Tue, 01 Feb 2022 08:31:00 -0500", "topics": [], "sentiment": "Positive", "type": "Article", "tickers": ["LUNA", "SOL", "DOT"]}, {"news_url": "https://www.theblockcrypto.com/linked/132634/microstrategy-buys-more-bitcoin-for-25-million", "image_url": "https://crypto.snapi.dev/images/v1/f/0/20200923-michael-saylor-bitcoin-daily-800x450-104462.jpg", "title": "MicroStrategy buys more bitcoin for $25 million", "text": "MicroStrategy continues its bitcoin buying spree. It has bought additional 660 bitcoins for around 25 million in cash. The post MicroStrategy buys more bitcoin for $25 million appeared first on The Block.", "source_name": "The Block", "date": "Tue, 01 Feb 2022 08:28:23 -0500", "topics": [], "sentiment": "Positive", "type": "Article", "tickers": ["BTC"]}, {"news_url": "https://www.cryptopolitan.com/polkadot-price-analysis-2022-02-01/", "image_url": "https://crypto.snapi.dev/images/v1/h/a/dot-104461.jpg", "title": "Polkadot price analysis: DOT consolidates above $19, an upwards breakout possible?", "text": "TL;DR Breakdown Price has increased up to $19.66 level. Polkadot price analysis predicts a bullish trend.", "source_name": "Cryptopolitan", "date": "Tue, 01 Feb 2022 08:26:23 -0500", "topics": ["tanalysis"], "sentiment": "Positive", "type": "Article", "tickers": ["DOT"]}, {"news_url": "https://coingape.com/breaking-microstrategy-mstr/", "image_url": "https://crypto.snapi.dev/images/v1/p/i/michael-saylor-microstrategy-bitcoin-btc-104460.jpg", "title": "Breaking: MicroStrategy ($MSTR) Buys Another 660 Bitcoins; Over $1 Billion Profit in Bitcoin So Far", "text": "MicroStrategy CEO Michael Saylor today announced that his firm has purchased an additional 660 bitcoins for ~$25.0 million in cash today. MicroStrategy bought these Bitcoin at an average price of ~$37,865 per bitcoin.", "source_name": "Coingape", "date": "Tue, 01 Feb 2022 08:25:06 -0500", "topics": ["bitcoin"], "sentiment": "Positive", "type": "Article", "tickers": ["BTC"]}, {"news_url": "https://cointelegraph.com/news/bitcoin-whales-buy-at-38k-as-btc-supply-per-whale-hits-10-year-high", "image_url": "https://crypto.snapi.dev/images/v1/2/d/840-ahr0chm6ly9zmy5jb2ludgvszwdyyxbolmnvbs91cgxvywrzlziwmjitmdivmjlkzdzknmetnje3zi00owzhlwjlmwqtmja5nzc0mwq2mwjmlmpwzw-104457.jpg", "title": "Bitcoin whales buy at $38K as BTC supply per whale hits 10-year high", "text": "Big investors are betting big on Bitcoin price strength, but the same cannot be said for the average exchange user.", "source_name": "Cointelegraph", "date": "Tue, 01 Feb 2022 08:22:00 -0500", "topics": ["whales"], "sentiment": "Neutral", "type": "Article", "tickers": ["BTC"]}, {"news_url": "https://cryptoticker.io/en/india-legalizes-crypto-bitcoin-price-move-btc-40k/", "image_url": "https://crypto.snapi.dev/images/v1/s/9/india-crypto-ban-104456.jpg", "title": "India Legalizes Cryptos and Bitcoin ON THE MOVE! $BTC 40K NOW?", "text": "Big news for the cryptocurrency community! After months of confusion, India, which was one of the countries that banned cryptocurrencies, submits to reality and backs off from its decision.", "source_name": "CryptoTicker", "date": "Tue, 01 Feb 2022 08:19:35 -0500", "topics": [], "sentiment": "Positive", "type": "Article", "tickers": ["BTC"]}, {"news_url": "https://www.coindesk.com/business/2022/02/01/microstrategy-buys-additional-25m-worth-of-bitcoin-during-market-dip/", "image_url": "https://crypto.snapi.dev/images/v1/x/4/lcuz2dwt3fdr5ebe6zggysr4he-104459.jpg", "title": "MicroStrategy Buys Additional $25M Worth of Bitcoin During Market Dip", "text": "As of Jan. 31, the company held about 125,051 bitcoins purchased at an average price of $30,200.", "source_name": "Coindesk", "date": "Tue, 01 Feb 2022 08:17:00 -0500", "topics": [], "sentiment": "Positive", "type": "Article", "tickers": ["BTC"]}], "total_pages": 39}