{"data": [{"news_url": "https://cryptonews.com/news/microstrategy-begins-2022-by-spending-usd-25m-bitcoin.htm", "image_url": "https://crypto.snapi.dev/images/v1/a/p/4e7af61666-media-library-original-900-514-104458.jpeg", "title": "MicroStrategy Begins 2022 by Spending USD 25M on Bitcoin", "text": "US-based software company MicroStrategy said it increased its bitcoin (BTC) stash to BTC 125,051 as it bought an additional BTC 660 for USD 25m.", "source_name": "Cryptonews", "date": "Tue, 01 Feb 2022 08:17:00 -0500", "topics": [], "sentiment": "Positive", "type": "Article", "tickers": ["BTC"]}, {"news_url": "https://cryptonews.com/news/multiple-bearish-news-strikes-btcs-fall-will-continue-heres-how-profit-bear-market.htm", "image_url": "https://crypto.snapi.dev/images/v1/t/j/unnamed-18-104455.png", "title": "Multiple Bearish News Strikes BTC's Fall Will Continue, Here's How to Profit in Bear Market", "text": "Disclaimer: The text below is an advertorial article that was not written by Cryptonews.com journalists.", "source_name": "Cryptonews", "date": "Tue, 01 Feb 2022 08:15:00 -0500", "topics": [], "sentiment": "Negative", "type": "Article", "tickers": ["BTC"]}, {"news_url": "https://www.theblockcrypto.com/post/132617/crypto-market-stages-comeback-with-solana-terra-leading-rally", "image_url": "https://crypto.snapi.dev/images/v1/e/0/20210104-trading-desks-hiring-daily-800x450-104452.png", "title": "Crypto market stages comeback with Solana, Terra leading rally", "text": "Solana and Terra were both trading up by double digits at the time of writing\u2014a reversal from the brutal January for coins. The post Crypto market stages comeback with Solana, Terra leading rally appeared first on The Block.", "source_name": "The Block", "date": "Tue, 01 Feb 2022 08:09:02 -0500", "topics": [], "sentiment": "Positive", "type": "Article", "tickers": ["LUNA", "SOL"]}, {"news_url": "https://u.today/microstrategy-buys-another-25-million-worth-of-bitcoin?SNAPI", "image_url": "https://crypto.snapi.dev/images/v1/s/e/bitcoin-genesis-block-istock-1145592969-640x400-104158-104451.jpeg", "title": "MicroStrategy Buys Another $25 Million Worth of Bitcoin", "text": "MicroStratety has added more Bitcoin to its stash", "source_name": "UToday", "date": "Tue, 01 Feb 2022 08:09:00 -0500", "topics": [], "sentiment": "Positive", "type": "Article", "tickers": ["BTC"]}, {"news_url": "https://coinpedia.org/price-analysis/what-the-in-store-for-bitcoinbtc-ethereumeth-price/", "image_url": "https://crypto.snapi.dev/images/v1/3/i/crypto17-104443.jpg", "title": "Here's What the In-Store For Bitcoin(BTC) & Ethereum(ETH) Price In The Month Of February!\u00a0", "text": "The crypto space was overwhelmed with a bullish monthly close of the top 2 crypto assets and hope for a greener February ahead. Yet the prices also showcased a huge possibility of going parabolic to hit the highs very soon. Despite February being a profitable month in the past, the current year may showcase a \u2026", "source_name": "CoinPedia", "date": "Tue, 01 Feb 2022 07:46:24 -0500", "topics": [], "sentiment": "Negative", "type": "Article", "tickers": ["BTC", "ETH"]}, {"news_url": "https://www.benzinga.com/markets/cryptocurrency/22/02/25329139/has-bitcoin-confirmed-reversal-and-is-ethereum-in-sideways-consolidation-heres-what-the-ex?SNAPI", "image_url": "https://crypto.snapi.dev/images/v1/a/n/image-1-7-104442.png", "title": "Has Bitcoin Confirmed Reversal And Is Ethereum In Sideways Consolidation? Here's What The Experts Are Saying", "text": "As Bitcoin (CRYPTO: BTC), Ethereum (CRYPTO: ETH) and other major cryptocurrencies traded higher on Monday evening, four analysts and ex", "source_name": "Benzinga", "date": "Tue, 01 Feb 2022 07:43:00 -0500", "topics": [], "sentiment": "Neutral", "type": "Article", "tickers": ["BTC", "ETH"]}, {"news_url": "https://beincrypto.com/ethereum-eth-bounces-at-2350-support/", "image_url": "https://crypto.snapi.dev/images/v1/k/7/bic-artwork-pool-mine-ethereumjpgoptimal-104436.jpg", "title": "Ethereum (ETH) Bounces At $2,350 Support", "text": "Ethereum (ETH) has been moving upwards since rebounding from support at $2,350 on Jan 24 but still has yet to confirm that a bullish trend reversal has begun. The post Ethereum (ETH) Bounces At $2,350 Support appeared first on BeInCrypto.", "source_name": "BeInCrypto", "date": "Tue, 01 Feb 2022 07:30:42 -0500", "topics": [], "sentiment": "Positive", "type": "Article", "tickers": ["ETH"]}, {"news_url": "https://en.cryptonomist.ch/2022/02/01/texas-governor-power-grid-bitcoin-mining/", "image_url": "https://crypto.snapi.dev/images/v1/l/d/mining-bitcoin-300x200-104437.jpg", "title": "Texas governor to strengthen power grid with Bitcoin mining", "text": "After China's ban on cryptocurrency mining, Texas has become a favorite for Bitcoin miners because of its great accessibility to cheap energy", "source_name": "The Cryptonomist", "date": "Tue, 01 Feb 2022 07:27:13 -0500", "topics": ["mining"], "sentiment": "Positive", "type": "Article", "tickers": ["BTC"]}, {"news_url": "https://www.dcforecasts.com/bitcoin-news/the-2-5b-stolen-btc-from-bitfinex-is-on-the-move-report/", "image_url": "https://crypto.snapi.dev/images/v1/b/c/26a0-104431.png", "title": "The $2.5B Stolen BTC From Bitfinex Is On The Move: Report", "text": "The $2.5B stolen BTC from Bitfinex exchange is on the move according to blockchain analytics bot Whale Alert so let's read further in our latest Bitcoin news. The receiving wallet address holds more than 90,000 BTC worth $3.6 billion.", "source_name": "DCForecasts", "date": "Tue, 01 Feb 2022 07:26:52 -0500", "topics": [], "sentiment": "Negative", "type": "Article", "tickers": ["BTC"]}, {"news_url": "https://www.dcforecasts.com/altcoin-news/sol-surged-17-after-coinbase-listed-two-solana-based-tokens/", "image_url": "https://crypto.snapi.dev/images/v1/c/g/where-to-buy-solana-sol-coin-102936-104429.jpg", "title": "SOL Surged 17% After Coinbase Listed Two Solana-based Tokens", "text": "SOL surged 17% after Coinbase listed two Solana-based tokens for the first time as we can see further in our latest coinbase news. SOL surged 17% in the past 24 hours to regain $100 and even go above after coinbase listed two Solana-based tokens.", "source_name": "DCForecasts", "date": "Tue, 01 Feb 2022 07:22:59 -0500", "topics": [], "sentiment": "Positive", "type": "Article", "tickers": ["SOL"]}, {"news_url": "https://www.dcforecasts.com/bitcoin-news/btc-trading-volume-crashing-suggests-sellers-are-giving-up/", "image_url": "https://crypto.snapi.dev/images/v1/r/2/rythik-a-p-6tfvgf8-unsplash-2-103700-103888-104144-104426.jpg", "title": "BTC Trading Volume Crashing Suggests Sellers Are Giving Up", "text": "The BTC trading volume crashing suggests that sellers are giving up and the price is down by 50% from its all-time high recorded in November 2021 so let's read further in our latest Bitcoin news. The latest market crash has been felt by the BTC holders according to the analysis of the BTC trading volumes [\u2026]", "source_name": "DCForecasts", "date": "Tue, 01 Feb 2022 07:15:27 -0500", "topics": [], "sentiment": "Negative", "type": "Article", "tickers": ["BTC"]}, {"news_url": "https://cointelegraph.com/news/another-solo-bitcoin-miner-solves-valid-block-making-it-fourth-in-2022", "image_url": "https://crypto.snapi.dev/images/v1/s/b/840-ahr0chm6ly9zmy5jb2ludgvszwdyyxbolmnvbs91cgxvywrzlziwmjitmdivmjbkmza3mgqtzte5yi00zwvjltkzngutnjy2ntazzge4zmfilmpwzw-104427.jpg", "title": "Another solo Bitcoin miner solves valid block, making it fourth in 2022", "text": "A 'whale' solo Bitcoin miner with a whopping 1.14PH/s computing power solved a valid block on Tuesday.", "source_name": "Cointelegraph", "date": "Tue, 01 Feb 2022 07:15:19 -0500", "topics": ["mining"], "sentiment": "Neutral", "type": "Article", "tickers": ["BTC"]}, {"news_url": "https://cryptopotato.com/eth-rallies-30-since-last-weeks-lows-is-3000-incoming-ethereum-price-analysis/", "image_url": "https://crypto.snapi.dev/images/v1/i/l/ethusd-2022-02-01-13-35-54-104425.png", "title": "ETH Rallies 30% Since Last Week's Lows, Is $3,000 Incoming? (Ethereum Price Analysis)", "text": "ETH managed to rally towards the next major key resistance level at $2,800. So far, since recording a bottom of $2160 just a week ago, Ethereum's price had seen massive 30% gains.", "source_name": "CryptoPotato", "date": "Tue, 01 Feb 2022 07:12:44 -0500", "topics": ["tanalysis"], "sentiment": "Positive", "type": "Article", "tickers": ["ETH"]}, {"news_url": "https://cryptonews.com/news/bitcoin-ethereum-consolidate-gains-sol-inches-higher.htm", "image_url": "https://crypto.snapi.dev/images/v1/q/a/840-ahr0chm6ly9zmy5jb2ludgvszwdyyxbolmnvbs91cgxvywrzlziwmjitmdevmdc2ywnjndgtmjkxzs00ztniltk0mwetztu1nmq2mdnlnwm5lmpwzw-103934-104424.jpg", "title": "Bitcoin and Ethereum Consolidate Gains, SOL Inches Higher", "text": "Bitcoin price settled above the USD 38,000 level and extended rally. BTC even climbed above the USD 38,800 level, but upsides were limited above USD 39,000. It is currently (11:56 UTC) consolidating and eyeing more gains above USD 38,500.", "source_name": "Cryptonews", "date": "Tue, 01 Feb 2022 07:07:00 -0500", "topics": [], "sentiment": "Positive", "type": "Article", "tickers": ["BTC", "ETH", "SOL"]}, {"news_url": "https://www.dcforecasts.com/bitcoin-news/el-salvador-strikes-back-at-demands-to-drop-bitcoin-report/", "image_url": "https://crypto.snapi.dev/images/v1/w/0/naib-104423.png", "title": "El Salvador Strikes Back At Demands To Drop Bitcoin: Report", "text": "El Salvador strikes back at the demands from the IMF to drop Bitcoin as an affront to the nation's sovereignty so let's read more in our latest bitcoin news today. Finance Minister Alejandro Zelaya responded to the recent demands from the International Monetary Fund after they urged El Salvador to drop the crypto's legal status [\u2026]", "source_name": "DCForecasts", "date": "Tue, 01 Feb 2022 07:04:17 -0500", "topics": [], "sentiment": "Negative", "type": "Article", "tickers": ["BTC"]}, {"news_url": "https://www.dcforecasts.com/ethereum-news/digital-artist-pak-will-launch-eth-nft-to-free-julian-assange/", "image_url": "https://crypto.snapi.dev/images/v1/4/b/ethereum-price-analysis-2022-02-03-105393-106339-104421.png", "title": "Digital Artist Pak Will Launch ETH NFT To Free Julian Assange", "text": "The well known digital artist \u201cPak\u201d announced that he will launch an Ethereum NFT in a collaboration with WikiLeaks in order to free Julian Assange so let's read further in our latest Ethereum news. The new collection \u201cCensored\u201d is set to launch on February 7 and the digital artist \u201cPak\u201d aims to free Julian Assange.", "source_name": "DCForecasts", "date": "Tue, 01 Feb 2022 06:55:52 -0500", "topics": ["NFT"], "sentiment": "Neutral", "type": "Article", "tickers": ["ETH"]}, {"news_url": "https://www.dcforecasts.com/altcoin-news/ethereum-killers-sol-avax-and-terra-crashed-in-january/", "image_url": "https://crypto.snapi.dev/images/v1/w/f/urlhttps3a2f2fgfoolcdncom2feditorial2fimages2f6623622fchart-droppingjpgw700opresize-101158-104418.jpg", "title": "Ethereum Killers SOL, AVAX And Terra Crashed In January", "text": "Ethereum killers SOL, AVAX and Terra all crashed in January and lost about one-third of their value at the start of the new year so let's read further in our latest altcoin news today. Ethereum killers are blockchain networks that use smart contracts to enable DEFI, NFTs, and other applications and it turned out that [\u2026]", "source_name": "DCForecasts", "date": "Tue, 01 Feb 2022 06:51:49 -0500", "topics": [], "sentiment": "Negative", "type": "Article", "tickers": ["AVAX", "ETH", "LUNA", "SOL"]}, {"news_url": "https://cryptoticker.io/en/ethereum-price-through-the-roof-when-will-eth-reach-3k-again/", "image_url": "https://crypto.snapi.dev/images/v1/a/f/ethereum-6286124-1280-104416.jpg", "title": "Ethereum Price THROUGH THE ROOF! When will $ETH reach 3K again?", "text": "Every crypto trader and investor loves seeing green colors across crypto aggregators. Ethereum price specifically soared by +8% in the past 24 hours, and managed to recoup some losses.", "source_name": "CryptoTicker", "date": "Tue, 01 Feb 2022 06:42:13 -0500", "topics": [], "sentiment": "Neutral", "type": "Article", "tickers": ["ETH"]}, {"news_url": "https://decrypt.co/91678/el-salvador-fires-back-imf-amid-bitcoin-row", "image_url": "https://crypto.snapi.dev/images/v1/r/t/shutterstock-355181147-gid-2-104417.jpg", "title": "El Salvador Fires Back at IMF Amid Bitcoin Row", "text": "El Salvador has responded to the International Monetary Fund's recent critique of its government's Bitcoin policy.", "source_name": "Decrypt", "date": "Tue, 01 Feb 2022 06:39:53 -0500", "topics": [], "sentiment": "Negative", "type": "Article", "tickers": ["BTC"]}, {"news_url": "https://invezz.com/news/2022/02/01/internet-computer-price-forecast-how-will-the-btc-and-eth-integration-shape-the-value-of-icp/", "image_url": "https://crypto.snapi.dev/images/v1/e/6/internet-computer-003-scaled-104394.jpg", "title": "Internet Computer price forecast: how will the BTC and ETH integration shape the value of ICP?", "text": "Internet Computer ICP/USD is a blockchain network that runs at web speed and serves content on the web.\u00a0 It was created as a means of enabling developers, organizations as well as other parties to build and deploy secure, autonomous, and tamper-proof canisters. ICP is the native cryptocurrency token that powers it. The BTC and ETH [\u2026] The post Internet Computer price forecast: how will the BTC and ETH integration shape the value of ICP? appeared first on Invezz.", "source_name": "Invezz", "date": "Tue, 01 Feb 2022 06:29:34 -0500", "topics": [], "sentiment": "Neutral", "type": "Article", "tickers": ["BTC", "ETH", "ICP"]}, {"news_url": "https://coingape.com/markets/98949-2/", "image_url": "https://crypto.snapi.dev/images/v1/0/c/bitcoin-price-prediction-1-104384.jpg", "title": "Bitcoin (BTC) Price Sluggish Below $40k", "text": "Bitcoin (BTC) price looks tired on the first trading day of the new month. The price opened higher but was not able to sustain the higher levels.", "source_name": "Coingape", "date": "Tue, 01 Feb 2022 06:21:10 -0500", "topics": [], "sentiment": "Negative", "type": "Article", "tickers": ["BTC"]}, {"news_url": "https://www.trustnodes.com/2022/02/01/india-publishes-bill-legalizing-bitcoin", "image_url": "https://crypto.snapi.dev/images/v1/g/s/india-budget-104383.jpg", "title": "India Publishes Bill Legalizing Bitcoin", "text": "After years of debate, a temporary ban by the Central Bank, a Supreme Court ruling and rumors of a ban by the Parliament, India has finally moved to officially classify.", "source_name": "Trustnodes", "date": "Tue, 01 Feb 2022 06:17:06 -0500", "topics": ["paywall"], "sentiment": "Positive", "type": "Article", "tickers": ["BTC"]}, {"news_url": "https://cryptopotato.com/fidelity-digital-assets-bitcoin-is-superior-money/", "image_url": "https://crypto.snapi.dev/images/v1/9/v/bitcoin-flash-cover-104379.jpg", "title": "Fidelity Digital Assets: Bitcoin Is Superior Money", "text": "Fidelity believes new crypto investors should consider bitcoin because it is superior money.", "source_name": "CryptoPotato", "date": "Tue, 01 Feb 2022 06:11:54 -0500", "topics": [], "sentiment": "Positive", "type": "Article", "tickers": ["BTC"]}, {"news_url": "https://www.cryptoglobe.com/latest/2022/02/raoul-pal-gives-the-real-reason-he-reduced-btc-holdings-to-just-one-bitcoin/", "image_url": "https://crypto.snapi.dev/images/v1/m/f/ethereum-6293700-1920-104380.jpg", "title": "Ex-Goldman Exec Raoul Pal Gives Real Reason He Reduced BTC Holdings to One Bitcoin", "text": "On Monday (January 31), former Goldman Sachs executive\u00a0Raoul Pal\u00a0explained why he currently holds very little Bitcoin even though back in October 2020 he was so bullish that he claimed \u201cBitcoin is eating the world.\u201d Prior to founding macro economic and investment strategy research service\u00a0Global Macro Investor (GMI)\u00a0in 2005, Pal\u00a0co-managed the GLG Global Macro Fund in [\u2026]", "source_name": "CryptoGlobe", "date": "Tue, 01 Feb 2022 06:10:58 -0500", "topics": [], "sentiment": "Positive", "type": "Article", "tickers": ["BTC"]}, {"news_url": "https://decrypt.co/91668/layer-1-networks-solana-tezos-terra-kick-off-february-bang", "image_url": "https://crypto.snapi.dev/images/v1/c/x/bitcoin-bulls-price-back-up-pump-gid-4-104378.jpg", "title": "Layer 1 Networks Solana, Tezos, Terra Kick Off February With a Bang", "text": "Several popular layer 1 cryptocurrencies including SOL, XTZ, and LUNA have enjoyed double-digit gains after a bearish month for the wider market.\u00a0", "source_name": "Decrypt", "date": "Tue, 01 Feb 2022 06:06:45 -0500", "topics": [], "sentiment": "Positive", "type": "Article", "tickers": ["LUNA", "SOL", "XTZ"]}, {"news_url": "https://www.benzinga.com/markets/cryptocurrency/22/02/25328630/as-bitcoin-ethereum-dogecoin-and-other-top-100-coins-suffered-massive-losses-in-january-th?SNAPI", "image_url": "https://crypto.snapi.dev/images/v1/9/7/michael-fortsch-azsi1uxm760-unsplash-104370.jpg", "title": "As Bitcoin, Ethereum, Dogecoin And Other Top 100 Coins Suffered Massive Losses In January \u2014 This Crypto Managed To Post A 10% Gain", "text": "FTX Token (FTT), the native token of the eponymous cryptocurrency derivatives exchange, eked out a near 10% gain in January even as Bitcoin (CRYPTO: BTC), Ethereum (CRYPTO: ETH), and Dogecoin (", "source_name": "Benzinga", "date": "Tue, 01 Feb 2022 05:59:00 -0500", "topics": [], "sentiment": "Neutral", "type": "Article", "tickers": ["BTC", "DOGE", "ETH"]}, {"news_url": "https://coinpedia.org/ripple/will-xrp-price-be-limited-to-sub-1-mark/", "image_url": "https://crypto.snapi.dev/images/v1/b/q/crypto14-104369.jpg", "title": "\u00a0Will XRP Price Be Limited To Sub $1 Mark? This Act by Ripple is Hindering XRP Price Rally!", "text": "The global coin market's top-tier asset XRP is back in the spotlight, amidst the scuttle in the business. The lawsuit stricken digital asset has been making noise across public platforms. As the digital coin spectates an increasing number of transfers, amidst the gargantuan amount of digital coins being unlocked from the Escrow wallet. While the \u2026", "source_name": "CoinPedia", "date": "Tue, 01 Feb 2022 05:57:52 -0500", "topics": [], "sentiment": "Positive", "type": "Article", "tickers": ["XRP"]}, {"news_url": "https://u.today/one-billion-xrp-unlocked-as-ripple-injects-more-coins-in-circulation?SNAPI", "image_url": "https://crypto.snapi.dev/images/v1/c/f/12402-104368.jpg", "title": "One Billion XRP Unlocked as Ripple Injects More Coins in Circulation", "text": "Ripple tech behemoth has unleashed another massive portion of XRP tokens and moved 20 million to one of its ODL corridors", "source_name": "UToday", "date": "Tue, 01 Feb 2022 05:57:00 -0500", "topics": [], "sentiment": "Neutral", "type": "Article", "tickers": ["XRP"]}, {"news_url": "https://www.theblockcrypto.com/post/132565/bitcoin-moved-2016-bitfinex-hackers-almost-all-now-transferred", "image_url": "https://crypto.snapi.dev/images/v1/c/h/210930-bitcoin-mining-general-800x450-104366.jpg", "title": "Bitcoin worth $2.5 billion moved by 2016 Bitfinex hackers: Almost all funds now transferred", "text": "Bitfinex hackers who stole funds from the crypto exchange in 2016 have moved 64,643 bitcoins (worth nearly $2.5 billion at current prices). The post Bitcoin worth $2.5 billion moved by 2016 Bitfinex hackers: Almost all funds now transferred appeared first on The Block.", "source_name": "The Block", "date": "Tue, 01 Feb 2022 05:55:36 -0500", "topics": [], "sentiment": "Negative", "type": "Article", "tickers": ["BTC"]}, {"news_url": "https://en.cryptonomist.ch/2022/02/01/polkadot-become-official-sponsor-barcelona-fc/", "image_url": "https://crypto.snapi.dev/images/v1/0/q/barcellona-polkadot-300x200-104377.jpg", "title": "Polkadot on the list to become official sponsor of Barcelona FC", "text": "The Catalan soccer team could soon have DOT on its shirts", "source_name": "The Cryptonomist", "date": "Tue, 01 Feb 2022 05:49:43 -0500", "topics": [], "sentiment": "Neutral", "type": "Article", "tickers": ["DOT"]}, {"news_url": "https://coinpedia.org/bitcoin/bitcoin-btc-price-to-hit-ath-in-march/", "image_url": "https://crypto.snapi.dev/images/v1/v/k/crypto13-104355.jpg", "title": "Bitcoin (BTC) Price To Hit ATH In March! But A Major Pullback Is Inevitable?", "text": "The coin market has been waking up to varied opinions and market assumptions of folks from the business. The metrics such as on-chain data, price movements, sentiments, and investments have been dubious off-late. While some have been bullish, others have been weighing heavier on the side of the bears. Successively, the master of the business, \u2026", "source_name": "CoinPedia", "date": "Tue, 01 Feb 2022 05:24:47 -0500", "topics": [], "sentiment": "Positive", "type": "Article", "tickers": ["BTC"]}, {"news_url": "https://coinidol.com/ripple-0-63-high/", "image_url": "https://crypto.snapi.dev/images/v1/t/1/6888b387ca53dbdf34207e8b3e7ef32e-104363.jpg", "title": "Ripple Declines Steadily as Buyers Fail to Push XRP above $0.63 High", "text": "The price of Ripple (XRP) has been trading in a range that fluctuates between $0.57 and $0.63. Buyers have been trying harder than sellers to break the range, but without success.", "source_name": "Coin Idol", "date": "Tue, 01 Feb 2022 05:24:00 -0500", "topics": [], "sentiment": "Negative", "type": "Article", "tickers": ["XRP"]}, {"news_url": "https://www.crypto-reporter.com/newsfeed/modulr-and-ripple-announce-strategic-partnership-to-enable-seamless-payments-into-the-uk-and-europe-25100/", "image_url": "https://crypto.snapi.dev/images/v1/x/r/xrp-2-300x200-102633-104414.jpg", "title": "Modulr and Ripple Announce Strategic Partnership to Enable Seamless Payments Into the UK and Europe", "text": "Trust Payments first company to harness Modulr-Ripple technology LONDON--(BUSINESS WIRE)--Today, leading payments platform Modulr announced a partnership with Ripple, the leader in enterprise blockchain and crypto solutions, to enable seamless payment...", "source_name": "Crypto Reporter", "date": "Tue, 01 Feb 2022 05:19:35 -0500", "topics": [], "sentiment": "Positive", "type": "Article", "tickers": ["XRP"]}, {"news_url": "https://dailyhodl.com/2022/02/01/xrp-uniswap-uni-the-graph-grt-and-three-more-altcoins-approaching-opportunity-zones-santiment/", "image_url": "https://crypto.snapi.dev/images/v1/f/d/xrp-grt-uni-opportunityjpgfit10242c600ssl1-104354.jpg", "title": "XRP, Uniswap (UNI), the Graph (GRT) and Three More Altcoins Approaching \u2018Opportunity Zones': Santiment", "text": "Analytics firm Santiment is highlighting possible entry points for half a dozen altcoins amid a general downtrend which has given the crypto markets an extended pullback throughout January. In its weekly Insights newsletter, Santiment says that while most crypto investors are feeling pain, opportunities exist for those with patience and some handy cash. The data [\u2026] The post XRP, Uniswap (UNI), the Graph (GRT) and Three More Altcoins Approaching \u2018Opportunity Zones': Santiment appeared first on The Daily Hodl.", "source_name": "The Daily Hodl", "date": "Tue, 01 Feb 2022 05:15:37 -0500", "topics": [], "sentiment": "Positive", "type": "Article", "tickers": ["GRT", "UNI", "XRP"]}, {"news_url": "https://www.cryptopolitan.com/el-salvador-rejects-proposal-of-imf/", "image_url": "https://crypto.snapi.dev/images/v1/k/n/photo-2022-02-01-10-06-53-104353.jpg", "title": "El Salvador rejects IMF's proposal to remove Bitcoin as a legal tender", "text": "TL/DR: Breakdown El Salvador Finance minister firmly dismissed IMFs bid to drop Bitcoin as a legal tender. The IMF stated that Bitcoin could cause financial instabillity, amongst others.", "source_name": "Cryptopolitan", "date": "Tue, 01 Feb 2022 05:14:00 -0500", "topics": [], "sentiment": "Negative", "type": "Article", "tickers": ["BTC"]}, {"news_url": "https://u.today/january-becomes-worst-month-for-bitcoin-since-2018?SNAPI", "image_url": "https://crypto.snapi.dev/images/v1/t/1/12394-0-104350.jpg", "title": "January Becomes Worst Month for Bitcoin Since 2018", "text": "Not a great start, 2022", "source_name": "UToday", "date": "Tue, 01 Feb 2022 05:05:00 -0500", "topics": [], "sentiment": "Negative", "type": "Article", "tickers": ["BTC"]}, {"news_url": "https://www.cryptopolitan.com/fidelity-wants-bitcoin-treated-specially/", "image_url": "https://crypto.snapi.dev/images/v1/4/l/41e1e67f-d801-4b79-94f6-567c7ff492b9-104349.jpeg", "title": "Fidelity wants Bitcoin treated specially", "text": "TL; DR Breakdown Fidelity wants special treatment for Bitcoin The firm released its Bitcoin First 2022 report More investment will adopt Bitcoin in the future Since its inception, Bitcoin has led the crypto market as the market is flush with other assets every year. With this, most tokens mirror the trading activity of the leading [\u2026]", "source_name": "Cryptopolitan", "date": "Tue, 01 Feb 2022 05:02:54 -0500", "topics": [], "sentiment": "Neutral", "type": "Article", "tickers": ["BTC"]}, {"news_url": "https://www.investingcube.com/solanas-phantom-wallet-raises-109-million-in-funding-launches-ios-app/", "image_url": "https://crypto.snapi.dev/images/v1/j/0/phantom-wallet-104347.png", "title": "Solana's Phantom Wallet Raises $109 Million in Funding, Launches iOS App", "text": "Solana's Phantom wallet has just raised $109 million to fund its growth. What is the significance of this and how will it impact the wallet?", "source_name": "InvestingCube", "date": "Tue, 01 Feb 2022 04:55:14 -0500", "topics": [], "sentiment": "Neutral", "type": "Article", "tickers": ["SOL"]}, {"news_url": "https://coinpedia.org/price-analysis/solana-fake-break-out-sol-price-poised-to-plunge-to-70-with-deathcross-ahead-%ef%bf%bc/", "image_url": "https://crypto.snapi.dev/images/v1/w/w/crypto10-104345.jpg", "title": "Solana Fake Break Out! SOL Price Poised to Plunge to $70 With DeathCross Ahead\u00a0\u00a0\ufffc", "text": "The SOL/USD price has significantly increased today; on February 1, 2022, the price rose from $99 to $106 while maintaining this momentum as it continues to grow in value. SOL price surge after Coinbase listed two tokens (ORCA and FIDA) \u00a0of the Solana ecosystem.\u00a0 Solana Price has been up 17.42% in the last 24 hours, \u2026", "source_name": "CoinPedia", "date": "Tue, 01 Feb 2022 04:50:08 -0500", "topics": [], "sentiment": "Positive", "type": "Article", "tickers": ["SOL"]}, {"news_url": "https://u.today/40785-btc-transferred-as-bitcoin-reaches-39000-a-historically-strong-sign-for-price?SNAPI", "image_url": "https://crypto.snapi.dev/images/v1/y/m/12398-104344.jpg", "title": "40,785 BTC Transferred as Bitcoin Reaches $39,000, A Historically Strong Sign for Price", "text": "40,785 BTC moved as Bitcoin settles above $39,000, here is a historically good sign for price", "source_name": "UToday", "date": "Tue, 01 Feb 2022 04:47:00 -0500", "topics": [], "sentiment": "Positive", "type": "Article", "tickers": ["BTC"]}, {"news_url": "https://en.cryptonomist.ch/2022/02/01/bitcoin-price-increase-president-el-salvador/", "image_url": "https://crypto.snapi.dev/images/v1/a/g/bitcoin-up-300x200-104356.jpg", "title": "Bitcoin: a giant price increase for the President of El Salvador", "text": "Bukele's reasoning doesn't seem super solid, but the scenario he envisions is entirely possible", "source_name": "The Cryptonomist", "date": "Tue, 01 Feb 2022 04:41:24 -0500", "topics": [], "sentiment": "Positive", "type": "Article", "tickers": ["BTC"]}, {"news_url": "https://cryptopotato.com/bitcoin-spiked-to-10-day-high-solana-and-terra-luna-explode-17-market-watch/", "image_url": "https://crypto.snapi.dev/images/v1/h/2/terra-solana-surge-104343.jpg", "title": "Bitcoin Spiked to 10-Day High: Solana and Terra (LUNA) Explode 17% (Market Watch)", "text": "The crypto market turned green today with massive price increases from Ethereum, Solana, Terra, and others. Bitcoin tapped a ten-day high.", "source_name": "CryptoPotato", "date": "Tue, 01 Feb 2022 04:40:51 -0500", "topics": [], "sentiment": "Positive", "type": "Article", "tickers": ["BTC", "LUNA", "SOL"]}, {"news_url": "https://www.dailyfx.com/forex/fundamental/forecast/weekly/title/2021/12/28/Bitcoin-Q1-2022-Fundamental-Forecast.html", "image_url": "https://crypto.snapi.dev/images/v1/o/c/crypto12-104348.jpg", "title": "Bitcoin Q1 2022 Fundamental Forecast: Macro Will Matter (More) To Bitcoin", "text": "The path forward has been anything but smooth as bitcoin investors have consistently weathered periods of gut-wrenching volatility. For some traders, this is an attractive feature of the asset, the...", "source_name": "DailyFX", "date": "Tue, 01 Feb 2022 04:30:00 -0500", "topics": [], "sentiment": "Neutral", "type": "Article", "tickers": ["BTC"]}, {"news_url": "https://cointelegraph.com/news/2-5b-in-stolen-btc-from-bitfinex-hack-awakens", "image_url": "https://crypto.snapi.dev/images/v1/i/a/840-ahr0chm6ly9zmy5jb2ludgvszwdyyxbolmnvbs91cgxvywrzlziwmjitmdivndqxztiyyjgtnzqxny00ntgzltg0yzytoge1ntawymeyzjyzlmpwzw-104340.jpg", "title": "$2.5B in stolen BTC from Bitfinex hack awakens", "text": "The receiving wallet address now holds more than 90,000 Bitcoin worth about $3.6 billion.", "source_name": "Cointelegraph", "date": "Tue, 01 Feb 2022 04:27:28 -0500", "topics": [], "sentiment": "Negative", "type": "Article", "tickers": ["BTC"]}, {"news_url": "https://en.cryptonomist.ch/2022/02/01/thailand-stop-bitcoin-trading-fee/", "image_url": "https://crypto.snapi.dev/images/v1/t/p/thailand-bitcoin-300x200-104357.jpg", "title": "Thailand stopping the tax on Bitcoin trading", "text": "The capital gains tax remains", "source_name": "The Cryptonomist", "date": "Tue, 01 Feb 2022 04:17:15 -0500", "topics": ["taxes"], "sentiment": "Neutral", "type": "Article", "tickers": ["BTC"]}, {"news_url": "https://en.cryptonomist.ch/2022/02/01/bitcoin-ethereum-rise-monday-fall-monthly-scale/", "image_url": "https://crypto.snapi.dev/images/v1/t/g/bitcoin-analysis-12-300x200-104358.jpg", "title": "Bitcoin and Ethereum rallied Monday but bearishly engulfed on monthly timescale", "text": "BTC, ETH and LUNA price analysis", "source_name": "The Cryptonomist", "date": "Tue, 01 Feb 2022 04:11:21 -0500", "topics": [], "sentiment": "Positive", "type": "Article", "tickers": ["BTC", "ETH"]}, {"news_url": "https://beincrypto.com/bitcoin-btc-rsi-signal-preceded-huge-upward-moves/", "image_url": "https://crypto.snapi.dev/images/v1/l/a/executium-lta5b8mpytw-unsplash-104268-104338.jpg", "title": "Bitcoin (BTC) Daily RSI Gives Signal That Historically Preceded Huge Upward Moves", "text": "Bitcoin (BTC) is showing strong bullish signs in the daily time frame but has yet to break out above its short-term horizontal resistance levels. The post Bitcoin (BTC) Daily RSI Gives Signal That Historically Preceded Huge Upward Moves appeared first on BeInCrypto.", "source_name": "BeInCrypto", "date": "Tue, 01 Feb 2022 04:09:41 -0500", "topics": [], "sentiment": "Positive", "type": "Article", "tickers": ["BTC"]}, {"news_url": "https://cointelegraph.com/news/bitcoin-market-cap-dominance-hits-2-month-high-as-altcoins-struggle", "image_url": "https://crypto.snapi.dev/images/v1/v/i/840-ahr0chm6ly9zmy5jb2ludgvszwdyyxbolmnvbs91cgxvywrzlziwmjitmdivotk3odrlmtutnjuzni00ogmwltljntutnzzknzhmymq3otqylmpwzw-104337.jpg", "title": "Bitcoin market cap dominance hits 2-month high as altcoins struggle", "text": "No sign of a new \"alt season\" at Bitcoin's expense so far, as controversy over fees continues for Ethereum.", "source_name": "Cointelegraph", "date": "Tue, 01 Feb 2022 04:05:00 -0500", "topics": [], "sentiment": "Neutral", "type": "Article", "tickers": ["BTC"]}, {"news_url": "https://www.thecryptoupdates.com/solanas-phantom-raises-109-million-in-a-series-b-funding-round-achieving-unicorn-status/", "image_url": "https://crypto.snapi.dev/images/v1/e/y/1-fmmwezcbzwlmcgbndwca5w-480x320-104336.png", "title": "Solana's Phantom raises $109 million in a Series B funding round, achieving unicorn status", "text": "The company behind the Solana Web3 wallet platform Phantom said on Monday that it had secured $109 million in a Series B round of funding....", "source_name": "TCU", "date": "Tue, 01 Feb 2022 03:57:39 -0500", "topics": [], "sentiment": "Neutral", "type": "Article", "tickers": ["SOL"]}, {"news_url": "https://cointelegraph.com/news/fidelity-bitcoin-is-a-superior-form-of-money", "image_url": "https://crypto.snapi.dev/images/v1/y/o/840-ahr0chm6ly9zmy5jb2ludgvszwdyyxbolmnvbs91cgxvywrzlziwmjitmdivnjeyymiynwmtnjuwnc00odiwltlmzgmtnjq4mmq2ndiymdnmlmpwzw-104334.jpg", "title": "Fidelity: Bitcoin is a 'superior form of money'", "text": "Fidelity argued Bitcoin should be considered separately from the rest of the digital asset market as no other altcoin comes close to its properties", "source_name": "Cointelegraph", "date": "Tue, 01 Feb 2022 03:32:55 -0500", "topics": [], "sentiment": "Positive", "type": "Article", "tickers": ["BTC"]}, {"news_url": "https://cryptopotato.com/president-bukele-bites-back-as-el-salvador-snubs-imfs-advice-to-stop-using-bitcoin/", "image_url": "https://crypto.snapi.dev/images/v1/e/w/nayib-bukele-104326.jpg", "title": "President Bukele Bites Back as El Salvador Snubs IMF's Advice to Stop Using Bitcoin", "text": "El Salvadorian leaders have hit back at the International Monetary Fund following its suggestion to drop Bitcoin as legal tender late last month.", "source_name": "CryptoPotato", "date": "Tue, 01 Feb 2022 03:10:05 -0500", "topics": [], "sentiment": "Negative", "type": "Article", "tickers": ["BTC"]}, {"news_url": "https://coingape.com/sol-surges-17-after-coinbase-lists-solana-based-project-tokens-for-first-time/", "image_url": "https://crypto.snapi.dev/images/v1/f/b/solana-could-become-the-e28098visa-of-crypto-bank-of-america-strategist-says-104325.jpg", "title": "SOL Surges 17% After Coinbase Lists Solana-Based Project Tokens for First Time", "text": "It is now official \u2013 Coinbase has listed Solana-Based project tokens for the first time. In addition, it is reported that Coinbase has started accepting inbound transfers of two Solana ecosystem tokens, FIDA and ORCA, confirming CoinDesk's earlier reporting.", "source_name": "Coingape", "date": "Tue, 01 Feb 2022 03:07:08 -0500", "topics": [], "sentiment": "Neutral", "type": "Article", "tickers": ["SOL"]}, {"news_url": "https://dailyhodl.com/2022/02/01/heres-when-bitcoin-btc-can-realistically-record-a-new-all-time-high-according-crypto-analyst-jason-pizzino/", "image_url": "https://crypto.snapi.dev/images/v1/o/q/when-bitcoin-can-recordjpgfit10242c600ssl1-104332.jpg", "title": "Here's When Bitcoin (BTC) Can Realistically Record a New All-Time High, According Crypto Analyst Jason Pizzino", "text": "Popular crypto analyst Jason Pizzino is unveiling a realistic timeframe for when Bitcoin (BTC) can surge to a new all-time high. In a new strategy session, Pizzino tells his 259,000 YouTube subscribers that while Bitcoin is going through a solid bounce from its 90-day low of $32,990, he sees a lot of resistance ahead for [\u2026] The post Here's When Bitcoin (BTC) Can Realistically Record a New All-Time High, According Crypto Analyst Jason Pizzino appeared first on The Daily Hodl.", "source_name": "The Daily Hodl", "date": "Tue, 01 Feb 2022 03:04:33 -0500", "topics": [], "sentiment": "Neutral", "type": "Article", "tickers": ["BTC"]}, {"news_url": "https://coinpedia.org/bitcoin/heres-when-bitcoin-price-will-break-out-of-consolidation/", "image_url": "https://crypto.snapi.dev/images/v1/w/i/crypto9-104324.jpg", "title": "Here's When Bitcoin Price Will Break Out Of Consolidation! BTC To Hit $50K, If This Happens", "text": "The market continues to be fearful. There is widespread anxiety that Bitcoin's value will continue to decline as a result of the FED's recently announced increases in key interest rates. On the other hand, Bitcoin price found support near $36,500 after a downward dip. BTC began to rise steadily and peaked past $37,000. BTC has \u2026", "source_name": "CoinPedia", "date": "Tue, 01 Feb 2022 02:56:00 -0500", "topics": [], "sentiment": "Positive", "type": "Article", "tickers": ["BTC"]}, {"news_url": "https://u.today/part-of-almost-130000-btc-stolen-in-2016-bitfinex-hack-just-transferred-to-anonymous-wallet?SNAPI", "image_url": "https://crypto.snapi.dev/images/v1/y/g/12389-104322.jpg", "title": "Part of Almost 130,000 BTC Stolen in 2016 Bitfinex Hack Just Transferred to Anonymous Wallet", "text": "Large portion of stolen funds is now on the move for first time since April 2021", "source_name": "UToday", "date": "Tue, 01 Feb 2022 02:50:00 -0500", "topics": [], "sentiment": "Negative", "type": "Article", "tickers": ["BTC"]}, {"news_url": "https://en.cryptonomist.ch/2022/02/01/solana-crypto-wallet-phantom-collects-109-million/", "image_url": "https://crypto.snapi.dev/images/v1/y/h/solana-phantom-300x200-104330.jpg", "title": "Solana: the Phantom crypto wallet raises $109 million", "text": "A crypto wallet from the Solana ecosystem, Phantom, has announced that it has closed a $109 million Series B funding round, and is ready to launch the app for iOS devices.\u00a0 Estimates are that Phantom is now a unicorn: the startup is valued at $1.2 billion.\u00a0 Phantom, Solana's crypto wallet Yesterday, Phantom, one of Web3's [\u2026]", "source_name": "The Cryptonomist", "date": "Tue, 01 Feb 2022 02:48:32 -0500", "topics": [], "sentiment": "Neutral", "type": "Article", "tickers": ["SOL"]}, {"news_url": "https://www.benzinga.com/markets/cryptocurrency/22/02/25328934/did-india-just-legalize-cryptocurrencies-what-you-should-know-about-this-key-event-that-co?SNAPI", "image_url": "https://crypto.snapi.dev/images/v1/s/9/srikanth-d-reuuh61x1qq-unsplash-104320.jpg", "title": "Did India Just Legalize Cryptocurrencies? What You Should Know About This Key Event That Could Impact Prices Of Bitcoin, Ethereum, Dogecoin", "text": "Cryptocurrencies found a key mention in the Union Budget of India for 2022-23 \u2014 a highly-followed event where the country's central government lays out its financial plan for the next fiscal year.", "source_name": "Benzinga", "date": "Tue, 01 Feb 2022 02:39:00 -0500", "topics": [], "sentiment": "Positive", "type": "Article", "tickers": ["BTC", "DOGE", "ETH"]}, {"news_url": "https://coinpedia.org/altcoin/ethereum-eth-and-terra-luna-surge-more-than-10/", "image_url": "https://crypto.snapi.dev/images/v1/g/t/crypto8-104317.jpg", "title": "Ethereum and Terra Short Term Bounce! ETH & LUNA Price To Hit This Level Before Plunging", "text": "Over the last 24 hours, the market has been generally positive, with good hints of recovery in the last few hours. Bitcoin, the market leader, has gained 3% of its value, while Ethereum has gained 10%. Most altcoins on the chart trade in the green today in tandem with the broader market.\u00a0 The crypto markets \u2026", "source_name": "CoinPedia", "date": "Tue, 01 Feb 2022 02:17:59 -0500", "topics": [], "sentiment": "Negative", "type": "Article", "tickers": ["ETH", "LUNA"]}, {"news_url": "https://www.cryptopolitan.com/ripple-price-analysis-2022-02-01/", "image_url": "https://crypto.snapi.dev/images/v1/l/t/ripple-price-analysis-range-bound-xrp-grinds-lower-to-touch-1-3008-104314.jpg", "title": "Ripple Price Analysis: XRP/USD set to break below the intraday lows of $0.58", "text": "TL;DR Breakdown Ripple price analysis is bearish today. XRP/USD set lower high at $0.62.", "source_name": "Cryptopolitan", "date": "Tue, 01 Feb 2022 02:05:03 -0500", "topics": ["tanalysis"], "sentiment": "Neutral", "type": "Article", "tickers": ["XRP"]}, {"news_url": "https://www.financemagnates.com/cryptocurrency/news/bitcoin-network-processed-3-trillion-worth-of-payments-in-2021/", "image_url": "https://crypto.snapi.dev/images/v1/u/y/bitcoin-id-4d4cad72-bb7a-40ec-9a8f-39c08a331e44-size900-104313.jpg", "title": "Bitcoin Network Processed $3 Trillion Worth of Payments in 2021", "text": "Bitcoin bulls got another reason to celebrate last week after a report from NYDIG highlighted a steep rise in BTC's annual transaction volume. According to the report, the BTC network processed more than $3 trillion worth of payments in 2021, compared to $886 billion in 2020.", "source_name": "FinanceMagnates", "date": "Tue, 01 Feb 2022 02:03:00 -0500", "topics": [], "sentiment": "Neutral", "type": "Article", "tickers": ["BTC"]}, {"news_url": "https://bitcoinist.com/bitcoin-mining-accounts-for-less-co2-production/", "image_url": "https://crypto.snapi.dev/images/v1/y/u/crypto-mining-1-640x408-104311.jpg", "title": "Bitcoin Mining Accounts For 0.08% Of Global CO2 Production, Report Reveals", "text": "According to digital investing firm CoinShares, the Bitcoin (BTC) mining network contributed less than 0.08 percent of the world's total carbon dioxide (CO2) emissions. According to data gathered by the company, BTC mining contributes only a small portion of worldwide CO2 emissions, especially when compared to the wide range of services made possible by the [\u2026]", "source_name": "Bitcoinist", "date": "Tue, 01 Feb 2022 02:00:23 -0500", "topics": ["mining"], "sentiment": "Neutral", "type": "Article", "tickers": ["BTC"]}, {"news_url": "https://bitcoinist.com/fidelity-we-live-in-a-bitcoin-first-world/", "image_url": "https://crypto.snapi.dev/images/v1/y/u/kanchanara-4kjjezdyo3m-unsplash-630x420-104309.jpg", "title": "Fidelity Explains Why We Live In a Bitcoin-First World, Plain & Simple", "text": "SPOILER ALERT: Asset Manager Fidelity thinks \u201cbitcoin should be considered first and separate from all other digital assets that have come after it.\u201d This is huge, considering the Fidelity Digital Assets division's website opens with \u201cWe envision a future where all types of assets are issued natively on blockchains or represented in tokenized format.", "source_name": "Bitcoinist", "date": "Tue, 01 Feb 2022 01:39:52 -0500", "topics": [], "sentiment": "Neutral", "type": "Article", "tickers": ["BTC"]}, {"news_url": "https://beincrypto.com/metamask-rival-phantom-wallet-gets-109m-cash-injection-ios-app/", "image_url": "https://crypto.snapi.dev/images/v1/m/g/digital-walletjpegoptimal-104308.jpeg", "title": "MetaMask Rival Phantom Wallet Gets $109M Cash Injection, iOS App", "text": "The Solana-based Phantom crypto wallet has just announced a Series B funding round which netted the project $109 million from leading venture capital firms. The post MetaMask Rival Phantom Wallet Gets $109M Cash Injection, iOS App appeared first on BeInCrypto.", "source_name": "BeInCrypto", "date": "Tue, 01 Feb 2022 01:17:54 -0500", "topics": [], "sentiment": "Positive", "type": "Article", "tickers": ["SOL"]}, {"news_url": "https://www.reuters.com/markets/europe/cryptoverse-bitcoin-squeezes-smaller-rivals-its-crown-2022-02-01/", "image_url": "https://crypto.snapi.dev/images/v1/h/p/slsyklm3ijpznnh5emcylza2f4-104307.jpg", "title": "CRYPTOVERSE-Bitcoin squeezes smaller rivals to its crown", "text": "Bitcoin is beginning to reassert its dominance over challengers to its cryptocurrency crown.", "source_name": "Reuters", "date": "Tue, 01 Feb 2022 01:01:04 -0500", "topics": [], "sentiment": "Negative", "type": "Article", "tickers": ["BTC"]}, {"news_url": "https://cointelegraph.com/news/bitcoin-network-transaction-volume-surpasses-american-express-research", "image_url": "https://crypto.snapi.dev/images/v1/r/d/840-ahr0chm6ly9zmy5jb2ludgvszwdyyxbolmnvbs91cgxvywrzlziwmjitmdivmwnmzgyzngytm2jmmi00zmzmlwfizgmtn2vlyjiwntmxngm2lmpwzw-104302.jpg", "title": "Bitcoin Network Transaction Volume Surpasses American Express: Research", "text": "A recent NYDIG report found that Bitcoin had settled more transaction volume in Q1 2021 than \u201call credit card networks combined for the entire year\u201d when including intra-network transactions.", "source_name": "Cointelegraph", "date": "Tue, 01 Feb 2022 01:00:51 -0500", "topics": [], "sentiment": "Positive", "type": "Article", "tickers": ["BTC"]}, {"news_url": "https://www.cryptopolitan.com/solana-price-analysis-2022-02-01/", "image_url": "https://crypto.snapi.dev/images/v1/e/g/sol-104301.jpg", "title": "Solana price analysis: SOL breaks resistance at $106", "text": "TL;DR Breakdown Solana price analysis is bullish today. Strong resistance present at $160.", "source_name": "Cryptopolitan", "date": "Tue, 01 Feb 2022 00:55:57 -0500", "topics": ["tanalysis"], "sentiment": "Neutral", "type": "Article", "tickers": ["SOL"]}, {"news_url": "https://coingape.com/750-million-in-bitcoin-btc-stolen-from-the-2016-bitfinex-hack-is-on-the-move/", "image_url": "https://crypto.snapi.dev/images/v1/m/q/cryptocurrency-emerges-beyond-bitcoin-and-ether-shadows-104299.jpg", "title": "$750 Million In Bitcoin (BTC) Stolen From the 2016 Bitfinex Hack Is On the Move", "text": "A massive quantity of Bitcoin is on the move previously linked to the 2016 Bitfinex exchange hack. Just today, popular Twitter handle Whale Alert has reported two such instances wherein Bitcoins worth more than $750 million have been transferred to some unknown wallet.", "source_name": "Coingape", "date": "Tue, 01 Feb 2022 00:44:21 -0500", "topics": [], "sentiment": "Negative", "type": "Article", "tickers": ["BTC"]}, {"news_url": "https://ambcrypto.com/jawstec-1st-3d-printing-company-to-accept-bitcoin-as-payment/", "image_url": "https://crypto.snapi.dev/images/v1/c/3/dmitry-demidko-xzjpkskrdog-unsplash-104298.jpg", "title": "JawsTec 1st 3D printing company to accept Bitcoin as payment", "text": "With bitcoin becoming more widely used among consumers and retailers, JawsTec has announced that they are now offering bitcoin as a method of payment for their 3d printing services.\u00a0 JawsTec hopes to make their 3D Printing Service more accessible by allowing bitcoin as a form of payment.", "source_name": "AMBCrypto", "date": "Tue, 01 Feb 2022 00:38:35 -0500", "topics": [], "sentiment": "Positive", "type": "Article", "tickers": ["BTC"]}, {"news_url": "https://coinpedia.org/bitcoin/bitcoin-price-inches-close-to-40k/", "image_url": "https://crypto.snapi.dev/images/v1/p/9/crypto6-104297.jpg", "title": "Bitcoin Price Inches Close To $40k! Will Next Leg Up Skyrocket The Price To $47K?", "text": "Bitcoin has regained its volatility after its stagnant behavior in the past couple of months. With a quick retest of around $33k over the last week, the price regained its strength. In just ten days, the asset has gained $5k, and is currently trading at $38.456k with a 3.89% upsurge in the last 24 days.\u00a0 \u2026", "source_name": "CoinPedia", "date": "Tue, 01 Feb 2022 00:35:02 -0500", "topics": [], "sentiment": "Positive", "type": "Article", "tickers": ["BTC"]}, {"news_url": "https://news.bitcoin.com/solanas-phantom-raises-109-million-in-a-series-b-fundraise-obtaining-unicorn-status/", "image_url": "https://crypto.snapi.dev/images/v1/b/9/phantomsss-104296.jpg", "title": "Solana's Phantom Raises $109 Million in a Series B Fundraise Obtaining Unicorn Status", "text": "On Monday, the team behind the Solana Web3 wallet platform Phantom announced it had raised $109 million in a Series B fundraise. The crypto company is now a Unicorn with a post valuation of $1.2 billion in value. Solana Web3 Wallet Phantom Raises $109 Million The Phantom wallet team has raised $109 million in a [\u2026]", "source_name": "Bitcoin", "date": "Tue, 01 Feb 2022 00:30:26 -0500", "topics": [], "sentiment": "Neutral", "type": "Article", "tickers": ["SOL"]}, {"news_url": "https://www.newsbtc.com/analysis/eth/ethereum-rallies-10-3k-likely/", "image_url": "https://crypto.snapi.dev/images/v1/g/y/shutterstock-1476715112-104294.jpg", "title": "TA: Ethereum Rallies 10%: Why More Gains Seem Possible", "text": "Ethereum started a steady increase above the $2,650 resistance against the US Dollar. ETH price could rise further if there is a clear move above the $2,800 level.", "source_name": "NewsBTC", "date": "Tue, 01 Feb 2022 00:08:44 -0500", "topics": ["tanalysis"], "sentiment": "Positive", "type": "Article", "tickers": ["ETH"]}, {"news_url": "https://thecurrencyanalytics.com/altcoins/buying-an-nft-with-ethereum-eth-triggers-taxable-event-in-the-us-38503.php", "image_url": "https://crypto.snapi.dev/images/v1/f/e/buying-an-nft-with-ethereum-eth-triggers-taxable-event-in-the-us-104293.jpg", "title": "Buying an NFT with Ethereum (ETH) Triggers Taxable Event in the US", "text": "Catch up on the latest crypto market news at The Currency Analytics. Buying NFT with ETH is taxable event in the US Crypto and NFT Tax laws are insane \u2013 it needs\u2026 The post Buying an NFT with Ethereum (ETH) Triggers Taxable Event in the US appeared first on Cryptocurrency News.", "source_name": "The Currency Analytics", "date": "Tue, 01 Feb 2022 00:05:44 -0500", "topics": ["NFT"], "sentiment": "Neutral", "type": "Article", "tickers": ["ETH"]}], "total_pages": 39}