{"data": [{"news_url": "https://cryptopotato.com/bitcoin-price-analysis-following-btcs-surge-above-41k-whats-the-next-target/", "image_url": "https://crypto.snapi.dev/images/v1/n/r/106892639-1622836826337-bit-106004-106053.jpg", "title": "Bitcoin Price Analysis: Following BTC's Surge Above $41K, What's the Next Target?", "text": "The recent unexpected price action in the market has led to some positive changes in the sentiment. However, there are many analysts that remained skeptical because of the uncertainty at the macro level.", "source_name": "CryptoPotato", "date": "Sat, 05 Feb 2022 14:12:05 -0500", "topics": ["tanalysis"], "sentiment": "Positive", "type": "Article", "tickers": ["BTC"]}, {"news_url": "https://news.bitcoin.com/a-mining-rig-that-boasts-440-th-s-miners-question-the-legitimacy-of-new-bitcoin-mining-device/", "image_url": "https://crypto.snapi.dev/images/v1/a/a/hhhhhh-106051.jpg", "title": "A Mining Rig That Boasts 440 TH/s? Miners Question the Legitimacy of New Bitcoin Mining Device", "text": "The cryptocurrency community has been discussing a newly announced bitcoin miner called the Numiner NM440 that claims to produce speeds of up to 440 terahash per second (TH/s). Furthermore, a publicly-listed company called Sphere 3D has detailed that it purchased 60,000 Numiner NM440 mining rigs and aims to deploy 32 exahash per second (EH/s) of [\u2026]", "source_name": "Bitcoin", "date": "Sat, 05 Feb 2022 14:00:36 -0500", "topics": ["mining"], "sentiment": "Neutral", "type": "Article", "tickers": ["BTC"]}, {"news_url": "https://bitcoinmagazine.com/technical/growing-bitcoin-development-in-africa", "image_url": "https://crypto.snapi.dev/images/v1/k/a/img-6237-106050.png", "title": "Growing The Bitcoin Development Ecosystem In Africa", "text": "Bitcoin development in Africa, with a proper regulatory environment, could equally accelerate the continent and the technology.", "source_name": "Bitcoin Magazine", "date": "Sat, 05 Feb 2022 14:00:00 -0500", "topics": [], "sentiment": "Positive", "type": "Article", "tickers": ["BTC"]}, {"news_url": "https://www.cryptopolitan.com/polkadot-price-analysis-2022-02-05/", "image_url": "https://crypto.snapi.dev/images/v1/3/s/polkadot-price-analysis-price-surmounts-2172-top-after-bullish-stream-106042.jpg", "title": "Polkadot price analysis: Price surmounts $21.72 top after bullish stream", "text": "TL;DR Breakdown Price is now settling at $21.72 high. Polkadot price analysis shows uptrend.", "source_name": "Cryptopolitan", "date": "Sat, 05 Feb 2022 13:14:34 -0500", "topics": ["tanalysis"], "sentiment": "Positive", "type": "Article", "tickers": ["DOT"]}, {"news_url": "https://www.newsbtc.com/news/bitcoin/bitcoin-bounce-bull-trend-line-bottom/", "image_url": "https://crypto.snapi.dev/images/v1/x/p/bitcoin-bull-trend-istock-1314042576-106039.jpeg", "title": "Bitcoin Begins Bounce From 7-Year Bull Trend Line \u2014 Is This The Bottom?", "text": "Bitcoin price is now above $40,000, up more than 20% from the lows set in late January. Despite the recovery, common sentiment across the crypto community, analysts, and more is that the bottom is nowhere near in.", "source_name": "NewsBTC", "date": "Sat, 05 Feb 2022 13:00:27 -0500", "topics": [], "sentiment": "Neutral", "type": "Article", "tickers": ["BTC"]}, {"news_url": "https://cryptodaily.co.uk/2022/02/btc-usd-pauses-after-testing-41856-sally-ho-technical-analysis-6-february-2022-btc-bitcoin", "image_url": "https://crypto.snapi.dev/images/v1/6/h/12494-105950-106038.jpg", "title": "BTC/USD Pauses After Testing 41856: Sally Ho's Technical Analysis 6 February 2022 BTC", "text": "Bitcoin (BTC/USD) worked to sustain recent gains early in today's Asian session as the pair paused after testing the 41856.87 area, representing a test of the 38.2% retracement of the depreciating range from 48574.70 to 37704.42.\u00a0 Stops were elected above the 37456 and 40255 areas during the recent ascent, representing the 23.6% and 38.2% retracements of the depreciating range from 52100 to 32933.33.", "source_name": "Crypto Daily", "date": "Sat, 05 Feb 2022 13:00:00 -0500", "topics": ["tanalysis"], "sentiment": "Positive", "type": "Article", "tickers": ["BTC"]}, {"news_url": "https://dailyhodl.com/2022/02/05/barstools-dave-portnoy-says-hes-in-bitcoin-for-the-long-haul-after-dropping-more-than-1000000-on-btc/", "image_url": "https://crypto.snapi.dev/images/v1/g/p/12494-105950-106047.jpg", "title": "Barstool's Dave Portnoy Says He's in Bitcoin for the Long Haul After Dropping More Than $1,000,000 on BTC", "text": "The founder of Barstool Sports says he's learned enough about cryptocurrencies to believe that Bitcoin (BTC) is here to stay. In a new interview with Fox Business, Dave Portnoy tells host Stuart Varney that he now has \u201cdiamond hands\u201d after buying over a million dollars worth of BTC. \u201cI bought 29 Bitcoins. I've been in [\u2026] The post Barstool's Dave Portnoy Says He's in Bitcoin for the Long Haul After Dropping More Than $1,000,000 on BTC appeared first on The Daily Hodl.", "source_name": "The Daily Hodl", "date": "Sat, 05 Feb 2022 12:55:05 -0500", "topics": [], "sentiment": "Neutral", "type": "Article", "tickers": ["BTC"]}, {"news_url": "https://bitcoinmagazine.com/technical/el-salvador-bitcoin-city-and-volcano-energy", "image_url": "https://crypto.snapi.dev/images/v1/f/g/el-salvador-bitcoin-city-and-volcano-energy-106037.png", "title": "Is Volcano Energy Really The Best Fit For El Salvador's Bitcoin City?", "text": "While a plan to leverage \u201cvolcano energy\u201d is great marketing for El Salvador's planned Bitcoin City, on its own, it might not be the best source.", "source_name": "Bitcoin Magazine", "date": "Sat, 05 Feb 2022 12:30:00 -0500", "topics": [], "sentiment": "Neutral", "type": "Article", "tickers": ["BTC"]}, {"news_url": "https://cryptopotato.com/proof-of-reserves-audit-shows-kraken-holds-19b-in-btc-and-eth/", "image_url": "https://crypto.snapi.dev/images/v1/i/u/kraken-audit-106033.jpg", "title": "Proof-of-Reserves Audit Shows Kraken Holds $19B in BTC and ETH", "text": "Kraken has conducted an independent audit showing it has nearly $20 billion worth of BTC and ETH. It will also allow clients to verify their accounts using third-party services.", "source_name": "CryptoPotato", "date": "Sat, 05 Feb 2022 12:10:14 -0500", "topics": [], "sentiment": "Neutral", "type": "Article", "tickers": ["BTC", "ETH"]}, {"news_url": "https://www.cryptoglobe.com/latest/2022/02/microstrategy-ceo-new-way-of-acquiring-more-bitcoin-investing-in-mstr-vs-bitcoin-etfs/", "image_url": "https://crypto.snapi.dev/images/v1/y/e/michael-saylor-in-feb-2019-106034.png", "title": "MicroStrategy CEO: New Ways of Acquiring More Bitcoin, Investing in MSTR vs Bitcoin ETFs", "text": "Michael J. Saylor, Co-Founder, Chairman, and CEO of Nasdaq-listed business intelligence companyMicroStrategy Inc. (NASDAQ: MSTR), recently talked about how they might want to generate yield from their Bitcoin holdings, as well as how his firm's stock compares to Bitcoin ETFs. On 11 August 2020, MicroStrategy announced via a\u00a0press release\u00a0that it had \u201cpurchased 21,454 bitcoins at [\u2026]", "source_name": "CryptoGlobe", "date": "Sat, 05 Feb 2022 12:03:30 -0500", "topics": [], "sentiment": "Positive", "type": "Article", "tickers": ["BTC"]}, {"news_url": "https://news.bitcoin.com/value-locked-in-defi-climbs-13-higher-since-last-weeks-low-sol-price-jumps-25-avax-tvl-spikes/", "image_url": "https://crypto.snapi.dev/images/v1/v/4/shutterstock-1705312225-106029.jpg", "title": "Value Locked in Defi Climbs 13% Higher Since Last Week's Low, SOL Price Jumps 25%, AVAX TVL Spikes", "text": "The total value locked (TVL) in decentralized finance (defi) has jumped back above the $200 billion range, hovering around $216.49 billion on Saturday morning (EST). The TVL in defi has increased 13.60% since tapping a low of $190.57 billion 13 days ago on January 23. The decentralized exchange (dex) Curve's $19.41 billion TVL dominates the [\u2026]", "source_name": "Bitcoin", "date": "Sat, 05 Feb 2022 12:00:50 -0500", "topics": [], "sentiment": "Positive", "type": "Article", "tickers": ["AVAX", "SOL"]}, {"news_url": "https://www.newsbtc.com/news/bitcoin/mcdonalds-marks-local-bitcoin-bottom-with-crypto-tweet/", "image_url": "https://crypto.snapi.dev/images/v1/u/g/crypto1-105721-106032.jpg", "title": "McDonald's Marks Local Bitcoin Bottom With Crypto Tweet", "text": "Bitcoin continues to display bullish price momentum as it has managed to reclaim the lows around $40,000. The benchmark crypto has been slowly recovering after a violent downside move which shocked traders and market participants.", "source_name": "NewsBTC", "date": "Sat, 05 Feb 2022 12:00:43 -0500", "topics": [], "sentiment": "Neutral", "type": "Article", "tickers": ["BTC"]}, {"news_url": "https://decrypt.co/92215/this-week-in-coins-ethereum-solana-polkadot-lead-major-crypto-price-recovery", "image_url": "https://crypto.snapi.dev/images/v1/e/8/bitcoin-ethereum-tokens-gid-5-106030.png", "title": "This Week in Coins: Ethereum, Solana, Polkadot Lead Major Crypto Price Recovery", "text": "Both Bitcoin and Ethereum recrossed critical thresholds, but they're not the week's biggest risers.", "source_name": "Decrypt", "date": "Sat, 05 Feb 2022 11:56:49 -0500", "topics": [], "sentiment": "Positive", "type": "Article", "tickers": ["DOT", "ETH", "SOL"]}, {"news_url": "https://www.cryptoglobe.com/latest/2022/02/eth-crypto-analyst-willy-woo-calls-ethereum-a-hotbed-of-innovation/", "image_url": "https://crypto.snapi.dev/images/v1/k/v/ethereum-gf09203cb8-1920-106027.jpg", "title": "$ETH: Crypto Analyst Willy Woo Calls Ethereum \u2018A Hotbed of Innovation'", "text": "On-chain analyst Willy Woo claims that Ethereum and its ecosystem has been \u201ca hotbed of innovation\u201d, despite the number of scams and ponzi schemes taking place. Speaking in a recent interview with London Real on February 1, Woo downplayed the number of scams taking place on the Ethereum network and its offshoot applications. Woo called [\u2026]", "source_name": "CryptoGlobe", "date": "Sat, 05 Feb 2022 11:34:35 -0500", "topics": [], "sentiment": "Positive", "type": "Article", "tickers": ["ETH"]}, {"news_url": "https://thecurrencyanalytics.com/popular-post/bitcoin-btc-strikes-at-the-root-of-cantillionaire-power-38677.php", "image_url": "https://crypto.snapi.dev/images/v1/p/q/bitcoin-btc-strikes-at-the-root-of-cantillionaire-power-106025.jpg", "title": "Bitcoin (BTC) Strikes at The Root of Cantillionaire Power", "text": "Catch up on the latest crypto market news at The Currency Analytics. Wendy Rogers Shared: They say in crypto land \u2013 the whales always win.", "source_name": "The Currency Analytics", "date": "Sat, 05 Feb 2022 11:30:18 -0500", "topics": [], "sentiment": "Neutral", "type": "Article", "tickers": ["BTC"]}, {"news_url": "https://cryptoticker.io/en/top-3-polkadot-parachain-projects/", "image_url": "https://crypto.snapi.dev/images/v1/g/c/nick-chong-n-bnvq-w18-unsplash-1140x815-103775-106023.jpeg", "title": "Top 3 POLKADOT Parachain Projects To Invest In", "text": "A parachain project is a self-sustaining blockchain functioning on the Polkadot ecosystem. These platforms have their own token due to a self-reliant blockchain.", "source_name": "CryptoTicker", "date": "Sat, 05 Feb 2022 11:24:47 -0500", "topics": [], "sentiment": "Neutral", "type": "Article", "tickers": ["DOT"]}, {"news_url": "https://cryptopotato.com/eth-is-back-above-3000-is-the-correction-over-and-what-level-to-watch-ethereum-price-analysis/", "image_url": "https://crypto.snapi.dev/images/v1/h/9/pexels-moose-photos-1036637-103404-104520-105314-106020.jpg", "title": "ETH is Back Above $3,000: Is the Correction Over, and What Level to Watch? Ethereum Price Analysis", "text": "ETH has broken above $3,000 and appears poised to move even higher, ending the short-term downtrend. This comes less than two weeks since bottoming at $2160, according to Bitstamp.", "source_name": "CryptoPotato", "date": "Sat, 05 Feb 2022 11:12:03 -0500", "topics": ["tanalysis"], "sentiment": "Positive", "type": "Article", "tickers": ["ETH"]}, {"news_url": "https://cointelegraph.com/news/does-the-imf-have-a-hidden-script-for-el-salvador-s-bitcoin-play", "image_url": "https://crypto.snapi.dev/images/v1/0/6/840-ahr0chm6ly9zmy5jb2ludgvszwdyyxbolmnvbs91cgxvywrzlziwmjitmdivnmm2nzdkmmmtmmqwms00ywnjlwiyzmutmgflnwjmmty0y2rhlmpwzw-106017.jpg", "title": "Does the IMF have a hidden script for El Salvador's Bitcoin play?", "text": "What if El Salvador's Bitcoin experiment succeeds? Is that what the IMF really fears?", "source_name": "Cointelegraph", "date": "Sat, 05 Feb 2022 11:01:00 -0500", "topics": [], "sentiment": "Neutral", "type": "Article", "tickers": ["BTC"]}, {"news_url": "https://u.today/xrp-spikes-153-while-70-million-xrp-gets-moved-to-ripples-odl-corridors?SNAPI", "image_url": "https://crypto.snapi.dev/images/v1/v/j/adobestock-210641057-106018.jpeg", "title": "XRP Spikes 15.3%, While 70 Million XRP Gets Moved to Ripple's ODL Corridors", "text": "Whale Alert has detected three large XRP transfers, while the coin gained over 15 percent", "source_name": "UToday", "date": "Sat, 05 Feb 2022 11:00:00 -0500", "topics": [], "sentiment": "Positive", "type": "Article", "tickers": ["XRP"]}, {"news_url": "https://www.cryptopolitan.com/bitcoin-price-analysis-2022-02-05/", "image_url": "https://crypto.snapi.dev/images/v1/9/j/bitcoin-price-analysis-2022-02-05-106016.png", "title": "Bitcoin price analysis: BTC ready to peak below $42,000?", "text": "TL;DR Breakdown Bitcoin price analysis is bearish today. BTC/USD continued higher overnight.", "source_name": "Cryptopolitan", "date": "Sat, 05 Feb 2022 10:54:20 -0500", "topics": ["tanalysis"], "sentiment": "Neutral", "type": "Article", "tickers": ["BTC"]}, {"news_url": "https://cointelegraph.com/news/ethereum-eyes-3-5k-as-eth-price-reclaims-pandemic-era-support-with-40-rebound", "image_url": "https://crypto.snapi.dev/images/v1/6/y/840-ahr0chm6ly9zmy5jb2ludgvszwdyyxbolmnvbs91cgxvywrzlziwmjitmdivm2fknzeyzdmtzjjkzi00mjayltgxmdetztfkntnkode0yje0lmpwzw-106013.jpg", "title": "Ethereum eyes $3.5K as ETH price reclaims pandemic-era support with 40% rebound", "text": "Ethereum price is back above its 50-week exponential moving average, a credible support level from the 2020-2021 market boom.", "source_name": "Cointelegraph", "date": "Sat, 05 Feb 2022 10:32:51 -0500", "topics": [], "sentiment": "Positive", "type": "Article", "tickers": ["ETH"]}, {"news_url": "https://www.cryptopolitan.com/bitcoin-ethereum-binance-coin-polkadot-and-avalanche-daily-price-analyses-5-february-morning-prediction/", "image_url": "https://crypto.snapi.dev/images/v1/v/p/roundup-1140-x-570-2022-10-106012.png", "title": "Bitcoin, Ethereum, Binance Coin, Polkadot, and Avalanche Daily Price Analyses \u2013 5 February Morning Prediction", "text": "TL;DR Breakdown The global crypto market continues the bullish run, total market cap reaches $1.89 Trillion. Bitcoin springs up and crosses the $40,000.", "source_name": "Cryptopolitan", "date": "Sat, 05 Feb 2022 10:32:17 -0500", "topics": [], "sentiment": "Neutral", "type": "Article", "tickers": ["AVAX", "BNB", "BTC", "DOT", "ETH"]}, {"news_url": "https://coingape.com/markets/bitcoin-btc-price-touches-three-weeks-high-near-40k-will-it-maintain-the-momentum/", "image_url": "https://crypto.snapi.dev/images/v1/w/c/bitcoin-taps-40k-surging-6-in-less-than-two-hours1-106010.jpg", "title": "Bitcoin (BTC) Price Touches Three-Weeks High near $40K, Will It Maintain the Momentum!", "text": "Bitcoin (BTC) price surprised the market on Friday with more than 11% gains, the biggest single-day gain since mid-June. The upside momentum is recorded after a rally in U.S. stocks, which ended the week with gains despite the heavy volatility from Amazon's robust growth and Facebook's Meta Platform disappointing guidance.", "source_name": "Coingape", "date": "Sat, 05 Feb 2022 10:30:48 -0500", "topics": [], "sentiment": "Positive", "type": "Article", "tickers": ["BTC"]}, {"news_url": "https://ambcrypto.com/sec-vs-ripple-attorney-breaks-down-the-contents-of-two-unsealed-ripple-emails/", "image_url": "https://crypto.snapi.dev/images/v1/e/j/coin-geedaa407c-1280-105013-106009.jpg", "title": "SEC vs Ripple: Attorney breaks down the contents of two unsealed Ripple emails", "text": "The SEC's lawsuit against Ripple Labs has taken a turn for the dramatic as Judge Torres ordered for three documents to be unsealed. These were Ripple CEO Brad Garlinghouse's subpoena, Ripple Executive Chairman Chris Larsen's email string, and Garlinghouse's email string.", "source_name": "AMBCrypto", "date": "Sat, 05 Feb 2022 10:30:08 -0500", "topics": ["regulations"], "sentiment": "Negative", "type": "Article", "tickers": ["XRP"]}, {"news_url": "https://dailyhodl.com/2022/02/05/is-the-bitcoin-bounce-a-fakeout-top-crypto-analyst-updates-outlook-as-btc-climbs-above-40000/", "image_url": "https://crypto.snapi.dev/images/v1/h/9/bitcoin-bounce-a-fakeoutjpgfit10242c600ssl1-106015.jpg", "title": "Is the Bitcoin Bounce a Fakeout? Top Crypto Analyst Updates Outlook As BTC Climbs Above $40,000", "text": "A popular crypto analyst is digging into the charts to determine whether or not the sudden rally of Bitcoin (BTC) is sustainable. In a new strategy session, Micha\u00ebl van de Poppe tells his 165,000 YouTube subscribers that BTC retesting the $40,000 level is likely to result in market volatility. \u201cIt's a very hectic day heading [\u2026] The post Is the Bitcoin Bounce a Fakeout? Top Crypto Analyst Updates Outlook As BTC Climbs Above $40,000 appeared first on The Daily Hodl.", "source_name": "The Daily Hodl", "date": "Sat, 05 Feb 2022 10:30:03 -0500", "topics": [], "sentiment": "Positive", "type": "Article", "tickers": ["BTC"]}, {"news_url": "https://www.cnbc.com/2022/02/05/sen-ted-cruz-discloses-a-bitcoin-purchase-worth-up-to-50000.html", "image_url": "https://crypto.snapi.dev/images/v1/b/v/106997144-16414064892022-01-05t173906z-553309913-rc23tr9he66b-rtrmadp-0-usa-capitol-security-hearing-106007.jpeg", "title": "Sen. Ted Cruz discloses a bitcoin purchase worth up to $50,000", "text": "Sen. Ted Cruz bought bitcoin during its dip last month, according to a new financial disclosure with the U.S. Senate.", "source_name": "CNBC", "date": "Sat, 05 Feb 2022 10:14:04 -0500", "topics": [], "sentiment": "Positive", "type": "Article", "tickers": ["BTC"]}, {"news_url": "https://www.dcforecasts.com/bitcoin-news/unify-becomes-first-credit-union-to-allow-members-to-hold-btc/", "image_url": "https://crypto.snapi.dev/images/v1/4/v/bitcoin-blockchain-currency-cryptocurrency-3132717-106001.jpg", "title": "UNIFY Becomes First Credit Union To Allow Members To Hold BTC", "text": "UNIFY becomes the first credit union to allow members to hold Bitcoin but also buy and sell them as we can see more today in our latest Bitcoin news. UNIFY partnered with BTC-centered company New York Digital Investment Group and it will become the first credit union to start offering BTC services to its members.", "source_name": "DCForecasts", "date": "Sat, 05 Feb 2022 10:04:20 -0500", "topics": [], "sentiment": "Positive", "type": "Article", "tickers": ["BTC"]}, {"news_url": "https://decrypt.co/92185/the-shine-comes-off-ethereum-killer-solana", "image_url": "https://crypto.snapi.dev/images/v1/t/8/solana-price-sol-token-gid-2-106002.jpg", "title": "The Shine Comes Off 'Ethereum-Killer' Solana", "text": "Solana was the darling of the crypto world in 2021. A series of recent incidents have cast that status in doubt.", "source_name": "Decrypt", "date": "Sat, 05 Feb 2022 10:01:02 -0500", "topics": [], "sentiment": "Positive", "type": "Article", "tickers": ["SOL"]}, {"news_url": "https://news.bitcoin.com/bitcoin-ethereum-technical-analysis-ethereum-moves-past-3000-to-start-the-weekend/", "image_url": "https://crypto.snapi.dev/images/v1/q/p/shutterstock-1037022877-106000.jpg", "title": "Bitcoin, Ethereum Technical Analysis: Ethereum Moves Past $3,000 to Start the Weekend\u00a0", "text": "Following a week of consolidation, bitcoin and ethereum prices both rallied past key resistance levels to start the weekend. Bitcoin moved beyond $40,000, with ethereum climbing over the $3,000 mark. Bitcoin Cryptocurrencies were higher to start the weekend, as markets appear to have moved past recent bearish sentiment. The world's largest cryptocurrency bitcoin (BTC), became [\u2026]", "source_name": "Bitcoin", "date": "Sat, 05 Feb 2022 10:00:07 -0500", "topics": ["tanalysis"], "sentiment": "Positive", "type": "Article", "tickers": ["BTC", "ETH"]}, {"news_url": "https://www.cnbc.com/2022/02/05/gold-rush-is-over-for-bitcoin-but-it-has-portfolio-value-betterment-says.html", "image_url": "https://crypto.snapi.dev/images/v1/4/6/106892639-1622836826337-bit-106004.jpg", "title": "'Early days of the Gold Rush are over' for bitcoin but it still has portfolio value, Betterment says", "text": "It's been another wild week for.", "source_name": "CNBC", "date": "Sat, 05 Feb 2022 10:00:01 -0500", "topics": [], "sentiment": "Neutral", "type": "Article", "tickers": ["BTC"]}, {"news_url": "https://cryptopotato.com/4-possible-reasons-for-bitcoins-5k-surge-above-41000/", "image_url": "https://crypto.snapi.dev/images/v1/m/6/bitcoinchartgreen-105997.jpg", "title": "4 Possible Reasons for Bitcoin's $5K Surge Above $41,000", "text": "Following what seems to be the largest green daily candle in months, we take a look at four possible reasons for Bitcoin's $5K rally above $41,000.", "source_name": "CryptoPotato", "date": "Sat, 05 Feb 2022 09:52:21 -0500", "topics": [], "sentiment": "Positive", "type": "Article", "tickers": ["BTC"]}, {"news_url": "https://www.dcforecasts.com/altcoin-news/crypto-markets-attract-170b-in-one-day-as-btc-explodes-above-41k/", "image_url": "https://crypto.snapi.dev/images/v1/e/s/btcusd-source-tradingview-3-105995.png", "title": "Crypto Markets Attract $170B In One Day As BTC Explodes Above $41K", "text": "The crypto markets attract $170 billion in one day as the entire landscape changed after Bitcoin surged past $40,000 so let's read more in today's latest altcoin news. After more than two weeks of trading below $40,000, BTC made a move to reclaim the coveted level and the entire market followed suit with a huge [\u2026]", "source_name": "DCForecasts", "date": "Sat, 05 Feb 2022 09:49:18 -0500", "topics": [], "sentiment": "Positive", "type": "Article", "tickers": ["BTC"]}, {"news_url": "https://www.cryptopolitan.com/ethereum-price-analysis-2022-02-05/", "image_url": "https://crypto.snapi.dev/images/v1/x/q/ethereum-price-analysis-2022-02-05-105994.png", "title": "Ethereum price analysis: ETH breaks above $3,000, ready to return towards trendline?\u00a0", "text": "TL;DR Breakdown Ethereum price analysis is bearish today. ETH/USD reached further upside overnight.", "source_name": "Cryptopolitan", "date": "Sat, 05 Feb 2022 09:03:56 -0500", "topics": ["tanalysis"], "sentiment": "Positive", "type": "Article", "tickers": ["ETH"]}, {"news_url": "https://thecurrencyanalytics.com/bitcoin/anti-crypto-regulation-no-country-will-dare-to-organize-a-poll-for-bitcoin-btc-38674.php", "image_url": "https://crypto.snapi.dev/images/v1/g/w/anti-crypto-regulation-no-country-will-dare-to-organize-a-poll-for-bitcoin-btc-105976.jpg", "title": "Anti-Crypto Regulation No Country will dare to organize a Poll for Bitcoin (BTC)", "text": "Catch up on the latest crypto market news at The Currency Analytics. Coin Bureau (guy.eth) Shared: Has anyone seen polling in the US on some of this anti crypto legislation?", "source_name": "The Currency Analytics", "date": "Sat, 05 Feb 2022 08:44:10 -0500", "topics": ["regulations"], "sentiment": "Neutral", "type": "Article", "tickers": ["BTC"]}, {"news_url": "https://coingape.com/markets/ethereum-eth-price-breached-3000-threshold-next-3500-on-the-cards/", "image_url": "https://crypto.snapi.dev/images/v1/p/r/executium-wxi-bqzxrjy-unsplash-105529-105975.jpg", "title": "Ethereum (ETH) Price Breached $3,000 Threshold, Next $3,500 On Cards!", "text": "Ethereum (ETH) price is extending the gains for the second day. ETH is set to score higher gains as the price is ready to move upward in the downward channel.", "source_name": "Coingape", "date": "Sat, 05 Feb 2022 08:38:58 -0500", "topics": [], "sentiment": "Positive", "type": "Article", "tickers": ["ETH"]}, {"news_url": "https://www.cryptopolitan.com/senator-ted-cruz-buys-bitcoin/", "image_url": "https://crypto.snapi.dev/images/v1/i/1/88fa37c4-ba78-45ed-a102-0c9395488990-105972.jpeg", "title": "Senator Ted Cruz buys Bitcoin", "text": "TL; DR Breakdown Senator Ted Cruz buys Bitcoin The politician bought $25,000 worth of Bitcoin Cruz encourages the use of Bitcoin Bitcoin has undergone a resurgence in the last few days leading up to today, with the digital asset posting small gains. With this, most market participants are confident that the bull run might already [\u2026]", "source_name": "Cryptopolitan", "date": "Sat, 05 Feb 2022 08:25:38 -0500", "topics": ["regulations"], "sentiment": "Positive", "type": "Article", "tickers": ["BTC"]}, {"news_url": "https://thecurrencyanalytics.com/altcoins/cross-chain-platforms-susceptible-to-hacks-cardano-ada-instead-of-solana-sol-now-38669.php", "image_url": "https://crypto.snapi.dev/images/v1/p/d/cross-chain-platforms-susceptible-to-hacks-cardano-instead-of-solana-sol-now-105971.jpg", "title": "Cross Chain Platforms Susceptible to Hacks Cardano (ADA) Instead of Solana (SOL) Now?", "text": "Catch up on the latest crypto market news at The Currency Analytics. Solana (SOL) suffered a dip following the wormhole hack.", "source_name": "The Currency Analytics", "date": "Sat, 05 Feb 2022 08:17:19 -0500", "topics": [], "sentiment": "Negative", "type": "Article", "tickers": ["SOL"]}, {"news_url": "https://cryptopotato.com/unify-to-become-the-first-credit-union-allowing-members-to-hold-bitcoin/", "image_url": "https://crypto.snapi.dev/images/v1/z/w/bitcoin-unify-105967.jpg", "title": "UNIFY to Become the First Credit Union Allowing Members to Hold Bitcoin", "text": "Members of UNIFY Financial Credit Union (UNIFY) will be able to buy, sell, and hold bitcoin.", "source_name": "CryptoPotato", "date": "Sat, 05 Feb 2022 07:38:55 -0500", "topics": [], "sentiment": "Positive", "type": "Article", "tickers": ["BTC"]}, {"news_url": "https://coinpedia.org/altcoin/bitcoin-and-ethereum-price-heading-towards-a-bull-summer-or-bull-trap-before-a-30-dump/", "image_url": "https://crypto.snapi.dev/images/v1/5/v/crypto8-105962.jpg", "title": "Bitcoin And Ethereum Price Heading Towards A Bull Summer Or Bull Trap Before A 30% Dump?", "text": "The world of cryptocurrencies is awakened to bright and greener numbers all around. As digital assets from the industry's directory have leapt over the parapet. The move by the cryptos from the business has shepherd in the much-needed optimism in the industry. The market cap of the industry has now risen back to higher levels \u2026", "source_name": "CoinPedia", "date": "Sat, 05 Feb 2022 07:11:00 -0500", "topics": [], "sentiment": "Neutral", "type": "Article", "tickers": ["BTC", "ETH"]}, {"news_url": "https://www.fool.com/investing/2022/02/05/should-you-sell-your-cryptocurrency-right-now/", "image_url": "https://crypto.snapi.dev/images/v1/8/f/urlhttps3a2f2fgfoolcdncom2feditorial2fimages2f6643072fbitcoin-symbol-falling-apart-crashingjpgw700opresize-105961.jpg", "title": "Should You Sell Your Cryptocurrency Right Now?", "text": "As crypto prices continue to slide, is it time to get out of the market?", "source_name": "The Motley Fool", "date": "Sat, 05 Feb 2022 07:00:00 -0500", "topics": [], "sentiment": "Neutral", "type": "Article", "tickers": ["BTC", "ETH"]}, {"news_url": "https://www.cryptopolitan.com/solana-price-analysis-2022-02-05/", "image_url": "https://crypto.snapi.dev/images/v1/a/n/sol-3-105959.jpg", "title": "Solana price analysis: SOL/USD set to break past the $120 resistance by midnight", "text": "TL;DR Breakdown The Solana price analysis is bullish today. SOL/USD pair is currently trading at $117.", "source_name": "Cryptopolitan", "date": "Sat, 05 Feb 2022 06:32:52 -0500", "topics": ["tanalysis"], "sentiment": "Positive", "type": "Article", "tickers": ["SOL"]}, {"news_url": "https://coingape.com/sec-vs-ripple-great-signs-for-xrp-as-judge-torres-unseals-confidential-documents/", "image_url": "https://crypto.snapi.dev/images/v1/d/j/ripple-xrp2-104994-105957.png", "title": "SEC vs Ripple: Great Signs For XRP As Judge Torres Unseals Confidential Documents", "text": "The Ripple vs SEC lawsuit has come to a very crucial point. Judge Analisa Torres has granted and partially denied the defendant's request to seal exhibits in SEC vs Ripple.", "source_name": "Coingape", "date": "Sat, 05 Feb 2022 06:30:09 -0500", "topics": ["regulations"], "sentiment": "Neutral", "type": "Article", "tickers": ["XRP"]}, {"news_url": "https://www.fool.com/investing/2022/02/05/heres-why-cathie-wood-is-so-bullish-on-bitcoin/", "image_url": "https://crypto.snapi.dev/images/v1/x/y/urlhttps3a2f2fgfoolcdncom2feditorial2fimages2f6641072fgettyimages-1278562742jpgw700opresize-105958.jpg", "title": "Here's Why Cathie Wood Is So Bullish on Bitcoin", "text": "The star fund manager has a lofty price target for the world's top cryptocurrency.", "source_name": "The Motley Fool", "date": "Sat, 05 Feb 2022 06:30:00 -0500", "topics": [], "sentiment": "Positive", "type": "Article", "tickers": ["BTC"]}, {"news_url": "https://www.forbes.com/sites/billybambrough/2022/02/05/congress-introduces-a-radical-crypto-bill-to-unleash-innovation-as-the-price-of-bitcoin-and-ethereum-suddenly-soar/", "image_url": "https://crypto.snapi.dev/images/v1/c/5/congress-introduces-a-radical-crypto-bill-to-unleash-innovation-as-the-price-of-bitcoin-and-ethereum-suddenly-soar-105953.jpg", "title": "Congress Introduces A Radical Crypto Bill To \u2018Unleash Innovation' As The Price Of Bitcoin And Ethereum Suddenly Soar", "text": "Bitcoin and ethereum, the two largest cryptocurrencies have suddenly surged higher this week, with prices leaping following a much stronger than expected U.S. jobs report.", "source_name": "Forbes", "date": "Sat, 05 Feb 2022 06:15:23 -0500", "topics": [], "sentiment": "Positive", "type": "Article", "tickers": ["BTC", "ETH"]}, {"news_url": "https://thecurrencyanalytics.com/bitcoin/bitcoin-btc-is-in-a-shake-rattle-and-then-roll-phase-and-bearish-retest-38666.php", "image_url": "https://crypto.snapi.dev/images/v1/l/w/bitcoin-btc-is-in-a-shake-rattle-and-then-roll-phase-and-bearish-retest-105952.jpg", "title": "Bitcoin (BTC) is in a Shake Rattle and Then Roll Phase and Bearish Retest", "text": "Catch up on the latest crypto market news at The Currency Analytics. Michael Saylor shared: \u201cTo the extent that U.S. national strength rests on our energy resilience, technology innovation, capital growth, and\u2026 The post Bitcoin (BTC) is in a Shake Rattle and Then Roll Phase and Bearish Retest appeared first on Cryptocurrency News.", "source_name": "The Currency Analytics", "date": "Sat, 05 Feb 2022 06:13:24 -0500", "topics": [], "sentiment": "Negative", "type": "Article", "tickers": ["BTC"]}, {"news_url": "https://u.today/bitcoin-may-get-major-impulse-from-this-factor-bloombergs-mike-mcglone?SNAPI", "image_url": "https://crypto.snapi.dev/images/v1/x/i/12494-105950.jpg", "title": "Bitcoin May Get Major Impulse from This Factor: Bloomberg's Mike McGlone", "text": "Chief Bloomberg strategist suggested a factor that can drive Bitcoin's further growth this year", "source_name": "UToday", "date": "Sat, 05 Feb 2022 06:05:00 -0500", "topics": [], "sentiment": "Positive", "type": "Article", "tickers": ["BTC"]}, {"news_url": "https://www.financemagnates.com/cryptocurrency/news/bitcoin-climbs-by-10-in-the-last-24-hours-hits-42000/", "image_url": "https://crypto.snapi.dev/images/v1/g/s/strong-bitcoin-id-2b682b1b-762d-4d44-a056-d5e61dcffdc1-size900-105949.jpg", "title": "Bitcoin Climbs by 10% in the Last 24 Hours, Hits $42,000", "text": "After facing severe selling pressure from retail and institutional investors during the last 10 weeks, the price of Bitcoin saw one of its best days on 4 February. The digital asset climbed by almost 10% and touched the price level of $42,000 for the first time in 15 days.", "source_name": "FinanceMagnates", "date": "Sat, 05 Feb 2022 05:57:00 -0500", "topics": [], "sentiment": "Positive", "type": "Article", "tickers": ["BTC"]}, {"news_url": "https://beincrypto.com/market-rebounds-as-bitcoin-btc-breaks-41000-ethereum-eth-reclaims-3000/", "image_url": "https://crypto.snapi.dev/images/v1/g/i/bic-onchain-analysis-btc-ethjpgoptimal-105956.jpg", "title": "Market Rebounds as Bitcoin (BTC) Breaks $41,000, Ethereum (ETH) Reclaims $3,000", "text": "The weekend started off well for bitcoin following an impressive price resurgence on Friday, as the price climbed back over $41,000. The post Market Rebounds as Bitcoin (BTC) Breaks $41,000, Ethereum (ETH) Reclaims $3,000 appeared first on BeInCrypto.", "source_name": "BeInCrypto", "date": "Sat, 05 Feb 2022 05:56:25 -0500", "topics": [], "sentiment": "Positive", "type": "Article", "tickers": ["BTC", "ETH"]}, {"news_url": "https://www.cryptopolitan.com/bitcoin-etf-us-sec-delays-verdict-on-grayscale-application/", "image_url": "https://crypto.snapi.dev/images/v1/i/h/f5f060e5-10ba-414e-a75e-c6b22eb58110-105948.jpeg", "title": "Bitcoin ETF: US SEC delays verdict on Grayscale application", "text": "TL; DR Breakdown SEC delays verdict on Grayscale Bitcoin ETF The agency wants a public consultation period The SEC prefers futures linked ETFs Exchange-Traded Funds became very popular across the world last year after Canada took the lead by approving two companies. Before then, the United States SEC has always slugged it out with companies [\u2026]", "source_name": "Cryptopolitan", "date": "Sat, 05 Feb 2022 05:55:19 -0500", "topics": ["regulations"], "sentiment": "Neutral", "type": "Article", "tickers": ["BTC"]}, {"news_url": "https://cointelegraph.com/news/bitcoin-stays-higher-after-stocks-propel-btc-price-toward-42k", "image_url": "https://crypto.snapi.dev/images/v1/8/4/840-ahr0chm6ly9zmy5jb2ludgvszwdyyxbolmnvbs91cgxvywrzlziwmjitmdivzdllm2vknzitzmjlmy00nzc0lthkzjqtzdczn2u3zgy0odq1lmpwzw-105991.jpg", "title": "Bitcoin stays higher after stocks propel BTC price toward $42K", "text": "\"Fear\" is in the air on crypto markets as the weekend begins with an eerie lack of volatility \u2014 or significant Bitcoin price corrections.", "source_name": "Cointelegraph", "date": "Sat, 05 Feb 2022 05:43:49 -0500", "topics": [], "sentiment": "Positive", "type": "Article", "tickers": ["BTC"]}, {"news_url": "https://coinpedia.org/ethereum/will-this-pump-revive-ethereum-price-to-5000-by-the-end-of-march/", "image_url": "https://crypto.snapi.dev/images/v1/b/b/crypto7-105944.jpg", "title": "Will This Pump Revive Ethereum Price To $5,000 By The End Of March?", "text": "The cryptosphere's desire for a flight to the stratosphere now seems to be falling in place. As the industry climbs up the parapet set the bears. Consecutively, the digital assets belonging to the crypto town are now emerging out of the gloom with double-digit gains. Altcoins which now make-up to a greater portion of the \u2026", "source_name": "CoinPedia", "date": "Sat, 05 Feb 2022 04:55:11 -0500", "topics": [], "sentiment": "Positive", "type": "Article", "tickers": ["ETH"]}, {"news_url": "https://coinnounce.com/us-sec-once-again-reserves-judgment-on-grayscales-bitcoin-etf/", "image_url": "https://crypto.snapi.dev/images/v1/a/q/kryptomoneycom-us-sec-delays-decision-on-vaneck-and-solidx-bitcoin-etf-till-feb-29-2019-1-105945.jpg", "title": "US SEC once again reserves judgment on Grayscale's Bitcoin ETF.", "text": "The U.S Securities and Exchange Commission is back to its rituals when dealing with an exchange-traded fund. Although the applicants might differ, the reason remains constant.", "source_name": "Coinnounce", "date": "Sat, 05 Feb 2022 04:54:45 -0500", "topics": ["regulations"], "sentiment": "Neutral", "type": "Article", "tickers": ["BTC"]}, {"news_url": "https://cryptopotato.com/crypto-markets-add-170-billion-in-a-day-as-bitcoin-explodes-above-41k-weekend-watch/", "image_url": "https://crypto.snapi.dev/images/v1/g/b/bitcoinrocket-105943.jpg", "title": "Crypto Markets Add $170 Billion in a Day as Bitcoin Explodes Above $41K (Weekend Watch)", "text": "The crypto market cap added over $170 billion in a day as the entire landscape has changed. Bitcoin surged pass $40,000.", "source_name": "CryptoPotato", "date": "Sat, 05 Feb 2022 04:52:35 -0500", "topics": [], "sentiment": "Positive", "type": "Article", "tickers": ["BTC"]}, {"news_url": "https://coingape.com/video/u-s-sec-detained-the-sovereignty-on-grayscales-bitcoin-etf-application/", "image_url": "https://crypto.snapi.dev/images/v1/r/s/sec-105939.jpg", "title": "Bitcoin ETF: SEC Delays Decision On Grayscale's Oct. 2021 Bitcoin ETF Again", "text": "On 4th February 2022, U.S. SEC announced delaying its ruling for Grayscale's BTC ETF application. In October 2021, Grayscale registered its application with the SEC.", "source_name": "Coingape", "date": "Sat, 05 Feb 2022 04:48:23 -0500", "topics": ["regulations"], "sentiment": "Neutral", "type": "Article", "tickers": ["BTC"]}, {"news_url": "https://coinidol.com/polkadot-20-high/", "image_url": "https://crypto.snapi.dev/images/v1/8/l/7391a7f2805f32849e1ce660798b2ea8-105934.jpg", "title": "Polkadot is in a Downward Correction as Buyers Fail to Breach $20 High", "text": "In the last 48 hours, the price of Polkadot (DOT) has made desperate efforts to overcome the high of $20. Since January 22, the cryptocurrency's price has fluctuated between $16 and $20.", "source_name": "Coin Idol", "date": "Sat, 05 Feb 2022 04:43:00 -0500", "topics": [], "sentiment": "Negative", "type": "Article", "tickers": ["DOT"]}, {"news_url": "https://u.today/2-reasons-why-bitcoin-soared-above-41000-and-ethereum-regained-3000?SNAPI", "image_url": "https://crypto.snapi.dev/images/v1/p/m/12496-105930.jpg", "title": "2 Reasons Why Bitcoin Soared Above $41,000 and Ethereum Regained $3,000", "text": "Bitcoin has finally reclaimed $41.000 with Ethereum surging back above $3,000, here are three reasons for that price growth", "source_name": "UToday", "date": "Sat, 05 Feb 2022 04:15:00 -0500", "topics": [], "sentiment": "Positive", "type": "Article", "tickers": ["BTC", "ETH"]}, {"news_url": "https://coinpedia.org/altcoin/solana-sol-and-avalanche-avax-poised-for-huge-gains-in-the-next-48-hours-could-2x-be-possible/", "image_url": "https://crypto.snapi.dev/images/v1/l/2/crypto6-105929.jpg", "title": "Solana (SOL) And Avalanche (AVAX) Poised For Huge Gains In the Next 48 Hours! Could 2x Be Possible?", "text": "The broader crypto capital has turned green with gigantic gains of 10.98% round the clock. Notably, Bitcoin and Ethereum have contributed the majority of the gains with more than 10% rebound in the past 24 hours. There are still many other projects which have logged massive gains and are likely to continue their rally for \u2026", "source_name": "CoinPedia", "date": "Sat, 05 Feb 2022 04:05:00 -0500", "topics": [], "sentiment": "Positive", "type": "Article", "tickers": ["AVAX", "SOL"]}, {"news_url": "https://www.cryptopolitan.com/ripple-price-analysis-2022-02-05/", "image_url": "https://crypto.snapi.dev/images/v1/8/f/ripple-price-analysis-2022-02-05-105926.png", "title": "Ripple price analysis: XRP peaks at $0.69, set to swiftly retrace today?", "text": "TL;DR Breakdown Ripple price analysis is bearish today. XRP/USD continued higher overnight.", "source_name": "Cryptopolitan", "date": "Sat, 05 Feb 2022 03:51:08 -0500", "topics": ["tanalysis"], "sentiment": "Neutral", "type": "Article", "tickers": ["XRP"]}, {"news_url": "https://invezz.com/news/2022/02/05/grayscale-fails-to-get-approval-for-its-bitcoin-etf/", "image_url": "https://crypto.snapi.dev/images/v1/g/5/us-securities-exchange-commission-sec-105924.jpg", "title": "Grayscale fails to get approval for its Bitcoin ETF", "text": "The US Securities and Exchange Commission (SEC) has once again postponed the approval of a Bitcoin exchange-traded fund (ETF). The regulatory body has delayed its decision on the Grayscale Bitcoin ETF, saying that these products are subject to manipulation. Grayscale is the largest digital asset management firm in the world. The firm has around $35.5 [\u2026] The post Grayscale fails to get approval for its Bitcoin ETF appeared first on Invezz.", "source_name": "Invezz", "date": "Sat, 05 Feb 2022 03:26:25 -0500", "topics": [], "sentiment": "Negative", "type": "Article", "tickers": ["BTC"]}, {"news_url": "https://coingape.com/texas-senator-ted-cruz-bought-the-bitcoin-dip-transaction-shows/", "image_url": "https://crypto.snapi.dev/images/v1/r/k/texas-senator-ted-cruz-105923.jpg", "title": "Texas Senator Ted Cruz Bought The Bitcoin Dip, Transaction Shows", "text": "The junior Republican Senator from Texas, Rafael Edward Cruz made a bitcoin purchase during the recent dip shows his new financial disclosures with the US Senate. The financial disclosures filed on Friday, February 4, depict that Cruz made a bitcoin purchase on January 25 valued between $15,001 and $50,000.", "source_name": "Coingape", "date": "Sat, 05 Feb 2022 03:25:50 -0500", "topics": ["regulations"], "sentiment": "Positive", "type": "Article", "tickers": ["BTC"]}, {"news_url": "https://coingape.com/cryptocurrency-prices-today-bitcoin-ethereum-surge-9-each/", "image_url": "https://crypto.snapi.dev/images/v1/y/3/financial289-1-300x169-105937-105919.jpg", "title": "Cryptocurrency Prices Today: Bitcoin, Ethereum Surge 9% Each", "text": "The day came with some good tiding for the cryptocurrency sector.\u00a0 Bitcoin and Ethereum, two of the most significant crypto asset values, jumped by 9% each.", "source_name": "Coingape", "date": "Sat, 05 Feb 2022 03:02:36 -0500", "topics": [], "sentiment": "Positive", "type": "Article", "tickers": ["BTC", "ETH"]}, {"news_url": "https://www.dailyfx.com/forex/fundamental/forecast/weekly/title/2022/02/05/Bitcoin-BTC-Ethereum-ETH-Pushing-Higher-Into-Weekend-on-Robust-NFP-Release.html", "image_url": "https://crypto.snapi.dev/images/v1/x/v/crypto5-105922.jpg", "title": "Bitcoin (BTC), Ethereum (ETH) Pushing Higher Into Weekend on Robust NFP Release", "text": "The US jobs market is seemingly buoyant with this month's NFP Report beating market expectations by a wide margin. And that may spell trouble for the cryptocurrency market.", "source_name": "DailyFX", "date": "Sat, 05 Feb 2022 03:00:00 -0500", "topics": [], "sentiment": "Positive", "type": "Article", "tickers": ["BTC", "ETH"]}, {"news_url": "https://coinpedia.org/bitcoin/bitcoin-price-rally-seems-to-be-trying-for-50k-weekly-close-will-it-make-or-break/", "image_url": "https://crypto.snapi.dev/images/v1/b/y/crypto3-105914.jpg", "title": "Bitcoin Price Rally Seems To Be Trying For $50k Weekly Close! Will It Make Or Break?", "text": "The broader cryptoverse resumed its bull run after the prolonged bearish rule. With a gain of more than $100 billion in market cap, the total crypto capital now stands at $1.88 trillion with 11.09% gains in just 24 hours. Especially, Bitcoin and Ethereum surged by 11.10% and 10.87% round the clock.\u00a0 As Coinpedia reported earlier, \u2026", "source_name": "CoinPedia", "date": "Sat, 05 Feb 2022 02:04:46 -0500", "topics": [], "sentiment": "Positive", "type": "Article", "tickers": ["BTC"]}, {"news_url": "https://en.cryptonomist.ch/2022/02/05/bitcoin-following-trends-has-never-been-easier/", "image_url": "https://crypto.snapi.dev/images/v1/2/l/financial289-1-300x169-105937.jpg", "title": "Bitcoin: following trends has never been easier", "text": "Analyzing the \"trend following\" strategy", "source_name": "The Cryptonomist", "date": "Sat, 05 Feb 2022 02:01:52 -0500", "topics": [], "sentiment": "Neutral", "type": "Article", "tickers": ["BTC"]}, {"news_url": "https://www.cryptoglobe.com/latest/2022/02/grayscale-ceo-explains-how-launch-of-a-digital-dollar-by-the-fed-could-help-bitcoin/", "image_url": "https://crypto.snapi.dev/images/v1/g/f/michael-sonnenshein-in-august-2018-105913.jpg", "title": "Grayscale CEO Explains How Launch of a Digital Dollar by the Fed Could Help Bitcoin", "text": "Michael Sonnenshein, the CEO of crypto investment firm Grayscale Investments, the world's largest digital currency asset manager, says that the creation of a digital dollar by America's central bank would provide tailwinds for Bitcoin.\u00a0 Speaking in a recent interview with CBNC's \u201cSquawk Box\u201d, Sonnenshein claimed that Bitcoin and other cryptoassets would benefit from the Federal [\u2026]", "source_name": "CryptoGlobe", "date": "Sat, 05 Feb 2022 01:48:23 -0500", "topics": ["digital dollar"], "sentiment": "Positive", "type": "Article", "tickers": ["BTC"]}, {"news_url": "https://ambcrypto.com/sec-reserves-judgement-on-grayscales-bitcoin-etf-application-yet-again/", "image_url": "https://crypto.snapi.dev/images/v1/e/t/erik-mclean-7lyrkykidjy-unsplash-105910.jpg", "title": "SEC reserves judgement on Grayscale's Bitcoin ETF application yet again", "text": "The U.S Securities and Exchange Commission (SEC) is back to its rituals when dealing with an exchange-traded fund (ETF). Although the applicants might differ, the reason remains constant.", "source_name": "AMBCrypto", "date": "Sat, 05 Feb 2022 01:30:16 -0500", "topics": ["regulations"], "sentiment": "Negative", "type": "Article", "tickers": ["BTC"]}, {"news_url": "https://www.cryptoglobe.com/latest/2022/02/texas-governor-greg-abott-welcomes-bitcoin-miners-texas-senator-ted-cruz-buys-the-dip/", "image_url": "https://crypto.snapi.dev/images/v1/q/b/crypto5-105922-105911.jpg", "title": "Texas Governor Greg Abott Welcomes Bitcoin Miners, Texas Senator Ted Cruz Buys the Dip", "text": "Texas Governor Greg Abbott is welcoming Bitcoin miners to his state, claiming that the new industry of digital asset mining could help stabilize the electricity grid which struggles to keep up with demand.\u00a0 According to a report by Decrypt, Governor Abbott, alongside several other prominent Texas politicians including Senator Ted Cruz and Austin Mayor Steve [\u2026]", "source_name": "CryptoGlobe", "date": "Sat, 05 Feb 2022 01:29:51 -0500", "topics": ["mining", "regulations"], "sentiment": "Positive", "type": "Article", "tickers": ["BTC"]}, {"news_url": "https://coinpedia.org/bitcoin/bull-trap-again-bitcoin-bottom-not-yet-reached-falling-below-35511-will-get-the-bulls-back/", "image_url": "https://crypto.snapi.dev/images/v1/d/e/crypto1-105909.jpg", "title": "Bull Trap Again! Bitcoin Bottom Not Yet Reached, Falling below $35,511 Will Get The Bulls Back!", "text": "Bitcoin started the year 2022 on a sour note and has been struggling ever since. In 2021, the digital currency went on a spectacular price fluctuation roller coaster ride. Since November, the price of Bitcoin (BTC) has been steadily declining on a daily basis. Bitcoin has already fallen below the $ $40,000 barrier, down by \u2026", "source_name": "CoinPedia", "date": "Sat, 05 Feb 2022 01:21:07 -0500", "topics": [], "sentiment": "Neutral", "type": "Article", "tickers": ["BTC"]}, {"news_url": "https://cointelegraph.com/news/jack-dorsey-on-ubi-bitcoin-encourages-transparency-long-term-thinking", "image_url": "https://crypto.snapi.dev/images/v1/6/d/840-ahr0chm6ly9zmy5jb2ludgvszwdyyxbolmnvbs91cgxvywrzlziwmjitmdivmzuzywm2zwutyze3ny00otlkltk2otgtn2ninta1odg5zmm5lmpwzw-105908.jpg", "title": "Jack Dorsey on UBI: Bitcoin encourages transparency, long-term thinking", "text": "Dorsey's Start Small initiative has invested over $55 million across the United States and overseas to experiment on universal basic income.", "source_name": "Cointelegraph", "date": "Sat, 05 Feb 2022 01:13:06 -0500", "topics": [], "sentiment": "Positive", "type": "Article", "tickers": ["BTC"]}, {"news_url": "https://cryptoslate.com/only-6-of-18-exchanges-have-fully-adopted-bitcoin-segwit-update/", "image_url": "https://crypto.snapi.dev/images/v1/s/j/bitcoin-segwit-exchanges-105907.jpg", "title": "Only 6 of 18 exchanges have fully adopted Bitcoin SegWit update", "text": "Segregated Witness, or SegWit for short, is a Bitcoin protocol extension that was activated on the network in August 2017. The post Only 6 of 18 exchanges have fully adopted Bitcoin SegWit update appeared first on CryptoSlate.", "source_name": "CryptoSlate", "date": "Sat, 05 Feb 2022 01:01:15 -0500", "topics": [], "sentiment": "Neutral", "type": "Article", "tickers": ["BTC"]}, {"news_url": "https://bitcoinist.com/corporate-adoption-everbowl-bitcoin-standard/", "image_url": "https://crypto.snapi.dev/images/v1/i/k/eiliv-sonas-aceron-uzdfbckwktk-unsplash-377x420-105906.jpg", "title": "Corporate Adoption: Restaurant Chain Everbowl Embraces The Bitcoin Standard", "text": "Another restaurant company is adding Bitcoin to its balance sheet. On Everbowl 's website, they claim \u201cAt everbowl, we believe the key to life is motion,\u201d and they're putting their money where their mouth is.", "source_name": "Bitcoinist", "date": "Sat, 05 Feb 2022 00:50:15 -0500", "topics": [], "sentiment": "Positive", "type": "Article", "tickers": ["BTC"]}, {"news_url": "https://www.cryptopolitan.com/bitcoin-ethereum-cardano-and-uniswap-daily-price-analyses-4-february-roundup/", "image_url": "https://crypto.snapi.dev/images/v1/p/b/stock-market-6531146-104235-105901.jpg", "title": "Bitcoin, Ethereum, Cardano, and Uniswap Daily Price Analyses \u2013 4 February Roundup", "text": "TL;DR Breakdown The global crypto market takes a huge leap, adding 9.18% in 24 hours. Bitcoin adds new value to its gains with the addition of 11.03%.", "source_name": "Cryptopolitan", "date": "Fri, 04 Feb 2022 23:14:15 -0500", "topics": [], "sentiment": "Positive", "type": "Article", "tickers": ["ADA", "BTC", "ETH", "UNI"]}, {"news_url": "https://beincrypto.com/sec-delays-grayscale-btc-etf-application/", "image_url": "https://crypto.snapi.dev/images/v1/8/p/bic-senator-warren-deadline-sec-crypto-regulationjpgoptimal-105900.jpg", "title": "U.S. SEC Delays Ruling on Grayscale's Bitcoin ETF Application", "text": "On Friday, the U.S. Securities and Exchange Commission (SEC) delayed ruling on the spot ETF application filed by Grayscale last October. The post U.S. SEC Delays Ruling on Grayscale's Bitcoin ETF Application appeared first on BeInCrypto.", "source_name": "BeInCrypto", "date": "Fri, 04 Feb 2022 22:38:49 -0500", "topics": ["regulations"], "sentiment": "Negative", "type": "Article", "tickers": ["BTC"]}, {"news_url": "https://www.theblockcrypto.com/linked/133148/financial-disclosures-show-ted-cruz-made-a-january-25-bitcoin-purchase", "image_url": "https://crypto.snapi.dev/images/v1/e/g/20211001-bitcoin-generic-800x450-105899.jpg", "title": "Financial disclosures show Ted Cruz made a January 25 bitcoin purchase", "text": "Sen. Ted Cruz (R-TX) made a bitcoin purchase during the recent dip, according to new financial disclosures with the US Senate.\u00a0 The post Financial disclosures show Ted Cruz made a January 25 bitcoin purchase appeared first on The Block.", "source_name": "The Block", "date": "Fri, 04 Feb 2022 22:36:49 -0500", "topics": [], "sentiment": "Positive", "type": "Article", "tickers": ["BTC"]}, {"news_url": "https://www.cryptopolitan.com/polkadot-price-analysis-2022-02-04/", "image_url": "https://crypto.snapi.dev/images/v1/i/5/joshua-mayo-hasoyurgpmy-unsplash-1140x815-105896.jpeg", "title": "Polkadot price analysis: DOT targets $28.47 resistance after rising 10 percent", "text": "TL;DR Breakdown Polkadot price rose 10 percent on the day to move as high as $20.28 Price targets $28.47 resistance zone with an expected 15 percent upturn In case of a bearish takeover price must go down to $16.89 to invalidate bullish thesis Polkadot price analysis for the day shows bullish signs, as price took [\u2026]", "source_name": "Cryptopolitan", "date": "Fri, 04 Feb 2022 21:39:03 -0500", "topics": ["tanalysis"], "sentiment": "Positive", "type": "Article", "tickers": ["DOT"]}, {"news_url": "https://www.newsbtc.com/news/solana-and-ethereum-recover-after-registering-double-digit-gains/", "image_url": "https://crypto.snapi.dev/images/v1/z/a/2dde1146856049b0825c1bae268762c8-105892.png", "title": "Solana And Ethereum Recover After Registering Double-Digit Gains", "text": "Ethereum and Solana especially galloped up on their charts significantly in the last 24 hours. Bitcoin had also reclaimed the $40k price mark at the time of writing therefore major altcoins followed a similar price movement.", "source_name": "NewsBTC", "date": "Fri, 04 Feb 2022 20:00:05 -0500", "topics": [], "sentiment": "Positive", "type": "Article", "tickers": ["ETH", "SOL"]}, {"news_url": "https://cointelegraph.com/news/ted-cruz-buys-the-bitcoin-dip", "image_url": "https://crypto.snapi.dev/images/v1/r/l/840-ahr0chm6ly9zmy5jb2ludgvszwdyyxbolmnvbs91cgxvywrzlziwmjitmdivowizzduynmutzme0ns00y2filtgzntutzjuwnme1ymrknjgzlmpwzw-105893.jpg", "title": "Ted Cruz buys the Bitcoin dip", "text": "Texas Senator who talks a big game actually has something to show for it.", "source_name": "Cointelegraph", "date": "Fri, 04 Feb 2022 19:59:53 -0500", "topics": [], "sentiment": "Positive", "type": "Article", "tickers": ["BTC"]}, {"news_url": "https://bitcoinmagazine.com/culture/satoshi-standard-takes-bitcoin-mainstream", "image_url": "https://crypto.snapi.dev/images/v1/d/2/img-6033-105888.png", "title": "The Satoshi Standard Can Take Bitcoin Trading Mainstream", "text": "Purchasing fractions of a bitcoin can be a mental hurdle for some \u2014 but a satoshi standard could help alleviate that.", "source_name": "Bitcoin Magazine", "date": "Fri, 04 Feb 2022 19:00:00 -0500", "topics": [], "sentiment": "Positive", "type": "Article", "tickers": ["BTC"]}, {"news_url": "https://cointelegraph.com/news/sec-again-delays-decision-on-grayscale-s-bitcoin-etf", "image_url": "https://crypto.snapi.dev/images/v1/s/p/840-ahr0chm6ly9zmy5jb2ludgvszwdyyxbolmnvbs91cgxvywrzlziwmjitmdivodazmwqxotatnmi0ny00zdu1lthmyzatmzi3zwe0m2iwmdu4lmpwzw-105884.jpg", "title": "SEC again delays decision on Grayscale's Bitcoin ETF", "text": "The Securities and Exchange Commission is once again inviting the public to comment on whether a spot Bitcoin ETF presents a material risk to investors.", "source_name": "Cointelegraph", "date": "Fri, 04 Feb 2022 18:33:53 -0500", "topics": ["regulations"], "sentiment": "Negative", "type": "Article", "tickers": ["BTC"]}, {"news_url": "https://www.fool.com/investing/2022/02/04/why-bitcoin-mining-stocks-soared-on-friday/", "image_url": "https://crypto.snapi.dev/images/v1/u/z/urlhttps3a2f2fgfoolcdncom2feditorial2fimages2f6647712finvestor-looks-at-chart-holding-bitcoinjpgw700opresize-105875.jpg", "title": "Why Bitcoin Mining Stocks Soared on Friday", "text": "The price of Bitcoin was up, and so are the quantities of tokens these companies are mining.", "source_name": "The Motley Fool", "date": "Fri, 04 Feb 2022 18:01:22 -0500", "topics": ["mining"], "sentiment": "Positive", "type": "Article", "tickers": ["BTC"]}, {"news_url": "https://bitcoinmagazine.com/culture/ottawa-truckers-and-bitcoin", "image_url": "https://crypto.snapi.dev/images/v1/b/o/why-libertarians-should-prioritize-the-bitcoin-strategy-above-all-others-105873.png", "title": "18 Wheels, 21 Million Coins \u2014 Bitcoin Keeps Truckin'", "text": "The Ottawa freedom movement requires funding and support, and Bitcoin is best poised to facilitate this.", "source_name": "Bitcoin Magazine", "date": "Fri, 04 Feb 2022 18:00:00 -0500", "topics": [], "sentiment": "Positive", "type": "Article", "tickers": ["BTC"]}, {"news_url": "https://www.newsbtc.com/news/solana/solana-price-soars-10-as-325-million-reinstated-on-wormhole/", "image_url": "https://crypto.snapi.dev/images/v1/i/c/solana-price-105869.png", "title": "Solana Price Soars 10% As $325 Million Reinstated on Wormhole", "text": "The Solana price has been on an upswing ever since the bloodbath that followed DeFi's largest hack of 2022. The Wormhole network stated that stolen money had been restored, giving Solana price some much-needed relief.", "source_name": "NewsBTC", "date": "Fri, 04 Feb 2022 17:46:46 -0500", "topics": [], "sentiment": "Positive", "type": "Article", "tickers": ["SOL"]}, {"news_url": "https://ambcrypto.com/sec-vs-ripple-judge-torres-unseals-three-documents-heres-what-it-means/", "image_url": "https://crypto.snapi.dev/images/v1/h/v/law-g2b0d2bb3a-1280-105867.jpg", "title": "SEC vs Ripple: Judge Torres unseals three documents, here's what it means", "text": "Attorney Jeremy Hogan took to Twitter to comment that, \u201cThe next couple months will be very interesting with all the major rulings that are being teed up!\u201d The Ripple-SEC lawsuit is indeed at a crucial juncture.", "source_name": "AMBCrypto", "date": "Fri, 04 Feb 2022 17:30:32 -0500", "topics": ["regulations"], "sentiment": "Neutral", "type": "Article", "tickers": ["XRP"]}, {"news_url": "https://www.reuters.com/technology/bitcoin-surges-882-40611-2022-02-04/", "image_url": "https://crypto.snapi.dev/images/v1/r/d/5khwyf53xbnefldiu4b47bzyqe-105866.jpg", "title": "Bitcoin surges 8.82% to $40,611", "text": "Bitcoin surged 8.82% to $40,611.4 at 2202 GMT on Friday, adding $3,291.29 to its previous close.", "source_name": "Reuters", "date": "Fri, 04 Feb 2022 17:28:06 -0500", "topics": [], "sentiment": "Positive", "type": "Article", "tickers": ["BTC"]}, {"news_url": "https://www.youtube.com/watch?v=TkDafDE8DOA", "image_url": "https://crypto.snapi.dev/images/v1/e/p/market-recap-feb-4-stocks-close-off-highs-bitcoin-climbs-105868.jpg", "title": "Market recap Feb 4: Stocks close off highs, bitcoin climbs", "text": "#stockmarket #stocks #bitcoin Yahoo Finance's Jared Blikre discusses how the markets closed on Feb. 4. Don't Miss: Valley of Hype: The Culture That Built Elizabeth Holmes WATCH HERE: https://youtu.be/Sb179GLPNYE Watch the 2021 Berkshire Hathaway Annual Shareholders Meeting on YouTube: https://youtu.be/gx-OzwHpM9k Subscribe to Yahoo Finance: https://yhoo.it/2fGu5Bb About Yahoo Finance: At Yahoo Finance, you get free stock quotes, up-to-date news, portfolio management resources, international market data, social interaction and mortgage rates that help you manage your financial life.", "source_name": "Yahoo Finance", "date": "Fri, 04 Feb 2022 17:28:05 -0500", "topics": [], "sentiment": "Positive", "type": "Video", "tickers": ["BTC"]}, {"news_url": "https://bitcoinmagazine.com/business/superfood-chain-everbowl-adopts-bitcoin-standard", "image_url": "https://crypto.snapi.dev/images/v1/8/4/orange-pill-105862.jpg", "title": "Superfood Chain Everbowl Adopts Bitcoin Standard", "text": "The California-based food chain said inflation and eroding purchasing power of fiat currencies prompted the switch into Bitcoin.", "source_name": "Bitcoin Magazine", "date": "Fri, 04 Feb 2022 17:12:50 -0500", "topics": [], "sentiment": "Positive", "type": "Article", "tickers": ["BTC"]}, {"news_url": "https://www.fool.com/investing/2022/02/04/why-dogecoin-polkadot-and-the-sandbox-all-jumped-f/", "image_url": "https://crypto.snapi.dev/images/v1/h/d/urlhttps3a2f2fgfoolcdncom2feditorial2fimages2f6647642fcryptocurrency-imagejpgw700opresize-105861.jpg", "title": "Why Dogecoin, Polkadot, and The Sandbox All Jumped Friday", "text": "There could be good news from Congress on the horizon.", "source_name": "The Motley Fool", "date": "Fri, 04 Feb 2022 17:08:31 -0500", "topics": [], "sentiment": "Positive", "type": "Article", "tickers": ["DOGE", "DOT", "SAND"]}, {"news_url": "https://www.forbes.com/sites/cbovaird/2022/02/04/bitcoin-breaks-free-of-its-malaise-to-surpass-the-40000-level/", "image_url": "https://crypto.snapi.dev/images/v1/p/b/bitcoin-breaks-free-of-its-malaise-to-surpass-the-40000-level-105853.jpg", "title": "Bitcoin Breaks Free Of Its Malaise To Surpass The $40,000 Level", "text": "Bitcoin prices broke through the $40,000 today, climbing out of the doldrums they had experienced in recent weeks. What caused this move? Several analysts weigh in.", "source_name": "Forbes", "date": "Fri, 04 Feb 2022 16:42:52 -0500", "topics": [], "sentiment": "Positive", "type": "Article", "tickers": ["BTC"]}, {"news_url": "https://bitcoinmagazine.com/business/bitcoin-art-collection-support-aarika-rhodes", "image_url": "https://crypto.snapi.dev/images/v1/a/z/improving-nfts-for-bitcoin-artists-105852.jpg", "title": "Bitcoin Art Collection Launched To Support Aarika Rhodes' Campaign", "text": "Bitcoin marketplace Scarce City launched a collection of Bitcoin-tokenized T-shirts to support Rhodes' congressional campaign.", "source_name": "Bitcoin Magazine", "date": "Fri, 04 Feb 2022 16:35:31 -0500", "topics": [], "sentiment": "Neutral", "type": "Article", "tickers": ["BTC"]}, {"news_url": "https://ambcrypto.com/report-polkadot-emits-the-least-carbon-per-year-out-of-these-six-alts/", "image_url": "https://crypto.snapi.dev/images/v1/y/c/ine-carriquiry-ddvcpbohlv0-unsplash-2-105848.jpg", "title": "Report: Polkadot emits the least carbon per year out of these six alts", "text": "Everybody in the crypto sector has heard the cliche that proof-of-work blockchains destroy the earth, while proof-of-stake blockchains preserve it. However, the world isn't so simple and neither are the rules so clear-cut.", "source_name": "AMBCrypto", "date": "Fri, 04 Feb 2022 16:30:50 -0500", "topics": [], "sentiment": "Neutral", "type": "Article", "tickers": ["DOT"]}, {"news_url": "https://invezz.com/news/2022/02/04/paxful-rolls-out-a-bitcoin-education-center-in-el-salvador/", "image_url": "https://crypto.snapi.dev/images/v1/n/v/paxful-bilira-and-cointral-team-up-to-push-crypto-trading-740x416-105845.jpg", "title": "Paxful rolls out a Bitcoin education center in El Salvador", "text": "Paxful, a leading peer-to-peer (P2P) crypto trading platform, has opened an education and training center that focuses on Bitcoin (BTC/USD) in the heart of El Salvador. The firm unveiled this news via a blog post on February 2, noting that the center is dubbed La Casa Del Bitcoin. Reportedly, this center seeks to offer free [\u2026] The post Paxful rolls out a Bitcoin education center in El Salvador appeared first on Invezz.", "source_name": "Invezz", "date": "Fri, 04 Feb 2022 16:16:44 -0500", "topics": [], "sentiment": "Neutral", "type": "Article", "tickers": ["BTC"]}, {"news_url": "https://decrypt.co/92167/ray-dalio-bitcoin-crypto-get-too-much-attention", "image_url": "https://crypto.snapi.dev/images/v1/t/5/ray-dalio-bitcoin-gid-5-105840.jpg", "title": "Ray Dalio: Bitcoin and Crypto Get 'Too Much Attention'", "text": "The Bridgewater Associates founder opined on risks, both economic and political, in a recent interview.", "source_name": "Decrypt", "date": "Fri, 04 Feb 2022 16:09:47 -0500", "topics": [], "sentiment": "Neutral", "type": "Article", "tickers": ["BTC"]}, {"news_url": "https://www.newsbtc.com/all/what-could-push-bitcoin-above-the-100k-threshold/", "image_url": "https://crypto.snapi.dev/images/v1/z/g/jeremy-bezanger-b5wswr6na6u-unsplash-105889.jpg", "title": "What Could Push Bitcoin Above The $100K Threshold", "text": "Despite the recent downfall of the crypto market, the projection of Bitcoin (BTC) to cross the $100k threshold remains seen as a matter of time. Back in December, Bloomberg Intelligence indicated that the anticipated mark would happen eventually \u201cdue to the economic basics of increasing demand vs.", "source_name": "NewsBTC", "date": "Fri, 04 Feb 2022 16:00:53 -0500", "topics": [], "sentiment": "Positive", "type": "Article", "tickers": ["BTC"]}, {"news_url": "https://dailyhodl.com/2022/02/04/investor-sentiment-in-bitcoin-and-ethereum-improving-amid-crypto-market-correction-according-to-coinshares/", "image_url": "https://crypto.snapi.dev/images/v1/u/f/investor-sentiment-bitcoin-ethereumjpgfit10242c600ssl1-105857.jpg", "title": "Investor Sentiment in Bitcoin and Ethereum Improving Amid Crypto Market Correction, According to CoinShares", "text": "The recent crypto market meltdown drove investor enthusiasm toward the two largest crypto assets by market cap, according to a new survey conducted by digital asset manager CoinShares. The digital asset manager says that while investor sentiment for Bitcoin (BTC) and (ETH) improved in December of 2021, Cardano (ADA), Solana (SOL) and additional altcoins witnessed [\u2026] The post Investor Sentiment in Bitcoin and Ethereum Improving Amid Crypto Market Correction, According to CoinShares appeared first on The Daily Hodl.", "source_name": "The Daily Hodl", "date": "Fri, 04 Feb 2022 16:00:01 -0500", "topics": [], "sentiment": "Positive", "type": "Article", "tickers": ["BTC", "ETH"]}, {"news_url": "https://dailyhodl.com/2022/02/04/these-are-the-crucial-regions-bitcoin-btc-must-flip-according-to-crypto-analyst-michael-van-de-poppe/", "image_url": "https://crypto.snapi.dev/images/v1/6/a/crucial-regions-bitcoinjpgfit10242c600ssl1-105858.jpg", "title": "These Are the Crucial Regions Bitcoin (BTC) Must Flip, According to Crypto Analyst Micha\u00ebl van de Poppe", "text": "A widely-followed crypto analyst says Bitcoin (BTC) is showing strength but needs to flip certain levels to continue its recent near 10% rebound. In a YouTube update, Van de Poppe\u00a0tells\u00a0his 165,000 subscribers that BTC is still carving out a comfortable range for itself. \u201cWe have been taking the actual low there around $36.4k, and as [\u2026] The post These Are the Crucial Regions Bitcoin (BTC) Must Flip, According to Crypto Analyst Micha\u00ebl van de Poppe appeared first on The Daily Hodl.", "source_name": "The Daily Hodl", "date": "Fri, 04 Feb 2022 15:55:23 -0500", "topics": [], "sentiment": "Neutral", "type": "Article", "tickers": ["BTC"]}, {"news_url": "https://www.youtube.com/watch?v=iPCMlZ6n4xQ", "image_url": "https://crypto.snapi.dev/images/v1/v/k/retail-bitcoin-remain-bullishjpgfit10242c600ssl1-105472-105836.jpg", "title": "Amazon stock on track for largest single-day market cap gain ever, bitcoin price pops", "text": "#Amazon #Amazonstock #Amazonearnings Yahoo Finance Live's Jared Blikre breaks down midday trading in the stock market. Don't Miss: Valley of Hype: The Culture That Built Elizabeth Holmes WATCH HERE: https://youtu.be/Sb179GLPNYE Watch the 2021 Berkshire Hathaway Annual Shareholders Meeting on YouTube: https://youtu.be/gx-OzwHpM9k Subscribe to Yahoo Finance: https://yhoo.it/2fGu5Bb About Yahoo Finance: At Yahoo Finance, you get free stock quotes, up-to-date news, portfolio management resources, international market data, social interaction and mortgage rates that help you manage your financial life.", "source_name": "Yahoo Finance", "date": "Fri, 04 Feb 2022 15:51:18 -0500", "topics": [], "sentiment": "Positive", "type": "Video", "tickers": ["BTC"]}, {"news_url": "https://www.theblockcrypto.com/linked/133101/sec-again-delays-decision-on-grayscales-bitcoin-etf-conversion-proposal", "image_url": "https://crypto.snapi.dev/images/v1/c/a/211029-sec-general4-800x450-105831.jpg", "title": "SEC again delays decision on Grayscale's bitcoin ETF conversion proposal", "text": "The Securities and Exchange Commission (SEC) said Friday that it would again delay a determination on Grayscale's proposed bitcoin exchange-traded fund (ETF). The post SEC again delays decision on Grayscale's bitcoin ETF conversion proposal appeared first on The Block.", "source_name": "The Block", "date": "Fri, 04 Feb 2022 15:38:00 -0500", "topics": ["regulations"], "sentiment": "Negative", "type": "Article", "tickers": ["BTC"]}, {"news_url": "https://www.newsbtc.com/news/ethereum/why-ethereum-could-see-4x-increase-says-this-model/", "image_url": "https://crypto.snapi.dev/images/v1/w/5/ethereum-1-105827.jpeg", "title": "Why Ethereum Could See 4x Increase, Says This Model", "text": "Ethereum has experienced a market pullback following bitcoin recently. Although the market remains in a downtrend, the digital asset has been holding up quite nicely.", "source_name": "NewsBTC", "date": "Fri, 04 Feb 2022 15:30:03 -0500", "topics": [], "sentiment": "Positive", "type": "Article", "tickers": ["ETH"]}, {"news_url": "https://invezz.com/news/2022/02/04/coinbase-teams-up-with-turbo-tax-to-offer-tax-refunds-in-btc/", "image_url": "https://crypto.snapi.dev/images/v1/n/q/coinbase-acquires-ai-powered-customer-support-startup-agara-for-40m-105825.jpg", "title": "Coinbase teams up with Turbo Tax to offer tax refunds in BTC", "text": "Leading American crypto exchange Coinbase has inked a deal with Turbo Tax to enable crypto adopters to get tax refunds in Bitcoin (BTC/USD) and over 100 other cryptocurrencies. A report unveiled this news on February 3, noting that this initiative seeks to lighten the load for crypto holders as the Internal Revenue Service (IRS) becomes [\u2026] The post Coinbase teams up with Turbo Tax to offer tax refunds in BTC appeared first on Invezz.", "source_name": "Invezz", "date": "Fri, 04 Feb 2022 15:23:45 -0500", "topics": ["taxes"], "sentiment": "Neutral", "type": "Article", "tickers": ["BTC"]}, {"news_url": "https://investorplace.com/2022/02/btc-eth-ada-xrp-why-is-crypto-going-up-today/", "image_url": "https://crypto.snapi.dev/images/v1/t/f/crypto12-105821.jpg", "title": "BTC, ETH, ADA, XRP: Why Is Crypto Going Up Today?", "text": "Investors asking the question why is crypto going up today may want to consider a key sentiment shift underway in the markets.", "source_name": "Investorplace", "date": "Fri, 04 Feb 2022 15:08:17 -0500", "topics": [], "sentiment": "Positive", "type": "Article", "tickers": ["ADA", "BTC", "ETH", "XRP"]}], "total_pages": 39}