{"data": [{"news_url": "https://dailyhodl.com/2022/02/25/ethereum-is-neutral-but-i-am-not-eth-founder-vitalik-buterin-denounces-russias-invasion-of-ukraine/", "image_url": "https://crypto.snapi.dev/images/v1/c/y/neutral-vitalik-ukrainejpgfit10242c600ssl1-112597.jpg", "title": "\u2018Ethereum Is Neutral but I Am Not': ETH Founder Vitalik Buterin Denounces Russia's Invasion of Ukraine", "text": "One of the most prominent figures in the crypto community is publicly denouncing Russia's invasion of Ukraine. Ethereum (ETH) co-founder and billionaire Vitalik Buterin took to Twitter to blast Russian President Vladimir Putin's decision to launch an attack on Ukraine, Russia's neighbor to the west, in a territorial dispute. Says the programmer, in a tweet [\u2026] The post \u2018Ethereum Is Neutral but I Am Not': ETH Founder Vitalik Buterin Denounces Russia's Invasion of Ukraine appeared first on The Daily Hodl.", "source_name": "The Daily Hodl", "date": "Fri, 25 Feb 2022 14:45:19 -0500", "topics": [], "sentiment": "Neutral", "type": "Article", "tickers": ["ETH"]}, {"news_url": "https://cointelegraph.com/news/bitcoin-traders-say-34k-was-the-bottom-but-data-says-it-s-too-early-to-tell", "image_url": "https://crypto.snapi.dev/images/v1/c/x/840-ahr0chm6ly9zmy5jb2ludgvszwdyyxbolmnvbs91cgxvywrzlziwmjitmdivytm3owm4ntctn2i4my00nzlllwjiywetowi1ngyynmrmndi0lmpwzw-112588.jpg", "title": "Bitcoin traders say $34K was the bottom, but data says it's too early to tell", "text": "Bitcoin traders say the bottom is in, but it's important to also consider BTC's correlation to equities markets.", "source_name": "Cointelegraph", "date": "Fri, 25 Feb 2022 14:35:00 -0500", "topics": [], "sentiment": "Neutral", "type": "Article", "tickers": ["BTC"]}, {"news_url": "https://dailyhodl.com/2022/02/25/massive-ethereum-holder-targets-dogecoin-competitor-shiba-inu-adding-49998916299-shib-as-crypto-markets-rebound/", "image_url": "https://crypto.snapi.dev/images/v1/h/o/holder-targets-shibajpgfit10242c600ssl1-112601.jpg", "title": "Massive Ethereum Holder Targets Dogecoin Competitor Shiba Inu, Adding 49,998,916,299 SHIB As Crypto Markets Rebound", "text": "As the overall markets grapple with geopolitical instability, crypto whales are scooping up one altcoin in massive amounts. Cryptocurrency analytics firm Santiment is tracking the buying and selling behavior of the biggest crypto wallets following Russia's incursion into neighboring Ukraine two nights ago. Santiment reports whale activity has increased five-fold compared to normal. \u201cCryptocurrency whales [\u2026] The post Massive Ethereum Holder Targets Dogecoin Competitor Shiba Inu, Adding 49,998,916,299 SHIB As Crypto Markets Rebound appeared first on The Daily Hodl.", "source_name": "The Daily Hodl", "date": "Fri, 25 Feb 2022 14:05:20 -0500", "topics": [], "sentiment": "Positive", "type": "Article", "tickers": ["DOGE", "ETH", "SHIB"]}, {"news_url": "https://www.newsbtc.com/news/bitcoin/170-million-futures-liquidate-bitcoin-recovers-38k/", "image_url": "https://crypto.snapi.dev/images/v1/g/o/kanchanara-tl9npbm0khy-unsplash-1-scaled-112575.jpg", "title": "$170 Million In Futures Liquidate As Bitcoin Recovers Above $38k", "text": "Data shows more than $170 million in Bitcoin futures has liquidated over the past 24 hours as the price of the crypto makes sharp recovery above $38k. BTC Price Makes Sharp Recovery From Crash Due To Russia's Invasion Of Ukraine Following the commencement of the Russian invasion of Ukraine yesterday, the price of Bitcoin took a deep plunge down as investors pulled out of the market.", "source_name": "NewsBTC", "date": "Fri, 25 Feb 2022 14:00:22 -0500", "topics": ["futures"], "sentiment": "Positive", "type": "Article", "tickers": ["BTC"]}, {"news_url": "https://u.today/new-twist-to-xrp-lawsuit-as-sec-files-an-opposition-to-handing-over-estabrook-notes-details?SNAPI", "image_url": "https://crypto.snapi.dev/images/v1/y/w/12948-112577.jpg", "title": "New Twist to XRP Lawsuit as SEC Files an Opposition to Handing Over Estabrook Notes: Details", "text": "SEC submits notes to Judge Netburn for on-camera review", "source_name": "UToday", "date": "Fri, 25 Feb 2022 14:00:00 -0500", "topics": ["regulations"], "sentiment": "Negative", "type": "Article", "tickers": ["XRP"]}, {"news_url": "https://www.youtube.com/watch?v=RTd6p52MqrQ", "image_url": "https://crypto.snapi.dev/images/v1/d/4/bitcoins-price-headed-for-100000-following-transition-phase-strategist-112576.jpg", "title": "Bitcoin's price headed for $100,000 following 'transition' phase: Strategist", "text": "#Bitcoin #Bitcoinprice #crypto Bloomberg Intelligence Commodity Strategist Mike McGlone joins Yahoo Finance Live to discuss bitcoin's recent price action and the outlook for the cryptocurrency market. Don't Miss: Valley of Hype: The Culture That Built Elizabeth Holmes WATCH HERE: https://youtu.be/Sb179GLPNYE Watch the 2021 Berkshire Hathaway Annual Shareholders Meeting on YouTube: https://youtu.be/gx-OzwHpM9k Subscribe to Yahoo Finance: https://yhoo.it/2fGu5Bb About Yahoo Finance: At Yahoo Finance, you get free stock quotes, up-to-date news, portfolio management resources, international market data, social interaction and mortgage rates that help you manage your financial life.", "source_name": "Yahoo Finance", "date": "Fri, 25 Feb 2022 13:50:12 -0500", "topics": [], "sentiment": "Positive", "type": "Video", "tickers": ["BTC"]}, {"news_url": "https://www.newsbtc.com/news/defi/nft-activity-on-ethereum/", "image_url": "https://crypto.snapi.dev/images/v1/5/w/nft-activity-112565.jpg", "title": "NFT Vs. DeFi: NFT Activity On Ethereum Rises While Bitcoin Demand On DeFi Falls", "text": "NFT activity is an important element in the Ethereum blockchain, accounting for most network transfers. Demand for Bitcoin in the Ethereum ecosystem has decreased dramatically since the beginning of the year.", "source_name": "NewsBTC", "date": "Fri, 25 Feb 2022 13:45:30 -0500", "topics": ["NFT"], "sentiment": "Positive", "type": "Article", "tickers": ["ETH"]}, {"news_url": "https://cointelegraph.com/news/price-analysis-2-25-btc-eth-bnb-xrp-ada-sol-avax-luna-doge-dot", "image_url": "https://crypto.snapi.dev/images/v1/g/p/840-ahr0chm6ly9zmy5jb2ludgvszwdyyxbolmnvbs91cgxvywrzlziwmjitmdivndmwotewyzqtztyzzs00odriltgwnjktztfhmdvjoduzmtvklmpwzw-112563.jpg", "title": "Price analysis 2/25: BTC, ETH, BNB, XRP, ADA, SOL, AVAX, LUNA, DOGE, DOT", "text": "BTC is etching daily higher lows and altcoins are holding on to their recent gains, suggesting that a market bottom could be in place.", "source_name": "Cointelegraph", "date": "Fri, 25 Feb 2022 13:16:33 -0500", "topics": ["tanalysis"], "sentiment": "Neutral", "type": "Article", "tickers": ["ADA", "AVAX", "BNB", "BTC", "DOGE", "LUNA", "SOL", "XRP", "DOT", "ETH"]}, {"news_url": "https://www.youtube.com/watch?v=jk7ITXVuJDg", "image_url": "https://crypto.snapi.dev/images/v1/s/b/4-million-in-crowdfunded-bitcoin-donations-flow-to-ukraine-ted-cruz-praises-crypto-112562.jpg", "title": "$4 million in crowdfunded bitcoin donations flow to Ukraine, Ted Cruz praises crypto", "text": "#Ukraine #Ukrainedonations #crypto Yahoo Finance's David Hollerith reports on $4 million in crypto donations have been sent to Ukraine and Sen. Ted Cruz (R-TX) voiced support for crypto at CPAC.", "source_name": "Yahoo Finance", "date": "Fri, 25 Feb 2022 13:04:08 -0500", "topics": [], "sentiment": "Positive", "type": "Video", "tickers": ["BTC"]}, {"news_url": "https://cryptodaily.co.uk/2022/02/btc-usd-regains-some-lost-ground-sally-ho-technical-analysis-26-february-2022-btc-bitcoin", "image_url": "https://crypto.snapi.dev/images/v1/v/v/bs-8-112469-112555.jpeg", "title": "BTC/USD Regains Some Lost Ground: Sally Ho's Technical Analysis 26 February 2022 BTC", "text": "Bitcoin (BTC/USD) reclaimed some lost ground early in the Asian session as the pair moved back above the 38000 figure and peaked around the 39720 level, representing a test of the 50% retracement of the recent depreciating range from 44775.96 to 34222.\u00a0 Stops were elected above the 36789, 37043, 38315, 38727, and 39548 areas during the move higher, upside retracement levels related to recent selling pressure that intensified around the 45855 and 44775.96 levels.", "source_name": "Crypto Daily", "date": "Fri, 25 Feb 2022 13:00:00 -0500", "topics": ["tanalysis"], "sentiment": "Negative", "type": "Article", "tickers": ["BTC"]}, {"news_url": "https://coinpedia.org/uncategorized/are-whales-banking-on-eth-enj-comp-and-band-for-a-25-surge/", "image_url": "https://crypto.snapi.dev/images/v1/c/o/crypto5-112556.jpg", "title": "Are Whales Banking On ETH, ENJ, AXS, COMP, And BAND For A 25% Surge This Q1?", "text": "The global crypto market's rise from its shadows has been baffling for the crypto fraternity. Who had little expectations of the market rebounding at this brisk pace? Folks from the business have been lucubrating the events that led to the revival of the market's positive trends. In the midst of the market's rebound, the sudden \u2026", "source_name": "CoinPedia", "date": "Fri, 25 Feb 2022 12:59:42 -0500", "topics": ["whales"], "sentiment": "Positive", "type": "Article", "tickers": ["COMP", "ENJ", "AXS", "BAND", "ETH"]}, {"news_url": "https://dailyhodl.com/2022/02/25/tesla-was-very-ignorant-on-bitcoins-environmental-impact-when-it-initially-bought-btc-elon-musks-brother/", "image_url": "https://crypto.snapi.dev/images/v1/h/z/tesla-impact-brotherjpgfit10242c600ssl1-112561.jpg", "title": "Tesla Was \u2018Very Ignorant' on Bitcoin's Environmental Impact When It Initially Bought BTC: Elon Musk's Brother", "text": "Kimbal Musk, the younger brother of Tesla CEO and billionaire Elon Musk, says he regrets the electric vehicle company's decision to buy $1.5 billion worth of Bitcoin (BTC) a year ago. While speaking at the ETHDenver conference, the longtime Tesla board member says they were thinking about BTC as a store of value and were [\u2026] The post Tesla Was \u2018Very Ignorant' on Bitcoin's Environmental Impact When It Initially Bought BTC: Elon Musk's Brother appeared first on The Daily Hodl.", "source_name": "The Daily Hodl", "date": "Fri, 25 Feb 2022 12:55:28 -0500", "topics": [], "sentiment": "Negative", "type": "Article", "tickers": ["BTC"]}, {"news_url": "https://cryptoslate.com/luna-rallies-bitcoin-jumps-above-39k-as-war-in-ukraine-continues/", "image_url": "https://crypto.snapi.dev/images/v1/e/d/crypto-bitcoin-rallies-112551.jpg", "title": "LUNA rallies, Bitcoin jumps above $39k as war in Ukraine continues", "text": "Some days make it difficult to find joy, even as crypto markets are rallying. The post LUNA rallies, Bitcoin jumps above $39k as war in Ukraine continues appeared first on CryptoSlate.", "source_name": "CryptoSlate", "date": "Fri, 25 Feb 2022 12:46:16 -0500", "topics": [], "sentiment": "Positive", "type": "Article", "tickers": ["BTC", "LUNA"]}, {"news_url": "https://bitcoinist.com/senator-ted-cruz-singing-bitcoins-praises/", "image_url": "https://crypto.snapi.dev/images/v1/n/n/tedcruz-621x420-112550.png", "title": "Watch Senator Ted Cruz Singing Bitcoin's Praises At A Conservative Conference", "text": "It's official, Senator Ted Cruz is a bitcoiner. At least, to the degree to which we can trust politicians.", "source_name": "Bitcoinist", "date": "Fri, 25 Feb 2022 12:43:57 -0500", "topics": ["regulations"], "sentiment": "Positive", "type": "Article", "tickers": ["BTC"]}, {"news_url": "https://decrypt.co/93840/ukraine-military-bitcoin-donations-over-4-million", "image_url": "https://crypto.snapi.dev/images/v1/v/c/bitcoin-in-ukraine-gid-4-112548.jpg", "title": "Ukraine Military Bitcoin Donations Surge to Over $4 Million", "text": "Most of the cryptocurrency was sent by a single donor who sent $3 million.", "source_name": "Decrypt", "date": "Fri, 25 Feb 2022 12:35:08 -0500", "topics": [], "sentiment": "Neutral", "type": "Article", "tickers": ["BTC"]}, {"news_url": "https://www.youtube.com/watch?v=bWuRUwB9rHU", "image_url": "https://crypto.snapi.dev/images/v1/x/l/gold-outperforms-bitcoin-as-the-cryptos-safe-haven-status-comes-into-question-112552.jpg", "title": "Gold outperforms Bitcoin as the crypto's safe-haven status comes into question", "text": "CNBC's Dominic Chu reports on recent trends in cryptocurrency prices.", "source_name": "CNBC Television", "date": "Fri, 25 Feb 2022 12:30:48 -0500", "topics": [], "sentiment": "Negative", "type": "Video", "tickers": ["BTC"]}, {"news_url": "https://news.bitcoin.com/russian-bitcoin-mining-assessed-amid-conflict-with-ukraine-large-eth-pool-cancels-service-to-russia/", "image_url": "https://crypto.snapi.dev/images/v1/f/k/jjjjjjjj-112547.jpg", "title": "Russian Bitcoin Mining Assessed Amid Conflict With Ukraine, Large ETH Pool Cancels Service to Russia", "text": "With the conflict between Russia and Ukraine, many observers are curious about the large quantity of hashrate located in Russia, as the region reportedly controls the third-largest sum of SHA256 hashpower worldwide. Furthermore, on February 24, the ethereum mining operation Flexpool announced it has halted services to Russia entirely. \u201cWe apologize to our Russian miners; [\u2026]", "source_name": "Bitcoin", "date": "Fri, 25 Feb 2022 12:30:41 -0500", "topics": ["mining"], "sentiment": "Negative", "type": "Article", "tickers": ["BTC"]}, {"news_url": "https://cryptopotato.com/following-the-ukraine-conflict-ethereum-mining-pool-ceases-all-services-to-russians/", "image_url": "https://crypto.snapi.dev/images/v1/o/p/flexpool-russia-112544.jpg", "title": "Following The Ukraine Conflict: Ethereum Mining Pool Ceases All Services to Russia", "text": "Russia's invasion is \"a war ending the lives of many innocent people\" and thus Flexpool terminated its services to Russian customers.", "source_name": "CryptoPotato", "date": "Fri, 25 Feb 2022 12:30:08 -0500", "topics": ["mining"], "sentiment": "Negative", "type": "Article", "tickers": ["ETH"]}, {"news_url": "https://decrypt.co/93838/eu-delays-vote-on-crypto-regulations-amid-bitcoin-energy-debate", "image_url": "https://crypto.snapi.dev/images/v1/q/m/shutterstock-1051293476-2-1-scaled-gid-5-112543.jpg", "title": "EU Delays Vote on Crypto Regulations Amid Bitcoin Energy Debate", "text": "The European Parliament has delayed a vote on crypto regulations over an ongoing debate about proof-of-work crypto mining.", "source_name": "Decrypt", "date": "Fri, 25 Feb 2022 12:22:23 -0500", "topics": ["regulations"], "sentiment": "Neutral", "type": "Article", "tickers": ["BTC"]}, {"news_url": "https://www.dcforecasts.com/bitcoin-news/bitfury-launches-bitcoin-mining-facility-in-canada-report/", "image_url": "https://crypto.snapi.dev/images/v1/e/o/1200px-flag-of-canada-pantonesvg-112523.png", "title": "BitFury Launches Bitcoin Mining Facility In Canada: Report", "text": "BitFury launches Bitcoin mining facility In Canada of the southern town of Sarnia as we can see more today in our latest Bitcoin news. The Amsterdam-based BTC mining company BitFury launches a Bitcoin mining facility in Canada which will launch with an operational capacity of 16MW while an additional 12MW will be beaded by the [\u2026]", "source_name": "DCForecasts", "date": "Fri, 25 Feb 2022 12:13:25 -0500", "topics": ["mining"], "sentiment": "Positive", "type": "Article", "tickers": ["BTC"]}, {"news_url": "https://www.dcforecasts.com/bitcoin-news/3-million-in-btc-donated-to-ukraines-charitable-organizations/", "image_url": "https://crypto.snapi.dev/images/v1/z/o/ukraine-112522.png", "title": "$3 Million In BTC Donated To Ukraine's Charitable Organizations", "text": "Up to $3 million in BTC have been so far donated to Ukraine's charitable organizations while the military equipment provider Come Back Alive recieved up to $400,000 worth of BTC in the last 24 hours so let's read furhter in today's latest Bitcoin news. Accoridng to the data from Elliptic, people donated $400,000 worth of [\u2026]", "source_name": "DCForecasts", "date": "Fri, 25 Feb 2022 12:09:00 -0500", "topics": [], "sentiment": "Neutral", "type": "Article", "tickers": ["BTC"]}, {"news_url": "https://invezz.com/news/2022/02/25/risk-returns-to-crypto-as-some-bitcoin-donations-make-their-way-to-ukraine/", "image_url": "https://crypto.snapi.dev/images/v1/e/4/88575448-s-112521.jpg", "title": "Risk returns to crypto as some Bitcoin donations make their way to Ukraine", "text": "Bitcoin and digital assets analyst Marcus Sotiriou says that risk-on sentiment is back in the crypto market after Thursday's sell-off that wiped off $143 million in BTC shorts within hours. Bitcoin had dipped to lows of $34,600 early as investors freaked out amid news of Russia's invasion of Ukraine. However, early trades on Friday saw [\u2026] The post Risk returns to crypto as some Bitcoin donations make their way to Ukraine appeared first on Invezz.", "source_name": "Invezz", "date": "Fri, 25 Feb 2022 12:07:59 -0500", "topics": [], "sentiment": "Neutral", "type": "Article", "tickers": ["BTC"]}, {"news_url": "https://coingape.com/?p=102008", "image_url": "https://crypto.snapi.dev/images/v1/6/p/m1n2qel8-bitcoin-650-625x300-15-november-21-112520.jpg", "title": "Bitcoin (BTC) Plays Game Stop Alike Rally, $172 Short Liquidations In Last 24 hours.", "text": "Bitcoin's meteoric rally liquidated about $172 million in short positions in the last 24 hours, data from coinglass.com shows. The currency led a crypto market recovery from one-month lows as U.S. President Joe Biden held off on completely blocking Russia from the global financial system.", "source_name": "Coingape", "date": "Fri, 25 Feb 2022 12:03:50 -0500", "topics": [], "sentiment": "Positive", "type": "Article", "tickers": ["BTC"]}, {"news_url": "https://www.newsbtc.com/news/bitcoin/battle-of-the-hedges-how-gold-and-bitcoin-have-performed-with-russia-ukraine-conflict/", "image_url": "https://crypto.snapi.dev/images/v1/z/a/bitcon-and-gold-112516.jpeg", "title": "Battle Of The Hedges: How Gold And Bitcoin Have Performed With Russia-Ukraine Conflict", "text": "Bitcoin and gold have been going head to head in performance in light of the recent crisis between Russia and Ukraine. As the conflict rages on, the financial markets have been hit hard.", "source_name": "NewsBTC", "date": "Fri, 25 Feb 2022 12:00:15 -0500", "topics": [], "sentiment": "Neutral", "type": "Article", "tickers": ["BTC"]}, {"news_url": "https://bitcoinmagazine.com/culture/bitcoin-technology-raises-consciousness", "image_url": "https://crypto.snapi.dev/images/v1/6/i/green-bitcoin-mining-112517.jpg", "title": "Bitcoin Is Consciousness-Raising Technology On The Path Toward Enlightenment", "text": "Bitcoin will aid humanity in raising its levels of consciousness when self valuing people secure their individuality and everyone's self interests are aligned.", "source_name": "Bitcoin Magazine", "date": "Fri, 25 Feb 2022 12:00:00 -0500", "topics": [], "sentiment": "Positive", "type": "Article", "tickers": ["BTC"]}, {"news_url": "https://www.cryptopolitan.com/bitcoin-price-analysis-2022-02-25/", "image_url": "https://crypto.snapi.dev/images/v1/2/9/bitcoin-price-analysis-2022-02-25-112514.png", "title": "Bitcoin price analysis: BTC moves back to $39,500, looks for a breakout", "text": "TL;DR Breakdown Bitcoin price analysis is bullish today. BTC/USD returned to $39,500 late yesterday.", "source_name": "Cryptopolitan", "date": "Fri, 25 Feb 2022 11:51:50 -0500", "topics": ["tanalysis"], "sentiment": "Positive", "type": "Article", "tickers": ["BTC"]}, {"news_url": "https://bitcoinmagazine.com/business/4-million-in-bitcoin-has-been-donated-to-ukraine-military-support-groups", "image_url": "https://crypto.snapi.dev/images/v1/x/9/ukraine2-112513.png", "title": "$4.2 Million In Bitcoin Has Been Donated To Ukrainian Military Support Groups", "text": "$4.2 million in bitcoin was donated to a wallet operated by a Ukrainian non-governmental organization assisting the military.", "source_name": "Bitcoin Magazine", "date": "Fri, 25 Feb 2022 11:49:24 -0500", "topics": [], "sentiment": "Neutral", "type": "Article", "tickers": ["BTC"]}, {"news_url": "https://www.cryptopolitan.com/bitcoin-ethereum-avalanche-terra-price-analysis-25-february-morning-prediction/", "image_url": "https://crypto.snapi.dev/images/v1/j/d/roundup-v2-2-3-112511.png", "title": "Bitcoin, Ethereum, Avalanche, TERRA Price Analysis \u2014 25 February Morning Prediction", "text": "TL;DR Breakdown A rise in the price of Bitcoin is on the horizon. Ethereum is making development, but it is lagging behind the rest of the market.", "source_name": "Cryptopolitan", "date": "Fri, 25 Feb 2022 11:44:48 -0500", "topics": ["tanalysis"], "sentiment": "Positive", "type": "Article", "tickers": ["AVAX", "BTC", "ETH", "LUNA"]}, {"news_url": "https://www.dcforecasts.com/ethereum-news/eth-gets-upgraded-scaling-testnet-years-ahead-of-schedule/", "image_url": "https://crypto.snapi.dev/images/v1/d/a/dark-ethereum-112071-112535.jpg", "title": "ETH Gets Upgraded Scaling Testnet Years Ahead Of Schedule", "text": "ETH gets upgraded scaling testnet years ahead of schedule and the zkEVM test network will be the first that is able to change the scaling landscape in the near future so let's read more in today's latest ethereum news. zkSync is a protocol responsible for implementing ETH scaling platforms and it accomplished the unexpected yesterday [\u2026]", "source_name": "DCForecasts", "date": "Fri, 25 Feb 2022 11:42:11 -0500", "topics": [], "sentiment": "Positive", "type": "Article", "tickers": ["ETH"]}, {"news_url": "https://cryptodaily.co.uk/2022/02/judge-denies-latest-sec-motion-in-ripple-lawsuit", "image_url": "https://crypto.snapi.dev/images/v1/m/q/ripple-sec-112507.jpg", "title": "Judge Denies Latest SEC Motion In Ripple Lawsuit", "text": "Ripple gains another victory in the ongoing lawsuit, as the court has dismissed the U.S. Securities Exchange Commission's (SEC) latest bid to strike Ripple's fair notice affirmative defense.\u00a0 Sur-Sur-Reply Motion Denied The latest development in the SEC vs XRP case has been in favor of the fintech company, as Judge Analisa Torres denied the SEC's request to file its Sur-Sur-Reply, based on the outcome of a similar case against blockchain content platform LBRY.", "source_name": "Crypto Daily", "date": "Fri, 25 Feb 2022 11:20:00 -0500", "topics": ["regulations"], "sentiment": "Neutral", "type": "Article", "tickers": ["XRP"]}, {"news_url": "https://www.benzinga.com/markets/cryptocurrency/22/02/25835615/coinbase-expects-ethereum-staking-yields-to-hit-12-apr-after-the-merge?SNAPI", "image_url": "https://crypto.snapi.dev/images/v1/c/o/coinbase-mobile-ethereum-0-112528.png", "title": "Coinbase Expects Ethereum Staking Yields To Hit 12% APR After The Merge", "text": "Crypto exchange Coinbase Global Inc (NASDAQ: COIN) projects that the annual interest earned from staking Ethereum (CRYPTO: ETH) could double over the next few months.", "source_name": "Benzinga", "date": "Fri, 25 Feb 2022 11:12:00 -0500", "topics": [], "sentiment": "Positive", "type": "Article", "tickers": ["ETH"]}, {"news_url": "https://www.cryptopolitan.com/ethereum-price-analysis-2022-02-25/", "image_url": "https://crypto.snapi.dev/images/v1/v/i/ethereum-price-analysis-2022-02-25-112505.png", "title": "Ethereum price analysis: ETH rallies back to $2,750, looks to break higher?", "text": "TL;DR Breakdown Ethereum price analysis is bullish today. ETH/USD reclaimed previous loss late yesterday.", "source_name": "Cryptopolitan", "date": "Fri, 25 Feb 2022 11:10:15 -0500", "topics": ["tanalysis"], "sentiment": "Positive", "type": "Article", "tickers": ["ETH"]}, {"news_url": "https://u.today/bitcoin-recovers-above-39k-as-altcoins-post-double-digit-gains?SNAPI", "image_url": "https://crypto.snapi.dev/images/v1/t/y/12953-112502.jpg", "title": "Bitcoin Recovers Above $39K as Altcoins Post Double-Digit Gains", "text": "Bitcoin held onto its recovery from one-month lows of $34,322", "source_name": "UToday", "date": "Fri, 25 Feb 2022 11:08:00 -0500", "topics": [], "sentiment": "Positive", "type": "Article", "tickers": ["BTC"]}, {"news_url": "https://www.cryptopolitan.com/ukraine-invasion-bitcoin-gold-and-stock/", "image_url": "https://crypto.snapi.dev/images/v1/a/5/1-million-holders-30-112498.png", "title": "Ukraine invasion leads to soaring gold prices, as Bitcoin holds on\u00a0", "text": "TL;DR Breakdown Gold prices have spiked due to the Ukraine invasion.\u00a0 Stock markets continue to plummet.", "source_name": "Cryptopolitan", "date": "Fri, 25 Feb 2022 11:03:34 -0500", "topics": [], "sentiment": "Positive", "type": "Article", "tickers": ["BTC"]}, {"news_url": "https://www.youtube.com/watch?v=ZY8Glh1kgKM", "image_url": "https://crypto.snapi.dev/images/v1/z/f/canadian-truckers-turn-to-btc-as-gofundme-shuts-down-9m-in-donations-112504.jpg", "title": "Canadian Truckers Turn to BTC as GoFundMe Shuts Down $9M in Donations", "text": "A group of Canadian truckers has turned to bitcoin for donations following the suspension of a GoFundMe fundraiser. The GoFundMe account had received more than $9 million in donations toward Canadian truckers protesting vaccine mandates.", "source_name": "Coindesk", "date": "Fri, 25 Feb 2022 11:00:14 -0500", "topics": [], "sentiment": "Neutral", "type": "Video", "tickers": ["BTC"]}, {"news_url": "https://invezz.com/news/2022/02/25/top-analysts-outlook-on-bitcoin-as-fresh-bounce-takes-btc-above-39k/", "image_url": "https://crypto.snapi.dev/images/v1/b/x/bitcoin3-112391-112484.jpeg", "title": "Top analysts' outlook on Bitcoin as fresh bounce takes BTC above $39k", "text": "Bitcoin has bounced from new weekly lows of $34,700, racking up over 10% in gains overnight Thursday. The benchmark cryptocurrency has hit an intraday high of $39,610 in early trades Friday, with the broader crypto market recording an upside alongside stock markets. US shares are edging higher, while European stocks are up, including Russia's MOEX [\u2026] The post Top analysts' outlook on Bitcoin as fresh bounce takes BTC above $39k appeared first on Invezz.", "source_name": "Invezz", "date": "Fri, 25 Feb 2022 10:47:24 -0500", "topics": [], "sentiment": "Positive", "type": "Article", "tickers": ["BTC"]}, {"news_url": "https://cryptoticker.io/en/crypto-comeback-bitcoin-up-by-more-than-10-buy-bitcoin-now/", "image_url": "https://crypto.snapi.dev/images/v1/i/o/bitcoin-price-6-112480.jpg", "title": "Crypto Comeback! Bitcoin up by more than 10%, Buy Bitcoin NOW?", "text": "After a severe crash in prices, the crypto market managed to recover. Most technical traders managed to perfectly set up their trades as most cryptos reached their respective strong support levels.", "source_name": "CryptoTicker", "date": "Fri, 25 Feb 2022 10:40:35 -0500", "topics": [], "sentiment": "Positive", "type": "Article", "tickers": ["BTC"]}, {"news_url": "https://ambcrypto.com/as-russia-invades-ukraine-will-bitcoin-play-a-larger-role-amid-u-s-sanctions/", "image_url": "https://crypto.snapi.dev/images/v1/d/p/kevin-schmid-diq7bs3ga2s-unsplash-2-112478.jpg", "title": "As Russia invades Ukraine, will Bitcoin play a larger role amid U.S. sanctions", "text": "Russia's invasion of Ukraine is being watched by millions, if not billions of people. Naturally, FUD rose by another notch as Ukrainian reports claimed that the Russian army had seized control of the Chernobyl nuclear plant.", "source_name": "AMBCrypto", "date": "Fri, 25 Feb 2022 10:30:49 -0500", "topics": [], "sentiment": "Neutral", "type": "Article", "tickers": ["BTC"]}, {"news_url": "https://dailyhodl.com/2022/02/25/how-far-will-bitcoin-btc-and-ethereum-eth-drop-top-analyst-eyes-dramatic-decline-for-top-two-crypto-assets/", "image_url": "https://crypto.snapi.dev/images/v1/6/u/how-far-btc-ethjpgfit10242c600ssl1-112503.jpg", "title": "How Far Will Bitcoin (BTC) and Ethereum (ETH) Drop? Top Analyst Eyes Dramatic Decline for Top Two Crypto Assets", "text": "A top crypto strategist is predicting that Bitcoin (BTC) and Ethereum (ETH) will continue to drop amid uncertainties in the global markets. Pseudonymous analyst Capo warns his 244,900 Twitter followers about buying the dip too early, saying that the two largest crypto assets by market cap may still shed up to half of their current [\u2026] The post How Far Will Bitcoin (BTC) and Ethereum (ETH) Drop? Top Analyst Eyes Dramatic Decline for Top Two Crypto Assets appeared first on The Daily Hodl.", "source_name": "The Daily Hodl", "date": "Fri, 25 Feb 2022 10:30:02 -0500", "topics": [], "sentiment": "Negative", "type": "Article", "tickers": ["BTC", "ETH"]}, {"news_url": "https://www.forbes.com/sites/forbesstaff/2022/02/25/bitcoin-donations-to-ukrainian-army-surpass-4-million/", "image_url": "https://crypto.snapi.dev/images/v1/1/q/bitcoin-donations-to-ukrainian-army-surpass-4-million-112477.jpg", "title": "Bitcoin Donations To Ukrainian Army Surpass $4 Million", "text": "Come Back Alive, a Ukrainian NGO that raises funds for the Ukrainian army, has raised over $4 million in bitcoin.", "source_name": "Forbes", "date": "Fri, 25 Feb 2022 10:28:44 -0500", "topics": [], "sentiment": "Positive", "type": "Article", "tickers": ["BTC"]}, {"news_url": "https://investorplace.com/2022/02/solana-might-not-be-as-insulated-as-you-think/", "image_url": "https://crypto.snapi.dev/images/v1/r/q/crypto3-112474.jpg", "title": "Solana May Not be as Insulated as You Might Think", "text": "With the Russian invasion of Ukraine, the modern global order has shifted dramatically, boding poorly for Solana and cryptos.", "source_name": "Investorplace", "date": "Fri, 25 Feb 2022 10:19:04 -0500", "topics": [], "sentiment": "Negative", "type": "Article", "tickers": ["SOL"]}, {"news_url": "https://cryptopotato.com/bitcoin-price-eyes-40k-amid-massive-volatility-leaves-bears-in-disbelief/", "image_url": "https://crypto.snapi.dev/images/v1/5/e/bear-sad-cover-112471.jpg", "title": "Bitcoin Price Eyes $40K Amid Massive Volatility, Leaves Bears in Disbelief", "text": "Bitcoin's price is rapidly approaching the psychological resistance at $40K, leaving over $260 million worth of short positions liquidated.", "source_name": "CryptoPotato", "date": "Fri, 25 Feb 2022 10:18:17 -0500", "topics": [], "sentiment": "Positive", "type": "Article", "tickers": ["BTC"]}, {"news_url": "https://u.today/eu-to-keep-debating-restricting-bitcoin-use?SNAPI", "image_url": "https://crypto.snapi.dev/images/v1/x/6/12947-112473.jpg", "title": "EU to Keep Debating Restricting Bitcoin Use", "text": "The European Union (EU) has indefinitely postponed a vote on critical cryptocurrency regulations after facing pushback", "source_name": "UToday", "date": "Fri, 25 Feb 2022 10:18:00 -0500", "topics": [], "sentiment": "Neutral", "type": "Article", "tickers": ["BTC"]}, {"news_url": "https://cointelegraph.com/news/bitcoin-whales-fuel-btc-price-comeback-as-stocks-brush-off-russia-ukraine-shocks", "image_url": "https://crypto.snapi.dev/images/v1/f/v/840-ahr0chm6ly9zmy5jb2ludgvszwdyyxbolmnvbs91cgxvywrzlziwmjitmdivmze4zde3ntctywi4my00nmmxlwizztmtodiwodjkntyzoda0lmpwzw-112470.jpg", "title": "Bitcoin whales fuel BTC price comeback as stocks brush off Russia-Ukraine shocks", "text": "A demand for a reclaim of higher levels enters to end the week, with traditional markets recouping losses.", "source_name": "Cointelegraph", "date": "Fri, 25 Feb 2022 10:13:34 -0500", "topics": ["whales"], "sentiment": "Positive", "type": "Article", "tickers": ["BTC"]}, {"news_url": "https://coinpedia.org/bitcoin/is-100k-target-for-bitcoin-10k-target-for-ethereum-still-viable/", "image_url": "https://crypto.snapi.dev/images/v1/x/z/crypto1-112468.jpg", "title": "Is the $100K Target for Bitcoin(BTC) & $10K for Ethereum(ETH) Still Viable?", "text": "Bitcoin and Ethereum underwent a decent rebound since the early trading hours. And showcase the possibilities of going parabolic despite outpowering the fear of a plunge. Despite the current conditions being pretty uncertain, the upcoming days may witness steady growth. And as both are hovering just above these levels and aim to rebound finely after \u2026", "source_name": "CoinPedia", "date": "Fri, 25 Feb 2022 10:11:00 -0500", "topics": [], "sentiment": "Neutral", "type": "Article", "tickers": ["BTC", "ETH"]}, {"news_url": "https://www.benzinga.com/markets/cryptocurrency/22/02/25834498/block-reports-1-96b-bitcoin-revenue-in-q4-what-you-need-to-know?SNAPI", "image_url": "https://crypto.snapi.dev/images/v1/k/v/bs-8-112469.jpeg", "title": "Block Reports $1.96B Bitcoin Revenue In Q4: What You Need To Know", "text": "Payments company Block Inc (NASDAQ: SQ) reported nearly $2 billion from Bitcoin (CRYPTO: BTC) revenue alone \u2014 but Bitcoin gross profit was only 2% of that figure.", "source_name": "Benzinga", "date": "Fri, 25 Feb 2022 10:10:00 -0500", "topics": [], "sentiment": "Positive", "type": "Article", "tickers": ["BTC"]}, {"news_url": "https://www.coinbureau.com/news/eu-on-track-to-ban-bitcoin/", "image_url": "https://crypto.snapi.dev/images/v1/p/d/euontracktobanbitcoin-1024x614-112467.jpg", "title": "EU on Track to Ban Bitcoin", "text": "Bitcoin could be banned in the European Union from early 2025 if the European Parliament fails to scrap an amendment to the Markets in Crypto-Assets (MiCA) framework. MiCA is the increasingly anticipated crypto regulatory framework for the European Union. According to a report released by German cryptocurrency media outlet BTC-ECHO, there is a provision forbidding [\u2026] The post EU on Track to Ban Bitcoin appeared first on Coin Bureau.", "source_name": "Coinbureau", "date": "Fri, 25 Feb 2022 10:06:08 -0500", "topics": [], "sentiment": "Negative", "type": "Article", "tickers": ["BTC"]}, {"news_url": "https://cryptodaily.co.uk/2022/02/btc-donations-to-ukraine-soar-as-russia-invades", "image_url": "https://crypto.snapi.dev/images/v1/h/z/ukraine-btc-112463.jpg", "title": "BTC Donations To Ukraine Soar As Russia Invades", "text": "The Ukrainian military has reportedly received Bitcoin donations amounting to $400,000 in a single day as a global response to Russia's invasion of the country. Ukraine Supporters Rush To Send BTC Bitcoin transactions to Ukraine soared as donors worldwide rushed to send money to support the country's military defense against the Russian invasion.", "source_name": "Crypto Daily", "date": "Fri, 25 Feb 2022 09:53:00 -0500", "topics": [], "sentiment": "Positive", "type": "Article", "tickers": ["BTC"]}, {"news_url": "https://cryptoslate.com/ukraine-ngo-receives-over-4-million-in-bitcoin-donations/", "image_url": "https://crypto.snapi.dev/images/v1/y/q/ukrain-bitcoin-donation-112462.jpg", "title": "Ukraine NGO receives over $4 million in Bitcoin donations", "text": "A non-governmental organization supporting the Ukrainian army has reportedly received around $4 million worth of Bitcoin donations. The post Ukraine NGO receives over $4 million in Bitcoin donations appeared first on CryptoSlate.", "source_name": "CryptoSlate", "date": "Fri, 25 Feb 2022 09:46:15 -0500", "topics": [], "sentiment": "Neutral", "type": "Article", "tickers": ["BTC"]}, {"news_url": "https://www.trustnodes.com/2022/02/25/bitcoin-recovers-stocks-rise-oil-and-gas-falls-kyiv-holds", "image_url": "https://crypto.snapi.dev/images/v1/1/7/the-abduction-of-europa-noel-nicolas-coypel-112461.jpg", "title": "Bitcoin Recovers, Stocks Rise, Oil and Gas Falls, Kyiv Holds", "text": "Bitcoin has once again risen above $39,000 from a recent low of almost $34,000, gaining 10% to return to its strong support line of $39,000 that held prior to Black.", "source_name": "Trustnodes", "date": "Fri, 25 Feb 2022 09:45:48 -0500", "topics": ["paywall"], "sentiment": "Positive", "type": "Article", "tickers": ["BTC"]}, {"news_url": "https://coingape.com/?p=102063", "image_url": "https://crypto.snapi.dev/images/v1/r/w/ukraine-crypto-law-112460.jpeg", "title": "Ukraine's Bitcoin Exchange Volume Doubles as Russia-Ukraine Conflict Escalates", "text": "Kuna, a long-running native crypto exchange, has seen a dramatic shift in client activity in the wake of currency controls and the hryvnia at all-time lows. According to data, in the wake of Russia's invasion of Ukraine, Bitcoin (BTC) and other altcoin trading volumes have surged at a major Ukraine cryptocurrency exchange.", "source_name": "Coingape", "date": "Fri, 25 Feb 2022 09:40:57 -0500", "topics": [], "sentiment": "Positive", "type": "Article", "tickers": ["BTC"]}, {"news_url": "https://cryptonews.com/news/despite-recovery-bitcoin-cryptos-more-room-fall-say-analysts-pointing-at-buy-signal.htm", "image_url": "https://crypto.snapi.dev/images/v1/a/r/webp-net-resizeimage-112455.jpg", "title": "Despite Recovery, Bitcoin and Cryptos Have More Room to Fall, Say Analysts, Pointing at a Buy Signal", "text": "While the crypto markets have been recovering on the second day of Russia's attack on Ukraine, crypto industry insiders have warned that digital assets may have further to fall -- and argued that a bottoming in stocks could be taken as a buy signal for crypto.", "source_name": "Cryptonews", "date": "Fri, 25 Feb 2022 09:24:00 -0500", "topics": [], "sentiment": "Positive", "type": "Article", "tickers": ["BTC"]}, {"news_url": "https://markets.businessinsider.com/news/currencies/bitcoin-donations-to-ukraines-army-rise-as-russian-forces-advance-2022-2", "image_url": "https://crypto.snapi.dev/images/v1/u/x/62131cfb462ff20019c5e2bbformatjpeg-112476.jpg", "title": "Bitcoin donations to Ukraine's army surge as Russian forces roll in, with $3 million coming from just a single giver", "text": "A Ukrainian NGO raised over $4 million in bitcoin for the country's army since Russia attacked, with one donor giving $3 million, Elliptic said.", "source_name": "Business Insider", "date": "Fri, 25 Feb 2022 09:23:00 -0500", "topics": [], "sentiment": "Neutral", "type": "Article", "tickers": ["BTC"]}, {"news_url": "https://www.youtube.com/watch?v=9LAz6DKrSLY", "image_url": "https://crypto.snapi.dev/images/v1/a/h/bitcoin-mining-can-generate-significant-tax-revenue-coindesks-tax-week-112448.jpg", "title": "Bitcoin Mining Can Generate Significant Tax Revenue | CoinDesk's Tax Week", "text": "As part of CoinDesk's Tax Week coverage, Research Analyst George Kaloudis shares insights on how the IRS can collect tax revenue from crypto miners.", "source_name": "Coindesk", "date": "Fri, 25 Feb 2022 08:50:51 -0500", "topics": ["mining", "taxes"], "sentiment": "Neutral", "type": "Video", "tickers": ["BTC"]}, {"news_url": "https://www.coindesk.com/business/2022/02/25/first-mover-americas-bitcoin-eyes-us-data-deluge-charts-signal-seller-fatigue/", "image_url": "https://crypto.snapi.dev/images/v1/v/s/i6npmicvw5g5hkyncpfofr26ue-112446.jpg", "title": "First Mover Americas: Bitcoin Eyes U.S. Data Deluge, Charts Signal Seller Fatigue", "text": "The latest moves in crypto markets in context for Feb. 25, 2022.", "source_name": "Coindesk", "date": "Fri, 25 Feb 2022 08:43:00 -0500", "topics": [], "sentiment": "Positive", "type": "Article", "tickers": ["BTC"]}, {"news_url": "https://cointelegraph.com/news/bitcoin-investors-buy-the-dip-as-btc-nears-40k-gaining-16-in-less-than-24-hours", "image_url": "https://crypto.snapi.dev/images/v1/w/g/840-ahr0chm6ly9zmy5jb2ludgvszwdyyxbolmnvbs91cgxvywrzlziwmjitmdivywezyjgxmtmtzjuzyi00yzixlwjkytatm2qymje4owflzmixlmpwzw-112445.jpg", "title": "Bitcoin investors 'buy the dip' as BTC nears $40K, gaining 16% in less than 24 hours", "text": "While the number of Bitcoin addresses holding small quantities of BTC continues to increase.", "source_name": "Cointelegraph", "date": "Fri, 25 Feb 2022 08:37:39 -0500", "topics": [], "sentiment": "Positive", "type": "Article", "tickers": ["BTC"]}, {"news_url": "https://ambcrypto.com/how-secs-motion-against-ripples-fair-notice-defense-was-turned-down/", "image_url": "https://crypto.snapi.dev/images/v1/j/l/will-porada-bmbgmsbycya-unsplash-112440.jpg", "title": "How SEC's motion against Ripple's \u2018fair notice' defense was turned down", "text": "Ripple, the fintech firm has taken an offensive approach when dealing with the ongoing lawsuit with the SEC. The former filed two consecutive motions to put the U.S. regulatory board in the back seat.", "source_name": "AMBCrypto", "date": "Fri, 25 Feb 2022 08:30:32 -0500", "topics": ["regulations"], "sentiment": "Positive", "type": "Article", "tickers": ["XRP"]}, {"news_url": "https://news.bitcoin.com/reported-first-real-estate-purchase-made-with-bitcoin-in-chile/", "image_url": "https://crypto.snapi.dev/images/v1/v/m/shutterstock-1767310781-112442.jpg", "title": "Reported First Real Estate Purchase Made With Bitcoin in Chile", "text": "Yuval Ben Haym, regional manager of Remax, a real estate firm that operates worldwide, has announced that the \u201cfirst\u201d real estate purchase with cryptocurrencies has already occurred in Chile. The purchase, that was made using bitcoin, happened last year. Such purchases have also already happened in other countries like Colombia, Mexico, and Venezuela. Remax Announces [\u2026]", "source_name": "Bitcoin", "date": "Fri, 25 Feb 2022 08:30:16 -0500", "topics": [], "sentiment": "Neutral", "type": "Article", "tickers": ["BTC"]}, {"news_url": "https://www.financemagnates.com/cryptocurrency/news/bitcoin-rebounds-cryptocurrency-hits-39000/", "image_url": "https://crypto.snapi.dev/images/v1/b/z/bitcoin-id-4d4cad72-bb7a-40ec-9a8f-39c08a331e44-size900-112443.jpg", "title": "Bitcoin Rebounds, Cryptocurrency Hits $39,000", "text": "Amid ongoing issues between Russia and Ukraine, Bitcoin took a major hit in the past few days. The digital asset crashed from $40,000 to as low as $34,000 in the last 7 days.", "source_name": "FinanceMagnates", "date": "Fri, 25 Feb 2022 08:30:00 -0500", "topics": [], "sentiment": "Positive", "type": "Article", "tickers": ["BTC"]}, {"news_url": "https://www.reuters.com/technology/ukrainian-volunteer-group-raises-4-mln-bitcoin-since-russian-invasion-research-2022-02-25/", "image_url": "https://crypto.snapi.dev/images/v1/h/v/7mihe7zcpbiknjnnw6nrq5ti4y-112438.jpg", "title": "Ukrainian volunteer group raises $4 mln in bitcoin since Russian invasion, research shows", "text": "A Ukrainian volunteer group that provides equipment to the country's army has received over $4 million in bitcoin donations since Russia launched its invasion on Thursday, according to blockchain analysis firm Elliptic.", "source_name": "Reuters", "date": "Fri, 25 Feb 2022 08:26:27 -0500", "topics": [], "sentiment": "Neutral", "type": "Article", "tickers": ["BTC"]}, {"news_url": "https://coingape.com/?p=102049", "image_url": "https://crypto.snapi.dev/images/v1/9/x/ethereum-price-2018-bitcoin-ripple-112431.jpg", "title": "Ethereum (ETH) Price Prediction: ETH Makes A Comeback, Next Keep Eyes On $3,200", "text": "Ethereum (ETH) price makes a strong comeback on Friday bucking the previous session's declines.\u00a0 After testing the weekly lows near $2,300 on Thursday.", "source_name": "Coingape", "date": "Fri, 25 Feb 2022 08:10:39 -0500", "topics": [], "sentiment": "Positive", "type": "Article", "tickers": ["ETH"]}, {"news_url": "https://invezz.com/news/2022/02/25/the-pomp-the-us-needs-to-embrace-bitcoin/", "image_url": "https://crypto.snapi.dev/images/v1/k/q/shutterstock-1441507526-scaled-112432.jpg", "title": "The Pomp: The US needs to embrace Bitcoin", "text": "Entrepreneur and investor Anthony Pompliano spoke about Bitcoin's price trajectory (BTC/USD) and its role in the US economy on CNBC's SquawkBox. Bitcoin is down almost 40% from its all-time high, achieved at the end of last year. How does the asset look for the average investor now? The host of SquawkBox drew Pompliano's attention to [\u2026] The post The Pomp: The US needs to embrace Bitcoin appeared first on Invezz.", "source_name": "Invezz", "date": "Fri, 25 Feb 2022 08:10:32 -0500", "topics": [], "sentiment": "Neutral", "type": "Article", "tickers": ["BTC"]}, {"news_url": "https://www.youtube.com/watch?v=3cJZ08gbVx4", "image_url": "https://crypto.snapi.dev/images/v1/y/s/us-needs-to-embrace-bitcoin-as-a-national-security-issue-says-anthony-pompliano-112435.jpg", "title": "U.S. needs to embrace bitcoin as a national security issue, says Anthony Pompliano", "text": "Anthony Pompliano, head of Pomp Investments, joins 'Squawk Box' to break down the latest moves in the cryptocurrency markets.", "source_name": "CNBC Television", "date": "Fri, 25 Feb 2022 08:09:35 -0500", "topics": [], "sentiment": "Neutral", "type": "Video", "tickers": ["BTC"]}, {"news_url": "https://bitcoinmagazine.com/business/why-bitcoin-mining-is-popular-in-georgia", "image_url": "https://crypto.snapi.dev/images/v1/g/0/bitfarms-expands-bitcoin-mining-in-qubec-112426.jpg", "title": "Dispatch From Georgia: Why Is This Small, Former Soviet Country So Popular For Bitcoin Mining?", "text": "Bitcoin miners have an outsized presence in Georgia, but what's so special about the country's attitude, energy mix and regulatory environment?", "source_name": "Bitcoin Magazine", "date": "Fri, 25 Feb 2022 08:00:00 -0500", "topics": [], "sentiment": "Neutral", "type": "Article", "tickers": ["BTC"]}, {"news_url": "https://www.dcforecasts.com/bitcoin-news/btc-mining-in-russia-remains-unaffected-amid-ukraine-war/", "image_url": "https://crypto.snapi.dev/images/v1/p/b/bitcoin-1813503-1280-4-112306-112419.jpg", "title": "BTC Mining In Russia Remains Unaffected Amid Ukraine War", "text": "The BTC mining in Russia remains unaffected despite the ongoing war in Ukraine and Russia providing an estimated 11% of the blockchain network hash power so let's read furhter in today's latest Bitcoin news. Russia ranks third among the countries in BTC mining as measured by the hash rate and its share remained steady after [\u2026]", "source_name": "DCForecasts", "date": "Fri, 25 Feb 2022 07:36:40 -0500", "topics": ["mining"], "sentiment": "Positive", "type": "Article", "tickers": ["BTC"]}, {"news_url": "https://www.dcforecasts.com/bitcoin-news/blocks-btc-revenue-reached-2-billion-in-last-quarter-report/", "image_url": "https://crypto.snapi.dev/images/v1/3/t/bitcoin-price-1-gid-5-112336-112416.jpg", "title": "Block's BTC Revenue Reached $2 Billion In Last Quarter: Report", "text": "BLock's BTC revenue from the Cash app reached $2 billion in the last quarter and the profits increased as well so let's find out more in today's latest Bitcoin news. The Block's BTC revenue reached $2 billion in the last quarter but the company hasn't mentioned any plans to expand to other cryptocurrencies.", "source_name": "DCForecasts", "date": "Fri, 25 Feb 2022 07:30:40 -0500", "topics": [], "sentiment": "Positive", "type": "Article", "tickers": ["BTC"]}, {"news_url": "https://bitcoinist.com/us-crypto-miners-are-determined/", "image_url": "https://crypto.snapi.dev/images/v1/y/h/crypto-mining-640x355-112415.jpg", "title": "US Crypto Miners Are Determined To Boost Their Hash Power Despite Bitcoin's Drop", "text": "Bitcoin's price has fallen by more than three months, but US crypto miners aren't backing down from adding more powerful computers to their operations. A large chunk of Bitcoin mining occurred in the US, based on IP addresses from so-called hashers that employed certain crypto mining pools last year, according to Statista, a German company [\u2026]", "source_name": "Bitcoinist", "date": "Fri, 25 Feb 2022 07:19:43 -0500", "topics": ["mining"], "sentiment": "Positive", "type": "Article", "tickers": ["BTC"]}, {"news_url": "https://cryptobriefing.com/ukraine-bitcoin-donations-top-4m-russia-conflict-intensifies/?utm_source=main_feed&utm_medium=rss", "image_url": "https://crypto.snapi.dev/images/v1/j/y/kyiv-bitcoin-donations-cover-838x440-112413.jpeg", "title": "Ukraine Bitcoin Donations Top $4M as Russia Conflict Intensifies", "text": "The charity, Come Back Alive, was founded in 2014 during the Russian annexation of Crimea.\u00a0", "source_name": "Crypto Briefing", "date": "Fri, 25 Feb 2022 07:14:29 -0500", "topics": [], "sentiment": "Neutral", "type": "Article", "tickers": ["BTC"]}, {"news_url": "https://cryptopotato.com/someone-donated-80-btc-worth-3-million-to-ukraines-charitable-organization-in-support-of-its-military/", "image_url": "https://crypto.snapi.dev/images/v1/f/1/bitcoin-ukraine-112409.jpg", "title": "Someone Donated $3 Million in BTC to Ukraine's Charitable Organization in Support of its Military", "text": "The Ukrainian military equipment provider - Come Back Alive - received donations of $400,000 worth of BTC in just 24 hours.", "source_name": "CryptoPotato", "date": "Fri, 25 Feb 2022 07:05:56 -0500", "topics": [], "sentiment": "Neutral", "type": "Article", "tickers": ["BTC"]}, {"news_url": "https://coingape.com/?p=101998", "image_url": "https://crypto.snapi.dev/images/v1/o/e/bitcoin-mining-miniature-worker-small-figure-holding-mattock-di-bitcoin-mining-miniature-worker-small-figure-holding-mattock-109705262-112405.jpg", "title": "Russia-Ukraine Conflict Could Hit Bitcoin Mining; Here's Why", "text": "The crypto mining industry faces renewed disruption as the Russia-Ukraine conflict threatens to upset the supply of materials crucial to semiconductor manufacturing. The industry is still reeling from a severe, near two-year chip shortage that ramped up the prices of graphics cards, which are crucial towards minting tokens.", "source_name": "Coingape", "date": "Fri, 25 Feb 2022 07:00:52 -0500", "topics": ["mining"], "sentiment": "Negative", "type": "Article", "tickers": ["BTC"]}, {"news_url": "https://coinidol.com/ether-price-ready-momentum/", "image_url": "https://crypto.snapi.dev/images/v1/b/g/screenshot-2021-08-31-232350-2-112186-112410.jpg", "title": "Ethereum Struggles Below $2,700 High, Ready For Upward Momentum", "text": "Ethereum price (ETH) is in the lower area of the chart after the price fell to the low of $2,306. The Ether price corrected upwards, but the uptrend got stuck at the high of $2,740.", "source_name": "Coin Idol", "date": "Fri, 25 Feb 2022 06:57:00 -0500", "topics": [], "sentiment": "Positive", "type": "Article", "tickers": ["ETH"]}, {"news_url": "https://beincrypto.com/seesaw-protocol-ssw-connecting-bnb-chain-polygon-and-ethereum/", "image_url": "https://crypto.snapi.dev/images/v1/7/9/seesaw-protocol-1st-article-imagejpgoptimal-112406.jpg", "title": "Seesaw Protocol (SSW) \u2014 Connecting BNB Chain, Polygon, and Ethereum", "text": "Set to launch in April of 2022, Seesaw Protocol (SSW) is a utility cryptocurrency intended to bridge the gap between several blockchains The post Seesaw Protocol (SSW) \u2014 Connecting BNB Chain, Polygon, and Ethereum appeared first on BeInCrypto.", "source_name": "BeInCrypto", "date": "Fri, 25 Feb 2022 06:54:34 -0500", "topics": [], "sentiment": "Neutral", "type": "Article", "tickers": ["BNB", "ETH", "MATIC", "SSW"]}, {"news_url": "https://u.today/cardano-luna-and-solana-recover-from-10-to-20-as-crypto-market-recovers?SNAPI", "image_url": "https://crypto.snapi.dev/images/v1/e/z/12944-112393.jpg", "title": "Cardano, Luna and Solana Recover from 10% to 20% as Crypto Market Recovers", "text": "Numerous altcoins are facing a recovery while panic is leaving financial markets", "source_name": "UToday", "date": "Fri, 25 Feb 2022 06:44:00 -0500", "topics": [], "sentiment": "Positive", "type": "Article", "tickers": ["ADA", "LUNA", "SOL"]}, {"news_url": "https://coingape.com/?p=102006", "image_url": "https://crypto.snapi.dev/images/v1/h/y/bitcoin3-112391.jpeg", "title": "Bitcoin (BTC) Price Prediction: BTC Looks For 25% Upside From Recent Bloodbath", "text": "Bitcoin's (BTC) price edges higher on Friday as it recovered lately from the lows of $34,322.0. BTC in its initial reaction to the Russian-Ukraine tension test multi-week lows but quickly reclaim the $38,000 level.", "source_name": "Coingape", "date": "Fri, 25 Feb 2022 06:40:50 -0500", "topics": [], "sentiment": "Positive", "type": "Article", "tickers": ["BTC"]}, {"news_url": "https://www.dcforecasts.com/bitcoin-news/btc-rebounded-from-the-post-ukraine-crash-surges-7/", "image_url": "https://crypto.snapi.dev/images/v1/5/m/bic-btc-on-chain-analysisjpgoptimal-112329-112390.jpg", "title": "BTC Rebounded From The Post-Ukraine Crash, Surges 7%", "text": "BTC rebounded from the Post-Ukraine crash and it surged by 7% earlier today as we can see in today's Bitcoin latest news. BTC rebounded after it crashed in the wake of the Russian-invoked war on Ukraine only two days ago.", "source_name": "DCForecasts", "date": "Fri, 25 Feb 2022 06:39:46 -0500", "topics": [], "sentiment": "Positive", "type": "Article", "tickers": ["BTC"]}, {"news_url": "https://invezz.com/news/2022/02/25/ethereum-price-movement-how-will-the-zksync-deployment-impact-the-value-of-eth/", "image_url": "https://crypto.snapi.dev/images/v1/i/j/etk-740x416-112389.jpg", "title": "Ethereum price movement: how will the zkSync deployment impact the value of ETH?", "text": "Ethereum ETH/USD is a blockchain network that is a dominant force within the crypto spheres of decentralized finance (DeFi), decentralized applications (dApps), and non-fungible tokens (NFTs). However, it has been regarded as one of the blockchain networks with the highest gas fees. As such, Ethereum is making developments towards reducing these fees. The zkSync deployment [\u2026] The post Ethereum price movement: how will the zkSync deployment impact the value of ETH? appeared first on Invezz.", "source_name": "Invezz", "date": "Fri, 25 Feb 2022 06:39:05 -0500", "topics": [], "sentiment": "Neutral", "type": "Article", "tickers": ["ETH"]}, {"news_url": "https://cryptonews.com/news/bitcoin-ethereum-consolidate-gains-key-hurdles-nearby.htm", "image_url": "https://crypto.snapi.dev/images/v1/s/t/10-112388.jpg", "title": "Bitcoin and Ethereum Consolidate Gains, Key Hurdles Nearby", "text": "Bitcoin price started a strong upward move above the USD 36,500 and USD 37,000 levels. BTC even rallied above USD 38,000, but faced sellers near USD 39,500. It is currently (11:25 UTC) consolidating gains near USD 38,500 and is up almost 10% in a day.\u00a0", "source_name": "Cryptonews", "date": "Fri, 25 Feb 2022 06:35:00 -0500", "topics": [], "sentiment": "Neutral", "type": "Article", "tickers": ["BTC", "ETH"]}, {"news_url": "https://www.dcforecasts.com/bitcoin-news/chinas-crackdown-on-btc-enhances-with-potential-jail-sentences/", "image_url": "https://crypto.snapi.dev/images/v1/5/5/banned-1726366-960-720-112384.jpg", "title": "China's Crackdown On BTC Enhances With Potential Jail Sentences", "text": "China's crackdown on BTC enhances recently with potential fines and jail sentences being imposed as we can see further in our latest Bitcoin news. The fundraising with digital currencies is illegal in China already but now the prosecutors will go after offenders that have major penalties in tow.", "source_name": "DCForecasts", "date": "Fri, 25 Feb 2022 06:30:16 -0500", "topics": [], "sentiment": "Negative", "type": "Article", "tickers": ["BTC"]}, {"news_url": "https://news.bitcoin.com/bitcoin-ethereum-technical-analysis-bitcoin-momentarily-rebounds-following-russian-invasion-of-ukraine/", "image_url": "https://crypto.snapi.dev/images/v1/n/k/shutterstock-1027748419-112383.jpg", "title": "Bitcoin, Ethereum Technical Analysis: Bitcoin Momentarily Rebounds, Following Russian Invasion of Ukraine", "text": "Following Russia's invasion of Ukraine, volatility in bitcoin and ethereum prices intensified, with both falling to one-month lows on Thursday. Both have since moved away from these lows so far today, in what looks like temporal consolidation. Bitcoin As of writing, cryptocurrency markets are up by over 7% on Friday, with bitcoin trading 8% higher [\u2026]", "source_name": "Bitcoin", "date": "Fri, 25 Feb 2022 06:16:58 -0500", "topics": ["tanalysis"], "sentiment": "Positive", "type": "Article", "tickers": ["BTC", "ETH"]}, {"news_url": "https://cryptopotato.com/how-does-ethereums-economic-on-chain-activity-look-amid-geopolitical-tension/", "image_url": "https://crypto.snapi.dev/images/v1/e/9/ethereum-hard-cover-112378.jpg", "title": "How Does Ethereum's Economic On-Chain Activity Look Amid Geopolitical Tension?", "text": "We take a closer look into Ethereum's economic on-chain data during times of massive geopolitical distress.", "source_name": "CryptoPotato", "date": "Fri, 25 Feb 2022 06:15:17 -0500", "topics": [], "sentiment": "Neutral", "type": "Article", "tickers": ["ETH"]}, {"news_url": "https://cryptopotato.com/crypto-price-analysis-feb-25-ethereum-ripple-cardano-luna-and-shiba-inu/", "image_url": "https://crypto.snapi.dev/images/v1/s/0/img1-cryptopost-2-112376.jpg", "title": "Crypto Price Analysis Feb-25: Ethereum, Ripple, Cardano, Luna, and Shiba Inu", "text": "This week, we take a closer look at Ethereum, Ripple, Cardano, Luna, and Shiba Inu. Ethereum (ETH) ETH had a mind-blowing price action in the past few days.", "source_name": "CryptoPotato", "date": "Fri, 25 Feb 2022 06:08:29 -0500", "topics": ["tanalysis"], "sentiment": "Neutral", "type": "Article", "tickers": ["ADA", "ETH", "LUNA", "SHIB", "XRP"]}, {"news_url": "https://beincrypto.com/alf-protocol-ceo-interview-alf-to-become-defi-homepage-on-solana/", "image_url": "https://crypto.snapi.dev/images/v1/v/x/image-from-ios-7-112386.png", "title": "AlF Protocol CEO: Alf to Become DeFi Homepage On Solana", "text": "The interview discussed the benefits of Decentralized Finance (DeFi), the motivations for building ALF on the Solana network, the advantages ALF provides, and its current backers and how to get involved. The post AlF Protocol CEO: Alf to Become DeFi Homepage On Solana appeared first on BeInCrypto.", "source_name": "BeInCrypto", "date": "Fri, 25 Feb 2022 06:03:38 -0500", "topics": [], "sentiment": "Neutral", "type": "Article", "tickers": ["SOL"]}, {"news_url": "https://coinidol.com/xrp-price-resistance-risk/", "image_url": "https://crypto.snapi.dev/images/v1/9/w/eef05fb154e68476fe83c76f71172ff2-112380.jpg", "title": "Ripple Encounters Resistance At $0.72 And Risks Further Selling Pressure", "text": "The price of Ripple (XRP) remains in a downward correction as the altcoin falls below the moving averages. After the recent slump, the cryptocurrency is trading between $0.62 and $0.72.", "source_name": "Coin Idol", "date": "Fri, 25 Feb 2022 05:55:00 -0500", "topics": [], "sentiment": "Negative", "type": "Article", "tickers": ["XRP"]}, {"news_url": "https://cryptonews.com/news/best-cryptos-for-february-bitcoin-btc-decentraland-mana-firepin-token-frpn.htm", "image_url": "https://crypto.snapi.dev/images/v1/t/1/picture1-112364.jpg", "title": "Best Cryptos for February: Bitcoin (BTC), Decentraland (MANA), and FIREPIN Token (FRPN)", "text": "Disclaimer: The text below is an advertorial article that was not written by Cryptonews.com journalists.", "source_name": "Cryptonews", "date": "Fri, 25 Feb 2022 05:40:00 -0500", "topics": [], "sentiment": "Positive", "type": "Article", "tickers": ["BTC", "MANA", "FRPN"]}, {"news_url": "https://cryptopotato.com/this-is-why-bitcoins-price-crashed-to-35k-on-robinhood-today/", "image_url": "https://crypto.snapi.dev/images/v1/r/o/robinhood-bitcoin-cover-112370.jpg", "title": "This is Why Bitcoin's Price Crashed to $35K on Robinhood Today", "text": "Bitcoin's price was displayed at $35K earlier today on the popular retail trading platform Robinhood. Here's why.", "source_name": "CryptoPotato", "date": "Fri, 25 Feb 2022 05:35:50 -0500", "topics": [], "sentiment": "Negative", "type": "Article", "tickers": ["BTC"]}, {"news_url": "https://cryptoslate.com/bitcoin-pulls-out-the-uno-reverse-card-on-gold/", "image_url": "https://crypto.snapi.dev/images/v1/1/l/bitcoin-gold-112359.jpg", "title": "Bitcoin pulls out the UNO reverse card on gold", "text": "Bitcoin bulls retaliated Thursday evening (GMT) to take back losses triggered by the Russia-Ukraine crisis. The post Bitcoin pulls out the UNO reverse card on gold appeared first on CryptoSlate.", "source_name": "CryptoSlate", "date": "Fri, 25 Feb 2022 05:31:15 -0500", "topics": [], "sentiment": "Neutral", "type": "Article", "tickers": ["BTC"]}, {"news_url": "https://invezz.com/news/2022/02/25/ftx-ceo-explains-why-bitcoin-dropped-to-34k-after-the-ukraine-crisis/", "image_url": "https://crypto.snapi.dev/images/v1/q/n/ftx-112357.jpg", "title": "FTX CEO explains why Bitcoin dropped to $34K after the Ukraine crisis", "text": "The cryptocurrency and stock markets plunged after Russia invaded Ukraine. The global financial markets also recorded a sharp decline. The only product that gained during the day was crude oil that climbed to an eight-year high past $100. Crypto markets plunge Strong bears rocked the crypto market on Thursday. The market recorded an over $500 [\u2026] The post FTX CEO explains why Bitcoin dropped to $34K after the Ukraine crisis appeared first on Invezz.", "source_name": "Invezz", "date": "Fri, 25 Feb 2022 05:26:10 -0500", "topics": [], "sentiment": "Negative", "type": "Article", "tickers": ["BTC"]}, {"news_url": "https://www.benzinga.com/markets/cryptocurrency/22/02/25832487/ted-cruz-on-why-he-is-bullish-on-bitcoin?SNAPI", "image_url": "https://crypto.snapi.dev/images/v1/2/z/39609752645-44121f5276-o-112358.jpg", "title": "Ted Cruz On Why He Is Bullish On Bitcoin", "text": "Senator Ted Cruz (R-Texas) said he is bullish on apex cryptocurrency Bitcoin (CRYPTO: BTC) because it's \u201cdecentralized and not controllable.\u201d", "source_name": "Benzinga", "date": "Fri, 25 Feb 2022 05:23:00 -0500", "topics": [], "sentiment": "Positive", "type": "Article", "tickers": ["BTC"]}, {"news_url": "https://thecurrencyanalytics.com/bitcoin/will-russia-use-bitcoin-btc-and-cryptocurrencies-to-make-up-for-lost-revenue-to-sanctions-39285.php", "image_url": "https://crypto.snapi.dev/images/v1/0/f/will-russia-use-bitcoin-btc-and-cryptocurrencies-to-make-up-for-lost-revenue-to-sanctions-112351.jpg", "title": "Will Russia Use Bitcoin (BTC) and Cryptocurrencies to Make up for Lost Revenue to Sanctions", "text": "Catch up on the latest crypto market news at The Currency Analytics. The price of Bitcoin and several other cryptocurrencies went down as Russia declared war on Ukraine.", "source_name": "The Currency Analytics", "date": "Fri, 25 Feb 2022 05:00:58 -0500", "topics": [], "sentiment": "Neutral", "type": "Article", "tickers": ["BTC"]}, {"news_url": "https://invezz.com/news/2022/02/25/cryptoquant-ceo-urges-bitcoin-btc-investors-to-follow-microstrategy/", "image_url": "https://crypto.snapi.dev/images/v1/u/u/stock-microstrategy-112350.jpg", "title": "CryptoQuant CEO urges Bitcoin (BTC) investors to follow MicroStrategy", "text": "According to the CEO of CryptoQuant, Ki Young Ju, Bitcoin (BTC/USD) will hold the narrative of being digital gold as long as large HODLers such as MicroStrategy do not sell. The actions of these major HODLers determine the returns generated by fundamental investors. The CEO's remarks come amidst growing tensions in the cryptocurrency market amid [\u2026] The post CryptoQuant CEO urges Bitcoin (BTC) investors to follow MicroStrategy appeared first on Invezz.", "source_name": "Invezz", "date": "Fri, 25 Feb 2022 04:59:32 -0500", "topics": [], "sentiment": "Neutral", "type": "Article", "tickers": ["BTC"]}, {"news_url": "https://cryptopotato.com/bitcoin-recovers-4k-luna-explodes-25-as-volatility-skyrockets-market-watch/", "image_url": "https://crypto.snapi.dev/images/v1/o/8/img-rollercoaster-112342.jpg", "title": "Bitcoin Recovers $4K, LUNA Explodes 25% as Volatility Skyrockets (Market Watch)", "text": "The crypto market went on a roller-coaster ride in the past few days, propelled by the conflict between Ukraine and Russia.", "source_name": "CryptoPotato", "date": "Fri, 25 Feb 2022 04:47:16 -0500", "topics": [], "sentiment": "Positive", "type": "Article", "tickers": ["BTC", "LUNA"]}, {"news_url": "https://en.cryptonomist.ch/2022/02/25/ethereum-processed-4-times-transactions-than-visa-2021/", "image_url": "https://crypto.snapi.dev/images/v1/4/d/2cfbb289-e620-4014-ae8c-418e1145c5ba-300x175-112375.jpg", "title": "Ethereum processed 4.5 times more transactions than Visa in 2021", "text": "Smart contract blockchain overtakes global leader in digital payments", "source_name": "The Cryptonomist", "date": "Fri, 25 Feb 2022 04:46:42 -0500", "topics": [], "sentiment": "Positive", "type": "Article", "tickers": ["ETH"]}, {"news_url": "https://cointelegraph.com/news/senator-ted-cruz-invokes-canadian-unrest-to-advocate-for-bitcoin-again", "image_url": "https://crypto.snapi.dev/images/v1/y/v/840-ahr0chm6ly9zmy5jb2ludgvszwdyyxbolmnvbs91cgxvywrzlziwmjitmdivyzdhzmmwndqtztmxoc00mti1lthlmjutm2m1yjuyzdgwodywlmpwzw-112340.jpg", "title": "Senator Ted Cruz invokes Canadian unrest to advocate for Bitcoin again", "text": "Cruz has joined the growing list of American politicians who have been advocating for Bitcoin adoption in the United States.", "source_name": "Cointelegraph", "date": "Fri, 25 Feb 2022 04:43:57 -0500", "topics": ["regulations"], "sentiment": "Neutral", "type": "Article", "tickers": ["BTC"]}, {"news_url": "https://en.cryptonomist.ch/2022/02/25/bitcoin-sentiment-turns-extreme-fear-price-rises/", "image_url": "https://crypto.snapi.dev/images/v1/l/6/7807eff8-bac1-4f3a-b985-32b92c9efccc-300x169-112338.jpg", "title": "Bitcoin: sentiment turns to Extreme Fear, but its price rises", "text": "All the losses accumulated overnight due to the war in Ukraine were recovered in the evening", "source_name": "The Cryptonomist", "date": "Fri, 25 Feb 2022 04:41:34 -0500", "topics": [], "sentiment": "Positive", "type": "Article", "tickers": ["BTC"]}, {"news_url": "https://invezz.com/news/2022/02/25/ethereum-eth-balance-on-exchanges-hits-3-month-high-amid-major-price-plunge/", "image_url": "https://crypto.snapi.dev/images/v1/6/e/ethereum-112337.jpg", "title": "Ethereum (ETH) balance on exchanges hits 3-month high amid major price plunge", "text": "The global financial markets, including cryptocurrencies, were on a free fall after Russia invaded Ukraine. Ethereum (ETH/USD) was one of the worst-hit tokens, having plunged by around 13% in just 24 hours. Ethereum suffered from intense selling pressure, which saturated the amount of Ethereum available on exchange platforms. The supply of Ethereum on exchanges currently [\u2026] The post Ethereum (ETH) balance on exchanges hits 3-month high amid major price plunge appeared first on Invezz.", "source_name": "Invezz", "date": "Fri, 25 Feb 2022 04:40:08 -0500", "topics": [], "sentiment": "Positive", "type": "Article", "tickers": ["ETH"]}, {"news_url": "https://decrypt.co/93794/bitcoin-price-surges-7-in-rebound-from-post-ukraine-crash", "image_url": "https://crypto.snapi.dev/images/v1/z/0/bitcoin-price-1-gid-5-112336.jpg", "title": "Bitcoin Price Surges 7% In Rebound From Post-Ukraine Crash", "text": "Bitcoin's price has rebounded after it crashed in the wake of Russia's invasion of Ukraine earlier this week.", "source_name": "Decrypt", "date": "Fri, 25 Feb 2022 04:37:07 -0500", "topics": [], "sentiment": "Positive", "type": "Article", "tickers": ["BTC"]}, {"news_url": "https://ambcrypto.com/what-effects-broader-sentiments-had-on-wbtc-supply-vis-a-vis-defi-ethereum/", "image_url": "https://crypto.snapi.dev/images/v1/s/b/gifts-g9cd1ac7cd-1280-112334.jpg", "title": "What effects broader sentiments had on wBTC supply vis-\u00e0-vis DeFi & Ethereum", "text": "The immense success that the cryptocurrency industry has experienced over the past couple of years was facilitated not just through Bitcoin\u2018s rising popularity, but also the emergence of sectors such as decentralized finance. While the sector grew many-fold since mid-2020, it also fostered the growth of tokenized assets that aid in DeFi trade.", "source_name": "AMBCrypto", "date": "Fri, 25 Feb 2022 04:30:53 -0500", "topics": [], "sentiment": "Neutral", "type": "Article", "tickers": ["ETH"]}, {"news_url": "https://coinnounce.com/ukraines-bitcoin-exchange-volume-surges-as-the-central-bank-tightens-currency-freedoms/", "image_url": "https://crypto.snapi.dev/images/v1/a/n/thumb-1-112332.jpg", "title": "Ukraine's bitcoin exchange volume surges as the Central bank tightens currency freedoms.", "text": "Bitcoin trading volumes have surged drastically at a major Ukraine cryptocurrency exchange amid the Russian invasion. According to monitoring resource CoinGecko, on Feb. 24, volume at the local crypto exchange Kuna almost tripled to over $4 million.", "source_name": "Coinnounce", "date": "Fri, 25 Feb 2022 04:24:34 -0500", "topics": [], "sentiment": "Positive", "type": "Article", "tickers": ["BTC"]}, {"news_url": "https://en.cryptonomist.ch/2022/02/25/us-el-salvador-clash-over-bitcoin-legal-tender/", "image_url": "https://crypto.snapi.dev/images/v1/y/u/depositphotos-470656850-l-2015-1-300x169-112335.jpg", "title": "US and El Salvador clash over Bitcoin legal tender", "text": "The president's harsh response to accusations of meddling in the country's internal affairs regarding the adoption of BTC", "source_name": "The Cryptonomist", "date": "Fri, 25 Feb 2022 04:08:28 -0500", "topics": [], "sentiment": "Negative", "type": "Article", "tickers": ["BTC"]}, {"news_url": "https://beincrypto.com/bitcoin-btc-price-whipsaws-and-creates-9-long-lower-wick-after-rebounding/", "image_url": "https://crypto.snapi.dev/images/v1/n/x/bic-btc-on-chain-analysisjpgoptimal-112329.jpg", "title": "Bitcoin (BTC) Price Whipsaws and Creates 9% Long Lower Wick After Rebounding", "text": "Bitcoin (BTC) increased considerably on Feb 24, reaching a high of $39,843 prior to being rejected. Reclaiming the $39,850 area is crucial for the continuation of the upward movement.", "source_name": "BeInCrypto", "date": "Fri, 25 Feb 2022 03:55:06 -0500", "topics": [], "sentiment": "Neutral", "type": "Article", "tickers": ["BTC"]}], "total_pages": 39}