{"data": [{"news_url": "https://coingape.com/?p=101829", "image_url": "https://crypto.snapi.dev/images/v1/8/c/chart-gd45ddac87-1280-e1645608875577-111671-111913.jpg", "title": "Bitcoin Slumps Below $35k, Crypto In Freefall As Russia Declares War", "text": "Bitcoin tanked on Thursday, with crypto markets in a sea of red after Russia declared war on Ukraine and began military operations in the Donbas region. The world's largest cryptocurrency slumped 11% overnight to about $34,900- its lowest level in a month.", "source_name": "Coingape", "date": "Thu, 24 Feb 2022 00:45:49 -0500", "topics": [], "sentiment": "Negative", "type": "Article", "tickers": ["BTC"]}, {"news_url": "https://www.forbes.com/sites/siladityaray/2022/02/23/bitcoin-falls-below-35000-as-putin-orders-military-operation-in-ukraine/", "image_url": "https://crypto.snapi.dev/images/v1/i/v/bitcoin-falls-below-35000-as-putin-orders-military-operation-in-ukraine-111908.jpg", "title": "Bitcoin Falls Below $35,000 As Putin Orders Military Operation In Ukraine", "text": "Bitcoin value tanked more than 7% on Wednesday evening as the Russian military began operations in Ukraine.", "source_name": "Forbes", "date": "Wed, 23 Feb 2022 23:46:51 -0500", "topics": [], "sentiment": "Negative", "type": "Article", "tickers": ["BTC"]}, {"news_url": "https://cryptonews.com/news/bitcoin-ethereum-altcoins-tumble-alongside-stocks-as-russia-attacks-ukraine.htm", "image_url": "https://crypto.snapi.dev/images/v1/k/l/120393253-s-111418-111907.jpg", "title": "Bitcoin, Ethereum, and Altcoins Tumble Alongside Stocks as Russia Attacks Ukraine", "text": "The whole crypto market once again followed the stock market and tumbled on Thursday as Russia's president Vladimir Putin ordered a \u201cspecial military operation\u201d to protect the people of the Donbas separatist region in Ukraine, but said Russia will \u201caim for demilitarization and denazification of Ukraine,\u201d per Bloomberg. It is estimated that Putin had massed 150,000 troops on the border. In a speech on Thursday, Putin appealed to Ukrainian soldiers to lay down their arms and go home. He said Russia doesn't plan to \u201coccupy\u201d its southern neighbor, but that Russia must \u201cdefend itself from those who took Ukraine hostage\u201d -- the US and its allies who had crossed Russia's \u201cred line\u201d with expansion of the NATO alliance, per the report.\u00a0", "source_name": "Cryptonews", "date": "Wed, 23 Feb 2022 23:39:00 -0500", "topics": [], "sentiment": "Negative", "type": "Article", "tickers": ["BTC", "ETH"]}, {"news_url": "https://cointelegraph.com/news/bitcoin-plunges-as-putin-announces-special-military-operation-in-ukraine", "image_url": "https://crypto.snapi.dev/images/v1/9/k/840-ahr0chm6ly9zmy5jb2ludgvszwdyyxbolmnvbs91cgxvywrzlziwmjitmdivntg1zdy1mzutnzlimc00zwu5ltk1ytctmtm5nzjhmjlmyti3lmpwzw-111906.jpg", "title": "Bitcoin plunges as Putin announces 'special military operation' in Ukraine", "text": "The Russian army has begun a military operation in Ukraine as missile explosions have been heard surrounding several areas, including the capital of Kiev. Markets have dropped in response.", "source_name": "Cointelegraph", "date": "Wed, 23 Feb 2022 23:34:43 -0500", "topics": [], "sentiment": "Negative", "type": "Article", "tickers": ["BTC"]}, {"news_url": "https://www.cryptopolitan.com/bitcoin-binance-coin-solana-and-cronos-daily-price-analyses-23-february-roundup/", "image_url": "https://crypto.snapi.dev/images/v1/q/g/urlhttps3a2f2fgfoolcdncom2feditorial2fimages2f6623582ftumblingjpgw700opresize-101135-111904.jpg", "title": "Bitcoin, Binance Coin, Solana, and Cronos Daily Price Analyses \u2013 23 February Roundup", "text": "TL;DR Breakdown The global crypto market continues recessive, losing 2.18% in 24 hours. Bitcoin continues to shed its value, losing 2.97% in 24 hours.", "source_name": "Cryptopolitan", "date": "Wed, 23 Feb 2022 23:34:19 -0500", "topics": [], "sentiment": "Negative", "type": "Article", "tickers": ["BNB", "BTC", "CRO", "SOL"]}, {"news_url": "https://bitcoinist.com/bitcoin-price-nosedives-as-russian-cruise/", "image_url": "https://crypto.snapi.dev/images/v1/f/d/bitcoin-price-111916.jpg", "title": "Bitcoin Price Nosedives As Russian Cruise Missiles Strike Ukraine's Capital City", "text": "Bitcoin price nosedived to $35,100 on Thursday, down from $43,110 a week earlier, while other major cryptocurrencies plunged as a series of explosions were heard in the distance before sunrise in Ukraine's capital city of Kyiv and Kharkiv \u2014 cities that are home to millions of Ukrainians., ABC News reports Thursday.", "source_name": "Bitcoinist", "date": "Wed, 23 Feb 2022 23:17:46 -0500", "topics": [], "sentiment": "Negative", "type": "Article", "tickers": ["BTC"]}, {"news_url": "https://bitcoinist.com/bitcoin-price-nosedives-as-russian-invasion/", "image_url": "https://crypto.snapi.dev/images/v1/j/g/bitcoin-price-111903.jpg", "title": "Bitcoin Price Nosedives As Putin Orders Military Action In Ukraine; Artillery Shelling Heard In The Area", "text": "Bitcoin price nosedived to $35,100 on Thursday, down from $43,110 a week earlier, while other major cryptocurrencies plunged as the situation between Russia and Ukraine worsened. According to a Reuters report, in the early hours of Thursday morning, Russian President Vladimir Putin authorized a special military operation in Ukraine's Donbass area, ordering the Ukrainian military [\u2026]", "source_name": "Bitcoinist", "date": "Wed, 23 Feb 2022 23:17:46 -0500", "topics": [], "sentiment": "Negative", "type": "Article", "tickers": ["BTC"]}, {"news_url": "https://coingape.com/?p=101828", "image_url": "https://crypto.snapi.dev/images/v1/1/w/bitcoin-crash-pyth-network-111900.jpeg", "title": "Bitcoin and Crypto Market Tank 7% As Putin Announces Military Operation in Ukraine", "text": "Bitcoin (BTC) and the broader cryptocurrency market have entered yet another sharp correction as Russia announces a \u2018military operation' in Ukraine. The broader cryptocurrency market is down 5.35% losing another $100 billion of investors' wealth.", "source_name": "Coingape", "date": "Wed, 23 Feb 2022 23:03:03 -0500", "topics": [], "sentiment": "Negative", "type": "Article", "tickers": ["BTC"]}, {"news_url": "https://decrypt.co/93690/bitcoin-price-nosedives-after-putin-declares-war-ukraine", "image_url": "https://crypto.snapi.dev/images/v1/t/s/vladimir-putin-russia-bitcoin-gid-5-111899.jpeg", "title": "Bitcoin Price Nosedives After Putin Declares War on Ukraine", "text": "Vladimir Putin said Russia would conduct a \"special military operation\" in Ukraine.", "source_name": "Decrypt", "date": "Wed, 23 Feb 2022 22:39:34 -0500", "topics": [], "sentiment": "Negative", "type": "Article", "tickers": ["BTC"]}, {"news_url": "https://coingape.com/?p=101827", "image_url": "https://crypto.snapi.dev/images/v1/7/m/kraken-ceo-jesse-powell-111897.jpg", "title": "Kraken CEO Lambasts Canada's Financial System, Backs Bitcoin and Truckers", "text": "Jesse Powell, the CEO of crypto exchange Kraken recently criticized Canada's emergency act aimed at ending the truckers' protest. The Ontario Securities Commission recently announced the seizure of crypto wallets after truckers started receiving funds in Bitcoin after the GoFundMe episode.", "source_name": "Coingape", "date": "Wed, 23 Feb 2022 22:30:03 -0500", "topics": [], "sentiment": "Neutral", "type": "Article", "tickers": ["BTC"]}, {"news_url": "https://bitcoinmagazine.com/markets/putins-plans-in-ukraine-hurt-bitcoin-price", "image_url": "https://crypto.snapi.dev/images/v1/q/9/as-ukrainian-resistance-groups-raise-bitcoin-funds-improved-privacy-is-becoming-critical-111898.png", "title": "Russia Woes Increase Volatility Across Markets, Especially Bitcoin", "text": "Markets react to Putin's speech as investors move to safety across risk assets, which is negatively impacting the price of bitcoin and tech stocks.", "source_name": "Bitcoin Magazine", "date": "Wed, 23 Feb 2022 22:30:00 -0500", "topics": [], "sentiment": "Negative", "type": "Article", "tickers": ["BTC"]}, {"news_url": "https://www.cryptoglobe.com/latest/2022/02/crypto-analyst-who-called-2018s-market-bottom-sees-bitcoin-btc-price-drop-below-28000/", "image_url": "https://crypto.snapi.dev/images/v1/9/d/maxim-hopman-fixlqxahcfk-unsplash-111896.jpg", "title": "Crypto Analyst Who Called 2018's Market Bottom Sees Bitcoin ($BTC) Price Drop Below $28,000", "text": "A top cryptocurrency strategist that has gained a large following on social media after accurately calling bitcoin's 2018 bear market bottom above $3,000, has revealed he believes the price of the flagship cryptocurrency will now drop to $28,000. The pseudonymous analyst, as Daily Hodl reported, known as Smart Contracter on social media, told his over [\u2026]", "source_name": "CryptoGlobe", "date": "Wed, 23 Feb 2022 22:20:00 -0500", "topics": [], "sentiment": "Negative", "type": "Article", "tickers": ["BTC"]}, {"news_url": "https://www.newsbtc.com/analysis/btc/bitcoin-faces-rejection-39k/", "image_url": "https://crypto.snapi.dev/images/v1/v/f/thomas-lefebvre-arxpjnxq9lu-unsplash-111208-111334-111892.jpg", "title": "TA: Bitcoin Faces Rejection, Why BTC is Vulnerable Below $38K", "text": "Bitcoin failed to clear the $39,500 resistance zone against the US Dollar. BTC started a fresh decline and is showing bearish signs below $38,000.", "source_name": "NewsBTC", "date": "Wed, 23 Feb 2022 22:08:34 -0500", "topics": ["tanalysis"], "sentiment": "Negative", "type": "Article", "tickers": ["BTC"]}, {"news_url": "https://bitcoinmagazine.com/markets/why-the-us-will-be-friendly-to-bitcoin", "image_url": "https://crypto.snapi.dev/images/v1/7/c/us-111890.jpg", "title": "Why The U.S. Will Likely Be One Of The Most Friendly Jurisdictions For Bitcoin", "text": "One-third of Americans could own bitcoin by the end of 2022. The U.S. government will want to appease this voting bloc with favorable policies toward bitcoin.", "source_name": "Bitcoin Magazine", "date": "Wed, 23 Feb 2022 21:30:00 -0500", "topics": [], "sentiment": "Positive", "type": "Article", "tickers": ["BTC"]}, {"news_url": "https://cointelegraph.com/news/nfts-most-popular-assets-on-ethereum-but-wrapped-bitcoin-growth-stalls", "image_url": "https://crypto.snapi.dev/images/v1/z/r/840-ahr0chm6ly9zmy5jb2ludgvszwdyyxbolmnvbs91cgxvywrzlziwmjitmdivmjkxyjdkztqtnjm4ms00zgvkltgzmjitzwzinwu2mgu1ztazlmpwzw-111887.jpg", "title": "NFTs most popular assets on Ethereum, but Wrapped Bitcoin growth stalls", "text": "NFTs have increased their lead over stablecoins and ERC-20 tokens in transfers on the Ethereum network since last July, while WBTC minted on chain has leveled off this month.", "source_name": "Cointelegraph", "date": "Wed, 23 Feb 2022 21:19:00 -0500", "topics": ["NFT"], "sentiment": "Neutral", "type": "Article", "tickers": ["ETH", "WBTC"]}, {"news_url": "https://www.benzinga.com/markets/cryptocurrency/22/02/25798289/bitcoin-ethereum-dogecoin-pull-back-again-as-russia-ukraine-crisis-intensifies-appetite-fo?SNAPI", "image_url": "https://crypto.snapi.dev/images/v1/c/d/kanchanara-drgxo-ujt2u-unsplash-111885.jpg", "title": "Bitcoin, Ethereum, Dogecoin Pull Back Again As Russia-Ukraine Crisis Intensifies, Appetite For Risk Shrinks", "text": "Major coins dropped Wednesday evening as the geopolitical situation in Eastern Europe worsened. The global cryptocurrency market cap fell 2.9% to $1.8 trillion at press time.", "source_name": "Benzinga", "date": "Wed, 23 Feb 2022 21:09:00 -0500", "topics": [], "sentiment": "Negative", "type": "Article", "tickers": ["BTC", "DOGE", "ETH"]}, {"news_url": "https://ambcrypto.com/scalability-issues-no-more-first-evm-compatible-zk-rollup-live-on-eths-public-testnet/", "image_url": "https://crypto.snapi.dev/images/v1/m/e/measurement-gb5bce3f0e-1280-111877.jpg", "title": "Scalability issues no more? First EVM compatible ZK Rollup live on ETH's public testnet", "text": "Ethereum\u2018s scalability issues have created a whirlwind of problems for the cryptocurrency industry, however, it has also fostered a ground for innovative ideas to overcome the same. Many layer 2 solutions have emerged in the recent past in order to combat the congestion on Ethereum, including zero-knowledge rollups.", "source_name": "AMBCrypto", "date": "Wed, 23 Feb 2022 19:30:59 -0500", "topics": [], "sentiment": "Positive", "type": "Article", "tickers": ["ETH"]}, {"news_url": "https://cryptoslate.com/kazakh-officials-seize-360-illegal-bitcoin-asics-amid-push-for-higher-mining-tax/", "image_url": "https://crypto.snapi.dev/images/v1/t/k/kazakhstan-bitcoin-asic-111872.jpg", "title": "Kazakh officials seize 360 illegal Bitcoin ASICs amid push for higher mining tax", "text": "Kazakhstan's authorities have confiscated 360 specialized Bitcoin ASICs as part of the country's ongoing campaign to weed out \u201cgray\u201d crypto miners. The post Kazakh officials seize 360 illegal Bitcoin ASICs amid push for higher mining tax appeared first on CryptoSlate.", "source_name": "CryptoSlate", "date": "Wed, 23 Feb 2022 19:01:18 -0500", "topics": ["mining", "taxes"], "sentiment": "Negative", "type": "Article", "tickers": ["BTC"]}, {"news_url": "https://bitcoinmagazine.com/culture/bitcoin-and-an-addiction-to-debt", "image_url": "https://crypto.snapi.dev/images/v1/v/y/lighthouse-111871.png", "title": "Bitcoin, Recovery And An Addiction To Debt", "text": "The debt addicted nations of today must hit rock bottom before they can see the incorruptible recovery guidelines of Bitcoin.", "source_name": "Bitcoin Magazine", "date": "Wed, 23 Feb 2022 19:00:00 -0500", "topics": [], "sentiment": "Neutral", "type": "Article", "tickers": ["BTC"]}, {"news_url": "https://www.cryptoglobe.com/latest/2022/02/bitcoin-btc-odds-of-a-supply-shock-once-demand-kicks-in-are-rising-glassnode-co-founders/", "image_url": "https://crypto.snapi.dev/images/v1/w/n/dave-portnoy-bitcoin-111870.jpg", "title": "Bitcoin ($BTC): Odds of a \u2018Supply Shock' Once Demand Kicks in Are Rising: Glassnode Co-Founders", "text": "Yann Allemann and Jan Happel, co-founders of blockchain insights firm, have shared a chart revealing that the odds of a bitcoin \u201csupply shock\u201d are increasing as demand for the flagship cryptocurrency comes back. The chart shows that the cryptocurrency's liquid supply plunged last year until June 2021, before its price surged to a new all-time [\u2026]", "source_name": "CryptoGlobe", "date": "Wed, 23 Feb 2022 18:47:00 -0500", "topics": [], "sentiment": "Neutral", "type": "Article", "tickers": ["BTC"]}, {"news_url": "https://www.youtube.com/watch?v=8f_pmJhJriI", "image_url": "https://crypto.snapi.dev/images/v1/m/o/bitcoin-quoteinspector-1-111782-111869.jpg", "title": "The truth on bitcoin: Is it really an inflation hedge", "text": "The traders discuss the real story on bitcoin as an inflation hedge. With CNBC's Melissa Lee and the Fast Money traders, Tim Seymour, Brian Kelly, Guy Adami and Karen Finerman.", "source_name": "CNBC Television", "date": "Wed, 23 Feb 2022 18:21:42 -0500", "topics": [], "sentiment": "Neutral", "type": "Video", "tickers": ["BTC"]}, {"news_url": "https://decrypt.co/93662/ethereum-project-accelerator-decent-labs-ponders-future-as-dao", "image_url": "https://crypto.snapi.dev/images/v1/c/t/parker-mccurley-at-eth-denver-gid-4-111864.png", "title": "Ethereum Project Accelerator Decent Labs Ponders Future as DAO", "text": "CEO Parker McCurley discussed transitioning to a decentralized autonomous organization at ETH Denver.", "source_name": "Decrypt", "date": "Wed, 23 Feb 2022 18:08:30 -0500", "topics": [], "sentiment": "Neutral", "type": "Article", "tickers": ["ETH"]}, {"news_url": "https://decrypt.co/93675/mexico-senator-proposes-bitcoin-legal-tender-bill-unlikely-pass", "image_url": "https://crypto.snapi.dev/images/v1/l/w/mexico-bitcoin-flags-gid-2-111865.jpeg", "title": "Mexico Senator Proposes Bitcoin Legal Tender Bill\u2014But It's Unlikely to Pass", "text": "Indira Kempis wants her country to join El Salvador in making Bitcoin legal tender.", "source_name": "Decrypt", "date": "Wed, 23 Feb 2022 18:07:33 -0500", "topics": ["regulations"], "sentiment": "Positive", "type": "Article", "tickers": ["BTC"]}, {"news_url": "https://dailyhodl.com/2022/02/23/ethereum-eth-in-most-compelling-point-for-a-massive-price-rally-says-top-crypto-strategist/", "image_url": "https://crypto.snapi.dev/images/v1/l/m/eth-compelling-massivejpgfit10242c600ssl1-111873.jpg", "title": "Ethereum (ETH) in \u2018Most Compelling' Point for a Massive Price Rally, Says Top Crypto Strategist", "text": "A closely followed crypto analyst says Ethereum (ETH) is trading at a point where the reward far outweighs the risk. Pseudonymous analyst Light tells his 146,000 Twitter followers that leading smart contract platform Ethereum looks poised to regain its bullish momentum after its steep correction from the all-time high of $4,800. \u201cETHUSD long here is [\u2026] The post Ethereum (ETH) in \u2018Most Compelling' Point for a Massive Price Rally, Says Top Crypto Strategist appeared first on The Daily Hodl.", "source_name": "The Daily Hodl", "date": "Wed, 23 Feb 2022 18:05:20 -0500", "topics": [], "sentiment": "Positive", "type": "Article", "tickers": ["ETH"]}, {"news_url": "https://dailyhodl.com/2022/02/23/popular-crypto-analyst-says-bitcoin-btc-could-retrace-to-early-2021-prices-heres-what-to-watch-for/", "image_url": "https://crypto.snapi.dev/images/v1/e/w/bitcoin-retrace-to-2021jpgfit10242c600ssl1-111874.jpg", "title": "Popular Crypto Analyst Says Bitcoin (BTC) Could Retrace to Early 2021 Prices \u2013 Here's What To Watch For", "text": "A closely followed crypto strategist says that Bitcoin (BTC) could find itself with a price tag similar to what it had in early 2021. The pseudonymous analyst known as Rekt Capital tells his 291,000 Twitter subscribers that the top crypto asset by market cap is currently in the process of creating a new area of [\u2026] The post Popular Crypto Analyst Says Bitcoin (BTC) Could Retrace to Early 2021 Prices \u2013 Here's What To Watch For appeared first on The Daily Hodl.", "source_name": "The Daily Hodl", "date": "Wed, 23 Feb 2022 18:01:11 -0500", "topics": [], "sentiment": "Negative", "type": "Article", "tickers": ["BTC"]}, {"news_url": "https://bitcoinist.com/ethereum-whales-go-ham-on-shiba-inu/", "image_url": "https://crypto.snapi.dev/images/v1/6/z/shiba-inu-bull-111863.jpeg", "title": "Ethereum Whales Go Ham On Shiba Inu, Will Current Reversal Trend Hold?", "text": "Shiba Inu has been on the up once more as the market slowly recovers from the recent crash. As one of the meme coins still holding strong through thick and thin, it has made an impressive mark in the market, continuing to recover from dips.", "source_name": "Bitcoinist", "date": "Wed, 23 Feb 2022 18:00:16 -0500", "topics": ["whales"], "sentiment": "Neutral", "type": "Article", "tickers": ["ETH", "SHIB"]}, {"news_url": "https://www.newsbtc.com/news/bitcoin/data-says-bitcoin-holds-up-to-macro-turmoil-better-than-altcoins/", "image_url": "https://crypto.snapi.dev/images/v1/o/t/bitcoin-6-111862.jpeg", "title": "Data Says Bitcoin Holds Up To Macro Turmoil Better Than Altcoins", "text": "Bitcoin has not had the best couple of things and altcoins have been subjected to the same fate too. The market has continued to succumb to pressure being mounted by various social issues, from the Canada protests to the brewing conflict between Ukraine and Russia.", "source_name": "NewsBTC", "date": "Wed, 23 Feb 2022 18:00:13 -0500", "topics": [], "sentiment": "Positive", "type": "Article", "tickers": ["BTC"]}, {"news_url": "https://www.coindesk.com/business/2022/02/23/solana-wallet-slope-finance-raises-8m/", "image_url": "https://crypto.snapi.dev/images/v1/p/5/6t22upejfzg77pmpjxjdqbfr4i-111861.jpeg", "title": "Solana Wallet Slope Finance Raises $8M", "text": "The Series A was co-led by Solana Ventures and Jump Crypto.", "source_name": "Coindesk", "date": "Wed, 23 Feb 2022 17:51:00 -0500", "topics": [], "sentiment": "Positive", "type": "Article", "tickers": ["SOL"]}, {"news_url": "https://invezz.com/news/2022/02/23/bitcoins-digital-gold-tag-and-why-it-may-be-falling-apart/", "image_url": "https://crypto.snapi.dev/images/v1/h/g/84270600-m-111860.jpg", "title": "Bitcoin's \u2018digital gold' tag and why it may be falling apart", "text": "Recent declines in Bitcoin price has several analysts questioning whether the flagship cryptocurrency's \u201cdigital gold\u201d tag still holds. Is it still a better store of value? Safe haven? Some analysts say Bitcoin's case for \u201cdigital gold\u201d is falling apart.\u00a0 There argument?\u00a0 The benchmark cryptocurrency has over the last few months traded more like a risk [\u2026] The post Bitcoin's \u2018digital gold' tag and why it may be falling apart appeared first on Invezz.", "source_name": "Invezz", "date": "Wed, 23 Feb 2022 17:43:50 -0500", "topics": [], "sentiment": "Negative", "type": "Article", "tickers": ["BTC"]}, {"news_url": "https://cointelegraph.com/news/hedge-fund-report-says-bitcoin-price-is-at-a-relatively-inexpensive-place", "image_url": "https://crypto.snapi.dev/images/v1/w/g/840-ahr0chm6ly9zmy5jb2ludgvszwdyyxbolmnvbs91cgxvywrzlziwmjitmdivzdg3owu2odktyzm0mi00zmezlwfhzwyty2q3ndvjzdc5mdlmlmpwzw-111850.jpg", "title": "Hedge fund report says Bitcoin price is \u2018at a relatively inexpensive place'", "text": "A recent report from Pantera Capital said moves in the debt market and the Fed's shifting monetary policy could be the fodder that fuels Bitcoin's next monster rally.", "source_name": "Cointelegraph", "date": "Wed, 23 Feb 2022 17:05:00 -0500", "topics": ["institutions"], "sentiment": "Positive", "type": "Article", "tickers": ["BTC"]}, {"news_url": "https://bitcoinist.com/opera-integrated-this-ethereum-scalability-solution/", "image_url": "https://crypto.snapi.dev/images/v1/c/s/opera-ethereum-eth-ethusd-640x351-111848.jpg", "title": "Why Opera Integrated This Ethereum L2 Scalability Solution", "text": "According to a press release, internet browser Opera integrated with Ethereum layer 2 exchange DeversiFi and their scaling solution powered by Starkware. Users will be able to leverage cost-efficient and instant transactions via Opera's mobile browser wallet.", "source_name": "Bitcoinist", "date": "Wed, 23 Feb 2022 17:00:32 -0500", "topics": [], "sentiment": "Neutral", "type": "Article", "tickers": ["ETH"]}, {"news_url": "https://decrypt.co/93656/bny-mellon-scales-up-crypto-ambitions-tracking-customers-bitcoin", "image_url": "https://crypto.snapi.dev/images/v1/a/k/bny-mellon-gid-5-111847.jpg", "title": "BNY Mellon Scales Up Crypto Ambitions\u2014By Tracking Customers' Bitcoin", "text": "The world's largest custodian bank is integrating Chainalysis to help with risk management.", "source_name": "Decrypt", "date": "Wed, 23 Feb 2022 16:54:05 -0500", "topics": [], "sentiment": "Positive", "type": "Article", "tickers": ["BTC"]}, {"news_url": "https://www.theblockcrypto.com/post/135227/el-salvador-to-inaugurate-pet-hospital-said-to-be-funded-with-bitcoin-related-gains", "image_url": "https://crypto.snapi.dev/images/v1/c/j/20220214-el-salvador-bitcoin-800x450-111845.png", "title": "El Salvador to inaugurate pet hospital said to be funded with bitcoin-related gains", "text": "El Salvador will inaugurate a pet hospital that its president has said was funded with a $4 million surplus related to Bitcoin gains. The post El Salvador to inaugurate pet hospital said to be funded with bitcoin-related gains appeared first on The Block.", "source_name": "The Block", "date": "Wed, 23 Feb 2022 16:53:22 -0500", "topics": [], "sentiment": "Positive", "type": "Article", "tickers": ["BTC"]}, {"news_url": "https://bitcoinmagazine.com/business/food-chain-everbowl-to-let-employees-get-paid-in-bitcoin", "image_url": "https://crypto.snapi.dev/images/v1/h/8/bitcoin-compensation-compliance-navigating-murky-waters-111843.jpg", "title": "Food Chain Everbowl To Let Employees Get Paid In Bitcoin", "text": "The California-based business said the move aims to provide an alternative savings vehicle for its employees.", "source_name": "Bitcoin Magazine", "date": "Wed, 23 Feb 2022 16:46:09 -0500", "topics": [], "sentiment": "Neutral", "type": "Article", "tickers": ["BTC"]}, {"news_url": "https://www.benzinga.com/markets/cryptocurrency/22/02/25769656/why-ethereum-really-needs-to-hold-this-key-trendline?SNAPI", "image_url": "https://crypto.snapi.dev/images/v1/h/k/ethereumexecutium-leciokunym4-unsplash-3-111844.jpg", "title": "Why Ethereum Really Needs To Hold This Key Trendline", "text": "Ethereum (CRYPTO: ETH) had a roller coaster Wednesday, attempting to bounce off the higher low trendline and push higher in the pattern once again.", "source_name": "Benzinga", "date": "Wed, 23 Feb 2022 16:43:00 -0500", "topics": [], "sentiment": "Positive", "type": "Article", "tickers": ["ETH"]}, {"news_url": "https://investorplace.com/2022/02/polkadot-crypto-price-predictions-where-will-dot-go-with-nft-support/", "image_url": "https://crypto.snapi.dev/images/v1/t/n/crypto19-111842.jpg", "title": "Polkadot Crypto Price Predictions: Where Will DOT Go With NFT Support?", "text": "Polkadot crypto price predictions are a hot topic as the project prepares to roll out an upgrade for its NFT capabilities.", "source_name": "Investorplace", "date": "Wed, 23 Feb 2022 16:31:24 -0500", "topics": ["NFT"], "sentiment": "Neutral", "type": "Article", "tickers": ["DOT"]}, {"news_url": "https://cryptoslate.com/aventus-allies-with-scytale-in-a-bid-to-win-a-polkadot-parachain-slot/", "image_url": "https://crypto.snapi.dev/images/v1/i/a/polkadot-parachain-111837.jpg", "title": "Aventus allies with Scytale in a bid to win a Polkadot parachain slot", "text": "Aventus Network (AvN) recently announced teaming up with Scytale Ventures, a blockchain venture capital firm that will help the Layer 2 solution reach its goal of becoming a Polkadot parachain. The post Aventus allies with Scytale in a bid to win a Polkadot parachain slot appeared first on CryptoSlate.", "source_name": "CryptoSlate", "date": "Wed, 23 Feb 2022 16:31:17 -0500", "topics": [], "sentiment": "Positive", "type": "Article", "tickers": ["DOT"]}, {"news_url": "https://decrypt.co/93657/solana-pantera-capital-nba-owners-invest-in-nft-fantasy-basketball-game", "image_url": "https://crypto.snapi.dev/images/v1/p/v/pexels-photo-5833772-e1644755587435-108423-111841.jpeg", "title": "Solana, Pantera Capital, NBA Owners Invest in NFT Fantasy Basketball Game", "text": "Fast Break Labs announced it has raised $6 million in a seed round.", "source_name": "Decrypt", "date": "Wed, 23 Feb 2022 16:28:50 -0500", "topics": ["NFT"], "sentiment": "Neutral", "type": "Article", "tickers": ["SOL"]}, {"news_url": "https://www.forbes.com/sites/stevenehrlich/2022/02/23/kraken-ceo-backs-truckers-and-bitcoin-as-defense-against-canadas-weaponized-financial-system/", "image_url": "https://crypto.snapi.dev/images/v1/a/n/kraken-ceo-backs-truckers-and-bitcoin-as-defense-against-canadas-weaponized-financial-system-111836.jpg", "title": "Kraken CEO Backs Truckers And Bitcoin As Defense Against Canada's Weaponized Financial System", "text": "Jesse Powell provoked Canadian officials when he issued a public plea for customers to take their assets off of his crypto exchange to safeguard against seizure by the Canadian government. He is not backing down.", "source_name": "Forbes", "date": "Wed, 23 Feb 2022 16:25:41 -0500", "topics": [], "sentiment": "Neutral", "type": "Article", "tickers": ["BTC"]}, {"news_url": "https://cryptobriefing.com/nft-transfer-activity-on-ethereum-exceeds-that-of-stablecoins-erc-20s/?utm_source=main_feed&utm_medium=rss", "image_url": "https://crypto.snapi.dev/images/v1/j/s/2-23-22-nft-838x440-111835.jpg", "title": "NFT Transfer Activity on Ethereum Exceeds That of Stablecoins, ERC-20s", "text": "Despite market volatility, non-fungible token activity has remained strong since last summer.", "source_name": "Crypto Briefing", "date": "Wed, 23 Feb 2022 16:12:13 -0500", "topics": ["stablecoins", "NFT"], "sentiment": "Neutral", "type": "Article", "tickers": ["ETH"]}, {"news_url": "https://dailyhodl.com/2022/02/23/here-are-the-only-two-scenarios-for-bitcoin-btc-in-the-near-future-according-to-top-crypto-trader/", "image_url": "https://crypto.snapi.dev/images/v1/i/n/only-two-scenariosjpgfit10242c600ssl1-111830.jpg", "title": "Here Are the Only Two Scenarios for Bitcoin (BTC) in the Near Future, According to Top Crypto Trader", "text": "A closely followed crypto trader is laying out the scenarios he thinks are most likely for Bitcoin (BTC) as it rides out another rocky week in the markets. In a new strategy session for TechnicalRoundup, pseudonymous analyst Cred says that there are now only two possible scenarios for Bitcoin, with the optimistic option being that [\u2026] The post Here Are the Only Two Scenarios for Bitcoin (BTC) in the Near Future, According to Top Crypto Trader appeared first on The Daily Hodl.", "source_name": "The Daily Hodl", "date": "Wed, 23 Feb 2022 16:00:09 -0500", "topics": [], "sentiment": "Neutral", "type": "Article", "tickers": ["BTC"]}, {"news_url": "https://bitcoinmagazine.com/culture/bitcoins-freedom-convoy-threat-vector", "image_url": "https://crypto.snapi.dev/images/v1/s/p/anonymous-111827.jpg", "title": "Bitcoin's Freedom Convoy Threat Vector", "text": "Well-intentioned actions need to be planned meticulously when concerning the security of Bitcoin at the scrutiny of the State.", "source_name": "Bitcoin Magazine", "date": "Wed, 23 Feb 2022 16:00:00 -0500", "topics": [], "sentiment": "Negative", "type": "Article", "tickers": ["BTC"]}, {"news_url": "https://investorplace.com/2022/02/a-solana-nft-vending-machine-gives-sol-crypto-fans-unique-opportunity/", "image_url": "https://crypto.snapi.dev/images/v1/w/h/crypto18-111828.jpg", "title": "A Solana NFT Vending Machine Gives SOL Crypto Fans Unique Opportunity", "text": "An NFT exchange is giving investors the opportunity to obtain Solana NFTs through a vending machine. Here's what it means for SOL crypto.", "source_name": "Investorplace", "date": "Wed, 23 Feb 2022 15:57:10 -0500", "topics": ["NFT"], "sentiment": "Positive", "type": "Article", "tickers": ["SOL"]}, {"news_url": "https://www.youtube.com/watch?v=MkBldH7FwOU", "image_url": "https://crypto.snapi.dev/images/v1/g/e/bitgos-mike-belshe-on-why-bitcoin-keeps-moving-in-tandem-with-stocks-cnbc-crypto-world-111820.jpg", "title": "BitGo's Mike Belshe on why bitcoin keeps moving in tandem with stocks: CNBC Crypto World", "text": "CNBC Crypto World features the latest news and daily trading updates from the digital currency markets and provides viewers with a look at what's ahead with high-profile interviews, explainers, and unique stories from the ever-changing crypto industry. On today's show, Mike Belshe, CEO of BitGo, discusses protecting crypto assets from hacks, the rise of institutional investors and how bitcoin's price moves align with stocks 00:00 - CNBC Crypto World, Feb. 23, 2022 0:33 - Crypto bounces back 2:39 - The Headlines 4:58 - Mike Belshe of BitGo 11:48 - One Last Thing \u00bb Subscribe to CNBC TV: https://cnb.cx/SubscribeCNBCtelevision \u00bb Subscribe to CNBC: https://cnb.cx/SubscribeCNBC Turn to CNBC TV for the latest stock market news and analysis.", "source_name": "CNBC Television", "date": "Wed, 23 Feb 2022 15:16:12 -0500", "topics": [], "sentiment": "Neutral", "type": "Video", "tickers": ["BTC", "ETH", "LUNA"]}, {"news_url": "https://www.trustnodes.com/2022/02/23/bitcoin-market-games-and-putin-rational", "image_url": "https://crypto.snapi.dev/images/v1/s/6/10415c36de44408dabb02d465f99b601-111619-111809.jpeg", "title": "Bitcoin Market Games and Putin Rational", "text": "Bitcoin once again rose to just above $39,000 prior to US markets opening slightly in red, sending it down to just under $38,000 with Nasdaq down 0.5% shortly after trading.", "source_name": "Trustnodes", "date": "Wed, 23 Feb 2022 14:46:04 -0500", "topics": ["paywall"], "sentiment": "Neutral", "type": "Article", "tickers": ["BTC"]}, {"news_url": "https://dailyhodl.com/2022/02/23/mexican-senator-to-propose-law-making-bitcoin-legal-tender-report/", "image_url": "https://crypto.snapi.dev/images/v1/m/m/mexican-senator-tenderjpgfit10242c600ssl1-111811.jpg", "title": "Mexican Senator to Propose Law Making Bitcoin Legal Tender: Report", "text": "A Mexican senator says she will propose a new law to make top crypto asset Bitcoin (BTC) legal tender in Mexico after a visit to fellow Central American nation El Salvador. Indira Kempis, who represents the state of Nuevo Leon, says she will create a proposal to the Mexican Congress this year based on the [\u2026] The post Mexican Senator to Propose Law Making Bitcoin Legal Tender: Report appeared first on The Daily Hodl.", "source_name": "The Daily Hodl", "date": "Wed, 23 Feb 2022 14:41:11 -0500", "topics": ["regulations"], "sentiment": "Neutral", "type": "Article", "tickers": ["BTC"]}, {"news_url": "https://cointelegraph.com/news/price-analysis-2-23-btc-eth-bnb-xrp-ada-sol-avax-luna-doge-dot", "image_url": "https://crypto.snapi.dev/images/v1/4/w/840-ahr0chm6ly9zmy5jb2ludgvszwdyyxbolmnvbs91cgxvywrzlziwmjitmdivzjlhn2jkmgytntfhny00zgrmlwjmntmtzmvmnzyxotdkmjy5lmpwzw-111808.jpg", "title": "Price analysis 2/23: BTC, ETH, BNB, XRP, ADA, SOL, AVAX, LUNA, DOGE, DOT", "text": "BTC and altcoins flashed a few bullish signals today, but traders say $38,000 is still the level Bitcoin needs to close above before a reversal can begin.", "source_name": "Cointelegraph", "date": "Wed, 23 Feb 2022 14:40:04 -0500", "topics": ["tanalysis"], "sentiment": "Neutral", "type": "Article", "tickers": ["ADA", "AVAX", "BNB", "BTC", "DOGE", "LUNA", "SOL", "XRP", "DOT", "ETH"]}, {"news_url": "https://cryptoslate.com/el-salvadors-tourism-sector-is-booming-after-bitcoin-adoption/", "image_url": "https://crypto.snapi.dev/images/v1/k/v/elsalvador-tourism-111802.jpg", "title": "El Salvador's tourism sector is booming after bitcoin adoption", "text": "El Salvador is experiencing a surge in tourism after it adopted the bitcoin law in the fall of 2021 and made the cryptocurrency legal tender. The post El Salvador's tourism sector is booming after bitcoin adoption appeared first on CryptoSlate.", "source_name": "CryptoSlate", "date": "Wed, 23 Feb 2022 14:31:17 -0500", "topics": [], "sentiment": "Positive", "type": "Article", "tickers": ["BTC"]}, {"news_url": "https://bitcoinist.com/bitcoin-fomo-no-more-volume-drops-lowest-14-months/", "image_url": "https://crypto.snapi.dev/images/v1/a/z/kanchanara-f4uups8mcxa-unsplash-631x420-111793.jpg", "title": "Bitcoin FOMO No More? Volume Drops To Lowest In 14 Months", "text": "Data shows the Bitcoin trading volume has dropped to its lowest level in 14 months, signaling that FOMO around the crypto may be no more. Bitcoin Trading Volume Sinks To Lows Not Seen Since December 2020 As per the latest weekly report from Arcane Research, the BTC trading volume has continued its decline this week, [\u2026]", "source_name": "Bitcoinist", "date": "Wed, 23 Feb 2022 14:00:42 -0500", "topics": [], "sentiment": "Negative", "type": "Article", "tickers": ["BTC"]}, {"news_url": "https://www.newsbtc.com/news/bitcoin/bitcoin-correlation-stock-market-new-all-time-high/", "image_url": "https://crypto.snapi.dev/images/v1/q/v/kanchanara-8x1m8lytapu-unsplash-1-scaled-111792.jpg", "title": "False Safe Haven: Bitcoin Correlation With S&P 500 Hits ATH", "text": "Data shows the Bitcoin correlation with S&P 500, and hence the stock market, has now set a new all-time high (ATH). Bitcoin Correlation With S&P 500 Reaches New High As pointed out by an analyst in a CryptoQuant post, the BTC correlation with the stock market is currently at an all-time high, further damaging the \u201csafe haven\u201d narrative.", "source_name": "NewsBTC", "date": "Wed, 23 Feb 2022 14:00:32 -0500", "topics": [], "sentiment": "Positive", "type": "Article", "tickers": ["BTC"]}, {"news_url": "https://www.dailyfx.com/forex/market_alert/2022/02/23/Gold-vs-BTC-Risk-off-Assets-In-the-Ukraine-Crisis.html", "image_url": "https://crypto.snapi.dev/images/v1/v/g/crypto16-111799.jpg", "title": "Gold vs BTC: Risk-off Assets In the Ukraine Crisis", "text": "Chris Vecchio and Ilya Spivak sat in on last night's Jones and Grace to analyze what the best risk-off havens are.", "source_name": "DailyFX", "date": "Wed, 23 Feb 2022 14:00:00 -0500", "topics": [], "sentiment": "Negative", "type": "Article", "tickers": ["BTC"]}, {"news_url": "https://cryptonews.com/news/as-inflation-here-stay-bitcoin-ethereum-gold-investors-will-win-but-brace-for-volatility-bitmex.htm", "image_url": "https://crypto.snapi.dev/images/v1/z/k/4c3cb7daaa-111795.jpg", "title": "As Inflation Is Here to Stay, Bitcoin, Ethereum, and Gold Investors Will Win, But Brace for Volatility - BitMEX", "text": "The US Federal Reserve (Fed) aims to get inflation down with its interest rate hikes this year. Longer-term, however, inflation might still remain as the winner, with bets on bitcoin (BTC), ethereum (ETH), and gold expected to pay off. But until then, volatility could flush out even the most dedicated crypto holders, crypto exchange BitMEX warned.", "source_name": "Cryptonews", "date": "Wed, 23 Feb 2022 14:00:00 -0500", "topics": [], "sentiment": "Neutral", "type": "Article", "tickers": ["BTC", "ETH"]}, {"news_url": "https://www.fool.com/investing/2022/02/23/why-solana-cardano-and-avalanche-are-surging-highe/", "image_url": "https://crypto.snapi.dev/images/v1/k/m/urlhttps3a2f2fgfoolcdncom2feditorial2fimages2f6674442fcrypto110jpgw700opresize-111790.jpg", "title": "Why Solana, Cardano, and Avalanche Are Surging Higher Today", "text": "These three Ethereum competitors are seeing outsize interest today, for good reason.", "source_name": "The Motley Fool", "date": "Wed, 23 Feb 2022 13:57:37 -0500", "topics": [], "sentiment": "Positive", "type": "Article", "tickers": ["ADA", "AVAX", "SOL"]}, {"news_url": "https://beincrypto.com/peter-schiff-bitcoin-btc-is-digital-fools-gold-or-anti-gold/", "image_url": "https://crypto.snapi.dev/images/v1/b/t/bitcoin-gold-111801.png", "title": "Peter Schiff: Bitcoin (BTC) Is Digital Fool's Gold or Anti-Gold", "text": "Peter Schiff is back in shape again! The infamous Bitcoin critic has just proposed another argument in his countless attempts to devalue the largest cryptocurrency.", "source_name": "BeInCrypto", "date": "Wed, 23 Feb 2022 13:55:00 -0500", "topics": [], "sentiment": "Negative", "type": "Article", "tickers": ["BTC"]}, {"news_url": "https://www.benzinga.com/markets/cryptocurrency/22/02/25787125/as-bitcoin-rallies-is-a-break-above-40-000-in-the-cards?SNAPI", "image_url": "https://crypto.snapi.dev/images/v1/u/s/bitcoin-quoteinspector-1-111782.jpg", "title": "As Bitcoin Rallies, Is A Break Above $40,000 In The Cards?", "text": "Bitcoin (CRYPTO: BTC) took another leg down in the middle of February, leading to fears that a crypto winter, akin to the period following the crypto market crash of 2018, may be right around the corner. The apex currency, however, is fighting back after bottoming close to the $37,000 level.", "source_name": "Benzinga", "date": "Wed, 23 Feb 2022 13:48:00 -0500", "topics": [], "sentiment": "Positive", "type": "Article", "tickers": ["BTC"]}, {"news_url": "https://cryptoslate.com/bitcoins-tvl-on-lightning-network-now-worth-over-1-million/", "image_url": "https://crypto.snapi.dev/images/v1/z/v/bitcoin-lightning-tvl-111779.jpg", "title": "Bitcoin's TVL on Lightning Network now worth over $130 million", "text": "Bitcoin's recent price performance might not encourage investors, but that has not stopped them from pushing the TVL of assets locked on the Lightning network to a new high. The post Bitcoin's TVL on Lightning Network now worth over $130 million appeared first on CryptoSlate.", "source_name": "CryptoSlate", "date": "Wed, 23 Feb 2022 13:33:15 -0500", "topics": [], "sentiment": "Neutral", "type": "Article", "tickers": ["BTC"]}, {"news_url": "https://investorplace.com/2022/02/solana-long-term-altcoin-investors-should-look-at-sol-usd/", "image_url": "https://crypto.snapi.dev/images/v1/o/4/solana-1632415430ltk42wtwn5-108292-110830-111780.jpg", "title": "Long-Term Altcoin Investors Should Look at Solana", "text": "Solana Pay aims to create a seamless peer-to-peer connection between merchants and consumers, adding to the investment thesis for SOL-USD.", "source_name": "Investorplace", "date": "Wed, 23 Feb 2022 13:32:59 -0500", "topics": [], "sentiment": "Neutral", "type": "Article", "tickers": ["SOL"]}, {"news_url": "https://ambcrypto.com/xrp-understanding-where-price-is-likely-to-face-strong-selling-pressures/", "image_url": "https://crypto.snapi.dev/images/v1/r/n/pp-4-xrp-cover-111778.jpg", "title": "XRP: Understanding where price is likely to face strong selling pressure", "text": "There was an argument to be made that an XRP fractal could push the price past the $1 mark, as the coin went appeared to be in an accumulation phase on lower timeframe charts. On the longer timeframes, there were multiple levels of strong resistance to the upside for XRP bulls to overcome.", "source_name": "AMBCrypto", "date": "Wed, 23 Feb 2022 13:30:23 -0500", "topics": [], "sentiment": "Negative", "type": "Article", "tickers": ["XRP"]}, {"news_url": "https://www.fool.com/investing/2022/02/23/why-bitcoin-ethereum-and-dogecoin-are-recovering-n/", "image_url": "https://crypto.snapi.dev/images/v1/7/g/7g32-111786.", "title": "Sanctions Are a Good Thing? Why Bitcoin, Ethereum, and Dogecoin Are Recovering Nicely Today", "text": "There's some interesting divergence taking place between cryptocurrencies and stocks today.", "source_name": "The Motley Fool", "date": "Wed, 23 Feb 2022 13:18:29 -0500", "topics": [], "sentiment": "Positive", "type": "Article", "tickers": ["BTC", "DOGE", "ETH"]}, {"news_url": "https://www.cryptoninjas.net/2022/02/23/crypto-friendly-browser-opera-brings-ethereum-l2-to-users-adding-starkware-powered-dex/", "image_url": "https://crypto.snapi.dev/images/v1/o/p/opera-starkware-deversiifi-111839.png", "title": "Crypto-friendly browser Opera brings Ethereum L2 to users adding Starkware-powered DEX", "text": "Opera, the company behind the popular Opera web browser, today announced integration with DeversiFi, an\u00a0 Ethereum layer-2 exchange powered by Starkware's scaling solution \u2014 providing cheap and instant transactions within its mobile browser wallet. Integrating a layer-2 solution through a partnership with DeversiFi makes it easier, faster, and cheaper for Opera's users to send ETH [\u2026] The post Crypto-friendly browser Opera brings Ethereum L2 to users adding Starkware-powered DEX appeared first on CryptoNinjas.", "source_name": "CryptoNinjas", "date": "Wed, 23 Feb 2022 13:17:46 -0500", "topics": [], "sentiment": "Positive", "type": "Article", "tickers": ["ETH"]}, {"news_url": "https://u.today/eu-on-track-to-ban-bitcoin-report?SNAPI", "image_url": "https://crypto.snapi.dev/images/v1/q/4/adobestock-68767205-111775.jpeg", "title": "EU on Track to Ban Bitcoin: Report", "text": "Bitcoin will be banned in the EU starting from 2025 if the Commission and the Council of the EU don't ditch a crippling amendment to the MiCA framework", "source_name": "UToday", "date": "Wed, 23 Feb 2022 13:14:00 -0500", "topics": [], "sentiment": "Negative", "type": "Article", "tickers": ["BTC"]}, {"news_url": "https://coingape.com/?p=101812", "image_url": "https://crypto.snapi.dev/images/v1/m/q/xrp-price-prediction-111773.jpg", "title": "XRP Price Analysis: Breakout Or Fakeout? Here Are Key Technical Levels To Watch", "text": "The XRP\u00a0price gives a bearish breakout of the pennant formed in the daily chart resulting in a downfall of 18%. The free fall takes a dip to $0.70 before showing a bullish recovery of 10% in the past 48 hours.", "source_name": "Coingape", "date": "Wed, 23 Feb 2022 13:09:24 -0500", "topics": ["tanalysis"], "sentiment": "Positive", "type": "Article", "tickers": ["XRP"]}, {"news_url": "https://cryptodaily.co.uk/2022/02/btc-usd-challenges-38527-on-upside-move-sally-ho-technical-analysis-24-february-2022-btc-bitcoin", "image_url": "https://crypto.snapi.dev/images/v1/p/h/jievani-weerasinghe-nhrm1u4gd-a-unsplash-111632-111767.jpg", "title": "BTC/USD Challenges 38527 on Upside Move: Sally Ho's Technical Analysis 24 February 2022 BTC", "text": "Bitcoin (BTC/USD) tried to sustain a move higher early in the Asian session as the pair continued to orbit the 37869 level after recently trading as low as the 36350 area, a recent relative low that represented a test of the monthly low established in early February.\u00a0 Buying activity lifted BTC/USD to the 38469 area, representing a test of the 76.4% retracement of the appreciating range from 36264.36 to 45855, and also a test of the 23.6% retracement of the depreciating range from 45855 to 36350.", "source_name": "Crypto Daily", "date": "Wed, 23 Feb 2022 13:00:00 -0500", "topics": ["tanalysis"], "sentiment": "Positive", "type": "Article", "tickers": ["BTC"]}, {"news_url": "https://www.cryptopolitan.com/bitcoin-price-analysis-2022-02-23/", "image_url": "https://crypto.snapi.dev/images/v1/j/y/bitcoin-price-analysis-2022-02-23-111765.png", "title": "Bitcoin price analysis: BTC rejects upside at $39,000, selling set to return?", "text": "TL;DR Breakdown Bitcoin price analysis is bearish today. BTC/USD continued to retrace overnight.", "source_name": "Cryptopolitan", "date": "Wed, 23 Feb 2022 12:48:53 -0500", "topics": ["tanalysis"], "sentiment": "Negative", "type": "Article", "tickers": ["BTC"]}, {"news_url": "https://thecurrencyanalytics.com/bitcoin/dylan-leclair-on-stocks-bonds-volatility-and-bitcoin-btc-39244.php", "image_url": "https://crypto.snapi.dev/images/v1/d/e/dylan-leclair-on-stocks-bonds-volatility-and-bitcoin-111748.jpg", "title": "Dylan LeClair on Stocks Bonds Volatility and Bitcoin (BTC)", "text": "Catch up on the latest crypto market news at The Currency Analytics. Dylan LeClair shared: What the hell is going on in financial markets?", "source_name": "The Currency Analytics", "date": "Wed, 23 Feb 2022 12:35:54 -0500", "topics": [], "sentiment": "Neutral", "type": "Article", "tickers": ["BTC"]}, {"news_url": "https://beincrypto.com/mexican-senator-plans-to-follow-in-el-salvadors-footsteps-by-legalizing-bitcoin/", "image_url": "https://crypto.snapi.dev/images/v1/u/n/mexico-bitcoin-111766.png", "title": "Mexican Senator Plans to Follow in El Salvador's Footsteps by Legalizing Bitcoin", "text": "A Mexican senator will fight for the unbanked, using her political standing to motivate bitcoin's adoption as legal tender. The post Mexican Senator Plans to Follow in El Salvador's Footsteps by Legalizing Bitcoin appeared first on BeInCrypto.", "source_name": "BeInCrypto", "date": "Wed, 23 Feb 2022 12:35:16 -0500", "topics": ["regulations"], "sentiment": "Positive", "type": "Article", "tickers": ["BTC"]}, {"news_url": "https://ambcrypto.com/xrp-lawsuit-ripple-labs-and-its-new-strategy-to-battle-secs-delay-tactics/", "image_url": "https://crypto.snapi.dev/images/v1/s/o/karim-manjra-dtscke9-8ci-unsplash-111746.jpg", "title": "XRP Lawsuit: Ripple Labs and its new strategy to battle SEC's delay tactics", "text": "There was a development in the ever-lasting lawsuit concerning U.S's regulatory watchdogs and the Fintech form, Ripple Labs. The interesting part was the reply time of Defendant after Plaintiff filed its latest motion.", "source_name": "AMBCrypto", "date": "Wed, 23 Feb 2022 12:30:46 -0500", "topics": ["regulations"], "sentiment": "Positive", "type": "Article", "tickers": ["XRP"]}, {"news_url": "https://coingape.com/?p=101816", "image_url": "https://crypto.snapi.dev/images/v1/u/c/ethereum-logo-portrait-black-gray-111744.png", "title": "Ethereum (ETH) Price Prediction: ETH Recover slightly Toward $2,700 Still Not Out Of Woods!", "text": "Ethereum (ETH) price gains for a second straight day on Wednesday. ETH has formed some bullish technical setup anticipating a short-term upside rally toward $3,200.", "source_name": "Coingape", "date": "Wed, 23 Feb 2022 12:15:11 -0500", "topics": [], "sentiment": "Positive", "type": "Article", "tickers": ["ETH"]}, {"news_url": "https://www.cryptopolitan.com/ethereum-price-analysis-2022-02-23/", "image_url": "https://crypto.snapi.dev/images/v1/h/x/dogecoin-price-analysis-2022-01-24-111741.png", "title": "Ethereum price analysis: ETH retests $2,750 previous high, ready to drop further?", "text": "TL;DR Breakdown Ethereum price analysis is bearish today. ETH/USD saw further retracement overnight.", "source_name": "Cryptopolitan", "date": "Wed, 23 Feb 2022 12:07:53 -0500", "topics": ["tanalysis"], "sentiment": "Negative", "type": "Article", "tickers": ["ETH"]}, {"news_url": "https://www.dcforecasts.com/blockchain-news/solana-wallet-phantom-integrated-password-manager-1password/", "image_url": "https://crypto.snapi.dev/images/v1/5/j/solana-blockchain-111736.png", "title": "Solana Wallet Phantom Integrated Password Manager 1Password", "text": "The Solana wallet Phantom integrated Password manager 1Password so the users will be able to store their credentials and private keys with the manager as we can see more today in our latest blockchain news. Phantom Wallet is a Solana-focused wallet that announced it will join forces with 1Password as a popular password management platform [\u2026]", "source_name": "DCForecasts", "date": "Wed, 23 Feb 2022 11:57:53 -0500", "topics": [], "sentiment": "Neutral", "type": "Article", "tickers": ["SOL"]}, {"news_url": "https://thecurrencyanalytics.com/bitcoin/close-to-nobody-is-going-to-leave-canada-because-they-regulate-bitcoin-btc-39238.php", "image_url": "https://crypto.snapi.dev/images/v1/w/c/close-to-nobody-is-going-to-leave-canada-because-they-regulate-bitcoin-btc-111735.jpg", "title": "Close To Nobody Is Going to Leave Canada Because They Regulate Bitcoin (BTC)", "text": "Catch up on the latest crypto market news at The Currency Analytics. Dennis Porter shared: Canada warning everyone to get their coins off the exchanges because they will take them is the\u2026 The post Close To Nobody Is Going to Leave Canada Because They Regulate Bitcoin (BTC) appeared first on Cryptocurrency News.", "source_name": "The Currency Analytics", "date": "Wed, 23 Feb 2022 11:53:42 -0500", "topics": ["regulations"], "sentiment": "Neutral", "type": "Article", "tickers": ["BTC"]}, {"news_url": "https://www.cryptopolitan.com/bitcoin-ethereum-solana-terra-daily-price-analyses-23-february-morning-prediction/", "image_url": "https://crypto.snapi.dev/images/v1/h/u/roundup-v2-4-3-1-111733.png", "title": "Bitcoin, Ethereum, Solana, TERRA Daily Price Analyses \u2013 23 February Morning Prediction", "text": "TL;DR Breakdown Bitcoin is soaring upwards again The crypto market is down by more than 98% TERRA is on the bullish run\u00a0 Solana is bullish by 4% After China ordered the shutdown of Bitcoin mining in the Sichuan region, the value of cryptocurrencies dropped. This led to China making all cryptocurrency transactions illegal.", "source_name": "Cryptopolitan", "date": "Wed, 23 Feb 2022 11:52:17 -0500", "topics": [], "sentiment": "Positive", "type": "Article", "tickers": ["BTC", "ETH", "LUNA", "SOL"]}, {"news_url": "https://bitcoinmagazine.com/markets/mexican-senator-plans-to-introduce-bill-to-make-bitcoin-legal-tender", "image_url": "https://crypto.snapi.dev/images/v1/0/0/mexicos-proposed-crypto-laws-create-new-barriers-for-exchanges-111732.jpg", "title": "Mexican Senator Plans To Introduce Bill To Make Bitcoin Legal Tender", "text": "Nuevo L\u00e9on senator, Indira Kempis, seeks to introduce legislation to make bitcoin legal tender in Mexico.", "source_name": "Bitcoin Magazine", "date": "Wed, 23 Feb 2022 11:48:39 -0500", "topics": ["regulations"], "sentiment": "Positive", "type": "Article", "tickers": ["BTC"]}, {"news_url": "https://www.investingcube.com/xrp-price-prediction-and-new-sec-vs-ripple-case-updates-cryptocurrencies/", "image_url": "https://crypto.snapi.dev/images/v1/o/f/sec-111731.jpg", "title": "XRP Price Prediction and New SEC vs Ripple Case Updates", "text": "The XRP price has been uneasy in the past few months. We explain what to expect as the SEC vs Ripple case continues.", "source_name": "InvestingCube", "date": "Wed, 23 Feb 2022 11:44:57 -0500", "topics": ["regulations"], "sentiment": "Neutral", "type": "Article", "tickers": ["XRP"]}, {"news_url": "https://cryptopotato.com/two-possible-scenarios-for-bitcoin-following-todays-bounce-btc-price-analysis/", "image_url": "https://crypto.snapi.dev/images/v1/p/o/bitcoin-008-111078-111178-111729.jpg", "title": "Two Possible Scenarios for Bitcoin Following Today's Bounce (BTC Price Analysis)", "text": "Bitcoin is forming a consolidation structure in both the daily and 4HR time frames. Based on the number of active users on the network \u2013 the lack of demand among retail investors is still evident.", "source_name": "CryptoPotato", "date": "Wed, 23 Feb 2022 11:37:37 -0500", "topics": ["tanalysis"], "sentiment": "Positive", "type": "Article", "tickers": ["BTC"]}, {"news_url": "https://cryptobriefing.com/latin-america-continues-steps-toward-bitcoin-adoption/?utm_source=main_feed&utm_medium=rss", "image_url": "https://crypto.snapi.dev/images/v1/p/l/shutterstock-1104283148-1-838x440-111740.jpg", "title": "Latin America Continues Steps Toward Bitcoin Adoption", "text": "Two crypto regulatory updates have come out of Mexico and Brazil.", "source_name": "Crypto Briefing", "date": "Wed, 23 Feb 2022 11:36:22 -0500", "topics": [], "sentiment": "Positive", "type": "Article", "tickers": ["BTC"]}, {"news_url": "https://investorplace.com/2022/02/7-cryptos-to-watch-digital-assets-become-geopolitical-barometer/", "image_url": "https://crypto.snapi.dev/images/v1/f/i/fifk22-110519-111397-111762.jpg", "title": "7 Cryptos to Watch as Digital Assets Become a Market Barometer", "text": "Given its 24/7/365 nature, people can turn to cryptos to see what investors are thinking -- and the signs don't look so hot.", "source_name": "Investorplace", "date": "Wed, 23 Feb 2022 11:34:44 -0500", "topics": [], "sentiment": "Positive", "type": "Article", "tickers": ["ADA", "BTC", "DOT", "ETH", "LINK", "SOL", "XRP"]}, {"news_url": "https://ambcrypto.com/solana-mana-and-tron-price-analysis-23-february/", "image_url": "https://crypto.snapi.dev/images/v1/1/h/chart-g4b9b7127c-1280-1-111727.jpg", "title": "Solana, MANA, TRON Price Analysis: 23 February", "text": "Amidst uncertain times, the wider crypto market projected strained patterns of development. The likes of Solana, MANA and TRON were observed to follow similar patterns of growth over the past week.", "source_name": "AMBCrypto", "date": "Wed, 23 Feb 2022 11:30:13 -0500", "topics": ["tanalysis"], "sentiment": "Neutral", "type": "Article", "tickers": ["MANA", "SOL", "TRX"]}, {"news_url": "https://cryptopotato.com/ripple-price-analysis-xrp-bounces-off-0-70-but-is-recovery-inbound/", "image_url": "https://crypto.snapi.dev/images/v1/v/1/xrp-109269-111725.jpg", "title": "Ripple Price Analysis: XRP Bounces off $0.70 but is Recovery Inbound?", "text": "XRP fell from the pennant back on the key support. Now, the price is attempting to move higher.", "source_name": "CryptoPotato", "date": "Wed, 23 Feb 2022 11:20:29 -0500", "topics": ["tanalysis"], "sentiment": "Positive", "type": "Article", "tickers": ["XRP"]}, {"news_url": "https://cryptoslate.com/bitcoin-bounces-back-markets-worry-less-about-russia-ukraine-crisis/", "image_url": "https://crypto.snapi.dev/images/v1/e/i/bitcoin-russia-ukraine-111723.jpg", "title": "Bitcoin bounces back, markets worry less about Russia-Ukraine crisis", "text": "Bitcoin and the rest of the crypto markets are continuing to struggle, with the bitcoin price trading down from the weekly high of $44,274 on Wednesday last week, down below the psychological $40,000 level at $36,629, as per data from Goingecko. The post Bitcoin bounces back, markets worry less about Russia-Ukraine crisis appeared first on CryptoSlate.", "source_name": "CryptoSlate", "date": "Wed, 23 Feb 2022 11:16:17 -0500", "topics": [], "sentiment": "Positive", "type": "Article", "tickers": ["BTC"]}, {"news_url": "https://cointelegraph.com/news/bitcoin-rally-stalls-at-39-2k-but-btc-price-metric-suggests-local-bottom-could-be-here", "image_url": "https://crypto.snapi.dev/images/v1/n/c/840-ahr0chm6ly9zmy5jb2ludgvszwdyyxbolmnvbs91cgxvywrzlziwmjitmdivn2finguyywqtogywny00zta0lthhnjmtmdizmzzkogu5m2i1lkpqrw-111720.jpg", "title": "Bitcoin rally stalls at $39.2K but BTC price metric suggests local bottom could be here", "text": "Supply delta joins optimism among on-chain metrics, but as ever, Bitcoin price action does not share the sense of celebration.", "source_name": "Cointelegraph", "date": "Wed, 23 Feb 2022 11:04:03 -0500", "topics": [], "sentiment": "Negative", "type": "Article", "tickers": ["BTC"]}, {"news_url": "https://cryptopotato.com/sec-might-lose-all-merits-in-the-ripple-lawsuit-says-former-regulator/", "image_url": "https://crypto.snapi.dev/images/v1/w/w/ripple-sec-cover-111718.jpg", "title": "SEC Might Lose All Merits in the Ripple Lawsuit, Says Former Regulator", "text": "Joseph Hall thinks Ripple has a good chance to win the lawsuit against the SEC. He is also \"perplexed\" why the regulator started this legal battle.", "source_name": "CryptoPotato", "date": "Wed, 23 Feb 2022 11:02:52 -0500", "topics": ["regulations"], "sentiment": "Positive", "type": "Article", "tickers": ["XRP"]}, {"news_url": "https://u.today/opera-goes-full-defi-by-integrating-ethereum-layer-2?SNAPI", "image_url": "https://crypto.snapi.dev/images/v1/a/d/adobestock-288257340-editorial-use-only-111750.jpeg", "title": "Opera Goes Full DeFi by Integrating Ethereum Layer 2", "text": "Opera has integrated a recently launched Ethereum Layer 2 solution to push crypto adoption forward", "source_name": "UToday", "date": "Wed, 23 Feb 2022 11:01:00 -0500", "topics": [], "sentiment": "Positive", "type": "Article", "tickers": ["ETH"]}, {"news_url": "https://en.cryptonomist.ch/2022/02/23/bitcoin-and-the-winds-of-war-in-ukraine/", "image_url": "https://crypto.snapi.dev/images/v1/i/j/ucraina-bitcoin-1-300x171-111712.jpg", "title": "Bitcoin and the winds of war in Ukraine", "text": "Bitcoin reacts to the winds of war", "source_name": "The Cryptonomist", "date": "Wed, 23 Feb 2022 10:41:24 -0500", "topics": [], "sentiment": "Negative", "type": "Article", "tickers": ["BTC"]}, {"news_url": "https://dailyhodl.com/2022/02/23/bitcoin-btc-quietly-printing-bullish-reversal-pattern-amid-market-fear-according-to-analyst-justin-bennett/", "image_url": "https://crypto.snapi.dev/images/v1/v/t/bitcoin-quietly-printing-bullishjpgfit10242c600ssl1-111719.jpg", "title": "Bitcoin (BTC) Quietly Printing Bullish Reversal Pattern Amid Market Fear, According to Analyst Justin Bennett", "text": "A popular strategist thinks a breakout for Bitcoin (BTC) is possible as long as it can hold a key support level. Analyst Justin Bennett takes to his YouTube channel for a detailed strategy session plotting out significant support and resistance levels now that the leading crypto has remained below $40,000 for several days. \u201cBitcoin is [\u2026] The post Bitcoin (BTC) Quietly Printing Bullish Reversal Pattern Amid Market Fear, According to Analyst Justin Bennett appeared first on The Daily Hodl.", "source_name": "The Daily Hodl", "date": "Wed, 23 Feb 2022 10:30:19 -0500", "topics": [], "sentiment": "Positive", "type": "Article", "tickers": ["BTC"]}, {"news_url": "https://ambcrypto.com/appraising-the-probability-of-bitcoin-staying-above-37-5k/", "image_url": "https://crypto.snapi.dev/images/v1/v/o/pp-3-btc-cover-2-111696.jpg", "title": "Appraising the probability of Bitcoin staying above $37.5K", "text": "Disclaimer:\u00a0The findings of this analysis are the sole opinions of the writer and should not be considered investment advice Macroeconomic fears regarding inflation were reflected on the charts in the past couple of months as Bitcoin headed into 2022. The past few weeks have, once again, halted the momentum that bulls had built up.", "source_name": "AMBCrypto", "date": "Wed, 23 Feb 2022 10:30:07 -0500", "topics": [], "sentiment": "Neutral", "type": "Article", "tickers": ["BTC"]}, {"news_url": "https://news.bitcoin.com/bitcoin-ethereum-technical-analysis-btc-eth-climb-for-second-consecutive-session/", "image_url": "https://crypto.snapi.dev/images/v1/g/3/shutterstock-1897558246-1-111694.jpg", "title": "Bitcoin, Ethereum Technical Analysis: BTC, ETH Climb for Second Consecutive Session", "text": "Bitcoin was higher for a second consecutive session, as the world's largest cryptocurrency was pushing towards the $40,000 level. Ethereum also rallied, as it moved away from its three-week low. Bitcoin Bearish pressure seems to have eased in BTC, as bulls were firmly present to start Wednesday's trading session. Following a low below $36,400 yesterday, [\u2026]", "source_name": "Bitcoin", "date": "Wed, 23 Feb 2022 10:23:58 -0500", "topics": ["tanalysis"], "sentiment": "Positive", "type": "Article", "tickers": ["BTC", "ETH"]}, {"news_url": "https://www.dcforecasts.com/altcoin-news/a-vending-machine-in-new-york-starts-selling-solana-nfts/", "image_url": "https://crypto.snapi.dev/images/v1/f/m/nft-atm-111693.png", "title": "A Vending Machine In New York Starts Selling Solana NFTs", "text": "A vending machine in New York starts selling Solana NFTs in person with a credit card and there's no crypto required as we can see further in our latest blockchain news. The Solana NFT marketplace NEON allows you to buy NFTs in person with a credit card and no crypto is required.", "source_name": "DCForecasts", "date": "Wed, 23 Feb 2022 10:23:33 -0500", "topics": ["NFT"], "sentiment": "Neutral", "type": "Article", "tickers": ["SOL"]}, {"news_url": "https://www.cryptoglobe.com/latest/2022/02/solana-sol-and-avalanche-avax-investment-products-lead-altcoin-inflows-report/", "image_url": "https://crypto.snapi.dev/images/v1/y/k/trader-looking-at-charts-unsplash-scaled-111692.jpg", "title": "Solana ($SOL) and Avalanche ($AVAX) Investment Products Lead Altcoin Inflows: Report", "text": "Cryptoasset investment products saw inflows totaling $109 million last week, with products tied to the flagship cryptocurrency Bitcoin seeing the lion's share of those inflows. As for altcoins, Solana ($SOL) and Avalanche ($AVAX) investment products led the pack. According to CoinShares' latest report, Bitcoin-related investment products saw $89 million worth of inflows, with the figure [\u2026]", "source_name": "CryptoGlobe", "date": "Wed, 23 Feb 2022 10:20:00 -0500", "topics": [], "sentiment": "Positive", "type": "Article", "tickers": ["AVAX", "SOL"]}, {"news_url": "https://ambcrypto.com/heres-the-big-picture-for-defi-bitcoin-etfs/", "image_url": "https://crypto.snapi.dev/images/v1/s/c/mockup-ga3853a3d2-1280-e1645610295312-111683.jpg", "title": "Here's the big picture for DeFi, Bitcoin ETFs", "text": "The rapid pace of crypto-adoption is increasing opportunities for investments in the market. And in doing so, many new investment tools have appeared over the years.", "source_name": "AMBCrypto", "date": "Wed, 23 Feb 2022 10:00:23 -0500", "topics": [], "sentiment": "Neutral", "type": "Article", "tickers": ["BTC"]}, {"news_url": "https://cryptonews.com/news/russian-finance-ministry-outlines-its-vision-of-bitcoin-mining-regulation.htm", "image_url": "https://crypto.snapi.dev/images/v1/3/c/adobestock-igor-1-111687.jpeg", "title": "Russian Finance Ministry Outlines its Vision of Bitcoin Mining Regulation", "text": "Russia's Ministry of Finance has explained how it plans to regulate \u2013 and tax \u2013 the nation's crypto mining sector.", "source_name": "Cryptonews", "date": "Wed, 23 Feb 2022 10:00:00 -0500", "topics": ["mining", "regulations"], "sentiment": "Neutral", "type": "Article", "tickers": ["BTC"]}, {"news_url": "https://u.today/cryptolaw-founder-john-deaton-makes-bold-predictions-on-ripple-sec-lawsuit-details?SNAPI", "image_url": "https://crypto.snapi.dev/images/v1/3/t/12901-111679.jpg", "title": "CryptoLaw Founder John Deaton Makes Bold Predictions on Ripple SEC Lawsuit: Details", "text": "CryptoLaw creator John Deaton makes wild predictions about Ripple's XRP lawsuit: details", "source_name": "UToday", "date": "Wed, 23 Feb 2022 09:50:00 -0500", "topics": ["regulations"], "sentiment": "Positive", "type": "Article", "tickers": ["XRP"]}, {"news_url": "https://cryptodaily.co.uk/2022/02/foreign-investors-boost-el-salvador-tourism-since-bitcoin-law", "image_url": "https://crypto.snapi.dev/images/v1/2/x/salvador-nayib-bukele-111678.jpg", "title": "Foreign Investors Boost El Salvador Tourism Since Bitcoin Law", "text": "Despite facing pushback from several international agencies, El Salvador's Bitcoin Law has revived its tourism sector, which shot up 30% in the middle of the global pandemic.\u00a0 Tourism Booms With Bitcoin Law El Salvador's controversial Bitcoin Law has been a blessing for the Central American country's tourism sector.", "source_name": "Crypto Daily", "date": "Wed, 23 Feb 2022 09:50:00 -0500", "topics": [], "sentiment": "Positive", "type": "Article", "tickers": ["BTC"]}, {"news_url": "https://cryptopotato.com/bitcoin-and-us-stocks-correlation-at-all-time-high-the-good-and-the-bad/", "image_url": "https://crypto.snapi.dev/images/v1/m/q/bitcoin-correction-cover-111677.jpg", "title": "Bitcoin and US Stocks Correlation at All-time High: the Good and the Bad", "text": "The correlation between BTC and the S&P 500 reached a new all-time high - what's the good and the bad, according to CryptoQuant's CEO?", "source_name": "CryptoPotato", "date": "Wed, 23 Feb 2022 09:41:59 -0500", "topics": [], "sentiment": "Neutral", "type": "Article", "tickers": ["BTC"]}, {"news_url": "https://www.newsbtc.com/news/ethereum/ethereum-price-falls-amid-global-tensions/", "image_url": "https://crypto.snapi.dev/images/v1/p/3/ethereum-2-1-111674.jpg", "title": "Ethereum Price Falls Amid Global Tensions", "text": "With the recent rise in tensions between NATO and Ukraine, ETH's weekly losses have increased by 17%. Ethereum has been on quite the roller coaster ride over the last 24 hours, with prices dipping as low as $2500 before surging up to a local high of 2,653 USD.", "source_name": "NewsBTC", "date": "Wed, 23 Feb 2022 09:38:05 -0500", "topics": [], "sentiment": "Negative", "type": "Article", "tickers": ["ETH"]}, {"news_url": "https://www.theblockcrypto.com/post/135161/ethereum-scaling-solution-starknet-completes-launch-with-goal-to-move-to-community-control", "image_url": "https://crypto.snapi.dev/images/v1/p/t/20210323-starkware-funding-800x450-111673.jpg", "title": "Ethereum scaling solution StarkNet completes launch \u2013 with goal to move to community control", "text": "StarkNet has been rolling out in stages but it's now fully deployed \u2014 with plans to be handed over to its community this Summer. The post Ethereum scaling solution StarkNet completes launch \u2013 with goal to move to community control appeared first on The Block.", "source_name": "The Block", "date": "Wed, 23 Feb 2022 09:30:52 -0500", "topics": [], "sentiment": "Neutral", "type": "Article", "tickers": ["ETH"]}, {"news_url": "https://ambcrypto.com/these-are-the-lesser-known-effects-of-bitcoin-futures-etfs/", "image_url": "https://crypto.snapi.dev/images/v1/k/r/chart-gd45ddac87-1280-e1645608875577-111671.jpg", "title": "These are the lesser-known effects of Bitcoin Futures ETFs", "text": "While Bitcoin Futures Exchange Traded Funds (ETFs) launched with full fervor and record-breaking numbers in October last year, their performance has since dwindled thanks to the larger market's depreciation. For instance, the ProShares Bitcoin Strategy ETF (BITO) was down 5.26% from yesterday's close, at the time of writing.", "source_name": "AMBCrypto", "date": "Wed, 23 Feb 2022 09:30:44 -0500", "topics": ["futures"], "sentiment": "Neutral", "type": "Article", "tickers": ["BTC"]}, {"news_url": "https://thecurrencyanalytics.com/altcoins/solana-sol-as-an-investment-asset-works-on-poh-and-pos-model-39235.php", "image_url": "https://crypto.snapi.dev/images/v1/p/o/solana-sol-as-an-investment-asset-works-on-poh-and-pos-model-111668.jpg", "title": "Solana (SOL) As an Investment Asset Works on PoH and PoS Model", "text": "Catch up on the latest crypto market news at The Currency Analytics. Solana\u00a0was one of the top performers in 2021 in the cryptocurrency space.", "source_name": "The Currency Analytics", "date": "Wed, 23 Feb 2022 09:30:02 -0500", "topics": [], "sentiment": "Neutral", "type": "Article", "tickers": ["SOL"]}, {"news_url": "https://www.coindesk.com/business/2022/02/23/starkware-launches-layer-2-product-starknet-on-ethereum/", "image_url": "https://crypto.snapi.dev/images/v1/x/b/ethereum-6286124-1280-110632-111676.jpg", "title": "StarkWare Launches Layer 2 Product StarkNet on Ethereum", "text": "StarkNet uses zero knowledge rollups to squash Ethereum's crushing transaction costs.", "source_name": "Coindesk", "date": "Wed, 23 Feb 2022 09:30:00 -0500", "topics": [], "sentiment": "Positive", "type": "Article", "tickers": ["ETH"]}, {"news_url": "https://cointelegraph.com/news/starknet-now-open-for-dapp-deployment-on-ethereum-mainnet", "image_url": "https://crypto.snapi.dev/images/v1/o/j/840-ahr0chm6ly9zmy5jb2ludgvszwdyyxbolmnvbs91cgxvywrzlziwmjitmdivnmuyoddlndktzjq1mc00njljlwiwzjatztmxmgfhyze1owq3lmpwzw-111669.jpg", "title": "StarkNet now open for DApp deployment on Ethereum mainnet", "text": "StarkNet hopes to inspire creativity among the developer community and lead the Layer 2 building boom.", "source_name": "Cointelegraph", "date": "Wed, 23 Feb 2022 09:30:00 -0500", "topics": [], "sentiment": "Neutral", "type": "Article", "tickers": ["ETH"]}], "total_pages": 39}