{"data": [{"news_url": "https://cointelegraph.com/news/banning-bitcoin-in-russia-is-same-as-banning-the-internet-minister-says", "image_url": "https://crypto.snapi.dev/images/v1/t/f/840-ahr0chm6ly9zmy5jb2ludgvszwdyyxbolmnvbs91cgxvywrzlziwmjitmdivngeymme2zdqtymrloc00zmewlwe3yjetzjvhmte1zmzlm2y3lmpwzw-109384.jpg", "title": "Banning Bitcoin in Russia is 'same as banning the internet,' minister says", "text": "Bank of Russia governor Elvira Nabiullina previously argued that banning Bitcoin in Russia was \u201cquite doable.\"", "source_name": "Cointelegraph", "date": "Wed, 16 Feb 2022 08:53:22 -0500", "topics": [], "sentiment": "Negative", "type": "Article", "tickers": ["BTC"]}, {"news_url": "https://www.youtube.com/watch?v=TEaL7FXa0oY", "image_url": "https://crypto.snapi.dev/images/v1/5/j/brian-wangenheim-9kuri7opd70-unsplash-109232-109533.jpg", "title": "Bitcoin Rangebound, Canada Sanctions 34 Crypto Wallets Tied to Trucker 'Freedom Convoy'", "text": "Site: https://www.coindesk.com Twitter: https://www.twitter.com/coindesk LinkedIn: https://www.linkedin.com/company/3104779/admin Instagram: https://www.instagram.com/coindesk Facebook: https://www.facebook.com/CoinDesk Newsletters: https://www.coindesk.com/newsletters CoinDesk Podcast Network: https://open.spotify.com/show/2jyIhkvAQhed8AWDZiPpSP Markets Daily Crypto Roundup: https://open.spotify.com/show/7sDXM8BlxsUqzL2IqmLqwE CoinDesk is the leading digital media, events and information services company for the crypto asset and blockchain technology community.", "source_name": "Coindesk", "date": "Wed, 16 Feb 2022 08:50:06 -0500", "topics": [], "sentiment": "Negative", "type": "Video", "tickers": ["BTC"]}, {"news_url": "https://markets.businessinsider.com/news/currencies/conocophillips-sells-natural-gas-north-dakota-bitcoin-miners-bakken-shale-2022-2", "image_url": "https://crypto.snapi.dev/images/v1/r/n/620cfd9db20df700180a1715formatjpeg-109405.jpg", "title": "A major oil company is selling gas to bitcoin miners in North Dakota instead of burning off excess supply", "text": "The sale to third-party miners is part of ConocoPhillips' goal to reach zero routine gas flaring by 2025.", "source_name": "Business Insider", "date": "Wed, 16 Feb 2022 08:50:00 -0500", "topics": ["mining"], "sentiment": "Positive", "type": "Article", "tickers": ["BTC"]}, {"news_url": "https://www.fool.com/investing/2022/02/16/is-solana-the-next-paypal/", "image_url": "https://crypto.snapi.dev/images/v1/9/j/urlhttps3a2f2fgfoolcdncom2feditorial2fimages2f6656522fgettyimages-1300237697jpgw700opresize-109383.jpg", "title": "Is Solana the Next PayPal?", "text": "This up-and-coming cryptocurrency is making a move in the digital-payments space.", "source_name": "The Motley Fool", "date": "Wed, 16 Feb 2022 08:45:00 -0500", "topics": [], "sentiment": "Neutral", "type": "Article", "tickers": ["SOL"]}, {"news_url": "https://www.benzinga.com/markets/cryptocurrency/22/02/25657745/is-this-company-the-fastest-growing-bitcoin-mining-company-on-nasdaq?SNAPI", "image_url": "https://crypto.snapi.dev/images/v1/s/o/bitcoin-3024280-1280-109381.jpeg", "title": "Is This Company The Fastest-Growing Bitcoin Mining Company on NASDAQ?", "text": "Photo by QuinceCreative on Pixabay This post contains sponsored advertising content. This content is for informational purposes only and is not intended to be investing advice.", "source_name": "Benzinga", "date": "Wed, 16 Feb 2022 08:42:00 -0500", "topics": ["mining"], "sentiment": "Neutral", "type": "Article", "tickers": ["BTC"]}, {"news_url": "https://invezz.com/news/2022/02/16/polkadot-welcomes-creatives-and-coders-at-free-ethdenver-event/", "image_url": "https://crypto.snapi.dev/images/v1/d/p/valour-expands-its-crypto-portfolio-with-two-etps-of-cardano-and-polkadot-109379.jpg", "title": "Polkadot welcomes creatives and coders at free ETHDenver event", "text": "Polkadot (DOT/USD) welcomes creatives and coders to the free annual event ETHDenver, which started on February 11 and will run until February 20 this year. The ecosystem is hosting a\u00a0Polkadot bounty worth $15,000, according to a Medium post. Exciting talks and workshops Today, February 16, two exciting events are taking place. The first is Parity: [\u2026] The post Polkadot welcomes creatives and coders at free ETHDenver event appeared first on Invezz.", "source_name": "Invezz", "date": "Wed, 16 Feb 2022 08:40:26 -0500", "topics": [], "sentiment": "Neutral", "type": "Article", "tickers": ["DOT"]}, {"news_url": "https://cointelegraph.com/news/this-bitcoin-price-fractal-from-2018-could-trap-bulls-sink-btc-price-to-25k-analyst", "image_url": "https://crypto.snapi.dev/images/v1/q/3/840-ahr0chm6ly9zmy5jb2ludgvszwdyyxbolmnvbs91cgxvywrzlziwmjitmdivnjvjzdiznjgtmwe4ny00yzbjltkxmtitmme4ntyymju3zmexlmpwzw-109372.jpg", "title": "This Bitcoin price fractal from 2018 could trap bulls, sink BTC price to $25K \u2014 analyst", "text": "The eerie fractal risks sending Bitcoin's price to $25,000 despite its sharp recovery in the previous weeks.", "source_name": "Cointelegraph", "date": "Wed, 16 Feb 2022 08:31:20 -0500", "topics": [], "sentiment": "Negative", "type": "Article", "tickers": ["BTC"]}, {"news_url": "https://ambcrypto.com/heres-the-big-picture-behind-ethereums-rate-of-1-53m-new-addresses/", "image_url": "https://crypto.snapi.dev/images/v1/t/q/boris-stefanik-q59hhtb9vzk-unsplash-109360.jpg", "title": "Here's the big picture behind Ethereum's rate of 1.53M new addresses", "text": "Ethereum's price climbed back above $3,000 on Tuesday after a weekend slump. This came after a prolonged period of trading under that level.", "source_name": "AMBCrypto", "date": "Wed, 16 Feb 2022 08:30:02 -0500", "topics": [], "sentiment": "Neutral", "type": "Article", "tickers": ["ETH"]}, {"news_url": "https://cryptopotato.com/bulgaria-stock-exchange-lists-bitcoin-and-ethereum-etns-report/", "image_url": "https://crypto.snapi.dev/images/v1/6/x/bulgaria-bitcoin-ethereum-109357.jpg", "title": "Bulgaria Stock Exchange Lists Bitcoin and Ethereum ETNs (Report)", "text": "The BSE allowed Bulgarian traders to invest in ETCs and ETNs with bitcoin and ether as underlying assets.", "source_name": "CryptoPotato", "date": "Wed, 16 Feb 2022 08:23:14 -0500", "topics": [], "sentiment": "Positive", "type": "Article", "tickers": ["BTC", "ETH"]}, {"news_url": "https://coinpedia.org/price-analysis/what-to-expect-from-the-cardanoada-solanasol-price-in-the-next-24-hours%ef%bf%bc/", "image_url": "https://crypto.snapi.dev/images/v1/q/0/urlhttps3a2f2fgfoolcdncom2feditorial2fimages2f6646162finvestor-39jpgw700opresize-106732-109355.jpg", "title": "What to Expect from the Cardano(ADA) & Solana(SOL) Price in the Next 24 Hours?", "text": "Cardano(ADA) With a recovery in the crypto space, the Cardano price is attempting to range high to hit the upper resistance very soon. The buying and selling volumes are placed almost equally compelling the price to hover within a very arrow region. And therefore, the asset is swinging around $1.09 from the past trading day, \u2026", "source_name": "CoinPedia", "date": "Wed, 16 Feb 2022 08:10:42 -0500", "topics": [], "sentiment": "Neutral", "type": "Article", "tickers": ["ADA", "SOL"]}, {"news_url": "https://coinpedia.org/bitcoin/bitcoin-btc-price-to-rise-by-125-in-2023/", "image_url": "https://crypto.snapi.dev/images/v1/c/m/aoeou7dfbrn5za32vlfeupfgky-108831-109352.jpg", "title": "Bitcoin Price to Rise by 125% in 2023 ? Here's What BTC HODLers Can Expect?", "text": "Bitcoin broke $45k a week ago but was unable to maintain that level, resulting in a nearly 10 percent decline. And while Bitcoin has moved back above $44,000, it has been unable to retest $45,000. The cost dropped from $44.8k to $43.7k. Bulls are attempting to drive the price higher, but it appears that the \u2026", "source_name": "CoinPedia", "date": "Wed, 16 Feb 2022 08:07:08 -0500", "topics": [], "sentiment": "Positive", "type": "Article", "tickers": ["BTC"]}, {"news_url": "https://bitcoinmagazine.com/markets/russia-embracing-bitcoin-challenges-world", "image_url": "https://crypto.snapi.dev/images/v1/k/m/russia-aluminum-plant-turns-to-cryptocurrency-mining-109351.png", "title": "If Russia Invites Bitcoin Adoption, The Global Arms Race Will Begin", "text": "Recent pro-Bitcoin developments from Russia could put the Eastern power in a lead position as inflation grows. How will other powers react?", "source_name": "Bitcoin Magazine", "date": "Wed, 16 Feb 2022 08:00:00 -0500", "topics": [], "sentiment": "Positive", "type": "Article", "tickers": ["BTC"]}, {"news_url": "https://u.today/floki-returns-to-top-10-tokens-bought-by-eth-whales-as-they-also-grab-btc-eth-and-ftt?SNAPI", "image_url": "https://crypto.snapi.dev/images/v1/l/v/12724-109350.jpg", "title": "FLOKI Returns to Top 10 Tokens Bought by ETH Whales as They Also Grab BTC, ETH and FTT", "text": "Largest Ethereum whales are again showing interest in Floki Inu as it gets back to the list of cryptos they are purchasing most", "source_name": "UToday", "date": "Wed, 16 Feb 2022 07:59:00 -0500", "topics": ["whales"], "sentiment": "Positive", "type": "Article", "tickers": ["BTC"]}, {"news_url": "https://dailyhodl.com/2022/02/16/crypto-analyst-predicts-parabolic-bitcoin-rally-updates-massive-btc-price-target-for-2022/", "image_url": "https://crypto.snapi.dev/images/v1/i/f/btc-price-target-2022jpgfit10242c600ssl1-109348.jpg", "title": "Crypto Analyst Predicts Parabolic Bitcoin Rally, Updates Massive BTC Price Target for 2022", "text": "A popular crypto strategist and trader is predicting that a parabolic rally is in store for Bitcoin (BTC) in the coming months as he unveils his huge price target for BTC this year. Pseudonymous analyst TechDev tells his 363,500 Twitter followers that he's looking at the inverted chart of Bitcoin and says that BTC is [\u2026] The post Crypto Analyst Predicts Parabolic Bitcoin Rally, Updates Massive BTC Price Target for 2022 appeared first on The Daily Hodl.", "source_name": "The Daily Hodl", "date": "Wed, 16 Feb 2022 07:45:00 -0500", "topics": [], "sentiment": "Positive", "type": "Article", "tickers": ["BTC"]}, {"news_url": "https://en.cryptonomist.ch/2022/02/16/bitcoin-scam-spain-warning-cnmv-authority/", "image_url": "https://crypto.snapi.dev/images/v1/n/4/bitcoin-scam-spain-300x200-109356.jpg", "title": "Bitcoin scam in Spain: the warning of the CNMV authority", "text": "The CNMV is alerting citizens of what is happening", "source_name": "The Cryptonomist", "date": "Wed, 16 Feb 2022 07:41:26 -0500", "topics": [], "sentiment": "Negative", "type": "Article", "tickers": ["BTC"]}, {"news_url": "https://www.coindesk.com/layer2/2022/02/16/ethereums-rollups-arent-all-built-the-same/", "image_url": "https://crypto.snapi.dev/images/v1/s/0/pexels-moose-photos-1036637-1-108380-109443-109873.jpg", "title": "Ethereum's Rollups Aren't All Built the Same", "text": "The most popular implementations of these Ethereum scaling solutions have very different security models and user experiences.", "source_name": "Coindesk", "date": "Wed, 16 Feb 2022 07:30:00 -0500", "topics": [], "sentiment": "Neutral", "type": "Article", "tickers": ["ETH"]}, {"news_url": "https://cryptonews.com/news/bitcoin-ethereum-fluctuate-neo-accelerates-leo-keeps-dropping.htm", "image_url": "https://crypto.snapi.dev/images/v1/g/w/crypto18-108482-108936-109333.jpg", "title": "Bitcoin and Ethereum Fluctuate, NEO Accelerates, LEO Keeps Dropping", "text": "Bitcoin price failed to gain strength above USD 44,500. BTC corrected lower and moved below USD 44,200 before recovering. It is currently (11:55 UTC) trading above USD 44,200 and is unchanged both in a day and a week.", "source_name": "Cryptonews", "date": "Wed, 16 Feb 2022 07:08:00 -0500", "topics": [], "sentiment": "Neutral", "type": "Article", "tickers": ["BTC", "ETH"]}, {"news_url": "https://coingape.com/?p=100942", "image_url": "https://crypto.snapi.dev/images/v1/i/s/executium-sqvojqulr5w-unsplash-631x420-109086-109314.jpg", "title": "Bitcoin (BTC) Poised For Continuous Upward Movement, As Weekly RSI Skyrockets", "text": "Bitcoin looks poised to continue its price rise. The weekly Relative Strength Index (RSI) supports this bullish outlook.", "source_name": "Coingape", "date": "Wed, 16 Feb 2022 06:46:34 -0500", "topics": [], "sentiment": "Positive", "type": "Article", "tickers": ["BTC"]}, {"news_url": "https://www.coindesk.com/business/2022/02/16/morgan-stanley-says-ethereum-less-decentralized-ether-more-volatile-compared-to-bitcoin/", "image_url": "https://crypto.snapi.dev/images/v1/t/f/ee776hdekzefhh4fuqxprijxgy-109312.jpg", "title": "Morgan Stanley Says Ethereum Less Decentralized, Ether More Volatile Compared to Bitcoin", "text": "Attempts to regulate DeFi and NFT markets could see less demand for transactions on the Ethereum network.", "source_name": "Coindesk", "date": "Wed, 16 Feb 2022 06:38:00 -0500", "topics": [], "sentiment": "Negative", "type": "Article", "tickers": ["ETH"]}, {"news_url": "https://en.cryptonomist.ch/2022/02/16/fidelity-ready-launch-bitcoin-etf-europe/", "image_url": "https://crypto.snapi.dev/images/v1/v/g/etf-fidelity-300x200-109342.jpg", "title": "Fidelity ready to launch a Bitcoin ETF in Europe", "text": "Fidelity International is launching a new product for its institutional clients", "source_name": "The Cryptonomist", "date": "Wed, 16 Feb 2022 06:29:45 -0500", "topics": [], "sentiment": "Positive", "type": "Article", "tickers": ["BTC"]}, {"news_url": "https://www.coindesk.com/business/2022/02/16/microstrategy-has-bought-660-bitcoins-in-2022/", "image_url": "https://crypto.snapi.dev/images/v1/b/m/wh4n574t2ngqnnweixhtvdrqh4-109308.jpg", "title": "MicroStrategy Has Bought 660 Bitcoins in 2022", "text": "The company held about 125,051 bitcoins as of Feb. 14.", "source_name": "Coindesk", "date": "Wed, 16 Feb 2022 06:25:00 -0500", "topics": ["bitcoin"], "sentiment": "Positive", "type": "Article", "tickers": ["BTC"]}, {"news_url": "https://bitcoinist.com/bitcoin-hash-rate-balloons-to-record-high/", "image_url": "https://crypto.snapi.dev/images/v1/n/o/hash-640x360-109305.jpg", "title": "Bitcoin Hash Rate Balloons To Record High \u2014 Will Price Go Up As Well?", "text": "The Bitcoin network hash rate notched a new all-time high of 248.11 million terahashes per second (TH/s) on Saturday. It has risen from 188.40 EH/s to its new all-time high in just one day, according to Blockchain.com data.", "source_name": "Bitcoinist", "date": "Wed, 16 Feb 2022 06:16:38 -0500", "topics": [], "sentiment": "Positive", "type": "Article", "tickers": ["BTC"]}, {"news_url": "https://invezz.com/news/2022/02/16/mike-novogratz-says-both-bitcoin-btc-and-gold-can-be-used-as-a-store-of-value/", "image_url": "https://crypto.snapi.dev/images/v1/o/l/mike-novogratz-740x416-109302.jpg", "title": "Mike Novogratz says both Bitcoin (BTC) and gold can be used as a store of value", "text": "For the longest time, Bitcoin (BTC/USD) supporters have argued that the primary cryptocurrency can be used as a better store of value to gold, with Bitcoin even earning the term \u201cdigital gold.\u201d However, Mike Novogratz, the CEO of Galaxy Digital, has said that this debate is unnecessary. According to Novogratz, an investor can be bullish [\u2026] The post Mike Novogratz says both Bitcoin (BTC) and gold can be used as a store of value appeared first on Invezz.", "source_name": "Invezz", "date": "Wed, 16 Feb 2022 06:06:09 -0500", "topics": [], "sentiment": "Positive", "type": "Article", "tickers": ["BTC"]}, {"news_url": "https://en.cryptonomist.ch/2022/02/16/new-record-deposits-ethereum/", "image_url": "https://crypto.snapi.dev/images/v1/w/n/ethereum-20-300x200-109303.jpg", "title": "New record for deposits on Ethereum 2.0", "text": "ETH staked on the Beacon Chain continues to rise", "source_name": "The Cryptonomist", "date": "Wed, 16 Feb 2022 06:01:52 -0500", "topics": [], "sentiment": "Positive", "type": "Article", "tickers": ["ETH"]}, {"news_url": "https://thecurrencyanalytics.com/events/unconfiscatable-2022-celebrity-poker-tournament-big-bitcoin-prizes-for-winners-0-01-btc-entry-fee-38985.php", "image_url": "https://crypto.snapi.dev/images/v1/q/8/unconfiscatable-2022-celebrity-poker-tournament-big-bitcoin-prizes-for-winners-001-btc-entry-fee-109299.jpg", "title": "Unconfiscatable 2022 Celebrity Poker Tournament Big Bitcoin Prizes for Winners 0.01 BTC Entry Fee", "text": "Catch up on the latest crypto market news at The Currency Analytics. Unconfiscatable 2022 Is organizing a Bitcoin Conference Bitcoin Not Blockchain Conference Unconfiscatable Conference \u2013 The Bitcoin event No Product Pitches\u2026 The post Unconfiscatable 2022 Celebrity Poker Tournament Big Bitcoin Prizes for Winners 0.01 BTC Entry Fee appeared first on Cryptocurrency News.", "source_name": "The Currency Analytics", "date": "Wed, 16 Feb 2022 06:01:10 -0500", "topics": [], "sentiment": "Positive", "type": "Article", "tickers": ["BTC"]}, {"news_url": "https://news.bitcoin.com/ethereum-web3-wallet-rainbow-raises-18-million-from-alexis-ohanians-seven-seven-six/", "image_url": "https://crypto.snapi.dev/images/v1/f/z/rainbowsss-109300.jpg", "title": "Ethereum Web3 Wallet Rainbow Raises $18 Million From Alexis Ohanian's Seven Seven Six", "text": "The team behind the Ethereum wallet Rainbow announced the project has raised $18 million in a Series A funding round led by Alexis Ohanian's venture capital firm Seven Seven Six. The new financing that follows the startup's $1.5 million seed round will allow Rainbow to focus on \u201conboarding the next 100 million users to Web3.\u201d [\u2026]", "source_name": "Bitcoin", "date": "Wed, 16 Feb 2022 06:00:55 -0500", "topics": [], "sentiment": "Neutral", "type": "Article", "tickers": ["ETH"]}, {"news_url": "https://en.cryptonomist.ch/2022/02/16/ripple-partners-digital-euro-association-develop-cbdcs/", "image_url": "https://crypto.snapi.dev/images/v1/j/2/cbdc-300x200-109294.jpg", "title": "Ripple partners with Digital Euro Association to develop CBDCs", "text": "Central Bank Digital Currencies based on blockchain", "source_name": "The Cryptonomist", "date": "Wed, 16 Feb 2022 05:30:04 -0500", "topics": ["digital euro"], "sentiment": "Positive", "type": "Article", "tickers": ["XRP"]}, {"news_url": "https://beincrypto.com/bitcoin-btc-unsuccessful-44300-technical-indicators-bullish/", "image_url": "https://crypto.snapi.dev/images/v1/o/z/bic-artwork-create-btc-109295.jpg", "title": "Bitcoin (BTC) Unsuccessful In Breaking Above $45,000 But Technical Indicators Still Bullish", "text": "Bitcoin (BTC) made another unsuccessful attempt at moving above the $44,300 resistance area on Feb 16 but technical indicators suggest that it's gearing up for another short-term increase. The post Bitcoin (BTC) Unsuccessful In Breaking Above $45,000 But Technical Indicators Still Bullish appeared first on BeInCrypto.", "source_name": "BeInCrypto", "date": "Wed, 16 Feb 2022 05:26:29 -0500", "topics": ["tanalysis"], "sentiment": "Positive", "type": "Article", "tickers": ["BTC"]}, {"news_url": "https://coingape.com/?p=100934", "image_url": "https://crypto.snapi.dev/images/v1/g/6/bitcoin-1234-1200x840-1-109288.jpeg", "title": "Bitcoin (BTC) Price Prediction: BTC Remains Pressured Below $45,000, Will it Cross the Critical Threshold!", "text": "Bitcoin (BTC) price makes a consolidated move in the middle of the week. BTC faces multiple hurdles near the critical $45,000.", "source_name": "Coingape", "date": "Wed, 16 Feb 2022 05:21:50 -0500", "topics": [], "sentiment": "Neutral", "type": "Article", "tickers": ["BTC"]}, {"news_url": "https://dailyhodl.com/2022/02/16/ethereum-whales-accumulating-eth-polygon-matic-and-this-metaverse-altcoin-over-past-week-whalestats/", "image_url": "https://crypto.snapi.dev/images/v1/q/j/whales-eth-polygonjpgfit10242c600ssl1-109291.jpg", "title": "Ethereum Whales Accumulating ETH, Polygon (MATIC) and This Metaverse Altcoin Over Past Week: WhaleStats", "text": "Deep-pocketed crypto investors are gobbling up smart contract platform Ethereum (ETH), scaling solution Polygon (MATIC) as well as the 3D virtual reality world Decentraland (MANA). New data from WhaleStats shows that over the past seven days the top-1000 ETH wallets have been feasting on Ethereum, with the average whale buying 559 ETH tokens for a [\u2026] The post Ethereum Whales Accumulating ETH, Polygon (MATIC) and This Metaverse Altcoin Over Past Week: WhaleStats appeared first on The Daily Hodl.", "source_name": "The Daily Hodl", "date": "Wed, 16 Feb 2022 05:15:45 -0500", "topics": ["whales"], "sentiment": "Neutral", "type": "Article", "tickers": ["ETH", "MATIC"]}, {"news_url": "https://cryptopotato.com/art101-io-releases-final-details-for-nft-based-on-ethereums-creator-based-vitalik/", "image_url": "https://crypto.snapi.dev/images/v1/d/a/based-vitalik-109282.jpg", "title": "Art101 io Releases Final Details for NFT Based on Ethereum's Creator \u2013 Based Vitalik", "text": "[PRESS RELEASE \u2013 Sheridan, United States / Wyoming, 15th February 2022] Art101.io, a verified NFT creator across leading NFT marketplaces, announces the final details of their upcoming NFT collection BASED VITALIK. Announced on Vitalik Buterin's birthday, January 31st, BASED VITALIK is a generative NFT collection based on Ethereum's creator.", "source_name": "CryptoPotato", "date": "Wed, 16 Feb 2022 04:52:12 -0500", "topics": ["NFT"], "sentiment": "Neutral", "type": "Article", "tickers": ["ETH"]}, {"news_url": "https://coingape.com/?p=100927", "image_url": "https://crypto.snapi.dev/images/v1/n/a/russia-crypto-regulation-109278.jpg", "title": "Russian Ministry Wants To Legalize Bitcoin Mining In Specific Locations", "text": "The clouds of uncertainty continue to hang over Russia's official stance on cryptocurrency. The Finance Ministry and the Central Bank take divergent views on cryptocurrency.", "source_name": "Coingape", "date": "Wed, 16 Feb 2022 04:45:09 -0500", "topics": ["mining"], "sentiment": "Positive", "type": "Article", "tickers": ["BTC"]}, {"news_url": "https://thecurrencyanalytics.com/bitcoin/bitcoin-btc-buyers-are-modern-day-tulip-buyers-38981.php", "image_url": "https://crypto.snapi.dev/images/v1/h/a/bitcoin-btc-buyers-are-modern-day-tulip-buyers-109276.jpg", "title": "Bitcoin (BTC) Buyers are Modern Day Tulip Buyers", "text": "Catch up on the latest crypto market news at The Currency Analytics. Spender Schiff Says it is Okay to Buy Bitcoin on Credit Peter Schiff Says it is Good only Until you\u2026 The post Bitcoin (BTC) Buyers are Modern Day Tulip Buyers appeared first on Cryptocurrency News.", "source_name": "The Currency Analytics", "date": "Wed, 16 Feb 2022 04:40:16 -0500", "topics": [], "sentiment": "Neutral", "type": "Article", "tickers": ["BTC"]}, {"news_url": "https://cryptopotato.com/bitcoin-maintains-44k-avalanche-avax-soars-10-eyeing-100-market-watch/", "image_url": "https://crypto.snapi.dev/images/v1/f/n/crypto9-104853-109275.jpg", "title": "Bitcoin Maintains $44K, Avalanche (AVAX) Soars 10% Eyeing $100 (Market Watch)", "text": "While bitcoin and most of the altcoins have calmed since yesterday's gains, AVAX has gone on a tear with a double-digit surge.", "source_name": "CryptoPotato", "date": "Wed, 16 Feb 2022 04:33:00 -0500", "topics": [], "sentiment": "Positive", "type": "Article", "tickers": ["AVAX", "BTC"]}, {"news_url": "https://www.financemagnates.com/cryptocurrency/news/bitcoin-btc-hash-rate-hits-another-record-high/", "image_url": "https://crypto.snapi.dev/images/v1/w/r/strong-bitcoin-id-2b682b1b-762d-4d44-a056-d5e61dcffdc1-size900-109274.jpg", "title": "Bitcoin (BTC) Hash Rate Hits Another Record High", "text": "Despite a price dip and macroeconomic challenges, Bitcoin (BTC) mining sector is growing rapidly. Glassnode's data highlights a sharp rise in the hash rate of Bitcoin, one of the most important indicators of BTC's network activity.", "source_name": "FinanceMagnates", "date": "Wed, 16 Feb 2022 04:23:00 -0500", "topics": [], "sentiment": "Positive", "type": "Article", "tickers": ["BTC"]}, {"news_url": "https://coingape.com/?p=100867", "image_url": "https://crypto.snapi.dev/images/v1/2/h/1x-11-109272.jpg", "title": "XRP Vs SEC: Is SEC Biased? Here's Why SEC Chair Is In Spotlight Again", "text": "In a recent interview SEC Chief Gary Gensler refused to answer a question regarding the confusion over the Ripple lawsuit. He cited the reason that \u2018he is not allowed to talk about specific cases'.", "source_name": "Coingape", "date": "Wed, 16 Feb 2022 04:14:42 -0500", "topics": ["regulations"], "sentiment": "Neutral", "type": "Article", "tickers": ["XRP"]}, {"news_url": "https://www.cryptopolitan.com/ripple-price-analysis-2022-02-16/", "image_url": "https://crypto.snapi.dev/images/v1/m/1/xrp-109269.jpg", "title": "Ripple price analysis: XRP down to $0.837 as bearish development continues", "text": "TL;DR Breakdown Ripple price analysis is bearish today. Strong resistance is found at $0.862.", "source_name": "Cryptopolitan", "date": "Wed, 16 Feb 2022 04:09:18 -0500", "topics": ["tanalysis"], "sentiment": "Negative", "type": "Article", "tickers": ["XRP"]}, {"news_url": "https://cointelegraph.com/news/bitcoin-price-circles-44k-as-analyst-asks-who-remains-to-sell-here", "image_url": "https://crypto.snapi.dev/images/v1/v/9/840-ahr0chm6ly9zmy5jb2ludgvszwdyyxbolmnvbs91cgxvywrzlziwmjitmdivzda0nwi3yzitnzi2os00mwuzltk0mmytyzljymfknzy2mtvjlmpwzw-109271.jpg", "title": "Bitcoin price circles $44K as analyst asks: 'Who remains to sell here?'", "text": "The chances of another sell-off to $30,000 are slim, according to on-chain data.", "source_name": "Cointelegraph", "date": "Wed, 16 Feb 2022 04:08:35 -0500", "topics": [], "sentiment": "Neutral", "type": "Article", "tickers": ["BTC"]}, {"news_url": "https://www.youtube.com/watch?v=C9BBq44iH6E", "image_url": "https://crypto.snapi.dev/images/v1/j/q/sec-chair-on-ripple-saga-register-within-the-law-109270.jpg", "title": "SEC chair on Ripple saga: 'Register within the law'", "text": "US Securities and Exchange Commission chair discusses regulating the digital money market on 'The Claman Countdown.' #FOXBusiness Subscribe to Fox Business!", "source_name": "Fox Business", "date": "Wed, 16 Feb 2022 04:00:05 -0500", "topics": ["regulations"], "sentiment": "Neutral", "type": "Video", "tickers": ["XRP"]}, {"news_url": "https://cryptodaily.co.uk/2022/02/solana-nft-analytics-platform-rebrands-to-hyperspace", "image_url": "https://crypto.snapi.dev/images/v1/q/b/hyperspace-109257.jpg", "title": "Solana NFT Analytics Platform Rebrands to Hyperspace", "text": "Solanalysis, a premier Solana blockchain analytics platform, has rebranded to \"Hyperspace\" in a bid to pursue the growing NFT market on Solana. The platform rebrand also arrives in time with the closure of its seed funding round for $4.5 million.", "source_name": "Crypto Daily", "date": "Wed, 16 Feb 2022 04:00:00 -0500", "topics": ["NFT"], "sentiment": "Neutral", "type": "Article", "tickers": ["SOL"]}, {"news_url": "https://cointelegraph.com/news/fsb-wants-more-data-to-measure-risks-of-bitcoin-stablecoins-defi", "image_url": "https://crypto.snapi.dev/images/v1/f/c/840-ahr0chm6ly9zmy5jb2ludgvszwdyyxbolmnvbs91cgxvywrzlziwmjitmdivyty1nzrkntgtyjjjzs00zjc5ltkzywetztfhzjfiywyymdq2lmpwzw-109254.jpg", "title": "FSB wants more data to measure risks of Bitcoin, stablecoins, DeFi", "text": "Crypto market data reporting needs global standards to enable proper risk assessment, the FSB declared.", "source_name": "Cointelegraph", "date": "Wed, 16 Feb 2022 04:00:00 -0500", "topics": ["stablecoins"], "sentiment": "Neutral", "type": "Article", "tickers": ["BTC"]}, {"news_url": "https://ambcrypto.com/secs-gensler-doesnt-have-much-to-say-about-ripple-or-xrp-except-this/", "image_url": "https://crypto.snapi.dev/images/v1/f/7/anna-gru-nj2qzr9-6qo-unsplash-109251.jpg", "title": "SEC's Gensler doesn't have much to say about Ripple or XRP\u2026 except this", "text": "The Gary Gensler-led Securities and Exchange Commission (SEC) has repeatedly aired its concerns about spot Bitcoin Exchange Traded Funds (ETFs). In fact, the Chairman believes there is a lack of infrastructure designed to prevent fraudulent and manipulative acts and practices.", "source_name": "AMBCrypto", "date": "Wed, 16 Feb 2022 03:30:55 -0500", "topics": ["regulations"], "sentiment": "Neutral", "type": "Article", "tickers": ["XRP"]}, {"news_url": "https://cryptopotato.com/fidelity-international-lists-cheapest-bitcoin-etp-in-europe/", "image_url": "https://crypto.snapi.dev/images/v1/e/e/cp-featured-min-109245.jpg", "title": "Fidelity International Lists Cheapest Bitcoin ETP in Europe", "text": "Fidelity International has launched a physcially-backed Bitcoin ETP to cater to the needs of its institutional clients.", "source_name": "CryptoPotato", "date": "Wed, 16 Feb 2022 03:14:32 -0500", "topics": [], "sentiment": "Neutral", "type": "Article", "tickers": ["BTC"]}, {"news_url": "https://dailyhodl.com/2022/02/16/fundstrats-tom-lee-says-100000000000000-investor-class-could-send-bitcoin-btc-to-200000/", "image_url": "https://crypto.snapi.dev/images/v1/f/z/catalyze-rise-of-bitcoinjpgfit10242c600ssl1-109250.jpg", "title": "Fundstrat's Tom Lee Says $100,000,000,000,000 Investor Class Could Send Bitcoin (BTC) to $200,000", "text": "The managing partner of investment research firm Fundstrat Global Advisors, Tom Lee, is singling out a category of investors whose involvement could send Bitcoin (BTC) to a six-figure price. Lee says in a CNBC interview that baby boomers are not investing in Bitcoin but their involvement may trigger a rally that would increase the flagship [\u2026] The post Fundstrat's Tom Lee Says $100,000,000,000,000 Investor Class Could Send Bitcoin (BTC) to $200,000 appeared first on The Daily Hodl.", "source_name": "The Daily Hodl", "date": "Wed, 16 Feb 2022 03:04:00 -0500", "topics": [], "sentiment": "Neutral", "type": "Article", "tickers": ["BTC"]}, {"news_url": "https://en.cryptonomist.ch/2022/02/16/rainbow-receives-18-million-in-funding-for-ethereum-wallet/", "image_url": "https://crypto.snapi.dev/images/v1/9/l/ethereum-wallet-300x200-109249.jpg", "title": "Rainbow receives $18 million in funding for Ethereum wallet", "text": "The app aims to reduce MetaMask's burden", "source_name": "The Cryptonomist", "date": "Wed, 16 Feb 2022 02:45:35 -0500", "topics": [], "sentiment": "Neutral", "type": "Article", "tickers": ["ETH"]}, {"news_url": "https://coinpedia.org/price-analysis/ripplexrp-cardanoada-binance-coinbnb/", "image_url": "https://crypto.snapi.dev/images/v1/k/h/crypto16-109242.jpg", "title": "Ripple(XRP), Cardano(ADA) & Binance Coin(BNB) Aim at 10% Jump in 24 Hours!", "text": "Cardano(ADA) Price Analysis Cardano price broke through the descending channel a couple of days ago and since then it is maintaining a notable uptrend. However, now it appears that the decisive phase has approached where-int the ADA price has to uplift itself from the current ascending consolidation. No doubt the asset is trying hard to \u2026", "source_name": "CoinPedia", "date": "Wed, 16 Feb 2022 02:36:53 -0500", "topics": [], "sentiment": "Positive", "type": "Article", "tickers": ["ADA", "BNB", "XRP"]}, {"news_url": "https://coinpedia.org/altcoin/potential-altcoins-for-crypto-markets-3-trillion-milestone/", "image_url": "https://crypto.snapi.dev/images/v1/o/r/crypto15-109241.jpg", "title": "SOL, ADA, And DOT : Potential Altcoins For Crypto Market's $3 Trillion Milestone", "text": "The crypto town is a host to the \u201cn-number\u201d of protocols and digital assets. Which have been on a moto to claim the interests of investors. As the quest for a massive season continues to voice louder, owing to the number of analyses in play. Wherefore, folks from the business intend not to miss out \u2026", "source_name": "CoinPedia", "date": "Wed, 16 Feb 2022 02:15:49 -0500", "topics": [], "sentiment": "Positive", "type": "Article", "tickers": ["ADA", "SOL"]}, {"news_url": "https://coinpedia.org/altcoin/bullish-predictions-for-xrp-shib-btc-here-are-next-levels%ef%bf%bc/", "image_url": "https://crypto.snapi.dev/images/v1/l/h/crypto14-109238.jpg", "title": "Bullish Predictions for XRP, SHIB & BTC! Here are Next levels\ufffc", "text": "Cryptocurrencies continued their rally on Wednesday as buyers' confidence was boosted by the indicators of easing battle between Russia and Ukraine.\u00a0Overall the cryptocurrency market witnessed a positive trend on Wednesday. The global cryptocurrency market cap rose 2.45% to $1.99 trillion in the past 24 hours. The total crypto volume also increased by 5.08% over the \u2026", "source_name": "CoinPedia", "date": "Wed, 16 Feb 2022 01:53:41 -0500", "topics": [], "sentiment": "Positive", "type": "Article", "tickers": ["BTC", "SHIB", "XRP"]}, {"news_url": "https://bitcoinist.com/nezha-announces-first-ever-insurance-backed-prediction-draw-on-solana/", "image_url": "https://crypto.snapi.dev/images/v1/k/w/ez2oacsz-640x378-109237.png", "title": "Nezha Announces First-ever Insurance-backed Prediction Draw on Solana", "text": "The prediction market is a big business worldwide and is known as the earliest form of entertainment. It dates back to at least the 1500s, when people were speculating on the papal successor.", "source_name": "Bitcoinist", "date": "Wed, 16 Feb 2022 01:52:40 -0500", "topics": [], "sentiment": "Neutral", "type": "Article", "tickers": ["SOL"]}, {"news_url": "https://beincrypto.com/bitcoin-btc-price-increase-derivatives-market-on-chain-analysis/", "image_url": "https://crypto.snapi.dev/images/v1/c/r/bitcoin-108694-109240.jpeg", "title": "Bitcoin (BTC) Price Increase Can't Be Traced to Derivatives Market \u2014 On-Chain Analysis", "text": "BeInCrypto takes a look at various Bitcoin on-chain indicators that deal with the derivatives market, such as the funding rate and open interest. The post Bitcoin (BTC) Price Increase Can't Be Traced to Derivatives Market \u2014 On-Chain Analysis appeared first on BeInCrypto.", "source_name": "BeInCrypto", "date": "Wed, 16 Feb 2022 01:51:37 -0500", "topics": [], "sentiment": "Positive", "type": "Article", "tickers": ["BTC"]}, {"news_url": "https://coinpedia.org/ethereum/heres-where-ethereum-eth-price-is-heading-by-mid-of-2022/", "image_url": "https://crypto.snapi.dev/images/v1/d/w/crypto13-109234.jpg", "title": "Here's Where Ethereum (ETH) Price Is Heading By End of 2022!", "text": "Overall the cryptocurrency market witnessed a positive trend on Wednesday. The global cryptocurrency market cap rose 2.45% to $1.99 trillion in the past 24 hours. The total crypto volume also increased by 5.08% over the last 24 hours to $75.55 billion. Ethereum Price Analysis\u00a0 The largest altcoin, Ethereum started a fresh increase above the $2,900 \u2026", "source_name": "CoinPedia", "date": "Wed, 16 Feb 2022 01:33:27 -0500", "topics": [], "sentiment": "Neutral", "type": "Article", "tickers": ["ETH"]}, {"news_url": "https://coingape.com/?p=100864", "image_url": "https://crypto.snapi.dev/images/v1/x/w/bloombergquint-2019-06-4c524bd7-36ce-432e-b468-db55e56dbfd9-m1199589-109233.jpg", "title": "Is Warren Buffett Finally A Bitcoin (BTC) Holder? His Latest Investment Suggests So", "text": "Warren Buffett has invested $1 Billion in Bitcoin-friendly Nubank. On the other hand, he has dumped his Visa and Mastercard stocks.", "source_name": "Coingape", "date": "Wed, 16 Feb 2022 01:12:22 -0500", "topics": [], "sentiment": "Neutral", "type": "Article", "tickers": ["BTC"]}, {"news_url": "https://www.newsbtc.com/analysis/eth/ethereum-eyes-key-upside-break-3k/", "image_url": "https://crypto.snapi.dev/images/v1/u/i/shutterstock-1029670141-109230.jpg", "title": "TA: Ethereum Eyes Key Upside Break, $3K Holds The Key", "text": "Ethereum extended increase above the $3,050 resistance against the US Dollar. ETH price even climbed above $3,150 and might attempt a break above $3,200.", "source_name": "NewsBTC", "date": "Wed, 16 Feb 2022 00:48:31 -0500", "topics": ["tanalysis"], "sentiment": "Positive", "type": "Article", "tickers": ["ETH"]}, {"news_url": "https://cointelegraph.com/news/18-36m-ethereum-addresses-joined-the-network-in-2021", "image_url": "https://crypto.snapi.dev/images/v1/s/u/840-ahr0chm6ly9zmy5jb2ludgvszwdyyxbolmnvbs91cgxvywrzlziwmjitmdivy2uymze4nwmtnmq4ns00zmiwltljzgitmmm1ytu2nte1nmi5lmpwzw-109226.jpg", "title": "18.36M Ethereum addresses joined the network in 2021", "text": "Ethereum addresses have been on a strong, steady increase since last year, but daily transaction volumes and the number of whales on-chain are decreasing.", "source_name": "Cointelegraph", "date": "Tue, 15 Feb 2022 23:51:47 -0500", "topics": [], "sentiment": "Neutral", "type": "Article", "tickers": ["ETH"]}, {"news_url": "https://cryptonews.com/news/bitcoin-at-ethereum-correct-gains-mana-avax-rally.htm", "image_url": "https://crypto.snapi.dev/images/v1/h/l/altcoinsfall-104174-106437-109223.jpg", "title": "Bitcoin at Ethereum Correct Gains, MANA and AVAX Rally", "text": "Bitcoin price climbed above the USD 44,200 resistance zone, even spiked above USD 44,500, but it failed to continue higher. It is currently (04:05 UTC) correcting gains near USD 44,000 and might find bids near USD 43,500.", "source_name": "Cryptonews", "date": "Tue, 15 Feb 2022 23:21:00 -0500", "topics": [], "sentiment": "Neutral", "type": "Article", "tickers": ["AVAX", "BTC", "ETH", "MANA"]}, {"news_url": "https://www.cryptopolitan.com/bitcoin-ethereum-avalanche-and-stellar-daily-price-analyses-15-february-roundup/", "image_url": "https://crypto.snapi.dev/images/v1/9/x/vol2-roundup-1140-x-570-02-109221.png", "title": "Bitcoin, Ethereum, Avalanche, and Stellar Daily Price Analyses \u2013 15 February Roundup", "text": "TL;DR Breakdown The global crypto market sees a bearish trend as it loses 13.19% in 24 hours. Bitcoin adds to its value after a rally and sees a growth of 1.25%.", "source_name": "Cryptopolitan", "date": "Tue, 15 Feb 2022 22:33:07 -0500", "topics": [], "sentiment": "Neutral", "type": "Article", "tickers": ["AVAX", "BTC", "ETH", "XLM"]}, {"news_url": "https://www.benzinga.com/markets/cryptocurrency/22/02/25643855/mining-revenue-and-bitcoin-trends?SNAPI", "image_url": "https://crypto.snapi.dev/images/v1/v/r/screenshot-2022-02-16-at-83957-am-109217.png", "title": "Mining Revenue And Bitcoin Trends", "text": "This post contains sponsored advertising content. This content is for informational purposes only and not intended to be investing advice.", "source_name": "Benzinga", "date": "Tue, 15 Feb 2022 22:15:00 -0500", "topics": ["mining"], "sentiment": "Neutral", "type": "Article", "tickers": ["BTC"]}, {"news_url": "https://www.newsbtc.com/analysis/btc/bitcoin-fails-to-test-45k/", "image_url": "https://crypto.snapi.dev/images/v1/i/a/shutterstock-271071575-109216.jpg", "title": "TA: Bitcoin Fails to Test $45K, Why Dips Could Be Attractive", "text": "Bitcoin attempted a move towards $45,000 but failed against the US Dollar. BTC is correcting lower, but dips might be limited below $42,800.", "source_name": "NewsBTC", "date": "Tue, 15 Feb 2022 22:08:26 -0500", "topics": ["tanalysis"], "sentiment": "Negative", "type": "Article", "tickers": ["BTC"]}, {"news_url": "https://bitcoinmagazine.com/markets/how-cme-shapes-bitcoin-futures", "image_url": "https://crypto.snapi.dev/images/v1/e/e/cme-group-adds-options-on-bitcoin-futures-for-2020-109214.jpg", "title": "How Is CME Shaping Bitcoin Futures?", "text": "Analyzing the role that the Chicago Mercantile Exchange (CME) has played in the bitcoin futures market.", "source_name": "Bitcoin Magazine", "date": "Tue, 15 Feb 2022 21:30:00 -0500", "topics": [], "sentiment": "Positive", "type": "Article", "tickers": ["BTC"]}, {"news_url": "https://www.benzinga.com/markets/cryptocurrency/22/02/25653467/ethereum-outshines-bitcoin-dogecoin-rises-as-geopolitical-tensions-in-eastern-europe-show-?SNAPI", "image_url": "https://crypto.snapi.dev/images/v1/9/9/drawkit-illustrations-8iiudnrq87o-unsplash-3-0-109212.jpg", "title": "Ethereum Outshines Bitcoin, Dogecoin Rises As Geopolitical Tensions In Eastern Europe Show Signs Of Simmering Down", "text": "Gains in Ethereum outstripped those in Bitcoin at press time as the global cryptocurrency market cap increased 4.5% to $1.95 trillion.", "source_name": "Benzinga", "date": "Tue, 15 Feb 2022 21:20:00 -0500", "topics": [], "sentiment": "Positive", "type": "Article", "tickers": ["DOGE", "ETH"]}, {"news_url": "https://decrypt.co/93030/russian-ministry-pushes-legalize-bitcoin-mining-some-areas", "image_url": "https://crypto.snapi.dev/images/v1/f/x/russia-bitcoin-crypto-law-gid-4-109205.jpg", "title": "Russian Ministry Pushes To Legalize Bitcoin Mining In Some Areas", "text": "The Ministry of Economic Development believes mining should be allowed where energy is abundant, mirroring thoughts from President Vladimir Putin.", "source_name": "Decrypt", "date": "Tue, 15 Feb 2022 20:22:36 -0500", "topics": ["mining"], "sentiment": "Positive", "type": "Article", "tickers": ["BTC"]}, {"news_url": "https://www.newsbtc.com/news/representing-lawyer-of-xrp-holders-predict-secs-next-move-as-ripple-price-hikes/", "image_url": "https://crypto.snapi.dev/images/v1/o/r/og-collateral-wide-1-109202.jpg", "title": "Representing Lawyer of XRP Holders Predict SEC's Next Move As Ripple Price Hikes", "text": "Ripple is one of the altcoins that has strived comparative well within the cryptocurrency space. The price-performance and the general trend in the protocol's ecosystem have made this crypto one of the outstanding long-term and short-term investment choices.", "source_name": "NewsBTC", "date": "Tue, 15 Feb 2022 19:31:54 -0500", "topics": ["regulations"], "sentiment": "Neutral", "type": "Article", "tickers": ["XRP"]}, {"news_url": "https://ambcrypto.com/top-bsc-whales-are-changing-their-crypto-portfolios-and-heres-what-theyre-buying/", "image_url": "https://crypto.snapi.dev/images/v1/4/z/vivek-kumar-fs283lesutc-unsplash-109201.jpg", "title": "Top BSC whales are changing their crypto portfolios and here's what they're buying", "text": "Analysis shared by the WhaleStatsBSC Twitter account showcased interesting holding behavior. The largest Binance Smart Chain whales were holding Bitcoin, Ethereum and several other major altcoins.", "source_name": "AMBCrypto", "date": "Tue, 15 Feb 2022 19:30:00 -0500", "topics": ["whales"], "sentiment": "Positive", "type": "Article", "tickers": ["BTC", "DOGE", "DOT", "ETH", "LINK", "MATIC"]}, {"news_url": "https://www.newsbtc.com/news/bitcoin/bitcoin-mining-stocks-lose-50-60-value-since-crypto-price-peak/", "image_url": "https://crypto.snapi.dev/images/v1/o/v/brian-wangenheim-9kuri7opd70-unsplash-109232.jpg", "title": "Bitcoin Mining Stocks Lose 50-60% Value Since Crypto Price Peak", "text": "Bitcoin mining stocks have drastically collapsed since November following the effect of the hashrate's 23% growth and bitcoin's downtrend on the miner's rewards. Mining Stocks Sharp Decline Arcane Research data shows that the largest bitcoin mining stocks have collapsed since November after being caught up in the market's volatility.", "source_name": "NewsBTC", "date": "Tue, 15 Feb 2022 18:59:44 -0500", "topics": ["mining"], "sentiment": "Negative", "type": "Article", "tickers": ["BTC"]}, {"news_url": "https://dailyhodl.com/2022/02/15/ethereum-eth-upside-far-outweighs-current-downside-according-to-investanswers/", "image_url": "https://crypto.snapi.dev/images/v1/a/h/eth-upside-farjpgfit10242c600ssl1-109195.jpg", "title": "Ethereum (ETH) Upside Far Outweighs Current Downside, According to InvestAnswers", "text": "A popular crypto analyst is looking at the risk-versus-reward potential for Ethereum (ETH) as the second-ranked crypto asset sustains its recovery from a dramatic sell-off three weeks ago. In a new strategy session, the host of financial education YouTube channel InvestAnswers shares with his 411,000 subscribers an Ethereum chart featuring a mix of support and [\u2026] The post Ethereum (ETH) Upside Far Outweighs Current Downside, According to InvestAnswers appeared first on The Daily Hodl.", "source_name": "The Daily Hodl", "date": "Tue, 15 Feb 2022 18:05:34 -0500", "topics": [], "sentiment": "Positive", "type": "Article", "tickers": ["ETH"]}, {"news_url": "https://www.newsbtc.com/news/bitcoin/bitcoin-dominance-will-continue-to-decline-in-favor-of-ethereum-altcoins-ftx-us-president/", "image_url": "https://crypto.snapi.dev/images/v1/l/0/urlhttps3a2f2fgfoolcdncom2feditorial2fimages2f6637012fgettyimages-1317424267jpgw700opresize-105668-108144-109190.jpg", "title": "Bitcoin Dominance Will Continue To Decline In Favor Of Ethereum, Altcoins, FTX US President", "text": "Bitcoin has maintained dominance over altcoins like Ethereum and others for the longest time. This dominance, although has declined over time, still helps the digital asset maintain its title as the most valuable cryptocurrency in the space.", "source_name": "NewsBTC", "date": "Tue, 15 Feb 2022 18:00:38 -0500", "topics": [], "sentiment": "Neutral", "type": "Article", "tickers": ["ETH", "BTC"]}, {"news_url": "https://ambcrypto.com/bitcoin-the-case-for-and-against-a-wild-bullish-impulse-anytime-soon/", "image_url": "https://crypto.snapi.dev/images/v1/e/q/olieman-eth-o-myhqeehom-unsplash-109186.jpg", "title": "Bitcoin: The case for and against a \u2018wild bullish impulse' anytime soon", "text": "There's a growing sense of uncertainty within crypto investors concerning the Federal Reserve interest rate hikes in March. The latest Glassnode's The Week On-Chain newsletter published on 14 February gave insights about this upcoming storm.", "source_name": "AMBCrypto", "date": "Tue, 15 Feb 2022 17:30:25 -0500", "topics": [], "sentiment": "Neutral", "type": "Article", "tickers": ["BTC"]}, {"news_url": "https://www.youtube.com/watch?v=ee1dg5i8m7c", "image_url": "https://crypto.snapi.dev/images/v1/v/g/bitcoin-on-the-rise-following-partial-pullback-of-russian-troops-109185.jpg", "title": "Bitcoin on the Rise Following Partial Pullback of Russian Troops", "text": "Bitcoin is rising with global markets following the partial pullback of Russian troops along the Ukraine border. Still, the rally is occurring on low volume.", "source_name": "Coindesk", "date": "Tue, 15 Feb 2022 17:14:00 -0500", "topics": [], "sentiment": "Positive", "type": "Video", "tickers": ["BTC"]}, {"news_url": "https://cointelegraph.com/news/traders-say-4-000-ethereum-back-on-the-cards-if-this-bullish-chart-pattern-plays-out", "image_url": "https://crypto.snapi.dev/images/v1/r/i/840-ahr0chm6ly9zmy5jb2ludgvszwdyyxbolmnvbs91cgxvywrzlziwmjitmdivzwjhngnkmjctmtkzzi00nda2lwexndytzgi0m2y0mdy4nte1lmpwzw-109181.jpg", "title": "Traders say $4,000 Ethereum back on the cards \u2018if' this bullish chart pattern plays out", "text": "Global tensions that could trigger a correction in markets abound, but traders say ETH's current setup could result in a swift return to the $4,000 level.", "source_name": "Cointelegraph", "date": "Tue, 15 Feb 2022 17:00:56 -0500", "topics": [], "sentiment": "Positive", "type": "Article", "tickers": ["ETH"]}, {"news_url": "https://bitcoinmagazine.com/culture/america-unlocking-bitcoin-financial-freedom", "image_url": "https://crypto.snapi.dev/images/v1/v/i/esv-classroom-109179.jpg", "title": "America's Forgotten Seven Million \u2014 Unlocking Financial Freedom Through Bitcoin", "text": "Bitcoin education can empower those who have been left behind by legacy financial services.", "source_name": "Bitcoin Magazine", "date": "Tue, 15 Feb 2022 17:00:00 -0500", "topics": [], "sentiment": "Neutral", "type": "Article", "tickers": ["BTC"]}, {"news_url": "https://cryptobriefing.com/linqto-sells-out-of-ripple-shares-as-legal-case-develops/?utm_source=main_feed&utm_medium=rss", "image_url": "https://crypto.snapi.dev/images/v1/y/q/ripple-cover-838x440-109173.png", "title": "Linqto Sells Out of Ripple Shares as Legal Case Develops", "text": "The investment firm sold all its Ripple shares on Feb. 14 before adding more today.", "source_name": "Crypto Briefing", "date": "Tue, 15 Feb 2022 16:49:25 -0500", "topics": [], "sentiment": "Negative", "type": "Article", "tickers": ["XRP"]}, {"news_url": "https://www.coindesk.com/markets/2022/02/15/why-are-fees-on-ethereum-dropping/", "image_url": "https://crypto.snapi.dev/images/v1/l/p/ethereumexecutium-leciokunym4-unsplash-2-109585-109874.jpg", "title": "Why Are Fees on Ethereum Dropping?", "text": "Simple ether and ERC-20 wallet transfers are being included in blocks for a fraction of the cost seen during December and January.", "source_name": "Coindesk", "date": "Tue, 15 Feb 2022 16:49:00 -0500", "topics": [], "sentiment": "Negative", "type": "Article", "tickers": ["ETH"]}, {"news_url": "https://bitcoinmagazine.com/business/conocophillips-is-selling-extra-gas-to-bitcoin-miners", "image_url": "https://crypto.snapi.dev/images/v1/e/n/bitcoin-miner-demand-outstripping-supply-in-china-109172.jpg", "title": "ConocoPhillips Is Selling Extra Gas To Bitcoin Miners", "text": "With its Bitcoin pilot, ConocoPhillips is both monetizing energy that would otherwise be wasted and reducing its emissions.", "source_name": "Bitcoin Magazine", "date": "Tue, 15 Feb 2022 16:47:36 -0500", "topics": ["mining"], "sentiment": "Positive", "type": "Article", "tickers": ["BTC"]}, {"news_url": "https://www.fool.com/investing/2022/02/15/why-polkadot-chainlink-and-the-sandbox-jumped-on-t/", "image_url": "https://crypto.snapi.dev/images/v1/c/q/urlhttps3a2f2fgfoolcdncom2feditorial2fimages2f6662592fcrypto-trading-on-tabletjpgw700opresize-109168.jpg", "title": "Why Polkadot, Chainlink, and The Sandbox Jumped on Tuesday", "text": "Big institutions are betting big on the future of the metaverse.", "source_name": "The Motley Fool", "date": "Tue, 15 Feb 2022 16:28:00 -0500", "topics": [], "sentiment": "Positive", "type": "Article", "tickers": ["DOT", "LINK", "SAND"]}, {"news_url": "https://beincrypto.com/xrp-consolidates-above-yearly-support-as-short-term-bullish-momentum-continues/", "image_url": "https://crypto.snapi.dev/images/v1/0/j/bic-xrp-01jpgoptimal-109156.jpg", "title": "XRP Consolidates Above Yearly Support as Short-Term Bullish Momentum Continues", "text": "XRP is consolidating above a long-term horizontal support level and is showing short-term bullish signs. The post XRP Consolidates Above Yearly Support as Short-Term Bullish Momentum Continues appeared first on BeInCrypto.", "source_name": "BeInCrypto", "date": "Tue, 15 Feb 2022 16:09:58 -0500", "topics": [], "sentiment": "Positive", "type": "Article", "tickers": ["XRP"]}, {"news_url": "https://dailyhodl.com/2022/02/15/billionaire-investor-with-very-big-bitcoin-position-says-btc-is-insurance-policy-against-economic-disaster/", "image_url": "https://crypto.snapi.dev/images/v1/o/y/billionaire-policy-disasterjpgfit10242c600ssl1-109165.jpg", "title": "Billionaire Investor With \u2018Very Big' Bitcoin Position Says BTC Is Insurance Policy Against Economic Disaster", "text": "Renowned investor Bill Miller says that as Bitcoin (BTC) adoption spreads so will its functional roles as a store of value. Miller tells CNBC in a new interview that people will choose to ascribe value to Bitcoin in the same way they do for various collectibles and investments. \u201cBitcoin in one sense has no intrinsic [\u2026] The post Billionaire Investor With \u2018Very Big' Bitcoin Position Says BTC Is Insurance Policy Against Economic Disaster appeared first on The Daily Hodl.", "source_name": "The Daily Hodl", "date": "Tue, 15 Feb 2022 16:00:00 -0500", "topics": [], "sentiment": "Positive", "type": "Article", "tickers": ["BTC"]}, {"news_url": "https://dailyhodl.com/2022/02/15/veteran-trader-tone-vays-expecting-huge-move-for-bitcoin-btc-once-it-breaks-this-price/", "image_url": "https://crypto.snapi.dev/images/v1/r/l/huge-move-for-bitcoinjpgfit10242c600ssl1-109166.jpg", "title": "Veteran Trader Tone Vays Expecting \u2018Huge Move' for Bitcoin (BTC) Once It Breaks This Price", "text": "A closely followed trader says if Bitcoin (BTC) can finish the week in positive territory then the leading crypto asset might be headed for a lunar landing. In a new strategy session, the veteran crypto analyst tells his 120,000 subscribers that the BTC charts look good so far, but he's eyeing a pair of resistance [\u2026] The post Veteran Trader Tone Vays Expecting \u2018Huge Move' for Bitcoin (BTC) Once It Breaks This Price appeared first on The Daily Hodl.", "source_name": "The Daily Hodl", "date": "Tue, 15 Feb 2022 15:55:10 -0500", "topics": [], "sentiment": "Positive", "type": "Article", "tickers": ["BTC"]}, {"news_url": "https://www.coindesk.com/business/2022/02/15/conocophillips-selling-excess-gas-to-a-bitcoin-miner-in-north-dakota/", "image_url": "https://crypto.snapi.dev/images/v1/h/e/4pydwrpk3vfa7jcm7ub7lkgini-109152.jpg", "title": "ConocoPhillips Selling Excess Gas to a Bitcoin Miner in North Dakota", "text": "The oil major is aiming to reach zero routine flaring by 2025.", "source_name": "Coindesk", "date": "Tue, 15 Feb 2022 15:48:00 -0500", "topics": ["mining"], "sentiment": "Positive", "type": "Article", "tickers": ["BTC"]}, {"news_url": "https://beincrypto.com/bitcoin-btc-versus-ethereum-eth-mining-revenue-who-comes-out-on-top/", "image_url": "https://crypto.snapi.dev/images/v1/l/a/btc-vs-eth-109149.png", "title": "Bitcoin (BTC) Versus Ethereum (ETH) Mining Revenue: Who Comes Out on Top?", "text": "Bitcoin miners took a back seat in mining profitability during the month of January, as ethereum miners saw a 20% increase in revenue over bitcoin miners. The post Bitcoin (BTC) Versus Ethereum (ETH) Mining Revenue: Who Comes Out on Top?", "source_name": "BeInCrypto", "date": "Tue, 15 Feb 2022 15:29:55 -0500", "topics": ["mining"], "sentiment": "Neutral", "type": "Article", "tickers": ["BTC", "ETH"]}, {"news_url": "https://www.dcforecasts.com/ethereum-news/number-of-eth-addresses-holding-0-1-eth-hits-ath-analysis/", "image_url": "https://crypto.snapi.dev/images/v1/o/x/ethereum-price-analysis-2022-02-14-108656-109137.png", "title": "Number Of ETH Addresses Holding 0.1 ETH Hits ATH: Analysis", "text": "The number of ETH addresses holding 0.1 ETH hits an all-time high so now there are smaller holders than ever before according to the latest analysis that we have in our latest ethereum news. According to the glassnode data, the number of ETH addresses holding 0.1 ETH has hit an all-time high and these holdings [\u2026]", "source_name": "DCForecasts", "date": "Tue, 15 Feb 2022 15:25:44 -0500", "topics": [], "sentiment": "Positive", "type": "Article", "tickers": ["ETH"]}, {"news_url": "https://investorplace.com/2022/02/7-high-risk-high-upside-crypto-bets-worth-taking-right-now/", "image_url": "https://crypto.snapi.dev/images/v1/c/r/crypto5-109135.jpg", "title": "7 High-Risk, High-Upside Crypto Bets Worth Taking Right Now", "text": "Those looking for high-risk, high-upside crypto bets have come to the right place. These top tokens are ones to put on the radar right now.", "source_name": "Investorplace", "date": "Tue, 15 Feb 2022 15:12:42 -0500", "topics": [], "sentiment": "Positive", "type": "Article", "tickers": ["BTC", "DOGE", "ETH", "FTM", "LBLOCK", "SOL", "XLM"]}, {"news_url": "https://u.today/mike-novogratz-says-you-can-be-bullish-on-both-gold-and-bitcoin?SNAPI", "image_url": "https://crypto.snapi.dev/images/v1/g/l/5641-109132.jpg", "title": "Mike Novogratz Says You Can Be Bullish on Both Gold and Bitcoin", "text": "Bitcoin mogul Mike Novogratz has a perfect response for Peter Schiff", "source_name": "UToday", "date": "Tue, 15 Feb 2022 15:10:00 -0500", "topics": [], "sentiment": "Positive", "type": "Article", "tickers": ["BTC"]}, {"news_url": "https://www.cnbc.com/2022/02/15/conocophillips-is-selling-extra-gas-to-bitcoin-miners-in-north-dakota.html", "image_url": "https://crypto.snapi.dev/images/v1/2/u/46571110-cramers-plays-on-gas-conoco-109131.jpg", "title": "ConocoPhillips is selling extra gas to bitcoin miners in North Dakota", "text": "ConocoPhillips is selling extra flare gas to bitcoin miners in North Dakota.", "source_name": "CNBC", "date": "Tue, 15 Feb 2022 15:03:37 -0500", "topics": ["mining"], "sentiment": "Positive", "type": "Article", "tickers": ["BTC"]}, {"news_url": "https://cointelegraph.com/news/here-s-why-the-sec-keeps-rejecting-spot-bitcoin-etf-applications", "image_url": "https://crypto.snapi.dev/images/v1/d/m/840-ahr0chm6ly9zmy5jb2ludgvszwdyyxbolmnvbs91cgxvywrzlziwmjitmdivzdawmwqwzwqtmzzlyi00nmzllwfmzgmtm2rimtg5njgzmwfklmpwzw-109127.jpg", "title": "Here's why the SEC keeps rejecting spot Bitcoin ETF applications", "text": "Crypto investors still hope that the U.S. Securities and Exchange Commission will approve a spot-based BTC ETF one day, but data shows it has good reason not to.", "source_name": "Cointelegraph", "date": "Tue, 15 Feb 2022 14:41:15 -0500", "topics": ["regulations"], "sentiment": "Negative", "type": "Article", "tickers": ["BTC"]}, {"news_url": "https://cryptopotato.com/sofi-ceo-anthony-noto-owns-bitcoin-and-ethereum/", "image_url": "https://crypto.snapi.dev/images/v1/f/2/anthony-noto-109116.jpg", "title": "SoFi CEO Anthony Noto Owns Bitcoin and Ethereum", "text": "Anthony Noto owns Bitcoin and Ethereum but warned about the uncertainty in the cryptocurrency market.", "source_name": "CryptoPotato", "date": "Tue, 15 Feb 2022 14:25:52 -0500", "topics": [], "sentiment": "Positive", "type": "Article", "tickers": ["BTC", "ETH"]}, {"news_url": "https://www.benzinga.com/markets/cryptocurrency/22/02/25645361/we-all-know-the-bitcoin-logo-but-where-did-it-come-from?SNAPI", "image_url": "https://crypto.snapi.dev/images/v1/5/v/1-83-109115.png", "title": "We All Know The Bitcoin Logo\u2026 But Where Did It Come From?", "text": "By Lucas Malizia, Defi Consultant & Federico Bruno, Project Manager at Finaflix", "source_name": "Benzinga", "date": "Tue, 15 Feb 2022 14:17:00 -0500", "topics": [], "sentiment": "Neutral", "type": "Article", "tickers": ["BTC"]}, {"news_url": "https://investorplace.com/2022/02/maltese-falcoin-crypto-report-9-things-to-know-about-jpmorgans-bearish-bitcoin-report/", "image_url": "https://crypto.snapi.dev/images/v1/q/1/crypto3-109114.jpg", "title": "Maltese Falcoin Crypto Report: 9 Things to Know About JPMorgan's Bearish Bitcoin Report", "text": "The new JPMorgan \"Maltese Falcoin\" crypto report is making the bold claim that cryptocurrency's value is unjustified.", "source_name": "Investorplace", "date": "Tue, 15 Feb 2022 14:12:54 -0500", "topics": [], "sentiment": "Negative", "type": "Article", "tickers": ["BTC"]}, {"news_url": "https://decrypt.co/92997/rainbow-ethereum-wallet-raises-18m-led-by-reddit-co-founder-ohanian", "image_url": "https://crypto.snapi.dev/images/v1/d/2/rainbow-wallet-ethereum-gid-2-109110.jpeg", "title": "Rainbow Ethereum Wallet Raises $18M, Led by Reddit Co-Founder Ohanian", "text": "The mobile Ethereum wallet app has earned fans\u2014including Alexis Ohanian\u2014for its stylish, streamlined aesthetic.", "source_name": "Decrypt", "date": "Tue, 15 Feb 2022 14:07:18 -0500", "topics": [], "sentiment": "Neutral", "type": "Article", "tickers": ["ETH"]}, {"news_url": "https://beincrypto.com/norways-kryptovault-proves-bitcoin-mining-can-be-sustainable/", "image_url": "https://crypto.snapi.dev/images/v1/t/g/bic-artwork-cryptocurrency-mining-stocks-1jpgoptimal-109111.jpg", "title": "Norway's KryptoVault Proves Bitcoin Mining Can be Sustainable", "text": "Kryptovault is smashing the mining naysayers out of the park with its sustainable operation that helps put Norway's hashrate at 0.3% of the global computing grunt. The post Norway's KryptoVault Proves Bitcoin Mining Can be Sustainable appeared first on BeInCrypto.", "source_name": "BeInCrypto", "date": "Tue, 15 Feb 2022 14:05:00 -0500", "topics": ["mining"], "sentiment": "Positive", "type": "Article", "tickers": ["BTC"]}, {"news_url": "https://www.newsbtc.com/news/bitcoin/bitcoin-leverage-ratio-sinks-market-de-risks-uncertainties/", "image_url": "https://crypto.snapi.dev/images/v1/g/j/kanchanara-tl9npbm0khy-unsplash-scaled-109105.jpg", "title": "Bitcoin Leverage Ratio Sinks As Market De-Risks Amid Uncertainties", "text": "On-chain data shows the Bitcoin leverage ratio has gone down recently as market de-risks amid macro uncertainties. Bitcoin Leverage Ratio Sharply Falls Down Over The Past Week According to the latest weekly report from Glassnode, the BTC futures open interest leverage ratio has decreased in the last week as investors de-risk their holdings.", "source_name": "NewsBTC", "date": "Tue, 15 Feb 2022 14:00:30 -0500", "topics": [], "sentiment": "Negative", "type": "Article", "tickers": ["BTC"]}, {"news_url": "https://bitcoinist.com/bitcoins-big-outflows-3rd-week-price-recovery/", "image_url": "https://crypto.snapi.dev/images/v1/u/7/kanchanara-iso9i7tgfq4-unsplash-631x420-109106.jpg", "title": "Bitcoin Observes Big Outflows For 3rd Straight Week As Price Continues Recovery", "text": "On-chain data shows exchanges have now observed large Bitcoin outflows for the third straight week as price continues to recover. Bitcoin Exchange Netflow Remains Negative For 3rd Consecutive Week As per the latest weekly report from Glassnode, the BTC netflow has continued to show negative values for the third straight week now.", "source_name": "Bitcoinist", "date": "Tue, 15 Feb 2022 14:00:01 -0500", "topics": [], "sentiment": "Positive", "type": "Article", "tickers": ["BTC"]}, {"news_url": "https://cryptonews.com/news/bitcoin-etfs-remain-popular-among-investors-despite-price-slump.htm", "image_url": "https://crypto.snapi.dev/images/v1/h/g/c0a4d00afb-media-library-original-900-600-109107.jpg", "title": "Bitcoin ETFs Remain Popular Among Investors Despite Price Slump", "text": "Exchange-traded funds (ETFs) backed by bitcoin (BTC) futures contracts traded in the US largely retained their trading volumes last week, despite a slump in the bitcoin price over the course of January.", "source_name": "Cryptonews", "date": "Tue, 15 Feb 2022 14:00:00 -0500", "topics": [], "sentiment": "Positive", "type": "Article", "tickers": ["BTC"]}, {"news_url": "https://ambcrypto.com/ethereum-heres-how-market-bulls-prove-they-are-back/", "image_url": "https://crypto.snapi.dev/images/v1/o/1/bitcoin-price-300x200-108872-109091.jpg", "title": "Ethereum: Here's how market bulls can prove they are back", "text": "Disclaimer:\u00a0The findings of the following analysis are the sole opinions of the writer and should not be considered investment advice In recent months, macro factors have had a bearish impact on the price of cryptocurrencies. Even though the past three weeks have seen a bullish price movement on the charts for Ethereum, it was unclear [\u2026]", "source_name": "AMBCrypto", "date": "Tue, 15 Feb 2022 13:30:34 -0500", "topics": [], "sentiment": "Positive", "type": "Article", "tickers": ["ETH"]}, {"news_url": "https://cryptopotato.com/btc-price-analysis-bitcoin-taps-44k-but-warning-signs-appear-whats-next/", "image_url": "https://crypto.snapi.dev/images/v1/g/r/bitcoin2-3-108983-109088.jpg", "title": "BTC Price Analysis: Bitcoin Taps $44K But Warning Signs Appear, What's Next?", "text": "Bitcoin has been supported by the dynamic and static support levels on the daily frame. However, from an onchain perspective, the intensity of whale activities is signalling a possible sell pressure in short term.", "source_name": "CryptoPotato", "date": "Tue, 15 Feb 2022 13:03:13 -0500", "topics": ["tanalysis"], "sentiment": "Positive", "type": "Article", "tickers": ["BTC"]}, {"news_url": "https://www.newsbtc.com/news/bitcoin/bitcoin-breaks-above-44k-can-bulls-push-price-to-next-level/", "image_url": "https://crypto.snapi.dev/images/v1/r/b/bitcoin-bull-trend-istock-1314042576-109084.jpeg", "title": "Bitcoin Breaks Above $44K, Can Bulls Push Price To Next Level?", "text": "Bitcoin has managed to break above considerable resistance and now trades just north of the $44,000 mark. The first crypto by market cap took another swing at the low of its current levels, after a rejection near the $46,000 mark.", "source_name": "NewsBTC", "date": "Tue, 15 Feb 2022 13:00:16 -0500", "topics": ["tanalysis"], "sentiment": "Positive", "type": "Article", "tickers": ["BTC"]}, {"news_url": "https://bitcoinist.com/fidelity-launched-bitcoin-etp-europe-cheapest-fees/", "image_url": "https://crypto.snapi.dev/images/v1/q/q/executium-sqvojqulr5w-unsplash-631x420-109086.jpg", "title": "How Fidelity Launched A Bitcoin ETP In Europe With \u201cCheapest\u201d Fees", "text": "The international branch of investment firm Fidelity recently announced the launch of their first Bitcoin Exchange Traded Product (ETP) in Europe, according to a report from ETF Stream. Called Fidelity Physical Bitcoin ETF, the investment product will be listed on the Deutsche Boerse, the Frankfurt Stock Exchange, and will be list the SIX Swiss platform [\u2026]", "source_name": "Bitcoinist", "date": "Tue, 15 Feb 2022 13:00:06 -0500", "topics": [], "sentiment": "Positive", "type": "Article", "tickers": ["BTC"]}, {"news_url": "https://cryptodaily.co.uk/2022/02/btc-usd-grabs-stops-above-43712-sally-ho-technical-analysis-16-february-2022-btc-bitcoin", "image_url": "https://crypto.snapi.dev/images/v1/y/9/bitcoin2-3-108983-109085.jpg", "title": "BTC/USD Grabs Stops Above 43712: Sally Ho's Technical Analysis 16 February 2022 BTC", "text": "Bitcoin (BTC/USD) made gains early in the Asian session as the pair appreciated to the 44100 level after recently trading as low as the 41570 area, with the interday high representing a test of the 61.8% retracement of the depreciating range from 45855 to 41570.\u00a0 Stops were elected above the 43206 and 43712 levels, representing the 38.2% and 50% retracements of the depreciating range, and additional upside retracement levels include the 44843 and 44938 levels.", "source_name": "Crypto Daily", "date": "Tue, 15 Feb 2022 13:00:00 -0500", "topics": ["tanalysis"], "sentiment": "Positive", "type": "Article", "tickers": ["BTC"]}, {"news_url": "https://www.fool.com/investing/2022/02/15/3-reasons-solana-soared-5-today-and-1-reason-inves/", "image_url": "https://crypto.snapi.dev/images/v1/u/r/urlhttps3a2f2fgfoolcdncom2feditorial2fimages2f6662222fcrypto104jpgw700opresize-109102.jpg", "title": "3 Reasons Solana Soared 5% Today, and 1 Reason Investors Are Cautious", "text": "Solana's on the move higher today, but it hasn't been all positive moves for this token of late.", "source_name": "The Motley Fool", "date": "Tue, 15 Feb 2022 12:55:29 -0500", "topics": [], "sentiment": "Positive", "type": "Article", "tickers": ["SOL"]}, {"news_url": "https://coingape.com/?p=100846", "image_url": "https://crypto.snapi.dev/images/v1/o/t/ethereum-logo-portrait-black-gray-109073.png", "title": "Ethereum (ETH) Price Prediction: ETH Advances Toward $3,400, Downside Risk Remains Limited", "text": "Ethereum (ETH) price records handsome gains in the late evening session. The pair opened lower but as the days proceed investors gains conviction and the pair touched the intraday high of $3,150.68.", "source_name": "Coingape", "date": "Tue, 15 Feb 2022 12:24:42 -0500", "topics": [], "sentiment": "Positive", "type": "Article", "tickers": ["ETH"]}, {"news_url": "https://www.fool.com/investing/2022/02/15/why-ethereum-bitcoin-and-binance-coin-are-roaring/", "image_url": "https://crypto.snapi.dev/images/v1/l/g/urlhttps3a2f2fgfoolcdncom2feditorial2fimages2f6662182fmarket-soaringjpgw700opresize-109074.jpg", "title": "Why Ethereum, Bitcoin, and Binance Coin Are Roaring Higher Today", "text": "Mega-cap cryptocurrencies appear to be the place investors want to be right now.", "source_name": "The Motley Fool", "date": "Tue, 15 Feb 2022 12:24:18 -0500", "topics": [], "sentiment": "Positive", "type": "Article", "tickers": ["BNB", "BTC", "ETH"]}], "total_pages": 39}