{"data": [{"news_url": "https://ambcrypto.com/heres-what-apples-trajectory-can-reveal-about-bitcoins-future-growth/", "image_url": "https://crypto.snapi.dev/images/v1/c/r/iphone-410324-1280-110116.jpg", "title": "Here's what Apple's trajectory reveals about the future growth of BTC", "text": "The top cryptocurrency Bitcoin and all its correlated assets in the market have been facing considerable volatility since the market crash in May last year. And, its effects have been especially evident over the past few months.", "source_name": "AMBCrypto", "date": "Fri, 18 Feb 2022 07:30:53 -0500", "topics": [], "sentiment": "Neutral", "type": "Article", "tickers": ["BTC"]}, {"news_url": "https://cryptonews.com/news/bitcoin-ethereum-keep-moving-lower-neo-inches-up.htm", "image_url": "https://crypto.snapi.dev/images/v1/d/y/10-110114.jpg", "title": "Bitcoin and Ethereum Keep Moving Lower, NEO Inches Up", "text": "Bitcoin price gained bearish momentum below the USD 42,500 support zone and is currently (12:00 PM UTC) moving towards the USD 41,200, having dropped 7% in a day.", "source_name": "Cryptonews", "date": "Fri, 18 Feb 2022 07:12:00 -0500", "topics": [], "sentiment": "Neutral", "type": "Article", "tickers": ["BTC", "ETH", "NEO"]}, {"news_url": "https://cryptopotato.com/over-1-5-million-of-eth-from-the-ascendex-hack-moved-to-uniswap/", "image_url": "https://crypto.snapi.dev/images/v1/h/u/ascendex-hack-110112.jpg", "title": "Over $1.5 Million of ETH From the AscendEx Hack Moved to Uniswap", "text": "The hackers behind the AscendEx attack have started to move some of the stolen assets to Uniswap.", "source_name": "CryptoPotato", "date": "Fri, 18 Feb 2022 07:08:44 -0500", "topics": [], "sentiment": "Negative", "type": "Article", "tickers": ["UNI", "ETH"]}, {"news_url": "https://coinidol.com/ethereum-2855-support/", "image_url": "https://crypto.snapi.dev/images/v1/e/3/687b277cbf19cceca93a117174eaf57d-110109.jpg", "title": "Ethereum Retraces to $2,855 Support as Buyers Recoup for a Fresh Uptrend", "text": "Ethereum (ETH) has fallen after buyers failed to keep it above the $3,200 resistance level. The largest altcoin is slumping as the price falls below the moving averages. Ether has fallen into the bearish trend zone. The bears will try to sink the altcoin in the downtrend zone.", "source_name": "Coin Idol", "date": "Fri, 18 Feb 2022 07:00:00 -0500", "topics": [], "sentiment": "Positive", "type": "Article", "tickers": ["ETH"]}, {"news_url": "https://www.theblockcrypto.com/post/134725/federal-reserve-bitcoin-senator-cynthia-lummis-comments", "image_url": "https://crypto.snapi.dev/images/v1/y/i/20210630-senator-cynthia-lummis-800x450-110101.png", "title": "US senator Cynthia Lummis: The Federal Reserve should buy bitcoin", "text": "Cynthia Lummis, US Senator from the Wyoming state, said the Federal Reserve should hold bitcoin on its balance sheet. The post US senator Cynthia Lummis: The Federal Reserve should buy bitcoin appeared first on The Block.", "source_name": "The Block", "date": "Fri, 18 Feb 2022 06:44:47 -0500", "topics": ["regulations"], "sentiment": "Positive", "type": "Article", "tickers": ["BTC"]}, {"news_url": "https://www.financemagnates.com/cryptocurrency/news/336-xrp-addresses-hold-at-least-10-million-coins/", "image_url": "https://crypto.snapi.dev/images/v1/7/e/xrp-id-68bbbf0e-a5b3-4b17-980e-49592a85a6ac-size900-110096.jpg", "title": "336 XRP Addresses Hold at Least 10 Million Coins", "text": "Long-term XRP holders have survived the recent market dip without selling their digital assets. In fact, the data from crypto analytics firm Santiment, shows that a major accumulation move is happening on the XRP network.", "source_name": "FinanceMagnates", "date": "Fri, 18 Feb 2022 06:43:00 -0500", "topics": [], "sentiment": "Neutral", "type": "Article", "tickers": ["XRP"]}, {"news_url": "https://cryptoslate.com/whats-behind-bitcoins-sudden-plunge-to-40000/", "image_url": "https://crypto.snapi.dev/images/v1/n/4/bitcoin-plunge-40k-110085.jpg", "title": "What's behind Bitcoin's sudden plunge to $40,000?", "text": "Thursday saw a renewed decline for Bitcoin as the leading cryptocurrency plunged to $40,090. The post What's behind Bitcoin's sudden plunge to $40,000?", "source_name": "CryptoSlate", "date": "Fri, 18 Feb 2022 06:31:15 -0500", "topics": [], "sentiment": "Negative", "type": "Article", "tickers": ["BTC"]}, {"news_url": "https://en.cryptonomist.ch/2022/02/18/intel-ceo-bitcoin-mining-climate-crisis/", "image_url": "https://crypto.snapi.dev/images/v1/l/4/bitcoin-climate-change-300x200-110091.jpg", "title": "Intel CEO sees Bitcoin mining as a climate crisis", "text": "He explicitly stated this during an interview with Bloomberg, but it is just propaganda", "source_name": "The Cryptonomist", "date": "Fri, 18 Feb 2022 06:31:01 -0500", "topics": ["mining"], "sentiment": "Negative", "type": "Article", "tickers": ["BTC"]}, {"news_url": "https://cointelegraph.com/news/fidelity-analyst-bitcoin-price-up-down-debate-mostly-noise-watch-network-s-apple-esque-growth", "image_url": "https://crypto.snapi.dev/images/v1/p/s/840-ahr0chm6ly9zmy5jb2ludgvszwdyyxbolmnvbs91cgxvywrzlziwmjitmdivodrjnjmzzwityju2zi00ngjkltg0mzktzwfhmdvlytvmzjhjlmpwzw-110083.jpg", "title": "Fidelity analyst: Bitcoin price up-down debate 'mostly noise,' watch network's Apple-esque growth", "text": "The number of users on the Bitcoin network keeps growing higher, serving as reminiscent of tech giant Apple's growth to date.", "source_name": "Cointelegraph", "date": "Fri, 18 Feb 2022 06:25:00 -0500", "topics": [], "sentiment": "Positive", "type": "Article", "tickers": ["BTC"]}, {"news_url": "https://coingape.com/?p=101155", "image_url": "https://crypto.snapi.dev/images/v1/7/x/ripple-110075.jpg", "title": "Breaking: Ripple Community Clamors For Elon Musk To Join In Their Fight Against The SEC", "text": "The regulatory activities of the SEC have renewed calls for market participants to oppose the agency. Supporters of Ripple have urged Elon Musk to join forces with them to fight against the securities regulator.", "source_name": "Coingape", "date": "Fri, 18 Feb 2022 06:09:03 -0500", "topics": ["regulations"], "sentiment": "Neutral", "type": "Article", "tickers": ["XRP"]}, {"news_url": "https://coingape.com/?p=101140", "image_url": "https://crypto.snapi.dev/images/v1/q/p/sec-vs-ripple-1-min-110074.jpg", "title": "Ripple Vs SEC: What's SEC New Motion All About?", "text": "SEC vs Ripple lawsuit has come to its edge where every next step will define the future of the XRP token or regulation policies made by the government. In this bid, the SEC has filed a motion regarding the drafts of Bill Hinman's June 2018 speech depicting his views that \u2018Ether was not a security.", "source_name": "Coingape", "date": "Fri, 18 Feb 2022 06:07:32 -0500", "topics": ["regulations"], "sentiment": "Neutral", "type": "Article", "tickers": ["XRP"]}, {"news_url": "https://blockonomi.com/zest-protocol-guide/", "image_url": "https://crypto.snapi.dev/images/v1/v/v/zest-1024x682-110072.jpg", "title": "\u200b\u200bZest Protocol: Makes Passive Income With Bitcoin Easy", "text": "Zest Protocol is here to provide access to sustainable Bitcoin yield, for liquidity providers, through its lending pools. An on-chain Bitcoin capital market for institutional borrowers, Zest allows opportunities for on-chain financing, without the constant threat of liquidation.", "source_name": "Blockonomi", "date": "Fri, 18 Feb 2022 06:05:00 -0500", "topics": [], "sentiment": "Neutral", "type": "Article", "tickers": ["BTC"]}, {"news_url": "https://beincrypto.com/bitcoin-miners-china-hash-rate-hits-all-time-high/", "image_url": "https://crypto.snapi.dev/images/v1/k/j/bic-artwork-cryptocurrency-mining-hardware-110080.jpg", "title": "Bitcoin Miners Don't Need China, Hash Rate Hits All-Time High", "text": "The Bitcoin network has hit an all-time high in terms of hash rate which has now surpassed the highs it had when China dominated for mining and hash power. The post Bitcoin Miners Don't Need China, Hash Rate Hits All-Time High appeared first on BeInCrypto.", "source_name": "BeInCrypto", "date": "Fri, 18 Feb 2022 06:02:50 -0500", "topics": ["mining"], "sentiment": "Positive", "type": "Article", "tickers": ["BTC"]}, {"news_url": "https://cryptopotato.com/fidelity-director-explains-will-bitcoin-price-will-continue-increasing-compares-btc-to-apple/", "image_url": "https://crypto.snapi.dev/images/v1/l/r/apple-btc-cover-110071.jpg", "title": "Fidelity Director Explains Will Bitcoin Price Will Continue Increasing, Compares BTC to Apple", "text": "Despite being \"different animals,\" bitcoin might copy Apple's market expansion and price increase in the years to follow, Jurrien Timmer maintained.", "source_name": "CryptoPotato", "date": "Fri, 18 Feb 2022 06:02:37 -0500", "topics": [], "sentiment": "Positive", "type": "Article", "tickers": ["BTC"]}, {"news_url": "https://www.theblockcrypto.com/post/134643/the-scoop-mining-report-with-wolfie-zhao-how-bitcoin-mining-companies-have-initiated-new-power-capacities-in-2022", "image_url": "https://crypto.snapi.dev/images/v1/1/k/2021-mining-report-cover-16x9-800x450-110069.jpg", "title": "The Scoop Mining Report with Wolfie Zhao: How Bitcoin mining companies have initiated new power capacities in 2022", "text": "The Block's Frank Chaparro and Research Mining analyst Wolfie Zhao discuss the state of mining in North America, which is steadily growing its market dominance with the state of Texas rising to be the new global hub for Bitcoin mining. The post The Scoop Mining Report with Wolfie Zhao: How Bitcoin mining companies have initiated new power capacities in 2022 appeared first on The Block.", "source_name": "The Block", "date": "Fri, 18 Feb 2022 06:00:33 -0500", "topics": ["mining"], "sentiment": "Neutral", "type": "Article", "tickers": ["BTC"]}, {"news_url": "https://www.cryptopolitan.com/solana-price-analysis-2022-02-18/", "image_url": "https://crypto.snapi.dev/images/v1/w/u/sol-6-110065.jpg", "title": "Solana price analysis: SOL gains bullish momentum at $95", "text": "TL;DR Breakdown Solana price analysis is bearish today. Strong resistance present at $120.", "source_name": "Cryptopolitan", "date": "Fri, 18 Feb 2022 05:48:14 -0500", "topics": ["tanalysis"], "sentiment": "Positive", "type": "Article", "tickers": ["SOL"]}, {"news_url": "https://cryptopotato.com/crypto-price-analysis-feb-18-ethereum-ripple-binance-coin-cardano-and-polygon/", "image_url": "https://crypto.snapi.dev/images/v1/z/1/img1-cryptopost-1-110064.jpg", "title": "Crypto Price Analysis Feb-18: Ethereum, Ripple, Binance Coin, Cardano, and Polygon", "text": "This week, we take a closer look at Ethereum, Ripple, Binance Coin, Cardano, and Polygon. Ethereum (ETH) The last two days were not easy for ETH as the price corrected back to the critical support at $2,800, falling almost 5% in the past seven days.", "source_name": "CryptoPotato", "date": "Fri, 18 Feb 2022 05:45:12 -0500", "topics": ["tanalysis"], "sentiment": "Neutral", "type": "Article", "tickers": ["ADA", "BNB", "ETH", "MATIC", "XRP"]}, {"news_url": "https://markets.businessinsider.com/news/currencies/crypto-market-bitcoin-price-ethereum-altcoins-russia-us-ukraine-tension-2022-2", "image_url": "https://crypto.snapi.dev/images/v1/x/o/620f7230462ff20019c59f64formatjpeg-110092.jpg", "title": "Bitcoin and ethereum lead sell-off in cryptocurrencies as Russia-Ukraine tensions continue to dampen spirits", "text": "Bitcoin and cryptocurrencies broadly were in the red on Friday as worries about a Russian invasion of Ukraine persisted, despite the prospect of diplomatic talks.", "source_name": "Business Insider", "date": "Fri, 18 Feb 2022 05:32:00 -0500", "topics": [], "sentiment": "Negative", "type": "Article", "tickers": ["BTC", "ETH"]}, {"news_url": "https://www.dailyfx.com/forex/market_alert/2022/02/18/Bitcoin-BTC-Update-Ukraine-Joins-Russia-in-Legalizing-Bitcoin-RS.html", "image_url": "https://crypto.snapi.dev/images/v1/p/g/crypto3-110067.jpg", "title": "Bitcoin (BTC) Update: Ukraine Joins Russia in Legalizing Bitcoin", "text": "Ukraine's parliament adopted a law that legalizes and regulates cryptocurrency just a few weeks after Russia did the same.", "source_name": "DailyFX", "date": "Fri, 18 Feb 2022 05:30:00 -0500", "topics": [], "sentiment": "Positive", "type": "Article", "tickers": ["BTC"]}, {"news_url": "https://www.cryptopolitan.com/polkadot-price-analysis-2022-02-18/", "image_url": "https://crypto.snapi.dev/images/v1/v/k/polkadot-price-analysis-2022-02-06-1-110057.png", "title": "Polkadot Price Analysis: DOT/USD set to break lower in the next 24 hours", "text": "TL;DR Breakdown Polkadot price analysis is bearish today 14 moving averages show sell signal. The $20.46 mark still pose a major hurdle for Polkadot breakout On the technical analysis, meanwhile, the DOT/USD pair faces a lot of sell recommendations.", "source_name": "Cryptopolitan", "date": "Fri, 18 Feb 2022 05:26:31 -0500", "topics": ["tanalysis"], "sentiment": "Negative", "type": "Article", "tickers": ["DOT"]}, {"news_url": "https://www.coindesk.com/business/2022/02/18/hackers-behind-ascendex-breach-move-15m-ether-to-uniswap/", "image_url": "https://crypto.snapi.dev/images/v1/i/s/nidawgrwkfft7nqjfwjpir6ewu-110061.jpg", "title": "Hackers Behind AscendEX Breach Move $1.5M Ether to Uniswap", "text": "Security research firm PeckShield points to on-chain data that shows 516 ether is on the move", "source_name": "Coindesk", "date": "Fri, 18 Feb 2022 05:26:00 -0500", "topics": [], "sentiment": "Negative", "type": "Article", "tickers": ["ETH", "UNI"]}, {"news_url": "https://markets.businessinsider.com/news/currencies/bitcoin-price-prediction-crypto-kevin-oleary-shark-tank-regulation-institutions-2022-2", "image_url": "https://crypto.snapi.dev/images/v1/s/d/620f68ddf0b06900185e7b95formatjpeg-110078.jpg", "title": "'Shark Tank' investor Kevin O'Leary says bitcoin won't hit $300,000 until institutions are comfortable buying the crypto", "text": "\"If you want to talk about bitcoin going to $100,000, $200,000, $300,000, it's going to be when institutions can finally buy it,\" O'Leary said.", "source_name": "Business Insider", "date": "Fri, 18 Feb 2022 05:17:00 -0500", "topics": ["institutions"], "sentiment": "Neutral", "type": "Article", "tickers": ["BTC"]}, {"news_url": "https://coinidol.com/ripple-0-75-support-level/", "image_url": "https://crypto.snapi.dev/images/v1/1/w/d915fe753e69408673526b4f485d2ece-110056.jpg", "title": "Ripple Sustains Recent Rallies as Bulls Defend $0.75 Support Level", "text": "For the past week, the price of Ripple (XRP) has consistently been on an uptrend. The altcoin has been fluctuating between support at $0.75 and resistance at $0.90.", "source_name": "Coin Idol", "date": "Fri, 18 Feb 2022 05:08:00 -0500", "topics": ["tanalysis"], "sentiment": "Positive", "type": "Article", "tickers": ["XRP"]}, {"news_url": "https://en.cryptonomist.ch/2022/02/18/morgan-stanley-thinks-bitcoin-better-than-ethereum/", "image_url": "https://crypto.snapi.dev/images/v1/i/y/bitcoin-ethereum-morgan-stanley-300x200-110060.jpg", "title": "Morgan Stanley thinks Bitcoin is better than Ethereum", "text": "A recent report by the American investment bank considers Ethereum to be less decentralized and less convenient in the long run than Bitcoin", "source_name": "The Cryptonomist", "date": "Fri, 18 Feb 2022 05:04:15 -0500", "topics": [], "sentiment": "Neutral", "type": "Article", "tickers": ["BTC"]}, {"news_url": "https://coingape.com/?p=101149", "image_url": "https://crypto.snapi.dev/images/v1/c/h/xrp-logo-featured-110055.png", "title": "Ripple (XRP) Price Prediction: XRP Hovers Near $0.80, Bulls Keep Eye On 200 EMA", "text": "Ripple (XRP) price edges higher after the previous day's sell-off. The move is primarily sponsored by the improved risk appetite among investors after Russia withdraws troops.", "source_name": "Coingape", "date": "Fri, 18 Feb 2022 04:57:15 -0500", "topics": [], "sentiment": "Positive", "type": "Article", "tickers": ["XRP"]}, {"news_url": "https://en.cryptonomist.ch/2022/02/18/bitcoin-etf-becomes-political-issue-us/", "image_url": "https://crypto.snapi.dev/images/v1/g/c/etf-bitcoin-usa-300x200-110054.jpg", "title": "Bitcoin ETFs becomes a political issue in the US", "text": "The back-and-forth between Minnesota Congressman and the SEC Chairman", "source_name": "The Cryptonomist", "date": "Fri, 18 Feb 2022 04:51:08 -0500", "topics": [], "sentiment": "Neutral", "type": "Article", "tickers": ["BTC"]}, {"news_url": "https://invezz.com/news/2022/02/18/ukraine-parliament-approves-bill-legalizing-bitcoin-btc-amid-russia-tensions/", "image_url": "https://crypto.snapi.dev/images/v1/2/m/ukraine-cbdc-stellar-740x416-110053.jpg", "title": "Ukraine parliament approves bill legalizing Bitcoin (BTC) amid Russia tensions", "text": "The Ukrainian parliament has passed a bill that legalizes all cryptocurrencies. The passing of this bill comes amidst growing tensions with Russia. Recently, Russia also recognized Bitcoin and other cryptocurrencies as currencies. Ukrainian parliament legalizes crypto The Ukrainian parliament has passed the Virtual Assets Bill. The bill terms cryptocurrencies as virtual assets, and they will [\u2026] The post Ukraine parliament approves bill legalizing Bitcoin (BTC) amid Russia tensions appeared first on Invezz.", "source_name": "Invezz", "date": "Fri, 18 Feb 2022 04:50:29 -0500", "topics": [], "sentiment": "Positive", "type": "Article", "tickers": ["BTC"]}, {"news_url": "https://cryptopotato.com/crypto-markets-lost-130b-in-a-day-as-bitcoin-dumped-to-a-2-week-low-market-watch/", "image_url": "https://crypto.snapi.dev/images/v1/s/r/bitcoinred-1-110048.jpg", "title": "Crypto Markets Lost $130B in a Day as Bitcoin Dumped to a 2-Week Low (Market Watch)", "text": "The cryptocurrency market cap is down by $130 billion in a day as bitcoin and most of the altcoins nosedived.", "source_name": "CryptoPotato", "date": "Fri, 18 Feb 2022 04:39:00 -0500", "topics": [], "sentiment": "Negative", "type": "Article", "tickers": ["BTC"]}, {"news_url": "https://cointelegraph.com/news/here-are-the-btc-price-levels-to-watch-with-bitcoin-hanging-on-40k-cliff", "image_url": "https://crypto.snapi.dev/images/v1/c/v/840-ahr0chm6ly9zmy5jb2ludgvszwdyyxbolmnvbs91cgxvywrzlziwmjitmdivnzk2nmiyytitywq1my00ogywlwiwnzytowvhmju1zdk2yjaxlmpwzw-110050.jpg", "title": "Here are the BTC price levels to watch with Bitcoin 'hanging on $40K cliff'", "text": "$38,000 could be the next stop in a downward move, but equal faith lies in $32,000 being the definitive floor.", "source_name": "Cointelegraph", "date": "Fri, 18 Feb 2022 04:38:20 -0500", "topics": [], "sentiment": "Neutral", "type": "Article", "tickers": ["BTC"]}, {"news_url": "https://decrypt.co/93154/nft-trading-slow-down-falling-ethereum-gas-fees", "image_url": "https://crypto.snapi.dev/images/v1/s/g/gas-ethereum-tokens-gid-6-110044.jpeg", "title": "You Can Thank NFTs for Falling Ethereum Gas Prices", "text": "Ethereum gas fees are finally in decline. The simmering of the red-hot Ethereum NFT market is the best reason why.", "source_name": "Decrypt", "date": "Fri, 18 Feb 2022 04:10:06 -0500", "topics": ["NFT"], "sentiment": "Negative", "type": "Article", "tickers": ["ETH"]}, {"news_url": "https://beincrypto.com/bitcoin-btc-falls-40000-support-third-rejection-45000/", "image_url": "https://crypto.snapi.dev/images/v1/g/y/bic-btc-price-drop-bearjpgoptimal-110045.jpg", "title": "Bitcoin (BTC) Falls Back to $40,000 Support After Third Rejection from $45,000", "text": "Bitcoin fell sharply on Feb 17 and briefly traded below $40,000. However, it has bounced since and is attempting to hold on to its bullish structure.", "source_name": "BeInCrypto", "date": "Fri, 18 Feb 2022 04:05:36 -0500", "topics": [], "sentiment": "Negative", "type": "Article", "tickers": ["BTC"]}, {"news_url": "https://u.today/xrp-faces-second-largest-accumulation-in-5-years?SNAPI", "image_url": "https://crypto.snapi.dev/images/v1/g/4/12764-110043.jpg", "title": "XRP Faces Second Largest Accumulation in 5 Years", "text": "XRP whales are stacking up amid cryptocurrency market correction", "source_name": "UToday", "date": "Fri, 18 Feb 2022 04:03:00 -0500", "topics": [], "sentiment": "Neutral", "type": "Article", "tickers": ["XRP"]}, {"news_url": "https://invezz.com/news/2022/02/18/ethereum-eth-whale-addresses-now-hold-2b-worth-of-shiba-inu-shib/", "image_url": "https://crypto.snapi.dev/images/v1/q/y/where-to-buy-shiba-inu-shib-coin-1-110040.jpg", "title": "Ethereum (ETH) whale addresses now hold $2B worth of Shiba Inu (SHIB)", "text": "Shiba Inu continues to make headlines despite the market dips across the cryptocurrency market. Whale addresses on the Ethereum network have been increasing their meme coin holdings and now hold more than $2 billion worth of Shiba Inu (SHIB/USD). Ethereum whales accumulating SHIB Data from WhaleStats shows that the top 1000 whales on the Ethereum [\u2026] The post Ethereum (ETH) whale addresses now hold $2B worth of Shiba Inu (SHIB) appeared first on Invezz.", "source_name": "Invezz", "date": "Fri, 18 Feb 2022 03:51:35 -0500", "topics": ["whales"], "sentiment": "Neutral", "type": "Article", "tickers": ["ETH", "SHIB"]}, {"news_url": "https://coingape.com/?p=101111", "image_url": "https://crypto.snapi.dev/images/v1/m/2/ripple-sec-110039.webp", "title": "Ripple Vs SEC: Court To Unseal SEC Memos Publicly Today; Why Wait Is Worth It?", "text": "The mystery behind the \u2018two sealed memos' in the SEC vs Ripple lawsuit continues. Not just Ripple and XRP's community but the entire crypto circle was eagerly waiting for the revelation.", "source_name": "Coingape", "date": "Fri, 18 Feb 2022 03:40:23 -0500", "topics": ["regulations"], "sentiment": "Neutral", "type": "Article", "tickers": ["XRP"]}, {"news_url": "https://en.cryptonomist.ch/2022/02/18/texas-poised-to-become-the-worlds-bitcoin-mining-hub/", "image_url": "https://crypto.snapi.dev/images/v1/h/w/texas-mining-300x200-110051.jpg", "title": "Texas poised to become the world's Bitcoin mining hub", "text": "The US state has become the world's leading cryptocurrency mining hub after China's ban and appears primed for further growth", "source_name": "The Cryptonomist", "date": "Fri, 18 Feb 2022 03:31:39 -0500", "topics": ["mining"], "sentiment": "Positive", "type": "Article", "tickers": ["BTC"]}, {"news_url": "https://coingape.com/?p=101113", "image_url": "https://crypto.snapi.dev/images/v1/k/6/bitcoin-1234-1200x840-1-110036.jpeg", "title": "Bitcoin Sinks 7% As Russia-Ukraine Tensions Rise; On-Chain Data Remains Bullish", "text": "Most major cryptocurrencies fell sharply on Friday, with Bitcoin trading around two-week lows as concerns over a Russian invasion of Ukraine pushed traders into safe-haven assets. The world's largest cryptocurrency lost more than 7% over the past 24 hours, trading around $40,700, according to data from CoinGecko.", "source_name": "Coingape", "date": "Fri, 18 Feb 2022 03:30:46 -0500", "topics": [], "sentiment": "Negative", "type": "Article", "tickers": ["BTC"]}, {"news_url": "https://coinpedia.org/bitcoin/heres-why-50k-is-on-horizon-for-bitcoin-btc-price/", "image_url": "https://crypto.snapi.dev/images/v1/9/u/crypto20-110034.jpg", "title": "Here's Why $50k Is On Horizon For Bitcoin (BTC) Price?", "text": "The crypto bleeds red again today as bulls fail to take control of the steering. BTC tardes down by 3.6% around $42K. ETH has slid below $3K trading at $2989. All the other tokens on the chart too follow the trend as they shed gains in a fast pace. Bitcoin Price Action Bitcoin's (BTC) price \u2026", "source_name": "CoinPedia", "date": "Fri, 18 Feb 2022 03:27:35 -0500", "topics": [], "sentiment": "Neutral", "type": "Article", "tickers": ["BTC"]}, {"news_url": "https://u.today/ripple-doesnt-oppose-unsealing-legal-memos?SNAPI", "image_url": "https://crypto.snapi.dev/images/v1/s/i/5942-110033.jpg", "title": "Ripple Doesn't Oppose Unsealing Legal Memos", "text": "Legal memos, which are going to be unsealed today, could mark a pivotal moment in the Ripple v. SEC case", "source_name": "UToday", "date": "Fri, 18 Feb 2022 03:21:00 -0500", "topics": [], "sentiment": "Neutral", "type": "Article", "tickers": ["XRP"]}, {"news_url": "https://coinpedia.org/price-analysis/ethereum-to-hit-this-level-by-year-end-eth-price-primed-for-2x/", "image_url": "https://crypto.snapi.dev/images/v1/n/o/crypto19-110030.jpg", "title": "Ethereum To Hit This Level By Year End, ETH Price Primed For 2x ! Here Are Levels to Watch", "text": "Ever since the beginning of 2022, the market sentiments have turned extremely uncertain as the upcoming move is becoming more and more unpredictable. While Bitcoin & Ethereum price was expected to hit $45,000 and $3,500 respectively, yet another pullback dragged the price below the support levels. Currently, the ETH price is hovering just below these \u2026", "source_name": "CoinPedia", "date": "Fri, 18 Feb 2022 03:06:32 -0500", "topics": [], "sentiment": "Neutral", "type": "Article", "tickers": ["ETH"]}, {"news_url": "https://dailyhodl.com/2022/02/18/bitcoin-btc-will-rally-dramatically-when-this-happens-according-to-shark-tank-star-kevin-oleary/", "image_url": "https://crypto.snapi.dev/images/v1/2/j/bitcoin-will-rally-dramaticallyjpgfit10242c600ssl1-110041.jpg", "title": "Bitcoin (BTC) Will Rally Dramatically When This Happens, According to Shark Tank Star Kevin O'Leary", "text": "Shark Tank star and billionaire investor Kevin O'Leary is predicting that Bitcoin (BTC) will surge in value once regulatory clarity is in place. In a new Stansberry Research interview, O'Leary says that Bitcoin could appreciate by several multiples from the current price once institutional investors are allowed to purchase crypto assets. \u201cAt some point in [\u2026] The post Bitcoin (BTC) Will Rally Dramatically When This Happens, According to Shark Tank Star Kevin O'Leary appeared first on The Daily Hodl.", "source_name": "The Daily Hodl", "date": "Fri, 18 Feb 2022 03:04:34 -0500", "topics": [], "sentiment": "Neutral", "type": "Article", "tickers": ["BTC"]}, {"news_url": "https://www.bitcoinmarketjournal.com/subreddits-for-bitcoin-and-blockchain-investors/", "image_url": "https://crypto.snapi.dev/images/v1/p/3/20220127-best-subreddits-for-bitcoin-and-blockchain-investors-600-x-400-110338.png", "title": "Best Subreddits for Bitcoin and Blockchain Investors, Rated and Reviewed for 2022", "text": "For investors, \u201cDYOR\u201d stands for \u201cDo Your Own Research.\u201d There are plenty of places to research new crypto investments (including our own Bitcoin Market Journal), and one of those places is the popular social media site Reddit. The post Best Subreddits for Bitcoin and Blockchain Investors, Rated and Reviewed for 2022 appeared first on Bitcoin Market Journal.", "source_name": "Bitcoin Market Journal", "date": "Fri, 18 Feb 2022 03:00:02 -0500", "topics": [], "sentiment": "Neutral", "type": "Article", "tickers": ["BTC"]}, {"news_url": "https://coinpedia.org/ripple/sec-now-a-threat-to-its-stance-against-ripple/", "image_url": "https://crypto.snapi.dev/images/v1/n/p/crypto18-110029.jpg", "title": "Are The Claims Of The SEC Now A Threat To Its Stance Against Ripple? Are XRP Whales Accumulating For A $3 Run?", "text": "\u00a0\u00a0The crypto town's biggest lawsuit, which revolves around Ripple has come across another notable event. As The defendants file a letter of them not opposing the unsealing of the legal memos in their entirety. While on the other hand, the SEC files a motion for reconsideration and clarification of Magistrate Judge Netburn's DPP ruling. The \u2026", "source_name": "CoinPedia", "date": "Fri, 18 Feb 2022 02:57:26 -0500", "topics": ["whales", "regulations"], "sentiment": "Negative", "type": "Article", "tickers": ["XRP"]}, {"news_url": "https://coinmarketcap.com/alexandria/article/crypto-news-feb-18-why-bitcoin-is-seeing-red", "image_url": "https://crypto.snapi.dev/images/v1/w/0/8df8778de3594d56b5b91c25b49d983f-110026.jpg", "title": "Crypto News, Feb. 18: Why Bitcoin is Seeing Red", "text": "Also today, Morgan Stanley sets out the risks facing Ethereum... and Melania Trump launches a new NFT collection.", "source_name": "CoinMarketCap", "date": "Fri, 18 Feb 2022 02:54:23 -0500", "topics": [], "sentiment": "Negative", "type": "Article", "tickers": ["BTC"]}, {"news_url": "https://beincrypto.com/interest-rate-hike-great-bitcoin-price-pantera-capital-ceo/", "image_url": "https://crypto.snapi.dev/images/v1/t/4/bic-artwork-sport-btcjpgoptimal-110025.jpg", "title": "Interest Rate Hike \u2018Great' for Bitcoin Price, Says Pantera Capital CEO", "text": "Pantera Capital CEO Dan Morehead said that an increase in interest rates would not be \"really that bad\" for bitcoin (BTC), a proxy for the crypto industry. The post Interest Rate Hike \u2018Great' for Bitcoin Price, Says Pantera Capital CEO appeared first on BeInCrypto.", "source_name": "BeInCrypto", "date": "Fri, 18 Feb 2022 02:41:30 -0500", "topics": [], "sentiment": "Positive", "type": "Article", "tickers": ["BTC"]}, {"news_url": "https://coinmarketcap.com/alexandria/article/bitcoin-drops-to-40-000-as-ukraine-fears-grow", "image_url": "https://crypto.snapi.dev/images/v1/m/c/bitcoin-g4948101a8-1280-109641-110024.jpg", "title": "Bitcoin Drops to $40,000 as Ukraine Fears Grow", "text": "In other developments, a report by Yahoo! Finance suggests that an executive order relating to digital assets is imminent \u2014 and could be released as early as next week.", "source_name": "CoinMarketCap", "date": "Fri, 18 Feb 2022 02:39:45 -0500", "topics": [], "sentiment": "Negative", "type": "Article", "tickers": ["BTC"]}, {"news_url": "https://coinmarketcap.com/alexandria/article/morgan-stanley-reveals-biggest-risks-facing-ethereum", "image_url": "https://crypto.snapi.dev/images/v1/m/u/ethereum-price-analysis-2022-02-15-109025-109428-110023.png", "title": "Morgan Stanley Reveals Biggest Risks Facing Ethereum", "text": "While the top 100 Ether addresses hold 39% of ETH's supply, the top 100 Bitcoin addresses hold just 14% of BTC's supply. Volatility is another concern.", "source_name": "CoinMarketCap", "date": "Fri, 18 Feb 2022 02:38:38 -0500", "topics": [], "sentiment": "Negative", "type": "Article", "tickers": ["ETH"]}, {"news_url": "https://coinmarketcap.com/alexandria/article/bitcoin-and-stock-market-will-decouple-soon", "image_url": "https://crypto.snapi.dev/images/v1/8/p/crypto18-108482-108936-109333-109627-110021.jpg", "title": "Bitcoin and Stock Market 'Will Decouple Soon'", "text": "Dan Morehead says digital assets will become more attractive as the Federal Reserve moves to increase interest rates from next month.", "source_name": "CoinMarketCap", "date": "Fri, 18 Feb 2022 02:35:25 -0500", "topics": [], "sentiment": "Neutral", "type": "Article", "tickers": ["BTC"]}, {"news_url": "https://coingape.com/?p=101104", "image_url": "https://crypto.snapi.dev/images/v1/h/3/bitcoin-110017.jpeg", "title": "Despite Bitcoin (BTC) Slipping Under $41,000; Active Users Are Growing", "text": "In the last 24-hours, Bitcoin has slipped another 7% with the BTC price crashing all the way to $40,650 levels as of press time. Bitcoin and the broader crypto market continue to show strong volatility amid macro effects striking in such as the fear of rising interest rates and the Russia-Ukraine crisis.", "source_name": "Coingape", "date": "Fri, 18 Feb 2022 01:44:51 -0500", "topics": [], "sentiment": "Neutral", "type": "Article", "tickers": ["BTC"]}, {"news_url": "https://u.today/fidelity-exec-compares-bitcoin-to-apple?SNAPI", "image_url": "https://crypto.snapi.dev/images/v1/z/a/12763-110016.jpg", "title": "Fidelity Exec Compares Bitcoin to Apple", "text": "Bitcoin and Apple might be completely different animals, but they follow a similar path, according to Jurrien Timmer, director of global macro at investment giant Fidelity", "source_name": "UToday", "date": "Fri, 18 Feb 2022 01:41:00 -0500", "topics": [], "sentiment": "Neutral", "type": "Article", "tickers": ["BTC"]}, {"news_url": "https://coinpedia.org/altcoin/analyst-maps-next-levels-for-btc-and-hbar-price/", "image_url": "https://crypto.snapi.dev/images/v1/v/l/crypto16-110015.jpg", "title": "Analyst Maps Next Levels For BTC and HBAR Price!", "text": "Bitcoin's price has started to fall again after a brief period of stability near $44,800. A breach below the $42,000 support level occurred. Ethereum followed a similar pattern and began a new downward trend from the $3,185 resistance level. A well-known analyst is arguing for an enterprise-grade altcoin that focuses on security and regulatory compliance \u2026", "source_name": "CoinPedia", "date": "Fri, 18 Feb 2022 01:31:51 -0500", "topics": [], "sentiment": "Neutral", "type": "Article", "tickers": ["BTC", "HBAR"]}, {"news_url": "https://coinpedia.org/bitcoin/bitcoin-btc-price-might-drop-below-30k-if-history-repeats-heres-why/", "image_url": "https://crypto.snapi.dev/images/v1/c/b/crypto15-110012.jpg", "title": "Bitcoin (BTC) Price Might Drop Below $30k If History Repeats ! Here's Why?", "text": "Bitcoin has been on a downward trend recently, and after several recoveries, it is still far from its all-time high. A variety of indicators indicate bullish and bearish tendencies, although they mostly appear to be in the center.\u00a0 The fractal was first noticed by CryptoBullet, an independent market watcher, and depicts Bitcoin replicating an inverse \u2026", "source_name": "CoinPedia", "date": "Fri, 18 Feb 2022 01:00:22 -0500", "topics": [], "sentiment": "Negative", "type": "Article", "tickers": ["BTC"]}, {"news_url": "https://beincrypto.com/bitcoin-btc-on-chain-analysis-reserve-risk-buy-signal/", "image_url": "https://crypto.snapi.dev/images/v1/p/w/bic-artwork-create-btcjpgoptimal-110011.jpg", "title": "Bitcoin (BTC) On-Chain Analysis: Reserve Risk Flashes Buy Signal", "text": "BeInCrypto takes a look at the Reserve Risk on-chain indicator and its components, in order to determine if the current BTC is oversold. The post Bitcoin (BTC) On-Chain Analysis: Reserve Risk Flashes Buy Signal appeared first on BeInCrypto.", "source_name": "BeInCrypto", "date": "Fri, 18 Feb 2022 00:49:32 -0500", "topics": [], "sentiment": "Negative", "type": "Article", "tickers": ["BTC"]}, {"news_url": "https://www.newsbtc.com/analysis/eth/ethereum-drops-to-2850/", "image_url": "https://crypto.snapi.dev/images/v1/p/z/shutterstock-277833551-110010.jpg", "title": "TA: Ethereum Drops To Key Support, Why ETH Remains At Risk", "text": "Ethereum extended decline below the $3,000 support against the US Dollar. ETH price tested the $2,850 support, below which it could nosedive.", "source_name": "NewsBTC", "date": "Fri, 18 Feb 2022 00:48:29 -0500", "topics": ["tanalysis"], "sentiment": "Negative", "type": "Article", "tickers": ["ETH"]}, {"news_url": "https://cointelegraph.com/news/bitcoin-difficulty-reaches-all-time-high-hash-rate-up-45-in-6-months", "image_url": "https://crypto.snapi.dev/images/v1/3/2/840-ahr0chm6ly9zmy5jb2ludgvszwdyyxbolmnvbs91cgxvywrzlziwmjitmdivm2q2yznmotetzmy3ni00mjg2ltg4mjgtytaxztrjyzk1mtbjlmpwzw-110009.jpg", "title": "Bitcoin difficulty reaches all-time high, hash rate up 45% in 6 months", "text": "The Bitcoin network has hit another all-time high in terms of difficulty as competition between miners intensifies.", "source_name": "Cointelegraph", "date": "Fri, 18 Feb 2022 00:35:00 -0500", "topics": [], "sentiment": "Positive", "type": "Article", "tickers": ["BTC"]}, {"news_url": "https://coinpedia.org/price-analysis/bitcoinbtc-price-yet-again-slips-to-40k/", "image_url": "https://crypto.snapi.dev/images/v1/c/3/crypto13-110007.jpg", "title": "Bitcoin(BTC) Price Yet Again Slips to $40K, Will the Altseason End Before It Starts?", "text": "Bitcoin price has yet again trembled down drastically with a huge margin. The asset which had recovered finely above $45,000 is now feared to drain below the bearish support levels around $38,000. Now while many look at the recent dump as yet another correction or a minor pullback, immense possibilities of continuing with plunge hovers \u2026", "source_name": "CoinPedia", "date": "Thu, 17 Feb 2022 23:45:27 -0500", "topics": [], "sentiment": "Negative", "type": "Article", "tickers": ["BTC"]}, {"news_url": "https://cryptonews.com/news/bitcoin-nears-usd-40k-ethereum-below-usd-3k-altcoins-red.htm", "image_url": "https://crypto.snapi.dev/images/v1/l/q/mark-basarab-y421kxluoqk-unsplash-109640-110005.jpg", "title": "Bitcoin Nears USD 40K, Ethereum Below USD 3K, Altcoins in Red", "text": "Bitcoin price started a stronger decline after it failed to stay above the USD 42,500 support zone. BTC even declined below USD 41,200 and traded close to USD 40,000. It is currently (04:18 UTC) correcting losses near USD 40,700, but the bears might be active near USD 41,200.", "source_name": "Cryptonews", "date": "Thu, 17 Feb 2022 23:34:00 -0500", "topics": [], "sentiment": "Negative", "type": "Article", "tickers": ["BTC", "ETH"]}, {"news_url": "https://www.cryptopolitan.com/bitcoin-ethereum-xrp-and-chainlink-daily-price-analyses-17-february-roundup/", "image_url": "https://crypto.snapi.dev/images/v1/c/e/roundup-v2-1-2-110004.png", "title": "Bitcoin, Ethereum, XRP, and Chainlink Daily Price Analyses \u2013 17 February Roundup", "text": "TL;DR Breakdown The global market cap continues to recede as it loses 6.53% in 24 hours. Bitcoin suffers a huge change in its value while losing 7.32% in 24 hours.", "source_name": "Cryptopolitan", "date": "Thu, 17 Feb 2022 23:01:37 -0500", "topics": [], "sentiment": "Negative", "type": "Article", "tickers": ["BTC", "ETH", "LINK", "XRP"]}, {"news_url": "https://bitcoinmagazine.com/markets/on-chain-bitcoin-market-cycle-indicators", "image_url": "https://crypto.snapi.dev/images/v1/4/y/img-6101-110000.png", "title": "What Are On-Chain Cycle Indicators Telling Us About The Bitcoin Market?", "text": "Looking at current bitcoin market values over historical percentiles to show when the market is bottomed, topped or neutral.", "source_name": "Bitcoin Magazine", "date": "Thu, 17 Feb 2022 22:30:00 -0500", "topics": [], "sentiment": "Neutral", "type": "Article", "tickers": ["BTC"]}, {"news_url": "https://www.newsbtc.com/analysis/btc/bitcoin-dives-to-40k-2/", "image_url": "https://crypto.snapi.dev/images/v1/4/e/depositphotos-183063862-s-2019-1-109999.jpg", "title": "TA: Bitcoin Dives To $40K, What Could Trigger More Downsides", "text": "Bitcoin started a fresh decline below the $43,000 support against the US Dollar. BTC declined sharply to $40,000 and might continue to move down.", "source_name": "NewsBTC", "date": "Thu, 17 Feb 2022 22:28:16 -0500", "topics": ["tanalysis"], "sentiment": "Negative", "type": "Article", "tickers": ["BTC"]}, {"news_url": "https://cointelegraph.com/news/ethereum-dominance-may-dwindle-as-competitors-emerge-morgan-stanley", "image_url": "https://crypto.snapi.dev/images/v1/u/x/840-ahr0chm6ly9zmy5jb2ludgvszwdyyxbolmnvbs91cgxvywrzlziwmjitmdivndewnwq3odatnzqzmc00n2rklwfmmgutmte4mte2mwzkzmnilmpwzw-109997.jpg", "title": "Ethereum dominance may dwindle as competitors emerge: Morgan Stanley", "text": "\u201cEthereum demand is tied more closely to transactions. Therefore, similar scaling constraints hurt Ethereum demand more than they suppress Bitcoin demand,\u201d Morgan Stanley's report reads.", "source_name": "Cointelegraph", "date": "Thu, 17 Feb 2022 22:05:31 -0500", "topics": [], "sentiment": "Negative", "type": "Article", "tickers": ["ETH"]}, {"news_url": "https://news.bitcoin.com/us-lawmakers-introduce-bill-mitigate-risks-from-el-salvador-adopting-bitcoin-legal-tender/", "image_url": "https://crypto.snapi.dev/images/v1/v/c/us-bill-109996.jpg", "title": "US Lawmakers Introduce Bill to Mitigate Risks From El Salvador Adopting Bitcoin as Legal Tender", "text": "Several U.S. lawmakers have introduced a bill to mitigate the risks from El Salvador adopting bitcoin as legal tender. \u201cEl Salvador recognizing bitcoin as official currency opens the door for money laundering cartels and undermines U.S. interests,\u201d said a U.S. senator. US Concerned About Risks From El Salvador's Bitcoin Law The U.S. Senate Committee on [\u2026]", "source_name": "Bitcoin", "date": "Thu, 17 Feb 2022 22:00:13 -0500", "topics": ["regulations"], "sentiment": "Negative", "type": "Article", "tickers": ["BTC"]}, {"news_url": "https://www.benzinga.com/markets/cryptocurrency/22/02/25707859/bitcoin-ethereum-dogecoin-drop-sharply-along-with-other-risk-assets-but-mines-are-buzzing-?SNAPI", "image_url": "https://crypto.snapi.dev/images/v1/v/7/vadim-artyukhin-9nqyylznnyk-unsplash-2-0-109993.jpg", "title": "Bitcoin, Ethereum, Dogecoin Drop Sharply Along With Other 'Risk' Assets \u2014 But Mines Are Buzzing Like Never Before", "text": "Bitcoin and other major coins traded sharply lower Thursday evening as the global cryptocurrency market cap decreased 0.8% to $2 trillion.", "source_name": "Benzinga", "date": "Thu, 17 Feb 2022 20:59:00 -0500", "topics": ["mining"], "sentiment": "Negative", "type": "Article", "tickers": ["BTC", "DOGE", "ETH"]}, {"news_url": "https://news.bitcoin.com/berkshire-hathaways-charlie-munger-government-should-ban-bitcoin-calls-crypto-venereal-disease/", "image_url": "https://crypto.snapi.dev/images/v1/j/x/munger-109988.jpg", "title": "Berkshire Hathaway's Charlie Munger Says Government Should Ban Bitcoin \u2014 Calls Crypto \u2018Venereal Disease'", "text": "Berkshire Hathaway Vice Chairman Charlie Munger, Warren Buffett's right-hand man, wishes crypto would be banned immediately. He says the government made \u201ca huge mistake\u201d to allow cryptocurrencies, like bitcoin. \u201cIt's like a venereal disease,\u201d he opined. Charlie Munger Says \u2018It Was a Huge Mistake' to Allow Crypto at All Charlie Munger, Warren Buffett's right-hand man [\u2026]", "source_name": "Bitcoin", "date": "Thu, 17 Feb 2022 20:00:49 -0500", "topics": [], "sentiment": "Negative", "type": "Article", "tickers": ["BTC"]}, {"news_url": "https://bitcoinmagazine.com/culture/why-should-i-care-about-bitcoin", "image_url": "https://crypto.snapi.dev/images/v1/b/i/bitcoin-price-7-109482-109830-109989.jpg", "title": "Why Should I Care About Bitcoin?", "text": "The layman's guide to understanding the cryptographic revolution taking place on the Bitcoin blockchain.", "source_name": "Bitcoin Magazine", "date": "Thu, 17 Feb 2022 20:00:00 -0500", "topics": [], "sentiment": "Neutral", "type": "Article", "tickers": ["BTC"]}, {"news_url": "https://cointelegraph.com/news/bitcoin-bulls-scramble-to-defend-40-000-as-the-crypto-market-sell-off-intensifies", "image_url": "https://crypto.snapi.dev/images/v1/t/b/840-ahr0chm6ly9zmy5jb2ludgvszwdyyxbolmnvbs91cgxvywrzlziwmjitmdivogzjnzqyyzytndeyyi00zjywlthmmjktmtkxywi5mze2zjzjlmpwzw-109987.jpg", "title": "Bitcoin bulls scramble to defend $40,000 as the crypto market sell-off intensifies", "text": "BTC and altcoins were hit by another round of selling as analysts say a worsening macroeconomic climate threatens to push Bitcoin price below $40,000.", "source_name": "Cointelegraph", "date": "Thu, 17 Feb 2022 19:58:15 -0500", "topics": [], "sentiment": "Negative", "type": "Article", "tickers": ["BTC"]}, {"news_url": "https://www.cryptopolitan.com/ukraine-legalizes-bitcoin-and-all-crypto/", "image_url": "https://crypto.snapi.dev/images/v1/5/i/1-million-holders-25-109985.png", "title": "Ukraine legalizes Bitcoin and other cryptocurrencies", "text": "TL;DR Breakdown Ukraine has passed a bill to legalize all cryptocurrencies.\u00a0 All cryptocurrency usage, trading, and investment will now be legal in the country.", "source_name": "Cryptopolitan", "date": "Thu, 17 Feb 2022 19:39:12 -0500", "topics": [], "sentiment": "Positive", "type": "Article", "tickers": ["BTC"]}, {"news_url": "https://bitcoinmagazine.com/culture/questions-about-bitcoin-legal-tender-in-us", "image_url": "https://crypto.snapi.dev/images/v1/s/0/bitcoins-political-breakthrough-raises-questions-about-its-regulatory-futurearizona-109983.png", "title": "Bitcoin's Political Breakthrough Raises Questions About Its Regulatory Future", "text": "With state legislators attempting to recognize bitcoin as legal tender in the U.S., we've entered a new, uncharted phase of adoption.", "source_name": "Bitcoin Magazine", "date": "Thu, 17 Feb 2022 19:30:00 -0500", "topics": ["regulations"], "sentiment": "Negative", "type": "Article", "tickers": ["BTC"]}, {"news_url": "https://bitcoinmagazine.com/business/bitcoin-and-russia-regulations", "image_url": "https://crypto.snapi.dev/images/v1/2/l/law-109979.png", "title": "Bitcoin And Russia's Regulatory Drive: Nothing To Cheer On", "text": "While some welcome proposed regulation in Russia, further examination unveils a panopticon framework that challenges the fundamentals of Bitcoin.", "source_name": "Bitcoin Magazine", "date": "Thu, 17 Feb 2022 19:00:00 -0500", "topics": ["regulations"], "sentiment": "Negative", "type": "Article", "tickers": ["BTC"]}, {"news_url": "https://decrypt.co/93193/solana-monkey-business-monkedao-battling-over-future", "image_url": "https://crypto.snapi.dev/images/v1/d/h/solana-monkey-business-nfts-gid-7-109966.png", "title": "Monkey Business: Why Solana NFT Project SMB and Its DAO Are Battling Over Its Future", "text": "Solana Monkey Business developers and a collective of owners are embroiled in a dispute\u2014and the DAO members could split away.", "source_name": "Decrypt", "date": "Thu, 17 Feb 2022 18:38:19 -0500", "topics": ["NFT"], "sentiment": "Neutral", "type": "Article", "tickers": ["SOL"]}, {"news_url": "https://bitcoinmagazine.com/business/stattrak-launches-bitcoin-rewards-for-fantasy-esports-with-zebedee-partnership", "image_url": "https://crypto.snapi.dev/images/v1/v/x/video-game-vr-109965.png", "title": "Stattrak Launches Bitcoin Rewards For Fantasy Esports With ZEBEDEE Partnership", "text": "Esports fantasy league mobile platform Stattrak teams up with bitcoin gaming company ZEBEDEE to launch BTC rewards.", "source_name": "Bitcoin Magazine", "date": "Thu, 17 Feb 2022 18:35:15 -0500", "topics": [], "sentiment": "Positive", "type": "Article", "tickers": ["BTC"]}, {"news_url": "https://dailyhodl.com/2022/02/17/kraken-ceo-jesse-powell-still-bullish-on-bitcoin-says-use-cases-for-btc-are-getting-stronger-everyday/", "image_url": "https://crypto.snapi.dev/images/v1/j/e/kraken-bullish-on-bitcoinjpgfit10242c600ssl1-109977.jpg", "title": "Kraken CEO Jesse Powell Still Bullish on Bitcoin, Says Use Cases for BTC Are Getting Stronger Everyday", "text": "Kraken cryptocurrency exchange CEO Jesse Powell says the prevailing global political and economic climate is demonstrating the importance of Bitcoin (BTC). Powell says in a Bloomberg interview that he is bullish on Bitcoin despite the flagship cryptocurrency failing to hit $100,000 in 2021. \u201cI'm still bullish on the price you know. A lot of us [\u2026] The post Kraken CEO Jesse Powell Still Bullish on Bitcoin, Says Use Cases for BTC Are Getting Stronger Everyday appeared first on The Daily Hodl.", "source_name": "The Daily Hodl", "date": "Thu, 17 Feb 2022 18:05:33 -0500", "topics": ["regulations"], "sentiment": "Positive", "type": "Article", "tickers": ["BTC"]}, {"news_url": "https://dailyhodl.com/2022/02/17/social-media-giant-twitter-adds-leading-altcoin-ethereum-eth-to-tipping-feature/", "image_url": "https://crypto.snapi.dev/images/v1/o/t/twitter-adds-ethereumjpgfit10242c600ssl1-109978.jpg", "title": "Social Media Giant Twitter Adds Leading Altcoin Ethereum (ETH) to Tipping Feature", "text": "Social networking titan Twitter says it is expanding the crypto assets and payments platforms compatible with its new tipping feature. In a new announcement, Twitter tells its 6,900,000 followers that it will now be incorporating wallet addresses associated with top altcoin Ethereum (ETH) into its tipping feature. The social media giant says it will also [\u2026] The post Social Media Giant Twitter Adds Leading Altcoin Ethereum (ETH) to Tipping Feature appeared first on The Daily Hodl.", "source_name": "The Daily Hodl", "date": "Thu, 17 Feb 2022 18:01:52 -0500", "topics": [], "sentiment": "Positive", "type": "Article", "tickers": ["ETH"]}, {"news_url": "https://bitcoinist.com/twitter-adds-ethereum-option-to-tipping-feature/", "image_url": "https://crypto.snapi.dev/images/v1/3/j/ethereum-640x360-109963.jpeg", "title": "Ethereum Dominance Will Go Down As Competitors Emerge, Says Morgan Stanley", "text": "Global investment bank Morgan Stanley has released thoughts around leading smart contract platform Ethereum. In a recently published note titled \u201cCryptocurrency 201: What Is Ethereum?", "source_name": "Bitcoinist", "date": "Thu, 17 Feb 2022 18:00:48 -0500", "topics": [], "sentiment": "Negative", "type": "Article", "tickers": ["ETH"]}, {"news_url": "https://www.newsbtc.com/news/bitcoin/bitcoin-dominance-drops-to-42-as-price-declines-below-43000/", "image_url": "https://crypto.snapi.dev/images/v1/o/0/bitcoin-3-109962.jpeg", "title": "Bitcoin Dominance Drops To 42% As Price Declines Below $43,000", "text": "Bitcoin has continued its descent towards $40,000 proving that the reversal was only temporary. While there is not enough to rule out another recovery, the current trend does point to more downside before the digital asset can find its footing and recover above $44K.", "source_name": "NewsBTC", "date": "Thu, 17 Feb 2022 18:00:45 -0500", "topics": [], "sentiment": "Negative", "type": "Article", "tickers": ["BTC"]}, {"news_url": "https://www.cryptoglobe.com/latest/2022/02/on-chain-analyst-may-have-found-the-first-ever-bitcoin-btc-bear/", "image_url": "https://crypto.snapi.dev/images/v1/4/1/hans-veth-ccfbwusgh-s-unsplash-109961.jpg", "title": "On-Chain Analyst May Have Found the \u2018First Ever' Bitcoin ($BTC) Bear", "text": "Matthew Hyland, an on-chain analyst who also does technical cryptocurrency analysis, has recently tweeted out he \u201cmight have found the first ever\u201d Bitcoin ($BTC) bear, sharing a screenshot from the Bitcointalk forums where a user claims BTC isn't \u201cgoing ot make it beyond $3.\u201d The screenshot shows a message dating back to October 2011, when [\u2026]", "source_name": "CryptoGlobe", "date": "Thu, 17 Feb 2022 17:50:00 -0500", "topics": [], "sentiment": "Negative", "type": "Article", "tickers": ["BTC"]}, {"news_url": "https://www.forbes.com/sites/billybambrough/2022/02/17/russia-ukraine-crisis-sparks-200-billion-crypto-price-crash-with-bitcoin-ethereum-bnb-solana-cardano-and-xrp-suddenly-in-free-fall/", "image_url": "https://crypto.snapi.dev/images/v1/m/m/russia-ukraine-crisis-sparks-200-billion-crypto-price-crash-with-bitcoin-ethereum-bnb-solana-cardano-and-xrp-suddenly-in-free-fall-109960.jpg", "title": "Russia-Ukraine Crisis Sparks $200 Billion Crypto Price Crash With Bitcoin, Ethereum, BNB, Solana, Cardano And XRP Suddenly In Free Fall", "text": "The bitcoin and crypto price crash comes alongside a stock market plunge sparked by comments made by U.S. president Joe Biden that Russia could invade Ukraine in a matter of days...", "source_name": "Forbes", "date": "Thu, 17 Feb 2022 17:45:10 -0500", "topics": [], "sentiment": "Negative", "type": "Article", "tickers": ["ADA", "BNB", "BTC", "ETH", "SOL", "XRP"]}, {"news_url": "https://bitcoinmagazine.com/markets/ukraine-legalizes-bitcoin", "image_url": "https://crypto.snapi.dev/images/v1/l/v/ukraine2-109959.png", "title": "Ukraine Legalizes Bitcoin", "text": "The country's parliament backed in final reading an updated bill to legalize bitcoin and cryptocurrencies.", "source_name": "Bitcoin Magazine", "date": "Thu, 17 Feb 2022 17:41:28 -0500", "topics": [], "sentiment": "Positive", "type": "Article", "tickers": ["BTC"]}, {"news_url": "https://ambcrypto.com/ethereum-defi-user-numbers-reveal-this-truth-about-the-success-of-ethereum-adoption/", "image_url": "https://crypto.snapi.dev/images/v1/h/f/shubham-dhage-v0vjjyyfjog-unsplash-2-109958.jpg", "title": "Ethereum DeFi user numbers reveal this truth about the success of Ethereum adoption", "text": "When looking at 2021 in crypto, experts and analysts often use the term \u201cDeFi boom.\u201d What's more, as the top alt, Ethereum is often touted as being the driving force behind said boom.", "source_name": "AMBCrypto", "date": "Thu, 17 Feb 2022 17:30:37 -0500", "topics": [], "sentiment": "Positive", "type": "Article", "tickers": ["ETH"]}, {"news_url": "https://decrypt.co/93191/bitcoin-ethereum-top-coins-fall-crypto-market-down", "image_url": "https://crypto.snapi.dev/images/v1/z/q/bear-market-red-gid-2-109957.jpg", "title": "Bitcoin, Ethereum and Other Top Coins Fall as Crypto Market Stumbles", "text": "Much of the market is red right now amid geopolitical tension and increased law enforcement scrutiny on crypto.", "source_name": "Decrypt", "date": "Thu, 17 Feb 2022 17:24:42 -0500", "topics": [], "sentiment": "Negative", "type": "Article", "tickers": ["BTC", "ETH", "DOT", "FIL", "SHIB", "SOL", "THETA"]}, {"news_url": "https://coingape.com/?p=101098", "image_url": "https://crypto.snapi.dev/images/v1/g/q/morgan-stanley-bitcoin-btc-109954.jpg", "title": "Morgan Stanley Pinpoints The Advantages Bitcoin Has Over Ethereum", "text": "Bitcoin continues to be the pinnacle of decentralization in the crypto industry. Morgan Stanley, a multinational banking and investment giant, is the latest to affirm this.", "source_name": "Coingape", "date": "Thu, 17 Feb 2022 17:05:50 -0500", "topics": [], "sentiment": "Neutral", "type": "Article", "tickers": ["BTC", "ETH"]}, {"news_url": "https://www.benzinga.com/markets/cryptocurrency/22/02/25702323/bitcoin-may-start-heating-up-if-it-can-hold-this-key-level?SNAPI", "image_url": "https://crypto.snapi.dev/images/v1/c/l/bitcoinexecutium-lta5b8mpytw-unsplash-109953.jpg", "title": "Bitcoin May Start Heating Up If It Can Hold This Key Level", "text": "Bitcoin (CRYPTO: BTC) is trading lower Thursday and will need to see a bounce off a key level. The crypto is trading in a sideways channel and has fallen to the $40,000 support level.", "source_name": "Benzinga", "date": "Thu, 17 Feb 2022 16:53:00 -0500", "topics": [], "sentiment": "Neutral", "type": "Article", "tickers": ["BTC"]}, {"news_url": "https://thecurrencyanalytics.com/bitcoin/if-bitcoin-btc-is-a-risk-asset-why-own-it-at-all-real-risk-is-inflation-39029.php", "image_url": "https://crypto.snapi.dev/images/v1/a/c/if-bitcoin-btc-is-a-risk-asset-why-own-it-at-all-real-risk-is-inflation-109950.jpg", "title": "If Bitcoin (BTC) is a Risk asset Why Own it at all Real Risk is Inflation", "text": "Catch up on the latest crypto market news at The Currency Analytics. Peter Schiff Shared: Now that geopolitical risks have abated, investors are selling safe-haven assets like gold, and buying very risky\u2026 The post If Bitcoin (BTC) is a Risk asset Why Own it at all Real Risk is Inflation appeared first on Cryptocurrency News.", "source_name": "The Currency Analytics", "date": "Thu, 17 Feb 2022 16:39:04 -0500", "topics": [], "sentiment": "Negative", "type": "Article", "tickers": ["BTC"]}, {"news_url": "https://www.youtube.com/watch?v=f-jjn2PHR7c", "image_url": "https://crypto.snapi.dev/images/v1/1/w/first-bitcoin-now-eth-twitter-adds-ethereum-wallet-support-to-tipping-109951.jpg", "title": "First Bitcoin, Now Eth; Twitter Adds Ethereum Wallet Support to Tipping", "text": "Ethereum wallet addresses are now in the mix for Twitter-native tipping after the social media giant aded bitcoin tips back in September. The move follows Twitter's continued exploration of the Ethereum and Web 3 ecosystem after the departure of Jack Dorsey.", "source_name": "Coindesk", "date": "Thu, 17 Feb 2022 16:27:12 -0500", "topics": [], "sentiment": "Neutral", "type": "Video", "tickers": ["BTC", "ETH"]}, {"news_url": "https://investorplace.com/2022/02/solana-and-the-crypto-market-is-at-vladimir-putins-mercy/", "image_url": "https://crypto.snapi.dev/images/v1/i/e/crypto9-109947.jpg", "title": "Solana (And the Crypto Market) Is at Vladimir Putin's Mercy", "text": "Although Solana is backed by impressive blockchain technologies, that's no match for Russian President Vladimir Putin's influence.", "source_name": "Investorplace", "date": "Thu, 17 Feb 2022 16:05:23 -0500", "topics": [], "sentiment": "Neutral", "type": "Article", "tickers": ["SOL"]}, {"news_url": "https://dailyhodl.com/2022/02/17/popular-crypto-trader-says-bitcoin-btc-and-ethereum-eth-must-reach-these-levels-to-confirm-bullish-breakouts/", "image_url": "https://crypto.snapi.dev/images/v1/z/u/bitcoin-ethereum-must-reachjpgfit10242c600ssl1-109945.jpg", "title": "Popular Crypto Trader Says Bitcoin (BTC) and Ethereum (ETH) Must Reach These Levels To Confirm Bullish Breakouts", "text": "Crypto analyst Justin Bennett is analyzing recent chart action for the top two crypto assets, naming the levels they must reach to confirm bullish breakouts. In the latest issue of his Cryptocademy newsletter, Bennett says that as long as Bitcoin (BTC) can hold the $40,000 support level, then reaching $50,000 is possible for the leading [\u2026] The post Popular Crypto Trader Says Bitcoin (BTC) and Ethereum (ETH) Must Reach These Levels To Confirm Bullish Breakouts appeared first on The Daily Hodl.", "source_name": "The Daily Hodl", "date": "Thu, 17 Feb 2022 15:55:26 -0500", "topics": [], "sentiment": "Positive", "type": "Article", "tickers": ["BTC", "ETH"]}, {"news_url": "https://www.benzinga.com/markets/cryptocurrency/22/02/25699087/ukrainian-parliament-gives-the-nod-to-legalize-bitcoin-other-cryptos-amid-escalating-borde?SNAPI", "image_url": "https://crypto.snapi.dev/images/v1/u/g/bitcoin-gb55025aca-1920-10-109944.jpg", "title": "Ukrainian Parliament Gives The Nod to Legalize Bitcoin, Other Cryptos Amid Escalating Border Tensions With Russia", "text": "Fears of a potential war between Ukraine and Russia have thrown the financial markets into disarray. Amid the looming threat, Ukraine has legalized cryptocurrencies in the Eastern European country.", "source_name": "Benzinga", "date": "Thu, 17 Feb 2022 15:45:00 -0500", "topics": [], "sentiment": "Positive", "type": "Article", "tickers": ["BTC"]}, {"news_url": "https://beincrypto.com/risk-market-map-indicates-bitcoin-btc-is-in-the-hodl-area/", "image_url": "https://crypto.snapi.dev/images/v1/y/f/hold-bitcoin-109943.png", "title": "Risk Market Map Indicates Bitcoin (BTC) is in the HODL Area", "text": "Risk Market Map is a new on-chain analysis indicator introduced yesterday by cryptocurrency market analyst @TheRealPlanC. It presents a 10-point risk assessment scale for the Bitcoin (BTC) market.", "source_name": "BeInCrypto", "date": "Thu, 17 Feb 2022 15:42:50 -0500", "topics": [], "sentiment": "Negative", "type": "Article", "tickers": ["BTC"]}, {"news_url": "https://investorplace.com/2022/02/algorand-has-a-high-beta-relative-to-bitcoin-and-could-see-major-growth/", "image_url": "https://crypto.snapi.dev/images/v1/k/0/crypto7-109940.jpg", "title": "Algorand Has a High Beta Relative to Bitcoin and Could See Major Growth", "text": "When Bitcoin drops in price, Algorand drops more. However, the opposite should hold true: When Bitcoin grows, Algorand will grow even more.", "source_name": "Investorplace", "date": "Thu, 17 Feb 2022 15:37:11 -0500", "topics": [], "sentiment": "Positive", "type": "Article", "tickers": ["ALGO", "BTC"]}, {"news_url": "https://u.today/ripple-believes-two-2012-memos-will-bolster-its-case-against-sec?SNAPI", "image_url": "https://crypto.snapi.dev/images/v1/3/g/9291-109939.jpg", "title": "Ripple Believes Two 2012 Memos Will Bolster Its Case Against SEC", "text": "Ripple's Stuart Alderoty believes that the unsealing of legal memos from 2012 will exonerate the defendants", "source_name": "UToday", "date": "Thu, 17 Feb 2022 15:32:00 -0500", "topics": ["regulations"], "sentiment": "Positive", "type": "Article", "tickers": ["XRP"]}, {"news_url": "https://ambcrypto.com/bitcoin-skeptic-v-nubank-stocks-worth-1b-heres-where-berkshire-hathaway-stands/", "image_url": "https://crypto.snapi.dev/images/v1/k/j/towfiqu-barbhuiya-hn2hqoalbck-unsplash-109938.jpg", "title": "Bitcoin skeptic v. Nubank stocks worth $1B \u2013 here's where Berkshire Hathaway stands", "text": "The cryptocurrency market has evolved over the years. At the time of writing, it was valued at more than $2T.", "source_name": "AMBCrypto", "date": "Thu, 17 Feb 2022 15:30:03 -0500", "topics": [], "sentiment": "Neutral", "type": "Article", "tickers": ["BTC"]}, {"news_url": "https://cryptoslate.com/algorand-is-getting-a-bridge-to-ethereum/", "image_url": "https://crypto.snapi.dev/images/v1/i/k/algorand-ethereum-bridge-109930.jpg", "title": "Algorand is getting a bridge to Ethereum", "text": "The Algorand Foundation has awarded Applied Blockchain a grant to develop the London Bridge, a trustless bridge that will connect Algorand with Ethereum. The post Algorand is getting a bridge to Ethereum appeared first on CryptoSlate.", "source_name": "CryptoSlate", "date": "Thu, 17 Feb 2022 15:01:15 -0500", "topics": [], "sentiment": "Neutral", "type": "Article", "tickers": ["ALGO", "ETH"]}, {"news_url": "https://cointelegraph.com/news/bitcoin-traders-say-40k-is-the-line-in-the-sand-after-btc-and-stocks-sell-off", "image_url": "https://crypto.snapi.dev/images/v1/w/i/840-ahr0chm6ly9zmy5jb2ludgvszwdyyxbolmnvbs91cgxvywrzlziwmjitmdivmdbmodyxymmtmtg0ni00zjvjlwewmmmtmwu0yjdiogfjnmixlmpwzw-109931.jpg", "title": "Bitcoin traders say $40K is the \u2018line in the sand' after BTC and stocks sell-off", "text": "BTC price plummeted to $41,750 as global markets, stocks and altcoins corrected in the face of escalating tensions between Russia, the United States and Ukraine.", "source_name": "Cointelegraph", "date": "Thu, 17 Feb 2022 14:57:29 -0500", "topics": [], "sentiment": "Negative", "type": "Article", "tickers": ["BTC"]}, {"news_url": "https://www.coinbureau.com/news/twitter-brings-in-support-for-ethereum-tipping/", "image_url": "https://crypto.snapi.dev/images/v1/i/c/twitterenablesuserstogiveandreceiveethereumtipsnatively-1024x614-109925.jpg", "title": "Twitter Brings in Support for Ethereum Tipping", "text": "Social media titan Twitter has expanded its tipping options to support Ethereum (ETH), the company said in an announcement yesterday. Have you set up Tips on your profile yet so it's easy for people to show their support? Yes: Cool, we've added Paga, Barter by Flutterwave, Paytm, and the option to add your Ethereum address. [\u2026] The post Twitter Brings in Support for Ethereum Tipping appeared first on Coin Bureau.", "source_name": "Coinbureau", "date": "Thu, 17 Feb 2022 14:56:06 -0500", "topics": [], "sentiment": "Positive", "type": "Article", "tickers": ["ETH"]}, {"news_url": "https://www.trustnodes.com/2022/02/17/bitcoin-crashes-7-as-russia-roils-markets", "image_url": "https://crypto.snapi.dev/images/v1/v/w/bitcoin-dives-on-russia-tensions-feb-17-2022-109924.png", "title": "Bitcoin Crashes 7% as Russia Roils Markets", "text": "Bitcoin has fallen by more than $4,000 to $40,800 at one point amid market concerns about increased tensions between Ukraine and Russia that threaten to breakout into all out war.", "source_name": "Trustnodes", "date": "Thu, 17 Feb 2022 14:52:41 -0500", "topics": ["paywall"], "sentiment": "Negative", "type": "Article", "tickers": ["BTC"]}, {"news_url": "https://www.newsbtc.com/news/polkadot-electricity-consumption-is-less-than-solana-bitcoin-and-ethereum/", "image_url": "https://crypto.snapi.dev/images/v1/k/b/ee705c26cee74f3b962238e36ef563be-109921.png", "title": "Polkadot Electricity Consumption Is Less Than Solana, Bitcoin, And Ethereum", "text": "Electricity consumption has been one of the major concerns with the advent of cryptocurrencies especially Polkadot. Though with models running with the Proof-of-Stake (PoS) consensus mechanism, this electricity use seems to be minimal since their process for transaction validations is staking.", "source_name": "NewsBTC", "date": "Thu, 17 Feb 2022 14:47:00 -0500", "topics": [], "sentiment": "Positive", "type": "Article", "tickers": ["DOT"]}, {"news_url": "https://www.fool.com/investing/2022/02/17/why-bitcoin-ethereum-and-dogecoin-plunged-today/", "image_url": "https://crypto.snapi.dev/images/v1/d/p/urlhttps3a2f2fgfoolcdncom2feditorial2fimages2f6667042fbitcoin-falling-apartjpgw700opresize-109923.jpg", "title": "Why Bitcoin, Ethereum, and Dogecoin Plunged Today", "text": "Regulation could be on its way to the crypto market.", "source_name": "The Motley Fool", "date": "Thu, 17 Feb 2022 14:45:51 -0500", "topics": [], "sentiment": "Negative", "type": "Article", "tickers": ["BTC", "DOGE", "ETH"]}, {"news_url": "https://www.dcforecasts.com/bitcoin-news/intel-ceo-called-bitcoin-a-climate-crisis-report/", "image_url": "https://crypto.snapi.dev/images/v1/s/b/patrick-ceo-109919.png", "title": "Intel CEO Called Bitcoin A \u201cClimate Crisis\u201d : Report", "text": "Patrick Gelsinger, the Intel CEO called Bitcoin a \u201cclimate Crisis\u201d with the criticism of bitcoin's environmental impact not stopping for a moment so let's find out more in today's latest Bitcoin news. The Intel CEO took time to promote the latest mining chip that claims to be climate-friendly.", "source_name": "DCForecasts", "date": "Thu, 17 Feb 2022 14:35:38 -0500", "topics": [], "sentiment": "Negative", "type": "Article", "tickers": ["BTC"]}, {"news_url": "https://bitcoinmagazine.com/business/titan-raises-250k-to-grow-its-bitcoin-mining-pool", "image_url": "https://crypto.snapi.dev/images/v1/g/a/titan-pool-will-mine-bitcoin-from-north-america-109918.png", "title": "Titan Raises $250K to Grow Its Bitcoin Mining Pool", "text": "Titan's fresh capital will enable the firm to broaden its bitcoin mining pool's reach as it taps Digital Finance Group's network.", "source_name": "Bitcoin Magazine", "date": "Thu, 17 Feb 2022 14:34:53 -0500", "topics": ["mining"], "sentiment": "Positive", "type": "Article", "tickers": ["BTC"]}, {"news_url": "https://www.coindesk.com/tech/2022/02/17/ethereum-founder-vitalik-buterin-touts-essay-collection-in-ethdenver-talk/", "image_url": "https://crypto.snapi.dev/images/v1/6/f/6f7tbxviirevfc4wbn4vuhryca-109915.jpg", "title": "Ethereum Founder Vitalik Buterin Touts Essay Collection in ETHDenver Talk", "text": "Ethereum's co-founder and figurehead continues his transition to a public intellectual role.", "source_name": "Coindesk", "date": "Thu, 17 Feb 2022 14:22:00 -0500", "topics": [], "sentiment": "Neutral", "type": "Article", "tickers": ["ETH"]}, {"news_url": "https://www.newsbtc.com/news/bitcoin-immersed-to-43000-ether-struggled-to-maintain-3000/", "image_url": "https://crypto.snapi.dev/images/v1/m/c/bitcoin-3-109911.jpg", "title": "Market Update: Bitcoin Immersed To $43,000: Ether Struggled To Maintain $3,000", "text": "The price of Bitcoin fell below $44,000, and many altcoins followed suit. Ethereum struggled to maintain its value around the $3,000 mark while other cryptocurrencies dropped even further, including Cardano, Solana, BNB, and many more.", "source_name": "NewsBTC", "date": "Thu, 17 Feb 2022 14:17:55 -0500", "topics": [], "sentiment": "Negative", "type": "Article", "tickers": ["BTC", "ETH"]}], "total_pages": 39}