{"data": [{"news_url": "https://www.newsbtc.com/news/bitcoin/jpmorgan-puts-bitcoin-at-150000-in-the-long-term-but-what-about-its-fair-value/", "image_url": "https://crypto.snapi.dev/images/v1/u/b/bitcoin-1-107764.jpeg", "title": "JPMorgan Puts Bitcoin At $150,000 In The Long-Term, But What About Its \u2018Fair Value'?", "text": "Bitcoin has been on another recovery trend since this past weekend. It has continued on this path which has seen its balance above $44K.", "source_name": "NewsBTC", "date": "Thu, 10 Feb 2022 18:00:36 -0500", "topics": [], "sentiment": "Positive", "type": "Article", "tickers": ["BTC"]}, {"news_url": "https://bitcoinmagazine.com/technical/against-the-inevitability-of-bitcoin", "image_url": "https://crypto.snapi.dev/images/v1/1/m/why-is-bitcoin-the-most-valuable-cryptocurrency-107763.jpg", "title": "Against The Inevitability Of Bitcoin", "text": "While many accept that the process of hyperbitcoinization is a given, we shouldn't be so ready to revel in our victory.", "source_name": "Bitcoin Magazine", "date": "Thu, 10 Feb 2022 18:00:00 -0500", "topics": [], "sentiment": "Neutral", "type": "Article", "tickers": ["BTC"]}, {"news_url": "https://www.cryptoglobe.com/latest/2022/02/historical-data-suggests-bitcoin-btc-is-could-soon-go-on-a-winning-streak/", "image_url": "https://crypto.snapi.dev/images/v1/v/j/gold-and-red-bitcoin-on-table-107762.jpg", "title": "$BTC: Historical Data Suggests Bitcoin Could Soon Go on a Winning Streak", "text": "Bitcoin's ($BTC) price moving over its 50-day moving average earlier this month suggests that the flagship cryptocurrency has broken its downtrend and is entering another rally, according to a research firm. As first reported by Business Insider, the Bespoke Investment Group has said in a note that the flagship cryptocurrency bitcoin is moving out of [\u2026]", "source_name": "CryptoGlobe", "date": "Thu, 10 Feb 2022 17:50:00 -0500", "topics": [], "sentiment": "Positive", "type": "Article", "tickers": ["BTC"]}, {"news_url": "https://news.bitcoin.com/fitch-ratings-downgrades-el-salvador-deeper-into-junk-status-bitcoin-risks/", "image_url": "https://crypto.snapi.dev/images/v1/m/a/el-salvador-1-107761.jpg", "title": "Fitch Ratings Downgrades El Salvador Deeper Into Junk Status Citing Bitcoin Risks", "text": "One of the largest rating agencies in the U.S., Fitch Ratings, has downgraded El Salvador's long-term default rating deeper into junk status, citing risks from adopting bitcoin as legal tender as a key reason. \u201cThe adoption of bitcoin as legal tender has added uncertainty about the potential for an IMF program that would unlock financing [\u2026]", "source_name": "Bitcoin", "date": "Thu, 10 Feb 2022 17:30:55 -0500", "topics": [], "sentiment": "Negative", "type": "Article", "tickers": ["BTC"]}, {"news_url": "https://decrypt.co/92675/ransomware-payments-bitcoin-crypto-hit-600m-2021-chainalysis", "image_url": "https://crypto.snapi.dev/images/v1/o/s/ransomware-hacker-gid-4-107759.jpg", "title": "Ransomware Payments in Bitcoin and Other Crypto Hit at Least $600M in 2021: Chainalysis", "text": "According to Chainalysis, groups like Darkside and Conti took in a lot of Bitcoin and Monero for ransomware payments.", "source_name": "Decrypt", "date": "Thu, 10 Feb 2022 17:26:18 -0500", "topics": [], "sentiment": "Negative", "type": "Article", "tickers": ["BTC"]}, {"news_url": "https://www.youtube.com/watch?v=wW_l59QX8qo", "image_url": "https://crypto.snapi.dev/images/v1/t/h/bitcoin-breaks-above-40k-resistance-107758.jpg", "title": "Bitcoin Breaks Above $40K Resistance", "text": "New TradingView data reveals bitcoin crossed its 50-day moving average earlier this week at the $42,500 price level and has stayed above it since. Continuation of this price movement would imply strength and set bitcoin for a move toward $49,000 as it sees institutional demand.", "source_name": "Coindesk", "date": "Thu, 10 Feb 2022 17:11:42 -0500", "topics": ["tanalysis"], "sentiment": "Positive", "type": "Video", "tickers": ["BTC"]}, {"news_url": "https://www.newsbtc.com/news/whats-next-for-polkadot-as-the-bears-reappear/", "image_url": "https://crypto.snapi.dev/images/v1/c/2/shutterstock-1827607955-107755.jpg", "title": "What's Next For Polkadot As The Bears Reappear", "text": "Over the last week, Polkadot shot up by 16% pushing DOT to trade at $21.15 at the time of writing. The bullish momentum helped the coin to trade above the $20 support level.", "source_name": "NewsBTC", "date": "Thu, 10 Feb 2022 17:00:38 -0500", "topics": [], "sentiment": "Negative", "type": "Article", "tickers": ["DOT"]}, {"news_url": "https://www.coindesk.com/policy/2022/02/10/meet-aarika-rhodes-the-pro-bitcoin-pro-basic-income-congressional-candidate/", "image_url": "https://crypto.snapi.dev/images/v1/k/i/ngojt5impbfr5jjvskeavvg3iu-107748.jpg", "title": "Meet Aarika Rhodes, the Pro-Bitcoin, Pro-Basic Income Congressional Candidate", "text": "This elementary school teacher is running as a Democrat in Los Angeles County.", "source_name": "Coindesk", "date": "Thu, 10 Feb 2022 16:38:00 -0500", "topics": [], "sentiment": "Neutral", "type": "Article", "tickers": ["BTC"]}, {"news_url": "https://cointelegraph.com/news/analysts-say-bitcoin-s-range-bound-trading-at-a-key-support-level-reflects-a-trend-reversal", "image_url": "https://crypto.snapi.dev/images/v1/t/g/840-ahr0chm6ly9zmy5jb2ludgvszwdyyxbolmnvbs91cgxvywrzlziwmjitmdivy2i2mmrmnditzdrkmi00yjbjlthlymytnmi3ztexzjljmja4lmpwzw-107745.jpg", "title": "Analysts say Bitcoin's range-bound trading at a key support level reflects a trend reversal", "text": "BTC's journey into the $43,000 to $46,000 price range could be another sign that the multi-month correction has ended.", "source_name": "Cointelegraph", "date": "Thu, 10 Feb 2022 16:35:00 -0500", "topics": ["tanalysis"], "sentiment": "Positive", "type": "Article", "tickers": ["BTC"]}, {"news_url": "https://coinmarketcap.com/alexandria/article/bitcoin-hits-45-000-as-inflation-surges-in-the-u-s", "image_url": "https://crypto.snapi.dev/images/v1/q/8/35500ad5678048a6abbdec54bfe3fff7-107742.jpg", "title": "Bitcoin Hits $45,000 as Inflation Surges in the U.S.", "text": "The Consumer Price Index raced to 7.5% in January, accelerating at their fastest pace since 1982.", "source_name": "CoinMarketCap", "date": "Thu, 10 Feb 2022 16:28:31 -0500", "topics": [], "sentiment": "Positive", "type": "Article", "tickers": ["BTC"]}, {"news_url": "https://investorplace.com/2022/02/solana-can-rise-40-thanks-to-its-payment-apps-appealingly-low-fees/", "image_url": "https://crypto.snapi.dev/images/v1/y/g/cardano-1-103564-105835-106496-107734.jpeg", "title": "Solana Can Rise 40% Thanks to Its Payment App's Appealingly Low Fees", "text": "SOL could rise another 40% if its Solana Pay app takes off in the digital payment arena due to its super-low fees.", "source_name": "Investorplace", "date": "Thu, 10 Feb 2022 16:06:22 -0500", "topics": [], "sentiment": "Positive", "type": "Article", "tickers": ["SOL"]}, {"news_url": "https://ambcrypto.com/xrp-tron-chiliz-price-analysis-10-february/", "image_url": "https://crypto.snapi.dev/images/v1/q/p/bitcoin-g1ebd60b64-1280-107732.jpg", "title": "XRP, Tron, Chiliz Price Analysis: 10 February", "text": "With the global crypto market cap re-entering above the $2T-zone, the gap between XRP's EMA ribbons widened. Thus, entailing a heightened bullish vigor.", "source_name": "AMBCrypto", "date": "Thu, 10 Feb 2022 16:00:49 -0500", "topics": ["tanalysis"], "sentiment": "Neutral", "type": "Article", "tickers": ["CHZ", "TRX", "XRP"]}, {"news_url": "https://dailyhodl.com/2022/02/10/bitcoin-whales-exploited-january-weakness-as-ethereums-large-investors-took-profit-crypto-exchange-kraken/", "image_url": "https://crypto.snapi.dev/images/v1/a/a/bitcoin-whales-exploited-janjpgfit10242c600ssl1-107736.jpg", "title": "Bitcoin Whales Exploited January Weakness As Ethereum's Large Investors Took Profit: Crypto Exchange Kraken", "text": "Crypto exchange Kraken says crypto whales took diverging paths regarding their holdings of Bitcoin (BTC) and Ethereum (ETH) during the month of January. In a new report, Kraken first defines whale wallets as holding more than 1,000 BTC or 10,000 ETH, then dives into the data to reveal that while the number of Bitcoin whales [\u2026] The post Bitcoin Whales Exploited January Weakness As Ethereum's Large Investors Took Profit: Crypto Exchange Kraken appeared first on The Daily Hodl.", "source_name": "The Daily Hodl", "date": "Thu, 10 Feb 2022 16:00:36 -0500", "topics": ["whales"], "sentiment": "Negative", "type": "Article", "tickers": ["BTC", "ETH"]}, {"news_url": "https://bitcoinmagazine.com/culture/why-american-farmers-need-bitcoin", "image_url": "https://crypto.snapi.dev/images/v1/q/t/20220210-btcfinalv1-weneedfarmers-107731.png", "title": "We Need Our Farmers, Our Farmers Need Bitcoin", "text": "The backbone of our nation, farmers stand to benefit the most from sovereign money that cannot be diluted or degraded.", "source_name": "Bitcoin Magazine", "date": "Thu, 10 Feb 2022 16:00:00 -0500", "topics": [], "sentiment": "Neutral", "type": "Article", "tickers": ["BTC"]}, {"news_url": "https://dailyhodl.com/2022/02/10/bitcoin-btc-and-ethereum-eth-breakouts-on-the-horizon-according-to-top-crypto-analyst/", "image_url": "https://crypto.snapi.dev/images/v1/l/h/btc-eth-breakouts-horizonjpgfit10242c600ssl1-107737.jpg", "title": "Bitcoin (BTC) and Ethereum (ETH) Breakouts on the Horizon, According to Top Crypto Analyst", "text": "A widely-followed crypto analyst says leading digital assets Bitcoin (BTC) and Ethereum (ETH) are setting up for breakouts. In a new YouTube update, crypto trader Justin Bennett\u00a0tells\u00a0his 9,600 subscribers that Bitcoin is on the verge of a massive reversal. \u201cRight now we have step one of the reversal taking shape. I also want to talk [\u2026] The post Bitcoin (BTC) and Ethereum (ETH) Breakouts on the Horizon, According to Top Crypto Analyst appeared first on The Daily Hodl.", "source_name": "The Daily Hodl", "date": "Thu, 10 Feb 2022 15:55:29 -0500", "topics": [], "sentiment": "Positive", "type": "Article", "tickers": ["BTC", "ETH"]}, {"news_url": "https://ambcrypto.com/bitcoins-ln-and-the-latest-on-strikes-wildly-successful-launch-in-argentina/", "image_url": "https://crypto.snapi.dev/images/v1/q/x/chutipon-pattanatitinon-lg8mt7f7lxq-unsplash-2-107721.jpg", "title": "Bitcoin's LN and the latest on Strike's \u2018wildly successful' launch in Argentina", "text": "Strike made headlines and captured the imagination of even non-crypto users when its API helped power Twitter's venture to bring tips \u2013 and crypto tips \u2013 to people in selected jurisdictions. After about half a year, what's the status on Strike's rollout?", "source_name": "AMBCrypto", "date": "Thu, 10 Feb 2022 15:30:49 -0500", "topics": [], "sentiment": "Neutral", "type": "Article", "tickers": ["BTC"]}, {"news_url": "https://www.cryptopolitan.com/ripple-price-analysis-2022-02-10/", "image_url": "https://crypto.snapi.dev/images/v1/5/c/screenshot-1-1-107720.png", "title": "Ripple price analysis: XRP/USD set to break below $0.8 soon", "text": "TL;DR Breakdown Ripple price analysis is bearish today. XRP/USD is currently trading at $0.87.", "source_name": "Cryptopolitan", "date": "Thu, 10 Feb 2022 15:30:43 -0500", "topics": ["tanalysis"], "sentiment": "Negative", "type": "Article", "tickers": ["XRP"]}, {"news_url": "https://www.youtube.com/watch?v=EVmClIwkngI", "image_url": "https://crypto.snapi.dev/images/v1/s/o/layer-zero-web-3-gavin-wood-on-polkadot-and-the-future-of-the-internet-107714.jpg", "title": "Layer Zero, Web 3: Gavin Wood on Polkadot and the Future of the Internet", "text": "\u201cWeb 3\u201d is not just a buzzword, it is an increasingly important step in the evolution of the internet. That, according to Gavin Wood, founder of Polkadot and the Web3 Foundation, and previously co-founder of Ethereum.", "source_name": "Coindesk", "date": "Thu, 10 Feb 2022 15:07:31 -0500", "topics": [], "sentiment": "Neutral", "type": "Video", "tickers": ["DOT"]}, {"news_url": "https://www.youtube.com/watch?v=9LvM4megmUM", "image_url": "https://crypto.snapi.dev/images/v1/a/1/61d6b64637afc20019ac6eefformatjpeg-107337-107715.jpg", "title": "Bitcoin Holds Above $42k As Major Cryptos Rebound, Web3 Application Builder Aleo Raised $200M", "text": "\"First Mover\" hosts speak to Voyager Digital Co-founder & CEO Steve Ehrlich for an in-depth analysis on the crypto markets as major cryptocurrencies bouncing back. Privacy-focussed Web3 application builder Aleo raised $200 million in a series B funding round at a valuation of about $1.45 billion dollars.", "source_name": "Coindesk", "date": "Thu, 10 Feb 2022 15:07:28 -0500", "topics": [], "sentiment": "Positive", "type": "Video", "tickers": ["BTC"]}, {"news_url": "https://www.youtube.com/watch?v=xnB_hDOWTsQ", "image_url": "https://crypto.snapi.dev/images/v1/x/h/5xjqshuxnvacje6yi4ca7aznn4-107036-107260-107716.jpg", "title": "Bitcoin Breaks $40K For First Time in Two Weeks, Where Is It Headed Next?", "text": "\"All About Bitcoin\" Christine Lee speaks to CoinDesk Tech Managing Editor Christie Harkin and Markets Managing Editor Brad Keoun to review this week's top headlines and look ahead into next week's main events that could move the bitcoin markets. Site: https://www.coindesk.com Twitter: https://www.twitter.com/coindesk LinkedIn: https://www.linkedin.com/company/3104779/admin Instagram: https://www.instagram.com/coindesk Facebook: https://www.facebook.com/CoinDesk Newsletters: https://www.coindesk.com/newsletters CoinDesk Podcast Network: https://open.spotify.com/show/2jyIhkvAQhed8AWDZiPpSP Markets Daily Crypto Roundup: https://open.spotify.com/show/7sDXM8BlxsUqzL2IqmLqwE CoinDesk is the leading digital media, events and information services company for the crypto asset and blockchain technology community.", "source_name": "Coindesk", "date": "Thu, 10 Feb 2022 15:07:26 -0500", "topics": [], "sentiment": "Positive", "type": "Video", "tickers": ["BTC"]}, {"news_url": "https://www.youtube.com/watch?v=ckLBExl1r1c", "image_url": "https://crypto.snapi.dev/images/v1/z/q/quantitatives-io-ja77odldtkc-unsplash-scaled-107313-107717.jpg", "title": "El Salvador Taps AlphaPoint To Fix Chivo Wallet Issues, The Tor Project's Plan for 2022", "text": "\"All About Bitcoin\" host Christine Lee speaks to AlphaPoint CEO & Co-founder Igor Telyatnikov as the company is working to improve crypto infrastructure in El Salvador. Plus, Al Smith, The Tor Project Fundraising Director shares insights into the organization's expansion plan in 2022 after raising nearly $1 million in 2021.", "source_name": "Coindesk", "date": "Thu, 10 Feb 2022 15:07:13 -0500", "topics": [], "sentiment": "Neutral", "type": "Video", "tickers": ["BTC"]}, {"news_url": "https://www.youtube.com/watch?v=jK3yfpnRIm8", "image_url": "https://crypto.snapi.dev/images/v1/q/3/bitcoin-3-gid-4-107407-107719.jpg", "title": "Bitcoin Bouncing Back Despite Sluggish U.S. Jobs Report for January", "text": "\"All About Bitcoin\" host Christine Lee talks to CoinDesk Director of Professional Content Galen Moore about today's top stories moving the bitcoin markets. Site: https://www.coindesk.com Twitter: https://www.twitter.com/coindesk LinkedIn: https://www.linkedin.com/company/3104779/admin Instagram: https://www.instagram.com/coindesk Facebook: https://www.facebook.com/CoinDesk Newsletters: https://www.coindesk.com/newsletters CoinDesk Podcast Network: https://open.spotify.com/show/2jyIhkvAQhed8AWDZiPpSP Markets Daily Crypto Roundup: https://open.spotify.com/show/7sDXM8BlxsUqzL2IqmLqwE CoinDesk is the leading digital media, events and information services company for the crypto asset and blockchain technology community.", "source_name": "Coindesk", "date": "Thu, 10 Feb 2022 15:07:06 -0500", "topics": [], "sentiment": "Positive", "type": "Video", "tickers": ["BTC"]}, {"news_url": "https://www.theblockcrypto.com/linked/133846/ethereum-scaling-startup-optimism-discloses-critical-bug-fix", "image_url": "https://crypto.snapi.dev/images/v1/a/y/211203-ethereum-general2-800x450-107706.jpg", "title": "Ethereum scaling startup Optimism discloses \u2018critical bug' fix", "text": "Developers for the Ethereum scaling project Optimism said Thursday that it patched a \u201ccritical bug\u201d earlier this month. The post Ethereum scaling startup Optimism discloses \u2018critical bug' fix appeared first on The Block.", "source_name": "The Block", "date": "Thu, 10 Feb 2022 14:59:41 -0500", "topics": [], "sentiment": "Positive", "type": "Article", "tickers": ["ETH"]}, {"news_url": "https://bitcoinmagazine.com/markets/legendary-investor-bill-miller-bitcoin-position-is-very-big", "image_url": "https://crypto.snapi.dev/images/v1/v/l/23082021-one-year-since-launch-invictus-capitals-bitcoin-alpha-reaps-benefits-release-image-3-107705.jpg", "title": "Legendary Investor Bill Miller's Bitcoin Position Is \u2018Very Big'", "text": "The man who holds the record for most years outperforming the S&P 500 is deeply invested in bitcoin.", "source_name": "Bitcoin Magazine", "date": "Thu, 10 Feb 2022 14:58:01 -0500", "topics": [], "sentiment": "Positive", "type": "Article", "tickers": ["BTC"]}, {"news_url": "https://investorplace.com/2022/02/7-top-cryptos-to-buy-at-a-50-discount-right-now/", "image_url": "https://crypto.snapi.dev/images/v1/b/i/bitcoin-kpmg-106642-107727.png", "title": "7 Top Cryptos to Buy at a 50% Discount Right Now", "text": "These seven top cryptos could be among the best picks for long-term investors to consider amid this significant dip in the crypto market.", "source_name": "Investorplace", "date": "Thu, 10 Feb 2022 14:53:43 -0500", "topics": [], "sentiment": "Positive", "type": "Article", "tickers": ["ADA", "AXS", "DOT", "ETH", "LTC", "MATIC", "SOL"]}, {"news_url": "https://cryptopotato.com/fitch-downgraded-el-salvadors-rating-citing-bitcoin-adoption-risks/", "image_url": "https://crypto.snapi.dev/images/v1/h/j/fitch-ratings-107701.jpg", "title": "Fitch Downgraded El Salvador's Rating Citing Bitcoin Adoption Risks", "text": "American credit rating agency Fitch Ratings revealed downgrading El Salvador's long-term foreign currency Issuer Default Rating (IDR) to 'CCC' from 'B-.'", "source_name": "CryptoPotato", "date": "Thu, 10 Feb 2022 14:45:08 -0500", "topics": [], "sentiment": "Negative", "type": "Article", "tickers": ["BTC"]}, {"news_url": "https://www.benzinga.com/markets/cryptocurrency/22/02/25545902/why-bitcoin-looks-ready-for-blast-off?SNAPI", "image_url": "https://crypto.snapi.dev/images/v1/g/f/rocketshipbill-jelen-wowf-vj7dns-unsplash-1-107700.jpg", "title": "Why Bitcoin Looks Ready For Blast-Off", "text": "Bitcoin (CRYPTO: BTC) was trading almost 3% higher on Thursday as it attempted to bust up through a resistance area at the $45,814.61 level.", "source_name": "Benzinga", "date": "Thu, 10 Feb 2022 14:36:00 -0500", "topics": [], "sentiment": "Positive", "type": "Article", "tickers": ["BTC"]}, {"news_url": "https://decrypt.co/92529/bitfinex-billion-bitcoin-who-keeps-it", "image_url": "https://crypto.snapi.dev/images/v1/f/s/bitcoin-seized-gid-1-107697.jpeg", "title": "The Feds Just Seized $3.6 Billion in Bitcoin. Who Gets to Keep It?", "text": "Is the U.S. government going to return 94,000 Bitcoins to Bitfinex, a company under multiple investigations? Don't count on it, lawyers say.", "source_name": "Decrypt", "date": "Thu, 10 Feb 2022 14:09:58 -0500", "topics": [], "sentiment": "Neutral", "type": "Article", "tickers": ["BTC"]}, {"news_url": "https://cointelegraph.com/news/strong-bitcoin-and-stocks-rally-position-bulls-for-victory-in-friday-s-860m-options-expiry", "image_url": "https://crypto.snapi.dev/images/v1/8/4/840-ahr0chm6ly9zmy5jb2ludgvszwdyyxbolmnvbs91cgxvywrzlziwmjitmdivymrhoge1zjmtntgzos00zwniltgxnjutmjaznze4zwmxmtjklmpwzw-107696.jpg", "title": "Strong Bitcoin and stocks rally position bulls for victory in Friday's $860M options expiry", "text": "Recent strength in BTC and the recovery in equities markets are boosting investors' confidence and giving bulls the upper hand in Friday's $860 million options expiry.", "source_name": "Cointelegraph", "date": "Thu, 10 Feb 2022 13:58:43 -0500", "topics": [], "sentiment": "Positive", "type": "Article", "tickers": ["BTC"]}, {"news_url": "https://cryptoslate.com/after-bouncing-from-january-lows-bitcoin-tests-45k/", "image_url": "https://crypto.snapi.dev/images/v1/k/2/bitcoin-45k-test-107690.jpg", "title": "After bouncing from January lows, Bitcoin tests $45K", "text": "After beginning the year above $47K, the price of Bitcoin lost more than a quarter of its value as January unraveled, and the cryptocurrency revisited the $33K territory.\u00a0 During the past week, Bitcoin pumped 22% and managed to break the psychological level\u2013 trading north of $45K at the time of writing.", "source_name": "CryptoSlate", "date": "Thu, 10 Feb 2022 13:56:17 -0500", "topics": [], "sentiment": "Positive", "type": "Article", "tickers": ["BTC"]}, {"news_url": "https://www.coindesk.com/markets/2022/02/10/bitcoin-miner-cleanspark-surges-on-plan-to-sell-legacy-energy-business/", "image_url": "https://crypto.snapi.dev/images/v1/u/s/ci64fa54evh4pbrmcqnzmirbgy-107688.jpg", "title": "Bitcoin Miner CleanSpark Surges On Plan To Sell Legacy Energy Business", "text": "BTIG analyst Gregory Lewis expects the sale could help the miner \u201cflip the script\u201d of its growth trajectory.", "source_name": "Coindesk", "date": "Thu, 10 Feb 2022 13:40:00 -0500", "topics": ["mining"], "sentiment": "Positive", "type": "Article", "tickers": ["BTC"]}, {"news_url": "https://www.newsbtc.com/news/bitcoin/bitcoin-steadies-above-45k/", "image_url": "https://crypto.snapi.dev/images/v1/a/a/wwwusnewscom-107682.jpg", "title": "Bitcoin Steadies Above $45k, US Inflation Comes In At 7.5% Year Over Year", "text": "Bitcoin price recovered to within $45k after sliding below $44k as analysts indicated probable swings for the flagship cryptocurrency. The release of US inflation rates seems to have had no effect on the king cryptocurrency.", "source_name": "NewsBTC", "date": "Thu, 10 Feb 2022 13:21:28 -0500", "topics": [], "sentiment": "Positive", "type": "Article", "tickers": ["BTC"]}, {"news_url": "https://beincrypto.com/gold-bitcoin-meta-weekly-overview-february-10/", "image_url": "https://crypto.snapi.dev/images/v1/s/2/bic-meta-crypto-1jpgoptimal-107681.jpg", "title": "Bitcoin, Gold, and Meta: Weekly Overview \u2014 February 10", "text": "BeInCrypto explores this week's price movements for Bitcoin (BTC), gold, and our stock pick - Meta Platforms. The post Bitcoin, Gold, and Meta: Weekly Overview \u2014 February 10 appeared first on BeInCrypto.", "source_name": "BeInCrypto", "date": "Thu, 10 Feb 2022 13:18:31 -0500", "topics": [], "sentiment": "Neutral", "type": "Article", "tickers": ["BTC"]}, {"news_url": "https://www.dcforecasts.com/bitcoin-news/crypto-markets-still-flat-after-bitcoin-saw-institutional-buying/", "image_url": "https://crypto.snapi.dev/images/v1/n/d/840-ahr0chm6ly9zmy5jb2ludgvszwdyyxbolmnvbs91cgxvywrzlziwmjitmdivmme4mgi2mmqtowviys00n2niltkwyzqtn2rmzjvlowu0nwe0lmpwzw-107087-107529-107677.jpg", "title": "Crypto Markets Still Flat After Bitcoin Saw Institutional Buying", "text": "Crypto markets still flat today after Bitcoin saw an institutional buying and the indicators show that the coin is still far from the overbought zone and could run further as per analysts so let's read further in our latest cryptocurrency news. The markets extended their nominal gains on Thursday with the prices of BTC and [\u2026]", "source_name": "DCForecasts", "date": "Thu, 10 Feb 2022 13:11:51 -0500", "topics": ["institutions"], "sentiment": "Neutral", "type": "Article", "tickers": ["BTC"]}, {"news_url": "https://ambcrypto.com/this-is-a-ripple-officials-takeaway-from-the-senate-committee-hearing-on-crypto-assets/", "image_url": "https://crypto.snapi.dev/images/v1/h/1/xrp-coin-106973-107674.jpg", "title": "This is a Ripple official's takeaway from the Senate committee hearing on crypto assets", "text": "Agriculture and crypto don't seem like they have a lot in common, but the Senate Agriculture Committee's hearing on crypto assets triggered strong reactions from crypto stakeholders across the board. While it's hard to define whether the hearing bodes ill or not for investors, a Ripple official has shared their take on the proceedings.", "source_name": "AMBCrypto", "date": "Thu, 10 Feb 2022 13:00:33 -0500", "topics": [], "sentiment": "Neutral", "type": "Article", "tickers": ["XRP"]}, {"news_url": "https://bitcoinist.com/bitcoin-honeymoon-over-nyc-comes-out-proof-of-work/", "image_url": "https://crypto.snapi.dev/images/v1/h/i/btc-mining-640x291-107676.jpeg", "title": "Bitcoin Honeymoon Is Over? NYC Mayor Comes Out Against Proof Of Work", "text": "Per a New York Post report, recently elected NY Mayor Eric Adams has revealed his positions against Bitcoin and crypto mining. The politician run on a campaign that vouched to make the U.S. city a \u201ccenter of cryptocurrency trading\u201d.", "source_name": "Bitcoinist", "date": "Thu, 10 Feb 2022 13:00:16 -0500", "topics": [], "sentiment": "Neutral", "type": "Article", "tickers": ["BTC"]}, {"news_url": "https://cryptodaily.co.uk/2022/02/btc-usd-bulls-looking-to-asset-strength-sally-ho-technical-analysis-11-february-2022-btc-bitcoin", "image_url": "https://crypto.snapi.dev/images/v1/d/l/whats-next-for-bitcoin-prices-after-they-reached-their-highest-in-a-month-106623-106751-107205-107675.jpg", "title": "BTC/USD Bulls Looking to Assert Strength: Sally Ho's Technical Analysis 11 February 2022 BTC", "text": "Bitcoin (BTC/USD) awaited fresh technical sentiment early in today's Asian session as the pair has recently encountered technical resistance after printing at its strongest level since mid-January.\u00a0 One recent area of selling pressure was the 45539.24 area, a move that represented a test of the 50% retracement of the depreciating range from 57670.68 to 31639.47.", "source_name": "Crypto Daily", "date": "Thu, 10 Feb 2022 13:00:00 -0500", "topics": ["tanalysis"], "sentiment": "Positive", "type": "Article", "tickers": ["BTC"]}, {"news_url": "https://dailyhodl.com/2022/02/10/market-sentiment-improves-as-bitcoin-btc-solana-sol-and-cardano-ada-see-institutional-inflows-coinshares/", "image_url": "https://crypto.snapi.dev/images/v1/n/i/market-sentiment-inflowsjpgfit10242c600ssl1-107678.jpg", "title": "Market Sentiment Improves As Bitcoin (BTC), Solana (SOL) and Cardano (ADA) See Institutional Inflows: CoinShares", "text": "Digital asset manager CoinShares says last week's crypto market recovery was accompanied by significant institutional investment inflows for several large digital assets. According to the latest Digital Asset Fund Flows Weekly report, the largest crypto by market cap, Bitcoin (BTC), enjoyed last week's largest share of institutional investments. \u201cBitcoin continues to lead the inflows with [\u2026] The post Market Sentiment Improves As Bitcoin (BTC), Solana (SOL) and Cardano (ADA) See Institutional Inflows: CoinShares appeared first on The Daily Hodl.", "source_name": "The Daily Hodl", "date": "Thu, 10 Feb 2022 12:55:39 -0500", "topics": ["institutions"], "sentiment": "Neutral", "type": "Article", "tickers": ["ADA", "BTC", "SOL"]}, {"news_url": "https://www.cryptopolitan.com/bitcoin-price-analysis-2022-02-10/", "image_url": "https://crypto.snapi.dev/images/v1/p/1/crypto12-107540-107668.jpg", "title": "Bitcoin price analysis: BTC closes in on $46,000, swift breakout to follow?\u00a0", "text": "TL;DR Breakdown Bitcoin price analysis is bullish today. BTC/USD retested $44,000 as support overnight.", "source_name": "Cryptopolitan", "date": "Thu, 10 Feb 2022 12:32:57 -0500", "topics": ["tanalysis"], "sentiment": "Positive", "type": "Article", "tickers": ["BTC"]}, {"news_url": "https://coingape.com/?p=100117", "image_url": "https://crypto.snapi.dev/images/v1/q/0/ethereum-rising-107346-107666.jpg", "title": "Ethereum Price Today: ETH Pauses Near $3,200, Bulls Seek Upside Towards $3,600", "text": "Ethereum price has surpassed the $3,200 psychological level with higher average volumes. After weeks-long consolidation, ETH rallied more than 50% to the recent highs.", "source_name": "Coingape", "date": "Thu, 10 Feb 2022 12:20:12 -0500", "topics": [], "sentiment": "Positive", "type": "Article", "tickers": ["ETH"]}, {"news_url": "https://bitcoinmagazine.com/culture/what-is-the-future-of-international-bitcoin-adoption", "image_url": "https://crypto.snapi.dev/images/v1/o/s/earth-107663.png", "title": "What Is The Future Of International Bitcoin Adoption?", "text": "The \"Bitcoin Bottom Line\" podcast hosts discussed the future of Bitcoin adoption by governments around the world.", "source_name": "Bitcoin Magazine", "date": "Thu, 10 Feb 2022 12:05:23 -0500", "topics": [], "sentiment": "Neutral", "type": "Article", "tickers": ["BTC"]}, {"news_url": "https://www.newsbtc.com/news/ethereum/ethereum-beats-out-walmart-mastercard-to-be-25th-largest-asset-in-the-world/", "image_url": "https://crypto.snapi.dev/images/v1/r/u/ethereum-market-cap-107660.jpeg", "title": "Ethereum Beats Out Walmart, Mastercard To Be 25th Largest Asset In The World", "text": "Ethereum has been up with the recovery in the market, growing as fast as bitcoin in the space. This has seen the market cap of the cryptocurrency rise rapidly.", "source_name": "NewsBTC", "date": "Thu, 10 Feb 2022 12:00:37 -0500", "topics": [], "sentiment": "Positive", "type": "Article", "tickers": ["ETH"]}, {"news_url": "https://www.cryptopolitan.com/ethereum-price-analysis-2022-02-10/", "image_url": "https://crypto.snapi.dev/images/v1/i/d/ethereum-price-analysis-2022-02-10-107659.png", "title": "Ethereum price analysis: ETH briefly tests $3,100, ready to push higher again?", "text": "TL;DR Breakdown Ethereum price analysis is bullish today. Higher high set below $3,300.", "source_name": "Cryptopolitan", "date": "Thu, 10 Feb 2022 11:53:21 -0500", "topics": ["tanalysis"], "sentiment": "Positive", "type": "Article", "tickers": ["ETH"]}, {"news_url": "https://bitcoinist.com/bitcoin-donation-aiding-ukraine-fight-russia/", "image_url": "https://crypto.snapi.dev/images/v1/f/n/shutterstock-697167076-107537-107658.jpg", "title": "Bitcoin Donations Are Aiding Ukraine In Fight Against Russia", "text": "Bitcoin is helping to fund the Ukrainian fight against Russia. The conflict that has been on for a while has continued to rage on.", "source_name": "Bitcoinist", "date": "Thu, 10 Feb 2022 11:50:52 -0500", "topics": [], "sentiment": "Neutral", "type": "Article", "tickers": ["BTC"]}, {"news_url": "https://ambcrypto.com/as-bitcoins-price-dips-along-with-nasdaq-investors-need-to-keep-an-eye-on-this-correlation/", "image_url": "https://crypto.snapi.dev/images/v1/i/h/quantitatives-io-k9ibeseiq04-unsplash-2-107642.jpg", "title": "As Bitcoin's price dips along with Nasdaq, investors need to keep an eye on this correlation", "text": "Meta [formerly Facebook] took a hard hit when it\u00a0lost more than $200 billion in value in a single day. If that wasn't enough, the company's Q4 report confirmed lower earnings per share than expected, as well as lower than estimated daily and monthly active users.", "source_name": "AMBCrypto", "date": "Thu, 10 Feb 2022 11:30:09 -0500", "topics": [], "sentiment": "Negative", "type": "Article", "tickers": ["BTC"]}, {"news_url": "https://cointelegraph.com/news/bitcoin-business-in-france-regulation-education-and-cash-buy-frustration", "image_url": "https://crypto.snapi.dev/images/v1/t/q/840-ahr0chm6ly9zmy5jb2ludgvszwdyyxbolmnvbs91cgxvywrzlziwmjitmdivngjiotazzmqtmzdkos00ytyyltkwzdctyznmmgm3ztk2odm4lmpwzw-107638.jpg", "title": "Bitcoin business in France: Regulation, education and cash buy frustration", "text": "Cointelegraph sat down with the only Bitcoin business in France that allows Bitcoin cash buys, Bitcoin-lyon.", "source_name": "Cointelegraph", "date": "Thu, 10 Feb 2022 11:07:00 -0500", "topics": ["regulations"], "sentiment": "Neutral", "type": "Article", "tickers": ["BTC"]}, {"news_url": "https://www.benzinga.com/markets/cryptocurrency/22/02/25540058/why-bitcoin-and-ethereum-related-stock-marqeta-is-rising?SNAPI", "image_url": "https://crypto.snapi.dev/images/v1/2/z/woman-3373913-1-107639.jpg", "title": "Why Bitcoin- And Ethereum-Related Stock Marqeta Is Rising", "text": "Marqeta Inc (NASDAQ: MQ) shares are trading higher by 11.80% at $12.43 Thursday morning after the company announced it expects to outperform its previously announced fourth-quarter net revenue and adjusted EBITDA guidance and appointed Mike Milotech as its new CFO.", "source_name": "Benzinga", "date": "Thu, 10 Feb 2022 11:05:00 -0500", "topics": [], "sentiment": "Positive", "type": "Article", "tickers": ["BTC", "ETH"]}, {"news_url": "https://coingape.com/?p=99986", "image_url": "https://crypto.snapi.dev/images/v1/p/y/ripple-sec-107636.webp", "title": "XRP Vs SEC: Ripple's Sur-Reply Puts XRP In Driver's Seat Against SEC", "text": "Earlier today Ripple filed its Sur-Reply regarding the SEC's Motion to Strike the Fair Notice Affirmative Defense. Notably, SEC argued that prior lawsuits against crypto companies provided \u201cFair Notice\u201d to Ripple.", "source_name": "Coingape", "date": "Thu, 10 Feb 2022 11:03:42 -0500", "topics": ["regulations"], "sentiment": "Neutral", "type": "Article", "tickers": ["XRP"]}, {"news_url": "https://www.cryptoglobe.com/latest/2022/02/flare-networks-enters-new-partnership-to-expand-defi-offering-with-xrp-doge-and-others/", "image_url": "https://crypto.snapi.dev/images/v1/5/a/caspar-camille-rubin-0qvbnep1y04-unsplash-107632.jpg", "title": "Flare Networks Enters New Partnership to Expand DeFi Offering With $XRP, $DOGE, and Others", "text": "Flare Networks has entered a new partnership with Ola finance, a platform offering customized lending networks, in a bid to further expand the decentralized finance (DeFi) offering it brings to assets like $XRP and Dogecoin ($DOGE). According to a press release shared with CryptoGlobe, Ola is set to launch a lending network on Flare's canary [\u2026]", "source_name": "CryptoGlobe", "date": "Thu, 10 Feb 2022 10:50:00 -0500", "topics": [], "sentiment": "Positive", "type": "Article", "tickers": ["DOGE", "FLR", "XRP"]}, {"news_url": "https://www.cryptopolitan.com/bitcoin-ethereum-solana-terra-price-analysis-10-february-morning-prediction/", "image_url": "https://crypto.snapi.dev/images/v1/i/z/crypto17-107274-107628.jpg", "title": "Bitcoin, Ethereum, Solana, TERRA; Price Analysis \u2014 10 February Morning Prediction", "text": "TL;DR breakdown Bitcoin finally manages to find stability in the steady market Ethereum is up by 20%\u00a0 Solana market value once again cripples\u00a0 Cryptomarket's value declined by 14.45 percent The spread of the virus and the emergence of new strains like Delta and Omicron have had an impact on the market. Inflation expectations may be [\u2026]", "source_name": "Cryptopolitan", "date": "Thu, 10 Feb 2022 10:46:15 -0500", "topics": ["tanalysis"], "sentiment": "Neutral", "type": "Article", "tickers": ["BTC", "ETH", "LUNA", "SOL"]}, {"news_url": "https://cryptobriefing.com/ripple-could-face-rejection-at-1/?utm_source=main_feed&utm_medium=rss", "image_url": "https://crypto.snapi.dev/images/v1/o/w/ripple-cover-838x440-107625.jpg", "title": "Ripple Could Face Rejection at $1", "text": "XRP is surging in market value while technical and on-chain metrics spell trouble.", "source_name": "Crypto Briefing", "date": "Thu, 10 Feb 2022 10:34:26 -0500", "topics": [], "sentiment": "Negative", "type": "Article", "tickers": ["XRP"]}, {"news_url": "https://news.bitcoin.com/bitcoin-ethereum-technical-analysis-eth-btc-volatile-as-u-s-inflation-hits-40-year-high/", "image_url": "https://crypto.snapi.dev/images/v1/3/7/shutterstock-1989377696-107624.jpg", "title": "Bitcoin, Ethereum Technical Analysis: ETH, BTC Volatile as US Inflation Hits 40-Year High", "text": "Prices of ethereum and bitcoin were volatile on Thursday, as markets reacted to U.S. inflation data. Bitcoin briefly recaptured the $45,000 level, but sold off after the data was released. Bitcoin Bitcoin started the day in the green, hitting the $45,000 mark in the process, however as the U.S. equity session opened, prices weighed, as [\u2026]", "source_name": "Bitcoin", "date": "Thu, 10 Feb 2022 10:30:58 -0500", "topics": ["tanalysis"], "sentiment": "Negative", "type": "Article", "tickers": ["BTC", "ETH"]}, {"news_url": "https://ambcrypto.com/this-level-remains-key-despite-ethereums-recent-bullishness/", "image_url": "https://crypto.snapi.dev/images/v1/v/q/pp-3-eth-cover-e1644490723324-107623.jpg", "title": "This level remains key despite Ethereum's recent bullishness", "text": "Disclaimer:\u00a0The findings of the following analysis are the sole opinions of the writer and should not be considered investment advice In a recent interview, Vitalik Buterin spoke about the various elements of the Ethereum roadmap and talked about how the hard fork EIP-1599 upgrade is already accelerating transaction speeds. However, the Ethereum network continues to [\u2026]", "source_name": "AMBCrypto", "date": "Thu, 10 Feb 2022 10:30:51 -0500", "topics": [], "sentiment": "Neutral", "type": "Article", "tickers": ["ETH"]}, {"news_url": "https://dailyhodl.com/2022/02/10/bitcoin-btc-and-ethereum-eth-could-surge-by-at-least-300-in-2022-according-to-fundstrats-research-arm/", "image_url": "https://crypto.snapi.dev/images/v1/u/8/btc-eth-surge-2022jpgfit10242c600ssl1-107640.jpg", "title": "Bitcoin (BTC) and Ethereum (ETH) Could Surge by at Least 300% in 2022, According to Fundstrat's Research Arm", "text": "An analyst at a leading independent research firm thinks the top two cryptocurrencies are undervalued and primed for major price increases later this year. In a new FS Insight report, Fundstrat Digital Asset Research's head of digital asset strategy Sean Farrell makes the case that Bitcoin (BTC) has moved past the stage where cycles determine [\u2026] The post Bitcoin (BTC) and Ethereum (ETH) Could Surge by at Least 300% in 2022, According to Fundstrat's Research Arm appeared first on The Daily Hodl.", "source_name": "The Daily Hodl", "date": "Thu, 10 Feb 2022 10:30:12 -0500", "topics": [], "sentiment": "Positive", "type": "Article", "tickers": ["BTC", "ETH"]}, {"news_url": "https://cryptopotato.com/ethereum-price-analysis-following-17-weekly-surge-eth-eyes-this-level-next/", "image_url": "https://crypto.snapi.dev/images/v1/1/k/ethereum-above-bitcoin-106967-107622.jpg", "title": "Ethereum Price Analysis: Following 17% Weekly Surge, ETH Eyes This Level Next", "text": "ETH continues to grind upwards with $3,400 as the next key target for bulls.", "source_name": "CryptoPotato", "date": "Thu, 10 Feb 2022 10:24:05 -0500", "topics": ["tanalysis"], "sentiment": "Positive", "type": "Article", "tickers": ["ETH"]}, {"news_url": "https://cryptopotato.com/over-200-million-in-liquidations-amid-massive-bitcoin-volatility/", "image_url": "https://crypto.snapi.dev/images/v1/3/p/shipwreck-cover-107619.jpg", "title": "Over $200 Million in Liquidations Amid Massive Bitcoin Volatility", "text": "Enhanced volatility struck the crypto market again, with BTC going up and down by a few thousand dollars in hours.", "source_name": "CryptoPotato", "date": "Thu, 10 Feb 2022 10:17:13 -0500", "topics": [], "sentiment": "Negative", "type": "Article", "tickers": ["BTC"]}, {"news_url": "https://cointelegraph.com/news/bitcoin-rejects-sell-off-as-7-5-us-inflation-fails-to-keep-btc-down-for-long", "image_url": "https://crypto.snapi.dev/images/v1/o/b/840-ahr0chm6ly9zmy5jb2ludgvszwdyyxbolmnvbs91cgxvywrzlziwmjitmdivmwm1owfkn2utm2m0my00nje4lwjkzjytmgy4mtkzy2i0nze2lmpwzw-107618.jpg", "title": "Bitcoin rejects sell-off as 7.5% US inflation fails to keep BTC down for long", "text": "Bitcoin outsmarts bears as $1,800 losses turn to even stronger gains on the start of Wall Street trading.", "source_name": "Cointelegraph", "date": "Thu, 10 Feb 2022 10:14:05 -0500", "topics": [], "sentiment": "Negative", "type": "Article", "tickers": ["BTC"]}, {"news_url": "https://www.benzinga.com/markets/cryptocurrency/22/02/25529735/ex-forbes-contributor-tiktok-influencer-charged-in-3-6b-stolen-bitcoin-case-goes-viral?SNAPI", "image_url": "https://crypto.snapi.dev/images/v1/y/o/bitcoin-gb55025aca-1920-9-107620.jpg", "title": "Ex-Forbes Contributor, TikTok Influencer Charged In $3.6B Stolen Bitcoin Case Goes Viral", "text": "On Feb. 8, the U.S. Department of Justice charged Heather Morgan and Ilya Lichtenstein for an alleged conspiracy to launder 120,000 BTC stolen from crypto exchange Bitfinex in 2016.", "source_name": "Benzinga", "date": "Thu, 10 Feb 2022 10:12:00 -0500", "topics": [], "sentiment": "Neutral", "type": "Article", "tickers": ["BTC"]}, {"news_url": "https://coingape.com/?p=100107", "image_url": "https://crypto.snapi.dev/images/v1/v/x/rumours-indicate-apple-may-have-bought-bitcoin-worth-2-5-billion-107617.jpg", "title": "Bitcoin Price Analysis: BTC Lacks Conviction Near $45K, Is Buying Still valid!", "text": "Bitcoin's (BTC) price looks exhausted after testing the $45,000 mark on Tuesday. The U.S Consumer Price Index (CPI), rose to 7.5% on a yearly basis in January 7%\u00a0 beating the market expectation of 7.3%.", "source_name": "Coingape", "date": "Thu, 10 Feb 2022 10:08:49 -0500", "topics": ["tanalysis"], "sentiment": "Negative", "type": "Article", "tickers": ["BTC"]}, {"news_url": "https://en.cryptonomist.ch/2022/02/10/bitcoin-mining-energy-consumption-is-becoming-sustainable/", "image_url": "https://crypto.snapi.dev/images/v1/4/e/bitcoin-mining-energy-300x200-107627.jpg", "title": "Bitcoin mining energy consumption is becoming sustainable", "text": "A growing number of countries are banning Bitcoin mining due to its excessive energy consumption, although it is becoming more sustainable", "source_name": "The Cryptonomist", "date": "Thu, 10 Feb 2022 10:00:27 -0500", "topics": ["mining"], "sentiment": "Positive", "type": "Article", "tickers": ["BTC"]}, {"news_url": "https://cryptonews.com/news/russia-plans-allow-non-residents-access-crypto-platforms-helping-bitcoin-miners-sell-btc.htm", "image_url": "https://crypto.snapi.dev/images/v1/p/i/f62ae5e7e3-107616.jpg", "title": "Russia Plans to Allow \u2018Non-Residents' Access to Crypto Platforms, Helping Bitcoin Miners Sell BTC", "text": "The Russian government appears to be preparing the ground for the legalization and regulation of the Bitcoin (BTC) and crypto mining sector \u2013 and is already planning what looks like a way for miners to sell their tokens to overseas buyers even after the nation begins policing crypto transactions.", "source_name": "Cryptonews", "date": "Thu, 10 Feb 2022 10:00:00 -0500", "topics": ["mining"], "sentiment": "Positive", "type": "Article", "tickers": ["BTC"]}, {"news_url": "https://www.cnbc.com/2022/02/10/bitcoin-dips-slightly-as-10-year-treasury-yield-tops-2percent-on-hotter-than-expected-inflation-report.html", "image_url": "https://crypto.snapi.dev/images/v1/w/k/106914167-1626861873395-gettyimages-1234061399-sindeyev-notitle210719-npeaj-107612.jpeg", "title": "Bitcoin dips slightly as 10-year Treasury yield tops 2% on hotter-than-expected inflation report", "text": "The price of bitcoin fell slightly on Thursday alongside U.S. equity futures as the benchmark 10-year Treasury yield topped 2% for the first time since 2019.", "source_name": "CNBC", "date": "Thu, 10 Feb 2022 09:52:18 -0500", "topics": ["regulations"], "sentiment": "Negative", "type": "Article", "tickers": ["BTC"]}, {"news_url": "https://decrypt.co/92537/satoshibles-first-nft-collection-bridge-ethereum-bitcoin-stacks", "image_url": "https://crypto.snapi.dev/images/v1/s/c/bitcoin-ethereum-kpmg-300x200-107515-107610.jpg", "title": "Satoshibles Is First NFT Collection to Bridge Between Ethereum and Bitcoin via Stacks", "text": "The Bitcoin-inspired Satoshibles NFT project started on Ethereum, but now it's finding new life on Stacks thanks to a cross-chain bridge.", "source_name": "Decrypt", "date": "Thu, 10 Feb 2022 09:51:03 -0500", "topics": ["NFT"], "sentiment": "Neutral", "type": "Article", "tickers": ["BTC", "ETH", "STX"]}, {"news_url": "https://www.youtube.com/watch?v=kd3aAGhcHIo", "image_url": "https://crypto.snapi.dev/images/v1/n/u/what-is-polkadot-dot-parachains-crowdloans-kusama-ksm-explained-107613.jpg", "title": "What is Polkadot (DOT)? Parachains, Crowdloans & Kusama (KSM) Explained", "text": "In this video you will learn: - What is Polkadot? - Why was Kusama created, and what is the relationship to Polkadot?", "source_name": "CryptoPotato", "date": "Thu, 10 Feb 2022 09:50:58 -0500", "topics": [], "sentiment": "Neutral", "type": "Video", "tickers": ["DOT", "KSM"]}, {"news_url": "https://cryptobriefing.com/bitcoin-ethereum-dip-us-inflation-hits-40-year-high/?utm_source=main_feed&utm_medium=rss", "image_url": "https://crypto.snapi.dev/images/v1/1/q/bitcoin-bear-cover-838x440-107589.jpeg", "title": "Bitcoin, Ethereum Dip as U.S. Inflation Hits 40-Year High", "text": "Crypto assets and stock futures fell in tandem on the news that U.S. inflation has come in at 7.5%, even higher than projected.", "source_name": "Crypto Briefing", "date": "Thu, 10 Feb 2022 09:40:48 -0500", "topics": [], "sentiment": "Negative", "type": "Article", "tickers": ["BTC", "ETH"]}, {"news_url": "https://u.today/solana-cardano-xrp-drop-lower-as-bitcoin-gets-hit-by-high-us-inflation?SNAPI", "image_url": "https://crypto.snapi.dev/images/v1/n/x/adobestock-108091646-107581.jpeg", "title": "Solana, Cardano, XRP Drop Lower as Bitcoin Gets Hit by High U.S. Inflation", "text": "Bitcoin dropped to an intraday low, pushing the rest of the crypto market lower", "source_name": "UToday", "date": "Thu, 10 Feb 2022 09:07:00 -0500", "topics": [], "sentiment": "Negative", "type": "Article", "tickers": ["ADA", "BTC", "SOL", "XRP"]}, {"news_url": "https://decrypt.co/92597/ethernity-raises-20m-ethereum-celebrity-nft-gaming-push", "image_url": "https://crypto.snapi.dev/images/v1/j/p/ethernity-athlete-nfts-gid-4-107580.png", "title": "Ethernity Raises $20M for Ethereum Celebrity NFT and Gaming Push", "text": "The project's new Ethernal Labs studio is working on a play-to-earn game with League of Legends producer Thomas Vu.", "source_name": "Decrypt", "date": "Thu, 10 Feb 2022 09:01:03 -0500", "topics": ["NFT"], "sentiment": "Neutral", "type": "Article", "tickers": ["ETH"]}, {"news_url": "https://bitcoinmagazine.com/business/how-intel-will-change-bitcoin-mining-industry", "image_url": "https://crypto.snapi.dev/images/v1/c/b/the-next-10-years-of-bitcoin-mining-107577.png", "title": "How Intel's Entrance Can Change The Bitcoin Mining Landscape", "text": "With Intel set to present an ASIC geared for bitcoin mining later this month, how will the computing giant reshape the industry's landscape?", "source_name": "Bitcoin Magazine", "date": "Thu, 10 Feb 2022 08:57:33 -0500", "topics": ["mining"], "sentiment": "Positive", "type": "Article", "tickers": ["BTC"]}, {"news_url": "https://thecurrencyanalytics.com/bitcoin/the-3-5-billion-btc-that-will-not-hit-the-market-straight-to-regulated-bidders-38815.php", "image_url": "https://crypto.snapi.dev/images/v1/b/c/the-35-billion-btc-that-will-not-hit-the-market-straight-to-regulated-bidders-107575.jpg", "title": "The 3.5 Billion BTC That Will Not Hit the Market Straight to Regulated Bidders", "text": "Catch up on the latest crypto market news at The Currency Analytics. Flash Back:\u00a0 Bitfinex was hacked in August 2016.", "source_name": "The Currency Analytics", "date": "Thu, 10 Feb 2022 08:55:04 -0500", "topics": [], "sentiment": "Neutral", "type": "Article", "tickers": ["BTC"]}, {"news_url": "https://www.cryptopolitan.com/polkadot-price-analysis-2022-02-10/", "image_url": "https://crypto.snapi.dev/images/v1/e/q/dot-2-107574.jpg", "title": "Polkadot price analysis: DOT swings towards $22.2 as bulls retain momentum", "text": "TL;DR Breakdown DOT price has increased up to $22.2 level. Polkadot price analysis predicts a bullish trend.", "source_name": "Cryptopolitan", "date": "Thu, 10 Feb 2022 08:55:01 -0500", "topics": ["tanalysis"], "sentiment": "Positive", "type": "Article", "tickers": ["DOT"]}, {"news_url": "https://www.coindesk.com/tech/2022/02/10/to-understand-bitcoin-we-need-to-understand-what-money-is/", "image_url": "https://crypto.snapi.dev/images/v1/l/z/jkb6eikos5fwjpyf2rftsb5h3y-107573.jpg", "title": "To Understand Bitcoin, We Need to Understand What Money Is", "text": "How do financial experts reach vastly different conclusions about bitcoin and its role? The answer lies in a misunderstanding of what money is.", "source_name": "Coindesk", "date": "Thu, 10 Feb 2022 08:50:00 -0500", "topics": [], "sentiment": "Neutral", "type": "Article", "tickers": ["BTC"]}, {"news_url": "https://www.coindesk.com/tech/2022/02/10/the-top-ethereum-killers-compared/", "image_url": "https://crypto.snapi.dev/images/v1/o/s/3xtubohuvffv5fdf6rj2xwkiva-107572.jpg", "title": "The Top \u2018Ethereum Killers' Compared", "text": "So-called \u201cEthereum killers\u201d are building momentum, including a growing share of the NFT market. Here's a closer look at four of the top competitors.", "source_name": "Coindesk", "date": "Thu, 10 Feb 2022 08:50:00 -0500", "topics": [], "sentiment": "Neutral", "type": "Article", "tickers": ["ADA", "DOT", "SOL", "XTZ"]}, {"news_url": "https://cryptopotato.com/bitcoins-price-drops-1k-in-seconds-as-january-cpi-comes-at-7-5/", "image_url": "https://crypto.snapi.dev/images/v1/2/v/bitcoin-red-cover-107562.jpg", "title": "Bitcoin's Price Drops $1K in Seconds as January CPI Comes at 7.5%", "text": "Consumer Price Index numbers are up, revealing an increase in inflation rates. Bitcoin's price lost $1K in response.", "source_name": "CryptoPotato", "date": "Thu, 10 Feb 2022 08:45:24 -0500", "topics": [], "sentiment": "Negative", "type": "Article", "tickers": ["BTC"]}, {"news_url": "https://markets.businessinsider.com/news/currencies/el-salvador-bitcoin-adoption-nayib-bukele-fitch-credit-downgrade-2022-2", "image_url": "https://crypto.snapi.dev/images/v1/4/g/61f0572f2b43ff00185e8117formatjpeg-107587.jpg", "title": "El Salvador's bitcoin adoption and its crypto-loving President Nayib Bukele contribute to country's credit downgrade at Fitch", "text": "Fitch Ratings cut El Salvador's credit rating to CCC from B-, following a warning and downgrade from Moody's.", "source_name": "Business Insider", "date": "Thu, 10 Feb 2022 08:32:00 -0500", "topics": [], "sentiment": "Negative", "type": "Article", "tickers": ["BTC"]}, {"news_url": "https://ambcrypto.com/ethereums-drawdown-may-be-coming-to-an-end-but-will-that-be-enough/", "image_url": "https://crypto.snapi.dev/images/v1/t/s/pexels-jievani-8175569-scaled-e1644486164820-107559.jpg", "title": "Ethereum's drawdown may be coming to an end, but will that be enough", "text": "They say you can't always be the most talented in the room, but you can be the most competitive. Well, the Ethereum network seems to have adopted the same narrative.", "source_name": "AMBCrypto", "date": "Thu, 10 Feb 2022 08:30:03 -0500", "topics": [], "sentiment": "Positive", "type": "Article", "tickers": ["ETH"]}, {"news_url": "https://thecurrencyanalytics.com/bitcoin/bitcoin-btc-holders-waiting-for-the-price-to-increase-by-x-10-38812.php", "image_url": "https://crypto.snapi.dev/images/v1/7/w/bitcoin-btc-holders-waiting-for-the-price-to-increase-by-x-10-107553.jpg", "title": "Bitcoin (BTC) Holders Waiting for the Price to Increase by x 10", "text": "Catch up on the latest crypto market news at The Currency Analytics. In the United States, FDIC acting chair Gruenberg Highlights Priorities for 2022.", "source_name": "The Currency Analytics", "date": "Thu, 10 Feb 2022 08:20:48 -0500", "topics": [], "sentiment": "Positive", "type": "Article", "tickers": ["BTC"]}, {"news_url": "https://www.fool.com/investing/2022/02/10/my-top-3-cryptocurrencies-to-buy-in-february/", "image_url": "https://crypto.snapi.dev/images/v1/g/q/urlhttps3a2f2fgfoolcdncom2feditorial2fimages2f6637072fgettyimages-1316264191jpgw700opresize-107549.jpg", "title": "My Top 3 Cryptocurrencies to Buy in February", "text": "After a volatile January, February presents plenty of interesting buying opportunities. Here are my top three.", "source_name": "The Motley Fool", "date": "Thu, 10 Feb 2022 08:10:00 -0500", "topics": [], "sentiment": "Positive", "type": "Article", "tickers": ["AVAX", "FTM", "SOL"]}, {"news_url": "https://dailyhodl.com/2022/02/10/bitcoin-mega-whales-accumulating-btc-aggressively-over-last-seven-weeks-santiment/", "image_url": "https://crypto.snapi.dev/images/v1/d/q/bitcoin-mega-whalesjpgfit10242c600ssl1-107550.jpg", "title": "Bitcoin \u2018Mega Whales' Accumulating BTC Aggressively Over Last Seven Weeks: Santiment", "text": "Crypto analytics firm Santiment says huge whales have been gobbling up Bitcoin (BTC) since the end of 2021. Santiment notes on Twitter that \u201cmega\u201d whale addresses holding 1,000 or more BTC have added a combined 220,000 Bitcoin, more than 1% of BTC's total supply, in the seven weeks since December 23rd. The analytics firm says [\u2026] The post Bitcoin \u2018Mega Whales' Accumulating BTC Aggressively Over Last Seven Weeks: Santiment appeared first on The Daily Hodl.", "source_name": "The Daily Hodl", "date": "Thu, 10 Feb 2022 07:45:33 -0500", "topics": ["whales"], "sentiment": "Positive", "type": "Article", "tickers": ["BTC"]}, {"news_url": "https://coinpedia.org/price-analysis/this-is-when-traders-can-expect-the-price-of-bitcoinbtc-to-hit-56500/", "image_url": "https://crypto.snapi.dev/images/v1/4/5/45tgfe3-107541.", "title": "This is When Traders Can Expect the Price of Bitcoin(BTC) to Hit $56,500", "text": "Bitcoin price is currently dancing within narrow ranges yet again after swinging below $38K for a pretty long time. It clearly manifests the asset's calculative approach to undergo a clear uptrend without allowing any major sell-off in the future. No doubt the current market trend is extremely misty as the price is hovering between $43,000 \u2026", "source_name": "CoinPedia", "date": "Thu, 10 Feb 2022 07:41:37 -0500", "topics": [], "sentiment": "Neutral", "type": "Article", "tickers": ["BTC"]}, {"news_url": "https://cryptobriefing.com/bsc-ethereum-defi-projects-hit-14-4m-hack/?utm_source=main_feed&utm_medium=rss", "image_url": "https://crypto.snapi.dev/images/v1/i/7/pnetwork-defi-project-attack-cover-838x440-107539.png", "title": "BSC, Ethereum DeFi Projects Hit in $14.4M Hack", "text": "Dego Finance confirmed that its private key had been compromised.", "source_name": "Crypto Briefing", "date": "Thu, 10 Feb 2022 07:39:31 -0500", "topics": [], "sentiment": "Negative", "type": "Article", "tickers": ["BSC", "ETH"]}, {"news_url": "https://www.dcforecasts.com/bitcoin-news/bitcoin-is-trading-like-a-risk-asset-not-inflation-hedge-boa/", "image_url": "https://crypto.snapi.dev/images/v1/q/c/shutterstock-697167076-107537.jpg", "title": "Bitcoin Is Trading Like A Risk Asset, Not Inflation Hedge: BOA", "text": "According to the Bank of America, Bitcoin is trading like a risk asset more than it does as an inflation hedge while maintaining a strong correlation with stocks than with gold. In our today's Bitcoin news, we are taking a closer look at the BOA report.", "source_name": "DCForecasts", "date": "Thu, 10 Feb 2022 07:36:29 -0500", "topics": [], "sentiment": "Neutral", "type": "Article", "tickers": ["BTC"]}, {"news_url": "https://u.today/altcoins-like-xrp-shib-and-gala-made-up-their-losses-as-market-rebounded?SNAPI", "image_url": "https://crypto.snapi.dev/images/v1/g/a/12590-107536.jpg", "title": "Altcoins Like XRP, SHIB and GALA Made Up Their Losses as Market Rebounded", "text": "Numerous altcoins are now back on track", "source_name": "UToday", "date": "Thu, 10 Feb 2022 07:34:00 -0500", "topics": [], "sentiment": "Neutral", "type": "Article", "tickers": ["GALA", "SHIB", "XRP"]}, {"news_url": "https://www.dailyfx.com/forex/market_alert/2022/02/10/EthereumBitcoin-ETHBTC-Spread-Trend-Break-Needs-Confirmation.html", "image_url": "https://crypto.snapi.dev/images/v1/a/y/crypto12-107540.jpg", "title": "Ethereum/Bitcoin (ETH/BTC) Spread \u2013 Trend Break Needs Confirmation", "text": "The Ethereum/Bitcoin spread is currently breaking higher but it needs to be confirmed to add credibility to the move.", "source_name": "DailyFX", "date": "Thu, 10 Feb 2022 07:26:00 -0500", "topics": [], "sentiment": "Neutral", "type": "Article", "tickers": ["BTC", "ETH"]}, {"news_url": "https://cointelegraph.com/news/bitcoin-set-to-help-communities-latinx-nonprofit-now-accepts-crypto-donations", "image_url": "https://crypto.snapi.dev/images/v1/h/k/840-ahr0chm6ly9zmy5jb2ludgvszwdyyxbolmnvbs91cgxvywrzlziwmjitmdivntkznjizmzitnjhhyi00owmzltk1mgmtytzinde5odizodjjlmpwzw-107533.jpg", "title": "Bitcoin set to help communities \u2014 Latinx nonprofit now accepts crypto donations", "text": "\u201cThis funding mechanism will allow us to widen our donor base and reach a new generation of supporters,\u201d said Coraz\u00f3n Latino founder Felipe Benitez.", "source_name": "Cointelegraph", "date": "Thu, 10 Feb 2022 07:21:03 -0500", "topics": [], "sentiment": "Positive", "type": "Article", "tickers": ["BTC"]}, {"news_url": "https://markets.businessinsider.com/news/currencies/bill-ackman-bitcoin-new-york-crypto-unfriendly-rules-mayor-salary-2022-2", "image_url": "https://crypto.snapi.dev/images/v1/g/y/6204e9513b86990018b2abd2formatjpeg-107552.jpg", "title": "Bill Ackman calls on New York to fix its crypto-unfriendly rules \u2014 and asks how NYC's mayor can even spend his bitcoin paycheck", "text": "Ackman's tweet came after a crypto enthusiast said he'd move to Connecticut since his New York residency blocks him from basic access to US exchanges.", "source_name": "Business Insider", "date": "Thu, 10 Feb 2022 07:15:00 -0500", "topics": [], "sentiment": "Neutral", "type": "Article", "tickers": ["BTC"]}, {"news_url": "https://u.today/bitcoin-briefly-breaks-above-45000-second-time-this-week-possible-reason?SNAPI", "image_url": "https://crypto.snapi.dev/images/v1/n/k/12592-107531.jpg", "title": "Bitcoin Briefly Breaks Above $45,000 Second Time This Week: Possible Reason", "text": "The largest global cryptocurrency has spiked above $45,000 again this week", "source_name": "UToday", "date": "Thu, 10 Feb 2022 07:14:00 -0500", "topics": ["tanalysis"], "sentiment": "Positive", "type": "Article", "tickers": ["BTC"]}, {"news_url": "https://cryptonews.com/news/bitcoin-tests-usd-45k-again-ethereum-gains-bullish-momentum-altcoins-green-too.htm", "image_url": "https://crypto.snapi.dev/images/v1/c/t/840-ahr0chm6ly9zmy5jb2ludgvszwdyyxbolmnvbs91cgxvywrzlziwmjitmdivmme4mgi2mmqtowviys00n2niltkwyzqtn2rmzjvlowu0nwe0lmpwzw-107087-107529.jpg", "title": "Bitcoin Tests USD 45K Again, Ethereum Gains Bullish Momentum, Altcoins in Green Too", "text": "Bitcoin price remained well bid above the USD 43,000 level. BTC started a fresh increase and traded above the USD 44,000 level. It is currently (11:52 UTC) gaining pace and is trading around USD 45,000.", "source_name": "Cryptonews", "date": "Thu, 10 Feb 2022 07:04:00 -0500", "topics": [], "sentiment": "Positive", "type": "Article", "tickers": ["BTC", "ETH"]}, {"news_url": "https://cryptoslate.com/true-benefits-of-polkadots-parachain-concept-are-about-to-be-revealed-taunts-dfg-founder-james-wo/", "image_url": "https://crypto.snapi.dev/images/v1/k/y/james-wo-polkadot-107522.jpg", "title": "True benefits of Polkadot's Parachain concept are about to be revealed, taunts DFG Founder James Wo", "text": "CryptoSlate caught up with James Wo, the Founder and CEO of Digital Finance Group (DFG), to talk about interesting developments that are about to unravel in the budding ecosystem between the two sister blockchains\u2013Polkadot and Kusama. The post True benefits of Polkadot's Parachain concept are about to be revealed, taunts DFG Founder James Wo appeared first on CryptoSlate.", "source_name": "CryptoSlate", "date": "Thu, 10 Feb 2022 07:01:22 -0500", "topics": [], "sentiment": "Positive", "type": "Article", "tickers": ["DOT"]}, {"news_url": "https://www.theblockresearch.com/layer-by-layer-issue-20-polkadot-cosmos-terra-and-avalanche-133739", "image_url": "https://crypto.snapi.dev/images/v1/w/s/20210723-layer-by-layer-research-797x450-107524.jpg", "title": "Layer by Layer Issue 20: Polkadot, Cosmos, Terra, and Avalanche", "text": "Quick Take In this weekly series, we dive into some of the most interesting data and developments across the Layer 1 blockchain landscape, from DeFi and bridges to network activity and funding L1 blockchains are now utilizing a variety of strategies to establish connections with other networks, building cross-chain communication protocols and expanding their native tokens to a range of different ecosystems As networks prepare for upgrades that will impact their future performance and scalability, many are employing some form of incentivized testnets to bootstrap an early user base and quickly identify potential issues This week, we take a look at Polkadot, Cosmos, Terra, and Avalanche", "source_name": "The Block", "date": "Thu, 10 Feb 2022 07:00:21 -0500", "topics": [], "sentiment": "Neutral", "type": "Article", "tickers": ["ATOM", "AVAX", "DOT", "LUNA"]}, {"news_url": "https://u.today/13-billion-in-ethereum-shifted-as-eth-rises-2079-in-past-7-days?SNAPI", "image_url": "https://crypto.snapi.dev/images/v1/1/p/12589-107520.jpg", "title": "$1.3 Billion in Ethereum Shifted as ETH Rises 20.79% in Past 7 Days", "text": "Whales have transferred over $1.3 billion worth of Ethereum and purchased $163,100 in wrapped Ether", "source_name": "UToday", "date": "Thu, 10 Feb 2022 06:57:00 -0500", "topics": [], "sentiment": "Positive", "type": "Article", "tickers": ["ETH"]}, {"news_url": "https://coinpedia.org/price-analysis/solana-trends-within-an-ascending-range/", "image_url": "https://crypto.snapi.dev/images/v1/m/p/crypto11-107518.jpg", "title": "Solana Trends Within an Ascending Range,\u00a0 Is The Next Stop for SOL Price at $130?\ufffc", "text": "The Solana price from the past couple of days is maintaining a notable uptrend. While some believe the asset may continue to maintain a strong uptrend, while many foresee a huge possibility of the asset losing its grip over the uptrend and hitting the lower support levels soon. If the asset plunges down, then a \u2026", "source_name": "CoinPedia", "date": "Thu, 10 Feb 2022 06:55:58 -0500", "topics": [], "sentiment": "Neutral", "type": "Article", "tickers": ["SOL"]}, {"news_url": "https://en.cryptonomist.ch/2022/02/10/did-kpmg-buy-bitcoin-and-ethereum/", "image_url": "https://crypto.snapi.dev/images/v1/r/2/bitcoin-ethereum-kpmg-300x200-107515.jpg", "title": "Did KPMG buy Bitcoin and Ethereum?", "text": "In reality no, even though its Canadian subsidiary did", "source_name": "The Cryptonomist", "date": "Thu, 10 Feb 2022 06:43:59 -0500", "topics": [], "sentiment": "Positive", "type": "Article", "tickers": ["BTC"]}, {"news_url": "https://www.dcforecasts.com/altcoin-news/shiba-inu-spikes-5-as-bitcoin-reclaims-44k-again-price-analysis/", "image_url": "https://crypto.snapi.dev/images/v1/w/h/code-abstract-107228-107510.jpeg", "title": "Shiba Inu Spikes 5% As Bitcoin Reclaims $44K Again: Price Analysis", "text": "Shiba Inu spikes 5% overnight while Bitcoin reclaims the $44,000 price range once again and crypto.com coin market the biggest gains in one day so let's read further in our latest cryptocurrency news today. Following the short retracement yesterday, Bitcoin went on an offensive once again and touched $44,000 with most other coins being in [\u2026]", "source_name": "DCForecasts", "date": "Thu, 10 Feb 2022 06:32:43 -0500", "topics": ["tanalysis"], "sentiment": "Positive", "type": "Article", "tickers": ["BTC", "SHIB"]}, {"news_url": "https://crypto-economy.com/advantages-of-1xbit-betting-with-bitcoin-with-real-profit/", "image_url": "https://crypto.snapi.dev/images/v1/b/d/1xbit-107486.jpg", "title": "Advantages of 1xBit \u2014 betting with Bitcoin with real profit", "text": "The abundance of bookmakers on the market is a significant advantage for all gamblers. You can choose the best option that suits you in...", "source_name": "Crypto Economy", "date": "Thu, 10 Feb 2022 06:08:21 -0500", "topics": [], "sentiment": "Positive", "type": "Article", "tickers": ["BTC"]}, {"news_url": "https://coinidol.com/bitcoin-42710-support/", "image_url": "https://crypto.snapi.dev/images/v1/r/2/7d272c82b34984b887e117e1fd98fd68-107504.jpg", "title": "Bitcoin Retraces to $42,710 Support as Buyers Continue to Build Strength on Market Surge", "text": "The Bitcoin (BTC) price is holding above $42,710 after rising to a high of $45,400. In the last 48 hours, Bitcoin bulls made impressive progress as buyers encountered resistance at the $45,400 high. After the rejection, the BTC price fell back to a low of $42,710 and continued consolidating above the current support.", "source_name": "Coin Idol", "date": "Thu, 10 Feb 2022 06:05:00 -0500", "topics": [], "sentiment": "Positive", "type": "Article", "tickers": ["BTC"]}, {"news_url": "https://cointelegraph.com/news/exchange-stablecoin-reserve-hits-27b-as-bitcoin-rises-toward-50k-fair-value", "image_url": "https://crypto.snapi.dev/images/v1/s/t/840-ahr0chm6ly9zmy5jb2ludgvszwdyyxbolmnvbs91cgxvywrzlziwmjitmdivnwviywuxnjktmgm0zs00njmylthmmjmtmmviymi1mgi1oddklmpwzw-107487.jpg", "title": "Exchange stablecoin reserve hits $27B as Bitcoin rises toward $50K 'fair value'", "text": "More stablecoins find their way to exchanges than ever before \u2014 where will they be deployed next?", "source_name": "Cointelegraph", "date": "Thu, 10 Feb 2022 06:02:24 -0500", "topics": ["stablecoins"], "sentiment": "Positive", "type": "Article", "tickers": ["BTC"]}, {"news_url": "https://news.bitcoin.com/ukrainian-volunteer-groups-accept-bitcoin-donations-amid-tensions-with-russia-study-finds/", "image_url": "https://crypto.snapi.dev/images/v1/r/o/shutterstock-2116103069-107484.jpg", "title": "Ukrainian Volunteer Groups Accept Bitcoin Donations Amid Tensions With Russia, Study Finds", "text": "Non-government and volunteer organizations collecting funds to support Ukrainian forces have been accepting donations in cryptocurrency, a new report has unveiled. The findings have been published amid heightened tensions with Russia, which has been accused of amassing troops at the border with Ukraine. Ukrainian Organizations Crowdfund Defense Effort With Crypto Ukrainian NGOs and volunteer groups [\u2026]", "source_name": "Bitcoin", "date": "Thu, 10 Feb 2022 06:00:08 -0500", "topics": [], "sentiment": "Neutral", "type": "Article", "tickers": ["BTC"]}, {"news_url": "https://coinpedia.org/ripple/end-to-secs-stance-in-legal-tussle-against-ripple-xrp-price-to-2-inevitable/", "image_url": "https://crypto.snapi.dev/images/v1/d/z/crypto10-107481.jpg", "title": "End To SEC's Stance In Legal Tussle Against Ripple? XRP Price To $2 Inevitable?", "text": "\u00a0The world of cryptocurrencies has come across an overwhelming event, which was the dire need for the industry. The event comes as Ripple files its Sur-Reply to the SEC's motion to strike the fair notice affirmative defense. The filing has brought in much-needed zeal in the crypto business. Which has reinforced the community's stance against \u2026", "source_name": "CoinPedia", "date": "Thu, 10 Feb 2022 05:43:06 -0500", "topics": ["regulations"], "sentiment": "Neutral", "type": "Article", "tickers": ["XRP"]}, {"news_url": "https://u.today/shiba-inu-leads-weekly-altcoin-rally-with-57-growth-as-matic-and-ethereum-follow?SNAPI", "image_url": "https://crypto.snapi.dev/images/v1/3/k/12582-107482.jpg", "title": "Shiba Inu Leads Weekly Altcoin Rally with 57% Growth as Matic and Ethereum Follow", "text": "Market is slowly recovering as assets like Shiba Inu, Matic and Ethereum move up", "source_name": "UToday", "date": "Thu, 10 Feb 2022 05:43:00 -0500", "topics": [], "sentiment": "Positive", "type": "Article", "tickers": ["ETH", "MATIC", "SHIB"]}, {"news_url": "https://dailyhodl.com/2022/02/10/analyst-says-one-altcoin-primed-to-skyrocket-gives-update-on-ethereum-eth-terra-luna-and-avalanche-avax/", "image_url": "https://crypto.snapi.dev/images/v1/8/r/ethereum-terra-avalanche-altcoinjpgfit10242c600ssl1-107502.jpg", "title": "Analyst Says One Altcoin Primed To Skyrocket, Gives Update on Ethereum (ETH), Terra (LUNA) and Avalanche (AVAX)", "text": "The anonymous host of cryptocurrency channel InvestAnswers is listing one altcoin that he expects to \u201cskyrocket.\u201d InvestAnswers tells his 409,000 YouTube subscribers that Cosmos (ATOM), a network of many independent but interconnected blockchains known as zones, is slated to surge by about 40% in a month or less. \u201cIt's pretty clear to me that we [\u2026] The post Analyst Says One Altcoin Primed To Skyrocket, Gives Update on Ethereum (ETH), Terra (LUNA) and Avalanche (AVAX) appeared first on The Daily Hodl.", "source_name": "The Daily Hodl", "date": "Thu, 10 Feb 2022 05:15:37 -0500", "topics": [], "sentiment": "Positive", "type": "Article", "tickers": ["AVAX", "ETH", "LUNA"]}], "total_pages": 39}