{"data": [{"news_url": "https://www.trustnodes.com/2022/02/02/coinbase-asked-to-diversify-ethereum-clients-as-prysm-dominates", "image_url": "https://crypto.snapi.dev/images/v1/e/e/ethereum-redditivity-1-300x200-103806-104036-104880.jpg", "title": "Coinbase Asked to Diversify Ethereum Clients as Prysm Dominates", "text": "The ethereum 2.0 Proof of Stake beacon chain keeps being dominated by just one client, Prysm. Run by grant funded Prysmatic Labs and written in Go, Prysm began dominating since.", "source_name": "Trustnodes", "date": "Wed, 02 Feb 2022 08:15:46 -0500", "topics": ["paywall"], "sentiment": "Neutral", "type": "Article", "tickers": ["ETH"]}, {"news_url": "https://cryptonews.com/news/el-salvador-turns-us-based-alphapoint-bid-bolster-its-chivo-bitcoin-app.htm", "image_url": "https://crypto.snapi.dev/images/v1/a/q/adobestock-natanaelginting-1-1-104877.jpg", "title": "El Salvador Turns to the US-based AlphaPoint in Bid to Bolster its Chivo Bitcoin App", "text": "The Salvadoran government is attempting to reboot its Chivo bitcoin (BTC) app and wallet \u2013 by teaming up with the USA-based crypto firm AlphaPoint.", "source_name": "Cryptonews", "date": "Wed, 02 Feb 2022 08:02:00 -0500", "topics": [], "sentiment": "Neutral", "type": "Article", "tickers": ["BTC"]}, {"news_url": "https://markets.businessinsider.com/news/currencies/bitcoin-outlook-3-risks-companies-take-adding-to-balance-sheet-2022-2", "image_url": "https://crypto.snapi.dev/images/v1/q/g/61f96d99ef63e10018100704formatjpeg-104907.jpg", "title": "A year after Elon Musk's Tesla bought bitcoin, here are 3 risks companies take when putting it on their balance sheet, investment strategies says", "text": "The penalty for losing corporate cash by investing in volatile assets like bitcoin can be \"severe,\" the strategist said.", "source_name": "Business Insider", "date": "Wed, 02 Feb 2022 07:56:00 -0500", "topics": [], "sentiment": "Positive", "type": "Article", "tickers": ["BTC"]}, {"news_url": "https://crypto-economy.com/bitcoin-whale-microstrategy-announces-q4-2021-financial-results-adds-over-10300-btc-to-its-holdings/", "image_url": "https://crypto.snapi.dev/images/v1/2/r/bitcoin-3024279-1280-105233.jpg", "title": "Bitcoin Whale MicroStrategy Announces Q4 2021 Financial Results, Added Over 10,300 BTC to its.", "text": "Bitcoin whale MicroStrategy has announced the financial results for Q4 2021. According to the results, the company added more than 10,300 Bitcoin to balance in the last quarter of 2021.", "source_name": "Crypto Economy", "date": "Wed, 02 Feb 2022 07:45:28 -0500", "topics": ["whales"], "sentiment": "Positive", "type": "Article", "tickers": ["BTC"]}, {"news_url": "https://dailyhodl.com/2022/02/02/nearly-2-3-billion-worth-of-bitcoin-moved-out-of-wallet-involved-in-2016-bitfinex-hack-whale-alert/", "image_url": "https://crypto.snapi.dev/images/v1/n/3/bitcoin-out-of-walletjpgfit10242c600ssl1-104888.jpg", "title": "Nearly $2.3 Billion Worth of Bitcoin Moved Out of Wallet Involved in 2016 Bitfinex Hack: Whale Alert", "text": "Nearly $2.3 billion worth of Bitcoin (BTC) stolen in the infamous 2016 Bitfinex exchange heist is moving to a new wallet. Crypto tracker Whale Alert reports that the hacker's account shifted more than 64,641 Bitcoin across 21 separate transactions on Monday, all of which were sent to the same new wallet. The BTC trove was [\u2026] The post Nearly $2.3 Billion Worth of Bitcoin Moved Out of Wallet Involved in 2016 Bitfinex Hack: Whale Alert appeared first on The Daily Hodl.", "source_name": "The Daily Hodl", "date": "Wed, 02 Feb 2022 07:45:08 -0500", "topics": ["whales"], "sentiment": "Negative", "type": "Article", "tickers": ["BTC"]}, {"news_url": "https://cryptoslate.com/sec-postpones-decision-on-bitwise-bitcoin-spot-etf-application-again/", "image_url": "https://crypto.snapi.dev/images/v1/b/j/sec-bitcoin-etf-104866.jpg", "title": "SEC postpones decision on Bitwise Bitcoin spot ETF application again", "text": "The Securities and Exchange Commission (SEC) has refused to approve a Bitcoin exchange-traded fund (ETF) application before it, instead choosing to postpone its decision again. The post SEC postpones decision on Bitwise Bitcoin spot ETF application again appeared first on CryptoSlate.", "source_name": "CryptoSlate", "date": "Wed, 02 Feb 2022 07:31:15 -0500", "topics": ["regulations"], "sentiment": "Negative", "type": "Article", "tickers": ["BTC"]}, {"news_url": "https://www.fool.com/investing/2022/02/02/bitcoin-in-2022-bull-vs-bear/", "image_url": "https://crypto.snapi.dev/images/v1/2/r/urlhttps3a2f2fgfoolcdncom2feditorial2fimages2f6633862fgettyimages-904833696jpgw700opresize-104867.jpg", "title": "Bitcoin in 2022: Bull vs. Bear", "text": "The top cryptocurrency has certainly been a polarizing investment.", "source_name": "The Motley Fool", "date": "Wed, 02 Feb 2022 07:30:00 -0500", "topics": [], "sentiment": "Neutral", "type": "Article", "tickers": ["BTC"]}, {"news_url": "https://cryptonews.com/news/smaller-altcoins-extend-gains-while-bitcoin-ethereum-look-for-direction.htm", "image_url": "https://crypto.snapi.dev/images/v1/z/w/61f985c44faa730018ff4a3aformatjpeg-104653-104861.jpg", "title": "Smaller Altcoins Extend Gains while Bitcoin and Ethereum Look for Direction", "text": "Bitcoin price is currently (11:58 UTC) consolidating near the USD 38,500 level. If the bulls remain active, the price could rise towards the USD 40,000 level.", "source_name": "Cryptonews", "date": "Wed, 02 Feb 2022 07:09:00 -0500", "topics": [], "sentiment": "Positive", "type": "Article", "tickers": ["BTC", "ETH"]}, {"news_url": "https://coinpedia.org/altcoin/btc-sol-avax-and-theta-are-primed-to-surge/", "image_url": "https://crypto.snapi.dev/images/v1/f/k/crypto9-104853.jpg", "title": "Is This Why Only BTC, SOL, AVAX, And Theta Are Primed To Surge 30% in February?", "text": "The start of a new month has triggered crypto traders and investors to head on a rigorous hunt for digital assets. The first month of the year was expected to bring virtues to the space. Has been rather bland for the majority of the digital assets in the market. As a result of which folks \u2026", "source_name": "CoinPedia", "date": "Wed, 02 Feb 2022 06:52:51 -0500", "topics": [], "sentiment": "Positive", "type": "Article", "tickers": ["AVAX", "BTC", "SOL", "THETA"]}, {"news_url": "https://u.today/bullish-signal-for-bitcoin-appears-on-santiment-nvt-model-details?SNAPI", "image_url": "https://crypto.snapi.dev/images/v1/c/i/12434-104841.jpg", "title": "Bullish Signal for Bitcoin Appears on Santiment NVT Model: Details", "text": "Santiment analytics agency sees two bullish signs for Bitcoin from its recently generated data", "source_name": "UToday", "date": "Wed, 02 Feb 2022 06:45:00 -0500", "topics": [], "sentiment": "Positive", "type": "Article", "tickers": ["BTC"]}, {"news_url": "https://cointelegraph.com/news/us-bobsledder-feels-the-bitcoin-rhythm-and-orange-pills-his-fans", "image_url": "https://crypto.snapi.dev/images/v1/f/c/840-ahr0chm6ly9zmy5jb2ludgvszwdyyxbolmnvbs91cgxvywrzlziwmjitmdivzdnmotu3nwetzdmwzi00owe5lweyndktnja4ngq0mmzlogi0lmpwzw-104827.jpg", "title": "US bobsledder feels the Bitcoin rhythm and orange pills his fans", "text": "Johnny Quinn, a U.S. Olympic Bobsledder and former football player, is the latest celebrity to join the Bitcoin bandwagon.", "source_name": "Cointelegraph", "date": "Wed, 02 Feb 2022 06:30:00 -0500", "topics": [], "sentiment": "Neutral", "type": "Article", "tickers": ["BTC"]}, {"news_url": "https://u.today/302092-ethereum-left-exchanges-in-january-as-total-amount-of-eth-burned-exceeds-47-billion?SNAPI", "image_url": "https://crypto.snapi.dev/images/v1/j/o/12432-104823.jpg", "title": "302,092 Ethereum Left Exchanges in January as Total Amount of ETH Burned Exceeds $4.7 Billion", "text": "302,092 Ethereum transferred in January as ETH burned surpasses $4.7 billion worth", "source_name": "UToday", "date": "Wed, 02 Feb 2022 06:01:00 -0500", "topics": [], "sentiment": "Neutral", "type": "Article", "tickers": ["ETH"]}, {"news_url": "https://www.thecryptoupdates.com/us-lawmakers-question-bitcoin-mining-companies-about-carbon-emissions-energy-use-and-the-climate-crisis/", "image_url": "https://crypto.snapi.dev/images/v1/y/d/16436760653989-480x320-104822.jpg", "title": "US lawmakers question Bitcoin mining companies about carbon emissions, energy use, and the climate crisis.", "text": "Senator Elizabeth Warren (D-Mass. ), a representative of the Senate Banking, Housing, and Urban Affairs Committee, officially confirmed that she and seven other legislators had...", "source_name": "TCU", "date": "Wed, 02 Feb 2022 05:57:00 -0500", "topics": ["mining", "regulations"], "sentiment": "Negative", "type": "Article", "tickers": ["BTC"]}, {"news_url": "https://u.today/ripple-sends-50-million-xrp-to-unknown-wallet-here-is-potential-reason?SNAPI", "image_url": "https://crypto.snapi.dev/images/v1/l/u/12431-104818.jpg", "title": "Ripple Sends 50 Million XRP to Unknown Wallet, Here Is Potential Reason", "text": "Fintech giant Ripple has moved 50 million XRP, the community offers a potential reason for this transaction", "source_name": "UToday", "date": "Wed, 02 Feb 2022 05:35:00 -0500", "topics": [], "sentiment": "Neutral", "type": "Article", "tickers": ["XRP"]}, {"news_url": "https://dailyhodl.com/2022/02/02/over-1570000000-worth-of-bitcoin-moved-off-crypto-exchanges-in-just-seven-days-insights-firm-santiment/", "image_url": "https://crypto.snapi.dev/images/v1/m/t/bitcoin-moved-off-cryptojpgfit10242c600ssl1-104815.jpg", "title": "Over $1,570,000,000 Worth of Bitcoin Moved off Crypto Exchanges in Just Seven Days: Insights Firm Santiment", "text": "Crypto analytics firm Santiment says that Bitcoin (BTC) is flying off exchanges at its fastest rate in more than four months, a potentially bullish indicator for the top crypto asset. The crypto insights firm notes in a new tweet that 40,785 BTC, worth over $1,570,000,000 at time of writing, moved off exchanges in the past [\u2026] The post Over $1,570,000,000 Worth of Bitcoin Moved off Crypto Exchanges in Just Seven Days: Insights Firm Santiment appeared first on The Daily Hodl.", "source_name": "The Daily Hodl", "date": "Wed, 02 Feb 2022 05:15:47 -0500", "topics": [], "sentiment": "Neutral", "type": "Article", "tickers": ["BTC"]}, {"news_url": "https://www.investingcube.com/bitcoin-cash-price-prediction-for-2022-2025-and-2030%ef%bf%bc-cryptocurrencies/", "image_url": "https://crypto.snapi.dev/images/v1/e/r/crypto8-104810.jpg", "title": "Bitcoin Cash Price Prediction For 2022, 2025, and 2030\ufffc", "text": "Bitcoin Cash price\u00a0has remained below the critical level of $500 for around two months now amid the risk-off sentiment observed across financial assets. According to CoinMarketCap, it is ranked 28th\u00a0with a market capitalization of $5.54 billion.", "source_name": "InvestingCube", "date": "Wed, 02 Feb 2022 05:11:43 -0500", "topics": [], "sentiment": "Neutral", "type": "Article", "tickers": ["BCH", "BTC"]}, {"news_url": "https://cointelegraph.com/news/btc-price-faces-crucial-trend-battle-as-bitcoin-rsi-confirms-breakout", "image_url": "https://crypto.snapi.dev/images/v1/6/3/840-ahr0chm6ly9zmy5jb2ludgvszwdyyxbolmnvbs91cgxvywrzlziwmjitmdivyjdiytc0ywqtntjlyy00zdg3ltg3mwutyte2n2finzkzzwjjlmpwzw-104811.jpg", "title": "BTC price faces crucial trend battle as Bitcoin RSI confirms breakout", "text": "Bulls have something to celebrate after a classic on-chain metric prints its first major divergence in months.", "source_name": "Cointelegraph", "date": "Wed, 02 Feb 2022 05:09:14 -0500", "topics": [], "sentiment": "Positive", "type": "Article", "tickers": ["BTC"]}, {"news_url": "https://cointelegraph.com/news/diem-stablecoin-co-founder-praises-bitcoin-for-censorship-resistance", "image_url": "https://crypto.snapi.dev/images/v1/u/i/840-ahr0chm6ly9zmy5jb2ludgvszwdyyxbolmnvbs91cgxvywrzlziwmjitmdivzdkzmwrlndytzjrjoc00mmzlltlhmgytnzvhmwy4mgvhm2fjlmpwzw-104809.jpg", "title": "Diem stablecoin co-founder praises Bitcoin for censorship resistance", "text": "Meta's Diem co-creator David Marcus said that he was a \u201cbig fan of Bitcoin,\u201d calling it digital gold back in 2019.", "source_name": "Cointelegraph", "date": "Wed, 02 Feb 2022 05:05:20 -0500", "topics": ["stablecoins", "libra", "diem"], "sentiment": "Neutral", "type": "Article", "tickers": ["BTC"]}, {"news_url": "https://en.cryptonomist.ch/2022/02/02/microstrategy-bought-660-bitcoin/", "image_url": "https://crypto.snapi.dev/images/v1/r/r/microstrategy-btc-300x200-104806.jpg", "title": "MicroStrategy has bought a further 660 Bitcoin", "text": "Another $25 million was invested in January", "source_name": "The Cryptonomist", "date": "Wed, 02 Feb 2022 04:49:12 -0500", "topics": [], "sentiment": "Positive", "type": "Article", "tickers": ["BTC"]}, {"news_url": "https://en.cryptonomist.ch/2022/02/02/hack-bitfinex-new-movements-64000-bitcoin-stolen/", "image_url": "https://crypto.snapi.dev/images/v1/5/s/hack-bitfinex-bitcoin-300x200-104807.jpg", "title": "Bitfinex hack, new movements for 64,000 Bitcoin", "text": "This is half of the stolen BTC", "source_name": "The Cryptonomist", "date": "Wed, 02 Feb 2022 04:46:24 -0500", "topics": [], "sentiment": "Negative", "type": "Article", "tickers": ["BTC"]}, {"news_url": "https://en.cryptonomist.ch/2022/02/02/nft-news-sales-record-for-opensea-2/", "image_url": "https://crypto.snapi.dev/images/v1/2/n/bitcoin-analisys-1-300x200-104808.jpg", "title": "Bitcoin ($38.7k), Ethereum ($2.7k), Algorand Price Analyses", "text": "The Fear and Greed Index is 28 Fear", "source_name": "The Cryptonomist", "date": "Wed, 02 Feb 2022 04:42:37 -0500", "topics": [], "sentiment": "Neutral", "type": "Article", "tickers": ["ALGO", "BTC", "ETH"]}, {"news_url": "https://coingape.com/sec-vs-ripple-case-the-conclusion-will-make-sure-better-and-clear-rules-for-industry/", "image_url": "https://crypto.snapi.dev/images/v1/g/q/us-sec-ripple-xrp-104801.jpg", "title": "Will SEC Lose Or Label Most Cryptos A Security? Here's Why Ripple Holds Edge Over SEC", "text": "Crypto investors in the market are eagerly waiting for the outcome of the much-heated Ripple vs SEC case which many anticipate shall arrive by the first half of 2022. As of now, Ripple holds the edge as it continues to hold score more points against the SEC.", "source_name": "Coingape", "date": "Wed, 02 Feb 2022 04:39:50 -0500", "topics": ["regulations"], "sentiment": "Neutral", "type": "Article", "tickers": ["XRP"]}, {"news_url": "https://u.today/wonderland-co-founder-sifu-launders-another-2000-eth-in-last-12-hours?SNAPI", "image_url": "https://crypto.snapi.dev/images/v1/d/k/12424-104796.jpg", "title": "Wonderland Co-founder Sifu Launders Another 2,000 ETH in Last 12 Hours", "text": "Another batch of coins moved to coin mixing contract", "source_name": "UToday", "date": "Wed, 02 Feb 2022 04:18:00 -0500", "topics": [], "sentiment": "Neutral", "type": "Article", "tickers": ["ETH", "TIME"]}, {"news_url": "https://invezz.com/news/2022/02/02/solana-sol-rallies-amidst-phantoms-109m-funding-round/", "image_url": "https://crypto.snapi.dev/images/v1/w/j/168458368-m-104795.jpg", "title": "Solana (SOL) rallies amidst Phantom's $109M funding round", "text": "The price of Solana (SOL/USD) has been on a bullish trend this week. The uptrend comes as the cryptocurrency market attempts a recovery. Over the past week, SOL's price has gained by around 14.5%, from around $86 to $112. At the time of writing, SOL was trading at $109. While the all-time high is still [\u2026] The post Solana (SOL) rallies amidst Phantom's $109M funding round appeared first on Invezz.", "source_name": "Invezz", "date": "Wed, 02 Feb 2022 04:15:44 -0500", "topics": [], "sentiment": "Positive", "type": "Article", "tickers": ["SOL"]}, {"news_url": "https://www.dailyfx.com/forex/market_alert/2022/02/02/Bitcoin-Ethereum-Finds-Major-Resistance--Levels-to-Consider-RS.html", "image_url": "https://crypto.snapi.dev/images/v1/s/w/crypto7-104799.jpg", "title": "Bitcoin, Ethereum Finds Major Resistance \u2013 Levels to Consider", "text": "BTC and ETH have retraced off January lows rather unconvincingly thus far. Major resistance and wavering risk sentiment highlight a potential bearish continuation", "source_name": "DailyFX", "date": "Wed, 02 Feb 2022 04:05:00 -0500", "topics": [], "sentiment": "Positive", "type": "Article", "tickers": ["BTC", "ETH"]}, {"news_url": "https://bitcoinist.com/saylor-dorsey-at-bitcoin-for-corporations/", "image_url": "https://crypto.snapi.dev/images/v1/r/v/saylordorsey-640x269-104792.jpg", "title": "Saylor & Dorsey At \u201cBitcoin for Corporations,\u201d What Did We Learn?", "text": "Since he left Twitter, Jack Dorsey looks like a new man. A man on a mission without the constraints a billion-dollar business put around your neck.", "source_name": "Bitcoinist", "date": "Wed, 02 Feb 2022 03:58:17 -0500", "topics": [], "sentiment": "Neutral", "type": "Article", "tickers": ["BTC"]}, {"news_url": "https://beincrypto.com/jack-dorsey-meta-better-used-time-bitcoin/", "image_url": "https://crypto.snapi.dev/images/v1/6/1/61f9586d415c3f0018d3eb25formatjpeg-104607-104843.jpg", "title": "Jack Dorsey Says Meta Would Have Better Used Its Time on Bitcoin", "text": "Block CEO Jack Dorsey said that Meta should not have focused resources on its stablecoin project Diem, but bitcoin instead. The post Jack Dorsey Says Meta Would Have Better Used Its Time on Bitcoin appeared first on BeInCrypto.", "source_name": "BeInCrypto", "date": "Wed, 02 Feb 2022 03:55:30 -0500", "topics": [], "sentiment": "Neutral", "type": "Article", "tickers": ["BTC"]}, {"news_url": "https://cointelegraph.com/news/microstrategy-lost-146m-to-bitcoin-impairment-charges-in-q4-2021", "image_url": "https://crypto.snapi.dev/images/v1/h/5/840-ahr0chm6ly9zmy5jb2ludgvszwdyyxbolmnvbs91cgxvywrzlziwmjitmdivmjjiymjjoditodninc00mde5lwi4ogytyzgyztc4y2e3mdaxlmpwzw-104790.jpg", "title": "Microstrategy lost $146M to Bitcoin impairment charges in Q4 2021", "text": "MicroStrategy currently holds a total of 125,051 BTC acquired for $3.78 billion at an average price of $30,200 per Bitcoin.", "source_name": "Cointelegraph", "date": "Wed, 02 Feb 2022 03:45:05 -0500", "topics": [], "sentiment": "Negative", "type": "Article", "tickers": ["BTC"]}, {"news_url": "https://cryptonews.com/news/another-case-for-bitcoin-as-lebanon-reportedly-targets-depositors-fiat.htm", "image_url": "https://crypto.snapi.dev/images/v1/z/t/adobestock-60195266-104787.jpg", "title": "Another Case for Bitcoin as Lebanon Reportedly Targets Depositors' Fiat", "text": "Lebanon allegedly plans to forcibly convert foreign currency holdings to its floundering pound (LBP), once again building a case for Bitcoin (BTC).\u00a0", "source_name": "Cryptonews", "date": "Wed, 02 Feb 2022 03:43:00 -0500", "topics": [], "sentiment": "Neutral", "type": "Article", "tickers": ["BTC"]}, {"news_url": "https://cryptopotato.com/solana-pay-launches-into-crowded-digital-payments-space/", "image_url": "https://crypto.snapi.dev/images/v1/l/o/solana-cover-104782.jpg", "title": "Solana Pay Launches Into Crowded Digital Payments Space", "text": "Solana has launched a Solana Pay service as it tries to compete with the big boys in the realm of payment apps, but is the network up to the task?", "source_name": "CryptoPotato", "date": "Wed, 02 Feb 2022 03:25:37 -0500", "topics": [], "sentiment": "Positive", "type": "Article", "tickers": ["SOL"]}, {"news_url": "https://beincrypto.com/bitcoin-btc-rejected-on-first-attempt-at-moving-back-above-39000/", "image_url": "https://crypto.snapi.dev/images/v1/m/5/bic-btc-on-chain-analysisjpgoptimal-104780.jpg", "title": "Bitcoin (BTC) Rejected on First Attempt at Moving Back Above $39,000", "text": "Bitcoin (BTC) has been moving upwards since Jan 24 and has now reached a long-term descending resistance line. An eventual breakout from this line is expected.", "source_name": "BeInCrypto", "date": "Wed, 02 Feb 2022 03:11:30 -0500", "topics": [], "sentiment": "Negative", "type": "Article", "tickers": ["BTC"]}, {"news_url": "https://dailyhodl.com/2022/02/02/heres-whats-coming-for-bitcoin-btc-ethereum-eth-and-algorand-algo-in-2022-investanswers/", "image_url": "https://crypto.snapi.dev/images/v1/5/a/btc-eth-algo-2022jpgfit10242c600ssl1-104783.jpg", "title": "Here's What's Coming for Bitcoin (BTC), Ethereum (ETH) and Algorand (ALGO) in 2022: InvestAnswers", "text": "A popular crypto analyst is setting price targets for three crypto assets as the markets try to bounce back from a shaky start to 2022. In a new strategy session, the host of financial education YouTube channel InvestAnswers shares with his 407,000 subscribers a Bitcoin (BTC) chart from CryptoStackers founder Forrest Przybysz. The chart features [\u2026] The post Here's What's Coming for Bitcoin (BTC), Ethereum (ETH) and Algorand (ALGO) in 2022: InvestAnswers appeared first on The Daily Hodl.", "source_name": "The Daily Hodl", "date": "Wed, 02 Feb 2022 03:04:11 -0500", "topics": [], "sentiment": "Neutral", "type": "Article", "tickers": ["ALGO", "BTC", "ETH"]}, {"news_url": "https://coinpedia.org/altcoin/sol-price-primed-to-hit-250-this-quarter/", "image_url": "https://crypto.snapi.dev/images/v1/f/t/crypto6-104779.jpg", "title": "Will This Be Solana's Trump Card To Counter Its Limitations? Is SOL Price Primed To Hit $250 This Quarter?", "text": "The world of digital assets is all suited up to embrace positive changes and events in the business. Whilst crypto assets from the business's directory have been portraying constructive candles. Which has brought in a glimpse of hope amongst folks from the crypto town. The space's seventh-largest cryptocurrency Solana has been striding into the talks \u2026", "source_name": "CoinPedia", "date": "Wed, 02 Feb 2022 02:55:34 -0500", "topics": [], "sentiment": "Neutral", "type": "Article", "tickers": ["SOL"]}, {"news_url": "https://coinpedia.org/price-analysis/btc-price-may-restest-36k-level-before-surging/", "image_url": "https://crypto.snapi.dev/images/v1/i/r/crypto5-104778.jpg", "title": "Bitcoin Price Stuck in a Range, This is When BTC Price Will Surge Above $40k!", "text": "Bitcoin price is rising constantly ever since the asset hit its monthly lows below $33,000. The asset is constantly forming multiple highs and lows in the middle-time frame and following a notable uptrend channel. While the speculations of the BTC price hitting above $40,000 were hovering within the space, the star crypto may manifest a \u2026", "source_name": "CoinPedia", "date": "Wed, 02 Feb 2022 02:52:48 -0500", "topics": [], "sentiment": "Neutral", "type": "Article", "tickers": ["BTC"]}, {"news_url": "https://www.cryptopolitan.com/tom-emmer-legislator-take-salary-in-bitcoin/", "image_url": "https://crypto.snapi.dev/images/v1/p/8/the-giving-block-104775.jpg", "title": "Tom Emmer emerges first US legislator to take salary in Bitcoin", "text": "TL;DR Breakdown Tom Emmer set to begin receiving salary in Bitcoin. Believes crypto is the next step in financial evolution.", "source_name": "Cryptopolitan", "date": "Wed, 02 Feb 2022 02:38:25 -0500", "topics": [], "sentiment": "Neutral", "type": "Article", "tickers": ["BTC"]}, {"news_url": "https://coinpedia.org/ethereum/eth-price-to-clinch-5000-milestone-by-march/", "image_url": "https://crypto.snapi.dev/images/v1/h/z/crypto4-104773.jpg", "title": "Ethereum Mania To Resume! ETH Price To Clinch $5000 Milestone By March If This Continues!", "text": "Ethereum price appears to be out of the woods with as star altcoin formed an optimistic outlook. The prevailing chart pattern and on-chain metrics project a 100% upswing if the token flips $3300. The two crucial local resistances $2,900 and $3,300 could become crucial to pass and confirm the upward move.\u00a0 The altcoin leader is \u2026", "source_name": "CoinPedia", "date": "Wed, 02 Feb 2022 02:37:01 -0500", "topics": [], "sentiment": "Positive", "type": "Article", "tickers": ["ETH"]}, {"news_url": "https://www.cryptopolitan.com/chivo-wallet-el-salvador-set-to-launch-updated-version/", "image_url": "https://crypto.snapi.dev/images/v1/q/p/18fd2f6b-8354-4070-9590-87aa7f44a058-104768.jpeg", "title": "Chivo wallet: El Salvador set to launch an updated wallet", "text": "TL; DR Breakdown El Salvador set to launch updated Chivo wallet AlphaPoint will develop the updated wallet El Salvador plans to build 1,500 Bitcoin ATMs Since the launch of Bitcoin, there have been many companies and individuals that have been talking positively about the assets. One such has been bitcoin savvy country El Salvador.", "source_name": "Cryptopolitan", "date": "Wed, 02 Feb 2022 02:21:36 -0500", "topics": [], "sentiment": "Positive", "type": "Article", "tickers": ["BTC"]}, {"news_url": "https://www.benzinga.com/markets/cryptocurrency/22/02/25357938/microstrategy-reports-147m-impairment-charges-on-bitcoin-in-q4-but-its-not-backing-down?SNAPI", "image_url": "https://crypto.snapi.dev/images/v1/o/w/bitcoin-g13a7958e3-1280-104764.jpg", "title": "MicroStrategy Reports $147M Impairment Charges On Bitcoin In Q4 \u2014 But It's Not Backing Down", "text": "MicroStrategy Inc.", "source_name": "Benzinga", "date": "Wed, 02 Feb 2022 01:55:00 -0500", "topics": [], "sentiment": "Negative", "type": "Article", "tickers": ["BTC"]}, {"news_url": "https://coingape.com/el-salvador-deploys-1500-btc-atms-relaunch-chivo-wallet-success-could-usher-a-crypto-revolution/", "image_url": "https://crypto.snapi.dev/images/v1/k/9/bitcoin-atm-104763.jpg", "title": "El Salvador Deploys 1500 BTC ATMs, Relaunch Chivo Wallet; Success Could Usher A Crypto Revolution", "text": "El Salvador was the first nation which accepts Bitcoin(BTC) as a legal tender, and the country is now focusing on relaunching the Chivo wallet. The El Salvador Nayib Bukele led government focuses on Chivo wallet's stability and uptime, scalability, and social impact.", "source_name": "Coingape", "date": "Wed, 02 Feb 2022 01:35:52 -0500", "topics": [], "sentiment": "Positive", "type": "Article", "tickers": ["BTC"]}, {"news_url": "https://beincrypto.com/bitcoin-ethereum-on-chain-metrics-decline-nfts-buck-trend/", "image_url": "https://crypto.snapi.dev/images/v1/j/z/bic-onchain-analysis-btc-ethjpgoptimal-104759.jpg", "title": "Bitcoin and Ethereum On-chain Metrics in Decline But NFTs Buck the Trend", "text": "Major on-chain metrics and activity for Bitcoin and Ethereum have been in decline over the past month according to recent analytics. The post Bitcoin and Ethereum On-chain Metrics in Decline But NFTs Buck the Trend appeared first on BeInCrypto.", "source_name": "BeInCrypto", "date": "Wed, 02 Feb 2022 01:23:31 -0500", "topics": ["NFT"], "sentiment": "Negative", "type": "Article", "tickers": ["BTC", "ETH"]}, {"news_url": "https://coinpedia.org/bitcoin/bitcoin-btc-price-still-has-a-long-way-to-go/", "image_url": "https://crypto.snapi.dev/images/v1/k/z/crypto20-104757.jpg", "title": "Bitcoin (BTC) Price Still Has a Long Way To Go, No ATH AnyTime Soon! Here's Why\ufffc", "text": "The worst month for bitcoin since the pandemic-induced panic selling of March 2020 was January 2022, although the price is showing signs of recovery. However, the price of Bitcoin has recovered above $38,000, ether has broken above the $2,750 resistance zone, and SOL has climbed over 20% to begin a robust recovery. Jason Pizzino, a \u2026", "source_name": "CoinPedia", "date": "Wed, 02 Feb 2022 01:07:41 -0500", "topics": [], "sentiment": "Neutral", "type": "Article", "tickers": ["BTC"]}, {"news_url": "https://www.cryptoglobe.com/latest/2022/02/fidelity-bitcoin-btc-has-the-potential-to-be-the-primary-monetary-good/", "image_url": "https://crypto.snapi.dev/images/v1/i/g/dmitry-demidko-ebwzfkaheau-unsplash-104754.jpg", "title": "Fidelity: Bitcoin ($BTC) \u2018Has the Potential to Be the Primary Monetary Good'", "text": "In a new report published by Fidelity Digital Assets, the multinational brokerage giant has argued that Bitcoin is a \u201csuperior form of money\u201d that could be the \u201cprimary monetary good\u201d and that its technological breakthrough was based on that superiority, and not as a superior payment technology. As reported by Cointelegraph, Fidelity's report titled \u201cBitcoin [\u2026]", "source_name": "CryptoGlobe", "date": "Wed, 02 Feb 2022 00:26:00 -0500", "topics": [], "sentiment": "Positive", "type": "Article", "tickers": ["BTC"]}, {"news_url": "https://www.newsbtc.com/analysis/eth/ethereum-resistance-surge-2800/", "image_url": "https://crypto.snapi.dev/images/v1/g/k/shutterstock-1249579717-104752.jpg", "title": "TA: Ethereum Breaking This Confluence Resistance Could Spark a Fresh Surge", "text": "Ethereum gained pace above the $2,700 resistance against the US Dollar. ETH price could extend gains if there is a clear move above the $2,800 resistance.", "source_name": "NewsBTC", "date": "Wed, 02 Feb 2022 00:08:04 -0500", "topics": ["tanalysis"], "sentiment": "Neutral", "type": "Article", "tickers": ["ETH"]}, {"news_url": "https://invezz.com/news/2022/02/02/alphapoint-to-power-el-salvadors-chivo-first-national-bitcoin-wallet/", "image_url": "https://crypto.snapi.dev/images/v1/r/t/bitcoin-volatility-104749.jpg", "title": "AlphaPoint to power El Salvador's Chivo, first national Bitcoin wallet", "text": "AlphaPoint, white label infrastructure providing software infrastructure technology, is supporting Chivo and integrating its entire financial ecosystem, Invezz learned from a press release. Chivo is the first national crypto wallet in the world with almost 4.5 million active users in El Salvador. The government deposited $30 in Bitcoin in every El Salvadoran's wallet as \u2018seed [\u2026] The post AlphaPoint to power El Salvador's Chivo, first national Bitcoin wallet appeared first on Invezz.", "source_name": "Invezz", "date": "Tue, 01 Feb 2022 23:39:07 -0500", "topics": [], "sentiment": "Neutral", "type": "Article", "tickers": ["BTC"]}, {"news_url": "https://cryptonews.com/news/bitcoin-ethereum-still-consolidate-etc-leo-rally.htm", "image_url": "https://crypto.snapi.dev/images/v1/d/4/61f985c44faa730018ff4a3aformatjpeg-104653-104747.jpg", "title": "Bitcoin and Ethereum Still Consolidate, ETC and LEO Rally", "text": "Bitcoin price started a steady increase above the USD 38,000 resistance. BTC even traded above the USD 38,800 but faced sellers near USD 39,200. It is currently (04:19 UTC) consolidating, with a strong support near USD 37,800.", "source_name": "Cryptonews", "date": "Tue, 01 Feb 2022 23:29:00 -0500", "topics": [], "sentiment": "Positive", "type": "Article", "tickers": ["BTC", "ETH"]}, {"news_url": "https://www.cryptopolitan.com/bitcoin-ethereum-uniswap-and-algorand-daily-price-analyses-1-february-roundup/", "image_url": "https://crypto.snapi.dev/images/v1/w/z/roundup-v2-5-104746.png", "title": "Bitcoin, Ethereum, Uniswap, and Algorand Daily Price Analyses \u2013 1 February Roundup", "text": "TL;DR Breakdown The global crypto market is again in the doldrums, losing 5.66% in 24 hours. Bitcoin is in a bullish mood has added 0.55% in the last 24 hours.", "source_name": "Cryptopolitan", "date": "Tue, 01 Feb 2022 22:58:39 -0500", "topics": [], "sentiment": "Neutral", "type": "Article", "tickers": ["ALGO", "BTC", "ETH", "UNI"]}, {"news_url": "https://bitcoinmagazine.com/culture/make-bitcoin-legal-tender-momentum-grows", "image_url": "https://crypto.snapi.dev/images/v1/7/o/bitcoin-magazine-redblue-800x529-104745.png", "title": "The 'Make Bitcoin Legal Tender' Momentum Grows", "text": "It's been one hell of a week for the \"Make Bitcoin Legal Tender\" movement across North America.", "source_name": "Bitcoin Magazine", "date": "Tue, 01 Feb 2022 22:30:00 -0500", "topics": [], "sentiment": "Positive", "type": "Article", "tickers": ["BTC"]}, {"news_url": "https://www.cryptoglobe.com/latest/2022/02/bitcoin-btc-share-of-assets-held-in-crypto-investment-products-increased-to-69-5-in-january/", "image_url": "https://crypto.snapi.dev/images/v1/f/x/financial-2860753-1280-104744.jpg", "title": "Bitcoin ($BTC) Share of Assets Held in Crypto Investment Products Increased to 69.5% in January", "text": "In January, the price of most cryptocurrencies tumbled, with BTC dropping over 20% and ETH over 30% in a continued decline from all-time highs seen in November of last year. \u00a0Over the decline, Bitcoin's share of total assets held in cryptocurrency investment products rose to 69.5%. According to CryptoCompare's latest Digital Asset Management Review, macro [\u2026]", "source_name": "CryptoGlobe", "date": "Tue, 01 Feb 2022 22:20:00 -0500", "topics": [], "sentiment": "Positive", "type": "Article", "tickers": ["BTC"]}, {"news_url": "https://www.newsbtc.com/analysis/btc/bitcoin-lacks-momentum-38-5k/", "image_url": "https://crypto.snapi.dev/images/v1/e/u/shutterstock-749757757-scaled-104743.jpg", "title": "TA: Bitcoin Lacks Momentum Above $38.5K, But Dips Likely To Be Limited", "text": "Bitcoin extended increase above the $38,800 resistance zone against the US Dollar. BTC is now struggling near $39,200 and might correct a few points.", "source_name": "NewsBTC", "date": "Tue, 01 Feb 2022 22:08:17 -0500", "topics": ["tanalysis"], "sentiment": "Negative", "type": "Article", "tickers": ["BTC"]}, {"news_url": "https://www.forbes.com/sites/cbovaird/2022/02/01/bitcoin-has-been-trading-south-of-40000-wheres-it-headed-next/", "image_url": "https://crypto.snapi.dev/images/v1/r/x/bitcoin-has-been-trading-south-of-40000wheres-it-headed-next-104742.jpg", "title": "Bitcoin Has Been Trading South Of $40,000\u2014Where's It Headed Next?", "text": "Bitcoin prices have been stuck below $40,000 since January 20 and reached a more-than six-month low on January 24. Where will the cryptocurrency go next? Several analysts weigh in.", "source_name": "Forbes", "date": "Tue, 01 Feb 2022 21:54:23 -0500", "topics": [], "sentiment": "Neutral", "type": "Article", "tickers": ["BTC"]}, {"news_url": "https://www.benzinga.com/markets/cryptocurrency/22/02/25357520/bitcoin-ethereum-dogecoin-trudge-higher-as-dollar-index-falls-why-these-trading-levels-are?SNAPI", "image_url": "https://crypto.snapi.dev/images/v1/d/r/1-2-0-104739.png", "title": "Bitcoin, Ethereum, Dogecoin Trudge Higher As Dollar Index Falls \u2014 Why These Trading Levels Are Still 'Dangerous'", "text": "Major coins traded in the green at press time as the global cryptocurrency market cap rose 1.2% to $1.85 trillion.", "source_name": "Benzinga", "date": "Tue, 01 Feb 2022 21:14:00 -0500", "topics": [], "sentiment": "Positive", "type": "Article", "tickers": ["BTC", "DOGE", "ETH"]}, {"news_url": "https://decrypt.co/91831/bitcoin-options-traders-turn-bearish-report", "image_url": "https://crypto.snapi.dev/images/v1/h/h/shutterstock-1041614812-1-gid-4-104736.jpg", "title": "Bitcoin Options Traders Turn Bearish: Report", "text": "Options traders are demanding put options over calls, but are generally hesitant to bet on Bitcoin's next movements, according to a report from Arcane Research.", "source_name": "Decrypt", "date": "Tue, 01 Feb 2022 20:33:54 -0500", "topics": [], "sentiment": "Negative", "type": "Article", "tickers": ["BTC"]}, {"news_url": "https://news.bitcoin.com/el-salvador-rejects-imf-call-to-abandon-bitcoin-as-legal-tender/", "image_url": "https://crypto.snapi.dev/images/v1/v/s/el-salvador-104735.jpg", "title": "El Salvador Rejects IMF Call to Abandon Bitcoin as Legal Tender", "text": "El Salvador has rejected the recommendation by the International Monetary Fund (IMF) to drop bitcoin as legal tender. The country's finance minister reportedly \u201cangrily\u201d said, \u201cNo international organization is going to make us do anything, anything at all.\u201d El Salvador Says No to IMF on Bitcoin The government of El Salvador has rejected a recommendation [\u2026]", "source_name": "Bitcoin", "date": "Tue, 01 Feb 2022 20:30:34 -0500", "topics": [], "sentiment": "Negative", "type": "Article", "tickers": ["BTC"]}, {"news_url": "https://coinpedia.org/bitcoin/bitcoin-price-an-inch-close-to-make-a-huge-move-target-at-42k-appears-pretty-clear/", "image_url": "https://crypto.snapi.dev/images/v1/a/m/rythik-a-p-6tfvgf8-unsplash-2-103700-103888-104144-104426-104733.jpg", "title": "Bitcoin Price an Inch Close to Make a Huge Move, Target at $42K Appears Pretty Clear!", "text": "Bitcoin in recent times is making some strong calculated moves that are working out. As the price is ranging high steadily despite some of the minor pullbacks which is short-lived. The last fortnight witnessed a rise in the buying volume and hence the BTC price is planning its next plot accordingly. However, crucial zones need \u2026", "source_name": "CoinPedia", "date": "Tue, 01 Feb 2022 20:26:04 -0500", "topics": [], "sentiment": "Positive", "type": "Article", "tickers": ["BTC"]}, {"news_url": "https://www.cryptoglobe.com/latest/2022/02/morgan-stanley-on-bitcoin-crash-keep-calm-and-carry-on/", "image_url": "https://crypto.snapi.dev/images/v1/b/1/peter-brandt-bitcoin-xrp-104732.jpg", "title": "Morgan Stanley on Bitcoin \u2018Crash': Keep Calm and Carry On", "text": "Analysts at Morgan Stanley have, in a research note titled \u201cState of the Bear Market,\u201d downplayed bitcoin's 50% correction from its all-time high seen in November as the figures show the drop was within historical norms. According to CoinDesk, the bank's head of cryptocurrency research Sheena Shah pointed out that estimating the fair value of [\u2026]", "source_name": "CryptoGlobe", "date": "Tue, 01 Feb 2022 20:20:00 -0500", "topics": [], "sentiment": "Neutral", "type": "Article", "tickers": ["BTC"]}, {"news_url": "https://cryptoslate.com/is-bitcoin-in-for-a-short-squeeze-4-bullish-trends-to-look-out-for/", "image_url": "https://crypto.snapi.dev/images/v1/e/b/bitcoin-bullish-trend-104729.jpg", "title": "Is Bitcoin in for a short Squeeze? 4 bullish trends to look out for", "text": "Bitcoin is now into its 12th week of the prevailing drawdown since the all-time-high, and derivatives traders are betting on more downwards movements by the premiere cryptocurrency. The post Is Bitcoin in for a short Squeeze?", "source_name": "CryptoSlate", "date": "Tue, 01 Feb 2022 20:01:16 -0500", "topics": [], "sentiment": "Positive", "type": "Article", "tickers": ["BTC"]}, {"news_url": "https://www.newsbtc.com/news/bitcoin/bitcoin-market-dominance-hit-highest-since-november-2021-no-alt-season-in-sight/", "image_url": "https://crypto.snapi.dev/images/v1/r/t/16436760653989-104730.jpg", "title": "Bitcoin Market Dominance Hit Highest Since November 2021, No Alt Season in Sight", "text": "After reaching its biggest market capitalization dominance since November 2021 last week, Bitcoin is regaining market share from altcoins. The pioneer momentarily accounted for almost 42% of the global crypto market cap in late January, according to CoinMarketCap data.", "source_name": "NewsBTC", "date": "Tue, 01 Feb 2022 20:00:46 -0500", "topics": [], "sentiment": "Positive", "type": "Article", "tickers": ["BTC"]}, {"news_url": "https://www.newsbtc.com/news/solanas-outlook-bullish-post-phantoms-fundraising-round/", "image_url": "https://crypto.snapi.dev/images/v1/u/m/solana-scaled-104728.jpeg", "title": "Solana's Outlook Bullish Post Phantom's Fundraising Round", "text": "Solana was on rebound as the coin was seen trading above the $100 mark. At the time of writing, Solana was exchanging hands at $107.82.", "source_name": "NewsBTC", "date": "Tue, 01 Feb 2022 20:00:07 -0500", "topics": [], "sentiment": "Positive", "type": "Article", "tickers": ["SOL"]}, {"news_url": "https://www.theblockcrypto.com/linked/132735/microstrategy-will-continue-to-buy-btc-despite-146-6-million-in-q4-impairment-losses", "image_url": "https://crypto.snapi.dev/images/v1/y/g/20201207-microstrategy-daily-800x450-104726.jpg", "title": "MicroStrategy will continue to buy BTC despite 146.6 million in Q4 impairment charges", "text": "MicroStrategy plans to continue investing its free flows into bitcoin, and expects its investors to think of it as a vehicle for crypto exposure. The post MicroStrategy will continue to buy BTC despite 146.6 million in Q4 impairment charges appeared first on The Block.", "source_name": "The Block", "date": "Tue, 01 Feb 2022 19:53:57 -0500", "topics": [], "sentiment": "Positive", "type": "Article", "tickers": ["BTC"]}, {"news_url": "https://decrypt.co/91824/bitcoin-mining-carbon-emissions-inconsequential-levels-coinshares", "image_url": "https://crypto.snapi.dev/images/v1/0/x/shutterstock-778670602-gid-5-104727.jpg", "title": "Bitcoin Mining Carbon Emissions at 'Inconsequential' Levels: CoinShares", "text": "CoinShares contends in a new report that concerns over Bitcoin mining's energy use and carbon emissions are overblown.", "source_name": "Decrypt", "date": "Tue, 01 Feb 2022 19:52:00 -0500", "topics": ["mining"], "sentiment": "Neutral", "type": "Article", "tickers": ["BTC"]}, {"news_url": "https://www.coindesk.com/business/2022/02/02/sec-asks-bitwise-to-address-concerns-about-proposed-spot-bitcoin-etf/", "image_url": "https://crypto.snapi.dev/images/v1/o/8/7x5fy23sozdkjguil72n4kdurq-104725.jpg", "title": "SEC Asks Bitwise to Address Concerns About Proposed Spot Bitcoin ETF", "text": "The SEC's concerns include possible share manipulation and liquidity.", "source_name": "Coindesk", "date": "Tue, 01 Feb 2022 19:43:00 -0500", "topics": ["regulations"], "sentiment": "Negative", "type": "Article", "tickers": ["BTC"]}, {"news_url": "https://bitcoinmagazine.com/markets/fed-cbdc-vision-is-opposed-to-bitcoin", "image_url": "https://crypto.snapi.dev/images/v1/b/t/dtrh-surveillance-104722.png", "title": "As The Fed Outlines CBDC Principles, It Reveals Antithesis To Bitcoin", "text": "The Federal Reserve recently outlined its considerations for a U.S. CBDC, confirming that it would be diametrically opposed to Bitcoin.", "source_name": "Bitcoin Magazine", "date": "Tue, 01 Feb 2022 19:30:00 -0500", "topics": [], "sentiment": "Negative", "type": "Article", "tickers": ["BTC"]}, {"news_url": "https://bitcoinmagazine.com/markets/is-this-a-bitcoin-super-cycle", "image_url": "https://crypto.snapi.dev/images/v1/w/u/discussing-bitcoin-freedom-vs-government-servitude-104721.png", "title": "Is This A Bitcoin Super Cycle?", "text": "Discussing whether we are currently experiencing a bitcoin super cycle.", "source_name": "Bitcoin Magazine", "date": "Tue, 01 Feb 2022 19:26:07 -0500", "topics": [], "sentiment": "Neutral", "type": "Article", "tickers": ["BTC"]}, {"news_url": "https://www.newsbtc.com/news/bitcoin-price-rises-as-el-salvador-rejects-imf-call-to-ditch-btc/", "image_url": "https://crypto.snapi.dev/images/v1/i/g/imf-104720.png", "title": "Bitcoin Price Rises As El Salvador Rejects IMF Call To Ditch BTC", "text": "Bitcoin started rising with the news El Salvador rejected the IMF request to drain BTC as a currency. In response, Bitcoin grew to a 14-day high price level, adding more than a quarter trillion US dollars into the crypto market.", "source_name": "NewsBTC", "date": "Tue, 01 Feb 2022 19:06:06 -0500", "topics": [], "sentiment": "Positive", "type": "Article", "tickers": ["BTC"]}, {"news_url": "https://bitcoinist.com/microstrategy-buys-660-more-btc-for-25-million/", "image_url": "https://crypto.snapi.dev/images/v1/w/s/microstrategy-640x341-104718.jpg", "title": "MicroStrategy Buys 660 More BTC For $25 Million", "text": "In a world where many businesses are cutting back on spending, it's refreshing to see one enter the market with an acquisition. The NASDAQ-listed business intelligence giant MicroStrategy, to stay trustworthy and loyal with their word of acquisition for bitcoins no matter what \u2013 even during this recent bitcoin selloff, has announced another purchase worth [\u2026]", "source_name": "Bitcoinist", "date": "Tue, 01 Feb 2022 19:00:33 -0500", "topics": [], "sentiment": "Positive", "type": "Article", "tickers": ["BTC"]}, {"news_url": "https://www.newsbtc.com/news/bloody-altcoin-january-shows-why-bitcoin-remains-the-crypto-safe-haven/", "image_url": "https://crypto.snapi.dev/images/v1/8/n/cash-omr5smpx0bo-unsplash-104731.jpg", "title": "Bloody Altcoin January Shows Why Bitcoin Remains The Crypto Safe Haven", "text": "Bitcoin has outperformed all crypto Market Cap-Weighted Indexes in January as traders turn to less risky assets amidst fear over the Federal Reserve tightening, thus the king of digital assets claims its position as crypto's safe heaven. Related Reading |\u00a0Bitcoin Begins To Form A Bottom?", "source_name": "NewsBTC", "date": "Tue, 01 Feb 2022 18:59:01 -0500", "topics": [], "sentiment": "Positive", "type": "Article", "tickers": ["BTC"]}, {"news_url": "https://www.newsbtc.com/news/bitcoin/bitcoin-volatility-drops-to-15-month-low-what-this-could-mean/", "image_url": "https://crypto.snapi.dev/images/v1/v/w/jetty-ge460966fd-1280-104716.jpg", "title": "Bitcoin Volatility Drops To 15 Month Low; What This Could Mean", "text": "Is this the calm before the storm? Bitcoin volatility is seldom this steady.", "source_name": "NewsBTC", "date": "Tue, 01 Feb 2022 18:57:10 -0500", "topics": [], "sentiment": "Neutral", "type": "Article", "tickers": ["BTC"]}, {"news_url": "https://coinpedia.org/altcoin/polkadot-price-poised-to-enter-top-5-if-this-happens/", "image_url": "https://crypto.snapi.dev/images/v1/2/n/dot-3-98620-104713.jpg", "title": "Polkadot Poised To Enter Top 5 If This Happens! $50 Milestone On The Cards By March?", "text": "Polkadot price has been clutching onto crucial bottom zones since January last week. The healthy consolidation seems to be inevitable to initiate a new leg-up for the altcoin. Hence, traders need to open up the position themselves to take advantage of this positive upswing.\u00a0\u00a0\u00a0\u00a0 Polkadot Has Kickstarted Its Recovery!\u00a0\u00a0\u00a0 DOT price experienced a steep fall \u2026", "source_name": "CoinPedia", "date": "Tue, 01 Feb 2022 18:48:00 -0500", "topics": [], "sentiment": "Positive", "type": "Article", "tickers": ["DOT"]}, {"news_url": "https://decrypt.co/91807/drew-brees-bitcoin-nydig-savings-plan", "image_url": "https://crypto.snapi.dev/images/v1/k/3/drew-brees-gid-4-104715.jpeg", "title": "Drew Brees to Get Paid in Bitcoin via NYDIG's BTC Savings Plan", "text": "Brees will take part of his salary in Bitcoin and offer the option to his employees as well.", "source_name": "Decrypt", "date": "Tue, 01 Feb 2022 18:46:31 -0500", "topics": [], "sentiment": "Positive", "type": "Article", "tickers": ["BTC"]}, {"news_url": "https://www.youtube.com/watch?v=3VVBqvGikuc", "image_url": "https://crypto.snapi.dev/images/v1/8/n/jack-dorsey-praises-bitcoin-104714.jpg", "title": "Jack Dorsey Praises Bitcoin", "text": "Bloomberg's Kurt Wagner joins Emily Chang to discuss Jack Dorsey's comments on Bitcoin from his keynote at the MicroStrategy World 2022 conference. They also discuss Dorsey saying Facebook would have been better off focusing on making Bitcoin more accessible, rather than trying to set up Diem.", "source_name": "Bloomberg Technology", "date": "Tue, 01 Feb 2022 18:37:28 -0500", "topics": [], "sentiment": "Positive", "type": "Video", "tickers": ["BTC"]}, {"news_url": "https://news.bitcoin.com/microstrategy-buys-660-bitcoins-total-holdings-125051-btc/", "image_url": "https://crypto.snapi.dev/images/v1/h/n/microstrategy-104711.jpg", "title": "Microstrategy Buys 660 More Bitcoins \u2014Total Holdings Rise to 125,051 BTC", "text": "Nasdaq-listed Microstrategy has bought 660 more bitcoins at an average price of $37,865 per coin, bringing the total crypto holdings of the company to 125,051 bitcoins. \u201cOur strategy with bitcoin has been to buy and hold, so to the extent we have excess cash flows or we find other ways to raise money, we continue [\u2026]", "source_name": "Bitcoin", "date": "Tue, 01 Feb 2022 18:30:30 -0500", "topics": ["bitcoin"], "sentiment": "Positive", "type": "Article", "tickers": ["BTC"]}, {"news_url": "https://dailyhodl.com/2022/02/01/bitcoin-will-need-help-from-the-stock-market-to-kick-off-reversal-according-to-crypto-analyst-benjamin-cowen/", "image_url": "https://crypto.snapi.dev/images/v1/d/n/bitcoin-kick-off-reversaljpgfit10242c600ssl1-104708.jpg", "title": "Bitcoin Will Need Help From the Stock Market To Kick Off Reversal, According to Crypto Analyst Benjamin Cowen", "text": "A popular crypto analyst is looking at historical Bitcoin (BTC) trends as well as the US stock market to determine when the cryptocurrency might regain some positive momentum. In a new strategy session, Benjamin Cowen tells his 705,000 YouTube subscribers that steep corrections like the one Bitcoin has experienced since reaching an all-time high above [\u2026] The post Bitcoin Will Need Help From the Stock Market To Kick Off Reversal, According to Crypto Analyst Benjamin Cowen appeared first on The Daily Hodl.", "source_name": "The Daily Hodl", "date": "Tue, 01 Feb 2022 18:05:17 -0500", "topics": [], "sentiment": "Neutral", "type": "Article", "tickers": ["BTC"]}, {"news_url": "https://dailyhodl.com/2022/02/01/bitcoin-on-chain-environment-suggesting-bullish-undertones-according-to-analytics-firm-glassnode/", "image_url": "https://crypto.snapi.dev/images/v1/g/t/bitcoin-on-chain-environmentjpgfit10242c600ssl1-104709.jpg", "title": "Bitcoin On-Chain Environment Suggesting Bullish Undertones, According to Analytics Firm Glassnode", "text": "Blockchain analytics firm Glassnode says that Bitcoin's on-chain fundamentals have hints of bullishness, suggesting that recent market correction could be close to over. In its latest report, Glassnode says that while most derivatives traders are betting on more downside for BTC, on-chain models are hinting that\u00a0a more bullish undertone is in play. The firm says [\u2026] The post Bitcoin On-Chain Environment Suggesting Bullish Undertones, According to Analytics Firm Glassnode appeared first on The Daily Hodl.", "source_name": "The Daily Hodl", "date": "Tue, 01 Feb 2022 18:01:06 -0500", "topics": [], "sentiment": "Positive", "type": "Article", "tickers": ["BTC"]}, {"news_url": "https://www.newsbtc.com/news/bitcoin/bitcoin-inflows-suggest-institutional-investors-are-moving-back-into-the-market/", "image_url": "https://crypto.snapi.dev/images/v1/n/9/bitcoin-flow-104704.jpeg", "title": "Bitcoin Inflows Suggest Institutional Investors Are Moving Back Into The Market", "text": "Bitcoin and the crypto market at large had suffered outflows that coincided with the massive sell-offs that rocked the market. This contributed to the downtrend that saw bitcoin touch towards six-month lows while investors who had gotten into the market later suffered massive losses.", "source_name": "NewsBTC", "date": "Tue, 01 Feb 2022 18:00:41 -0500", "topics": ["institutions"], "sentiment": "Positive", "type": "Article", "tickers": ["BTC"]}, {"news_url": "https://decrypt.co/91775/el-salvador-alphapoint-fix-chivo-bitcoin-wallet", "image_url": "https://crypto.snapi.dev/images/v1/3/s/whatsapp-image-2021-12-16-at-122223-1-gid-6-104700.jpeg", "title": "El Salvador Taps AlphaPoint to Fix State-Sponsored Bitcoin Wallet Chivo", "text": "The government's Chivo wallet previously suffered from various bugs and technical glitches.", "source_name": "Decrypt", "date": "Tue, 01 Feb 2022 17:13:10 -0500", "topics": [], "sentiment": "Neutral", "type": "Article", "tickers": ["BTC"]}, {"news_url": "https://bitcoinist.com/bank-will-offer-bitcoin-ethereum-bakkt-platform/", "image_url": "https://crypto.snapi.dev/images/v1/g/h/bitcoin-crypto-stock-market-flat-correction-sp-500-istock-1294303265-640x360-104698.jpeg", "title": "How This U.S. Bank Will Offer Bitcoin And Ethereum Via Bakkt's Platform", "text": "Bakkt recently announced that Hanover Bank will integrate with its platform to expand access to Bitcoin and Ethereum. The New York-based financial institution will be part of Bakkt's early adopter program and will be able to connect to the crypto platform via its mobile banking app.", "source_name": "Bitcoinist", "date": "Tue, 01 Feb 2022 17:00:43 -0500", "topics": [], "sentiment": "Neutral", "type": "Article", "tickers": ["BTC", "ETH"]}, {"news_url": "https://www.newsbtc.com/news/ethereum/unlucky-number-7-ethereum-makes-seventh-milestone-50-drawdown/", "image_url": "https://crypto.snapi.dev/images/v1/1/4/pexels-david-mcbee-730552-scaled-104696.jpg", "title": "Unlucky Number 7: Ethereum Makes Seventh Milestone 50% Drawdown", "text": "Ethereum rides ahead on the crypto market's most recent trend to the upside. As of press time, ETH, BTC, and larger cryptocurrencies show signs of recovery with potential for continuation in the short term, if they manage to break above their resistance levels.", "source_name": "NewsBTC", "date": "Tue, 01 Feb 2022 17:00:11 -0500", "topics": [], "sentiment": "Positive", "type": "Article", "tickers": ["ETH"]}, {"news_url": "https://bitcoinmagazine.com/business/debt-of-nations-alternative-to-economics", "image_url": "https://crypto.snapi.dev/images/v1/b/t/img-5519-104697.jpg", "title": "Debt Of Nations: Bitcoin Is An Alternative To The Physical Hand Of Keynesian Economics", "text": "Fish are the last to discover water \u2014 and economists simply cannot see past the Keynesian theory that creates the problems they intend to solve.", "source_name": "Bitcoin Magazine", "date": "Tue, 01 Feb 2022 17:00:00 -0500", "topics": [], "sentiment": "Neutral", "type": "Article", "tickers": ["BTC"]}, {"news_url": "https://www.coindesk.com/business/2022/02/01/microstrategy-takes-147m-impairment-charge-on-bitcoin-holdings-in-q4/", "image_url": "https://crypto.snapi.dev/images/v1/z/8/mtgx6gjvcvb6zfsjvvlqx3ze7y-104695.jpg", "title": "MicroStrategy Takes $147M Impairment Charge on Bitcoin Holdings in Q4", "text": "The software firm recently told the SEC it would revise its disclosures related to adjustments for impairments on its digital assets.", "source_name": "Coindesk", "date": "Tue, 01 Feb 2022 16:54:00 -0500", "topics": [], "sentiment": "Negative", "type": "Article", "tickers": ["BTC"]}, {"news_url": "https://cointelegraph.com/news/bitcoin-price-closes-in-on-40k-but-pro-traders-are-still-skeptical", "image_url": "https://crypto.snapi.dev/images/v1/l/z/840-ahr0chm6ly9zmy5jb2ludgvszwdyyxbolmnvbs91cgxvywrzlziwmjitmdivndkzmdayywmtnza5ys00ywjjlwi3yzktody2nzixyjk4ytu2lmpwzw-104693.jpg", "title": "Bitcoin price closes in on $40K, but pro traders are still skeptical", "text": "Traders expect BTC to flip $40,000 back to support soon, but derivatives metrics signal that a different outcome could occur.", "source_name": "Cointelegraph", "date": "Tue, 01 Feb 2022 16:45:44 -0500", "topics": [], "sentiment": "Negative", "type": "Article", "tickers": ["BTC"]}, {"news_url": "https://cryptopotato.com/solana-based-phantom-wallet-hits-1-2b-valuation-following-a-109m-funding-round/", "image_url": "https://crypto.snapi.dev/images/v1/9/e/phantom-app-cover-104689.jpg", "title": "Solana-based Phantom Wallet Hits $1.2B Valuation Following a $109M Funding Round", "text": "Solana-based crypto wallet Phantom has become a unicorn after raising $109 million in a Series B funding round.", "source_name": "CryptoPotato", "date": "Tue, 01 Feb 2022 16:45:38 -0500", "topics": [], "sentiment": "Positive", "type": "Article", "tickers": ["SOL"]}, {"news_url": "https://decrypt.co/91770/bitcoin-jack-dorsey-facebook-diem-stablecoin", "image_url": "https://crypto.snapi.dev/images/v1/y/t/jack-dorsey-bitcoin-2021-conference-gid-4-104692.png", "title": "Bitcoin Maxi Jack Dorsey Slams Facebook Over 'Wasted Effort and Time' on Diem", "text": "Dorsey said Facebook should have focused on Bitcoin instead of its failed stablecoin project.", "source_name": "Decrypt", "date": "Tue, 01 Feb 2022 16:44:55 -0500", "topics": ["libra", "diem"], "sentiment": "Neutral", "type": "Article", "tickers": ["BTC"]}, {"news_url": "https://coingape.com/ripple-continues-to-score-more-points-against-the-sec-is-the-law-lawsuit-nearing-its-final-verdict/", "image_url": "https://crypto.snapi.dev/images/v1/t/2/us-sec-ripple-xrp-104688.jpg", "title": "Ripple Continues To Score More Points Against The SEC ; Is The Law Lawsuit Nearing Its Final Verdict?", "text": "Ripple and the Securities and Exchange Commission (SEC) are continuing to size each other up with various motions to help their arguments. However, the case seems to be tilting more in favor of Ripple.", "source_name": "Coingape", "date": "Tue, 01 Feb 2022 16:41:24 -0500", "topics": ["regulations"], "sentiment": "Positive", "type": "Article", "tickers": ["XRP"]}, {"news_url": "https://www.youtube.com/watch?v=S-KnG8qoq_8", "image_url": "https://crypto.snapi.dev/images/v1/1/j/bitcoins-price-decline-blew-the-thesis-that-its-digital-gold-lee-munson-104690.jpg", "title": "Bitcoin's price decline \u2018blew the thesis' that it's digital gold: Lee Munson", "text": "#bitcoin #crypto #FederalReserve Portfolio Wealth Advisors CIO Lee Munson joins Yahoo Finance's Emily McCormick to discuss market volatility, investing in metals during interest rate hike cycles, bitcoin and other cryptocurrencies, and the Fed. Don't Miss: Valley of Hype: The Culture That Built Elizabeth Holmes WATCH HERE: https://youtu.be/Sb179GLPNYE Watch the 2021 Berkshire Hathaway Annual Shareholders Meeting on YouTube: https://youtu.be/gx-OzwHpM9k Subscribe to Yahoo Finance: https://yhoo.it/2fGu5Bb About Yahoo Finance: At Yahoo Finance, you get free stock quotes, up-to-date news, portfolio management resources, international market data, social interaction and mortgage rates that help you manage your financial life.", "source_name": "Yahoo Finance", "date": "Tue, 01 Feb 2022 16:41:19 -0500", "topics": [], "sentiment": "Negative", "type": "Video", "tickers": ["BTC"]}, {"news_url": "https://ambcrypto.com/coinbase-diverges-from-ethereum-lists-solana-based-tokens-fida-and-orca/", "image_url": "https://crypto.snapi.dev/images/v1/u/r/coins-g1b03a767b-1280-104681.jpg", "title": "Coinbase diverges from Ethereum, lists Solana based tokens FIDA and ORCA", "text": "Ethereum\u2018s infrastructure for smart contract-based decentralized applications has so far been unmatched in the blockchain industry, primarily due to its first-mover advantage. However, this dominance has been waning significantly over the past couple of years with the emergence of several alternative layer 1 networks that offer similar features to Ethereum, often at a lower price [\u2026]", "source_name": "AMBCrypto", "date": "Tue, 01 Feb 2022 16:33:04 -0500", "topics": [], "sentiment": "Positive", "type": "Article", "tickers": ["ORCA", "SOL", "FIDA"]}, {"news_url": "https://www.youtube.com/watch?v=CpOdwcsZN2o", "image_url": "https://crypto.snapi.dev/images/v1/a/i/if-bitcoin-existed-before-twitter-i-dont-think-wed-be-as-dependent-on-ads-says-jack-dorsey-104672.jpg", "title": "If bitcoin existed before Twitter, i don't think we'd be as dependent on ads, says Jack Dorsey", "text": "CNBC's Kate Rooney reports on a conversation with Jack Dorsey, who talks about bitcoin at a microstrategy event.", "source_name": "CNBC Television", "date": "Tue, 01 Feb 2022 16:03:36 -0500", "topics": [], "sentiment": "Neutral", "type": "Video", "tickers": ["BTC"]}, {"news_url": "https://cryptopotato.com/bullish-bitcoin-charts-similar-market-structure-as-of-june-2021s-bottom-btc-price-analysis/", "image_url": "https://crypto.snapi.dev/images/v1/m/d/bitcoin-up-300x200-104356-104669.jpg", "title": "Bullish: Bitcoin Charts Similar Market Structure As of June 2021's Bottom (BTC Price Analysis)", "text": "While bitcoin is recovering from its massive 50% crash since reaching the ATH in November 2021, the onchain and technical indicator are not showing strong momentum and signs of a bull run renewal. The market structure is similar to 2021's Jun \u2013 July bottom, and without a catalyst, a likely case for bitcoin is to [\u2026]", "source_name": "CryptoPotato", "date": "Tue, 01 Feb 2022 16:02:00 -0500", "topics": ["tanalysis"], "sentiment": "Positive", "type": "Article", "tickers": ["BTC"]}, {"news_url": "https://dailyhodl.com/2022/02/01/on-chain-analyst-willy-woo-makes-argument-for-why-bitcoin-btc-is-not-in-a-bear-market/", "image_url": "https://crypto.snapi.dev/images/v1/e/b/btc-not-bearjpgfit10242c600ssl1-104678.jpg", "title": "On-Chain Analyst Willy Woo Makes Argument for Why Bitcoin (BTC) Is Not in a Bear Market", "text": "Crypto analyst Willy Woo is examining the on-chain metrics of Bitcoin (BTC) to determine the flagship cryptocurrency's current market state. Woo says on the What Bitcoin Did podcast that, based on on-chain analysis, Bitcoin is not exhibiting a \u201cbear market setup.\u201d \u201cStructurally on-chain, it's not a bear market setup. Even though I would say we're [\u2026] The post On-Chain Analyst Willy Woo Makes Argument for Why Bitcoin (BTC) Is Not in a Bear Market appeared first on The Daily Hodl.", "source_name": "The Daily Hodl", "date": "Tue, 01 Feb 2022 16:00:31 -0500", "topics": [], "sentiment": "Neutral", "type": "Article", "tickers": ["BTC"]}, {"news_url": "https://dailyhodl.com/2022/02/01/institutional-investors-cautiously-building-crypto-positions-as-btc-remains-below-40000/", "image_url": "https://crypto.snapi.dev/images/v1/c/9/investors-cautiously-build-cryptojpgfit10242c600ssl1-104679.jpg", "title": "Institutional Investors Cautiously Building Crypto Positions As BTC Remains Below $40,000", "text": "Institutional investors appear to be dipping their toes back into the crypto markets to get in on lower price levels, according to a new report. Digital asset manager CoinShares says investors are cautiously adding to their crypto portfolios. \u201cDigital asset investment products saw inflows for a second week totaling US$19m last week, while small, it [\u2026] The post Institutional Investors Cautiously Building Crypto Positions As BTC Remains Below $40,000 appeared first on The Daily Hodl.", "source_name": "The Daily Hodl", "date": "Tue, 01 Feb 2022 15:55:42 -0500", "topics": ["institutions"], "sentiment": "Positive", "type": "Article", "tickers": ["BTC"]}, {"news_url": "https://beincrypto.com/nvt-shows-undervaluation-of-network-bitcoin-btc-on-chain-analysis/", "image_url": "https://crypto.snapi.dev/images/v1/a/u/bic-btc-onchain-analysisjpgoptimal-104665.jpg", "title": "NVT Shows Undervaluation of Network: Bitcoin (BTC) On-Chain Analysis", "text": "BeInCrypto takes a look at on-chain indicators, more specifically the NVT (Network Value to Transaction) in order to determine if the Bitcoin (BTC) network is properly valued. The post NVT Shows Undervaluation of Network: Bitcoin (BTC) On-Chain Analysis appeared first on BeInCrypto.", "source_name": "BeInCrypto", "date": "Tue, 01 Feb 2022 15:49:02 -0500", "topics": [], "sentiment": "Positive", "type": "Article", "tickers": ["BTC"]}, {"news_url": "https://cointelegraph.com/news/nydig-offering-allows-participating-companies-to-pay-employees-in-bitcoin", "image_url": "https://crypto.snapi.dev/images/v1/l/4/840-ahr0chm6ly9zmy5jb2ludgvszwdyyxbolmnvbs91cgxvywrzlziwmjitmdivmtjinwvlotktzdk3yi00ogqxlwezyjgtmzq1zdiwzgy4ndhjlmpwzw-104664.jpg", "title": "NYDIG offering allows participating companies to pay employees in Bitcoin", "text": "Patrick Sells, the NYDIG's chief innovation officer, said the Bitcoin payment plan was aimed at letting companies offer a benefits package to prospective employees.", "source_name": "Cointelegraph", "date": "Tue, 01 Feb 2022 15:45:00 -0500", "topics": [], "sentiment": "Positive", "type": "Article", "tickers": ["BTC"]}, {"news_url": "https://www.coindesk.com/business/2022/02/01/el-salvador-using-crypto-software-firm-alphapoint-to-fix-chivo-wallet-problems/", "image_url": "https://crypto.snapi.dev/images/v1/x/w/5ab7iv7ybjflpaennnggq2r464-104667.jpg", "title": "El Salvador Using Crypto Software Firm AlphaPoint to Fix Chivo Wallet Problems", "text": "Users of the state-run bitcoin wallet have complained about duplication of identity and the disappearance of funds.", "source_name": "Coindesk", "date": "Tue, 01 Feb 2022 15:43:00 -0500", "topics": [], "sentiment": "Neutral", "type": "Article", "tickers": ["BTC"]}, {"news_url": "https://ambcrypto.com/ethereum-could-see-these-levels-before-a-strong-reversal/", "image_url": "https://crypto.snapi.dev/images/v1/l/j/shubham-dhage-pyt6zahfmx4-unsplash-104657.jpg", "title": "Ethereum could see these levels before a strong reversal", "text": "Disclaimer:\u00a0The findings of the following analysis are the sole opinions of the writer and should not be considered investment advice Since striking its ATH on 10 November, the king alt has been on a steep downtrend in the last 11 weeks. The descent saw a clash between the buyers and sellers at the $4,000-mark\u00a0Point of [\u2026]", "source_name": "AMBCrypto", "date": "Tue, 01 Feb 2022 15:30:56 -0500", "topics": [], "sentiment": "Neutral", "type": "Article", "tickers": ["ETH"]}, {"news_url": "https://www.newsbtc.com/news/ethereum/small-time-ethereum-holders-hit-new-high-as-sentiment-turn-positive/", "image_url": "https://crypto.snapi.dev/images/v1/8/y/ethereum-104656.jpeg", "title": "Small-Time Ethereum Holders Hit New High As Sentiment Turn Positive", "text": "The number of Ethereum small-time holders is on the rise. With each passing month, as more investors move into the market, ethereum has snatched some of the largest market shares.", "source_name": "NewsBTC", "date": "Tue, 01 Feb 2022 15:30:36 -0500", "topics": [], "sentiment": "Positive", "type": "Article", "tickers": ["ETH"]}, {"news_url": "https://www.fool.com/investing/2022/02/01/why-the-solana-coin-is-up-14-today/", "image_url": "https://crypto.snapi.dev/images/v1/l/j/urlhttps3a2f2fgfoolcdncom2feditorial2fimages2f6640602fag-happy-women-and-computerjpgw700opresize-104658.jpg", "title": "Why the Solana Coin Is Up 14% Today", "text": "The decentralized finance token had two separate pieces of positive news today.", "source_name": "The Motley Fool", "date": "Tue, 01 Feb 2022 15:28:56 -0500", "topics": [], "sentiment": "Positive", "type": "Article", "tickers": ["SOL"]}, {"news_url": "https://invezz.com/news/2022/02/01/nayib-bukele-fires-back-after-the-imf-said-el-salvador-should-drop-btc/", "image_url": "https://crypto.snapi.dev/images/v1/e/y/el-salvador-104654.png", "title": "Nayib Bukele fires back after the IMF said El Salvador should drop BTC", "text": "Salvadoran leaders have come out to strike back at the International Monetary Fund (IMF) after the international financial institution suggested that the country stop using Bitcoin (BTC/USD) as legal tender. The IMF's executive board warned that embracing BTC as legal tender comes with significant risks for financial and market integrity, financial stability, and consumer protection. [\u2026] The post Nayib Bukele fires back after the IMF said El Salvador should drop BTC appeared first on Invezz.", "source_name": "Invezz", "date": "Tue, 01 Feb 2022 15:26:20 -0500", "topics": [], "sentiment": "Negative", "type": "Article", "tickers": ["BTC"]}, {"news_url": "https://www.benzinga.com/markets/cryptocurrency/22/02/25348855/bitcoin-looks-like-it-may-be-turning-around-but-a-major-battle-lies-ahead?SNAPI", "image_url": "https://crypto.snapi.dev/images/v1/l/0/bitcoin-chart3-104647.jpg", "title": "Bitcoin Looks Like It May Be Turning Around, Yet A Major Battle Lies Ahead", "text": "Bitcoin (CRYPTO: BTC) is trading higher Tuesday in a cryptocurrency market that is trading relatively flat. Bitcoin is approaching a key level that has previously held as both support and resistance.", "source_name": "Benzinga", "date": "Tue, 01 Feb 2022 15:18:00 -0500", "topics": [], "sentiment": "Neutral", "type": "Article", "tickers": ["BTC"]}, {"news_url": "https://www.reuters.com/technology/us-sec-delays-decision-listing-bitwise-spot-bitcoin-etf-2022-02-01/", "image_url": "https://crypto.snapi.dev/images/v1/j/1/7ciz2qkegfpqfdcha6pf2t45lm-104649.jpg", "title": "U.S. SEC delays decision on listing of Bitwise spot bitcoin ETF", "text": "The U.S. Securities and Exchange Commission (SEC) said on Tuesday it had not reached any conclusion on an NYSE Arca application to list a spot bitcoin exchange-traded fund (ETF) by Bitwise Asset Management.", "source_name": "Reuters", "date": "Tue, 01 Feb 2022 15:15:04 -0500", "topics": ["regulations"], "sentiment": "Negative", "type": "Article", "tickers": ["BTC"]}, {"news_url": "https://coinpedia.org/ethereum/ethereum-still-the-crypto-to-buy-for-2022/", "image_url": "https://crypto.snapi.dev/images/v1/v/o/ethereum-6286124-1280-104416-104645.jpg", "title": "In An Ocean Of Altcoin Is Ethereum Still The Crypto To Buy For 2022 And Beyond?", "text": "\u00a0\u00a0The world of cryptocurrencies is on a quest to not miss out on extracting yields both for the sprint and for the marathon. While crypto folks look forward to newer assets for short-term gains. Legacy coins such as Bitcoin and Ethereum still remain the ideal ones for the marathon.\u00a0 The second-largest digital coin Ethereum has \u2026", "source_name": "CoinPedia", "date": "Tue, 01 Feb 2022 15:14:00 -0500", "topics": [], "sentiment": "Positive", "type": "Article", "tickers": ["ETH"]}, {"news_url": "https://bitcoinmagazine.com/business/get-paid-in-bitcoin-with-nydig-bitcoin-savings-plan", "image_url": "https://crypto.snapi.dev/images/v1/h/4/bitcoin-compensation-compliance-navigating-murky-waters-104646.jpg", "title": "Get Paid in Bitcoin With NYDIG's Bitcoin Savings Plan", "text": "The product caters to employers seeking to attract the best talent by offering payments in bitcoin.", "source_name": "Bitcoin Magazine", "date": "Tue, 01 Feb 2022 15:13:13 -0500", "topics": [], "sentiment": "Positive", "type": "Article", "tickers": ["BTC"]}], "total_pages": 39}