{"data": [{"news_url": "https://www.trustnodes.com/2022/02/15/bitcoin-crosses-44000-as-scholz-demands-no-war", "image_url": "https://crypto.snapi.dev/images/v1/r/m/shutterstock-1273691566-108982-109071.jpg", "title": "Bitcoin Crosses $44,000 as Scholz Demands No War", "text": "Bitcoin began jumping overnight during Shanghai trading hours and further rose earlier today to above $44,000, increasing by 5%. Oil fell 3.5% to $92.44 while gold dropped 1.3% to $1,845.", "source_name": "Trustnodes", "date": "Tue, 15 Feb 2022 12:21:34 -0500", "topics": ["paywall"], "sentiment": "Positive", "type": "Article", "tickers": ["BTC"]}, {"news_url": "https://www.cryptopolitan.com/bitcoin-ethereum-solana-shiba-inu-price-analyses-15-february-morning-prediction/", "image_url": "https://crypto.snapi.dev/images/v1/n/x/vol2-roundup-1140-x-570-02-109062.png", "title": "Bitcoin, Ethereum, Solana, Shiba Inu: Price Analyses\u2014 15 February Morning Prediction", "text": "TL; DR breakdown Bitcoin's value nearing $45,000 Ethereum is bullish by 6% 21 Million Shiba Inu BurnedToday Solana is bullish; market price up to $102 Bitcoin and Ethereum prices increased as the global crypto market remained in the green as investors' desire for risky assets was rekindled by the lessening of tensions in Ukraine. As [\u2026]", "source_name": "Cryptopolitan", "date": "Tue, 15 Feb 2022 12:08:34 -0500", "topics": [], "sentiment": "Neutral", "type": "Article", "tickers": ["BTC", "ETH", "SHIB", "SOL"]}, {"news_url": "https://cryptoslate.com/ethereum-investment-products-finally-break-a-nine-week-run-of-outflows/", "image_url": "https://crypto.snapi.dev/images/v1/j/w/ethereum-investment-products-109053.jpg", "title": "Ethereum investment products finally break a nine-week run of outflows", "text": "Last week, Ethereum investment products finally broke a nine-week long streak of outflows, while Bitcoin saw a fourth consecutive week of inflows, according to the latest report by institutional crypto fund manager CoinShares. The post Ethereum investment products finally break a nine-week run of outflows appeared first on CryptoSlate.", "source_name": "CryptoSlate", "date": "Tue, 15 Feb 2022 12:01:17 -0500", "topics": [], "sentiment": "Positive", "type": "Article", "tickers": ["ETH"]}, {"news_url": "https://www.newsbtc.com/news/ethereum/hacker-scoops-up-2-million-bounty-after-spotting-fatal-flaw-in-ethereum-rollup/", "image_url": "https://crypto.snapi.dev/images/v1/n/z/ethereum-hacker-109052.jpeg", "title": "Hacker Scoops Up $2 Million Bounty After Spotting Fatal Flaw In Ethereum Rollup", "text": "A hacker has made off with $2 million in bug bounty after finding an alarming vulnerability with the Ethereum network. This bug could have been very bad if it had been found by black hat hackers who could have exploited the digital asset for billions of dollars worth of ETH.", "source_name": "NewsBTC", "date": "Tue, 15 Feb 2022 12:00:33 -0500", "topics": [], "sentiment": "Negative", "type": "Article", "tickers": ["ETH"]}, {"news_url": "https://www.cryptopolitan.com/bitcoin-price-analysis-2022-02-15/", "image_url": "https://crypto.snapi.dev/images/v1/u/k/bitcoin-price-analysis-2022-02-15-1-109046.png", "title": "Bitcoin price analysis: BTC breaks $44,000, begins to reverse?", "text": "TL;DR Breakdown Bitcoin price analysis is bearish today. BTC/USD broke out of the previous consolidation overnight.", "source_name": "Cryptopolitan", "date": "Tue, 15 Feb 2022 11:58:52 -0500", "topics": ["tanalysis"], "sentiment": "Negative", "type": "Article", "tickers": ["BTC"]}, {"news_url": "https://www.youtube.com/watch?v=bZhMxv8kYV0", "image_url": "https://crypto.snapi.dev/images/v1/q/c/crypto-investors-look-to-take-risk-off-table-as-bitcoin-related-stocks-trade-higher-109043.jpg", "title": "Crypto investors look to take risk off table as bitcoin-related stocks trade higher", "text": "CNBC's Kate Rooney reports on the latest moves in cryptocurrencies, which are trading higher on reports that Russia will pull back some troops from the Ukrainian border.", "source_name": "CNBC Television", "date": "Tue, 15 Feb 2022 11:47:08 -0500", "topics": [], "sentiment": "Positive", "type": "Video", "tickers": ["BTC"]}, {"news_url": "https://ambcrypto.com/this-is-the-reason-why-mark-cuban-prefers-ethereum-and-polygon-over-bitcoin/", "image_url": "https://crypto.snapi.dev/images/v1/b/q/florian-rieder-h-qk6zz4veg-unsplash-109040.jpg", "title": "This is the reason why Mark Cuban prefers Ethereum and Polygon over Bitcoin", "text": "With more than 4,000 cryptocurrencies to invest in, it's hard to know which coins to choose. However, while all are prone to volatile price swings, experts point to one quality above all others:\u00a0utility.", "source_name": "AMBCrypto", "date": "Tue, 15 Feb 2022 11:30:47 -0500", "topics": [], "sentiment": "Positive", "type": "Article", "tickers": ["ETH", "MATIC"]}, {"news_url": "https://www.fool.com/investing/2022/02/15/this-office-reit-is-benefiting-from-the-bitcoin-bo/", "image_url": "https://crypto.snapi.dev/images/v1/l/q/urlhttps3a2f2fgfoolcdncom2feditorial2fimages2f6661122fan-office-building-with-a-bitcoin-symbol-on-itjpgw700opresize-109041.jpg", "title": "This Office REIT Is Benefiting From the Bitcoin Boom", "text": "A Bitcoin mining company recently secured space in one of its office buildings.", "source_name": "The Motley Fool", "date": "Tue, 15 Feb 2022 11:30:00 -0500", "topics": [], "sentiment": "Positive", "type": "Article", "tickers": ["BTC"]}, {"news_url": "https://cointelegraph.com/news/warren-buffett-invests-1b-in-bitcoin-friendly-neobank-dumps-visa-and-mastercard-stocks", "image_url": "https://crypto.snapi.dev/images/v1/u/b/840-ahr0chm6ly9zmy5jb2ludgvszwdyyxbolmnvbs91cgxvywrzlziwmjitmdivmdfiowy1m2ytnzk5zs00mguxltgyy2utzmy5mguynmqznznhlmpwzw-109036.jpg", "title": "Warren Buffett invests $1B in Bitcoin-friendly neobank, dumps Visa and Mastercard stocks", "text": "The \"Oracle of Omaha\" now has more companies in his portfolio that have direct/indirect exposure to Bitcoin and similar cryptocurrencies.", "source_name": "Cointelegraph", "date": "Tue, 15 Feb 2022 11:20:42 -0500", "topics": [], "sentiment": "Positive", "type": "Article", "tickers": ["BTC"]}, {"news_url": "https://u.today/fidelity-launches-its-first-spot-bitcoin-etp-in-europe?SNAPI", "image_url": "https://crypto.snapi.dev/images/v1/7/2/12705-109032.jpg", "title": "Fidelity Launches Its First Spot Bitcoin ETP in Europe", "text": "Fidelity International has launched the world's cheapest Bitcoin ETP", "source_name": "UToday", "date": "Tue, 15 Feb 2022 11:06:00 -0500", "topics": [], "sentiment": "Positive", "type": "Article", "tickers": ["BTC"]}, {"news_url": "https://beincrypto.com/why-drake-bet-1-26m-on-the-super-bowl-using-bitcoin/", "image_url": "https://crypto.snapi.dev/images/v1/e/u/super-bowl-109033.png", "title": "Why Drake Bet $1.26M on the Super Bowl Using Bitcoin", "text": "Canadian musician Drake bet $1.26 million on the Super Bowl and profited to the tune of nearly $300,000 this Sunday, and bitcoin investor Anthony Pompliano had some theories on why the rapper used BTC to stake his bet. The post Why Drake Bet $1.26M on the Super Bowl Using Bitcoin appeared first on BeInCrypto.", "source_name": "BeInCrypto", "date": "Tue, 15 Feb 2022 11:01:46 -0500", "topics": [], "sentiment": "Neutral", "type": "Article", "tickers": ["BTC"]}, {"news_url": "https://www.cryptoglobe.com/latest/2022/02/billionaire-shark-says-he-owns-a-lot-of-ethereum-eth-and-polygon-matic/", "image_url": "https://crypto.snapi.dev/images/v1/c/r/mark-cuban-in-february-2019-109030.png", "title": "Billionaire Shark Says He Owns \u2018A Lot Of' Ethereum ($ETH) and Polygon ($MATIC)", "text": "Billionaire investor and entrepreneur\u00a0Mark Cuban\u00a0said in a recent interview that he has \u201ca lot of\u201d Ethereum ($ETH) and Polygon ($MATIC). Cuban is the majority owner of the professional basketball team Dallas Mavericks, as well as one of the \u201csharks\u201d on the highly popular reality show\u00a0\u201cShark Tank\u201d\u00a0(which is aired on the ABC television network). Speaking in [\u2026]", "source_name": "CryptoGlobe", "date": "Tue, 15 Feb 2022 10:57:28 -0500", "topics": [], "sentiment": "Positive", "type": "Article", "tickers": ["ETH", "MATIC"]}, {"news_url": "https://www.financemagnates.com/cryptocurrency/bitcoin-whale-sends-2-billion-joining-large-transactions-in-the-past-24-hours/", "image_url": "https://crypto.snapi.dev/images/v1/r/y/bitcoin-id-4d4cad72-bb7a-40ec-9a8f-39c08a331e44-size900-109027.jpg", "title": "Bitcoin Whale Sends $2 Billion, Joining Large Transactions in the past 24 Hours", "text": "One of the biggest BTC addresses recently transferred approximately 45,000 bitcoins to 2 unknown wallets. When BTCUSD price is on the rise large transfers are often seen.", "source_name": "FinanceMagnates", "date": "Tue, 15 Feb 2022 10:57:00 -0500", "topics": ["whales"], "sentiment": "Neutral", "type": "Article", "tickers": ["BTC"]}, {"news_url": "https://www.forbes.com/sites/ninabambysheva/2022/02/15/3-biggest-crypto-movers-of-the-day/", "image_url": "https://crypto.snapi.dev/images/v1/3/-/3-biggest-crypto-movers-of-the-day-109054.jpg", "title": "3 Biggest Crypto Movers Of The Day", "text": "The cryptocurrency market has climbed 5.5% amid reports of easing tensions around Ukraine.", "source_name": "Forbes", "date": "Tue, 15 Feb 2022 10:56:45 -0500", "topics": [], "sentiment": "Neutral", "type": "Article", "tickers": ["BTC", "MATIC", "ZEC"]}, {"news_url": "https://www.cryptopolitan.com/ethereum-price-analysis-2022-02-15/", "image_url": "https://crypto.snapi.dev/images/v1/t/q/ethereum-price-analysis-2022-02-15-109025.png", "title": "Ethereum price analysis: ETH spikes to $3,150, ready for a further selloff?", "text": "TL;DR Breakdown Ethereum price analysis is bearish today. ETH/USD broke $2,950 resistance overnight.", "source_name": "Cryptopolitan", "date": "Tue, 15 Feb 2022 10:53:47 -0500", "topics": ["tanalysis"], "sentiment": "Negative", "type": "Article", "tickers": ["ETH"]}, {"news_url": "https://cryptoslate.com/new-survey-reveals-ethereum-could-trade-above-7k-in-2022/", "image_url": "https://crypto.snapi.dev/images/v1/6/y/ethereum-7k-109018.jpg", "title": "New survey reveals Ethereum could trade above $7k in 2022", "text": "A group of Australian fintech panelists has expressed their bullish view about the price movement of the second largest crypto asset by market cap, Ethereum, in a recent survey carried out by Finder. The post New survey reveals Ethereum could trade above $7k in 2022 appeared first on CryptoSlate.", "source_name": "CryptoSlate", "date": "Tue, 15 Feb 2022 10:31:16 -0500", "topics": [], "sentiment": "Positive", "type": "Article", "tickers": ["ETH"]}, {"news_url": "https://ambcrypto.com/for-bitcoin-and-fearful-market-participants-the-only-direction-will-be/", "image_url": "https://crypto.snapi.dev/images/v1/i/b/pp-3-btc-cover-1-109019.jpg", "title": "For Bitcoin and \u2018fearful' market participants, the only direction will be\u2026", "text": "Disclaimer:\u00a0The findings of the following analysis are the sole opinions of the writer and should not be considered investment advice Every market is a huge tug-of-war game between fear and greed. The lines on a chart help simplify this game and help understand where the troops of each camp are concentrated, where their forts are [\u2026]", "source_name": "AMBCrypto", "date": "Tue, 15 Feb 2022 10:30:45 -0500", "topics": [], "sentiment": "Neutral", "type": "Article", "tickers": ["BTC"]}, {"news_url": "https://u.today/shib-is-top-coin-held-by-major-eth-whales-details?SNAPI", "image_url": "https://crypto.snapi.dev/images/v1/o/f/12706-109002.jpg", "title": "SHIB Is Top Coin Held by Major ETH Whales: Details", "text": "Shiba Inu is the largest crypto stash held by biggest Ethereum whales", "source_name": "UToday", "date": "Tue, 15 Feb 2022 10:23:00 -0500", "topics": ["whales"], "sentiment": "Neutral", "type": "Article", "tickers": ["ETH", "SHIB"]}, {"news_url": "https://bitcoinmagazine.com/business/fidelity-international-launches-bitcoin-etp-in-europe", "image_url": "https://crypto.snapi.dev/images/v1/3/r/europe-109000.jpg", "title": "Fidelity International Launches Bitcoin ETP In Europe", "text": "The bitcoin exchange-traded product lists on the Deutsche Boerse today, carrying a 0.75% fee.", "source_name": "Bitcoin Magazine", "date": "Tue, 15 Feb 2022 10:21:12 -0500", "topics": [], "sentiment": "Positive", "type": "Article", "tickers": ["BTC"]}, {"news_url": "https://cryptopotato.com/ripple-price-analysis-xrp-breaks-the-correction-is-1-target-in-play/", "image_url": "https://crypto.snapi.dev/images/v1/5/d/ripple-price-analysis-2022-01-29-103620-106382-108997.png", "title": "Ripple Price Analysis: XRP Breaks the Correction, is $1 Target in Play?", "text": "XRP halted the correction and made a higher low today, with the price keen to go up again. If this continues, the cryptocurrency may enter a renewed rally.", "source_name": "CryptoPotato", "date": "Tue, 15 Feb 2022 10:15:46 -0500", "topics": ["tanalysis"], "sentiment": "Negative", "type": "Article", "tickers": ["XRP"]}, {"news_url": "https://cointelegraph.com/news/bitcoin-spikes-to-44-5k-amid-fresh-warning-over-exceptionally-high-stocks-correlation", "image_url": "https://crypto.snapi.dev/images/v1/h/0/840-ahr0chm6ly9zmy5jb2ludgvszwdyyxbolmnvbs91cgxvywrzlziwmjitmdivmmi4mzc0ztmtmtkzms00zwvjltlhm2utzddhmgy3nzeyzda3lmpwzw-108998.jpg", "title": "Bitcoin spikes to $44.5K amid fresh warning over 'exceptionally high' stocks correlation", "text": "Resistance still has a shot at being flipped Tuesday, but it still looks like anything but plain sailing for hodlers thanks to macro cues.", "source_name": "Cointelegraph", "date": "Tue, 15 Feb 2022 10:15:23 -0500", "topics": [], "sentiment": "Positive", "type": "Article", "tickers": ["BTC"]}, {"news_url": "https://cryptobriefing.com/trudeau-says-hell-freeze-bank-accounts-crypto-fans-point-bitcoin/?utm_source=main_feed&utm_medium=rss", "image_url": "https://crypto.snapi.dev/images/v1/l/0/justin-trudeau-canada-cover-838x440-108995.jpeg", "title": "Trudeau Says He'll Freeze Bank Accounts; Crypto Fans Point to Bitcoin", "text": "Canada's Prime Minister Justin Trudeau has invoked the Emergencies Act and threatened to bar truckers protesting vaccine mandates from the traditional financial system. In response, the crypto community has slammed the government's moves.", "source_name": "Crypto Briefing", "date": "Tue, 15 Feb 2022 10:11:29 -0500", "topics": [], "sentiment": "Negative", "type": "Article", "tickers": ["BTC"]}, {"news_url": "https://www.dailyfx.com/forex/market_alert/2022/02/15/Bitcoin-BTCUSD-Soars-as-Russia-Ukraine-Tensions-Ease.html", "image_url": "https://crypto.snapi.dev/images/v1/t/8/crypto15-109001.jpg", "title": "Bitcoin (BTC/USD) Soars as Russia-Ukraine Tensions Ease", "text": "Bitcoin prices have continued to climb higher after easing Russia-Ukraine tensions supported riskier assets, pushing BTC/USD towards the February high.", "source_name": "DailyFX", "date": "Tue, 15 Feb 2022 10:00:00 -0500", "topics": [], "sentiment": "Positive", "type": "Article", "tickers": ["BTC"]}, {"news_url": "https://www.coinbureau.com/news/grayscale-could-convert-the-bitcoin-trust-to-an-etf-investors-firmly-in-support/", "image_url": "https://crypto.snapi.dev/images/v1/k/k/grayscalecouldconvertthebitcointrusttoanetfinvestorsfirmlyinsupport-1024x614-108988.jpg", "title": "Grayscale Could Convert The Bitcoin Trust to an ETF, Investors Firmly in Support", "text": "The U.S. Securities and Exchange Commission (SEC) has opened up a public discussion in regards to converting the Grayscale Bitcoin Trust (GBTC) into an exchange-traded fund (ETF) and the feedback is overwhelmingly in support. After years of not being able to get a spot Bitcoin ETF past regulators, the conversation has shifted to converting Grayscale's [\u2026] The post Grayscale Could Convert The Bitcoin Trust to an ETF, Investors Firmly in Support appeared first on Coin Bureau.", "source_name": "Coinbureau", "date": "Tue, 15 Feb 2022 09:55:55 -0500", "topics": [], "sentiment": "Neutral", "type": "Article", "tickers": ["BTC"]}, {"news_url": "https://bitcoinmagazine.com/culture/ukraine-russia-resistance-needs-bitcoin-privacy", "image_url": "https://crypto.snapi.dev/images/v1/j/a/as-ukrainian-resistance-groups-raise-bitcoin-funds-improved-privacy-is-becoming-critical-108987.png", "title": "As Ukrainian Resistance Groups Raise Bitcoin Funds, Improved Privacy Is Becoming Critical", "text": "Organizations meant to help Ukraine resist occupation by Russia are raising significant amounts of bitcoin donations. But they need to do so more privately.", "source_name": "Bitcoin Magazine", "date": "Tue, 15 Feb 2022 09:54:45 -0500", "topics": [], "sentiment": "Neutral", "type": "Article", "tickers": ["BTC"]}, {"news_url": "https://cryptoticker.io/en/is-the-new-crisis-currency-of-ukraine-bitcoin/", "image_url": "https://crypto.snapi.dev/images/v1/b/i/bitcoin-22-109014.jpg", "title": "Is the NEW Crisis Currency of Ukraine Bitcoin?", "text": "A war at the gates of Europe seems more likely than ever since the Second World War.\u00a0Russia is sending troops amounting to about 150,000 soldiers on its borders with Ukraine.", "source_name": "CryptoTicker", "date": "Tue, 15 Feb 2022 09:51:51 -0500", "topics": [], "sentiment": "Neutral", "type": "Article", "tickers": ["BTC"]}, {"news_url": "https://coingape.com/?p=100837", "image_url": "https://crypto.snapi.dev/images/v1/t/y/4tmampj1-us-judge-denies-request-to-add-xrp-holders-as-intervenors-in-secs-lawsuit-against-ripple-108985.webp", "title": "Ripple (XRP) Price Today: XRP Face Hurdle Near $0.90 Below 200 SMA", "text": "Ripple's (XRP) price trades higher in today's session after two days of the silent move. However, the downside risk is not over for the cross-border remittance token as it is bound for a retracement before its uptrend resumes.", "source_name": "Coingape", "date": "Tue, 15 Feb 2022 09:47:34 -0500", "topics": [], "sentiment": "Negative", "type": "Article", "tickers": ["XRP"]}, {"news_url": "https://news.bitcoin.com/bitcoin-ethereum-technical-analysis-btc-surges-towards-45000-as-russia-withdraws-some-troops/", "image_url": "https://crypto.snapi.dev/images/v1/4/n/shutterstock-1273691566-108982.jpg", "title": "Bitcoin, Ethereum Technical Analysis: BTC Surges Towards $45,000 as Russia Withdraws \u2018Some' Troops", "text": "Following four consecutive sessions of declines, bitcoin rallied late on Monday, into Tuesday, as it was reported that Russia was withdrawing some troops from the Ukrainian border. Overall, crypto markets are up close to 5% on the day. Bitcoin BTC finally rebounded during Tuesday's session, as bulls once again re-entered the race to $45,000. Following [\u2026]", "source_name": "Bitcoin", "date": "Tue, 15 Feb 2022 09:42:11 -0500", "topics": ["tanalysis"], "sentiment": "Positive", "type": "Article", "tickers": ["BTC", "ETH"]}, {"news_url": "https://www.benzinga.com/markets/cryptocurrency/22/02/25634607/bitcoin-surges-on-break-of-key-pattern-what-to-watch-as-the-crypto-barrels-into-2-key-even?SNAPI", "image_url": "https://crypto.snapi.dev/images/v1/d/2/bitcoin2-3-108983.jpg", "title": "Bitcoin Surges On Break Of Key Pattern: What To Watch As The Crypto Barrels Into 2 Key Events", "text": "At 10:00 p.m. EST Feb.", "source_name": "Benzinga", "date": "Tue, 15 Feb 2022 09:42:00 -0500", "topics": [], "sentiment": "Positive", "type": "Article", "tickers": ["BTC"]}, {"news_url": "https://beincrypto.com/ethereum-investment-products-break-nine-week-outflow-streak/", "image_url": "https://crypto.snapi.dev/images/v1/s/7/ethereum-eipsjpgoptimal-108994.jpg", "title": "Ethereum Investment Products Break Nine-Week Outflow Streak", "text": "Digital asset investment products inflows amounted to $75 million last week, making it the fourth consecutive week of inflows. The post Ethereum Investment Products Break Nine-Week Outflow Streak appeared first on BeInCrypto.", "source_name": "BeInCrypto", "date": "Tue, 15 Feb 2022 09:40:49 -0500", "topics": [], "sentiment": "Neutral", "type": "Article", "tickers": ["ETH"]}, {"news_url": "https://en.cryptonomist.ch/2022/02/15/in-texas-you-mine-bitcoin-with-waste-gas/", "image_url": "https://crypto.snapi.dev/images/v1/z/o/bitcoin-mining-300x200-108975.jpg", "title": "In Texas, you mine Bitcoin with waste gas", "text": "Two recent graduates have become millionaires thanks to this gimmick", "source_name": "The Cryptonomist", "date": "Tue, 15 Feb 2022 09:11:54 -0500", "topics": [], "sentiment": "Neutral", "type": "Article", "tickers": ["BTC"]}, {"news_url": "https://cointelegraph.com/news/crypto-at-the-olympics-nft-skis-bitcoin-bobsledders-and-cbdc-controversy", "image_url": "https://crypto.snapi.dev/images/v1/d/c/840-ahr0chm6ly9zmy5jb2ludgvszwdyyxbolmnvbs91cgxvywrzlziwmjitmdivzjbmytjhntktnjfmms00ndvklthlowitmdg0n2fmmwy3nta3lmpwzw-108974.jpg", "title": "Crypto at the Olympics: NFT skis, Bitcoin bobsledders and CBDC controversy", "text": "Bitcoin and nonfungible tokens are all over the Olympics this year while China's CBDC is there too amid a controversial rollout.", "source_name": "Cointelegraph", "date": "Tue, 15 Feb 2022 09:07:00 -0500", "topics": ["NFT"], "sentiment": "Neutral", "type": "Article", "tickers": ["BTC"]}, {"news_url": "https://coinmarketcap.com/alexandria/article/drake-wins-1-5m-in-bitcoin-after-betting-on-super-bowl", "image_url": "https://crypto.snapi.dev/images/v1/n/e/andre-francois-mckenzie-q4w8gjjkjuw-unsplash-2-109679-108969.jpg", "title": "Drake Wins $1.5M in Bitcoin After Betting on Super Bowl", "text": "The rapper successfully predicted that the Los Angeles Rams would win the final outright \u2014 with the team securing a thrilling 23-20 victory over the Cincinnati Bengals.", "source_name": "CoinMarketCap", "date": "Tue, 15 Feb 2022 08:53:48 -0500", "topics": [], "sentiment": "Positive", "type": "Article", "tickers": ["BTC"]}, {"news_url": "https://coinmarketcap.com/alexandria/article/bitcoin-btc-price-surges-amid-russian-troop-pullback", "image_url": "https://crypto.snapi.dev/images/v1/g/k/02fec35c1af24db394fa264bb73e6c35-108963.jpg", "title": "Bitcoin (BTC) Price Up Amid Russian Troop 'Pullback'", "text": "The U.S. had expressed concern that Russia was planning to invade Ukraine in a matter of days \u2014 with more than 100,000 troops building up around the country's borders.", "source_name": "CoinMarketCap", "date": "Tue, 15 Feb 2022 08:40:13 -0500", "topics": [], "sentiment": "Positive", "type": "Article", "tickers": ["BTC"]}, {"news_url": "https://cointelegraph.com/news/digital-ruble-trial-goes-live-as-bank-of-russia-insists-on-bitcoin-ban", "image_url": "https://crypto.snapi.dev/images/v1/m/7/840-ahr0chm6ly9zmy5jb2ludgvszwdyyxbolmnvbs91cgxvywrzlziwmjitmdivnzkwzwq0nzmtmdkzzi00y2e5ltk3mtgtyzq3y2nlztc5owq3lmpwzw-108964.jpg", "title": "Digital ruble trial goes live as Bank of Russia insists on Bitcoin ban", "text": "The Bank of Russia reports on the first digital ruble tests as planned but continues to fight against Bitcoin adoption.", "source_name": "Cointelegraph", "date": "Tue, 15 Feb 2022 08:38:01 -0500", "topics": ["digital ruble"], "sentiment": "Negative", "type": "Article", "tickers": ["BTC"]}, {"news_url": "https://u.today/229-million-in-ethereum-bought-by-top-3-shiba-inu-whale-as-eth-soars-to-3100?SNAPI", "image_url": "https://crypto.snapi.dev/images/v1/m/h/12695-108960.jpg", "title": "$2.29 Million in Ethereum Bought by Top 3 Shiba Inu Whale as ETH Soars to $3,100", "text": "Top 3 SHIB whale acquires almost $3 million worth of Ethereum, while coin's price spikes to $3,100 zone", "source_name": "UToday", "date": "Tue, 15 Feb 2022 08:31:00 -0500", "topics": ["whales"], "sentiment": "Positive", "type": "Article", "tickers": ["ETH", "SHIB"]}, {"news_url": "https://www.coindesk.com/business/2022/02/15/fidelity-international-debuts-bitcoin-etp-in-europe/", "image_url": "https://crypto.snapi.dev/images/v1/r/g/qrvwaulpgvaixml7gipbood7hy-108961.jpg", "title": "Fidelity International Debuts Bitcoin ETP in Europe", "text": "The ETP lists on the Deutsche B\u00f6rse Xetra today and the SIX Swiss Exchange in the coming weeks.", "source_name": "Coindesk", "date": "Tue, 15 Feb 2022 08:25:00 -0500", "topics": [], "sentiment": "Neutral", "type": "Article", "tickers": ["BTC"]}, {"news_url": "https://www.dcforecasts.com/bitcoin-news/drake-netted-381000-from-super-bowl-btc-bets-report/", "image_url": "https://crypto.snapi.dev/images/v1/a/q/super-bowl-108940.png", "title": "Drake Netted $381,000 From Super Bowl BTC Bets: Report", "text": "Drake netted $381,000 from Super Bowl BTC bets as the LA Rams battled back to beat the Cincinnati Bengals so let's read further in today's latest Bitcoin news. Leading up to the big game, Drake made three major bets using BTC holdings which is a sum of $1.6 million CAD and he bet $600,000 that [\u2026]", "source_name": "DCForecasts", "date": "Tue, 15 Feb 2022 08:00:58 -0500", "topics": [], "sentiment": "Neutral", "type": "Article", "tickers": ["BTC"]}, {"news_url": "https://www.theblockcrypto.com/post/134225/solana-nft-data-site-solanalysis-rebrands-to-hyperspace-and-raises-4-5-million", "image_url": "https://crypto.snapi.dev/images/v1/g/q/shutterstock-1856940589-800x450-108941.jpg", "title": "Solana NFT data site Solanalysis rebrands to Hyperspace and raises $4.5 million", "text": "The data site is launching an NFT marketplace aggregator and hopes to suck up some of the market for trading NFTs. The post Solana NFT data site Solanalysis rebrands to Hyperspace and raises $4.5 million appeared first on The Block.", "source_name": "The Block", "date": "Tue, 15 Feb 2022 08:00:31 -0500", "topics": ["NFT"], "sentiment": "Neutral", "type": "Article", "tickers": ["SOL"]}, {"news_url": "https://www.cryptopolitan.com/solana-price-analysis-2022-02-15/", "image_url": "https://crypto.snapi.dev/images/v1/x/6/sol-5-108942.jpg", "title": "Solana price analysis: SOL ascends towards $104", "text": "TL;DR Breakdown Solana price analysis is bearish today. Strong resistance present at $120.", "source_name": "Cryptopolitan", "date": "Tue, 15 Feb 2022 08:00:14 -0500", "topics": ["tanalysis"], "sentiment": "Positive", "type": "Article", "tickers": ["SOL"]}, {"news_url": "https://www.cryptopolitan.com/bitfinex-bitcoin-btc-money-laundering-case/", "image_url": "https://crypto.snapi.dev/images/v1/z/n/emiliano-bar-oeawu9vshzo-unsplash-108938.jpg", "title": "Bitcoin (BTC) Money Laundering Case: Contrasting Valentine for Husband-Wife Duo", "text": "TR; DR Breakdown A couple is accused of being involved in Bitfinex $3.6 billion Bitcoin launder. The wife has been released on bail, while husband remains in detention.", "source_name": "Cryptopolitan", "date": "Tue, 15 Feb 2022 07:55:52 -0500", "topics": [], "sentiment": "Neutral", "type": "Article", "tickers": ["BTC"]}, {"news_url": "https://www.fool.com/investing/2022/02/15/will-ethereum-be-a-trillion-dollar-cryptocurrency/", "image_url": "https://crypto.snapi.dev/images/v1/r/y/pexels-jievani-8175569-scaled-e1644486164820-107559-108937.jpg", "title": "Will Ethereum Be a Trillion-Dollar Cryptocurrency by 2025?", "text": "The second largest crypto name made it more than halfway to that milestone in 2021.", "source_name": "The Motley Fool", "date": "Tue, 15 Feb 2022 07:51:00 -0500", "topics": [], "sentiment": "Neutral", "type": "Article", "tickers": ["ETH"]}, {"news_url": "https://www.dcforecasts.com/bitcoin-news/btc-recovers-towards-44k-while-solana-explodes-to-reclaim-100/", "image_url": "https://crypto.snapi.dev/images/v1/x/f/crypto18-108482-108936.jpg", "title": "BTC Recovers Towards $44K While Solana Explodes To Reclaim $100", "text": "BTC recovers towards $44K while Solana explodes 10% to reclaim the $100 price level but other coins like ETH and BNB are also doing well so let's read furhter in today's latest altcoin news. Following a few days of struggling near the $42,000 level, Bitcoin went on the offensive and challenged the $44,000 level with [\u2026]", "source_name": "DCForecasts", "date": "Tue, 15 Feb 2022 07:50:19 -0500", "topics": [], "sentiment": "Positive", "type": "Article", "tickers": ["BTC", "SOL"]}, {"news_url": "https://www.financemagnates.com/cryptocurrency/news/bitcoin-ethereum-and-xrp-see-large-weekly-inflows/", "image_url": "https://crypto.snapi.dev/images/v1/f/g/bitcoin-id-4d4cad72-bb7a-40ec-9a8f-39c08a331e44-size900-108933.jpg", "title": "Bitcoin, Ethereum, and XRP See Large Weekly Inflows", "text": "With a marginal recovery across the crypto market, institutional investors have started increasing their exposure in investment products related to Bitcoin, Ethereum, Solana, and XRP. Last week, crypto investment products saw inflows worth $75 million.", "source_name": "FinanceMagnates", "date": "Tue, 15 Feb 2022 07:46:00 -0500", "topics": [], "sentiment": "Positive", "type": "Article", "tickers": ["BTC", "ETH", "XRP"]}, {"news_url": "https://dailyhodl.com/2022/02/15/geopolitical-risks-are-showcasing-use-cases-of-bitcoin-btc-and-crypto-according-to-devere-group-ceo/", "image_url": "https://crypto.snapi.dev/images/v1/r/p/geopolitical-risks-showcasing-bitcoinjpgfit10242c600ssl1-108947.jpg", "title": "Geopolitical Risks Are Showcasing Use Cases of Bitcoin (BTC) and Crypto, According to deVere Group CEO", "text": "Financial advisory firm deVere Group CEO Nigel Green predicts growing geopolitical tensions will help increase the mass adoption of Bitcoin (BTC). Green says that the geopolitical tensions occasioned by Russia sending troops to its border with Ukraine have provided an opportunity to demonstrate the \u201creal-life use cases for Bitcoin and cryptocurrencies in extremely volatile times.\u201d [\u2026] The post Geopolitical Risks Are Showcasing Use Cases of Bitcoin (BTC) and Crypto, According to deVere Group CEO appeared first on The Daily Hodl.", "source_name": "The Daily Hodl", "date": "Tue, 15 Feb 2022 07:45:17 -0500", "topics": [], "sentiment": "Positive", "type": "Article", "tickers": ["BTC"]}, {"news_url": "https://www.dcforecasts.com/bitcoin-news/cryptocurrency-market-recovers-above-2t-as-btc-eth-recover/", "image_url": "https://crypto.snapi.dev/images/v1/n/b/bitcoin-ethereum-kpmg-300x200-107515-107610-108931.jpg", "title": "Cryptocurrency Market Recovers Above $2T As BTC, ETH Recover", "text": "The cryptocurrency market recovers above $2 trillion with both Bitcoin and ETH recovering in value, especially BTC testing its $44,000 price levels again so let's read furhter in today's latest crypto news. Bitcoin surged 4.7% in the past day and hit an intraday high of $44,207 during the early hours on Tuesday with the overall [\u2026]", "source_name": "DCForecasts", "date": "Tue, 15 Feb 2022 07:44:12 -0500", "topics": [], "sentiment": "Positive", "type": "Article", "tickers": ["BTC", "ETH"]}, {"news_url": "https://www.benzinga.com/markets/cryptocurrency/22/02/25623478/shiba-inu-now-held-by-over-1-18-million-ethereum-wallets?SNAPI", "image_url": "https://crypto.snapi.dev/images/v1/l/t/patricia-hellinger-9lmv4ahhurq-unsplash-2-0-108935.jpg", "title": "Shiba Inu Now Held By Over 1.18 Million Ethereum Wallets", "text": "Shiba Inu (CRYPTO: SHIB) \u2014 the self-described \u201cDogecoin (CRYPTO: DOGE) killer\u201d \u2014 is now held by over 1.18 million Ethereum (CRYPTO:", "source_name": "Benzinga", "date": "Tue, 15 Feb 2022 07:42:00 -0500", "topics": [], "sentiment": "Positive", "type": "Article", "tickers": ["ETH", "SHIB"]}, {"news_url": "https://cryptonews.com/news/canadian-rapper-drake-nets-usd-300000-from-his-bitcoin-bet-super-bowl.htm", "image_url": "https://crypto.snapi.dev/images/v1/h/q/pic-1-1-108929.jpg", "title": "Canadian Rapper Drake Nets USD 300,000 From His Bitcoin Bet on the Super Bowl", "text": "Massively popular Canadian rapper Drake has profited USD 300,000 from his three bets cumulatively worth USD 1.26m worth of bitcoin (BTC), on the Super Bowl match between the Los Angeles Rams (LA Rams) and the Cincinnati Bengals.", "source_name": "Cryptonews", "date": "Tue, 15 Feb 2022 07:32:00 -0500", "topics": [], "sentiment": "Positive", "type": "Article", "tickers": ["BTC"]}, {"news_url": "https://news.bitcoin.com/spanish-securities-regulator-warns-of-impersonators-selling-bitcoin-on-its-behalf/", "image_url": "https://crypto.snapi.dev/images/v1/t/g/photo-2022-02-14-20-16-51-108928.jpg", "title": "Spanish Securities Regulator Warns of Impersonators Selling Bitcoin on Its Behalf", "text": "The CNMV, the Spanish securities regulator, has issued a warning about the existence of an unknown party asking for information and offering to sell bitcoin on its behalf. The fraudsters are said to perform the scam attempt via phone calls, where they ask for personal information and offer the benefit of purchasing bitcoins said to [\u2026]", "source_name": "Bitcoin", "date": "Tue, 15 Feb 2022 07:30:01 -0500", "topics": ["regulations"], "sentiment": "Negative", "type": "Article", "tickers": ["BTC"]}, {"news_url": "https://cryptopotato.com/fundstrats-tom-lee-explains-how-bitcoin-could-hit-200000/", "image_url": "https://crypto.snapi.dev/images/v1/z/s/tomlee-min-108925.jpg", "title": "Fundstrat's Tom Lee Explains How Bitcoin Could Hit $200,000", "text": "Tom Lee believes that interest rates could make many American investors switch from bonds and speculative stocks to cryptocurrencies.", "source_name": "CryptoPotato", "date": "Tue, 15 Feb 2022 07:25:14 -0500", "topics": [], "sentiment": "Positive", "type": "Article", "tickers": ["BTC"]}, {"news_url": "https://cryptonews.com/news/bitcoin-returns-above-usd-44k-ethereum-accelerates-sol-matic-avax-rally.htm", "image_url": "https://crypto.snapi.dev/images/v1/a/y/crypto10-102772-108920.jpg", "title": "Bitcoin Returns Above USD 44K, Ethereum Accelerates, SOL, MATIC, and AVAX Rally", "text": "Bitcoin price remained well bid above the USD 43,000 level. BTC extended its increase above the USD 43,850 and USD 44,000 levels. It is currently (11:54 UTC) showing positive signs near USD 44,400 and is up 5% in a day and 1% in a week.", "source_name": "Cryptonews", "date": "Tue, 15 Feb 2022 07:05:00 -0500", "topics": [], "sentiment": "Positive", "type": "Article", "tickers": ["AVAX", "BTC", "ETH", "MATIC", "SOL"]}, {"news_url": "https://coinidol.com/ripple-consolidates-below-0-90/", "image_url": "https://crypto.snapi.dev/images/v1/2/h/dd14a2569205cd2ba0d53f883083b3b5-108914.jpg", "title": "Ripple Consolidates Below $0.90 Resistance As Bulls Aim For A Bounce", "text": "The price of Ripple (XRP) has been moving in the bullish trend zone for five days. In the last price action, the bulls failed to break the resistance at $0.90. Consequently, XRP continued its downward trend.", "source_name": "Coin Idol", "date": "Tue, 15 Feb 2022 07:00:00 -0500", "topics": [], "sentiment": "Positive", "type": "Article", "tickers": ["XRP"]}, {"news_url": "https://www.dcforecasts.com/bitcoin-scams/ira-financial-got-hacked-for-36m-in-btc-and-eth-report/", "image_url": "https://crypto.snapi.dev/images/v1/8/a/ira-financial-108910.png", "title": "IRA Financial Got Hacked For $36M In BTC And ETH: Report", "text": "Gemini client IRA Financial Trust got hacked out of $36 million in Bitcoin and Ethereum and it said that it is now trying to recover funds stolen from Gemini-linked accounts as we can see further in today's latest cryptocurrency news. The hackers stole $21 million in BTC and $15 million in ETH from retirement accounts [\u2026]", "source_name": "DCForecasts", "date": "Tue, 15 Feb 2022 06:53:58 -0500", "topics": [], "sentiment": "Negative", "type": "Article", "tickers": ["BTC", "ETH"]}, {"news_url": "https://coingape.com/?p=100806", "image_url": "https://crypto.snapi.dev/images/v1/u/c/bitcoin-id-4d4cad72-bb7a-40ec-9a8f-39c08a331e44-size900-107953-108455-108908.jpg", "title": "Bitcoin (BTC) Price Today: BTC Edges Higher Towards $52,000, Is The Right Time To Buy?", "text": "Bitcoin (BTC) price extends gains for the second straight session on Tuesday. BTC has been rising along the ascending trend line, which is extending from the lows of $32,933.33.", "source_name": "Coingape", "date": "Tue, 15 Feb 2022 06:48:09 -0500", "topics": [], "sentiment": "Positive", "type": "Article", "tickers": ["BTC"]}, {"news_url": "https://decrypt.co/92969/number-of-ethereum-addresses-holding-0-1-eth-hits-all-time-high", "image_url": "https://crypto.snapi.dev/images/v1/7/m/ethereum-3-gid-2-108907.jpg", "title": "Number of Ethereum Addresses Holding 0.1 ETH Hits All Time High", "text": "There are now more small Ethereum holders in crypto than ever before, as holders of roughly $300 in ETH hits a new all-time high.", "source_name": "Decrypt", "date": "Tue, 15 Feb 2022 06:37:18 -0500", "topics": [], "sentiment": "Positive", "type": "Article", "tickers": ["ETH"]}, {"news_url": "https://en.cryptonomist.ch/2022/02/15/why-bitcoin-bull-run-still-track/", "image_url": "https://crypto.snapi.dev/images/v1/f/l/01-bexplus-150222-300x200-1-108918.png", "title": "Here's why Bitcoin bull run still on track", "text": "Though Bitcoin price faced rejection at $45,000 mark, it is still trading above the key resistance of $44,000", "source_name": "The Cryptonomist", "date": "Tue, 15 Feb 2022 06:33:03 -0500", "topics": [], "sentiment": "Positive", "type": "Article", "tickers": ["BTC"]}, {"news_url": "https://cryptonews.com/news/bitcoin-rises-with-all-eyes-ukraine-feds-next-move.htm", "image_url": "https://crypto.snapi.dev/images/v1/e/2/adobestock-mastersergeant-1-1-108906.jpg", "title": "Bitcoin Rises with All Eyes on Ukraine, Fed's Next Move", "text": "The price of bitcoin (BTC) has been on the rise since the beginning of the week, with traders now keeping an eye on developments in Ukraine, as well as on the US Federal Reserve's (Fed) next move to combat high inflation.", "source_name": "Cryptonews", "date": "Tue, 15 Feb 2022 06:33:00 -0500", "topics": [], "sentiment": "Positive", "type": "Article", "tickers": ["BTC"]}, {"news_url": "https://ambcrypto.com/tenth-times-the-charm-for-ethereum-after-this-dry-spell-comes-to-an-end/", "image_url": "https://crypto.snapi.dev/images/v1/0/k/cryptocurrency-3424786-1280-1-e1644915233218-108904.jpg", "title": "Tenth time's the charm for Ethereum after this dry spell comes to an end", "text": "ETH, the world's second-largest cryptocurrency, finally started to move north earlier today. In fact, it broke past the strong resistance it was facing at $3000 by gaining by over 6% in 24 hours.", "source_name": "AMBCrypto", "date": "Tue, 15 Feb 2022 06:30:02 -0500", "topics": [], "sentiment": "Neutral", "type": "Article", "tickers": ["ETH"]}, {"news_url": "https://www.cryptoglobe.com/latest/2022/02/eth-crypto-analyst-explains-why-ethereum-is-a-better-store-of-value-than-gold/", "image_url": "https://crypto.snapi.dev/images/v1/q/8/ethereum-g78f92a98e-1920-108905.jpg", "title": "$ETH: Crypto Analyst Explains Why Ethereum Is a Better Store of Value Than Gold", "text": "Popular crypto analyst Benjamin Cowen has tackled the debate over whether Ethereum ($ETH) constitutes a store of value asset.\u00a0 Speaking in a recent interview with InvestAnswers, Cowen argued that Ethereum represents a better store of value asset than gold, which has traditionally been prized for its ability to maintain its price and grow in the [\u2026]", "source_name": "CryptoGlobe", "date": "Tue, 15 Feb 2022 06:28:18 -0500", "topics": [], "sentiment": "Positive", "type": "Article", "tickers": ["ETH"]}, {"news_url": "https://en.cryptonomist.ch/2022/02/15/planb-bitcoin-100000-2023/", "image_url": "https://crypto.snapi.dev/images/v1/f/t/bitcoin-planb-100000-300x200-108919.jpg", "title": "PlanB: Bitcoin to $100,000 in 2023", "text": "That would be indicated not only by its Stock-to-Flow model but also by the logarithmic regression", "source_name": "The Cryptonomist", "date": "Tue, 15 Feb 2022 06:25:04 -0500", "topics": [], "sentiment": "Positive", "type": "Article", "tickers": ["BTC"]}, {"news_url": "https://www.fool.com/investing/2022/02/15/top-cryptos-by-market-cap-which-should-you-buy/", "image_url": "https://crypto.snapi.dev/images/v1/p/r/urlhttps3a2f2fgfoolcdncom2feditorial2fimages2f6657242fgettyimages-1316264191-1jpgw700opresize-108900.jpg", "title": "These Are the Top Cryptos by Market Cap. Which Should You Buy?", "text": "If you're new to the world of digital assets, then look no further than these two popular cryptocurrencies.", "source_name": "The Motley Fool", "date": "Tue, 15 Feb 2022 06:10:00 -0500", "topics": [], "sentiment": "Positive", "type": "Article", "tickers": ["BTC", "ETH"]}, {"news_url": "https://investorplace.com/2022/02/solana-has-something-to-believe-in-but-investors-not-buying-sol-usd/", "image_url": "https://crypto.snapi.dev/images/v1/d/y/crypto8-108890.jpg", "title": "If Solana Pay Doesn't Change the Fortunes of SOL What Will?", "text": "The launch of Solana Pay isn't shielding SOL-USD from the broader sell-off. That could be a harbinger of even more downward pressure to come.", "source_name": "Investorplace", "date": "Tue, 15 Feb 2022 06:00:59 -0500", "topics": [], "sentiment": "Positive", "type": "Article", "tickers": ["SOL"]}, {"news_url": "https://coinpedia.org/altcoin/btc-and-eth-poised-to-run-to-an-ath/", "image_url": "https://crypto.snapi.dev/images/v1/k/u/crypto7-108883.jpg", "title": "Are BTC And ETH Poised To Run To An ATH Only After Bitcoin's Halving And ETH 2.0?", "text": "The cryptosphere has been holding onto its market cap levels of around $2 Trillion. The industry is in dire need of major impetus, that would propel the gains to greener double-digits. From the current bland digits which are influenced by market winds. In the interim, the legacy coins Bitcoin and Ethereum have been waiting to \u2026", "source_name": "CoinPedia", "date": "Tue, 15 Feb 2022 05:44:41 -0500", "topics": [], "sentiment": "Positive", "type": "Article", "tickers": ["BTC", "ETH"]}, {"news_url": "https://u.today/bitcoin-might-hit-53000-as-this-chart-pattern-appears-bloomberg-analysis?SNAPI", "image_url": "https://crypto.snapi.dev/images/v1/u/n/12687-108916.jpg", "title": "Bitcoin Might Hit $53,000 as This Chart Pattern Appears: Bloomberg Analysis", "text": "The rapid price increase might change the shape of the market in general", "source_name": "UToday", "date": "Tue, 15 Feb 2022 05:31:00 -0500", "topics": [], "sentiment": "Positive", "type": "Article", "tickers": ["BTC"]}, {"news_url": "https://en.cryptonomist.ch/2022/02/15/bitcoin-at-lows-on-exchanges/", "image_url": "https://crypto.snapi.dev/images/v1/y/7/bitcoin-exchange-1-300x200-108888.jpg", "title": "Bitcoin at lows on exchanges", "text": "That's the lowest number of BTC ever recorded since data was collected", "source_name": "The Cryptonomist", "date": "Tue, 15 Feb 2022 05:21:44 -0500", "topics": [], "sentiment": "Neutral", "type": "Article", "tickers": ["BTC"]}, {"news_url": "https://dailyhodl.com/2022/02/15/massive-crypto-whale-abruptly-moves-over-1900000000-in-bitcoin-btc-for-just-3-56-in-transaction-fees/", "image_url": "https://crypto.snapi.dev/images/v1/5/f/massive-whale-abruptly-movesjpgfit10242c600ssl1-108897.jpg", "title": "Massive Crypto Whale Abruptly Moves Over $1,900,000,000 in Bitcoin (BTC) for Just $3.56 in Transaction Fees", "text": "One of the richest Bitcoin (BTC) whales in existence is relocating nearly $2 billion worth of BTC while the crypto markets traded sideways over the weekend. Blockchain explorer Blockstream reveals that a massive Bitcoin whale shifted 44,979 BTC worth $1.9 billion to two wallets of unknown origins. One wallet collected 44,612 BTC worth $1.88 billion [\u2026] The post Massive Crypto Whale Abruptly Moves Over $1,900,000,000 in Bitcoin (BTC) for Just $3.56 in Transaction Fees appeared first on The Daily Hodl.", "source_name": "The Daily Hodl", "date": "Tue, 15 Feb 2022 05:15:18 -0500", "topics": ["whales"], "sentiment": "Neutral", "type": "Article", "tickers": ["BTC"]}, {"news_url": "https://www.newsbtc.com/crypto/bitcoin-price-research-group-sees-crypto-200k/", "image_url": "https://crypto.snapi.dev/images/v1/i/m/bit-15-108874.jpg", "title": "Bitcoin Price: Research Group Sees Crypto Hitting $200,000", "text": "The Bitcoin price trading value has hit $41,934.38 in the open market Monday, which is down by 0.95% on its index. The crypto is still recuperating after a 50% drop from its all-time high of $69,500 in November last year.", "source_name": "NewsBTC", "date": "Tue, 15 Feb 2022 05:11:14 -0500", "topics": [], "sentiment": "Neutral", "type": "Article", "tickers": ["BTC"]}, {"news_url": "https://u.today/bitcoin-recovers-near-44000-markets-remain-cautious-heres-why?SNAPI", "image_url": "https://crypto.snapi.dev/images/v1/a/u/12686-108869.jpg", "title": "Bitcoin Recovers Near $44,000, Markets Remain Cautious, Here's Why", "text": "Markets remain cautious as the volume of Bitcoin Perpetual Swaps remains low", "source_name": "UToday", "date": "Tue, 15 Feb 2022 05:07:00 -0500", "topics": [], "sentiment": "Positive", "type": "Article", "tickers": ["BTC"]}, {"news_url": "https://cryptonews.com/news/canada-joins-lebanon-turkey-bitcoins-marketing-team.htm", "image_url": "https://crypto.snapi.dev/images/v1/h/v/snapshot-108867.jpg", "title": "Canada Joins Lebanon and Turkey in 'Bitcoin's Marketing Team'", "text": "The Deputy Prime Minister and Finance Minister of Canada has claimed that banks in the country could be asked to immediately freeze or suspend the bank accounts of individuals in the country, as the \u201ctruck drivers' protest\u201d over Canadian COVID-19 restrictions continues.", "source_name": "Cryptonews", "date": "Tue, 15 Feb 2022 04:46:00 -0500", "topics": [], "sentiment": "Neutral", "type": "Article", "tickers": ["BTC"]}, {"news_url": "https://thecurrencyanalytics.com/bitcoin/ted-cruz-on-why-elizabeth-warren-hates-bitcoin-38955.php", "image_url": "https://crypto.snapi.dev/images/v1/v/n/ted-cruz-on-why-elizabeth-warren-hates-bitcoin-btc-108865.jpg", "title": "Ted Cruz on Why Elizabeth Warren Hates Bitcoin", "text": "Catch up on the latest crypto market news at The Currency Analytics. Elizabeth Warren U.S. Senator in the past stated, Cryptocurrencies are not a real path toward financial equality, thus criticizing the\u2026 The post Ted Cruz on Why Elizabeth Warren Hates Bitcoin appeared first on Cryptocurrency News.", "source_name": "The Currency Analytics", "date": "Tue, 15 Feb 2022 04:45:10 -0500", "topics": [], "sentiment": "Neutral", "type": "Article", "tickers": ["BTC"]}, {"news_url": "https://cointelegraph.com/news/bitcoin-hits-44k-after-canada-emergency-powers-accompany-6-btc-price-increase", "image_url": "https://crypto.snapi.dev/images/v1/t/g/840-ahr0chm6ly9zmy5jb2ludgvszwdyyxbolmnvbs91cgxvywrzlziwmjitmdivn2vkyzfjogqtnza3ny00zmiyltkwn2qtnmfjm2njnwy4ntkylmpwzw-108866.jpg", "title": "Bitcoin hits $44K after Canada emergency powers accompany 6% BTC price increase", "text": "Plans to include crypto in enhanced surveillance by the Canadian government has the unintended knock-on effect of fuelling \"unstoppable money.\"", "source_name": "Cointelegraph", "date": "Tue, 15 Feb 2022 04:44:50 -0500", "topics": [], "sentiment": "Positive", "type": "Article", "tickers": ["BTC"]}, {"news_url": "https://cryptopotato.com/bitcoin-recovers-towards-44k-solana-explodes-10-and-reclaims-100-market-watch/", "image_url": "https://crypto.snapi.dev/images/v1/t/h/solana-1-108864.jpg", "title": "Bitcoin Recovers Towards $44K: Solana Explodes 10% and Reclaims $100 (Market Watch)", "text": "Bitcoin and most of the altcoins have turned green with impressive price pumps coming from SOL, ETH, BNB, and others.", "source_name": "CryptoPotato", "date": "Tue, 15 Feb 2022 04:38:33 -0500", "topics": [], "sentiment": "Positive", "type": "Article", "tickers": ["BTC", "SOL"]}, {"news_url": "https://cointelegraph.com/news/russian-ministry-wants-to-legalize-bitcoin-mining-in-specific-areas", "image_url": "https://crypto.snapi.dev/images/v1/0/v/840-ahr0chm6ly9zmy5jb2ludgvszwdyyxbolmnvbs91cgxvywrzlziwmjitmdivywjizdrkztytnzzjos00zdy2ltk4zgetn2m5nze1zdvmmjkylmpwzw-108861.jpg", "title": "Russian Ministry wants to legalize Bitcoin mining in specific areas", "text": "The proposal aims to recognize crypto mining as a commercial activity and introduce taxes on its realized profits.", "source_name": "Cointelegraph", "date": "Tue, 15 Feb 2022 04:33:00 -0500", "topics": ["mining"], "sentiment": "Positive", "type": "Article", "tickers": ["BTC"]}, {"news_url": "https://beincrypto.com/bitcoin-btc-rebounds-44000-tapping-channel-support/", "image_url": "https://crypto.snapi.dev/images/v1/u/b/bitcoin-price-up-ink-108863.jpeg", "title": "Bitcoin (BTC) Rebounds Toward $44,000 After Tapping Channel Support", "text": "Bitcoin has reversed its trend after bouncing at the midline of its previous pattern. It's possible that the short-term correction is complete.", "source_name": "BeInCrypto", "date": "Tue, 15 Feb 2022 04:12:51 -0500", "topics": [], "sentiment": "Positive", "type": "Article", "tickers": ["BTC"]}, {"news_url": "https://blockonomi.com/mark-cuban-unveils-two-of-his-largest-altcoin-investments-calls-for-viral-crypto-app/", "image_url": "https://crypto.snapi.dev/images/v1/e/t/ethereum-1024x682-108948.jpg", "title": "Mark Cuban Unveils Two of His Largest Altcoin Investments, Calls For Viral Crypto App", "text": "Find someone who appreciates you as much as Mark Cuban appreciates Ethereum. Mark Cuban is a big fan of Ethereum, as the billionaire investor recently disclosed in an interview with Crypto Banter that he has contributed massively to Ethereum (ETH) and Polygon (MATIC).", "source_name": "Blockonomi", "date": "Tue, 15 Feb 2022 03:56:51 -0500", "topics": [], "sentiment": "Positive", "type": "Article", "tickers": ["ETH", "MATIC"]}, {"news_url": "https://blockonomi.com/chingari-introduces-integrated-token-wallet-for-the-solana-blockchain/", "image_url": "https://crypto.snapi.dev/images/v1/u/c/gari-1024x682-108853.jpg", "title": "Chingari Introduces Integrated-Token Wallet for The Solana Blockchain", "text": "Chingari, Tik Tok's new challenger, announced the debut of its integrated-token mobile application powered by the Solana blockchain today. The integration of the native $GARI token on Google Play and the Apple App Store plays a pivotal role in providing users with easy access to cryptocurrency.", "source_name": "Blockonomi", "date": "Tue, 15 Feb 2022 03:54:02 -0500", "topics": [], "sentiment": "Neutral", "type": "Article", "tickers": ["GARI", "SOL"]}, {"news_url": "https://invezz.com/news/2022/02/15/valour-expands-its-crypto-portfolio-with-two-etps-of-cardano-and-polkadot/", "image_url": "https://crypto.snapi.dev/images/v1/9/q/valour-expands-its-crypto-portfolio-with-two-etps-of-cardano-and-polkadot-108850.jpg", "title": "Valour expands its crypto portfolio with two ETPs of Cardano and Polkadot", "text": "DeFi Technologies has received regulatory approval to start trading Cardano (ADA/USD) and Polkadot (DOT/USD) exchange-traded products (ETPs). The ETPs have debuted at the Boerse Frankfurt Zertificate AG through DeFi Technologies' subsidiary firm, Valour. The two ETPs started trading on February 14, 2021. The two products have been labelled the Valour Polkadot (DOT) EUR and Valour [\u2026] The post Valour expands its crypto portfolio with two ETPs of Cardano and Polkadot appeared first on Invezz.", "source_name": "Invezz", "date": "Tue, 15 Feb 2022 03:44:41 -0500", "topics": [], "sentiment": "Positive", "type": "Article", "tickers": ["ADA", "DOT"]}, {"news_url": "https://crypto-economy.com/to-what-extent-does-xrp-relate-to-ripple/", "image_url": "https://crypto.snapi.dev/images/v1/h/z/og-collateral-wide-1-109290.jpg", "title": "To What Extent Does XRP Relate to Ripple?", "text": "Ripple and XRP (also known as the Ripple digital asset) are often confused by the general public, so click here and get high-quality info...", "source_name": "Crypto Economy", "date": "Tue, 15 Feb 2022 03:40:48 -0500", "topics": [], "sentiment": "Neutral", "type": "Article", "tickers": ["XRP"]}, {"news_url": "https://thecurrencyanalytics.com/bitcoin/binance-forbes-and-magnum-opus-partnership-set-to-demystify-blockchain-and-bitcoin-space-38950.php", "image_url": "https://crypto.snapi.dev/images/v1/g/t/binance-forbes-and-magnum-opus-partnership-set-to-demystify-blockchain-and-bitcoin-space-108849.jpg", "title": "Binance Forbes and Magnum Opus Partnership Set to Demystify Blockchain and Bitcoin Space", "text": "Catch up on the latest crypto market news at The Currency Analytics. Binance, the biggest cryptocurrency exchange will be taking a $200 million stake in Forbes.", "source_name": "The Currency Analytics", "date": "Tue, 15 Feb 2022 03:39:42 -0500", "topics": [], "sentiment": "Neutral", "type": "Article", "tickers": ["BTC"]}, {"news_url": "https://ambcrypto.com/24-discount-or-not-can-grayscales-bitcoin-trust-count-on-real-support/", "image_url": "https://crypto.snapi.dev/images/v1/c/q/unseen-histories-gbweihq1imw-unsplash-108847.jpg", "title": "24% discount or not, can Grayscale's Bitcoin Trust count on real support", "text": "Grayscale Bitcoin Trust, arguably the grand daddy of crypto-funds, may just have fulfilled a long-held ambition. It became an Exchange-traded fund (ETF)\u2014 at least in name.", "source_name": "AMBCrypto", "date": "Tue, 15 Feb 2022 03:30:04 -0500", "topics": [], "sentiment": "Neutral", "type": "Article", "tickers": ["BTC"]}, {"news_url": "https://dailyhodl.com/2022/02/15/ethereum-eth-has-big-chance-to-bounce-while-bitcoin-btc-active-addresses-make-new-high-for-2022-santiment/", "image_url": "https://crypto.snapi.dev/images/v1/n/y/btc-high-eth-bouncejpgfit10242c600ssl1-108845.jpg", "title": "Ethereum (ETH) Has Big Chance To Bounce While Bitcoin (BTC) Active Addresses Make New High for 2022: Santiment", "text": "Crypto analytics firm Santiment is seeing bullish on-chain indicators for the top two digital assets by market cap. According to Santiment, Ethereum (ETH) transaction fees are dropping, a good sign for the leading smart contract platform. \u201cTransaction fees are now officially at their lowest level since July 28th, 2021. Low fees typically maximize the chances [\u2026] The post Ethereum (ETH) Has Big Chance To Bounce While Bitcoin (BTC) Active Addresses Make New High for 2022: Santiment appeared first on The Daily Hodl.", "source_name": "The Daily Hodl", "date": "Tue, 15 Feb 2022 03:04:49 -0500", "topics": [], "sentiment": "Positive", "type": "Article", "tickers": ["BTC", "ETH"]}, {"news_url": "https://cryptopotato.com/planb-insists-s2f-model-points-to-100000-bitcoin-in-2023/", "image_url": "https://crypto.snapi.dev/images/v1/v/z/bitcoinmoon-108842.jpg", "title": "PlanB Insists: S2F Model Points to $100,000 Bitcoin in 2023", "text": "PlanB still believes that BTC will inevitably skyrocket to $100,000 or more and he sees it happening by the end of 2023.", "source_name": "CryptoPotato", "date": "Tue, 15 Feb 2022 02:36:47 -0500", "topics": [], "sentiment": "Neutral", "type": "Article", "tickers": ["BTC"]}, {"news_url": "https://invezz.com/news/2022/02/15/change-launches-solana-donation-tool/", "image_url": "https://crypto.snapi.dev/images/v1/e/i/solana-007-scaled-108841.jpg", "title": "Change launches Solana donation tool", "text": "Change launched a Solana (SOL/USD) donation tool, which is now live. It enables people with Phantom wallets to donate to a cause of their choice and track all their donations in one place. Change created the tool after seeing creators like RoyalRhinos and CryptoHeroLab launch collections that benefit a cause. The platform wanted to give [\u2026] The post Change launches Solana donation tool appeared first on Invezz.", "source_name": "Invezz", "date": "Tue, 15 Feb 2022 02:33:31 -0500", "topics": [], "sentiment": "Positive", "type": "Article", "tickers": ["SOL"]}, {"news_url": "https://en.cryptonomist.ch/2022/02/15/strike-expands-into-bitcoin-payments-in-argentina/", "image_url": "https://crypto.snapi.dev/images/v1/z/o/bitcoin-argentina-300x200-108843.jpg", "title": "Strike expands into Bitcoin payments in Argentina", "text": "The famous app aims at South America", "source_name": "The Cryptonomist", "date": "Tue, 15 Feb 2022 02:30:40 -0500", "topics": [], "sentiment": "Neutral", "type": "Article", "tickers": ["BTC"]}, {"news_url": "https://cryptoverze.com/with-diem-falling-is-ethereum-the-only-crypto-appropriate-for-the-metaverse/", "image_url": "https://crypto.snapi.dev/images/v1/a/b/crypto4-108834.jpg", "title": "With Diem Falling, Is Ethereum the Only Crypto Appropriate for the Metaverse?", "text": "Meta: Following Diem's somewhat dramatic downfall, continue reading to find out whether Ethereum is the only cryptocurrency that is appropriate for the metaverse. If you like to keep up to date with the latest and greatest digital trends to explode into the mainstream, you may be familiar with the metaverse and its slow but steady...", "source_name": "Cryptoverze", "date": "Tue, 15 Feb 2022 01:39:41 -0500", "topics": ["libra", "diem"], "sentiment": "Neutral", "type": "Article", "tickers": ["ETH"]}, {"news_url": "https://www.benzinga.com/markets/cryptocurrency/22/02/25624814/why-is-bitcoin-led-crypto-market-shooting-up-all-of-a-sudden?SNAPI", "image_url": "https://crypto.snapi.dev/images/v1/g/z/bitcoin-ge2a5c0366-1280-0-108833.jpg", "title": "Why Is Bitcoin-Led Crypto Market Shooting Up All Of A Sudden?", "text": "Major coins rose in the early hours of Tuesday as the global cryptocurrency market cap rose 4.6% to $1.95 trillion.", "source_name": "Benzinga", "date": "Tue, 15 Feb 2022 01:37:00 -0500", "topics": [], "sentiment": "Positive", "type": "Article", "tickers": ["BTC"]}, {"news_url": "https://u.today/heres-how-bitcoin-could-hit-200000-according-to-fundstrats-tom-lee?SNAPI", "image_url": "https://crypto.snapi.dev/images/v1/9/j/6458-12-108832.jpg", "title": "Here's How Bitcoin Could Hit $200,000, According to Fundstrat's Tom Lee", "text": "Fundstrat's Tom Lee has explained why he sees Bitcoin hitting $200,000", "source_name": "UToday", "date": "Tue, 15 Feb 2022 01:31:00 -0500", "topics": [], "sentiment": "Positive", "type": "Article", "tickers": ["BTC"]}, {"news_url": "https://www.reuters.com/markets/europe/cryptoverse-bitcoin-runs-into-russian-rules-regiments-2022-02-15/", "image_url": "https://crypto.snapi.dev/images/v1/g/8/aoeou7dfbrn5za32vlfeupfgky-108831.jpg", "title": "CRYPTOVERSE-Bitcoin runs into Russian rules and regiments", "text": "Bristling tensions and looming laws in Europe could offer clues to two questions: Can bitcoin be a safe-haven asset? And can Russia emerge as a crypto superpower?", "source_name": "Reuters", "date": "Tue, 15 Feb 2022 01:00:45 -0500", "topics": [], "sentiment": "Neutral", "type": "Article", "tickers": ["BTC"]}, {"news_url": "https://thecurrencyanalytics.com/altcoins/ethereum-eth-sentiments-are-bullish-and-long-term-growth-prospects-are-unaffected-38946.php", "image_url": "https://crypto.snapi.dev/images/v1/1/h/ethereum-eth-sentiments-are-bullish-and-long-term-growth-prospects-are-unaffected-108829.jpg", "title": "Ethereum (ETH) Sentiments are Bullish and Long-Term Growth Prospects are Unaffected", "text": "Catch up on the latest crypto market news at The Currency Analytics. Ethereum registered a growth of more than 330% in 2021.", "source_name": "The Currency Analytics", "date": "Tue, 15 Feb 2022 00:57:39 -0500", "topics": [], "sentiment": "Positive", "type": "Article", "tickers": ["ETH"]}, {"news_url": "https://www.newsbtc.com/analysis/eth/ethereum-overcome-hurdles-3k/", "image_url": "https://crypto.snapi.dev/images/v1/b/u/shutterstock-138316991-1-108827.jpg", "title": "TA: Ethereum Overcome Hurdles, Why 100 SMA Is The Key", "text": "Ethereum found support near $2,830 and recovered losses against the US Dollar. ETH price could continue to rise if it stays above the 100 hourly SMA.", "source_name": "NewsBTC", "date": "Tue, 15 Feb 2022 00:38:57 -0500", "topics": ["tanalysis"], "sentiment": "Neutral", "type": "Article", "tickers": ["ETH"]}, {"news_url": "https://beincrypto.com/ethereum-price-prediction-7609-in-2022-and-26338-by-2030/", "image_url": "https://crypto.snapi.dev/images/v1/q/u/ethereum-inkjpegoptimal-108826.jpeg", "title": "Ethereum Price Prediction: $7,609 in 2022, and $26,338 by 2030", "text": "Ethereum (ETH) is expected to hit $7,609 this year. This is according to a panel of 33 fintech, cryptocurrency and NFT specialists.", "source_name": "BeInCrypto", "date": "Tue, 15 Feb 2022 00:20:36 -0500", "topics": [], "sentiment": "Neutral", "type": "Article", "tickers": ["ETH"]}, {"news_url": "https://www.benzinga.com/markets/cryptocurrency/22/02/25623020/canada-invoking-emergency-rules-means-bitcoin-ethereum-dogecoin-can-also-be-seized?SNAPI", "image_url": "https://crypto.snapi.dev/images/v1/f/f/justin-trudeau-2021-108822.jpeg", "title": "Canada Invoking Emergency Rules Means Bitcoin, Ethereum, Dogecoin Can Also Be Seized", "text": "The government of Canada will make use of anti-money laundering and terrorist financing rules that can lead to seizure of cryptocurrencies like Bitcoin (CRYPTO: BTC), Ethereum (CRYPTO: ETH), and Dogecoin (", "source_name": "Benzinga", "date": "Mon, 14 Feb 2022 23:47:00 -0500", "topics": [], "sentiment": "Neutral", "type": "Article", "tickers": ["BTC", "DOGE", "ETH"]}, {"news_url": "https://cointelegraph.com/news/overwhelming-support-for-grayscale-btc-trust-etf-conversion-proposal", "image_url": "https://crypto.snapi.dev/images/v1/i/m/840-ahr0chm6ly9zmy5jb2ludgvszwdyyxbolmnvbs91cgxvywrzlziwmjitmdivodqzmmy4yjutnwzkny00ytlklthindytn2rhnzdkogu0owuxlmpwzw-108821.jpg", "title": "Overwhelming support for Grayscale BTC Trust ETF conversion proposal", "text": "Investors air their thoughts as to why the SEC should approve the conversion of Grayscale's BTC Trust into a spot ETF.", "source_name": "Cointelegraph", "date": "Mon, 14 Feb 2022 23:38:45 -0500", "topics": [], "sentiment": "Neutral", "type": "Article", "tickers": ["BTC"]}, {"news_url": "https://cryptonews.com/news/bitcoin-ethereum-reverse-losses-altcoins-jump.htm", "image_url": "https://crypto.snapi.dev/images/v1/b/i/bitcoins-and-dollars-107868-108267-108819.jpg", "title": "Bitcoin and Ethereum Reverse Losses, Altcoins Jump", "text": "Bitcoin price found a strong buying interest above the USD 41,500 level. As a result, BTC started a steady upward move above the USD 42,500 resistance zone and is currently (04:13 UTC) trading above USD 43,600. It's up almost 4% in a day and erased almost all its weekly losses.", "source_name": "Cryptonews", "date": "Mon, 14 Feb 2022 23:27:00 -0500", "topics": [], "sentiment": "Positive", "type": "Article", "tickers": ["BTC", "ETH"]}, {"news_url": "https://www.cryptopolitan.com/bitcoin-binance-coin-dogecoin-and-near-protocol-daily-price-analyses-14-february-roundup/", "image_url": "https://crypto.snapi.dev/images/v1/y/h/austin-distel-dfjjmvhwh-8-unsplash-94891-98925-108818.jpg", "title": "Bitcoin, Binance Coin, Dogecoin, and NEAR Protocol Daily Price Analyses \u2013 14 February Roundup", "text": "TL;DR Breakdown The global crypto market in gain after the new surge brings it 4.41%. Bitcoin adds 4.19% in 24 hours, adding new strength to the market.", "source_name": "Cryptopolitan", "date": "Mon, 14 Feb 2022 23:22:42 -0500", "topics": [], "sentiment": "Positive", "type": "Article", "tickers": ["BNB", "BTC", "DOGE", "NEAR"]}, {"news_url": "https://www.forbes.com/sites/zacheverson/2022/02/14/alleged-bitcoin-money-launderer-razzlekhan-to-be-released-husband-remains-behind-bars/", "image_url": "https://crypto.snapi.dev/images/v1/g/6/alleged-bitcoin-money-launderer-razzlekhan-to-be-released-husband-remains-behind-bars-109031.jpg", "title": "Alleged Bitcoin Money Launderer \u2018Razzlekhan' To Be Released, Husband Remains Behind Bars", "text": "Judge: \u201cThe blockchain leaves a clear path for those willing to follow it.\u201d", "source_name": "Forbes", "date": "Mon, 14 Feb 2022 22:35:50 -0500", "topics": [], "sentiment": "Neutral", "type": "Article", "tickers": ["BTC"]}, {"news_url": "https://www.newsbtc.com/analysis/btc/bitcoin-needs-to-clear-43800/", "image_url": "https://crypto.snapi.dev/images/v1/d/x/shutterstock-1402375832-1-108812.jpg", "title": "TA: Why Bitcoin Needs To Clear $43,800 For Hopes of a Fresh Rally", "text": "Bitcoin is recovering losses and trading above $43,000 against the US Dollar. BTC must clear $43,800 to continue higher in the near term.", "source_name": "NewsBTC", "date": "Mon, 14 Feb 2022 22:18:53 -0500", "topics": ["tanalysis"], "sentiment": "Positive", "type": "Article", "tickers": ["BTC"]}, {"news_url": "https://beincrypto.com/chess-players-win-bitcoin-prize-as-crypto-penetrates-more-sports/", "image_url": "https://crypto.snapi.dev/images/v1/j/w/chess-ink-1jpegoptimal-108805.jpeg", "title": "Chess Players Win Bitcoin Prize as Crypto Penetrates More Sports", "text": "Chess tournaments caught the eye of sponsors in the crypto space last year. Crypto sponsorship in sports is expanding, and fast.", "source_name": "BeInCrypto", "date": "Mon, 14 Feb 2022 21:34:14 -0500", "topics": [], "sentiment": "Positive", "type": "Article", "tickers": ["BTC"]}, {"news_url": "https://www.newsbtc.com/news/ethereum/will-ethereum-hit-7k-this-year-finders-panel-says-yes/", "image_url": "https://crypto.snapi.dev/images/v1/u/9/1355478-108803.jpg", "title": "Will Ethereum Hit $7k This Year? Finder's Panel Says Yes", "text": "Ethereum has been one of the greatest performers among the leading crypto currencies in 2021, with a price increase of about 330 percent over the course of the year. However, after hitting a new high of $4,847 in early November 2021, the price of ETH plummeted by more than 70% in January 2022.", "source_name": "NewsBTC", "date": "Mon, 14 Feb 2022 21:00:55 -0500", "topics": [], "sentiment": "Positive", "type": "Article", "tickers": ["ETH"]}, {"news_url": "https://www.newsbtc.com/analysis/xrp/these-two-altcoins-are-ready-for-major-pullback-says-crypto-analyst/", "image_url": "https://crypto.snapi.dev/images/v1/y/h/bull-108801.jpeg", "title": "These Two Altcoins Are Ready For Major Pullback, Says Crypto Analyst", "text": "Altcoins have been closely following the movement of bitcoin over the last few weeks but this is no surprise. However, there are times when these altcoins are able to break out of the shadow of the pioneer cryptocurrency and make out a rally for themselves.", "source_name": "NewsBTC", "date": "Mon, 14 Feb 2022 21:00:01 -0500", "topics": [], "sentiment": "Negative", "type": "Article", "tickers": ["HBAR", "XRP"]}], "total_pages": 39}