{"data": [{"news_url": "https://decrypt.co/95820/bitcoins-correlation-with-sp-500-reaches-17-month-high", "image_url": "https://crypto.snapi.dev/images/v1/y/t/dow-bitcoin-markets-gid-1-120828.jpg", "title": "Bitcoin's Correlation With S&P 500 Reaches 17-Month High", "text": "Bitcoin is re-establishing its connection with the equities index, but some investors maintain it's a risk-off asset.", "source_name": "Decrypt", "date": "Wed, 23 Mar 2022 14:56:35 -0400", "topics": [], "sentiment": "Positive", "type": "Article", "tickers": ["BTC"]}, {"news_url": "https://www.youtube.com/watch?v=q5N5d-kXBOI", "image_url": "https://crypto.snapi.dev/images/v1/b/j/840-ahr0chm6ly9zmy5jb2ludgvszwdyyxbolmnvbs91cgxvywrzlziwmjitmdmvmjvlodjlmtctnjk0ny00zjkyltlmodktmwvhmmixmwfhogzilmpwzw-120527-120839.jpg", "title": "BTC Trading Volume is Low, Will Volatility Rise? Bitcoin Providing a Lifeline to Ukrainians", "text": "\"All About Bitcoin\" host Christine Lee speaks to CoinDesk's Damanick Dantes for his the bitcoin markets analysis and short-term price projection. Plus, the expanding role of bitcoin in Ukraine war, we hear insights from Human Rights Foundation Chief Strategy Officer Alex Gladstein.", "source_name": "Coindesk", "date": "Wed, 23 Mar 2022 14:51:01 -0400", "topics": [], "sentiment": "Negative", "type": "Video", "tickers": ["BTC"]}, {"news_url": "https://dailyhodl.com/2022/03/23/demand-for-el-salvadors-bitcoin-btc-bonds-oversubscribed-by-500000000-report/", "image_url": "https://crypto.snapi.dev/images/v1/q/1/demand-bitcoin-bondsjpgfit10242c600ssl1-120844.jpg", "title": "Demand for El Salvador's Bitcoin (BTC) Bonds Oversubscribed by $500,000,000: Report", "text": "El Salvador's Bitcoin (BTC) bonds are oversubscribed by around 50%, according to a Financial Times report. The Central American country announced in November of 2021 that it would issue Bitcoin bonds worth $1 billion. Citing El Salvador's finance minister Alejandro Zelaya, sources tell the Financial Times that the total value of the bids for the [\u2026] The post Demand for El Salvador's Bitcoin (BTC) Bonds Oversubscribed by $500,000,000: Report appeared first on The Daily Hodl.", "source_name": "The Daily Hodl", "date": "Wed, 23 Mar 2022 14:45:29 -0400", "topics": [], "sentiment": "Neutral", "type": "Article", "tickers": ["BTC"]}, {"news_url": "https://u.today/ripple-vs-sec-court-grants-plaintiffs-request-for-extension-of-time?SNAPI", "image_url": "https://crypto.snapi.dev/images/v1/u/g/ripple-price-analysis-2022-03-20-119515-120824.png", "title": "Ripple vs. SEC: Court Grants Plaintiff's Request for Extension of Time", "text": "The court has approved the SEC's Request for an extension of time despite Ripple's opposition", "source_name": "UToday", "date": "Wed, 23 Mar 2022 14:43:00 -0400", "topics": ["regulations"], "sentiment": "Neutral", "type": "Article", "tickers": ["XRP"]}, {"news_url": "https://dailyhodl.com/2022/03/23/florida-governor-desantis-says-sunshine-state-working-on-accepting-bitcoin-for-tax-payments-report/", "image_url": "https://crypto.snapi.dev/images/v1/p/h/florida-accepting-bitcoinjpgfit10242c600ssl1-120845.jpg", "title": "Florida Governor DeSantis Says Sunshine State Working on Accepting Bitcoin for Tax Payments: Report", "text": "Governor Ron DeSantis of Florida says his state is drawing up plans to allow businesses to pay their tax bill with crypto assets. According to a new report by Bloomberg, DeSantis said that the state would be willing to accept digital assets as payment for taxes. \u201cI've told the state agencies to figure out ways, [\u2026] The post Florida Governor DeSantis Says Sunshine State Working on Accepting Bitcoin for Tax Payments: Report appeared first on The Daily Hodl.", "source_name": "The Daily Hodl", "date": "Wed, 23 Mar 2022 14:41:55 -0400", "topics": ["taxes"], "sentiment": "Positive", "type": "Article", "tickers": ["BTC"]}, {"news_url": "https://cryptopotato.com/solana-exploit-50-million-stolen-from-infinite-stablecoin-minting-glitch/", "image_url": "https://crypto.snapi.dev/images/v1/v/e/hacking-min-120847.jpg", "title": "Solana Exploit: $50 Million Stolen from Infinite Stablecoin Minting Glitch", "text": "The Cashio team encourages users to stop minting their stablecoin after the exploit, and will soon publish a post-mortem.\u00a0", "source_name": "CryptoPotato", "date": "Wed, 23 Mar 2022 14:30:24 -0400", "topics": ["stablecoins"], "sentiment": "Negative", "type": "Article", "tickers": ["SOL"]}, {"news_url": "https://bitcoinmagazine.com/press-releases/trammel-venture-partners-launches-bitcoin-focused-institutional-investor-fund", "image_url": "https://crypto.snapi.dev/images/v1/1/l/giving-bitcoin-120817.jpg", "title": "Trammel Venture Partners Launches Bitcoin-Focused Institutional Investor Fund", "text": "Trammel Venture Partners is pooling Bitcoin-focused institutional investors into a feeder-fund focused on Bitcoin and Lightning network development.", "source_name": "Bitcoin Magazine", "date": "Wed, 23 Mar 2022 14:19:23 -0400", "topics": ["institutions"], "sentiment": "Positive", "type": "Article", "tickers": ["BTC"]}, {"news_url": "https://thecurrencyanalytics.com/bitcoin/canadian-government-is-working-like-head-of-bitcoin-btc-marketing-40349.php", "image_url": "https://crypto.snapi.dev/images/v1/d/4/canadian-government-is-working-like-head-of-bitcoin-btc-marketing-120815.jpg", "title": "Canadian Government is Working Like Head of Bitcoin (BTC) Marketing", "text": "Catch up on the latest crypto market news at The Currency Analytics. Bitcoin is hailed to be true asset Canadian Government Seized 30% Bitcoin Not your keys not your crypto Nations involving\u2026 The post Canadian Government is Working Like Head of Bitcoin (BTC) Marketing appeared first on Cryptocurrency News.", "source_name": "The Currency Analytics", "date": "Wed, 23 Mar 2022 14:15:56 -0400", "topics": [], "sentiment": "Positive", "type": "Article", "tickers": ["BTC"]}, {"news_url": "https://www.cryptopolitan.com/bitcoin-price-analysis-2022-03-23/", "image_url": "https://crypto.snapi.dev/images/v1/n/m/bitcoin-price-analysis-2022-02-15-120814.png", "title": "Bitcoin price analysis: BTC still not ready to break the $43,400 previous high?", "text": "TL;DR Breakdown Bitcoin price analysis is bearish today. The market peaked at $43,400 yesterday.", "source_name": "Cryptopolitan", "date": "Wed, 23 Mar 2022 14:15:21 -0400", "topics": ["tanalysis"], "sentiment": "Negative", "type": "Article", "tickers": ["BTC"]}, {"news_url": "https://cryptonews.com/news/time-legalize-tax-bitcoin-mining-russia-say-deputy-pm-academic-think-tank.htm", "image_url": "https://crypto.snapi.dev/images/v1/u/q/adobestock-photocreo-bednarek-1-1-120812.jpg", "title": "Time to Legalize and Tax Bitcoin Mining in Russia, Say Deputy PM, Academic & Think Tank", "text": "The voices calling for Russia to legalize Bitcoin (BTC) and crypto mining are continuing to grow louder, with the Deputy Prime Minister, prominent academics, and a leading economic think tank all suggesting that legislation should be rolled out in the near future.", "source_name": "Cryptonews", "date": "Wed, 23 Mar 2022 14:00:00 -0400", "topics": ["mining", "taxes"], "sentiment": "Positive", "type": "Article", "tickers": ["BTC"]}, {"news_url": "https://coingape.com/?p=105611", "image_url": "https://crypto.snapi.dev/images/v1/e/t/ethereum-120809.webp", "title": "Ethereum Price Prediction: ETH Price Prepares For 30% Gains Above 200-day EMA", "text": "Ethereum price edges higher for the third straight day. However, the gains consolidate in a very tight range of $2,920 and $3,046.99.", "source_name": "Coingape", "date": "Wed, 23 Mar 2022 13:54:04 -0400", "topics": [], "sentiment": "Positive", "type": "Article", "tickers": ["ETH"]}, {"news_url": "https://www.coindesk.com/business/2022/03/23/pubg-publisher-krafton-partners-with-solana-labs/", "image_url": "https://crypto.snapi.dev/images/v1/e/k/3jrwjro5bzc2tdtzxizkqeao2e-120801.jpg", "title": "PUBG Publisher Krafton Partners With Solana Labs", "text": "The agreement could bring blockchain integrations and NFTs to the popular battle-royale style game.", "source_name": "Coindesk", "date": "Wed, 23 Mar 2022 13:36:00 -0400", "topics": [], "sentiment": "Positive", "type": "Article", "tickers": ["SOL"]}, {"news_url": "https://www.coindesk.com/layer2/miningweek/2022/03/23/the-state-of-bitcoin-and-ethereum-mining-in-10-charts/", "image_url": "https://crypto.snapi.dev/images/v1/r/j/wttuelygzrdirlom3ufktirczy-120799.jpg", "title": "The State of Bitcoin and Ethereum Mining in 10 Charts", "text": "It's been a rollercoaster year for Bitcoin and Ethereum mining: Here is what the data shows.", "source_name": "Coindesk", "date": "Wed, 23 Mar 2022 13:35:00 -0400", "topics": ["mining"], "sentiment": "Neutral", "type": "Article", "tickers": ["BTC", "ETH"]}, {"news_url": "https://thecurrencyanalytics.com/altcoins/terra-founder-buying-235000-btc-becomes-ultimate-reserve-asset-for-ust-40341.php", "image_url": "https://crypto.snapi.dev/images/v1/q/g/terra-founder-buying-235000-btc-becomes-ultimate-reserve-asset-for-ust-120796.jpg", "title": "Terra Founder Buying 235,000 BTC Becomes Ultimate Reserve Asset for UST", "text": "Catch up on the latest crypto market news at The Currency Analytics. Do Kwon to Buy $10 billion Bitcoin $42k per BTC would be approximately 235,000 BTC Will Do Kwon follow the\u2026 The post Terra Founder Buying 235,000 BTC Becomes Ultimate Reserve Asset for UST appeared first on Cryptocurrency News.", "source_name": "The Currency Analytics", "date": "Wed, 23 Mar 2022 13:31:56 -0400", "topics": [], "sentiment": "Positive", "type": "Article", "tickers": ["BTC", "LUNA"]}, {"news_url": "https://ambcrypto.com/binance-coin-shiba-inu-solana-tezos-price-analysis-23-march/", "image_url": "https://crypto.snapi.dev/images/v1/z/h/untitled-design-25-120793.png", "title": "Binance Coin, Shiba Inu, Solana, Tezos Price Analysis: 23 March", "text": "After a decent improvement in the overall sentiment over the past week, Binance coin, Solana and Tezos found a close above their 4-hour 200 EMA's. While Shiba Inu was still facing resistance at that level, its technicals flashed a bullish bias.", "source_name": "AMBCrypto", "date": "Wed, 23 Mar 2022 13:30:55 -0400", "topics": ["tanalysis"], "sentiment": "Neutral", "type": "Article", "tickers": ["BNB", "SHIB", "SOL", "XTZ"]}, {"news_url": "https://news.bitcoin.com/solana-based-cashio-app-hit-with-an-infinite-mint-glitch-cash-stablecoin-drops-to-zero/", "image_url": "https://crypto.snapi.dev/images/v1/c/c/shutterstock-1188038749-120795.jpg", "title": "Solana-Based Cashio App Hit With an \u2018Infinite Mint Glitch,' CASH Stablecoin Drops to Zero", "text": "A decentralized finance (defi) protocol called Cashio was attacked by an \u201cinfinite glitch\u201d exploit around 9:00 a.m. (UTC), the team said on Wednesday. Following the hack, statistics show the protocol's total value locked (TVL) dropped from over $28 million to $579,701 and the project's stablecoin shuddered from $1 per token to zero. Cashio App Exploited [\u2026]", "source_name": "Bitcoin", "date": "Wed, 23 Mar 2022 13:30:28 -0400", "topics": ["stablecoins"], "sentiment": "Negative", "type": "Article", "tickers": ["CASH", "SOL"]}, {"news_url": "https://www.cryptopolitan.com/ripple-price-analysis-2022-03-23/", "image_url": "https://crypto.snapi.dev/images/v1/l/5/ripple-price-analysis-2022-03-23-120778.png", "title": "Ripple price analysis: XRP retests $0.82 as support, ready to rally higher?\u00a0", "text": "TL;DR Breakdown Ripple price analysis is bullish today. XRP/USD found another higher low at $0.82.", "source_name": "Cryptopolitan", "date": "Wed, 23 Mar 2022 13:18:16 -0400", "topics": ["tanalysis"], "sentiment": "Positive", "type": "Article", "tickers": ["XRP"]}, {"news_url": "https://decrypt.co/95814/canadian-authorities-struggle-seize-freedom-convoy-bitcoin-donations", "image_url": "https://crypto.snapi.dev/images/v1/h/w/canada-bitcoin-gid-5-120779.jpg", "title": "Canadian Authorities Struggle to Seize Freedom Convoy's Bitcoin Donations", "text": "The truckers from the Freedom Convoy raised nearly 21 Bitcoin, but the Canadian government has reportedly seized less than 6.", "source_name": "Decrypt", "date": "Wed, 23 Mar 2022 13:16:21 -0400", "topics": [], "sentiment": "Neutral", "type": "Article", "tickers": ["BTC"]}, {"news_url": "https://beincrypto.com/ftx-and-coinshares-announce-physically-staked-solana-etp/", "image_url": "https://crypto.snapi.dev/images/v1/8/e/ftx-solana-etp-120794.jpg", "title": "FTX and CoinShares Announce Physically Staked Solana ETP", "text": "CoinShares and FTX have joined together to launch a physically-backed Solana (SOL) exchange-traded product (ETP). The post FTX and CoinShares Announce Physically Staked Solana ETP appeared first on BeInCrypto.", "source_name": "BeInCrypto", "date": "Wed, 23 Mar 2022 13:15:00 -0400", "topics": [], "sentiment": "Positive", "type": "Article", "tickers": ["SOL"]}, {"news_url": "https://coingape.com/?p=105580", "image_url": "https://crypto.snapi.dev/images/v1/d/c/cashio-hack-120775.jpg", "title": "Breaking: Solana (SOL) DeFi App Cashio Loses Millions in Hack", "text": "The cryptocurrency world is full of possibilities and under these possibilities, there are several chances of witnessing hacks and frauds. This time Solana (SOL) based DeFi application, Cashio which lets users mint CASH (app's stablecoin) came under the hacker attack.", "source_name": "Coingape", "date": "Wed, 23 Mar 2022 13:11:32 -0400", "topics": [], "sentiment": "Negative", "type": "Article", "tickers": ["CASH", "SOL"]}, {"news_url": "https://www.newsbtc.com/analysis/eth/what-this-pattern-spells-for-ethereum-in-the-coming-weeks-pullback-in-the-cards/", "image_url": "https://crypto.snapi.dev/images/v1/f/w/ethereum-1-120772.jpeg", "title": "What This Pattern Spells For Ethereum In The Coming Weeks, Pullback In The Cards?", "text": "Ethereum had seen some uptrend that had sent the price up at the start of the week, finally breaking above $3,000 once more. However, the digital asset has had a hard time maintaining this position in what it showing to be a \u2018takeout.", "source_name": "NewsBTC", "date": "Wed, 23 Mar 2022 13:00:52 -0400", "topics": [], "sentiment": "Neutral", "type": "Article", "tickers": ["ETH"]}, {"news_url": "https://cryptodaily.co.uk/2022/03/btc-usd-supported-with-technical-bids-on-pullbacks-sally-ho-technical-analysis-24-march-2022-btc-bitcoin", "image_url": "https://crypto.snapi.dev/images/v1/d/a/layer-2-protocols-improving-bitcoin-remittances-120473-120942.jpg", "title": "BTC/USD Supported with Technical Bids on Pullbacks: Sally Ho's Technical Analysis 24 March 2022 BTC", "text": "Bitcoin (BTC/USD) attempted to retain some of the recent gains early in the Asian session as the pair orbited the 42000 figure after trading as high as the 43389.79 level, a test of the 78.6% retracement of the depreciating range from 45855 to 34322. \u00a0\u00a0Technical bids emerged above the 41949 area after BTC/USD escalated to the 43389 area, a level that represents the 50% retracement of the recent appreciating range from 40509 to 43389.79, and technical bids around the 38.2% retracement level later kept the pair bid around the 42289 area.", "source_name": "Crypto Daily", "date": "Wed, 23 Mar 2022 13:00:00 -0400", "topics": ["tanalysis"], "sentiment": "Positive", "type": "Article", "tickers": ["BTC"]}, {"news_url": "https://cryptodaily.co.uk/2022/03/btc-usd-supported-with-technical-bids-on-pullbacks-sally-ho-technical-analysis-23-march-2022-btc-bitcoin", "image_url": "https://crypto.snapi.dev/images/v1/l/d/bitcoin20h20d-id-b1adbe4f-05c1-4a02-ae5c-88dcdc44166a-size900-120660-120771.jpg", "title": "BTC/USD Supported with Technical Bids on Pullbacks: Sally Ho's Technical Analysis 23 March 2022 BTC", "text": "Bitcoin (BTC/USD) attempted to retain some of the recent gains early in the Asian session as the pair orbited the 42000 figure after trading as high as the 43389.79 level, a test of the 78.6% retracement of the depreciating range from 45855 to 34322. \u00a0\u00a0Technical bids emerged above the 41949 area after BTC/USD escalated to the 43389 area, a level that represents the 50% retracement of the recent appreciating range from 40509 to 43389.79, and technical bids around the 38.2% retracement level later kept the pair bid around the 42289 area.", "source_name": "Crypto Daily", "date": "Wed, 23 Mar 2022 13:00:00 -0400", "topics": ["tanalysis"], "sentiment": "Neutral", "type": "Article", "tickers": ["BTC"]}, {"news_url": "https://ambcrypto.com/ethereum-cardano-and-bitcoin-the-why-and-why-not-of-crypto-diversification/", "image_url": "https://crypto.snapi.dev/images/v1/1/6/hamed-taha-8awtzz0vs0y-unsplash-120767.jpg", "title": "Ethereum, Cardano, AND Bitcoin? The why and why not of crypto-diversification", "text": "Diversification is one of the fundamental principles of investing that helps reduce a portfolio's risk. When building a cryptocurrency portfolio, managing risk in this volatile market is essential to hedge against risks.", "source_name": "AMBCrypto", "date": "Wed, 23 Mar 2022 12:30:18 -0400", "topics": [], "sentiment": "Neutral", "type": "Article", "tickers": ["ADA", "ETH", "BTC"]}, {"news_url": "https://www.cryptopolitan.com/ethereum-price-analysis-2022-03-23/", "image_url": "https://crypto.snapi.dev/images/v1/v/t/ethereum-price-analysis-2022-03-23-120762.png", "title": "Ethereum price analysis: ETH recovers above $3,000, ready to spike higher again?", "text": "TL;DR Breakdown Ethereum price analysis is bullish today. ETH/USD saw another higher low set at $2,920.", "source_name": "Cryptopolitan", "date": "Wed, 23 Mar 2022 12:21:21 -0400", "topics": ["tanalysis"], "sentiment": "Positive", "type": "Article", "tickers": ["ETH"]}, {"news_url": "https://cointelegraph.com/news/price-analysis-3-23-btc-eth-bnb-xrp-luna-ada-sol-avax-dot-doge", "image_url": "https://crypto.snapi.dev/images/v1/0/j/840-ahr0chm6ly9zmy5jb2ludgvszwdyyxbolmnvbs91cgxvywrzlziwmjitmdmvyzizodk2ntgtnmi0zc00zmm2lthhyzuty2iwndq4ndnmmddklmpwzw-120764.jpg", "title": "Price analysis 3/23: BTC, ETH, BNB, XRP, LUNA, ADA, SOL, AVAX, DOT, DOGE", "text": "Bitcoin and most major altcoins remain close to their overhead resistance levels, indicating the possibility of more upside.", "source_name": "Cointelegraph", "date": "Wed, 23 Mar 2022 12:19:08 -0400", "topics": ["tanalysis"], "sentiment": "Neutral", "type": "Article", "tickers": ["ADA", "AVAX", "BNB", "BTC", "DOGE", "LUNA", "SOL", "XRP", "DOT", "ETH"]}, {"news_url": "https://bitcoinmagazine.com/markets/thailand-announces-medium-of-payment-ban-for-bitcoin-and-crypto", "image_url": "https://crypto.snapi.dev/images/v1/c/w/karpeles-beats-embezzlement-charges-in-mt-gox-ruling-120752.jpg", "title": "Thailand Announces \u201cMedium Of Payment\u201d Ban For Bitcoin And Crypto", "text": "The Securities and Exchange Commission of Thailand announced a ban preventing businesses from receiving cryptocurrencies as payment.", "source_name": "Bitcoin Magazine", "date": "Wed, 23 Mar 2022 12:09:01 -0400", "topics": [], "sentiment": "Negative", "type": "Article", "tickers": ["BTC"]}, {"news_url": "https://invezz.com/news/2022/03/23/acala-manta-network-partner-with-polkadot-parachains-for-250m-ecosystem-fund/", "image_url": "https://crypto.snapi.dev/images/v1/a/y/daily-recap-polkadot-e1636118718393-120749.jpg", "title": "Acala, Manta network, partner with Polkadot parachains for $250M ecosystem fund", "text": "Manta Network has announced a partnership with several Polkadot parachain networks to create a $250 million aUSD Ecosystem Fund. The fund will support startups working on projects that support stablecoin use on the Polkadot (DOT/USD) or Kusama (KSM/USD) parachains. Supporting the Acala USD Some of the projects targeted by this fund include money markets, decentralized [\u2026] The post Acala, Manta network, partner with Polkadot parachains for $250M ecosystem fund appeared first on Invezz.", "source_name": "Invezz", "date": "Wed, 23 Mar 2022 12:04:25 -0400", "topics": [], "sentiment": "Positive", "type": "Article", "tickers": ["DOT"]}, {"news_url": "https://beincrypto.com/seesaw-protocol-ssw-vs-ripple-xrp-vs-solana-sol/", "image_url": "https://crypto.snapi.dev/images/v1/w/d/seesaw-protocoljpgoptimal-120768.jpg", "title": "Seesaw Protocol (SSW) vs Ripple (XRP) vs Solana (SOL)", "text": "Firstly, investing in the metaverse is not always fascinating as it seems. The success stories on social media can be deceitful.", "source_name": "BeInCrypto", "date": "Wed, 23 Mar 2022 12:01:00 -0400", "topics": [], "sentiment": "Neutral", "type": "Article", "tickers": ["SOL", "SSW", "XRP"]}, {"news_url": "https://www.coindesk.com/business/2022/03/23/acala-vcs-commit-250m-for-polkadot-defi-investments/", "image_url": "https://crypto.snapi.dev/images/v1/m/a/7wd3sig34nhdfehckwljgljazu-120750.jpeg", "title": "Acala, VCs Commit $250M for Polkadot DeFi Investments", "text": "The fund will be used to back companies with use cases for Acala's aUSD stablecoin.", "source_name": "Coindesk", "date": "Wed, 23 Mar 2022 12:01:00 -0400", "topics": [], "sentiment": "Positive", "type": "Article", "tickers": ["DOT"]}, {"news_url": "https://www.theblockcrypto.com/linked/139024/acala-announces-250-million-fund-to-fuel-adoption-of-ausd-stablecoin-on-polkadot", "image_url": "https://crypto.snapi.dev/images/v1/c/f/polkadot-sale-800x450-120748.jpg", "title": "Acala announces $250 million fund to fuel adoption of aUSD stablecoin on Polkadot", "text": "Acala, a stablecoin and DeFi-focused parachain project on Polkadot, has announced a $250 million ecosystem fund.\u00a0 The post Acala announces $250 million fund to fuel adoption of aUSD stablecoin on Polkadot appeared first on The Block.", "source_name": "The Block", "date": "Wed, 23 Mar 2022 12:00:57 -0400", "topics": ["stablecoins"], "sentiment": "Positive", "type": "Article", "tickers": ["DOT"]}, {"news_url": "https://cryptobriefing.com/polkadot-parachains-and-vcs-team-up-to-launch-250m-acala-usd-ecosystem-fund/?utm_source=main_feed&utm_medium=rss", "image_url": "https://crypto.snapi.dev/images/v1/0/d/acala-cover-1-838x440-120747.jpg", "title": "Polkadot Parachains and VCs Team Up to Launch $250M Acala USD Ecosystem Fund", "text": "Acala Network has teamed up with Polkadot parachains and venture funds to launch a $250 million \u201caUSD Ecosystem Fund.\u201d", "source_name": "Crypto Briefing", "date": "Wed, 23 Mar 2022 12:00:17 -0400", "topics": [], "sentiment": "Positive", "type": "Article", "tickers": ["DOT"]}, {"news_url": "https://cryptopotato.com/polkadot-parachains-venture-funds-launch-250-million-acala-ecosystem-fund/", "image_url": "https://crypto.snapi.dev/images/v1/2/y/polkadot-cover-120745.jpg", "title": "Polkadot Parachains, Venture Funds Launch $250 Million Acala Ecosystem Fund", "text": "The $250m aUSD Ecosystem Fund will be used to support upcoming startups focused on building apps with use cases for Acala's stablecoin.", "source_name": "CryptoPotato", "date": "Wed, 23 Mar 2022 12:00:16 -0400", "topics": [], "sentiment": "Neutral", "type": "Article", "tickers": ["DOT"]}, {"news_url": "https://bitcoinmagazine.com/business/wall-street-bank-cowen-to-offer-spot-bitcoin-trading", "image_url": "https://crypto.snapi.dev/images/v1/s/m/from-wall-street-to-bitcoin-120742.jpg", "title": "Wall Street Bank Cowen To Offer Spot Bitcoin Trading", "text": "The firm leveraged its small footprint to fast-track its way into offering spot instead of futures trading of bitcoin and cryptocurrency.", "source_name": "Bitcoin Magazine", "date": "Wed, 23 Mar 2022 11:53:17 -0400", "topics": [], "sentiment": "Positive", "type": "Article", "tickers": ["BTC"]}, {"news_url": "https://www.cryptoglobe.com/latest/2022/03/2-5-billion-in-bitcoin-btc-move-off-exchanges-suggesting-potential-for-significant-price-rise/", "image_url": "https://crypto.snapi.dev/images/v1/g/f/kanchanara-y3frkhp-ugy-unsplash-120741.jpg", "title": "$2.5 Billion in Bitcoin ($BTC) Move off Exchanges, Suggesting Potential for \u2018Significant' Price Rise", "text": "Around $2.5 billion worth of the flagship cryptocurrency Bitcoin ($BTC) have been moved off of popular cryptocurrency exchanges at a time in which the supply of BTC at these platforms reaches a three-year low, suggesting potential for a \u201csignificant\u201d price rise. According to data from on-chain analytics firm Glassnode, shared by Bitcoin Archive on Twitter, [\u2026]", "source_name": "CryptoGlobe", "date": "Wed, 23 Mar 2022 11:50:00 -0400", "topics": [], "sentiment": "Positive", "type": "Article", "tickers": ["BTC"]}, {"news_url": "https://www.trustnodes.com/2022/03/23/2-of-bitcoins-total-supply-now-tokenized-on-ethereum", "image_url": "https://crypto.snapi.dev/images/v1/r/4/shutterstock-1059430058-120251-120738.jpg", "title": "2% of Bitcoin's Total Supply Now Tokenized on Ethereum", "text": "Ethereum is more and more acting like bitcoin's actual second layer with close to 2% of bitcoin's current total supply (19 million) now running on eth. Data from BtcOnEthereum, a.", "source_name": "Trustnodes", "date": "Wed, 23 Mar 2022 11:48:15 -0400", "topics": ["paywall"], "sentiment": "Neutral", "type": "Article", "tickers": ["BTC", "ETH"]}, {"news_url": "https://cryptopotato.com/eth-price-analysis-eth-at-3k-but-are-we-out-of-trouble-yet/", "image_url": "https://crypto.snapi.dev/images/v1/e/t/ethereum-merge-upgrade-120405-120758.jpg", "title": "ETH Price Analysis: ETH at $3K But Are We Out of Trouble Yet?", "text": "The Ethereum price action has the potential to form a double top pattern. Currently, the bulls are fighting to break through the psychological resistance at $3,000.", "source_name": "CryptoPotato", "date": "Wed, 23 Mar 2022 11:40:06 -0400", "topics": ["tanalysis"], "sentiment": "Positive", "type": "Article", "tickers": ["ETH"]}, {"news_url": "https://coinpedia.org/bitcoin/these-factors-point-out-towards-a-massive-bitcoin-btc-breakout-in-the-next-couple-of-days/", "image_url": "https://crypto.snapi.dev/images/v1/h/y/bitcoin-etf-id-ec3f9b81-7b03-4d4f-972c-e6e358880c53-size900-120520-120737.jpg", "title": "These Factors Point Out Towards A Massive Bitcoin(BTC) Breakout in the Next Couple of Days!", "text": "Bitcoin price is currently showcasing a huge potential of breaking through the consolidation as the asset may breakout anytime from now. With the breakout, the BTC price is expected to surge beyond $45,000, maybe before the end of Q1 2022. Therefore, expecting a bullish start for the next quarter, the BTC price is primed to \u2026", "source_name": "CoinPedia", "date": "Wed, 23 Mar 2022 11:35:01 -0400", "topics": [], "sentiment": "Positive", "type": "Article", "tickers": ["BTC"]}, {"news_url": "https://u.today/222-btc-bought-by-top-whale-as-bitcoin-returns-to-42k?SNAPI", "image_url": "https://crypto.snapi.dev/images/v1/n/e/13527-120732.jpg", "title": "222 BTC Bought by Top Whale as Bitcoin Returns to $42K", "text": "Bitcoin (BTC), number one cryptocurrency, rose to high of $43,337 on March 23", "source_name": "UToday", "date": "Wed, 23 Mar 2022 11:23:00 -0400", "topics": ["whales"], "sentiment": "Positive", "type": "Article", "tickers": ["BTC"]}, {"news_url": "https://coinfomania.com/pubg-marker-partners-solana-blockchain-games/", "image_url": "https://crypto.snapi.dev/images/v1/4/g/4gbgre-120761.", "title": "PUBG Maker Krafton Partners Solana for Blockchain Games", "text": "Krafton, the company behind the creation of the globally popular Player Unknown's Battlegrounds (PUBG) royale game, announced a recent partnership deal with Solana Labs to explore blockchain games.\u00a0 PUBG Maker Partners Solana Krafton signed an agreement with the Solana to facilitate the development, design, and marketing of blockchain-based games and services.", "source_name": "Coinfomania", "date": "Wed, 23 Mar 2022 11:21:16 -0400", "topics": [], "sentiment": "Positive", "type": "Article", "tickers": ["SOL"]}, {"news_url": "https://cryptopotato.com/solana-price-analysis-sol-surges-15-weekly-will-it-break-above-100/", "image_url": "https://crypto.snapi.dev/images/v1/p/a/solana-id-7b587ba9-89f6-417f-9905-dadd1044d276-size900-118970-120746.jpg", "title": "Solana Price Analysis: SOL Surges 15% Weekly, Will it Break Above $100?", "text": "SOL is quickly moving towards $100, which represents a critical resistance. The strength of this bullish momentum will soon be put to the test.", "source_name": "CryptoPotato", "date": "Wed, 23 Mar 2022 11:13:25 -0400", "topics": ["tanalysis"], "sentiment": "Positive", "type": "Article", "tickers": ["SOL"]}, {"news_url": "https://www.cryptopolitan.com/bitcoin-ethereum-curve-dao-token-and-kadena-daily-price-analyses-23-march-morning-price-prediction/", "image_url": "https://crypto.snapi.dev/images/v1/l/v/crypto-related-stocks-id-4d4b35e6-a68c-4c8a-8698-d6009d0e8031-size900-115870-120485-120726.jpg", "title": "Bitcoin, Ethereum, Curve DAO Token, and Kadena Daily Price Analyses \u2013 23 March Morning Price Prediction", "text": "TL;DR Breakdown The global crypto market has changed direction, shedding 1.19% over the last 24 hours. Bitcoin is in a bearish mood as it depreciated 1.93% in 24 hours.", "source_name": "Cryptopolitan", "date": "Wed, 23 Mar 2022 11:11:20 -0400", "topics": [], "sentiment": "Negative", "type": "Article", "tickers": ["BTC", "CRV", "ETH", "KDA"]}, {"news_url": "https://u.today/ethereum-indicates-accumulation-pattern-per-this-metric-data-shows?SNAPI", "image_url": "https://crypto.snapi.dev/images/v1/o/i/13522-120729.jpg", "title": "Ethereum Indicates Accumulation Pattern per This Metric, Data Shows", "text": "This indicator enables estimation of\u00a0the long-term holders' portion", "source_name": "UToday", "date": "Wed, 23 Mar 2022 11:05:00 -0400", "topics": [], "sentiment": "Neutral", "type": "Article", "tickers": ["ETH"]}, {"news_url": "https://coingape.com/?p=105553", "image_url": "https://crypto.snapi.dev/images/v1/s/s/terra-luna-1200x675-1-120722.webp", "title": "Terra (LUNA) Founder Is Planning $10 Billion Bitcoin Reserve for UST", "text": "Terra founder Do Kwon in a tweet on Tuesday revealed plans to increase UST's bitcoin reserves to $10 billion. The Luna Foundation Guard has already raised $2.2 Billion and plans to meet the short-term target of $3 Billion.", "source_name": "Coingape", "date": "Wed, 23 Mar 2022 11:04:37 -0400", "topics": [], "sentiment": "Positive", "type": "Article", "tickers": ["BTC", "LUNA"]}, {"news_url": "https://www.trustnodes.com/2022/03/23/ethereum-tweets-reach-all-time-high", "image_url": "https://crypto.snapi.dev/images/v1/a/m/untitled-design-13-119628-120720.png", "title": "Ethereum Tweets Reach All Time High", "text": "Mentions of ethereum on Twitter have more than tippled recently, surpassing all time high while nearing bitcoin levels. More than 137,000 tweets mentioned ethereum on Tuesday (pictured), up from 36,000.", "source_name": "Trustnodes", "date": "Wed, 23 Mar 2022 11:04:31 -0400", "topics": ["paywall"], "sentiment": "Positive", "type": "Article", "tickers": ["ETH"]}, {"news_url": "https://investorplace.com/2022/03/10-top-cryptos-by-market-cap-heading-into-april-2022/", "image_url": "https://crypto.snapi.dev/images/v1/c/r/crypto13-115836-118839-120252-120719.jpg", "title": "10 Top Cryptos by Market Cap Heading Into April 2022", "text": "We're getting closer to the end of March and that means it's time to go over the top 10 cryptos by market cap as we prepare for April 2022.", "source_name": "Investorplace", "date": "Wed, 23 Mar 2022 10:43:07 -0400", "topics": [], "sentiment": "Positive", "type": "Article", "tickers": ["ADA", "AVAX", "BNB", "BTC", "ETH", "LUNA", "SOL", "USDC", "USDT", "XRP"]}, {"news_url": "https://coinpedia.org/altcoin/altcoins-price-to-mimic-btc-this-is-how-btc-eth-and-xrp-will-close-march-trade/", "image_url": "https://crypto.snapi.dev/images/v1/9/t/bitcoin-ethereum-tokens-gid-6-120119-120701.png", "title": "Altcoins Price To Mimic BTC! This Is How BTC, ETH, And XRP Will Close March Trade!", "text": "The 90-day correlation between Bitcoin and S&P 500 hits a 17-month high.\u00a0Altcoins mimic market leader Bitcoin, investors pin eyes on price projections of BTC, ETH, and XRP. The global cryptocurrency market with its sea of crypto assets have been surfing the bygone week in green. The weekend has been generous to a myriad of digital \u2026", "source_name": "CoinPedia", "date": "Wed, 23 Mar 2022 10:39:25 -0400", "topics": [], "sentiment": "Neutral", "type": "Article", "tickers": ["BTC", "XRP", "ETH"]}, {"news_url": "https://ambcrypto.com/ethereum-to-3k-in-48-hours-or-will-580k-option-contracts-expire-in-losses/", "image_url": "https://crypto.snapi.dev/images/v1/r/b/ethereum-g90418a36e-1280-120697.jpg", "title": "Ethereum to $3k in 48 hours or will 580k option contracts expire in losses", "text": "Ethereum is not only the second-biggest cryptocurrency in the world, it is also one of the most significant social coins given its demand amongst the people. For that coin, $3k has been time and again tested level, which is crucial in determining the trend of the price action going forward.", "source_name": "AMBCrypto", "date": "Wed, 23 Mar 2022 10:30:50 -0400", "topics": [], "sentiment": "Neutral", "type": "Article", "tickers": ["ETH"]}, {"news_url": "https://dailyhodl.com/2022/03/23/terra-luna-co-founder-reveals-purchase-for-3000000000-worth-of-bitcoin-btc-already-underway/", "image_url": "https://crypto.snapi.dev/images/v1/3/q/reveals-bitcoin-purchase-underwayjpgfit10242c600ssl1-120727.jpg", "title": "Terra (LUNA) Co-Founder Reveals Massive $3,000,000,000 Bitcoin (BTC) Purchase Is Already Underway", "text": "Stablecoin issuer Terra (LUNA) is moving forward with its plans to accumulate a massive trove of Bitcoin (BTC) reserves. Do Kwon, Terra's founder and chief executive officer, says on Twitter that they have $3 billion in funds ready \u201cto seed this reserve\u201d after announcing last week that Terra planned to accumulate $10 billion worth of [\u2026] The post Terra (LUNA) Co-Founder Reveals Massive $3,000,000,000 Bitcoin (BTC) Purchase Is Already Underway appeared first on The Daily Hodl.", "source_name": "The Daily Hodl", "date": "Wed, 23 Mar 2022 10:30:08 -0400", "topics": [], "sentiment": "Positive", "type": "Article", "tickers": ["BTC", "LUNA"]}, {"news_url": "https://coinmarketcap.com/alexandria/article/why-el-salvador-s-bitcoin-city-has-just-suffered-a-huge-setback", "image_url": "https://crypto.snapi.dev/images/v1/p/e/ac456fe008b24d2f9e507a094d02f8e6-120693.jpg", "title": "Why El Salvador's Bitcoin City Has Just Suffered a Huge Setback", "text": "The ambitious metropolis is going to be funded by \"volcano bonds,\" but their release has been delayed because of current market conditions.", "source_name": "CoinMarketCap", "date": "Wed, 23 Mar 2022 10:25:14 -0400", "topics": [], "sentiment": "Negative", "type": "Article", "tickers": ["BTC"]}, {"news_url": "https://www.financemagnates.com/thought-leadership/next-altcoins-to-explode/", "image_url": "https://crypto.snapi.dev/images/v1/f/c/crypto2021-id-e55899ff-17ab-4b9f-97be-f1e0931aa33c-size900-120691.jpg", "title": "Next Altcoins to Explode", "text": "The crypto markets recently reacted positively to news out of the FOMC meeting that the Fed would raise interest rates by six basis points - Federal reserve chair Jerome Powell announced the first hike in interest rates since 2018 to reporters on March 16th.", "source_name": "FinanceMagnates", "date": "Wed, 23 Mar 2022 10:13:00 -0400", "topics": [], "sentiment": "Positive", "type": "Article", "tickers": ["ADA", "ETH", "LBLOCK", "MRI"]}, {"news_url": "https://en.cryptonomist.ch/2022/03/23/new-york-state-wants-to-ban-bitcoin-mining/", "image_url": "https://crypto.snapi.dev/images/v1/j/b/wepik-2022223-15416-1-300x200-120694.png", "title": "New York State wants to ban bitcoin mining", "text": "A draft of a bill that would ban mining for two years has been approved", "source_name": "The Cryptonomist", "date": "Wed, 23 Mar 2022 10:06:28 -0400", "topics": ["mining"], "sentiment": "Negative", "type": "Article", "tickers": ["BTC"]}, {"news_url": "https://news.bitcoin.com/bitcoin-ethereum-technical-analysis-eth-falls-below-3000-as-crypto-gains-encounter-resistance/", "image_url": "https://crypto.snapi.dev/images/v1/q/w/shutterstock-1975474397-120681.jpg", "title": "Bitcoin, Ethereum Technical Analysis: ETH Falls Below\u00a0$3,000 as Crypto Gains Encounter Resistance", "text": "Gains in cryptocurrencies slowed down on hump-day, as bitcoin and ethereum prices hit resistance levels. ETH fell below the $3,000 level, with BTC falling below its long-term ceiling of $42,500 during today's session. Bitcoin The global crypto market cap was 0.69% lower as of writing, as gains in BTC eased on Wednesday, and prices encountered [\u2026]", "source_name": "Bitcoin", "date": "Wed, 23 Mar 2022 10:04:05 -0400", "topics": ["tanalysis"], "sentiment": "Negative", "type": "Article", "tickers": ["BTC", "ETH"]}, {"news_url": "https://cointelegraph.com/news/terra-may-be-about-to-repeat-125m-btc-buy-that-sparked-bitcoin-s-run-to-43-3k", "image_url": "https://crypto.snapi.dev/images/v1/f/p/840-ahr0chm6ly9zmy5jb2ludgvszwdyyxbolmnvbs91cgxvywrzlziwmjitmdmvmzu2nme2zdgtmguxni00y2uwlwfkztgtmmqxndm3mzc2mdc5lmpwzw-120683.jpg", "title": "Terra may be about to repeat $125M BTC buy that sparked Bitcoin's run to $43.3K", "text": "A repeat transaction to Binance of 125 million USDT sees one trader follow suit into Bitcoin, with BTC/USD yet to react at the Wall Street open.", "source_name": "Cointelegraph", "date": "Wed, 23 Mar 2022 10:02:35 -0400", "topics": [], "sentiment": "Positive", "type": "Article", "tickers": ["BTC", "LUNA"]}, {"news_url": "https://invezz.com/news/2022/03/23/ftx-joins-forces-with-coinshares-to-launch-solana-etp/", "image_url": "https://crypto.snapi.dev/images/v1/m/t/ftx-ceo-says-that-the-derivatives-exchange-wont-list-illiquid-futures-120680.png", "title": "FTX joins forces with CoinShares to launch Solana ETP", "text": "Leading crypto exchange FTX (FTX/USD) and CoinShares, the most prominent digital asset investment company in Europe with $3.8 billion in assets under management, announced a partnership today. The physically-backed Solana ETP (exchange-traded product) is their first project. It launches with\u00a01 million SOL\u00a0(SOL/USD) in seed capital, a zero management fee, and staking rewards of 3.0% p.a., [\u2026] The post FTX joins forces with CoinShares to launch Solana ETP appeared first on Invezz.", "source_name": "Invezz", "date": "Wed, 23 Mar 2022 10:02:18 -0400", "topics": [], "sentiment": "Positive", "type": "Article", "tickers": ["SOL"]}, {"news_url": "https://cryptopotato.com/btc-technical-analysis-these-are-bitcoins-two-upside-targets-on-the-path-to-50k/", "image_url": "https://crypto.snapi.dev/images/v1/y/h/aronpw-c5-vd7r4fyu-unsplash-scaled-120361-120679.jpg", "title": "BTC Technical Analysis: These Are Bitcoin's Two Upside Targets on the Path to $50K", "text": "Bitcoin was unable to continue above $43K despite its most recent attempts to do so. The price has circled back to $42,000.", "source_name": "CryptoPotato", "date": "Wed, 23 Mar 2022 09:59:01 -0400", "topics": ["tanalysis"], "sentiment": "Positive", "type": "Article", "tickers": ["BTC"]}, {"news_url": "https://u.today/bitcoin-miners-have-been-heavily-accumulating-bullish-sign-major-btc-twitter-account?SNAPI", "image_url": "https://crypto.snapi.dev/images/v1/z/d/13521-120678.jpg", "title": "Bitcoin Miners Have Been Heavily Accumulating \u2013 Bullish Sign: Major BTC Twitter Account", "text": "Per recent analytics data, Bitcoin miners have been actively accumulating BTC over the past year", "source_name": "UToday", "date": "Wed, 23 Mar 2022 09:58:00 -0400", "topics": ["mining"], "sentiment": "Positive", "type": "Article", "tickers": ["BTC"]}, {"news_url": "https://decrypt.co/95772/solana-stablecoin-project-cashio-plummets-zero-multi-million-dollar-hack", "image_url": "https://crypto.snapi.dev/images/v1/g/a/crypto-hacker-gid-6-120675.jpg", "title": "Solana Stablecoin Project Cashio Plummets to Zero After Multi-Million Dollar Hack", "text": "Cashio, a Solana-based stablecoin project, has been looted for millions after attackers leveraged an \u201cinfinite mint glitch.\u201d", "source_name": "Decrypt", "date": "Wed, 23 Mar 2022 09:50:10 -0400", "topics": ["stablecoins"], "sentiment": "Negative", "type": "Article", "tickers": ["SOL", "CASH"]}, {"news_url": "https://www.dcforecasts.com/bitcoin-news/ethereum-and-bitcoin-both-soar-again-and-heres-why/", "image_url": "https://crypto.snapi.dev/images/v1/m/z/bitcoin-analysis7-300x200-120062-120666.jpg", "title": "Ethereum And Bitcoin Both Soar Again, And Here's Why", "text": "Ethereum and Bitcoin both soar again and according to analysts, Goldman Sachs' announcement from a day ago, helped in the price spike so let's read more in today's latest altcoin news. The price of BTC shot up in the past day and brought along the entire market with it.", "source_name": "DCForecasts", "date": "Wed, 23 Mar 2022 09:42:31 -0400", "topics": [], "sentiment": "Positive", "type": "Article", "tickers": ["BTC", "ETH"]}, {"news_url": "https://cryptobriefing.com/polkadot-and-kusama-look-ready-to-retrace/?utm_source=main_feed&utm_medium=rss", "image_url": "https://crypto.snapi.dev/images/v1/8/f/polkadot-kusama-cover-838x440-120664.jpeg", "title": "Polkadot and Kusama Look Ready to Retrace", "text": "Polkadot and Kusama have risen by more than 13% over the past three days.", "source_name": "Crypto Briefing", "date": "Wed, 23 Mar 2022 09:38:09 -0400", "topics": [], "sentiment": "Negative", "type": "Article", "tickers": ["DOT", "KSM"]}, {"news_url": "https://www.dcforecasts.com/bitcoin-news/el-salvador-postponed-the-btc-bond-due-to-unfavorable-conditions/", "image_url": "https://crypto.snapi.dev/images/v1/p/m/naib-120663.png", "title": "El Salvador Postponed The BTC Bond Due To Unfavorable Conditions", "text": "El Salvador postponed the BTC bond because of the unfavorable conditions on the market with the government pointing to market volatility, saying that things could look better by September so let's read further in our latest Bitcoin news today. The bitcoin-backed bonds were supposed to launch last week and they might not come until September [\u2026]", "source_name": "DCForecasts", "date": "Wed, 23 Mar 2022 09:37:44 -0400", "topics": [], "sentiment": "Negative", "type": "Article", "tickers": ["BTC"]}, {"news_url": "https://www.benzinga.com/markets/cryptocurrency/22/03/26259095/bitcoin-sees-largest-outflow-since-january-is-a-bull-run-incoming?SNAPI", "image_url": "https://crypto.snapi.dev/images/v1/e/a/bull-ge5cd7a82b-1280-0-120703.png", "title": "Bitcoin Sees Largest Outflow Since January: Is A Bull Run Incoming?", "text": "Bitcoin (CRYPTO: BTC) on-chain data paints a rather bullish picture suggesting that yet another bull run may be incoming for the world's first cryptocurrency.", "source_name": "Benzinga", "date": "Wed, 23 Mar 2022 09:34:00 -0400", "topics": [], "sentiment": "Positive", "type": "Article", "tickers": ["BTC"]}, {"news_url": "https://news.bitcoin.com/salvadoran-bitcoin-bonds-might-be-issued-by-state-geothermal-company-la-geo-delays-possible/", "image_url": "https://crypto.snapi.dev/images/v1/p/h/photo-2022-03-23-00-57-12-120688.jpg", "title": "Salvadoran Bitcoin Bonds Might Be Issued by State Geothermal Company La Geo, Delays Possible", "text": "The treasury minister of El Salvador, Alejandro Zelaya, has informed about the future of the issuance of the bitcoin bonds and the possibility of these being issued by La Geo, the national geothermal power company. Zelaya also referred to the day of issuance of these instruments, hinting at a possible delay that would see the [\u2026]", "source_name": "Bitcoin", "date": "Wed, 23 Mar 2022 09:30:48 -0400", "topics": [], "sentiment": "Neutral", "type": "Article", "tickers": ["BTC"]}, {"news_url": "https://coinfomania.com/solana-cashioapp-hacked-for-50m/", "image_url": "https://crypto.snapi.dev/images/v1/s/o/solana-coinbase-119222-120677.jpg", "title": "Solana-based Stablecoin Protocol CashioApp Hacked for Near $50M", "text": "CashioApp (CASH), a Solana-based algorithmic stablecoin, has suffered a security breach. The hacker made away with an estimated $50 million, effectively crashing the stablecoin's value to $0 in the hours following the exploit.", "source_name": "Coinfomania", "date": "Wed, 23 Mar 2022 09:29:51 -0400", "topics": ["stablecoins"], "sentiment": "Negative", "type": "Article", "tickers": ["SOL", "CASH"]}, {"news_url": "https://www.financemagnates.com/cryptocurrency/news/bitcoin-holds-42000-price-level/", "image_url": "https://crypto.snapi.dev/images/v1/r/f/bitcoin20h20d-id-b1adbe4f-05c1-4a02-ae5c-88dcdc44166a-size900-120660.jpg", "title": "Bitcoin Holds $42,000 Price Level", "text": "After touching a high of $43,100 yesterday, Bitcoin saw a marginal dip in its price during the past 24 hours. However, BTC bulls have managed to keep the price above $42,000.", "source_name": "FinanceMagnates", "date": "Wed, 23 Mar 2022 09:29:00 -0400", "topics": [], "sentiment": "Negative", "type": "Article", "tickers": ["BTC"]}, {"news_url": "https://bitcoinmagazine.com/business/paxful-ray-youssef-creates-entrepreneurs", "image_url": "https://crypto.snapi.dev/images/v1/5/8/img-6139-120657.png", "title": "How Paxful's Ray Youssef Uses Bitcoin To Encourage \u2018Sovereign Entrepreneurs'", "text": "Ray Youssef, the CEO of bitcoin exchange Paxful, is traveling the world to enable global entrepreneurs with the power of peer-to-peer collaboration.", "source_name": "Bitcoin Magazine", "date": "Wed, 23 Mar 2022 09:27:31 -0400", "topics": [], "sentiment": "Neutral", "type": "Article", "tickers": ["BTC"]}, {"news_url": "https://www.theblockcrypto.com/post/138817/david-woo-on-why-an-american-cbdc-could-be-big-trouble-for-bitcoin", "image_url": "https://crypto.snapi.dev/images/v1/e/z/20220322-thescoop-david-woo-16-x-9-800x450-120656.jpg", "title": "David Woo on why an American CBDC could be big trouble for Bitcoin", "text": "The Block's Frank Chaparro chats with David Woo, founder and CEO of David Woo Unbound. The post David Woo on why an American CBDC could be big trouble for Bitcoin appeared first on The Block.", "source_name": "The Block", "date": "Wed, 23 Mar 2022 09:17:55 -0400", "topics": [], "sentiment": "Negative", "type": "Article", "tickers": ["BTC"]}, {"news_url": "https://www.coindesk.com/business/2022/03/23/first-mover-americas-ether-options-shed-bearish-skew-for-first-time-in-2-months-ethbtc-ratio-eyes-big-move/", "image_url": "https://crypto.snapi.dev/images/v1/b/r/d56t44iyj5cp3hx2tzqzfy6sri-120650.jpeg", "title": "First Mover Americas: Ether Options Shed Bearish Skew for First Time in 2 Months, ETH/BTC Ratio Eyes Big Move", "text": "The latest moves in crypto markets in context for March 23, 2022.", "source_name": "Coindesk", "date": "Wed, 23 Mar 2022 09:02:00 -0400", "topics": [], "sentiment": "Negative", "type": "Article", "tickers": ["BTC", "ETH"]}, {"news_url": "https://beincrypto.com/ethereum-eth-breaks-out-from-36-day-resistance-multi-coin-analysis/", "image_url": "https://crypto.snapi.dev/images/v1/d/k/ethereumjpgoptimal-120658.jpg", "title": "Ethereum (ETH) Breaks Out From 36-Day Resistance: Multi Coin Analysis", "text": "Be[In]Crypto takes a look at the price movement of seven different cryptocurrencies, including Ethereum (ETH), which has just broken out from a descending resistance line. The post Ethereum (ETH) Breaks Out From 36-Day Resistance: Multi Coin Analysis appeared first on BeInCrypto.", "source_name": "BeInCrypto", "date": "Wed, 23 Mar 2022 09:00:00 -0400", "topics": [], "sentiment": "Positive", "type": "Article", "tickers": ["ETH"]}, {"news_url": "https://www.dcforecasts.com/bitcoin-news/bitcoin-dipped-again-from-its-weekly-highs-whats-next-for-btc/", "image_url": "https://crypto.snapi.dev/images/v1/k/s/aronpw-c5-vd7r4fyu-unsplash-scaled-120361-120641.jpg", "title": "Bitcoin Dipped Again From Its Weekly Highs, What's Next For BTC?", "text": "Bitcoin dipped again from its weekly high with the action hovering under the short-term support targets so let's read more today in our latest Bitcoin news. Bitcoin threatened a huge retracement overnight as the weekly highs saw their first test.", "source_name": "DCForecasts", "date": "Wed, 23 Mar 2022 08:43:37 -0400", "topics": [], "sentiment": "Negative", "type": "Article", "tickers": ["BTC"]}, {"news_url": "https://www.dcforecasts.com/altcoin-news/ethereum-reclaimed-3k-once-again-as-btc-charts-20-day-high/", "image_url": "https://crypto.snapi.dev/images/v1/w/s/cryptocurrency-market-overview-source-quantify-crypto-14-120640.png", "title": "Ethereum Reclaimed $3K Once Again As BTC Charts 20-Day High", "text": "Ethereum reclaimed $3K once again with Bitcoin charting a 20-day high and hit $43,000 as we can see more in today's latest altcoin news. After dipping below $41,000, BTC went on the offensive again and exceeded $43,000 with other altcoins being in the green and ADA nearing $1 while Ethereum reclaimed $3K.", "source_name": "DCForecasts", "date": "Wed, 23 Mar 2022 08:39:18 -0400", "topics": [], "sentiment": "Positive", "type": "Article", "tickers": ["ETH"]}, {"news_url": "https://ambcrypto.com/what-bitcoin-trading-in-this-consolidation-phase-holds-for-the-future/", "image_url": "https://crypto.snapi.dev/images/v1/j/l/pp-2-btc-cover-e1648019208281-120637.jpg", "title": "What Bitcoin trading in this consolidation phase holds for the future", "text": "Disclaimer:\u00a0The findings of the following analysis are the sole opinions of the writer and should not be considered investment advice Bitcoin Dominance had found a bottom at 39.5% in January and has slowly been rising. This indicated that the capital flow was directed toward Bitcoin and away from altcoins.", "source_name": "AMBCrypto", "date": "Wed, 23 Mar 2022 08:30:18 -0400", "topics": [], "sentiment": "Neutral", "type": "Article", "tickers": ["BTC"]}, {"news_url": "https://u.today/solana-based-app-lost-50-million-due-to-fake-account-exploit-heres-how?SNAPI", "image_url": "https://crypto.snapi.dev/images/v1/x/c/13513-120635.jpg", "title": "Solana-Based App Lost $50 Million Due to Fake Account Exploit, Here's How", "text": "CashioApp loses $50 million because of flawed contract code", "source_name": "UToday", "date": "Wed, 23 Mar 2022 08:25:00 -0400", "topics": [], "sentiment": "Negative", "type": "Article", "tickers": ["SOL"]}, {"news_url": "https://cryptonews.com/news/bitcoin-ethereum-struggle-hold-uptrend-support-lrc-skyrockets.htm", "image_url": "https://crypto.snapi.dev/images/v1/k/u/dogecoin-and-ethereum-coins-120311-120633.jpg", "title": "Bitcoin and Ethereum Struggle to Hold Uptrend Support, LRC Skyrockets", "text": "Bitcoin price started a downside correction from the USD 43,400 zone and traded below USD 42,000. It is currently (12:04 PM UTC) consolidating near USD 42,000 again, but still might decline to the key USD 41,550 support.", "source_name": "Cryptonews", "date": "Wed, 23 Mar 2022 08:14:00 -0400", "topics": [], "sentiment": "Neutral", "type": "Article", "tickers": ["BTC", "ETH", "LRC"]}, {"news_url": "https://coinpedia.org/press-release/play-with-solana-sol-on-your-favorite-online-casino-1xbit/", "image_url": "https://crypto.snapi.dev/images/v1/k/l/crypto3-120630.jpg", "title": "Play With Solana (SOL) On Your Favorite Online Casino \u2013 1xBit", "text": "We at 1xBit greatly appreciate our community's feedback and requests. Our players wanted Solana as a payment method, and we listened! You can now bet on sports and play your favorite casino games by wagering SOL coins. But what exactly is Solana, and what makes it so unique? An Introduction to Solana\u00a0\u00a0\u00a0 Solana is an \u2026", "source_name": "CoinPedia", "date": "Wed, 23 Mar 2022 08:07:09 -0400", "topics": [], "sentiment": "Positive", "type": "Article", "tickers": ["SOL"]}, {"news_url": "https://bitcoinmagazine.com/culture/how-civil-justice-reacts-to-bitcoin-custody", "image_url": "https://crypto.snapi.dev/images/v1/e/j/bitcoin-magazine-free-assange-800x529-120625.png", "title": "Going Nuclear: Civil Justice System And The Bitcoin Dispute Resolution Paradigm", "text": "Exploring how Bitcoin's non-confiscatable nature will introduce a paradigm shift in dispute resolution and the civil justice system.", "source_name": "Bitcoin Magazine", "date": "Wed, 23 Mar 2022 08:00:00 -0400", "topics": [], "sentiment": "Negative", "type": "Article", "tickers": ["BTC"]}, {"news_url": "https://www.cryptoglobe.com/latest/2022/03/new-york-times-article-claims-one-bitcoin-transaction-uses-2000-kwh-of-electricity/", "image_url": "https://crypto.snapi.dev/images/v1/p/p/power-lines-120628.jpg", "title": "New York Times Article Claims One Bitcoin Transaction Uses 2,000 kWh of Electricity", "text": "In a New York Times (NYT) article \u2014 published yesterday (March 22) \u2014 about the crypto mining industry's focus on renewable energy, it was mentioned that according to some estimates \u201ca single Bitcoin transaction now requires more than 2,000 kilowatt-hours of electricity.\u201d The NYT article, which was written by technology reporter David Yaffe-Bellany, started by [\u2026]", "source_name": "CryptoGlobe", "date": "Wed, 23 Mar 2022 07:59:16 -0400", "topics": [], "sentiment": "Neutral", "type": "Article", "tickers": ["BTC"]}, {"news_url": "https://blockonomi.com/the-week-begins-all-eyes-on-ethereum/", "image_url": "https://crypto.snapi.dev/images/v1/i/i/ethereum-1024x682-120624.jpg", "title": "The Week Begins: All Eyes On Ethereum", "text": "More than 2 million Ethereum, worth around $5.8 billion, was reportedly burnt since the last update. The burns started following Ethereum Improvement Proposal 159, or EIP 1559, from the London hard fork.", "source_name": "Blockonomi", "date": "Wed, 23 Mar 2022 07:57:40 -0400", "topics": [], "sentiment": "Positive", "type": "Article", "tickers": ["ETH"]}, {"news_url": "https://bitcoinist.com/canadian-seized-6-of-21-btc-truckers-convoy/", "image_url": "https://crypto.snapi.dev/images/v1/0/m/trucker-g4409e4fb5-1280-640x356-120623.jpg", "title": "Canadian Authorities Seized Only 6 Of The 21 BTC Donated To The Truckers' Convoy", "text": "The Canadian truckers' protest is one of 2022 biggest stories. The turning point was when the Government invoked the Emergencies Act and, among other things, got the power to seize all donations including cryptocurrencies.", "source_name": "Bitcoinist", "date": "Wed, 23 Mar 2022 07:54:25 -0400", "topics": [], "sentiment": "Neutral", "type": "Article", "tickers": ["BTC"]}, {"news_url": "https://coingape.com/?p=105522", "image_url": "https://crypto.snapi.dev/images/v1/m/q/solana-120621.jpg", "title": "Breaking: PUBG Developer Krafton Partners With Solana (SOL)", "text": "Krafton, developer of the popular videogame PUBG, said it had signed a deal with Solana Labs to jointly develop blockchain and NFT-based games and services. The developer said it intended to leverage its game building capabilities in the web3 space.", "source_name": "Coingape", "date": "Wed, 23 Mar 2022 07:53:13 -0400", "topics": [], "sentiment": "Positive", "type": "Article", "tickers": ["SOL"]}, {"news_url": "https://u.today/ripple-expands-operations-into-middle-east-as-partner-bank-opens?SNAPI", "image_url": "https://crypto.snapi.dev/images/v1/o/l/13506-120620.jpg", "title": "Ripple Expands Operations into Middle East as Partner Bank Opens", "text": "Ripple expands operations into Middle East with RippleNet", "source_name": "UToday", "date": "Wed, 23 Mar 2022 07:52:00 -0400", "topics": [], "sentiment": "Positive", "type": "Article", "tickers": ["XRP"]}, {"news_url": "https://dailyhodl.com/2022/03/23/billionaire-bitcoin-whales-could-signal-the-next-bottom-for-btc-says-crypto-analyst-benjamin-cowen/", "image_url": "https://crypto.snapi.dev/images/v1/i/i/whales-signal-bottomjpgfit10242c600ssl1-120632.jpg", "title": "Billionaire Bitcoin Whales Could Signal the Next Bottom for BTC, Says Crypto Analyst Benjamin Cowen", "text": "A popular crypto analyst is looking at what the wealthiest Bitcoin (BTC) holders are doing to gauge the leading crypto asset's next swing upward. In a new strategy session, Benjamin Cowen tells his 721,000 subscribers that he keeps track of the largest BTC wallets because they have been known to call market bottoms in the [\u2026] The post Billionaire Bitcoin Whales Could Signal the Next Bottom for BTC, Says Crypto Analyst Benjamin Cowen appeared first on The Daily Hodl.", "source_name": "The Daily Hodl", "date": "Wed, 23 Mar 2022 07:45:12 -0400", "topics": ["whales"], "sentiment": "Positive", "type": "Article", "tickers": ["BTC"]}, {"news_url": "https://www.benzinga.com/markets/cryptocurrency/22/03/26252363/are-virtual-coins-and-crypto-like-bitcoin-the-future-of-online-payment?SNAPI", "image_url": "https://crypto.snapi.dev/images/v1/u/n/checkout-4762569-1280-120643.jpeg", "title": "Are Virtual Coins And Crypto Like Bitcoin The Future of Online Payment?", "text": "Photo by Obsahovka on Pixabay This post contains sponsored advertising content. This content is for informational purposes only and is not intended to be investing advice.", "source_name": "Benzinga", "date": "Wed, 23 Mar 2022 07:44:00 -0400", "topics": [], "sentiment": "Neutral", "type": "Article", "tickers": ["BTC"]}, {"news_url": "https://cointelegraph.com/news/ftx-and-coinshares-launch-physical-staked-solana-etp", "image_url": "https://crypto.snapi.dev/images/v1/y/k/840-ahr0chm6ly9zmy5jb2ludgvszwdyyxbolmnvbs91cgxvywrzlziwmjitmdmvzgzjngq1yzktzda5mi00mdi1ltgwzmitzje4mwuyodkyody4lmpwzw-120610.jpg", "title": "FTX and CoinShares launch physical staked Solana ETP", "text": "CoinShares FTX Physical Staked Solana will be listed on Germany's major digital market Xetra and is the fourth ETP rolled out by CoinShares this year.", "source_name": "Cointelegraph", "date": "Wed, 23 Mar 2022 07:43:00 -0400", "topics": [], "sentiment": "Positive", "type": "Article", "tickers": ["SOL"]}, {"news_url": "https://www.benzinga.com/markets/cryptocurrency/22/03/26254790/ethereum-outperforms-bitcoin-as-merge-upgrade-paints-a-deflationary-future?SNAPI", "image_url": "https://crypto.snapi.dev/images/v1/v/o/ethereum-bitcoin2-0-120639.jpg", "title": "Ethereum Outperforms Bitcoin As Merge Upgrade Paints A Deflationary Future", "text": "Ethereum (CRYPTO: ETH) has been recently outperforming leading cryptocurrency Bitcoin (CRYPTO: BTC) as investors hope that a network upgrade will soon make the coin a deflationary asset.", "source_name": "Benzinga", "date": "Wed, 23 Mar 2022 07:34:00 -0400", "topics": ["upgrade"], "sentiment": "Positive", "type": "Article", "tickers": ["ETH"]}, {"news_url": "https://www.trustnodes.com/2022/03/23/fidelity-launches-bitcoin-tracker-stocks", "image_url": "https://crypto.snapi.dev/images/v1/h/2/fidelity-six-120608.jpg", "title": "Fidelity Launches Bitcoin Tracker Stocks", "text": "One of the world's biggest asset manager with $600 billion to invest, Fidelity, has launched two physical bitcoin Exchange Traded Products (ETPs). Trading starts later today on the Swiss Six.", "source_name": "Trustnodes", "date": "Wed, 23 Mar 2022 07:31:41 -0400", "topics": ["paywall"], "sentiment": "Positive", "type": "Article", "tickers": ["BTC"]}, {"news_url": "https://www.youtube.com/watch?v=zNv45TxZvNc", "image_url": "https://crypto.snapi.dev/images/v1/q/o/bitcoin-is-providing-cues-for-the-sp-500-says-fairlead-strategies-stockton-120609.jpg", "title": "Bitcoin is providing cues for the S&P 500, says Fairlead Strategies' Stockton", "text": "Katie Stockton, founder and managing partner at Fairlead Strategies, which is launching the Fairlead Tactical Sector ETF on Wednesday, joins CNBC's 'Squawk Box' to discuss markets.", "source_name": "CNBC Television", "date": "Wed, 23 Mar 2022 07:29:46 -0400", "topics": [], "sentiment": "Neutral", "type": "Video", "tickers": ["BTC"]}, {"news_url": "https://u.today/bitcoin-futures-hint-at-potential-price-increase-bloomberg?SNAPI", "image_url": "https://crypto.snapi.dev/images/v1/g/v/13511-120606.jpg", "title": "Bitcoin Futures Hint at Potential Price Increase: Bloomberg", "text": "According to Bitcoin derivatives, the spot asset may rally quite soon, Bloomberg suggests", "source_name": "UToday", "date": "Wed, 23 Mar 2022 07:29:00 -0400", "topics": ["futures"], "sentiment": "Positive", "type": "Article", "tickers": ["BTC"]}, {"news_url": "https://u.today/two-new-bitcoin-etps-released-by-fidelity-on-six-swiss-exchange?SNAPI", "image_url": "https://crypto.snapi.dev/images/v1/w/q/13505-120601.jpg", "title": "Two New Bitcoin ETPs Released by Fidelity on SIX Swiss Exchange", "text": "Fidelity has launched two new crypto products in Switzerland, adding to over 200 crypto-based products trading there already", "source_name": "UToday", "date": "Wed, 23 Mar 2022 07:06:00 -0400", "topics": [], "sentiment": "Neutral", "type": "Article", "tickers": ["BTC"]}, {"news_url": "https://cryptobriefing.com/millions-lost-as-solana-defi-app-cashio-suffers-hack/?utm_source=main_feed&utm_medium=rss", "image_url": "https://crypto.snapi.dev/images/v1/9/p/polygon-critical-bug-cover-838x440-120600.jpeg", "title": "Millions Lost as Solana DeFi App cashio Suffers Hack", "text": "A hacker exploited an \"infinite mint glitch\" and drained about $28 million worth of assets from cashio's liquidity pools.", "source_name": "Crypto Briefing", "date": "Wed, 23 Mar 2022 07:05:57 -0400", "topics": [], "sentiment": "Negative", "type": "Article", "tickers": ["SOL", "CASH"]}, {"news_url": "https://news.bitcoin.com/bitcoin%e2%80%a4com-to-launch-utility-and-rewards-token/", "image_url": "https://crypto.snapi.dev/images/v1/i/o/announcement-verse-news-120597.jpg", "title": "Bitcoin\u2024com to Launch Utility and Rewards Token", "text": "The Bitcoin.com Team is excited to announce Verse, a rewards and utility token for the Bitcoin.com ecosystem. Since 2015, Bitcoin.com has served as a reliable gateway to Bitcoin and beyond, providing timely and objective news content and educational materials, the most secure and easy-to-use non-custodial multicoin wallet, accessible bridges between fiat and crypto, and much [\u2026]", "source_name": "Bitcoin", "date": "Wed, 23 Mar 2022 07:00:27 -0400", "topics": [], "sentiment": "Positive", "type": "Article", "tickers": ["BTC"]}, {"news_url": "https://www.fool.com/investing/2022/03/23/2-top-cryptocurrencies-poised-for-a-bull-run/", "image_url": "https://crypto.snapi.dev/images/v1/p/o/polkadot-enjin-118181-120598.jpg", "title": "2 Top Cryptocurrencies Poised for a Bull Run", "text": "The Sandbox and Polkadot have what it takes to soar over the long term.", "source_name": "The Motley Fool", "date": "Wed, 23 Mar 2022 07:00:00 -0400", "topics": [], "sentiment": "Positive", "type": "Article", "tickers": ["DOT", "SAND"]}, {"news_url": "https://www.theblockcrypto.com/post/138892/do-kwon-reveals-plan-to-increase-usts-bitcoin-reserve-to-3-billion", "image_url": "https://crypto.snapi.dev/images/v1/v/m/20211001-bitcoin-generic-halving-800x450-120591.jpg", "title": "Do Kwon reveals plan to increase UST's bitcoin reserve to $3 billion", "text": "Luna Foundation Guard (LFG) may increase its bitcoin reserve to $3 billion in the near term, according to Terraform Labs CEO Do Kwon. The post Do Kwon reveals plan to increase UST's bitcoin reserve to $3 billion appeared first on The Block.", "source_name": "The Block", "date": "Wed, 23 Mar 2022 06:56:50 -0400", "topics": [], "sentiment": "Neutral", "type": "Article", "tickers": ["BTC"]}, {"news_url": "https://www.fool.com/investing/2022/03/23/crypto-market-crash-2-top-cryptocurrencies-to-buy/", "image_url": "https://crypto.snapi.dev/images/v1/c/r/crypto-related-stocks-id-4d4b35e6-a68c-4c8a-8698-d6009d0e8031-size900-115870-120485-120595.jpg", "title": "Crypto Market Crash: 2 Top Cryptocurrencies to Buy Right Now", "text": "These beaten-down digital assets could be ready for bull runs.", "source_name": "The Motley Fool", "date": "Wed, 23 Mar 2022 06:45:00 -0400", "topics": [], "sentiment": "Positive", "type": "Article", "tickers": ["BTC", "ETH"]}, {"news_url": "https://coinpedia.org/ethereum/these-factors-point-towards-a-bullish-close-for-ethereum-eth-price-above-3000-b/", "image_url": "https://crypto.snapi.dev/images/v1/f/p/ether-prices-have-been-hovering-near-3000whats-next-for-the-digital-asset-120435-120575.jpg", "title": "These Factors Point Towards a Bullish Close for Ethereum(ETH) Price Above $3000 by the End of Q1 2022!", "text": "\u00a0\u00a0The crypto sphere has seen notable euphoric moves over the weekend, which led to the market capitalization retrieving its $ 2 Trillion milestones. The greener numbers have been evident with prominent digital assets such as Bitcoin and Ethereum. The largest altcoin did outnumber BTC with its gains, which took the price to levels around $3,000. \u2026", "source_name": "CoinPedia", "date": "Wed, 23 Mar 2022 06:36:56 -0400", "topics": [], "sentiment": "Positive", "type": "Article", "tickers": ["ETH"]}, {"news_url": "https://u.today/ripple-is-under-siege-as-63-central-banks-collaborate-on-new-payments-system-market?SNAPI", "image_url": "https://crypto.snapi.dev/images/v1/v/4/13504-120574.jpg", "title": "Ripple Is Under Siege as 63 Central Banks Collaborate on New Payments System Market", "text": "Ripple faces new threat as central banks create working prototypes of a rival cross-border payments system", "source_name": "UToday", "date": "Wed, 23 Mar 2022 06:32:00 -0400", "topics": [], "sentiment": "Positive", "type": "Article", "tickers": ["XRP"]}, {"news_url": "https://investorplace.com/2022/03/7-cryptos-to-buy-for-a-healthy-staking-income-btc-usdt-eth-klima-mjt-paxg-imo-coin/", "image_url": "https://crypto.snapi.dev/images/v1/c/r/crypto20-120585.jpg", "title": "7 Cryptos to Buy for Healthy Staking Income", "text": "Here are seven cryptocurrencies that are fundamentally strong and provide investors with healthy staking income besides potential for coin or token upside.", "source_name": "Investorplace", "date": "Wed, 23 Mar 2022 06:30:28 -0400", "topics": [], "sentiment": "Positive", "type": "Article", "tickers": ["BTC", "ETH", "IMO", "KLIMA", "PAXG", "USDT", "MJT"]}, {"news_url": "https://www.theblockcrypto.com/post/138934/stablecoin-cashio-on-solana-exploited-for-28-million-in-infinite-mint-glitch", "image_url": "https://crypto.snapi.dev/images/v1/w/b/20210818-war-on-stablecoins-800x450-120568.jpg", "title": "Stablecoin Cashio on Solana exploited for $28 million in \u2018infinite mint glitch'", "text": "A stablecoin called Cashio on the Solana blockchain has been exploited and lost practically all of its value. The post Stablecoin Cashio on Solana exploited for $28 million in \u2018infinite mint glitch' appeared first on The Block.", "source_name": "The Block", "date": "Wed, 23 Mar 2022 06:17:50 -0400", "topics": ["stablecoins"], "sentiment": "Negative", "type": "Article", "tickers": ["SOL", "CASH"]}, {"news_url": "https://ambcrypto.com/web3-decentralized-identifier-qpassport-live-on-ethereum-mainnet-now/", "image_url": "https://crypto.snapi.dev/images/v1/e/k/img-7733-120567.png", "title": "Web3 Decentralized Identifier QPassport live on Ethereum Mainnet now!", "text": "Web3 Decentralized Identifier QPassport officially debuts on Ethereum Mainnet on March 22, 2022 (UTC).\u00a0 The following 4 functions are now supported by Ethereum-based QPassport\uff1a Claiming Ethereum-based QPassport, your decentralized identity on the blockchain: Authorizing third-party DApps to login with QPassport;\u00a0 More avatar choices (by developers) are available for you to customize QPassport; Allowing more NFT [\u2026]", "source_name": "AMBCrypto", "date": "Wed, 23 Mar 2022 06:15:29 -0400", "topics": [], "sentiment": "Neutral", "type": "Article", "tickers": ["ETH"]}, {"news_url": "https://cryptoslate.com/what-does-ethereum-improvement-proposal-eip-4844-bring-to-the-table/", "image_url": "https://crypto.snapi.dev/images/v1/p/w/ethereum-eip4844-120558.jpg", "title": "What does Ethereum Improvement Proposal (EIP) 4844 bring to the table?", "text": "Last week, Ethereum co-founder Vitalik Buterin tweeted a technical FAQ for EIP-4844 \u2013 also known as \u201cproto-danksharding.\u201d In short, this proposal will initiate a more efficient way to organize data logistics to support high transaction throughput.", "source_name": "CryptoSlate", "date": "Wed, 23 Mar 2022 06:01:17 -0400", "topics": [], "sentiment": "Positive", "type": "Article", "tickers": ["ETH"]}], "total_pages": 42}