{"data": [{"news_url": "https://www.benzinga.com/markets/cryptocurrency/22/03/26177863/crypto-founders-idea-on-ending-war-in-ukraine-pay-russians-250m-in-bitcoin-and-ethereum-to?SNAPI", "image_url": "https://crypto.snapi.dev/images/v1/r/y/ukraine-7055808-1280-118670.jpg", "title": "Crypto Founder's Idea On Ending War In Ukraine: Pay Russians $250M In Bitcoin And Ethereum To Watch Videos", "text": "Dominic Williams, the founder of DFINITY and Internet Computer (CRYPTO: ICP) blockchain, proposed a series of unconventional ideas to \u201chasten the end of attacks\u201d on Ukraine.", "source_name": "Benzinga", "date": "Thu, 17 Mar 2022 05:51:00 -0400", "topics": [], "sentiment": "Neutral", "type": "Article", "tickers": ["BTC", "ETH"]}, {"news_url": "https://ambcrypto.com/btc-eth-correlation-coming-to-an-ath-heres-what-can-follow-next/", "image_url": "https://crypto.snapi.dev/images/v1/a/b/vasilis-chatzopoulos-hjobgjajpee-unsplash-2-118635.jpg", "title": "BTC, ETH correlation coming to an ATH; here's what can follow next", "text": "Many crypto traders invested their hard-earned savings in Bitcoin, only for it to behave like. . .an alt?", "source_name": "AMBCrypto", "date": "Thu, 17 Mar 2022 05:30:34 -0400", "topics": [], "sentiment": "Neutral", "type": "Article", "tickers": ["BTC"]}, {"news_url": "https://cryptopotato.com/bitcoin-reclaims-40k-after-the-enhanced-volatility-prompted-by-feds-interest-hike-market-watch/", "image_url": "https://crypto.snapi.dev/images/v1/a/c/roller-coaster-min-118633.jpg", "title": "Bitcoin Reclaims $40K After the Enhanced Volatility Prompted by Fed's Interest Hike (Market Watch)", "text": "Bitcoin dumped below $40,000 and rose above that level almost immediately as the US Fed decided to raise interest rates by 25 basis points.", "source_name": "CryptoPotato", "date": "Thu, 17 Mar 2022 05:30:28 -0400", "topics": [], "sentiment": "Positive", "type": "Article", "tickers": ["BTC"]}, {"news_url": "https://en.cryptonomist.ch/2022/03/17/bitcoin-ethereum-dogecoin-price-analyses-2/", "image_url": "https://crypto.snapi.dev/images/v1/l/m/bitcoin-analysis6-1-300x200-118636.jpg", "title": "Bitcoin, Ethereum, Dogecoin Price Analyses", "text": "The Fear and Greed Index is 24 Extreme Fear", "source_name": "The Cryptonomist", "date": "Thu, 17 Mar 2022 05:26:07 -0400", "topics": [], "sentiment": "Neutral", "type": "Article", "tickers": ["BTC", "DOGE", "ETH"]}, {"news_url": "https://dailyhodl.com/2022/03/17/billionaire-mike-novogratz-predicts-bitcoin-btc-will-explode-by-over-1100-heres-when/", "image_url": "https://crypto.snapi.dev/images/v1/i/o/novogratz-predicts-bitcoin-explodejpgfit10242c600ssl1-118634.jpg", "title": "Billionaire Mike Novogratz Predicts Bitcoin (BTC) Will Explode by Over 1,100% \u2013 Here's When", "text": "Galaxy Digital CEO Mike Novogratz is predicting that Bitcoin (BTC) could rally by over ten times over the next half-decade. In a new Bloomberg interview, Novogratz says\u00a0Bitcoin will range for the rest of this year but will hit a six-figure price in five years as adoption of the flagship cryptocurrency grows. \u201cThe whole year I [\u2026] The post Billionaire Mike Novogratz Predicts Bitcoin (BTC) Will Explode by Over 1,100% \u2013 Here's When appeared first on The Daily Hodl.", "source_name": "The Daily Hodl", "date": "Thu, 17 Mar 2022 05:15:22 -0400", "topics": [], "sentiment": "Positive", "type": "Article", "tickers": ["BTC"]}, {"news_url": "https://beincrypto.com/bitcoin-btc-continues-ascent-above-40000-whipsaw-price-action/", "image_url": "https://crypto.snapi.dev/images/v1/t/v/bitcoin-price-up-inkjpegoptimal-118631.jpeg", "title": "Bitcoin (BTC) Continues Ascent Above $40,000 After Whipsaw Price Action", "text": "Bitcoin (BTC) has increased considerably since March 14 and reclaimed both a horizontal and diagonal short-term resistance level on March 16. The post Bitcoin (BTC) Continues Ascent Above $40,000 After Whipsaw Price Action appeared first on BeInCrypto.", "source_name": "BeInCrypto", "date": "Thu, 17 Mar 2022 04:55:46 -0400", "topics": [], "sentiment": "Positive", "type": "Article", "tickers": ["BTC"]}, {"news_url": "https://cointelegraph.com/news/bitcoin-maintains-40k-support-as-fed-confirms-rate-hike-in-4-years", "image_url": "https://crypto.snapi.dev/images/v1/z/o/840-ahr0chm6ly9zmy5jb2ludgvszwdyyxbolmnvbs91cgxvywrzlziwmjitmdmvmwvlmdlkntqtmjgyyi00oda0ltllytmtnmywztvhnzrhmgjmlmpwzw-118629.jpg", "title": "Bitcoin maintains $40K support as Fed confirms rate hike in 4 years", "text": "The Ukraine war is high on the Fed's list of concerns, according to a statement released with the 0.25% rate hike.", "source_name": "Cointelegraph", "date": "Thu, 17 Mar 2022 04:53:02 -0400", "topics": [], "sentiment": "Neutral", "type": "Article", "tickers": ["BTC"]}, {"news_url": "https://cryptonews.com/news/ukraine-strengthens-its-positions-by-legalizing-bitcoin-crypto-heres-what-changes.htm", "image_url": "https://crypto.snapi.dev/images/v1/d/p/adobestock-393511658-118628.jpg", "title": "Ukraine Strengthens its Positions by Legalizing Bitcoin & Crypto, Here's What Changes", "text": "Ukraine's President Volodymyr Zelenskyy has signed off on a new law that will bring cryptoassets under a legal umbrella \u2013 and allow national market regulators to police the sector. The move will pave the way for the country to begin taxing crypto.", "source_name": "Cryptonews", "date": "Thu, 17 Mar 2022 04:52:00 -0400", "topics": [], "sentiment": "Positive", "type": "Article", "tickers": ["BTC"]}, {"news_url": "https://www.cryptopolitan.com/ripple-pledges-1000000000-xrp-grant/", "image_url": "https://crypto.snapi.dev/images/v1/k/l/coin-g905f62395-1280-118626.jpg", "title": "Ripple pledges 1,000,000,000 XRP grant to native developers", "text": "TL;DR Breakdown: Ripple is planning to distribute one billion XRP ($789M) to developers. The goal is to encourage developers to continually build projects on the XRP Ledger.", "source_name": "Cryptopolitan", "date": "Thu, 17 Mar 2022 04:43:38 -0400", "topics": [], "sentiment": "Neutral", "type": "Article", "tickers": ["XRP"]}, {"news_url": "https://www.financemagnates.com/cryptocurrency/news/xrp-wallet-transfers-35-million-coins-from-ftx/", "image_url": "https://crypto.snapi.dev/images/v1/h/b/xrp20whale-id-7e566ae2-6fe9-4741-b0f5-3e5030ed0c3a-size900-118625.jpg", "title": "XRP Wallet Transfers 35 Million Coins from FTX", "text": "Despite a plunge in overall crypto whale movements, XRP whales have accelerated the transfers from trading platforms and digital wallets. A notable transfer was observed by on-chain analytics platform Whale Alert on 16 March when a crypto millionaire moved 35 million XRP worth almost $27 million from FTX to an unknown wallet.", "source_name": "FinanceMagnates", "date": "Thu, 17 Mar 2022 04:41:00 -0400", "topics": [], "sentiment": "Neutral", "type": "Article", "tickers": ["XRP"]}, {"news_url": "https://coingape.com/?p=104739", "image_url": "https://crypto.snapi.dev/images/v1/b/i/bitcoin-primed-higherjpgfit10242c600ssl1-118134-118648.jpg", "title": "On-Chain Data Shows More Bullish Upside For Bitcoin (BTC)", "text": "The Federal Open Market Committee (FOMC) announcement of an interest rate hike has seen Bitcoin and the rest of the crypto market trading in the green. The trend may continue according to on-chain data from Santiment.", "source_name": "Coingape", "date": "Thu, 17 Mar 2022 04:21:12 -0400", "topics": [], "sentiment": "Positive", "type": "Article", "tickers": ["BTC"]}, {"news_url": "https://www.altcoinbuzz.io/cryptocurrency-news/product-release/solana-daos-now-on-deepdao/", "image_url": "https://crypto.snapi.dev/images/v1/w/a/warns-cardano-and-thesejpgfit10242c600ssl1-114897-118647.jpg", "title": "Solana DAOs Now on DeepDAO", "text": "DeepDAO, a data analytics and aggregator platform for DAO, has added support for 15 Solana DAOs. In a recent press release shared with Altcoin Buzz, DeepDAO confirmed the announcement.", "source_name": "Altcoin Buzz", "date": "Thu, 17 Mar 2022 04:21:01 -0400", "topics": [], "sentiment": "Neutral", "type": "Article", "tickers": ["SOL"]}, {"news_url": "https://coinpedia.org/bitcoin/this-level-is-more-crucial-for-bitcoin-btc-price-rally/", "image_url": "https://crypto.snapi.dev/images/v1/z/2/crypto11-118618.jpg", "title": "Here's Why This Level is More Crucial For Bitcoin (BTC) Price Rally!", "text": "The global cryptocurrency market has gained traction in the last 24 hours, with no recent bearishness, breaking the recent trend. The worldwide cryptocurrency market has continued to rise, with gains of 5 percent in the last 24 hours. BTC is currently near the upper confines of the $33,000-$44,000 band that it has been trading inside \u2026", "source_name": "CoinPedia", "date": "Thu, 17 Mar 2022 03:13:00 -0400", "topics": [], "sentiment": "Positive", "type": "Article", "tickers": ["BTC"]}, {"news_url": "https://dailyhodl.com/2022/03/17/ethereum-and-this-top-25-altcoin-are-flashing-bullish-signals-according-to-crypto-analytics-firm-santiment/", "image_url": "https://crypto.snapi.dev/images/v1/u/q/ethereum-and-this-toppngfit10242c600ssl1-118619.jpg", "title": "Ethereum and This Top-25 Altcoin Are Flashing Bullish Signals, According to Crypto Analytics Firm Santiment", "text": "A leading analytics firm says the utility of Ethereum (ETH) hasn't dipped despite its price plummet over the past few months. Santiment notes in a new tweet that ETH's number of daily active addresses (DAA) has remained steady over the past four months despite losing approximately 35% in price over the same period. According to [\u2026] The post Ethereum and This Top-25 Altcoin Are Flashing Bullish Signals, According to Crypto Analytics Firm Santiment appeared first on The Daily Hodl.", "source_name": "The Daily Hodl", "date": "Thu, 17 Mar 2022 03:04:17 -0400", "topics": [], "sentiment": "Positive", "type": "Article", "tickers": ["ETH"]}, {"news_url": "https://www.coindesk.com/business/2022/03/17/bitcoin-focused-vc-stillmark-hires-former-google-x-engineer-vikash-singh/", "image_url": "https://crypto.snapi.dev/images/v1/y/t/jabtharzxzcgpn3qbubwc7n6vy-118615.png", "title": "Bitcoin-Focused VC Stillmark Hires Former Google X Engineer Vikash Singh", "text": "Singh joins fund as Principal Investor as the firm looks to deploy capital to Bitcoin companies.", "source_name": "Coindesk", "date": "Thu, 17 Mar 2022 03:01:00 -0400", "topics": [], "sentiment": "Neutral", "type": "Article", "tickers": ["BTC"]}, {"news_url": "https://bitcoinmagazine.com/business/stillmark-bitcoin-venture-capitalist-firm-appoints-vikash-singh-as-principal-investor", "image_url": "https://crypto.snapi.dev/images/v1/q/4/stillmark-team-9-118612.jpg", "title": "Stillmark, Bitcoin Venture Capitalist Firm Appoints Vikash Singh As Principal Investor", "text": "Vikash Singh will utilize his expertise in artificial intelligence, quantum computing, biotech and engineering to broaden the future impact of Stillmark.", "source_name": "Bitcoin Magazine", "date": "Thu, 17 Mar 2022 03:00:00 -0400", "topics": [], "sentiment": "Neutral", "type": "Article", "tickers": ["BTC"]}, {"news_url": "https://bitcoinmagazine.com/business/bitcoin-exchange-relai-partners-with-unicef-for-humanitarian-efforts", "image_url": "https://crypto.snapi.dev/images/v1/o/s/giving-bitcoin-118613.jpg", "title": "Bitcoin-Only Exchange Relai To Donate Portion Of Revenue To UNICEF", "text": "Relai, a bitcoin-only savings and investment app, is using a referral program to donate up to 50% of referred transactions to humanitarian organization UNICEF.", "source_name": "Bitcoin Magazine", "date": "Thu, 17 Mar 2022 03:00:00 -0400", "topics": [], "sentiment": "Neutral", "type": "Article", "tickers": ["BTC"]}, {"news_url": "https://coinpedia.org/bitcoin/btc-price-may-trade-within-30k-50k-this-year/", "image_url": "https://crypto.snapi.dev/images/v1/v/k/crypto9-118610.jpg", "title": "No Bitcoin ATH in 2022, BTC Price May Trade Within $30k-50k This Year!", "text": "Bitcoin's price remained above $40,000, with a spike beyond $41,000 following the Federal Reserve's announcement that it would hike interest rates for the first time in three years. Bitcoin had been stuck below $40,000 in recent days, following a 10 percent price increase to over $42,000.\u00a0 The last time Bitcoin Price was above $45,000 was \u2026", "source_name": "CoinPedia", "date": "Thu, 17 Mar 2022 02:52:49 -0400", "topics": [], "sentiment": "Neutral", "type": "Article", "tickers": ["BTC"]}, {"news_url": "https://blockonomi.com/carnival-nft-marketplace/", "image_url": "https://crypto.snapi.dev/images/v1/g/k/rsk-1024x682-118609.jpg", "title": "\u200b\u200bCarnival: Latin American Marketplace for NFTs Is Here With Minting on Bitcoin", "text": "The future of NFTs is already hyped by its present. Moreover, if the leveraging of the security is based on the Bitcoin network.", "source_name": "Blockonomi", "date": "Thu, 17 Mar 2022 02:51:49 -0400", "topics": ["NFT"], "sentiment": "Neutral", "type": "Article", "tickers": ["BTC"]}, {"news_url": "https://www.cryptopolitan.com/polkadot-price-analysis-2022-03-17/", "image_url": "https://crypto.snapi.dev/images/v1/6/o/polkadot-price-analysis-price-elevates-to-2241-as-bulls-continue-scoring-high-1-118607.jpg", "title": "Polkadot price analysis: DOT/USD set to surpass the intraday highs of $19.35", "text": "TL;DR Breakdown The Polkadot price analysis is bullish. Resistance for DOT is present at the $18.9 level.", "source_name": "Cryptopolitan", "date": "Thu, 17 Mar 2022 02:40:39 -0400", "topics": ["tanalysis"], "sentiment": "Positive", "type": "Article", "tickers": ["DOT"]}, {"news_url": "https://u.today/top-developer-leaves-ripple-heres-why?SNAPI", "image_url": "https://crypto.snapi.dev/images/v1/z/m/adobestock-258347660-118606.jpeg", "title": "Top Developer Leaves Ripple. Here's Why", "text": "Ripple's director of developer relations has called it quits after spending more than a year with the company", "source_name": "UToday", "date": "Thu, 17 Mar 2022 02:35:00 -0400", "topics": [], "sentiment": "Negative", "type": "Article", "tickers": ["XRP"]}, {"news_url": "https://coinpedia.org/bitcoin/bitcoin-btc-price-recover-another-bull-trap-or-a-fresh-rally-whats-next/", "image_url": "https://crypto.snapi.dev/images/v1/d/5/crypto8-118603.jpg", "title": "Bitcoin (BTC) Price Recover: Another Bull Trap or a Fresh Rally, What's Next?", "text": "The cryptocurrency market bounced back with market capitalization surging 4 percent to $1.87 trillion. Major coins spiked after the U.S.\u00a0Federal Reserve\u00a0announced the first-ever interest rate hike since 2018. The largest cryptocurrency Bitcoin's (BTC) price increased by 5 percent to reach $41K. Bitcoin, Ethereum and Tether witness drop in whale transactions Bitcoin's price could fall to \u2026", "source_name": "CoinPedia", "date": "Thu, 17 Mar 2022 02:12:23 -0400", "topics": [], "sentiment": "Positive", "type": "Article", "tickers": ["BTC"]}, {"news_url": "https://www.newsbtc.com/analysis/eth/ethereum-climbs-to-2800/", "image_url": "https://crypto.snapi.dev/images/v1/f/b/shutterstock-301508810-118602.jpg", "title": "TA: Ethereum Climbs to $2,800, Why Dips Could Be Attractive", "text": "Ethereum rallied above $2,700 against the US Dollar. ETH price is now consolidating near $2,800 and might start a short-term downside correction.", "source_name": "NewsBTC", "date": "Thu, 17 Mar 2022 02:08:35 -0400", "topics": ["tanalysis"], "sentiment": "Positive", "type": "Article", "tickers": ["ETH"]}, {"news_url": "https://coinpedia.org/bitcoin/analyst-maps-bullish-outlook-for-bitcoin/", "image_url": "https://crypto.snapi.dev/images/v1/g/g/crypto6-118599.jpg", "title": "BTC Price Analysis: Analyst Maps Bullish Outlook For Bitcoin", "text": "The global crypto market is back to the bullish trend. Bitcoin gyrated in volatility but managed to rise above the $41,000-mark. Other major altcoins, including Ethereum, made gains trading in green. The global cryptocurrency market cap rose to $1.82 trillion, up 1.42 percent over the last 24 hours. BTC Price Analysis\u00a0 Bitcoin has performed even \u2026", "source_name": "CoinPedia", "date": "Thu, 17 Mar 2022 01:36:28 -0400", "topics": ["tanalysis"], "sentiment": "Positive", "type": "Article", "tickers": ["BTC"]}, {"news_url": "https://cryptonews.com/news/bitcoin-reaches-usd-41k-ethereum-inches-higher-sand-celo-rally.htm", "image_url": "https://crypto.snapi.dev/images/v1/5/h/crypto19-118228-118593.jpg", "title": "Bitcoin Reaches USD 41K, Ethereum Inches Higher, SAND and CELO Rally", "text": "Bitcoin price started a fresh increase above the USD 40,000 resistance and tested USD 41,450. It is currently (04:07 UTC) correcting gains near USD 41,000 but still might continue to rise towards the USD 42,500 level.", "source_name": "Cryptonews", "date": "Thu, 17 Mar 2022 00:21:00 -0400", "topics": [], "sentiment": "Positive", "type": "Article", "tickers": ["BTC", "CELO", "ETH"]}, {"news_url": "https://cointelegraph.com/news/we-re-already-buying-terra-founder-plans-to-obtain-10b-btc-for-reserves", "image_url": "https://crypto.snapi.dev/images/v1/4/3/840-ahr0chm6ly9zmy5jb2ludgvszwdyyxbolmnvbs91cgxvywrzlziwmjitmdmvnzgzywu2y2qtntbizc00zwm3ltk1zdutmthjzdy0yze5ztjllmpwzw-118592.jpg", "title": "\u2018We're already buying': Terra founder plans to obtain $10B BTC for reserves", "text": "Kwon also bullishly emphasized that its stablecoin TerraUSD (UST) backed by $10 billion-plus in BTC reserves will \u201copen a new monetary era of the Bitcoin standard.\u201d", "source_name": "Cointelegraph", "date": "Thu, 17 Mar 2022 00:18:15 -0400", "topics": [], "sentiment": "Positive", "type": "Article", "tickers": ["BTC"]}, {"news_url": "https://www.cryptopolitan.com/bitcoin-ethereum-gala-and-harmony-daily-price-analyses-16-march-roundup/", "image_url": "https://crypto.snapi.dev/images/v1/5/t/5tge22-118587.", "title": "Bitcoin, Ethereum, Gala, and Harmony Daily Price Analyses \u2013 16 March Roundup", "text": "TL;DR Breakdown The global crypto market continues to gain value, adding 3.88% in 24 hours. Bitcoin gains increase as it adds 4.19% over the past 24 hours.", "source_name": "Cryptopolitan", "date": "Wed, 16 Mar 2022 23:21:24 -0400", "topics": [], "sentiment": "Positive", "type": "Article", "tickers": ["BTC", "ETH", "GALA", "ONE"]}, {"news_url": "https://www.newsbtc.com/analysis/btc/bitcoin-price-eyes-upside-break-41-5k/", "image_url": "https://crypto.snapi.dev/images/v1/1/v/bitcoin-primed-higherjpgfit10242c600ssl1-118134-118585.jpg", "title": "TA: Bitcoin Price Eyes Another Key Upside Break Above $41.5K", "text": "Bitcoin started a fresh increase above the $40,000 resistance against the US Dollar. BTC remains supported and might rally again above the $41,500 resistance.", "source_name": "NewsBTC", "date": "Wed, 16 Mar 2022 23:08:56 -0400", "topics": ["tanalysis"], "sentiment": "Positive", "type": "Article", "tickers": ["BTC"]}, {"news_url": "https://bitcoinmagazine.com/markets/bitcoin-price-wont-rise-with-volatility-so-high", "image_url": "https://crypto.snapi.dev/images/v1/9/5/dollars-118581.jpg", "title": "Bitcoin Price Surge Unlikely With System Volatility So High", "text": "With the VIX indicating systemic volatility, it's hard to imagine bitcoin making a larger upwards move in price.", "source_name": "Bitcoin Magazine", "date": "Wed, 16 Mar 2022 21:30:00 -0400", "topics": [], "sentiment": "Negative", "type": "Article", "tickers": ["BTC"]}, {"news_url": "https://coingape.com/?p=104722", "image_url": "https://crypto.snapi.dev/images/v1/x/r/xrp-analysis-credjpgfit10242c600ssl1-117221-118576.jpg", "title": "\u202aBreaking: Ripple Adds Former White House Adviser As A Board Member", "text": "Ripple is strengthening its push to get regulatory clarity for ongoing Ripple Vs SEC case. The firm has announced the addition of Michael Warren, the managing director of Albright Stonebridge Group (ASG), to its board of directors.", "source_name": "Coingape", "date": "Wed, 16 Mar 2022 20:55:59 -0400", "topics": [], "sentiment": "Positive", "type": "Article", "tickers": ["XRP"]}, {"news_url": "https://www.benzinga.com/markets/cryptocurrency/22/03/26176499/bitcoin-ethereum-dogecoin-ride-higher-on-fed-rate-hike-why-analyst-thinks-all-time-highs-w?SNAPI", "image_url": "https://crypto.snapi.dev/images/v1/o/2/vecteezy-trade-trading-crypto-currency-coins-bitcoin-exchanges-invest-597-118582.jpg", "title": "Bitcoin, Ethereum, Dogecoin Ride Higher On Fed Rate Hike: Why Analyst Thinks All-Time Highs Will Be Elusive For Now", "text": "Major coins spiked Wednesday evening after the U.S. Federal Reserve announced the first-ever interest rate hike since 2018, as the global cryptocurrency market cap rose 1.4% to 1.75 trillion over 24 hours.", "source_name": "Benzinga", "date": "Wed, 16 Mar 2022 20:33:00 -0400", "topics": [], "sentiment": "Positive", "type": "Article", "tickers": ["BTC", "DOGE", "ETH"]}, {"news_url": "https://bitcoinmagazine.com/culture/us-treasury-bitcoin-not-illicit", "image_url": "https://crypto.snapi.dev/images/v1/i/7/sec-of-state-cryptocurrencies-under-existing-regulations-118573.jpg", "title": "The U.S. Treasury Confirms That We Can Remove \u201cIllicit Activity\u201d From The Bitcoin FUD Dice", "text": "With the U.S. Treasury recently indicating that bitcoin and altcoins aren't used for significant illicit activity, it's time to change the narrative.", "source_name": "Bitcoin Magazine", "date": "Wed, 16 Mar 2022 20:30:00 -0400", "topics": ["regulations"], "sentiment": "Neutral", "type": "Article", "tickers": ["BTC"]}, {"news_url": "https://www.coindesk.com/business/2022/03/16/riot-blockchain-sees-2022-as-year-of-consolidation-in-bitcoin-mining-sector/", "image_url": "https://crypto.snapi.dev/images/v1/i/u/yq5zl6kepfeexp2cdfnuqdxaxe-118565.jpg", "title": "Riot Blockchain Sees 2022 as Year of Consolidation in Bitcoin Mining Sector", "text": "The Colorado-based miner beat analysts' estimates for 2021 sales due to a higher company hashrate and bitcoin price.", "source_name": "Coindesk", "date": "Wed, 16 Mar 2022 19:25:00 -0400", "topics": ["mining"], "sentiment": "Neutral", "type": "Article", "tickers": ["BTC"]}, {"news_url": "https://bitcoinist.com/ethereum-last-testnet-completes-the-merge/", "image_url": "https://crypto.snapi.dev/images/v1/7/t/ethereum-640x414-118562.jpeg", "title": "Ethereum Closer To Proof Of Stake As Last Testnet Completes The Merge", "text": "Ethereum has been on the journey to proof of stake for quite a while now. The journey has been characterized by delays which the founder has attributed to people's problems rather than technical problems but it is finally back on track.", "source_name": "Bitcoinist", "date": "Wed, 16 Mar 2022 19:00:24 -0400", "topics": [], "sentiment": "Positive", "type": "Article", "tickers": ["ETH"]}, {"news_url": "https://ambcrypto.com/will-20-resistance-dash-hopes-of-recovery-for-polkadot-in-the-months-ahead/", "image_url": "https://crypto.snapi.dev/images/v1/c/e/pp-4-dot-cover-118556.jpg", "title": "Will $20 resistance dash hopes of recovery for Polkadot in the months ahead", "text": "Disclaimer:\u00a0The findings of the following analysis are the sole opinions of the writer and should not be considered investment advice On lower timeframes, there was some indication on the charts in the past couple of weeks that Polkadot saw some compression in its price action. This could continue for a few days to come, before [\u2026]", "source_name": "AMBCrypto", "date": "Wed, 16 Mar 2022 18:30:42 -0400", "topics": [], "sentiment": "Positive", "type": "Article", "tickers": ["DASH", "DOT"]}, {"news_url": "https://www.newsbtc.com/news/bitcoin/fed-announcement-pushes-bitcoin-price-up-will-btc-sustain-momentum/", "image_url": "https://crypto.snapi.dev/images/v1/i/h/bitcoin-whale-price-holdings-118552.jpg", "title": "FED Announcement Pushes Bitcoin Price Up, Will BTC Sustain Momentum?", "text": "Market expectations were met as the U.S. Federal Reserve (FED) announced an interest rate hike of 25 bps pushing Bitcoin into the green. The cryptocurrency was hinting at bullish price action during the week, as today's Federal Open Market Committee (FOMC) closed in.", "source_name": "NewsBTC", "date": "Wed, 16 Mar 2022 18:28:29 -0400", "topics": [], "sentiment": "Positive", "type": "Article", "tickers": ["BTC"]}, {"news_url": "https://thecurrencyanalytics.com/altcoins/xrp-will-reach-a-target-of-10000-dollars-per-coin-long-before-2025-40114.php", "image_url": "https://crypto.snapi.dev/images/v1/h/w/xrp-will-reach-a-target-of-10000-dollars-per-coin-long-before-2025-118550.jpg", "title": "XRP Will Reach a Target Of 10,000 dollars Per Coin Long Before 2025", "text": "Catch up on the latest crypto market news at The Currency Analytics. XRP Captain shared: XRP Will Reach a Target Of 10,000 dollars Per Coin Long Before 2025.", "source_name": "The Currency Analytics", "date": "Wed, 16 Mar 2022 18:23:08 -0400", "topics": [], "sentiment": "Positive", "type": "Article", "tickers": ["XRP"]}, {"news_url": "https://dailyhodl.com/2022/03/16/bitcoin-quietly-showing-all-the-right-signs-while-traders-sleep-on-btc-crypto-analyst-nicholas-merten/", "image_url": "https://crypto.snapi.dev/images/v1/r/k/bitcoin-quietly-showingjpgfit10242c600ssl1-118554.jpg", "title": "Bitcoin Quietly Showing All the Right Signs While Traders Sleep on BTC: Crypto Analyst Nicholas Merten", "text": "A popular crypto analyst thinks conditions might soon be ripe for Bitcoin (BTC) to break out of its stagnant trend. In a new strategy session, Nicholas Merten tells his 512,000 subscribers that BTC's recent lull is nothing new and a normal part of the top crypto asset by market cap's price cycle. \u201cThe way Bitcoin [\u2026] The post Bitcoin Quietly Showing All the Right Signs While Traders Sleep on BTC: Crypto Analyst Nicholas Merten appeared first on The Daily Hodl.", "source_name": "The Daily Hodl", "date": "Wed, 16 Mar 2022 18:05:00 -0400", "topics": [], "sentiment": "Neutral", "type": "Article", "tickers": ["BTC"]}, {"news_url": "https://dailyhodl.com/2022/03/16/russia-ukraine-conflict-demonstrating-advantages-of-bitcoin-over-gold-nic-carter/", "image_url": "https://crypto.snapi.dev/images/v1/v/m/conflict-btc-over-goldjpgfit10242c600ssl1-118555.jpg", "title": "Russia-Ukraine Conflict Demonstrating Advantages of Bitcoin over Gold: Nic Carter", "text": "Coin Metrics co-founder Nic Carter is outlining the advantages leading digital asset Bitcoin (BTC) has over traditional commodities such as gold. In a new interview with Peter McCormack on the What Bitcoin Did podcast, Carter says that compared to BTC, gold has many modern-day problems that can't be overlooked. With nations around the world sanctioning [\u2026] The post Russia-Ukraine Conflict Demonstrating Advantages of Bitcoin over Gold: Nic Carter appeared first on The Daily Hodl.", "source_name": "The Daily Hodl", "date": "Wed, 16 Mar 2022 18:01:36 -0400", "topics": [], "sentiment": "Positive", "type": "Article", "tickers": ["BTC"]}, {"news_url": "https://news.bitcoin.com/us-justice-department-returns-stolen-bitcoin-to-victim-of-government-imposter-scam/", "image_url": "https://crypto.snapi.dev/images/v1/x/y/doj-118545.jpg", "title": "US Justice Department Returns Stolen Bitcoin to Victim of Government Imposter Scam", "text": "The U.S. Justice Department has seized bitcoin stolen from an elderly man in a government imposter scam and will be returning the cryptocurrency to him. \u201cThe fraudsters deceived the victim into believing his personal information had been used to facilitate a drug trafficking and money laundering scheme,\u201d detailed the DOJ. DOJ Returns Bitcoin Stolen From [\u2026]", "source_name": "Bitcoin", "date": "Wed, 16 Mar 2022 18:00:38 -0400", "topics": [], "sentiment": "Negative", "type": "Article", "tickers": ["BTC"]}, {"news_url": "https://bitcoinmagazine.com/business/bitcoin-for-small-businesses-options", "image_url": "https://crypto.snapi.dev/images/v1/w/o/img-0298-118544.png", "title": "Bitcoin For Small Businesses: Front Line Options", "text": "What are some options for businesses looking to take advantage of the benefits Bitcoin has to offer?", "source_name": "Bitcoin Magazine", "date": "Wed, 16 Mar 2022 18:00:00 -0400", "topics": [], "sentiment": "Neutral", "type": "Article", "tickers": ["BTC"]}, {"news_url": "https://thecurrencyanalytics.com/bitcoin/bitcoin-btc-back-over-40k-40111.php", "image_url": "https://crypto.snapi.dev/images/v1/v/m/bitcoin-btc-back-over-40k-118535.jpg", "title": "Bitcoin (BTC) Back Over 40k", "text": "Catch up on the latest crypto market news at The Currency Analytics. Lark Davis shared: Bitcoin (BTC) back over 40k!", "source_name": "The Currency Analytics", "date": "Wed, 16 Mar 2022 17:13:50 -0400", "topics": [], "sentiment": "Positive", "type": "Article", "tickers": ["BTC"]}, {"news_url": "https://www.newsbtc.com/news/bitcoin/mike-novogratz-bitcoin-price-to-range/", "image_url": "https://crypto.snapi.dev/images/v1/a/p/1000x-1-1-118534.jpg", "title": "Mike Novogratz: Bitcoin Price To Range Between $30k-$50k Throughout The Year", "text": "Bitcoin price is struggling to stay over $40,000, but Friday's options expiry could provide bulls with the $160 million profit they need to keep the positive momentum going. Bitcoin has had a modestly climbing trend for the past two months, bouncing off its support many times.", "source_name": "NewsBTC", "date": "Wed, 16 Mar 2022 17:09:30 -0400", "topics": [], "sentiment": "Positive", "type": "Article", "tickers": ["BTC"]}, {"news_url": "https://cryptoslate.com/markets-see-brief-surge-amid-rumors-of-peace-talks-in-ukraine-but-bitcoin-still-holds-ground/", "image_url": "https://crypto.snapi.dev/images/v1/v/s/stop-war-118533.jpg", "title": "Markets see brief surge amid rumors of peace talks in Ukraine but Bitcoin still holds ground", "text": "Most markets saw a significant increase this morning fueled by an FT report that said Russia and Ukraine were drawing up a neutrality plan to end the war. The post Markets see brief surge amid rumors of peace talks in Ukraine but Bitcoin still holds ground appeared first on CryptoSlate.", "source_name": "CryptoSlate", "date": "Wed, 16 Mar 2022 17:01:28 -0400", "topics": [], "sentiment": "Neutral", "type": "Article", "tickers": ["BTC"]}, {"news_url": "https://bitcoinmagazine.com/culture/bitcoin-mutuality-and-global-barter", "image_url": "https://crypto.snapi.dev/images/v1/s/r/donationgrant-118532.jpg", "title": "Bitcoin As Mutuality And Global Barter", "text": "Bitcoin is a system that benefits from mutual cooperation like barter versus the current money system of extraction.", "source_name": "Bitcoin Magazine", "date": "Wed, 16 Mar 2022 17:00:00 -0400", "topics": [], "sentiment": "Neutral", "type": "Article", "tickers": ["BTC"]}, {"news_url": "https://www.cryptopolitan.com/us-federal-reserve-increases-interest-rates/", "image_url": "https://crypto.snapi.dev/images/v1/x/t/1-million-holders-31-118531.png", "title": "US Federal Reserve increases interest rates causing Bitcoin worries\u00a0", "text": "TL;DR Breakdown:\u00a0 The Federal Reserve increases interest rates for the first time since 2018.\u00a0 Interest rates will increase by 0.25% with a further hike in projection.", "source_name": "Cryptopolitan", "date": "Wed, 16 Mar 2022 16:56:20 -0400", "topics": [], "sentiment": "Negative", "type": "Article", "tickers": ["BTC"]}, {"news_url": "https://bitcoinmagazine.com/markets/bitcoin-surges-past-40000-as-fed-hikes-interest-rates", "image_url": "https://crypto.snapi.dev/images/v1/g/z/jerome-powell-federal-reserve-118527.jpg", "title": "Bitcoin Surges Past $40,000 As Fed Hikes Interest Rates", "text": "BTC, the Nasdaq and the S&P 500 have all reacted positively to the Fed's policy which came in line with expectations.", "source_name": "Bitcoin Magazine", "date": "Wed, 16 Mar 2022 16:49:34 -0400", "topics": [], "sentiment": "Positive", "type": "Article", "tickers": ["BTC"]}, {"news_url": "https://u.today/ripple-appoints-former-obama-senior-adviser-to-its-board-of-directors?SNAPI", "image_url": "https://crypto.snapi.dev/images/v1/h/n/99271-118522.jpg", "title": "Ripple Appoints Former Obama Senior Adviser to Its Board of Directors", "text": "Michael Warren, who has served in two presidential administrations, has joined Ripple's board of directors", "source_name": "UToday", "date": "Wed, 16 Mar 2022 16:15:00 -0400", "topics": [], "sentiment": "Positive", "type": "Article", "tickers": ["XRP"]}, {"news_url": "https://bitcoinmagazine.com/markets/ukrainian-president-zelensky-signs-law-legalizing-bitcoin", "image_url": "https://crypto.snapi.dev/images/v1/y/t/ukraine-118521.png", "title": "Ukrainian President Zelensky Signs Law Legalizing Bitcoin", "text": "Ukrainian President Zelensky has signed a bill making bitcoin and other cryptocurrencies legal, establishing regulatory agencies and investor protections.", "source_name": "Bitcoin Magazine", "date": "Wed, 16 Mar 2022 16:07:42 -0400", "topics": [], "sentiment": "Positive", "type": "Article", "tickers": ["BTC"]}, {"news_url": "https://dailyhodl.com/2022/03/16/quant-analyst-plan-b-lays-out-huge-bitcoin-rally-scenario-here-are-his-targets/", "image_url": "https://crypto.snapi.dev/images/v1/k/9/quant-lays-out-bitcoinjpgfit10242c600ssl1-118524.jpg", "title": "Quant Analyst Plan B Lays Out Huge Bitcoin Rally Scenario \u2013 Here are His Targets", "text": "Quantitative analyst Plan B is unveiling a possible scenario where leading digital asset Bitcoin (BTC) skyrockets close to $300,000 this year. The pseudonymous analyst took to Twitter to tell his 1.7 million followers that the stock-to-flow (S2F) model is hinting at a big price rise for BTC. Plan B is known for applying the S2F, [\u2026] The post Quant Analyst Plan B Lays Out Huge Bitcoin Rally Scenario \u2013 Here are His Targets appeared first on The Daily Hodl.", "source_name": "The Daily Hodl", "date": "Wed, 16 Mar 2022 15:55:58 -0400", "topics": [], "sentiment": "Positive", "type": "Article", "tickers": ["BTC"]}, {"news_url": "https://cryptopotato.com/us-authorities-to-return-over-500000-worth-of-bitcoin-to-a-conned-elderly-person/", "image_url": "https://crypto.snapi.dev/images/v1/v/c/us-doj-wire-act-online-gaming-900x540-min-118510.jpg", "title": "US Authorities to Return Over $500,000 Worth of Bitcoin to a Conned Elderly Person", "text": "The US authorities confiscated more than $500K worth of BTC from a criminal individual. The funds will be returned to the conned person.", "source_name": "CryptoPotato", "date": "Wed, 16 Mar 2022 15:30:27 -0400", "topics": [], "sentiment": "Neutral", "type": "Article", "tickers": ["BTC"]}, {"news_url": "https://www.benzinga.com/markets/cryptocurrency/22/03/26172584/bitcoin-confirms-break-out-following-fed-rate-call-whats-next-for-the-crypto?SNAPI", "image_url": "https://crypto.snapi.dev/images/v1/l/o/bitcoin-jorge-franganillo-0-118523.jpg", "title": "Bitcoin Confirms Break Out Following Fed Rate Call: What's Next For The Crypto?", "text": "Bitcoin (CRYPTO: BTC) shot up over 6% higher between 9:30 p.m. and 10:30 p.m.", "source_name": "Benzinga", "date": "Wed, 16 Mar 2022 15:16:00 -0400", "topics": [], "sentiment": "Positive", "type": "Article", "tickers": ["BTC"]}, {"news_url": "https://bitcoinist.com/all-mine-which-bitcoin-miners-hold-the-most-btc/", "image_url": "https://crypto.snapi.dev/images/v1/n/c/kanchanara-lfoyn4aopee-unsplash-1-631x420-118498.jpg", "title": "All Mine: Which Bitcoin Miners Hold The Most BTC?", "text": "Bitcoin miners hold on to a lot of the BTC they mine; they are called the \u201coriginal whales\u201d for a reason. Here's what the data says regarding which of the publicly listed mining companies hold the most coins.", "source_name": "Bitcoinist", "date": "Wed, 16 Mar 2022 15:00:25 -0400", "topics": ["mining"], "sentiment": "Neutral", "type": "Article", "tickers": ["BTC"]}, {"news_url": "https://www.newsbtc.com/news/bitcoin/current-stretch-bitcoin-fear-surpasses-2021-selloff/", "image_url": "https://crypto.snapi.dev/images/v1/b/h/kanchanara-jswprvkr-oe-unsplash-1-scaled-118497.jpg", "title": "Current Stretch Of Bitcoin Fear Surpasses 2021 Selloff", "text": "Data shows the current stretch of Bitcoin fear has surpassed that during the 2021 selloff as market continues to be extremely fearful. Bitcoin Fear And Greed Index Shows Market Sentiment Is Again Extremely Fearful This Week As per the latest weekly report from Arcane Research, sentiment among BTC investors has once again been that of extreme fear this week.", "source_name": "NewsBTC", "date": "Wed, 16 Mar 2022 15:00:01 -0400", "topics": [], "sentiment": "Negative", "type": "Article", "tickers": ["BTC"]}, {"news_url": "https://www.cryptopolitan.com/bitcoin-soon-to-be-lega-tender-in-the-us/", "image_url": "https://crypto.snapi.dev/images/v1/y/y/img-9075-118496.jpg", "title": "Bitcoin Soon to become Legal Tender in the US", "text": "TL;DR Breakdown Bryan Solstin vows to make Bitcoin legal tender in the US. The senate candidate discusses why Bitcoin's adoption would boost the US economy.", "source_name": "Cryptopolitan", "date": "Wed, 16 Mar 2022 14:58:47 -0400", "topics": [], "sentiment": "Neutral", "type": "Article", "tickers": ["BTC"]}, {"news_url": "https://cryptopotato.com/ripple-price-analysis-will-the-recent-positive-momentum-continue-for-xrp/", "image_url": "https://crypto.snapi.dev/images/v1/q/d/ripple-xrp-coin-rises-over-6-today-after-a-small-win-in-its-case-against-the-sec-117053-118490.jpg", "title": "Ripple Price Analysis: Will the Recent Positive Momentum Continue for XRP?", "text": "Following bitcoin, The crypto market is having a green day so far. Investors who hold altcoins are optimistic and hoping for a trend reversal.", "source_name": "CryptoPotato", "date": "Wed, 16 Mar 2022 14:50:41 -0400", "topics": ["tanalysis"], "sentiment": "Positive", "type": "Article", "tickers": ["XRP"]}, {"news_url": "https://dailyhodl.com/2022/03/16/terra-luna-co-founder-unveils-plan-to-build-10000000000-worth-of-bitcoin-btc-reserves/", "image_url": "https://crypto.snapi.dev/images/v1/4/f/build-10-of-bitcoinjpgfit10242c600ssl1-118507.jpg", "title": "Terra (LUNA) Co-Founder Unveils Plan To Build $10,000,000,000 Worth of Bitcoin (BTC) Reserves", "text": "Ethereum-challenger and stablecoin issuer Terra (LUNA) plans to accumulate a staggering $10 billion worth of Bitcoin (BTC) to add to its reserves, according to Do Kwon, the project's founder and chief executive officer. Kwon took to Twitter to tell his 248,000 followers that Terra will be one of the world's largest stakeholders of BTC. Terra [\u2026] The post Terra (LUNA) Co-Founder Unveils Plan To Build $10,000,000,000 Worth of Bitcoin (BTC) Reserves appeared first on The Daily Hodl.", "source_name": "The Daily Hodl", "date": "Wed, 16 Mar 2022 14:45:20 -0400", "topics": [], "sentiment": "Positive", "type": "Article", "tickers": ["LUNA", "BTC"]}, {"news_url": "https://cryptopotato.com/bitcoin-falls-after-fed-raises-interest-rates-at-fomc-meeting/", "image_url": "https://crypto.snapi.dev/images/v1/v/k/jeromepowell-118488.jpg", "title": "Bitcoin Falls After Fed Raises Interest Rates at FOMC Meeting", "text": "The Fed follows through on plans to address rising inflation, and Bitcoin has taken a hit in response.", "source_name": "CryptoPotato", "date": "Wed, 16 Mar 2022 14:43:01 -0400", "topics": [], "sentiment": "Negative", "type": "Article", "tickers": ["BTC"]}, {"news_url": "https://dailyhodl.com/2022/03/16/crypto-whales-suddenly-move-over-100000000-xrp-and-thousands-of-bitcoin-btc-as-markets-bounce/", "image_url": "https://crypto.snapi.dev/images/v1/r/x/crypto-whales-move-xrpjpgfit10242c600ssl1-118508.jpg", "title": "Crypto Whales Suddenly Move Over 100,000,000 XRP and Thousands of Bitcoin (BTC) As Markets Bounce", "text": "Some of the biggest players in the crypto realm are initiating a major migration among two of the top digital assets. The blockchain-tracking service Whale Alert tells its 2.1 million Twitter followers that one crypto whale sent 100 million tokens of XRP from the Crypto.com exchange to an unknown wallet. The full value at time [\u2026] The post Crypto Whales Suddenly Move Over 100,000,000 XRP and Thousands of Bitcoin (BTC) As Markets Bounce appeared first on The Daily Hodl.", "source_name": "The Daily Hodl", "date": "Wed, 16 Mar 2022 14:41:07 -0400", "topics": ["whales"], "sentiment": "Neutral", "type": "Article", "tickers": ["BTC", "XRP"]}, {"news_url": "https://ambcrypto.com/solana-long-term-investors-can-follow-this-to-avoid-further-losses/", "image_url": "https://crypto.snapi.dev/images/v1/3/8/pp-3-sol-cover-e1647418309863-118485.jpg", "title": "Solana: Long-term investors can follow this to avoid further losses", "text": "Disclaimer:\u00a0The findings of the following analysis are the sole opinions of the writer and should not be considered investment advice The downtrend of Solana remains unbroken. The early February rally held much promise- and it did look like SOL had flipped the $93 level to support before its next move upward.", "source_name": "AMBCrypto", "date": "Wed, 16 Mar 2022 14:30:12 -0400", "topics": [], "sentiment": "Neutral", "type": "Article", "tickers": ["SOL"]}, {"news_url": "https://cointelegraph.com/news/bitcoin-bulls-to-defend-40k-leading-into-friday-s-760m-options-expiry", "image_url": "https://crypto.snapi.dev/images/v1/b/a/840-ahr0chm6ly9zmy5jb2ludgvszwdyyxbolmnvbs91cgxvywrzlziwmjitmdmvyjazmzkzmditztcxmc00ztbhlwi2nzitzdawytu3ytuxnjcylmpwzw-118483.jpg", "title": "Bitcoin bulls to defend $40K leading into Friday's $760M options expiry", "text": "BTC price struggles to sustain $40,000, but Friday's options expiry might give bulls the $160 million profit needed to keep the positive momentum.", "source_name": "Cointelegraph", "date": "Wed, 16 Mar 2022 14:20:00 -0400", "topics": [], "sentiment": "Positive", "type": "Article", "tickers": ["BTC"]}, {"news_url": "https://cryptobriefing.com/ukraine-signs-virtual-assets-bill-legalize-bitcoin/?utm_source=main_feed&utm_medium=rss", "image_url": "https://crypto.snapi.dev/images/v1/c/s/kyiv-ukraine-virtual-assets-cover-838x440-118487.jpeg", "title": "Ukraine Signs Virtual Assets Bill to Legalize Bitcoin", "text": "President Zelenskyy has signed a bill that will allow for the creation of a legal framework for digital assets, the Ministry of Digital Transformation has announced.", "source_name": "Crypto Briefing", "date": "Wed, 16 Mar 2022 14:12:34 -0400", "topics": [], "sentiment": "Positive", "type": "Article", "tickers": ["BTC"]}, {"news_url": "https://thecurrencyanalytics.com/bitcoin/bitcoin-btc-is-faster-than-visa-or-mastercard-40107.php", "image_url": "https://crypto.snapi.dev/images/v1/h/b/bitcoin-btc-is-faster-than-visa-or-mastercard-118476.jpg", "title": "Bitcoin (BTC) is Faster Than Visa or Mastercard", "text": "Catch up on the latest crypto market news at The Currency Analytics. Dennis Porter shared: I don't know who needs to hear this but Bitcoin is faster than Visa or Mastercard and\u2026 The post Bitcoin (BTC) is Faster Than Visa or Mastercard appeared first on Cryptocurrency News.", "source_name": "The Currency Analytics", "date": "Wed, 16 Mar 2022 14:07:55 -0400", "topics": [], "sentiment": "Positive", "type": "Article", "tickers": ["BTC"]}, {"news_url": "https://dailyhodl.com/2022/03/16/top-analyst-predicts-whats-ahead-for-dogecoin-doge-solana-sol-and-one-additional-altcoin/", "image_url": "https://crypto.snapi.dev/images/v1/s/1/analyst-predicts-dogejpgfit10242c600ssl1-118475.jpg", "title": "Top Analyst Predicts What's Ahead for Dogecoin (DOGE), Solana (SOL) and One Additional Altcoin", "text": "A popular crypto trader and analyst is revealing his outlook on leading memecoin Dogecoin (DOGE), smart contract platform Solana (SOL), and another large-cap altcoin. The pseudonymous analyst known as Altcoin Sherpa tells his 170,000 followers that he's got his eye on Dogecoin, and waiting for more downside before thinking about pulling the trigger on DOGE. [\u2026] The post Top Analyst Predicts What's Ahead for Dogecoin (DOGE), Solana (SOL) and One Additional Altcoin appeared first on The Daily Hodl.", "source_name": "The Daily Hodl", "date": "Wed, 16 Mar 2022 14:05:23 -0400", "topics": [], "sentiment": "Neutral", "type": "Article", "tickers": ["DOGE", "SOL", "FTT"]}, {"news_url": "https://u.today/breaking-bitcoin-unfazed-as-fed-hikes-interest-rates-for-the-first-time-since-2018?SNAPI", "image_url": "https://crypto.snapi.dev/images/v1/l/n/adobestock-41067947-118473.jpeg", "title": "BREAKING: Bitcoin Unfazed as Fed Hikes Interest Rates for the First Time Since 2018", "text": "The Federal Reserve has raised interested rates for the first time in years", "source_name": "UToday", "date": "Wed, 16 Mar 2022 14:02:00 -0400", "topics": [], "sentiment": "Neutral", "type": "Article", "tickers": ["BTC"]}, {"news_url": "https://www.newsbtc.com/news/bitcoin/what-this-gold-pattern-could-hint-for-bitcoin-if-fed-hikes-rates/", "image_url": "https://crypto.snapi.dev/images/v1/c/k/bitcoin-118471.jpeg", "title": "What This Gold Pattern Could Hint For Bitcoin If FED Hikes Rates", "text": "Bitcoin trades north of the $40,000 price mark with bullish momentum in the last 24 hours. Today, the U.S. Federal Reserve (FED) is expected to begin its monetary tightening policy.", "source_name": "NewsBTC", "date": "Wed, 16 Mar 2022 14:00:25 -0400", "topics": [], "sentiment": "Neutral", "type": "Article", "tickers": ["BTC"]}, {"news_url": "https://beincrypto.com/how-seesaw-protocol-avalanche-and-polkadot-could-boost-profits/", "image_url": "https://crypto.snapi.dev/images/v1/n/l/seesaw-cover-artjpgoptimal-118472.jpg", "title": "How Seesaw Protocol, Avalanche, and Polkadot Could Boost Profits", "text": "Despite both Bitcoin and Ethereum, the world's two leading cryptocurrencies, trading in the negative in the past seven days, there are still some cryptocurrencies like Avalanche (AVAX), Polkadot (DOT), and Seesaw Protocol (SSW) on the upturn. With Avalanche and Polkadot established as some of the biggest cryptocurrencies in the world, the likes of Seesaw Protocol \u2026 Continued The post How Seesaw Protocol, Avalanche, and Polkadot Could Boost Profits appeared first on BeInCrypto.", "source_name": "BeInCrypto", "date": "Wed, 16 Mar 2022 14:00:00 -0400", "topics": [], "sentiment": "Positive", "type": "Article", "tickers": ["AVAX", "DOT", "SSW"]}, {"news_url": "https://www.cryptopolitan.com/bitcoin-price-analysis-2022-03-16/", "image_url": "https://crypto.snapi.dev/images/v1/p/e/bitcoin-price-analysis-2022-03-16-118470.png", "title": "Bitcoin price analysis: BTC rejects upside at $41,000 again, lower high set?", "text": "TL;DR Breakdown Bitcoin price analysis is bearish for today. BTC/USD saw a strong spike higher overnight.", "source_name": "Cryptopolitan", "date": "Wed, 16 Mar 2022 13:59:27 -0400", "topics": ["tanalysis"], "sentiment": "Negative", "type": "Article", "tickers": ["BTC"]}, {"news_url": "https://www.cryptopolitan.com/bitcoin-binance-coin-fantom-and-filecoin-daily-price-analyses-16-march-morning-price-prediction/", "image_url": "https://crypto.snapi.dev/images/v1/m/b/bitcoins-and-dollars-107868-108267-108819-109413-118458.jpg", "title": "Bitcoin, Binance Coin, Fantom, and Filecoin Daily Price Analyses \u2013 16 March Morning Price Prediction", "text": "TL;DR Breakdown The global crypto market has continued to go even higher; the gains for the last 24 hours amount to 3.68%. Bitcoin utilizes the opportunity to grow, adding 4.20% [\u2026]", "source_name": "Cryptopolitan", "date": "Wed, 16 Mar 2022 13:18:28 -0400", "topics": [], "sentiment": "Positive", "type": "Article", "tickers": ["BNB", "BTC", "FIL", "FTM"]}, {"news_url": "https://www.theblockcrypto.com/linked/138044/bitcoin-mining-hardware-maker-canaan-announces-up-to-100-million-in-new-stock-buybacks", "image_url": "https://crypto.snapi.dev/images/v1/o/l/canaan-logo-800x450-118456.jpg", "title": "Bitcoin mining hardware maker Canaan announces up to $100 million in new stock buybacks", "text": "Canaan, one of the largest bitcoin mining hardware makers, announced a stock buyback program of up to $100 million. The post Bitcoin mining hardware maker Canaan announces up to $100 million in new stock buybacks appeared first on The Block.", "source_name": "The Block", "date": "Wed, 16 Mar 2022 13:09:36 -0400", "topics": ["mining"], "sentiment": "Neutral", "type": "Article", "tickers": ["BTC"]}, {"news_url": "https://www.benzinga.com/markets/cryptocurrency/22/03/26170505/ukraine-legalizes-bitcoin-cryptocurrency-what-you-should-know-about-virtual-assets-bill?SNAPI", "image_url": "https://crypto.snapi.dev/images/v1/l/u/kiev-gb1afe504d-1920-3-118478.jpg", "title": "Ukraine Legalizes Bitcoin, Cryptocurrency: What You Should Know About Virtual Assets Bill", "text": "A bill signed by Ukrainian President Volodymyr Zelensky legalizes cryptocurrency in the country. What Happened: The Virtual Assets Bill was signed into law by Zelensky Wednesday, as reported by CoinDesk.", "source_name": "Benzinga", "date": "Wed, 16 Mar 2022 13:03:00 -0400", "topics": [], "sentiment": "Positive", "type": "Article", "tickers": ["BTC"]}, {"news_url": "https://bitcoinist.com/canada-seized-bitcoin-donations-to-freedom-convoy/", "image_url": "https://crypto.snapi.dev/images/v1/5/a/bitcoin-3-640x361-118452.jpeg", "title": "Canada Has Frozen And Seized Bitcoin Donations To \u201cFreedom Convoy\u201d", "text": "Last month, the world had shifted its focus towards Canada as the Truckers' protests raged on. In a bid to stop the protests dead in its tracks, the Canadian government had chosen to remove the financial support for these protesters by blocking their accounts.", "source_name": "Bitcoinist", "date": "Wed, 16 Mar 2022 13:00:19 -0400", "topics": [], "sentiment": "Neutral", "type": "Article", "tickers": ["BTC"]}, {"news_url": "https://www.newsbtc.com/analysis/btc/bitcoin-breaks-out-of-39k-idle-trend-but-what-does-40k-hold/", "image_url": "https://crypto.snapi.dev/images/v1/k/e/bitcoin-1-118450.jpeg", "title": "Bitcoin Breaks Out Of $39K Idle Trend, But What Does $40K Hold?", "text": "Bitcoin keeps fluttering in and out of the $40,000 price level. Keeping count of these breaks above $40K, there have now been a total of five since the year started.", "source_name": "NewsBTC", "date": "Wed, 16 Mar 2022 13:00:18 -0400", "topics": [], "sentiment": "Positive", "type": "Article", "tickers": ["BTC"]}, {"news_url": "https://cryptodaily.co.uk/2022/03/btc-usd-spikes-higher-and-clears-stops-above-41449-sally-ho-technical-analysis-17-march-2022-btc-bitcoin", "image_url": "https://crypto.snapi.dev/images/v1/u/t/buying-dip-bitcoinjpgfit10242c600ssl1-117347-117756-117869-118451.jpg", "title": "BTC/USD Spikes Higher and Clears Stops Above 41449: Sally Ho's Technical Analysis 17 March 2022 BTC", "text": "Bitcoin (BTC/USD) worked to reclaim more lost ground early in the Asian session as the pair spiked higher to the 41717.67 area after finding a strong bid around the 39095.44 area, right around the 23.6% retracement of the recent depreciating range from 45426.45 to 37161.88.\u00a0 Stops were elected above the 40079.12, 40673.54, 41409, and 41519.83 levels during the move higher, retracement levels related to the depreciating range from 42597.84 to 37560.40.", "source_name": "Crypto Daily", "date": "Wed, 16 Mar 2022 13:00:00 -0400", "topics": ["tanalysis"], "sentiment": "Positive", "type": "Article", "tickers": ["BTC"]}, {"news_url": "https://thecurrencyanalytics.com/bitcoin/bitcoin-btc-payments-for-popcorn-amc-executives-40104.php", "image_url": "https://crypto.snapi.dev/images/v1/q/t/bitcoin-gad49beafe-1280-117217-117613-118097-118448.jpg", "title": "Bitcoin (BTC) Payments for Popcorn AMC Executives", "text": "Catch up on the latest crypto market news at The Currency Analytics. Peter Schiff Shared: After trying to sucker crypto investors in to buy their over-priced stock by announcing they would accept\u2026 The post Bitcoin (BTC) Payments for Popcorn AMC Executives appeared first on Cryptocurrency News.", "source_name": "The Currency Analytics", "date": "Wed, 16 Mar 2022 12:58:48 -0400", "topics": [], "sentiment": "Positive", "type": "Article", "tickers": ["BTC"]}, {"news_url": "https://dailyhodl.com/2022/03/16/bitcoin-btc-and-crypto-markets-showing-resiliency-amid-inflation-war-according-to-raoul-pal/", "image_url": "https://crypto.snapi.dev/images/v1/e/d/bitcoin-showing-resiliencyjpgfit10242c600ssl1-118469.jpg", "title": "Bitcoin (BTC) and Crypto Markets Showing Resiliency Amid Inflation and War, According to Raoul Pal", "text": "Real Vision CEO Raoul Pal thinks Bitcoin (BTC) and other digital assets are holding up well despite facing a barrage of recent macroeconomic and geopolitical turbulence. In a new interview, the former Goldman Sachs executive says his short-term prediction for the crypto markets would be for prices to dip lower. However, the macro guru says [\u2026] The post Bitcoin (BTC) and Crypto Markets Showing Resiliency Amid Inflation and War, According to Raoul Pal appeared first on The Daily Hodl.", "source_name": "The Daily Hodl", "date": "Wed, 16 Mar 2022 12:55:10 -0400", "topics": [], "sentiment": "Positive", "type": "Article", "tickers": ["BTC"]}, {"news_url": "https://www.fool.com/investing/2022/03/16/why-bitcoin-ethereum-and-dogecoin-are-gaining-toda/", "image_url": "https://crypto.snapi.dev/images/v1/b/i/bitcoin-006-117825-118462.jpg", "title": "Why Bitcoin, Ethereum, and Dogecoin Are Gaining Today", "text": "Top cryptocurrencies are posting strong gains in Wednesday's trading.", "source_name": "The Motley Fool", "date": "Wed, 16 Mar 2022 12:52:40 -0400", "topics": [], "sentiment": "Positive", "type": "Article", "tickers": ["BTC", "DOGE", "ETH"]}, {"news_url": "https://coinpedia.org/price-analysis/top-mid-week-predictions-for-bitcoin-ethereum-and-ripple/", "image_url": "https://crypto.snapi.dev/images/v1/7/b/bitcoin-ethereum-118109-118324-118446.jpg", "title": "Top Mid-Week Predictions for Bitcoin, Ethereum & Ripple! This is How They May End the Weekly Trade!", "text": "Bitcoin (BTC) Price Analysis Bitcoin price remains consolidated in between $39,000 to $41,500 from the early trading hours, after multiple rejections at $40,000 levels. The price after swinging within the demand zone around $38,800, for quite a long time, surged high breaking the consolidation during the early trading hours. Ever since then, the asset is \u2026", "source_name": "CoinPedia", "date": "Wed, 16 Mar 2022 12:46:55 -0400", "topics": [], "sentiment": "Neutral", "type": "Article", "tickers": ["BTC", "ETH", "XRP"]}, {"news_url": "https://thecurrencyanalytics.com/bitcoin/a-fortress-balance-sheet-has-inflation-proof-asset-like-bitcoin-btc-40100.php", "image_url": "https://crypto.snapi.dev/images/v1/v/b/vbtc23-118441.", "title": "A Fortress Balance Sheet Has Inflation-Proof Asset like Bitcoin (BTC)", "text": "Catch up on the latest crypto market news at The Currency Analytics. Michael Saylor shared: Corporations are surrendering their capital because the high monetary inflation rate makes cash and credit toxic to\u2026 The post A Fortress Balance Sheet Has Inflation-Proof Asset like Bitcoin (BTC) appeared first on Cryptocurrency News.", "source_name": "The Currency Analytics", "date": "Wed, 16 Mar 2022 12:33:42 -0400", "topics": [], "sentiment": "Positive", "type": "Article", "tickers": ["BTC"]}, {"news_url": "https://u.today/xrp-offered-to-shareholders-by-japans-sbi-for-3rd-year?SNAPI", "image_url": "https://crypto.snapi.dev/images/v1/a/3/13359-118430.jpg", "title": "XRP Offered to Shareholders by Japan's SBI for 3rd Year", "text": "The company's XRP benefit program will continue for a third consecutive year", "source_name": "UToday", "date": "Wed, 16 Mar 2022 12:14:00 -0400", "topics": [], "sentiment": "Positive", "type": "Article", "tickers": ["XRP"]}, {"news_url": "https://coingape.com/?p=104702", "image_url": "https://crypto.snapi.dev/images/v1/e/t/ethereum-price-analysis-2022-03-11-116852-117583-118438.png", "title": "Ethereum Price Prediction: Approaches 50-day EMA At $2,820; More Gains Near $3,200 Next", "text": "Ethereum price action edges higher with significant gains. ETH extends the gains for the third straight session with increasing volumes.", "source_name": "Coingape", "date": "Wed, 16 Mar 2022 12:07:00 -0400", "topics": [], "sentiment": "Positive", "type": "Article", "tickers": ["ETH"]}, {"news_url": "https://www.cryptopolitan.com/ethereum-price-analysis-2022-03-16/", "image_url": "https://crypto.snapi.dev/images/v1/n/k/ethereum-price-analysis-2022-03-16-118427.png", "title": "Ethereum price analysis: ETH breaks consolidation at $2,600, ready to rally?", "text": "TL;DR Breakdown Ethereum price analysis is bullish today. ETH/USD saw a clear break of $2,600 resistance late yesterday.", "source_name": "Cryptopolitan", "date": "Wed, 16 Mar 2022 12:00:52 -0400", "topics": ["tanalysis"], "sentiment": "Positive", "type": "Article", "tickers": ["ETH"]}, {"news_url": "https://www.newsbtc.com/news/bitcoin-worth-1-2b-left-coinbase-in-sign-of-continuous-institutional-adoption/", "image_url": "https://crypto.snapi.dev/images/v1/c/o/coinbase-118436.jpg", "title": "Bitcoin Worth $1.2B Left Coinbase In Sign Of Continuous Institutional Adoption", "text": "Despite the four-month bearish price action, institutions continue to pile drive bitcoin, which might have scared away retail leverage traders. This is because institutions are focusing on longer-term horizons and see the potential for big profits in BTC's growth over time.", "source_name": "NewsBTC", "date": "Wed, 16 Mar 2022 12:00:25 -0400", "topics": ["institutions"], "sentiment": "Neutral", "type": "Article", "tickers": ["BTC"]}, {"news_url": "https://cryptodaily.co.uk/2022/03/ethereum-merge-testing-successful-on-kiln-testnet", "image_url": "https://crypto.snapi.dev/images/v1/x/a/ethereum-gas-fees-change-118426.jpg", "title": "Ethereum Merge Testing Successful On Kiln Testnet", "text": "The Ethereum Foundation announced that the Merge was successfully completed on the Kiln testnet, an announcement that many in the Ethereum community would feel is music to their ears. The Kiln testnet is the final public testnet before Ethereum finally transitions to Proof-of-Stake later this year.", "source_name": "Crypto Daily", "date": "Wed, 16 Mar 2022 12:00:00 -0400", "topics": [], "sentiment": "Positive", "type": "Article", "tickers": ["ETH"]}, {"news_url": "https://cointelegraph.com/news/price-analysis-3-16-btc-eth-bnb-xrp-luna-sol-ada-avax-dot-doge", "image_url": "https://crypto.snapi.dev/images/v1/1/s/840-ahr0chm6ly9zmy5jb2ludgvszwdyyxbolmnvbs91cgxvywrzlziwmjitmdmvntjjnte3nmity2jkys00yzhjltkxzdctmgywnjc5yjg1n2vhlmpwzw-118425.jpg", "title": "Price analysis 3/16: BTC, ETH, BNB, XRP, LUNA, SOL, ADA, AVAX, DOT, DOGE", "text": "Bitcoin and select altcoins have broken above their immediate resistance levels, indicating the start of a relief rally.", "source_name": "Cointelegraph", "date": "Wed, 16 Mar 2022 11:48:34 -0400", "topics": ["tanalysis"], "sentiment": "Neutral", "type": "Article", "tickers": ["ADA", "AVAX", "BNB", "BTC", "DOGE", "LUNA", "SOL", "XRP", "DOT", "ETH"]}, {"news_url": "https://decrypt.co/95250/bitcoin-pops-above-41k-as-crypto-market-shows-signs-of-recovery", "image_url": "https://crypto.snapi.dev/images/v1/y/w/shutterstock-1012491031-gid-5-118423.jpg", "title": "Bitcoin Pops Above $41K as Crypto Market Shows Signs of Recovery", "text": "After a flat week for the market, crypto prices are climbing again with Bitcoin and Ethereum both up today.", "source_name": "Decrypt", "date": "Wed, 16 Mar 2022 11:42:57 -0400", "topics": [], "sentiment": "Positive", "type": "Article", "tickers": ["BTC"]}, {"news_url": "https://investorplace.com/2022/03/7-cryptos-on-the-cusp-of-recovery-should-geopolitical-tensions-ease/", "image_url": "https://crypto.snapi.dev/images/v1/2/v/2vbbgr-118437.", "title": "7 Cryptos on the Cusp of Recovery Should Geopolitical Tensions Ease", "text": "With cryptos affected by the geopolitical flashpoint in eastern Europe, a thawing of the ice could represent a major breakthrough.", "source_name": "Investorplace", "date": "Wed, 16 Mar 2022 11:35:24 -0400", "topics": [], "sentiment": "Positive", "type": "Article", "tickers": ["ADA", "BTC", "DOGE", "ETH", "MANA", "USDT", "XRP"]}, {"news_url": "https://thecurrencyanalytics.com/bitcoin/bitcoin-btc-at-the-moment-can-only-be-used-as-a-speculative-commodity-40097.php", "image_url": "https://crypto.snapi.dev/images/v1/g/x/bitcoin-btc-at-the-moment-can-only-be-used-as-a-speculative-commodity-118420.jpg", "title": "Bitcoin (BTC) at the Moment can only be used as a Speculative Commodity", "text": "Catch up on the latest crypto market news at The Currency Analytics. Michael Saylor shared: \u201cThe mystery of human existence lies not in just staying alive, but in finding something to live\u2026 The post Bitcoin (BTC) at the Moment can only be used as a Speculative Commodity appeared first on Cryptocurrency News.", "source_name": "The Currency Analytics", "date": "Wed, 16 Mar 2022 11:32:47 -0400", "topics": [], "sentiment": "Negative", "type": "Article", "tickers": ["BTC"]}, {"news_url": "https://ambcrypto.com/ethereum-cosmos-near-price-analysis-16-march/", "image_url": "https://crypto.snapi.dev/images/v1/z/8/untitled-design-9-118417.png", "title": "Ethereum, Cosmos, Near Price Analysis: 16 March", "text": "As the king alt finally found a close above the $2,600-level, it jumped above its 20/50 EMA. Now, as it flashed a bullish edge on its technicals, it endeavored to challenge its reversal pattern on the 4-hour chart.", "source_name": "AMBCrypto", "date": "Wed, 16 Mar 2022 11:30:01 -0400", "topics": ["tanalysis"], "sentiment": "Neutral", "type": "Article", "tickers": ["ATOM", "ETH", "NEAR"]}, {"news_url": "https://www.trustnodes.com/2022/03/16/consensys-to-buy-450-million-eth", "image_url": "https://crypto.snapi.dev/images/v1/e/t/ethereum-gea1529c2a-1920-117765-117767-118414.jpg", "title": "ConsenSys to Buy $450 Million ETH", "text": "Ethereum's dev house, ConsenSys, is set to convert into eth as much as $450 million raised from a number of investors, including Microsoft. \u201cThe proceeds from the round will be.", "source_name": "Trustnodes", "date": "Wed, 16 Mar 2022 11:21:09 -0400", "topics": ["paywall"], "sentiment": "Positive", "type": "Article", "tickers": ["ETH"]}, {"news_url": "https://www.financemagnates.com/cryptocurrency/news/btc-market-cap-crosses-770-billion/", "image_url": "https://crypto.snapi.dev/images/v1/p/s/bitcoin-etf-id-ec3f9b81-7b03-4d4f-972c-e6e358880c53-size900-118416.jpg", "title": "BTC Market Cap Crosses $770 Billion", "text": "In a rebound of more than 5% on Wednesday, BTC jumped above the market cap of $770 billion for the first time this week. While the recent rally was not so significant, it gave the digital asset enough support to remain above $40,000.", "source_name": "FinanceMagnates", "date": "Wed, 16 Mar 2022 11:21:00 -0400", "topics": [], "sentiment": "Positive", "type": "Article", "tickers": ["BTC"]}, {"news_url": "https://www.dcforecasts.com/bitcoin-news/following-massive-volatility-btc-surpassed-40k-price-analysis/", "image_url": "https://crypto.snapi.dev/images/v1/c/n/bitcoin-coinbase-reserve-118172-118390.jpg", "title": "Following Massive Volatility, BTC Surpassed $40K: Price Analysis", "text": "Following massive volatility on the markets, BTC surpassed $40,000 while most other altcoins charted some impressive gains so let's read more in today's latest Bitcoin news. Bitcoin reminded me of the enhanced price fluctuations with the roller coaster movements but then reclaimed $40,000 and most other altcoins are in the green as well on the [\u2026]", "source_name": "DCForecasts", "date": "Wed, 16 Mar 2022 10:38:20 -0400", "topics": ["tanalysis"], "sentiment": "Positive", "type": "Article", "tickers": ["BTC"]}, {"news_url": "https://www.benzinga.com/markets/cryptocurrency/22/03/26167949/why-bitcoin-and-ethereum-related-stocks-are-trading-higher?SNAPI", "image_url": "https://crypto.snapi.dev/images/v1/s/c/bitcoin-ge366398e6-1920-118418.jpg", "title": "Why Bitcoin- And Ethereum-Related Stocks Are Trading Higher", "text": "Cryptocurrency-related stocks, including Coinbase Global Inc (NASDAQ: COIN), Marathon Digital Holdings Inc (NASDAQ: MARA) and Riot Blockchain Inc (NASDAQ:", "source_name": "Benzinga", "date": "Wed, 16 Mar 2022 10:28:00 -0400", "topics": [], "sentiment": "Positive", "type": "Article", "tickers": ["BTC", "ETH"]}, {"news_url": "https://u.today/100-million-xrp-purchased-by-whale-as-coin-consolidates?SNAPI", "image_url": "https://crypto.snapi.dev/images/v1/s/z/13353-118388.jpg", "title": "100 Million XRP Purchased by Whale as Coin Consolidates", "text": "Massive amount of XRP purchased by this anonymous investor while the coin's performance remains questionable", "source_name": "UToday", "date": "Wed, 16 Mar 2022 10:25:00 -0400", "topics": ["whales"], "sentiment": "Positive", "type": "Article", "tickers": ["XRP"]}, {"news_url": "https://cointelegraph.com/news/btc-price-cracks-41k-as-hopes-of-peace-in-eastern-europe-send-bitcoin-higher", "image_url": "https://crypto.snapi.dev/images/v1/b/i/840-ahr0chm6ly9zmy5jb2ludgvszwdyyxbolmnvbs91cgxvywrzlziwmjitmdmvztrjyjvhmtgtn2jjns00zjm3ltk0yjitmtk1nzu0ntk5ogi0lmpwzw-118387.jpg", "title": "BTC price cracks $41K as hopes of peace in Eastern Europe send Bitcoin higher", "text": "Bitcoin rises with Asian stocks, while $41,000 resistance gets a decisive after a brief but failed breakout overnight.", "source_name": "Cointelegraph", "date": "Wed, 16 Mar 2022 10:22:14 -0400", "topics": [], "sentiment": "Positive", "type": "Article", "tickers": ["BTC"]}, {"news_url": "https://news.bitcoin.com/bitcoin-ethereum-technical-analysis-btc-back-above-40000-eth-eyes-3000-as-fed-meeting-looms/", "image_url": "https://crypto.snapi.dev/images/v1/v/n/shutterstock-2053167725-118382.jpg", "title": "Bitcoin, Ethereum Technical Analysis: BTC Back Above $40,000, ETH Eyes $3,000 as Fed Meeting Looms", "text": "Following days of consolidation, bitcoin rallied above $40,000 on Tuesday, which comes as markets prepare for today's Fed meeting. ETH also climbed, moving away from its recent support point in the process. Bitcoin BTC finally broke out of its recent streak of price consolidation on Tuesday, as the world's largest cryptocurrency climbed to almost a [\u2026]", "source_name": "Bitcoin", "date": "Wed, 16 Mar 2022 10:18:07 -0400", "topics": ["tanalysis"], "sentiment": "Positive", "type": "Article", "tickers": ["BTC", "ETH"]}, {"news_url": "https://cointelegraph.com/news/3-reasons-why-ethereum-price-can-still-retest-3k-this-month", "image_url": "https://crypto.snapi.dev/images/v1/5/p/840-ahr0chm6ly9zmy5jb2ludgvszwdyyxbolmnvbs91cgxvywrzlziwmjitmdmvzgqwnje2mgmtzgfmms00ogm0lwjjzdetodi3zwmym2m4nguwlmpwzw-118378.jpg", "title": "3 reasons why Ethereum price can still retest $3K this month", "text": "A mix of technical, fundamental, and on-chain indicators show ETH price could boom higher as Q1 winds down.", "source_name": "Cointelegraph", "date": "Wed, 16 Mar 2022 10:03:09 -0400", "topics": [], "sentiment": "Positive", "type": "Article", "tickers": ["ETH"]}, {"news_url": "https://www.newsbtc.com/news/bitcoin-value-takes-a-hit-as-u-s-inflation-rises/", "image_url": "https://crypto.snapi.dev/images/v1/x/g/inflation-118375.jpg", "title": "Bitcoin Value Takes A Hit As U.S Inflation Rises", "text": "The recent acceleration in the United States Consumer Price Index for February has come at just the right time with matching expectations. The index is at 7.91%.", "source_name": "NewsBTC", "date": "Wed, 16 Mar 2022 10:00:24 -0400", "topics": [], "sentiment": "Negative", "type": "Article", "tickers": ["BTC"]}, {"news_url": "https://cryptoslate.com/ethereum-pos-testnet-kiln-launched-merged-and-kickin/", "image_url": "https://crypto.snapi.dev/images/v1/g/e/ethereum-pos-kiln-118373.jpg", "title": "Ethereum PoS testnet Kiln launched, merged and kickin'", "text": "When merge? This question is being asked with increased frequency and intensity as the developers of the Ethereum clients and testnets are getting closer to The Merge by the day.", "source_name": "CryptoSlate", "date": "Wed, 16 Mar 2022 09:56:19 -0400", "topics": [], "sentiment": "Positive", "type": "Article", "tickers": ["ETH"]}, {"news_url": "https://markets.businessinsider.com/news/currencies/mike-novogratz-crypto-bitcoin-rally-fed-rate-hike-ukraine-war-2022-3", "image_url": "https://crypto.snapi.dev/images/v1/z/j/60a27aa0f27b4c0019444d17formatjpeg-118374.jpg", "title": "Mike Novogratz says bitcoin won't have a massive rally as Fed hikes rate and Russia-Ukraine war continues", "text": "Rising US rates and the impact of the Russia-Ukraine war on the markets may cause investors to re-evaluate risky assets like bitcoin, Novogratz said.", "source_name": "Business Insider", "date": "Wed, 16 Mar 2022 09:50:00 -0400", "topics": [], "sentiment": "Negative", "type": "Article", "tickers": ["BTC"]}], "total_pages": 42}