{"data": [{"news_url": "https://beincrypto.com/chris-larsen-and-greenpeace-campaign-for-a-greener-bitcoin/", "image_url": "https://crypto.snapi.dev/images/v1/2/5/ripple-btcjpgoptimal-122640.jpg", "title": "Ripple Co-Founder and Greenpeace Join Forces to Campaign for a Greener Bitcoin", "text": "Chris Larsen, Ripple's co-founder, is heading a campaign to convince Bitcoin's community to migrate to an energy-efficient model.\u00a0 The post Ripple Co-Founder and Greenpeace Join Forces to Campaign for a Greener Bitcoin appeared first on BeInCrypto.", "source_name": "BeInCrypto", "date": "Tue, 29 Mar 2022 07:30:00 -0400", "topics": [], "sentiment": "Neutral", "type": "Article", "tickers": ["BTC"]}, {"news_url": "https://decrypt.co/96298/ripple-co-founder-backs-controversial-campaign-change-bitcoin-code", "image_url": "https://crypto.snapi.dev/images/v1/f/w/bitcoin-etf-trading-volume-gid-4-122632.jpeg", "title": "Ripple Co-Founder Backs Controversial Campaign to Change Bitcoin Code", "text": "Environmental activist groups as well as the CEO and co-founder of Ripple have joined forces to campaign for a code change to Bitcoin.", "source_name": "Decrypt", "date": "Tue, 29 Mar 2022 07:26:56 -0400", "topics": [], "sentiment": "Neutral", "type": "Article", "tickers": ["XRP"]}, {"news_url": "https://www.dcforecasts.com/bitcoin-news/cme-group-launched-micro-options-for-ethereum-and-bitcoin-futures/", "image_url": "https://crypto.snapi.dev/images/v1/h/d/cme-group-122629.png", "title": "CME Group Launched Micro Options For Ethereum And Bitcoin Futures", "text": "CME Group launched micro options for both Ethereum and Bitcoin futures and proceeded with what it promised earlier this month as we read in our previous crypto news. The company outlined the growing investor demand for these products as the main reason behind the launch.", "source_name": "DCForecasts", "date": "Tue, 29 Mar 2022 07:25:51 -0400", "topics": ["futures"], "sentiment": "Positive", "type": "Article", "tickers": ["BTC", "ETH"]}, {"news_url": "https://www.dcforecasts.com/bitcoin-news/grayscale-considers-suing-the-sec-over-bitcoin-etf-report/", "image_url": "https://crypto.snapi.dev/images/v1/u/2/btc-etf-122625.png", "title": "Grayscale Considers Suing The SEC Over Bitcoin ETF: Report", "text": "Grayscale considers suing the SEC over the rejected Bitcoin ETF with the CEO Michael Sonneshein saying that all of the options are on the table, so let's read more today in our Bitcoin news. The SEC hasn't approved a Bitcoin spot ETF and Grayscale is trying to change that.", "source_name": "DCForecasts", "date": "Tue, 29 Mar 2022 07:08:02 -0400", "topics": ["regulations"], "sentiment": "Negative", "type": "Article", "tickers": ["BTC"]}, {"news_url": "https://coinmarketcap.com/alexandria/article/greenpeace-campaign-calls-for-bitcoin-to-ditch-proof-of-work-blockchain-to-save-the-climate", "image_url": "https://crypto.snapi.dev/images/v1/2/u/2bddd02db21b4627bb177b47807051cf-122623.png", "title": "Greenpeace Campaign Calls for Bitcoin to Ditch Proof-of-Work Blockchain to Save the Climate", "text": "The campaign says: \"Switching to a low-energy protocol has proven effective and uses a fraction of the energy. Ethereum is changing its code.", "source_name": "CoinMarketCap", "date": "Tue, 29 Mar 2022 07:02:17 -0400", "topics": [], "sentiment": "Neutral", "type": "Article", "tickers": ["BTC"]}, {"news_url": "https://coingape.com/?p=106331", "image_url": "https://crypto.snapi.dev/images/v1/0/r/ethereum-122618.webp", "title": "Ethereum Price Prediction: ETH Price Hit Three-Month Highs Around $3,440; Is $4,000 Next?", "text": "ETH price extends the previous session's gains and remains positively biased. The price opened lower but recovered to test the session's high.", "source_name": "Coingape", "date": "Tue, 29 Mar 2022 06:50:09 -0400", "topics": [], "sentiment": "Positive", "type": "Article", "tickers": ["ETH"]}, {"news_url": "https://www.coindesk.com/policy/2022/03/29/dapper-labs-ether-capital-headline-newly-formed-canadian-web3-council/", "image_url": "https://crypto.snapi.dev/images/v1/l/u/4nn4ylyiyzc6hjevjhy7fdixue-122612.jpeg", "title": "Dapper Labs, Ether Capital Headline Newly Formed Canadian Web3 Council", "text": "The 11-member non-profit trade association includes issuers of financial products, exchange platforms, open-source blockchain projects, investors and more.", "source_name": "Coindesk", "date": "Tue, 29 Mar 2022 06:35:00 -0400", "topics": [], "sentiment": "Neutral", "type": "Article", "tickers": ["ETH"]}, {"news_url": "https://u.today/ripple-v-sec-ripple-scores-one-more-victory?SNAPI", "image_url": "https://crypto.snapi.dev/images/v1/s/g/13649-122601.jpg", "title": "Ripple v. SEC: Ripple Scores One More Victory", "text": "Ripple has been granted an approval of its recent motion to the court", "source_name": "UToday", "date": "Tue, 29 Mar 2022 06:19:00 -0400", "topics": ["regulations"], "sentiment": "Positive", "type": "Article", "tickers": ["XRP"]}, {"news_url": "https://cryptopotato.com/dubai-school-to-accept-tuition-fees-in-bitcoin-and-ethereum-report/", "image_url": "https://crypto.snapi.dev/images/v1/j/t/btc-eth-school-122600.jpg", "title": "Dubai School to Accept Tuition Fees in Bitcoin and Ethereum: Report", "text": "Dubai continues to be at the forefront of global cryptocurrency adoption, with the latest example coming from a local school.", "source_name": "CryptoPotato", "date": "Tue, 29 Mar 2022 06:10:27 -0400", "topics": [], "sentiment": "Positive", "type": "Article", "tickers": ["BTC", "ETH"]}, {"news_url": "https://cointelegraph.com/news/the-bitcoin-shitcoin-machine-mining-btc-with-biogas", "image_url": "https://crypto.snapi.dev/images/v1/u/z/840-ahr0chm6ly9zmy5jb2ludgvszwdyyxbolmnvbs91cgxvywrzlziwmjitmdmvotewyjyzztgtymyxmy00mtdllwfjnjatmzhiowjkmge1ota1lmpwzw-122599.jpg", "title": "The Bitcoin shitcoin machine: Mining BTC with biogas", "text": "A Bitcoin mining facility in Slovakia converts human and animal waste into Bitcoin hash rate, securing the network while mining Bitcoin.", "source_name": "Cointelegraph", "date": "Tue, 29 Mar 2022 06:05:00 -0400", "topics": ["mining"], "sentiment": "Neutral", "type": "Article", "tickers": ["BTC"]}, {"news_url": "https://u.today/cardano-and-solana-surpass-top-10-cryptos-in-weekly-gains-as-market-rebounds?SNAPI", "image_url": "https://crypto.snapi.dev/images/v1/k/x/13652-122598.jpg", "title": "Cardano and Solana Surpass Top 10 Cryptos in Weekly Gains as Market Rebounds", "text": "The whole cryptocurrency market is now in a recovery mood", "source_name": "UToday", "date": "Tue, 29 Mar 2022 06:02:00 -0400", "topics": [], "sentiment": "Positive", "type": "Article", "tickers": ["ADA", "SOL"]}, {"news_url": "https://cointelegraph.com/news/etf-provider-wisdomtree-launches-solana-cardano-polkadot-etps", "image_url": "https://crypto.snapi.dev/images/v1/y/u/840-ahr0chm6ly9zmy5jb2ludgvszwdyyxbolmnvbs91cgxvywrzlziwmjitmdmvzmqyodc1zgmtogjinc00ntnmlweymtytzwqxyjq1zdg1mwnllmpwzw-122591.jpg", "title": "ETF provider WisdomTree launches Solana, Cardano, Polkadot ETPs", "text": "WisdomTree has launched multiple crypto ETPs in Europe and continues efforts to launch a spot Bitcoin ETF in the United States.", "source_name": "Cointelegraph", "date": "Tue, 29 Mar 2022 05:47:18 -0400", "topics": [], "sentiment": "Positive", "type": "Article", "tickers": ["ADA", "DOT", "SOL"]}, {"news_url": "https://cryptonews.com/news/ripples-larsen-teams-up-with-greenpeace-co-spend-usd-5m-recycling-bitcoin-mining-fud.htm", "image_url": "https://crypto.snapi.dev/images/v1/m/q/cl-122589.jpg", "title": "Ripple's Larsen Teams Up With Greenpeace & Co to Spend USD 5M on Recycling Bitcoin Mining FUD", "text": "One of Ripple's top executives has stoked the ire of the Bitcoin (BTC) community again, with a fresh assault on the way the network operates and its supposed environmental impact.", "source_name": "Cryptonews", "date": "Tue, 29 Mar 2022 05:44:00 -0400", "topics": ["mining"], "sentiment": "Neutral", "type": "Article", "tickers": ["BTC"]}, {"news_url": "https://www.benzinga.com/markets/cryptocurrency/22/03/26339766/veteran-trader-sees-real-possibility-of-bitcoin-rallying-to-69-000?SNAPI", "image_url": "https://crypto.snapi.dev/images/v1/z/s/bitcoin-3132717-1280-3-122617.jpg", "title": "Veteran Trader Sees \u2018Real Possibility' Of Bitcoin Rallying To $69,000", "text": "Veteran trader and Factor Trading founder Peter Brandt said that apex cryptocurrency Bitcoin's (CRYPTO: BTC) recent price action is similar to its market structure in April 2019 before a huge rally.", "source_name": "Benzinga", "date": "Tue, 29 Mar 2022 05:39:00 -0400", "topics": [], "sentiment": "Positive", "type": "Article", "tickers": ["BTC"]}, {"news_url": "https://blockchain.news/news/climate-activists-billionaire-launch-campaign-to-tackle-bitcoins-impact-on-environment", "image_url": "https://crypto.snapi.dev/images/v1/e/x/4607f4a39212e302aae09423d30094110be61cb0b9ee2ddf380fafa51296436d-122965.jpg", "title": "Climate Activists, Billionaire Launch Campaign to Tackle Bitcoin's Impact on Environment", "text": "Bitcoin's impact on the environment is about to face the limelight as several climate activist organizations such as Greenpeace and crypto billionaire Chris Larsen are launching a campaign to tackle its power usage system. (Read More)", "source_name": "Blockchain News", "date": "Tue, 29 Mar 2022 05:30:00 -0400", "topics": [], "sentiment": "Neutral", "type": "Article", "tickers": ["BTC"]}, {"news_url": "https://insidebitcoins.com/news/5-best-cheap-cryptocurrency-to-buy-april-2022-week-1", "image_url": "https://crypto.snapi.dev/images/v1/m/j/5-best-cheap-cryptocurrency-to-buy-122971.jpg", "title": "5 Best Cheap Cryptocurrency to Buy April 2022 Week 1", "text": "The cryptocurrency market continues to climb. At $2.24 trillion, its total cap has risen by 1.7% in the past 24 hours and by around 15% [.", "source_name": "Inside Bitcoins", "date": "Tue, 29 Mar 2022 05:27:02 -0400", "topics": [], "sentiment": "Positive", "type": "Article", "tickers": ["ADA", "LBLOCK", "LRC", "SHIB", "XRP"]}, {"news_url": "https://coinidol.com/ripple-0-90-resistance/", "image_url": "https://crypto.snapi.dev/images/v1/f/f/60b82f08f01c5d574a0989bb21ad98aa-122584.jpg", "title": "Ripple Continues Bullish Run as Bulls Set to Breach $0.90 Resistance", "text": "Ripple (XRP) has been moving positively after breaking through the resistance at $0.80.", "source_name": "Coin Idol", "date": "Tue, 29 Mar 2022 05:21:00 -0400", "topics": [], "sentiment": "Positive", "type": "Article", "tickers": ["XRP"]}, {"news_url": "https://www.newsbtc.com/news/bitcoin/research-explains-bitcoin-mining-could-be-helpful-for-us-energy-independence/", "image_url": "https://crypto.snapi.dev/images/v1/o/i/pexels-olya-kobruseva-8358038-scaled-122579.jpg", "title": "Research Explains Bitcoin Mining Could Be Helpful For US Energy Independence", "text": "Pete Sessions, Texas rep, stated clearly that the growth of the Bitcoin mining sector could expand energy independence in the US. US Congressman Peter Sessions has graced the public with an audacious statement on Bitcoin mining in the country.", "source_name": "NewsBTC", "date": "Tue, 29 Mar 2022 05:15:53 -0400", "topics": ["mining"], "sentiment": "Neutral", "type": "Article", "tickers": ["BTC"]}, {"news_url": "https://cryptoslate.com/bitcoin-acts-as-an-inflation-hedge-rises-by-35-since-start-of-the-russian-ukraine-war/", "image_url": "https://crypto.snapi.dev/images/v1/o/z/bitcoin-hedge-122577.jpg", "title": "Bitcoin acts as an inflation hedge, rises by 35% since start of the Russian-Ukraine war", "text": "News of Russia's invasion of Ukraine on February 24 saw the value of Bitcoin tanking along with that of other cryptocurrencies.\u00a0 However, the crypto market has since shown a resilience that many crypto analysts have always talked about as the prices of these digital assets have recovered, but they are now trading at a much [\u2026] The post Bitcoin acts as an inflation hedge, rises by 35% since start of the Russian-Ukraine war appeared first on CryptoSlate.", "source_name": "CryptoSlate", "date": "Tue, 29 Mar 2022 05:12:16 -0400", "topics": [], "sentiment": "Positive", "type": "Article", "tickers": ["BTC"]}, {"news_url": "https://www.cryptopolitan.com/grayscale-plans-legal-alternative-over-bitcoin-etf/", "image_url": "https://crypto.snapi.dev/images/v1/w/u/060562ad-3bfe-47ec-b30c-3ef711b04f91-122576.jpeg", "title": "Grayscale plans legal alternative over Bitcoin ETF", "text": "TL; DR Breakdown Grayscale could explore legal options against SEC The company is looking at all its options Grayscale wants the SEC to approve its application Grayscale boss Michael Sonnenshein [\u2026]", "source_name": "Cryptopolitan", "date": "Tue, 29 Mar 2022 05:09:43 -0400", "topics": [], "sentiment": "Negative", "type": "Article", "tickers": ["BTC"]}, {"news_url": "https://www.reuters.com/technology/bitcoin-holds-ground-after-touching-highest-this-year-2022-03-29/", "image_url": "https://crypto.snapi.dev/images/v1/5/f/cvnypy5gufpsxfbbxxbk6ylc4u-122578.jpg", "title": "Bitcoin holds ground after touching highest this year", "text": "Bitcoin on Tuesday held ground just below its highest this year, touched a day earlier, with gains for the original cryptocurrency topping 27% since Russia's invasion of Ukraine.", "source_name": "Reuters", "date": "Tue, 29 Mar 2022 05:06:44 -0400", "topics": [], "sentiment": "Neutral", "type": "Article", "tickers": ["BTC"]}, {"news_url": "https://cryptopotato.com/bitcoin-touched-48k-terra-charted-new-all-time-high-above-100-market-watch/", "image_url": "https://crypto.snapi.dev/images/v1/j/6/terralunarocket-122570.jpg", "title": "Bitcoin Touched $48K, Terra Charted New All-Time High Above $100 (Market Watch)", "text": "Terra charted a new all-time high above $100, while Waves soared by more than 60% in a day to above $50.", "source_name": "CryptoPotato", "date": "Tue, 29 Mar 2022 04:53:15 -0400", "topics": [], "sentiment": "Positive", "type": "Article", "tickers": ["BTC", "LUNA"]}, {"news_url": "https://coinpedia.org/price-analysis/attention-traders-bitcoin-ethereum-xrp-price-to-hit-70k-6k-3-respectively-in-the-coming-2-months/", "image_url": "https://crypto.snapi.dev/images/v1/v/7/crypto17-122569.jpg", "title": "Attention Traders! Bitcoin, Ethereum, XRP Price to hit $70K, $6K, $3 Respectively in the Coming 2 Months!", "text": "Bitcoin price in the past week broke out from the ascending parallel channel and appears to be self-assured of smashing $50K at the earliest. Further, the price holds an important level at $50,640 which may ignite a strong uptrend towards the ATH. On the other hand, the Ethereum price is also attempting very hard to \u2026", "source_name": "CoinPedia", "date": "Tue, 29 Mar 2022 04:47:00 -0400", "topics": [], "sentiment": "Positive", "type": "Article", "tickers": ["BTC", "ETH", "XRP"]}, {"news_url": "https://www.investingcube.com/ripple-price-prediction-sec-vs-ripple-lawsuit-takes-a-new-turn/", "image_url": "https://crypto.snapi.dev/images/v1/a/h/xrp-12-122568.jpg", "title": "Ripple Price Prediction: SEC VS. Ripple Lawsuit Takes a New Turn", "text": "The case between U.S. Securities and Exchange Commission (SEC) and Ripple still has a lot of sway on Ripple's price.", "source_name": "InvestingCube", "date": "Tue, 29 Mar 2022 04:45:22 -0400", "topics": ["regulations"], "sentiment": "Neutral", "type": "Article", "tickers": ["XRP"]}, {"news_url": "https://www.benzinga.com/markets/cryptocurrency/22/03/26338182/bitcoin-bull-cathie-wood-picked-up-more-shares-in-this-crypto-exchange-on-monday?SNAPI", "image_url": "https://crypto.snapi.dev/images/v1/i/d/coinbase-mobile-splash-17-122586.png", "title": "Bitcoin Bull Cathie Wood Picked Up More Shares In This Crypto Exchange On Monday", "text": "Ark Investment Management, led by Bitcoin (CRYPTO: BTC) bull Cathie Wood, on Monday further raised its exposure in the cryptocurrency-linked fintech stock Coinbase Global Inc (NASDA", "source_name": "Benzinga", "date": "Tue, 29 Mar 2022 04:40:00 -0400", "topics": [], "sentiment": "Positive", "type": "Article", "tickers": ["BTC"]}, {"news_url": "https://u.today/solana-funds-see-record-breaking-amount-of-weekly-inflows?SNAPI", "image_url": "https://crypto.snapi.dev/images/v1/g/2/13646-122565.jpg", "title": "Solana Funds See Record-Breaking Amount of Weekly Inflows", "text": "Solana-based institutional investment products ruled the roost during the previous week, attracting a record-breaking amount of inflows", "source_name": "UToday", "date": "Tue, 29 Mar 2022 04:34:00 -0400", "topics": [], "sentiment": "Positive", "type": "Article", "tickers": ["SOL"]}, {"news_url": "https://beincrypto.com/bitcoin-btc-continues-to-climb-towards-long-term-resistance-near-51000/", "image_url": "https://crypto.snapi.dev/images/v1/y/q/bic-btc-increase-uptrend-122573.jpg", "title": "Bitcoin (BTC) Continues to Climb Towards Long-Term Resistance Near $51,000", "text": "Bitcoin (BTC) reached a high above $48,000 on March 28 and is now approaching an important resistance level near $51,000. The post Bitcoin (BTC) Continues to Climb Towards Long-Term Resistance Near $51,000 appeared first on BeInCrypto.", "source_name": "BeInCrypto", "date": "Tue, 29 Mar 2022 04:33:23 -0400", "topics": [], "sentiment": "Positive", "type": "Article", "tickers": ["BTC"]}, {"news_url": "https://www.benzinga.com/markets/cryptocurrency/22/03/26339194/worlds-largest-crypto-fund-considers-suing-sec-if-bitcoin-etf-is-rejected?SNAPI", "image_url": "https://crypto.snapi.dev/images/v1/x/6/pexels-olya-kobruseva-8358030-122581.jpg", "title": "World's Largest Crypto Fund Considers Suing SEC If Bitcoin ETF Is Rejected", "text": "Grayscale Investments, the world's largest cryptocurrency asset manager, isn't ruling out a legal battle with the SEC if a spot Bitcoin (CRYPTO: BTC) exchange-traded fund (ETF) stands rejected.", "source_name": "Benzinga", "date": "Tue, 29 Mar 2022 04:18:00 -0400", "topics": ["regulations"], "sentiment": "Negative", "type": "Article", "tickers": ["BTC"]}, {"news_url": "https://www.benzinga.com/markets/cryptocurrency/22/03/26338904/bitcoin-ethereum-altcoins-saw-193m-inflows-last-week-heres-the-region-most-bullish-on-cryp?SNAPI", "image_url": "https://crypto.snapi.dev/images/v1/o/2/32436429217-b94d6bd198-k-122582.jpg", "title": "Bitcoin, Ethereum, Altcoins Saw $193M Inflows Last Week: Here's Where Majority Of The Bullishness Is Coming From", "text": "Weekly inflows to cryptocurrency investment products totaled $193 million for the week ending March 26.", "source_name": "Benzinga", "date": "Tue, 29 Mar 2022 04:17:00 -0400", "topics": [], "sentiment": "Positive", "type": "Article", "tickers": ["BTC", "ETH"]}, {"news_url": "https://cryptonews.com/news/grayscale-would-consider-apa-lawsuit-if-sec-rejects-its-bitcoin-etf-conversion-application-says-ceo.htm", "image_url": "https://crypto.snapi.dev/images/v1/s/7/ms-1-122561.jpg", "title": "Grayscale Would Consider APA Lawsuit if SEC Rejects its Bitcoin ETF Conversion Application, Says CEO", "text": "The US-based major cryptoasset management firm Grayscale CEO Michael Sonnenshein has suggested that the fund manager may take legal actions against the US Securities and Exchange Commission (SEC) if the agency rejects the former's bid to convert its Bitcoin (BTC) trust into an exchange-traded fund (ETF).", "source_name": "Cryptonews", "date": "Tue, 29 Mar 2022 04:12:00 -0400", "topics": ["regulations"], "sentiment": "Negative", "type": "Article", "tickers": ["BTC"]}, {"news_url": "https://coinpedia.org/ethereum/ethereum-eth-price-on-the-verge-to-hit-4k-here-whats-leading-the-bullish-trend/", "image_url": "https://crypto.snapi.dev/images/v1/h/n/crypto15-122560.jpg", "title": "Ethereum (ETH) Price On The Verge To Hit $4k, Here What's Leading The Bullish Trend!", "text": "Since Ethereum has broken its crucial resistance barrier, the currency is on a streak of success. If the ETH price continues the rally, there are high chances that the altcoin will revisit the $4,000 level. Role of $3,150-level In Ethereum's Bull Rally! In just two weeks Ethereum has seen a surge of 34% and since \u2026", "source_name": "CoinPedia", "date": "Tue, 29 Mar 2022 04:03:19 -0400", "topics": [], "sentiment": "Positive", "type": "Article", "tickers": ["ETH"]}, {"news_url": "https://u.today/heres-how-bitcoin-may-reach-50000?SNAPI", "image_url": "https://crypto.snapi.dev/images/v1/r/a/13644-122559.jpg", "title": "Here's How Bitcoin May Reach $50,000", "text": "Bitcoin's way to $50,000 might not be as easy as it may seem", "source_name": "UToday", "date": "Tue, 29 Mar 2022 04:03:00 -0400", "topics": [], "sentiment": "Neutral", "type": "Article", "tickers": ["BTC"]}, {"news_url": "https://cryptopotato.com/cme-group-launched-micro-sized-bitcoin-and-ethereum-options/", "image_url": "https://crypto.snapi.dev/images/v1/l/l/cme-bitcoin-ethereum-122556.jpg", "title": "CME Group Launched Micro-sized Bitcoin and Ethereum Options", "text": "CME Group has officially launched micro options on Bitcoin and Ethereum futures.\u00a0", "source_name": "CryptoPotato", "date": "Tue, 29 Mar 2022 03:55:05 -0400", "topics": [], "sentiment": "Positive", "type": "Article", "tickers": ["BTC", "ETH"]}, {"news_url": "https://cointelegraph.com/news/bitcoin-a-nice-buy-at-47k-despite-macro-dangers-as-key-trendline-nears-research", "image_url": "https://crypto.snapi.dev/images/v1/w/7/840-ahr0chm6ly9zmy5jb2ludgvszwdyyxbolmnvbs91cgxvywrzlziwmjitmdmvotu2ytc3n2utymqyyi00mdc0ltkwyjctyji1mza4zju3nwrhlmpwzw-122557.jpg", "title": "Bitcoin a 'nice buy' at $47K despite macro dangers as key trendline nears \u2014 Research", "text": "Data from Bitcoin's Mayer Multiple suggests low risk/return conditions at current levels, but macro conditions still trouble long-term optimism.", "source_name": "Cointelegraph", "date": "Tue, 29 Mar 2022 03:54:34 -0400", "topics": [], "sentiment": "Neutral", "type": "Article", "tickers": ["BTC"]}, {"news_url": "https://coingape.com/?p=106279", "image_url": "https://crypto.snapi.dev/images/v1/c/w/canadamining-1024x536-122551.jpg", "title": "Canadian Prime Minister Candidate Promises Bitcoin And Blockchain Economy", "text": "Canadian Prime Minister Candidate Pierre Poilievre said a government led by him will be focusing to create a decentralized economy. Pierre Poilievre promises to utilize the potential of cryptocurrencies, such as Bitcoin and Ethereum, and blockchain technology.", "source_name": "Coingape", "date": "Tue, 29 Mar 2022 03:43:55 -0400", "topics": [], "sentiment": "Positive", "type": "Article", "tickers": ["BTC"]}, {"news_url": "https://www.newsbtc.com/news/bitcoin/why-bitcoin-could-see-a-2020-like-rally/", "image_url": "https://crypto.snapi.dev/images/v1/p/n/quantitatives-arg75lewn2a-unsplash-122550.jpg", "title": "Why Bitcoin Could See A 2020 Like Rally", "text": "After a rough couple of months, this week started with a strong upward movement from Bitcoin as the coin broke out above the $45,000 level on Monday to $48,215 before fluctuation, thus erasing yearly losses and anticipating a $50,000 target. Despite the decline over the year, a large amount of the coin was never sold.", "source_name": "NewsBTC", "date": "Tue, 29 Mar 2022 03:40:54 -0400", "topics": [], "sentiment": "Positive", "type": "Article", "tickers": ["BTC"]}, {"news_url": "https://beincrypto.com/grayscale-mulls-lawsuit-sec-bitcoin-spot-etf-rejected/", "image_url": "https://crypto.snapi.dev/images/v1/s/i/bic-grayscale-trust-fund-asset-02jpgoptimal-122558.jpg", "title": "Grayscale Mulls Lawsuit Against SEC if Bitcoin Spot ETF Gets Rejected", "text": "Grayscale may go so far as to file a lawsuit against the U.S. SEC if the latter does not approve its bitcoin spot ETF. The post Grayscale Mulls Lawsuit Against SEC if Bitcoin Spot ETF Gets Rejected appeared first on BeInCrypto.", "source_name": "BeInCrypto", "date": "Tue, 29 Mar 2022 03:37:08 -0400", "topics": ["regulations"], "sentiment": "Negative", "type": "Article", "tickers": ["BTC"]}, {"news_url": "https://cointelegraph.com/news/greenpeace-ripple-co-founder-campaigning-to-change-bitcoin-code", "image_url": "https://crypto.snapi.dev/images/v1/a/g/840-ahr0chm6ly9zmy5jb2ludgvszwdyyxbolmnvbs91cgxvywrzlziwmjitmdmvndy2ogi5ndytowmyzs00njm4lwfimzqtnzk3odbjmzkyntq1lmpwzw-122545.jpg", "title": "Greenpeace, Ripple co-founder campaigning to change Bitcoin code", "text": "Chris Larsen, co-founder of Ripple also joined in on the call, saying Bitcoin is the \u201coutlier\u201d now that Ethereum's model is set to change.", "source_name": "Cointelegraph", "date": "Tue, 29 Mar 2022 03:26:36 -0400", "topics": [], "sentiment": "Neutral", "type": "Article", "tickers": ["BTC"]}, {"news_url": "https://coinpedia.org/bitcoin/when-and-how-btc-price-will-hit-100k/", "image_url": "https://crypto.snapi.dev/images/v1/2/h/crypto14-122542.jpg", "title": "Bitcoin Dejavu: Here's When and How BTC Price Will Hit $100k", "text": "Bitcoin has now finally broken the barrier it has been trading since the start of 2022. In early January for the first time Bitcoin surged to hit $47,000 after it increased by 5%. But the bulls couldn't hold the position for too long and traced back. However, in the month of March bulls were back \u2026", "source_name": "CoinPedia", "date": "Tue, 29 Mar 2022 03:09:17 -0400", "topics": [], "sentiment": "Neutral", "type": "Article", "tickers": ["BTC"]}, {"news_url": "https://dailyhodl.com/2022/03/29/trader-who-nailed-bitcoin-crash-says-top-crypto-forming-pattern-that-preceded-massive-move-in-2019/", "image_url": "https://crypto.snapi.dev/images/v1/n/v/brandt-examines-btc-chartjpgfit10242c600ssl1-122552.jpg", "title": "Trader Who Nailed Bitcoin Crash Says Top Crypto Forming Pattern That Preceded Massive Move in 2019", "text": "Seasoned trader Peter Brandt is keeping a close eye on Bitcoin (BTC) as the leading crypto by market cap threatens to print fresh 2022 highs. The veteran trader, who is known for correctly calling Bitcoin's 2018 collapse, tells his 629,400 Twitter followers that Bitcoin's recent price action is reminiscent of its market structure in April [\u2026] The post Trader Who Nailed Bitcoin Crash Says Top Crypto Forming Pattern That Preceded Massive Move in 2019 appeared first on The Daily Hodl.", "source_name": "The Daily Hodl", "date": "Tue, 29 Mar 2022 03:04:25 -0400", "topics": [], "sentiment": "Negative", "type": "Article", "tickers": ["BTC"]}, {"news_url": "https://www.coindesk.com/business/2022/03/29/wisdomtree-launches-crypto-etps-for-solana-cardano-polkadot-in-europe/", "image_url": "https://crypto.snapi.dev/images/v1/b/k/4zpyvg526ba6hl62dfdzqp2uue-122541.jpeg", "title": "WisdomTree Launches Crypto ETPs for Solana, Cardano, Polkadot in Europe", "text": "Other ETP issuers are planning crypto-linked investment products that also yield staking returns.", "source_name": "Coindesk", "date": "Tue, 29 Mar 2022 03:00:00 -0400", "topics": [], "sentiment": "Positive", "type": "Article", "tickers": ["ADA", "DOT", "SOL"]}, {"news_url": "https://en.cryptonomist.ch/2022/03/29/deputy-energy-minister-calls-for-legalizing-bitcoin-mining-in-russia/", "image_url": "https://crypto.snapi.dev/images/v1/z/x/russia-bitcoin-300x200-122549.jpg", "title": "Deputy energy minister calls for legalizing Bitcoin mining in Russia", "text": "Russia, under the pressure of war, is pushing further and further into crypto territory", "source_name": "The Cryptonomist", "date": "Tue, 29 Mar 2022 02:43:32 -0400", "topics": ["mining"], "sentiment": "Neutral", "type": "Article", "tickers": ["BTC"]}, {"news_url": "https://thecurrencyanalytics.com/bitcoin/why-investors-continue-to-be-in-the-bitcoin-btc-gambling-game-40510.php", "image_url": "https://crypto.snapi.dev/images/v1/z/w/why-investors-continue-to-be-in-the-bitcoin-btc-gambling-game-122537.jpg", "title": "Why Investors Continue to be in the Bitcoin (BTC) Gambling Game?", "text": "Catch up on the latest crypto market news at The Currency Analytics. Do influencers run the Bitcoin Market?", "source_name": "The Currency Analytics", "date": "Tue, 29 Mar 2022 02:38:08 -0400", "topics": [], "sentiment": "Neutral", "type": "Article", "tickers": ["BTC"]}, {"news_url": "https://coinpedia.org/price-analysis/bitcoin-all-set-to-hit-50k-these-altcoins-may-be-the-best-bet-in-q2-2022/", "image_url": "https://crypto.snapi.dev/images/v1/o/a/crypto13-122536.jpg", "title": "Bitcoin All Set To Hit $50K, These Altcoins May Be the Best Bet in Q2 2022!", "text": "Bitcoin is showcasing immense strength and setting a notable path towards the much-awaited target of around $50,000. On the other hand, many altcoins are also showcasing extreme bullish momentum. The assets like Zilliqa(ZIL), Thorchain(RUNE), Decentralalnd(MANA), Terra(LUNA), Fantom(FTM), etc are displaying the possibility of a massive leg up. While ZIL price and LUNA price already ignited \u2026", "source_name": "CoinPedia", "date": "Tue, 29 Mar 2022 02:37:00 -0400", "topics": [], "sentiment": "Positive", "type": "Article", "tickers": ["BTC"]}, {"news_url": "https://crypto.news/crypto-market-terra-2830-bitcoin-btc-133m/", "image_url": "https://crypto.snapi.dev/images/v1/y/v/ethereum-binance-coin-polkadot-solana-avalanche-coins-122948.jpg", "title": "Crypto Market Rallies as Terra Buys 2,830 Bitcoin (BTC) worth $133M", "text": "The Terra Foundation has added 2,830 BTC (about $133.5 million) to its holdings, reaching the $10B in BTC milestone. Earlier on, OKLink discovered the Terra foundation's Bitcoin wallet address, which has about $1.3B worth of Bitcoin.", "source_name": "Crypto news", "date": "Tue, 29 Mar 2022 02:00:00 -0400", "topics": [], "sentiment": "Positive", "type": "Article", "tickers": ["BTC", "LUNA"]}, {"news_url": "https://cointelegraph.com/news/canadian-pm-candidate-supports-freedom-to-use-bitcoin-as-money", "image_url": "https://crypto.snapi.dev/images/v1/z/j/840-ahr0chm6ly9zmy5jb2ludgvszwdyyxbolmnvbs91cgxvywrzlziwmjitmdmvmjqzymfhzwutyzk0ny00zguylthjyzktzdk0n2jjmme1njc4lmpwzw-122530.jpg", "title": "Canadian PM candidate supports freedom to use Bitcoin as money", "text": "The Conservative candidate for Prime Minister believes Canadians should be free to use Bitcoin and other crypto assets as money in the Great White North.", "source_name": "Cointelegraph", "date": "Tue, 29 Mar 2022 01:53:01 -0400", "topics": [], "sentiment": "Positive", "type": "Article", "tickers": ["BTC"]}, {"news_url": "https://www.newsbtc.com/analysis/eth/ethereum-approaches-breakout-3400/", "image_url": "https://crypto.snapi.dev/images/v1/c/1/depositphotos-67114657-s-2019-1-122529.jpg", "title": "TA: Ethereum Approaches Next Breakout, Why ETH Might Surge Further", "text": "Ethereum is gaining pace above the $3,350 resistance against the US Dollar. ETH price could continue to rise and might even clear the $3,500 level.", "source_name": "NewsBTC", "date": "Tue, 29 Mar 2022 01:48:11 -0400", "topics": ["tanalysis"], "sentiment": "Positive", "type": "Article", "tickers": ["ETH"]}, {"news_url": "https://www.reuters.com/technology/cryptoverse-buoyant-bitcoin-helps-market-cruise-past-2-trillion-2022-03-29/", "image_url": "https://crypto.snapi.dev/images/v1/x/j/ib36y4zkdrljna3lrdqahs7ugm-122526.jpg", "title": "Cryptoverse: Buoyant bitcoin helps market cruise past $2 trillion", "text": "As a bleak first quarter draws to a close, crypto seems to have the wind in its sails. It has pushed through the $2 trillion barrier and is proving surprisingly resilient amid global chaos.", "source_name": "Reuters", "date": "Tue, 29 Mar 2022 01:13:10 -0400", "topics": [], "sentiment": "Positive", "type": "Article", "tickers": ["BTC"]}, {"news_url": "https://cryptonews.com/news/bitcoin-ethereum-consolidate-gains-luna-waves-rally.htm", "image_url": "https://crypto.snapi.dev/images/v1/n/l/crypto13-122536-122523.jpg", "title": "Bitcoin and Ethereum Consolidate Gains, LUNA and WAVES Rally", "text": "Bitcoin price remained in a positive zone above the USD 46,500 support zone and even tested the USD 48,000 level. It is currently (04:00 UTC) consolidating gains near USD 47,500 and eyeing more gains above the USD 48,000 level.", "source_name": "Cryptonews", "date": "Tue, 29 Mar 2022 00:44:00 -0400", "topics": [], "sentiment": "Positive", "type": "Article", "tickers": ["BTC", "ETH", "LUNA", "WAVES"]}, {"news_url": "https://coinpedia.org/price-analysis/this-is-when-xrp-price-is-expected-to-surge-above-1/", "image_url": "https://crypto.snapi.dev/images/v1/d/a/crypto10-122522.jpg", "title": "This is When XRP Price is Expected To Surge Above $1", "text": "The largest cryptocurrency by market cap, which is currently inching closer to $48k, has gained 14 percent in the last week and 4% in the last 24 hours. Bitcoin, on the other hand, has recovered almost all of its year-to-date losses, and has now touched the year's high of $47.9k. The entire crypto market is \u2026", "source_name": "CoinPedia", "date": "Tue, 29 Mar 2022 00:21:00 -0400", "topics": [], "sentiment": "Neutral", "type": "Article", "tickers": ["XRP"]}, {"news_url": "https://cryptopotato.com/grayscale-might-sue-the-sec-if-it-rejects-its-bitcoin-etf-application/", "image_url": "https://crypto.snapi.dev/images/v1/o/j/bitcoin-law-min-122520.jpg", "title": "Grayscale Might Sue The SEC If It Rejects Its Bitcoin ETF Application", "text": "Grayscale has all the options on the table when it comes to fighting to get its Bitcoin ETF approved \u2014and it might include suing the SEC.", "source_name": "CryptoPotato", "date": "Mon, 28 Mar 2022 23:50:11 -0400", "topics": ["regulations"], "sentiment": "Negative", "type": "Article", "tickers": ["BTC"]}, {"news_url": "https://tokenpost.com/Bitcoin-turns-positive-for-2022-as-BTC-rallies-above-47K-9558", "image_url": "https://crypto.snapi.dev/images/v1/o/u/202203293a38b3aca107ba0c2-122956.jpg", "title": "Bitcoin turns positive for 2022 as BTC rallies above $47K", "text": "Bitcoin, the worlds largest crypto by market cap, has finally erased its losses this year and turned positive for the first time. Major tokens such as Ether (ETH) and Cardano (ADA) continued their rally over the weekend with BTC soaring past $47,000 on Monday.", "source_name": "Tokenpost", "date": "Mon, 28 Mar 2022 23:12:52 -0400", "topics": [], "sentiment": "Positive", "type": "Article", "tickers": ["BTC"]}, {"news_url": "https://www.newsbtc.com/analysis/btc/bitcoin-to-50k/", "image_url": "https://crypto.snapi.dev/images/v1/n/f/shutterstock-567905164-122519.jpg", "title": "TA: Bitcoin Saw Key Technical Breakout: Big Reaction From Bulls Imminent", "text": "Bitcoin gained pace above the $47,000 resistance against the US Dollar. BTC is showing positive signs and might rally towards the $50,000 resistance zone.", "source_name": "NewsBTC", "date": "Mon, 28 Mar 2022 23:08:07 -0400", "topics": ["tanalysis"], "sentiment": "Positive", "type": "Article", "tickers": ["BTC"]}, {"news_url": "https://www.cryptopolitan.com/bitcoin-binance-coin-xrp-and-shiba-inu-daily-price-analyses-28-march-roundup/", "image_url": "https://crypto.snapi.dev/images/v1/g/h/roundup-1140-x-570-2022-mar-coinss-122518.png", "title": "Bitcoin, Binance Coin, XRP, and Shiba Inu Daily Price Analyses \u2013 28 March Roundup", "text": "TL;DR Breakdown The global crypto market continues the bullish rally, adding 1.78% over the last 24 hours. Bitcoin continues in a gaining mood, added 1.57% over the last 24 hours.", "source_name": "Cryptopolitan", "date": "Mon, 28 Mar 2022 23:06:25 -0400", "topics": [], "sentiment": "Neutral", "type": "Article", "tickers": ["BNB", "BTC", "SHIB", "XRP"]}, {"news_url": "https://ambcrypto.com/here-is-ripples-take-on-what-is-key-to-understanding-nft-collectors/", "image_url": "https://crypto.snapi.dev/images/v1/6/g/zach-key-rke6rxol14u-unsplash-2-122514.jpg", "title": "Here is Ripple's take on what is key to understanding NFT collectors", "text": "The entry and ascent of NFTs have completely changed the shape of the crypto-industry. Now, NFT creators, collectors, and analysts desperately want to understand the day's trends so that they can ensure the best possible returns on their investment.", "source_name": "AMBCrypto", "date": "Mon, 28 Mar 2022 22:30:16 -0400", "topics": ["NFT"], "sentiment": "Neutral", "type": "Article", "tickers": ["XRP"]}, {"news_url": "https://bitcoinmagazine.com/technical/supporting-access-to-bitcoin-for-everyone", "image_url": "https://crypto.snapi.dev/images/v1/k/b/seedsigner-bitcoin-wallet-components-122513.jpg", "title": "Building Access To Bitcoin For Everyone Featuring SeedSigner", "text": "Governments can try to stifle innovation, but open-source technology and engineering can help provide access to Bitcoin for everyone regardless.", "source_name": "Bitcoin Magazine", "date": "Mon, 28 Mar 2022 22:30:00 -0400", "topics": [], "sentiment": "Neutral", "type": "Article", "tickers": ["BTC"]}, {"news_url": "https://cointelegraph.com/news/grayscale-gears-up-for-legal-battle-with-sec-over-bitcoin-etf", "image_url": "https://crypto.snapi.dev/images/v1/0/v/840-ahr0chm6ly9zmy5jb2ludgvszwdyyxbolmnvbs91cgxvywrzlziwmjitmdmvzmrkmtk0ogqtzjljyi00mti0ltkwndatn2m4zjzlota0owq4lmpwzw-122511.jpg", "title": "Grayscale gears up for legal battle with SEC over Bitcoin ETF", "text": "\u201cI think all options are on the table,\u201d said the Grayscale CEO, adding that the company has put its \u201cfull resources\u201d into converting its flagship Bitcoin trust.", "source_name": "Cointelegraph", "date": "Mon, 28 Mar 2022 22:05:31 -0400", "topics": ["regulations"], "sentiment": "Negative", "type": "Article", "tickers": ["BTC"]}, {"news_url": "https://coinpedia.org/bitcoin/when-will-bitcoin-hit-the-much-anticipated-milestone-of-50k/", "image_url": "https://crypto.snapi.dev/images/v1/3/8/fe2e2-121950-122241-122510.jpg", "title": "When Will Bitcoin hit the Much-Anticipated Milestone of $50K?", "text": "The market is finally reflecting broad optimism, with Bitcoin finally breaking above the $45,000 resistance level that had held it back for months. Over the last 24 hours, the market has continued to rise, while Bitcoin and Ethereum, the market leaders, rose more than 6% in the last 24 hours, with sharp jumps higher.\u00a0 After \u2026", "source_name": "CoinPedia", "date": "Mon, 28 Mar 2022 22:04:26 -0400", "topics": [], "sentiment": "Positive", "type": "Article", "tickers": ["BTC"]}, {"news_url": "https://crypto.news/both-bitcoin-and-ethereum-have-reached-the-highest-supply-in-profit-this-year/", "image_url": "https://crypto.snapi.dev/images/v1/e/j/btc-eth-1-122950.jpg", "title": "Both Bitcoin and Ethereum Have Reached the Highest Supply in Profit This Year", "text": "Both Bitcoin and Ethereum demonstrate a sustainable growth, reaching the local peaks and generating high profits for their holders.", "source_name": "Crypto news", "date": "Mon, 28 Mar 2022 22:00:00 -0400", "topics": [], "sentiment": "Positive", "type": "Article", "tickers": ["BTC", "ETH"]}, {"news_url": "https://coinpedia.org/bitcoin/bitcoin-btc-resumes-a-hike-heres-what-is-fueling-the-rally/", "image_url": "https://crypto.snapi.dev/images/v1/h/k/bitcoin-movement-122067-122335-122509.jpg", "title": "Bitcoin (BTC) Resumes a Hike! Here's What is Fueling the Rally!", "text": "All major digital tokens were flying high on Monday, bolstering investor confidence. Bitcoin reached a three-month high, Dogecoin increased by almost 8%, and Avalanche increased by 6%. Shiba Inu and Ethereum both increased by 5%. Today's momentum has remained consistent. BTC Price Action The price of bitcoin soared to a new three-month high Monday, hitting \u2026", "source_name": "CoinPedia", "date": "Mon, 28 Mar 2022 21:55:07 -0400", "topics": [], "sentiment": "Positive", "type": "Article", "tickers": ["BTC"]}, {"news_url": "https://bitcoinmagazine.com/culture/the-fight-for-family-values-with-bitcoin", "image_url": "https://crypto.snapi.dev/images/v1/i/s/img-7116-122504.png", "title": "How Bitcoin Wins The Culture Wars In The Fight For Family Values", "text": "The hosts of the \u201cBitcoin Magazine Podcast\u201d discuss regulatory attacks on Bitcoin and the degradation of family values with Calvin Robinson.", "source_name": "Bitcoin Magazine", "date": "Mon, 28 Mar 2022 21:30:00 -0400", "topics": [], "sentiment": "Positive", "type": "Article", "tickers": ["BTC"]}, {"news_url": "https://coingape.com/?p=106254", "image_url": "https://crypto.snapi.dev/images/v1/u/r/terra-luna-logo-122499.jpeg", "title": "Terra Buys an Additional $135 Million Worth of Bitcoin (BTC), LUNA Price Hits $100", "text": "Bitcoin and the broader crypto market have bounced back strongly at the start of this new week as long-term holders continue to make strong accumulation. On the other hand, Terra continues with its strong Bitcoin accumulation as part of its strategy to back the UST stablecoin.", "source_name": "Coingape", "date": "Mon, 28 Mar 2022 21:03:43 -0400", "topics": [], "sentiment": "Positive", "type": "Article", "tickers": ["BTC", "LUNA"]}, {"news_url": "https://bitcoinmagazine.com/technical/challenges-with-syncing-older-bitcoin-versions", "image_url": "https://crypto.snapi.dev/images/v1/u/g/bitcoin-core-0180-release-heres-whats-new-122495.jpg", "title": "The Challenges With Fully Syncing Old Versions Of Bitcoin Core", "text": "Improvements in Bitcoin Core have led to an increase in the speed at which a Bitcoin node can fully sync and process all the data being added to the blockchain.", "source_name": "Bitcoin Magazine", "date": "Mon, 28 Mar 2022 20:30:00 -0400", "topics": [], "sentiment": "Neutral", "type": "Article", "tickers": ["BTC"]}, {"news_url": "https://www.benzinga.com/markets/cryptocurrency/22/03/26338028/bitcoin-ethereum-hold-firm-dogecoin-flat-watch-out-for-these-levels-as-crypto-bulls-make-a?SNAPI", "image_url": "https://crypto.snapi.dev/images/v1/m/y/bitcoin-crypto-currency-diagram-0-122500.jpg", "title": "Bitcoin, Ethereum Hold Firm, Dogecoin Flat: Watch Out For These Levels As Crypto Bulls Make A Comeback", "text": "Bitcoin and Ethereum traded firmly in the green on Monday evening as the global cryptocurrency market cap increased 1.2% to $2.1 trillion at press time.", "source_name": "Benzinga", "date": "Mon, 28 Mar 2022 20:18:00 -0400", "topics": [], "sentiment": "Positive", "type": "Article", "tickers": ["BTC", "DOGE", "ETH"]}, {"news_url": "https://coingape.com/?p=106251", "image_url": "https://crypto.snapi.dev/images/v1/5/g/bitcoin-vs-ethereum-122494.jpg", "title": "Bitcoin (BTC) Long Term Holder Accumulation Hits New High, Ethereum (ETH) Whales Addresses Increase", "text": "Two of the world's largest cryptocurrencies \u2013 Bitcoin and Ethereum \u2013 have made solid moves over the last weekend breaking past crucial resistances. BTC has surged all the way to $48,000 while ETH has been trading past $3,300 levels.", "source_name": "Coingape", "date": "Mon, 28 Mar 2022 20:16:08 -0400", "topics": ["whales"], "sentiment": "Positive", "type": "Article", "tickers": ["BTC", "ETH"]}, {"news_url": "https://www.theblockcrypto.com/linked/139638/bitcoin-miner-iris-energy-secures-71-million-in-equipment-financing", "image_url": "https://crypto.snapi.dev/images/v1/2/q/211019-crypto-bitcoin-mining-general2-800x450-123010.jpg", "title": "Bitcoin miner Iris Energy secures $71 million in equipment financing", "text": "Mining firm Iris Energy secured $71 million in funding for new equipment. The post Bitcoin miner Iris Energy secures $71 million in equipment financing appeared first on The Block.", "source_name": "The Block", "date": "Mon, 28 Mar 2022 19:08:37 -0400", "topics": ["mining"], "sentiment": "Neutral", "type": "Article", "tickers": ["BTC"]}, {"news_url": "https://www.youtube.com/watch?v=37ta6P5ufrw", "image_url": "https://crypto.snapi.dev/images/v1/h/w/crypto-report-bitcoins-stealth-rally-122487.jpg", "title": "Crypto Report: Bitcoin's Stealth Rally", "text": "Bloomberg's Sonali Basak joins Emily Chang for a deep dive into how crypto markets have acted since the start of the war in Ukraine, and what other hurdles Bitcoin is facing ahead. Plus, how NFT sales are doing after their recent slump.", "source_name": "Bloomberg Technology", "date": "Mon, 28 Mar 2022 19:02:45 -0400", "topics": [], "sentiment": "Positive", "type": "Video", "tickers": ["BTC"]}, {"news_url": "https://www.newsbtc.com/analysis/eth/outflows-remain-the-order-of-the-day-as-ethereum-crosses-3300/", "image_url": "https://crypto.snapi.dev/images/v1/1/d/eth-122483.png", "title": "Outflows Remain The Order Of The Day As Ethereum Crosses $3,300", "text": "Ethereum has now cemented its position above the hard-won $3,000 level. This signals another bull rally for the digital asset given how the market has responded to its recent surge.", "source_name": "NewsBTC", "date": "Mon, 28 Mar 2022 19:00:57 -0400", "topics": [], "sentiment": "Positive", "type": "Article", "tickers": ["ETH"]}, {"news_url": "https://cointelegraph.com/news/bitcoin-price-surges-but-derivatives-metrics-reflect-pro-trader-s-neutral-sentiment", "image_url": "https://crypto.snapi.dev/images/v1/j/d/840-ahr0chm6ly9zmy5jb2ludgvszwdyyxbolmnvbs91cgxvywrzlziwmjitmdmvyzm0ytg5ztctmznmzc00ntkyltg4n2etyzi5n2yxotawmzyzlmpwzw-122485.jpg", "title": "Bitcoin price surges, but derivatives metrics reflect pro trader's neutral sentiment", "text": "BTC and ETH prices are in a clear bull trend, but derivatives data shows pro traders haven't turned into bulls just yet.", "source_name": "Cointelegraph", "date": "Mon, 28 Mar 2022 19:00:00 -0400", "topics": [], "sentiment": "Positive", "type": "Article", "tickers": ["BTC"]}, {"news_url": "https://bitcoinmagazine.com/industry-events/jordan-peterson-at-bitcoin-2022", "image_url": "https://crypto.snapi.dev/images/v1/a/w/20220328-btcfinal-jessewillmsjordanpetersonbitcoin-122482.png", "title": "Why Jordan Peterson Will Be A Big Hit At Bitcoin 2022", "text": "Peterson is set to speak at what will be the largest gathering of Bitcoiners ever in a celebration of sovereignty.", "source_name": "Bitcoin Magazine", "date": "Mon, 28 Mar 2022 19:00:00 -0400", "topics": [], "sentiment": "Neutral", "type": "Article", "tickers": ["BTC"]}, {"news_url": "https://www.youtube.com/watch?v=B3RfsSIxH5w", "image_url": "https://crypto.snapi.dev/images/v1/g/0/bitcoin-bounces-but-will-the-rally-last-122480.jpg", "title": "Bitcoin bounces, but will the rally last?", "text": "Michael Sonnenshein, Grayscale CEO, on whether bitcoin's rally will last. With CNBC's Melissa Lee and the Fast Money traders, Tim Seymour, Karen Finerman, Steve Grasso and Mike Khouw.", "source_name": "CNBC Television", "date": "Mon, 28 Mar 2022 18:44:20 -0400", "topics": [], "sentiment": "Positive", "type": "Video", "tickers": ["BTC"]}, {"news_url": "https://ambcrypto.com/analysts-united-over-bitcoin-what-does-it-mean-for-btc-holders/", "image_url": "https://crypto.snapi.dev/images/v1/d/8/bermix-studio-ax1hn4und-i-unsplash-e1648379734581-122476.jpg", "title": "Analysts divided over Bitcoin but what does it mean for BTC holders", "text": "As Bitcoin struggles to claim its status as a safe haven, analysts seem divided. On the other hand, Bitcoin maximalists have been undeterred by market swings to consider BTC as the \u2018new gold.", "source_name": "AMBCrypto", "date": "Mon, 28 Mar 2022 18:30:31 -0400", "topics": [], "sentiment": "Neutral", "type": "Article", "tickers": ["BTC"]}, {"news_url": "https://dailyhodl.com/2022/03/28/bitcoin-btc-gearing-up-for-strong-rally-according-to-top-crypto-strategist-heres-his-target/", "image_url": "https://crypto.snapi.dev/images/v1/b/3/little-rocky-for-bitcoinjpgfit10242c600ssl1-122478.jpg", "title": "Bitcoin (BTC) Gearing Up for Strong Rally, According to Top Crypto Strategist \u2013 Here's His Target", "text": "A closely followed crypto strategist and trader says that Bitcoin is one resistance away from igniting a strong move up that can take BTC to fresh 2022 highs. In a new strategy session, pseudonymous analyst Cred says that Bitcoin is approaching a level that bulls must take out to open the door for a sustained [\u2026] The post Bitcoin (BTC) Gearing Up for Strong Rally, According to Top Crypto Strategist \u2013 Here's His Target appeared first on The Daily Hodl.", "source_name": "The Daily Hodl", "date": "Mon, 28 Mar 2022 18:05:04 -0400", "topics": [], "sentiment": "Positive", "type": "Article", "tickers": ["BTC"]}, {"news_url": "https://bitcoinmagazine.com/culture/early-to-bitcoin-effective-orange-pill", "image_url": "https://crypto.snapi.dev/images/v1/w/r/orange-pills-122471.jpg", "title": "Early To Bitcoin \u2014 How To More Effectively Orange-Pill Your Friends and Family", "text": "Sharing Bitcoin with people can sometimes be difficult, so here are some tips on how to do so.", "source_name": "Bitcoin Magazine", "date": "Mon, 28 Mar 2022 18:02:34 -0400", "topics": [], "sentiment": "Neutral", "type": "Article", "tickers": ["BTC"]}, {"news_url": "https://dailyhodl.com/2022/03/28/confident-crypto-whales-behind-bitcoin-btc-explosion-according-to-analyst-nicholas-merten/", "image_url": "https://crypto.snapi.dev/images/v1/p/t/whales-behind-bitcoin-explosionjpgfit10242c600ssl1-122479.jpg", "title": "Confident Crypto Whales Behind Bitcoin (BTC) Explosion, According to Analyst Nicholas Merten", "text": "A popular crypto analyst is identifying big players in the crypto world as likely being responsible for the market's recent rip to the upside. In a new strategy session, Nicholas Merten tells his 514,000 YouTube subscribers that whales and other institutional investors not selling their Bitcoin, despite macroeconomic and geopolitical uncertainty is the catalyst behind [\u2026] The post Confident Crypto Whales Behind Bitcoin (BTC) Explosion, According to Analyst Nicholas Merten appeared first on The Daily Hodl.", "source_name": "The Daily Hodl", "date": "Mon, 28 Mar 2022 18:01:00 -0400", "topics": ["whales"], "sentiment": "Positive", "type": "Article", "tickers": ["BTC"]}, {"news_url": "https://bitcoinist.com/hacker-solana-cashio-will-return-part-stolen-funds/", "image_url": "https://crypto.snapi.dev/images/v1/1/u/solana-sol-solusdt-640x376-122469.jpg", "title": "Update: Hacker Of Solana Based Cashio Will Return Part Of Stolen Funds", "text": "The team behind Cashio, a Solana-based dApp that was hacked last week, published a postmortem report on the attack. In one of the biggest hacks on this network, the bad actors managed to steal $50 million by exploiting a vulnerability on the dApp.", "source_name": "Bitcoinist", "date": "Mon, 28 Mar 2022 18:00:46 -0400", "topics": [], "sentiment": "Negative", "type": "Article", "tickers": ["CASH", "SOL"]}, {"news_url": "https://www.newsbtc.com/news/ethereum/only-in-crypto-a-croissant-explains-ethereum-hottest-trends-post-merge/", "image_url": "https://crypto.snapi.dev/images/v1/9/d/croissant-122468.jpeg", "title": "Only In Crypto: A Croissant Explains Ethereum Hottest Trends Post Merge", "text": "Ethereum trends are higher as it reclaimed the mid-area at around $3,000. The second crypto by market cap stands as the third-best performer in the top 10 by market capitalization.", "source_name": "NewsBTC", "date": "Mon, 28 Mar 2022 18:00:42 -0400", "topics": [], "sentiment": "Neutral", "type": "Article", "tickers": ["ETH"]}, {"news_url": "https://www.youtube.com/watch?v=Q4fJq6N7gfM", "image_url": "https://crypto.snapi.dev/images/v1/h/p/btc-breaks-47k-as-russia-ukraine-war-continues-122475.jpg", "title": "BTC Breaks $47K as Russia-Ukraine War Continues", "text": "Noelle Acheson, Genesis Global Trading head of market insights, discusses the recent upswing in the crypto markets, possibly driven by the Luna Foundation Guard's heavy BTC purchases in the open market. Plus, a conversation on how the Russia-Ukraine War can shift the state of the market and why there is an increased interest in ETH among investors.", "source_name": "Coindesk", "date": "Mon, 28 Mar 2022 18:00:10 -0400", "topics": [], "sentiment": "Neutral", "type": "Video", "tickers": ["BTC"]}, {"news_url": "https://decrypt.co/96256/bitcoin-wipes-away-2022-losses-heres-why", "image_url": "https://crypto.snapi.dev/images/v1/b/p/bitcoin-trampoline-bounce-gid-4-122466.jpeg", "title": "Bitcoin Has Now Wiped Away 2022 Losses\u2014Here's Why", "text": "As Bitcoin recoups its 2022 losses, analysts point to macro events in the market, like D.C. regulators, stablecoin chatter, and fading worries about COVID.", "source_name": "Decrypt", "date": "Mon, 28 Mar 2022 17:42:20 -0400", "topics": [], "sentiment": "Positive", "type": "Article", "tickers": ["BTC"]}, {"news_url": "https://ambcrypto.com/ethereum-heres-the-bullish-case-for-a-run-up-to-4000/", "image_url": "https://crypto.snapi.dev/images/v1/7/k/ethereum-3818347-1280-122458.jpg", "title": "Ethereum \u2013 Here's the bullish case for a run-up to $4000", "text": "Ethereum's price has been on a roll after it moved past a crucial resistance barrier. If the bulls can sustain the recent run-up, there is a good chance ETH will revisit $4,000 with more opportunity for gains.", "source_name": "AMBCrypto", "date": "Mon, 28 Mar 2022 17:30:09 -0400", "topics": [], "sentiment": "Positive", "type": "Article", "tickers": ["ETH"]}, {"news_url": "https://www.youtube.com/watch?v=aa_TS8D9nmU", "image_url": "https://crypto.snapi.dev/images/v1/m/m/mitt-blockchain-ceo-people-are-seeing-viability-of-bitcoin-122467.jpg", "title": "Mitt Blockchain CEO: People are seeing viability of bitcoin", "text": "Mitt Blockchain CEO Grant Mitterlehner discusses Tesla as the company moves to split stock and what's driving bitcoin's growth. Subscribe to Fox Business!", "source_name": "Fox Business", "date": "Mon, 28 Mar 2022 17:30:01 -0400", "topics": [], "sentiment": "Positive", "type": "Video", "tickers": ["BTC"]}, {"news_url": "https://cointelegraph.com/news/analysts-say-bitcoin-daily-close-above-48k-opens-a-clear-path-to-a-new-all-time-high", "image_url": "https://crypto.snapi.dev/images/v1/r/g/840-ahr0chm6ly9zmy5jb2ludgvszwdyyxbolmnvbs91cgxvywrzlziwmjitmdmvntkzymq1zdatmte1oc00mtcxlwjlmditm2vkzjfmmtq1y2nilmpwzwc-122459.jpeg", "title": "Analysts say Bitcoin daily close above $48K opens a clear path to a new all-time high", "text": "Analysts say Bitcoin's surge above $48,000 is the clear macro trend change that traders have been waiting for, but are new all-time highs on the way?", "source_name": "Cointelegraph", "date": "Mon, 28 Mar 2022 17:28:59 -0400", "topics": [], "sentiment": "Positive", "type": "Article", "tickers": ["BTC"]}, {"news_url": "https://coingape.com/?p=106235", "image_url": "https://crypto.snapi.dev/images/v1/l/r/8c6ee4ab-9ee0-457a-b763-35b9a40222f2-122457.jpeg", "title": "Grayscale May Sue SEC If It Rejects Its Bitcoin ETF Again- CEO Sonnenshein", "text": "With the US Securities and Exchange Commission (SEC) reluctant to approve a Bitcoin spot exchange traded fund (ETF) application, one of the companies whose application is before the regulator has revealed that it could be willing to sue the agency if it continues to reject applications. All options are on table Michael Sonnenshein, the CEO The post Grayscale May Sue SEC If It Rejects Its Bitcoin ETF Again- CEO Sonnenshein appeared first on CoinGape.", "source_name": "Coingape", "date": "Mon, 28 Mar 2022 17:27:04 -0400", "topics": ["regulations"], "sentiment": "Negative", "type": "Article", "tickers": ["BTC"]}, {"news_url": "https://decrypt.co/96244/world-of-women-galaxy-ethereum-nft-drop-79m", "image_url": "https://crypto.snapi.dev/images/v1/w/o/world-of-women-galaxy-nft-gid-7-122462.png", "title": "World of Women Galaxy Ethereum NFT Drop Generates $79M in a Day", "text": "The rising World of Women NFT project gets a sci-fi twist with its new Galaxy collection\u2014and it's selling like hotcakes.", "source_name": "Decrypt", "date": "Mon, 28 Mar 2022 17:14:52 -0400", "topics": ["NFT"], "sentiment": "Neutral", "type": "Article", "tickers": ["ETH"]}, {"news_url": "https://ambcrypto.com/polkadot-dot-is-22-hike-first-step-towards-recovering-2022s-losses/", "image_url": "https://crypto.snapi.dev/images/v1/8/v/child-3432416-1280-e1648465757588-122445.jpg", "title": "Polkadot [DOT] \u2013 Is 22% hike first step towards recovering 2022's losses", "text": "With Bitcoin changing the market's mood today, multiple altcoins have skyrocketed. Some others like Polkadot have noted sustainable hikes too, adding to its already impressive performance.", "source_name": "AMBCrypto", "date": "Mon, 28 Mar 2022 16:30:26 -0400", "topics": [], "sentiment": "Positive", "type": "Article", "tickers": ["DOT"]}, {"news_url": "https://cointelegraph.com/news/price-analysis-3-28-btc-eth-bnb-xrp-ada-luna-sol-avax-dot-doge", "image_url": "https://crypto.snapi.dev/images/v1/5/q/840-ahr0chm6ly9zmy5jb2ludgvszwdyyxbolmnvbs91cgxvywrzlziwmjitmdmvmmy5m2m4n2qtyte1mi00yzy5ltkymjitmmnkmduwyzu4odqxlmpwzw-122441.jpg", "title": "Price analysis 3/28: BTC, ETH, BNB, XRP, ADA, LUNA, SOL, AVAX, DOT, DOGE", "text": "Bitcoin and select altcoins are showing signs of starting a new uptrend, indicating that the sentiment may have turned from selling on rallies to buying on dips.", "source_name": "Cointelegraph", "date": "Mon, 28 Mar 2022 16:13:37 -0400", "topics": ["tanalysis"], "sentiment": "Neutral", "type": "Article", "tickers": ["ADA", "AVAX", "BNB", "BTC", "DOGE", "LUNA", "SOL", "XRP", "DOT", "ETH"]}, {"news_url": "https://dailyhodl.com/2022/03/28/russia-open-to-accepting-bitcoin-in-exchange-for-oil-according-to-energy-commissioner-report/", "image_url": "https://crypto.snapi.dev/images/v1/k/j/vays-says-bitcoin-likelyjpgfit10242c600ssl1-122448.jpg", "title": "Russia Open to Accepting Bitcoin in Exchange for Oil, According to Energy Commissioner: Report", "text": "A high-ranking Russian official says that the nation is considering accepting Bitcoin (BTC) as payment for its fuel exports. According to a new report by the BBC, Zavalny, who is the Chairman of Russia's Energy Committee, says that nations that are considered \u201cfriendly\u201d toward Russia can pay for oil and gas using their own currencies. [\u2026] The post Russia Open to Accepting Bitcoin in Exchange for Oil, According to Energy Commissioner: Report appeared first on The Daily Hodl.", "source_name": "The Daily Hodl", "date": "Mon, 28 Mar 2022 16:00:02 -0400", "topics": [], "sentiment": "Positive", "type": "Article", "tickers": ["BTC"]}, {"news_url": "https://beincrypto.com/bitcoin-is-35-since-russias-invasion-of-ukraine/", "image_url": "https://crypto.snapi.dev/images/v1/8/6/ukraine-russia-btc-122443.png", "title": "Bitcoin Has Risen 35% Since Russia's Invasion of Ukraine, With Next Resistance Level at $52K", "text": "After Russian President Vladimir Putin declared war on Ukraine on Feb. 24, 2022, a rapid sell-off occurred in the crypto market, resulting in over $500M in losses, followed by an uptrend in price. The post Bitcoin Has Risen 35% Since Russia's Invasion of Ukraine, With Next Resistance Level at $52K appeared first on BeInCrypto.", "source_name": "BeInCrypto", "date": "Mon, 28 Mar 2022 16:00:00 -0400", "topics": [], "sentiment": "Positive", "type": "Article", "tickers": ["BTC"]}, {"news_url": "https://decrypt.co/96239/grayscale-considers-flipping-script-suing-sec-bitcoin-etf", "image_url": "https://crypto.snapi.dev/images/v1/6/2/webpnet-resizeimage29-gid-5-122437.jpg", "title": "Grayscale Considers Flipping the Script and Suing SEC Over Bitcoin ETF", "text": "\"I think all options are on the table,\" Grayscale CEO Michael Sonnenshein told Bloomberg.", "source_name": "Decrypt", "date": "Mon, 28 Mar 2022 15:51:50 -0400", "topics": ["regulations"], "sentiment": "Negative", "type": "Article", "tickers": ["BTC"]}, {"news_url": "https://www.fool.com/investing/2022/03/28/why-bitcoin-ethereum-and-solana-all-jumped-today/", "image_url": "https://crypto.snapi.dev/images/v1/3/f/3fvfe2de32-122439.", "title": "Why Bitcoin, Ethereum, and Solana All Jumped Today", "text": "Could stronger government regulation be good news for cryptocurrencies?", "source_name": "The Motley Fool", "date": "Mon, 28 Mar 2022 15:38:27 -0400", "topics": [], "sentiment": "Positive", "type": "Article", "tickers": ["BTC", "ETH", "SOL"]}, {"news_url": "https://ambcrypto.com/could-this-be-the-beginning-of-an-extended-recovery-for-ethereum/", "image_url": "https://crypto.snapi.dev/images/v1/k/q/untitled-design-1-4-122429.png", "title": "Could this be the beginning of an extended recovery for Ethereum", "text": "As predicted in the previous article, ETH continued its upturn and toppled its long-term liquidity range (Point of Control/POC) and the 200 EMA (green) over the past two days. Now, ETH aimed at a possible test of its POC before continuing its upturn.", "source_name": "AMBCrypto", "date": "Mon, 28 Mar 2022 15:30:07 -0400", "topics": [], "sentiment": "Positive", "type": "Article", "tickers": ["ETH"]}, {"news_url": "https://www.youtube.com/watch?v=G1bTeJbqgzU", "image_url": "https://crypto.snapi.dev/images/v1/o/n/bitcoin-surges-past-47000-to-turn-positive-for-2022-after-weekend-rally-cnbc-crypto-world-122436.jpg", "title": "Bitcoin surges past $47,000 to turn positive for 2022 after weekend rally: CNBC Crypto World", "text": "CNBC Crypto World features the latest news and daily trading updates from the digital currency markets and provides viewers with a look at what's ahead with high-profile interviews, explainers, and unique stories from the ever-changing crypto industry. On today's show, CNBC's Ryan Browne reports on upcoming crypto regulation from the U.K. finance minister.", "source_name": "CNBC Television", "date": "Mon, 28 Mar 2022 15:28:37 -0400", "topics": [], "sentiment": "Positive", "type": "Video", "tickers": ["BTC"]}, {"news_url": "https://www.benzinga.com/markets/cryptocurrency/22/03/26332003/bitcoin-ethereum-continue-to-chug-higher-confirming-long-term-trend-change-how-to-trade-it?SNAPI", "image_url": "https://crypto.snapi.dev/images/v1/u/w/btc-6272696-1920-1-122442.jpg", "title": "Bitcoin, Ethereum Continue To Chug Higher, Confirming Long-Term Trend Change: How To Trade It", "text": "Bitcoin (CRYPTO: BTC) and Ethereum (CRYPTO: ETH) confirmed weekly uptrends on Sunday after trading in daily uptrends since March 14, when the cryptos bounced up from the $37,560 and $2,499 levels, respectively,", "source_name": "Benzinga", "date": "Mon, 28 Mar 2022 15:16:00 -0400", "topics": [], "sentiment": "Positive", "type": "Article", "tickers": ["BTC", "ETH"]}, {"news_url": "https://cryptoslate.com/bitcoin-flirting-with-48000-as-hodlers-kept-buying-throughout-q1/", "image_url": "https://crypto.snapi.dev/images/v1/m/n/crypto-market-update-122422.jpg", "title": "Bitcoin flirting with $48,000 as hodlers kept buying throughout Q1", "text": "Long-term hodler have kept accumulating \u00a0during the whole of the first quarter of 2022, and they are a big reason behind the bull run of the past week. The post Bitcoin flirting with $48,000 as hodlers kept buying throughout Q1 appeared first on CryptoSlate.", "source_name": "CryptoSlate", "date": "Mon, 28 Mar 2022 15:11:17 -0400", "topics": [], "sentiment": "Positive", "type": "Article", "tickers": ["BTC"]}, {"news_url": "https://www.cryptopolitan.com/bitcoin-ethereum-chainlink-and-tron-daily-price-analyses-28-march-morning-price-prediction/", "image_url": "https://crypto.snapi.dev/images/v1/j/7/bitcoin-price-up-inkjpegoptimal-122117-122416.jpeg", "title": "Bitcoin, Ethereum, Chainlink, and Tron Daily Price Analyses \u2013 28 March Morning Price Prediction", "text": "TL;DR Breakdown The global crypto market continues its gains, adding 5.37% over the last 24 hours. Bitcoin is also in gains, adding 5.67% over the last 24 hours.", "source_name": "Cryptopolitan", "date": "Mon, 28 Mar 2022 15:01:16 -0400", "topics": [], "sentiment": "Neutral", "type": "Article", "tickers": ["BTC", "ETH", "LINK", "TRX"]}, {"news_url": "https://www.newsbtc.com/news/bitcoin/bitcoin-whale-inflows-historic-bear-signal/", "image_url": "https://crypto.snapi.dev/images/v1/u/f/peter-neumann-jzrlnfsdcj0-unsplash-scaled-122415.jpg", "title": "Data: Bitcoin Top 10 Whale Inflows Form Historic Bear Signal", "text": "On-chain data shows the top 10 Bitcoin whale inflows are forming a historic bear signal right now, something that could spell trouble for the new rally. Bitcoin Top 10 Exchange Inflows (Whales) Form A Peak Recently As pointed out by an analyst in a CryptoQuant post, the BTC top ten exchange inflows have showed a bearish formation recently.", "source_name": "NewsBTC", "date": "Mon, 28 Mar 2022 15:00:54 -0400", "topics": ["whales"], "sentiment": "Neutral", "type": "Article", "tickers": ["BTC"]}, {"news_url": "https://www.dcforecasts.com/altcoin-news/crypto-market-cap-hit-2-1-trillion-with-140m-in-btc-shorts-liquidated/", "image_url": "https://crypto.snapi.dev/images/v1/w/u/photo-1554386690-ddcab0b98d1d-1000x600-121927-122414.webp", "title": "Crypto Market Cap Hit $2.1 Trillion With $140M In BTC Shorts Liquidated", "text": "The crypto market cap hit $2.1 trillion after $140 million in BTC shorts were liquidated due to a wide rally on the markets as we are reading more in our latest crypto news today. Some altcoins like Filecoin and the Internet Computer saw double-digit gains over the past day.", "source_name": "DCForecasts", "date": "Mon, 28 Mar 2022 15:00:27 -0400", "topics": [], "sentiment": "Neutral", "type": "Article", "tickers": ["BTC"]}, {"news_url": "https://cryptopotato.com/first-time-since-november-bitcoin-fear-and-greed-index-shows-greed-as-btc-soared/", "image_url": "https://crypto.snapi.dev/images/v1/a/q/bitcoin-green-cover-122412.jpg", "title": "First Time Since November: Bitcoin Fear and Greed Index Shows Greed as BTC Soared", "text": "Market sentiment has flipped firmly greedy following Bitcoin's return to highs from early January. Analysts agree that it's a good time to be bullish.", "source_name": "CryptoPotato", "date": "Mon, 28 Mar 2022 15:00:26 -0400", "topics": [], "sentiment": "Neutral", "type": "Article", "tickers": ["BTC"]}, {"news_url": "https://bitcoinmagazine.com/culture/bitcoin-meetups-in-india-attract-hodlers", "image_url": "https://crypto.snapi.dev/images/v1/t/7/bitcoin-price-analysis-2022-03-26-121894-122413.png", "title": "Bitcoin Meetup In A Country Known For Its Self-Custodial Culture", "text": "Bitcoin meetups in India provide a way for Bitcoin users to gather and engage about a large collection of topics and meet people in various regions.", "source_name": "Bitcoin Magazine", "date": "Mon, 28 Mar 2022 15:00:00 -0400", "topics": [], "sentiment": "Neutral", "type": "Article", "tickers": ["BTC"]}, {"news_url": "https://www.youtube.com/watch?v=hgDMAAtUKgk", "image_url": "https://crypto.snapi.dev/images/v1/w/h/kanchanara-y7bzimidwos-unsplash-631x420-120832-121224-121653-122019-122411.jpg", "title": "Bitcoin Breaks Above $46K with Resistance at $48K-$51K, the Great Crypto Flippening Debate", "text": "\"All About Bitcoin\" host Christine Lee speaks to Valkyrie Head of Research Josh Olszewicz for his take on the bitcoin markets as the digital gold breaks above $47K in high trading volumes. Plus, insights on the debate of crypto flippening from Abra CEO Bill Barhydt.", "source_name": "Coindesk", "date": "Mon, 28 Mar 2022 14:51:45 -0400", "topics": ["tanalysis"], "sentiment": "Positive", "type": "Video", "tickers": ["BTC"]}], "total_pages": 42}