{"data": [{"news_url": "https://dailyhodl.com/2022/03/07/ripple-wants-to-end-xrp-lawsuit-by-september-of-this-year-attorney-jeremy-hogan/", "image_url": "https://crypto.snapi.dev/images/v1/a/m/end-xrp-lawsuitjpgfit10242c600ssl1-115387.jpg", "title": "Ripple Wants To End XRP Lawsuit by September of This Year: Attorney Jeremy Hogan", "text": "Ripple Labs wants to end its lawsuit with the U.S. Securities and Exchange Commission (SEC) by September or October of 2022, according to a closely followed crypto legal expert. The SEC sued Ripple in December of 2020 on the allegation that XRP was sold as an unregistered security. According to Jeremy Hogan, an attorney known [\u2026] The post Ripple Wants To End XRP Lawsuit by September of This Year: Attorney Jeremy Hogan appeared first on The Daily Hodl.", "source_name": "The Daily Hodl", "date": "Mon, 07 Mar 2022 15:55:41 -0500", "topics": [], "sentiment": "Neutral", "type": "Article", "tickers": ["XRP"]}, {"news_url": "https://coingape.com/?p=103291", "image_url": "https://crypto.snapi.dev/images/v1/c/r/crypto-trade-defi-114105-115093-115364.jpg", "title": "Ethereum Based NFT Platform Immutable Raises $200 Million In Series C", "text": "Investors are not slowing down in betting on the growth of the Non-Fungible Token (NFT) market. Immutable, an Australian NFT startup, has completed a series C funding round in which it raised $200 million to reach a valuation of $2.5 billion.", "source_name": "Coingape", "date": "Mon, 07 Mar 2022 15:25:09 -0500", "topics": ["NFT"], "sentiment": "Neutral", "type": "Article", "tickers": ["ETH"]}, {"news_url": "https://www.cryptoninjas.net/2022/03/07/deribit-begins-rollout-of-its-usdc-priced-suite-of-perpetuals-with-btc-usdc/", "image_url": "https://crypto.snapi.dev/images/v1/d/e/deribit-usdc-cryptoninjas-115470.png", "title": "Deribit begins rollout of its USDC priced suite of perpetuals with BTC-USDC", "text": "Deribit, the popular crypto derivatives exchange, has announced the launch and first listing commencement of its USDC priced and margined products. Coming up this Wednesday, March 9th at 1 PM UTC, a BTC-USDC-perpetual will be listed.", "source_name": "CryptoNinjas", "date": "Mon, 07 Mar 2022 15:15:13 -0500", "topics": [], "sentiment": "Neutral", "type": "Article", "tickers": ["BTC", "USDC"]}, {"news_url": "https://www.benzinga.com/markets/cryptocurrency/22/03/26025441/why-bitcoin-ethereum-and-dogecoin-could-soar-30-on-a-break-of-this-pattern?SNAPI", "image_url": "https://crypto.snapi.dev/images/v1/v/a/ethereum-doge-bitcoin-115358.jpg", "title": "Why Bitcoin, Ethereum And Dogecoin Could Soar 30% On A Break Of This Pattern", "text": "Bitcoin (CRYPTO: BTC) and Ethereum (CRYPTO: ETH) were trading about 3% lower on Monday afternoon, while Dogecoin (CRYPTO: DOGE) was falling over 4%.", "source_name": "Benzinga", "date": "Mon, 07 Mar 2022 15:08:00 -0500", "topics": [], "sentiment": "Positive", "type": "Article", "tickers": ["BTC", "DOGE", "ETH"]}, {"news_url": "https://thecurrencyanalytics.com/altcoins/nft-marketplace-solana-magic-eden-launching-a-dao-39668.php", "image_url": "https://crypto.snapi.dev/images/v1/w/k/sol-9-111955-115356.jpg", "title": "NFT Marketplace Solana Magic Eden Launching a DAO", "text": "Catch up on the latest crypto market news at The Currency Analytics. Solana is a web-scale blockchain that delivers decentralized applications and markets that are quick, safe, and scalable.", "source_name": "The Currency Analytics", "date": "Mon, 07 Mar 2022 15:05:19 -0500", "topics": ["NFT"], "sentiment": "Positive", "type": "Article", "tickers": ["SOL"]}, {"news_url": "https://dailyhodl.com/2022/03/07/heres-whats-next-for-ethereum-disruptors-solana-sol-and-avalanche-avax-according-to-popular-crypto-trader/", "image_url": "https://crypto.snapi.dev/images/v1/r/d/analyst-updates-outlookjpgfit10242c600ssl1-115374.jpg", "title": "Here's What's Next for Ethereum Disruptors Solana (SOL) and Avalanche (AVAX), According to Popular Crypto Trader", "text": "A widely followed crypto trader is watching a trio of altcoins as the overall crypto markets enter the new week on an uncertain note. The pseudonymous trader known as Altcoin Sherpa tells his 169,600 Twitter followers that he's targeting $70 to $90 as the range to dollar cost average (DCA) buy-ins for layer-1 blockchain protocol [\u2026] The post Here's What's Next for Ethereum Disruptors Solana (SOL) and Avalanche (AVAX), According to Popular Crypto Trader appeared first on The Daily Hodl.", "source_name": "The Daily Hodl", "date": "Mon, 07 Mar 2022 15:03:10 -0500", "topics": [], "sentiment": "Neutral", "type": "Article", "tickers": ["AVAX", "SOL"]}, {"news_url": "https://bitcoinmagazine.com/business/virginia-state-banks-receive-green-light-to-custody-bitcoin", "image_url": "https://crypto.snapi.dev/images/v1/m/y/ga-115353.jpg", "title": "Virginia Senate Passes Bill Allowing State Banks To Offer Bitcoin Custody Services", "text": "A bill passed in the Virginian Senate allows banks to offer custodial services for bitcoin in either a fiduciary or non-fiduciary capacity once signed into law.", "source_name": "Bitcoin Magazine", "date": "Mon, 07 Mar 2022 14:58:49 -0500", "topics": [], "sentiment": "Positive", "type": "Article", "tickers": ["BTC"]}, {"news_url": "https://www.newsbtc.com/news/kiyosaki-says-buy-bitcoin-and-forget-about-it/", "image_url": "https://crypto.snapi.dev/images/v1/p/w/kiyosaki-115351.jpg", "title": "Kiyosaki Says \u2018Buy Bitcoin and Forget About It'", "text": "The price of Bitcoin fell 3.8% on Saturday and Sunday, reaching a low point in the day at $38,000. However, over 24 hours since then, it has increased to around 39,000 dollars while Ethereum's value decrease was 4.5%.", "source_name": "NewsBTC", "date": "Mon, 07 Mar 2022 14:53:17 -0500", "topics": [], "sentiment": "Positive", "type": "Article", "tickers": ["BTC"]}, {"news_url": "https://www.youtube.com/watch?v=i37464kXU6o", "image_url": "https://crypto.snapi.dev/images/v1/u/l/woo-bitcoin-racesjpgfit10242c600ssl1-115085-115359.jpg", "title": "Bitcoin Holding Support Above $35K-$37K Resistance at $45K, GEM Mining Plans 14,000 Miner Deployment", "text": "\"All About Bitcoin\" host Christine Lee speaks to crypto analyst and author of Wealth Mastery Investor Report Lark Davis as bitcoin eyes $40K. Bitcoin mining company GEM mining is planning another 14,000 miners deployment, CEO John Warren shares insights into the launch, as well as his views on the impact of Russia-Ukraine conflict on crypto.", "source_name": "Coindesk", "date": "Mon, 07 Mar 2022 14:45:10 -0500", "topics": ["mining"], "sentiment": "Positive", "type": "Video", "tickers": ["BTC"]}, {"news_url": "https://beincrypto.com/polkadot-dot-bounces-after-reaching-new-yearly-low-of-14-05-on-feb-14/", "image_url": "https://crypto.snapi.dev/images/v1/m/s/bic-polkadot-up-down-dotjpgoptimal-115348.jpg", "title": "Polkadot (DOT) Bounces After Reaching New Yearly Low of $14.05 on Feb 14.\u00a0", "text": "Polkadot (DOT) has generated several bullish divergences while trading inside a crucial support area, suggesting that a bounce could follow soon. The post Polkadot (DOT) Bounces After Reaching New Yearly Low of $14.05 on Feb 14.", "source_name": "BeInCrypto", "date": "Mon, 07 Mar 2022 14:30:00 -0500", "topics": [], "sentiment": "Positive", "type": "Article", "tickers": ["DOT"]}, {"news_url": "https://www.altcoinbuzz.io/cryptocurrency-news/is-there-correlation-between-bitcoin-and-oil/", "image_url": "https://crypto.snapi.dev/images/v1/b/i/bitcoin-3290060-1280-1-115089-115346.jpg", "title": "Is There Correlation Between Bitcoin and Oil?", "text": "Bitcoin and oil aren't exactly like peas in a pod. The first one is a digital-ledger entry, while the second is commodity.", "source_name": "Altcoin Buzz", "date": "Mon, 07 Mar 2022 14:21:15 -0500", "topics": [], "sentiment": "Neutral", "type": "Article", "tickers": ["BTC"]}, {"news_url": "https://coinpedia.org/price-analysis/how-will-be-the-bitcoin-btc-price-rally-in-the-upcoming-week-is-44000-possible/", "image_url": "https://crypto.snapi.dev/images/v1/0/y/crypto5-115342.jpg", "title": "How Will be the Bitcoin(BTC) Price Rally in the Upcoming Week, Is $44K Possible?\ufffc", "text": "While multiple factors including external and internal are impacting the Bitcoin price rally to a large extent. The asset is further displaying the probability to maintain a significant downtrend. As more catalysts are currently fueling the BTC price plunge which may also nullify the buying pressure if accumulates.\u00a0 A significant upward move within the crypto \u2026", "source_name": "CoinPedia", "date": "Mon, 07 Mar 2022 14:15:00 -0500", "topics": [], "sentiment": "Positive", "type": "Article", "tickers": ["BTC"]}, {"news_url": "https://dailyhodl.com/2022/03/07/billionaire-chamath-palihapitiya-says-conventional-wisdom-on-bitcoin-and-crypto-is-wrong-amid-russias-invasion-of-ukraine/", "image_url": "https://crypto.snapi.dev/images/v1/8/z/se4272jpgfit10242c600ssl1-115343.jpg", "title": "Billionaire Chamath Palihapitiya Says Conventional Wisdom on Bitcoin and Crypto Is Wrong Amid Russia's Invasion of Ukraine", "text": "Any notion that Russia's invasion of Ukraine will boost the entire crypto market at the expense of the US dollar is likely off-base, according to Chamath Palihapitiya. The billionaire venture investor is updating his thoughts on Bitcoin and the digital asset economy on Twitter. He believes it's now best to view both BTC and the [\u2026] The post Billionaire Chamath Palihapitiya Says Conventional Wisdom on Bitcoin and Crypto Is Wrong Amid Russia's Invasion of Ukraine appeared first on The Daily Hodl.", "source_name": "The Daily Hodl", "date": "Mon, 07 Mar 2022 14:05:50 -0500", "topics": [], "sentiment": "Negative", "type": "Article", "tickers": ["BTC"]}, {"news_url": "https://www.newsbtc.com/news/bitcoin/data-bitcoin-miners-accumulating-market-bleeds/", "image_url": "https://crypto.snapi.dev/images/v1/a/2/joshua-woroniecki-hcbtokooo0-unsplash-1-scaled-115338.jpg", "title": "Data: Bitcoin Miners Are Quietly Accumulating While The Market Bleeds", "text": "On-chain data suggests Bitcoin miners have been quietly accumulating while the rest of the market has been bleeding. Bitcoin Miner Reserve Continues To Stay At High Values Despite Struggling Price As explained by an analyst in a CryptoQuant post, BTC miners seem to have continued to accumulate while the price has declined in the past few weeks.", "source_name": "NewsBTC", "date": "Mon, 07 Mar 2022 14:00:28 -0500", "topics": ["mining"], "sentiment": "Neutral", "type": "Article", "tickers": ["BTC"]}, {"news_url": "https://bitcoinmagazine.com/markets/india-sees-massive-bitcoin-transaction-increase-fueled-by-new-generation", "image_url": "https://crypto.snapi.dev/images/v1/g/7/finance-minister-india-has-no-cryptocurrency-ban-115336.jpg", "title": "India Sees Massive Bitcoin Transaction Increase Fueled By New Generation", "text": "Indian business owners Swati Daga and Sumit Gupta speak on new generations buying into bitcoin because stocks and other assets are \u201cboring.\u201d", "source_name": "Bitcoin Magazine", "date": "Mon, 07 Mar 2022 13:55:48 -0500", "topics": [], "sentiment": "Positive", "type": "Article", "tickers": ["BTC"]}, {"news_url": "https://cointelegraph.com/news/price-analysis-3-7-btc-eth-bnb-xrp-luna-sol-ada-avax-dot-doge", "image_url": "https://crypto.snapi.dev/images/v1/n/l/840-ahr0chm6ly9zmy5jb2ludgvszwdyyxbolmnvbs91cgxvywrzlziwmjitmdmvzwvlnzmyztutm2fhny00nwu5lwe5odetnwvhnjc1otzlmjbklmpwzw-115335.jpg", "title": "Price analysis 3/7: BTC, ETH, BNB, XRP, LUNA, SOL, ADA, AVAX, DOT, DOGE", "text": "Market sentiment remains negative, but Bitcoin and altcoins are witnessing buying at lower levels, which could be a signal that the bottom is nearby.", "source_name": "Cointelegraph", "date": "Mon, 07 Mar 2022 13:45:32 -0500", "topics": ["tanalysis"], "sentiment": "Neutral", "type": "Article", "tickers": ["ADA", "AVAX", "BNB", "BTC", "DOGE", "LUNA", "SOL", "XRP", "DOT", "ETH"]}, {"news_url": "https://cryptopotato.com/nft-scaling-platform-immutable-raises-200-million-in-series-c-funding-round/", "image_url": "https://crypto.snapi.dev/images/v1/i/m/immutable-115330.jpg", "title": "NFT Scaling Platform Immutable Raises $200 million in Series C Funding Round", "text": "Immutable X reached a $2.5 billion valuation after a funding round supporting its international expansion.\u00a0", "source_name": "CryptoPotato", "date": "Mon, 07 Mar 2022 13:30:53 -0500", "topics": ["NFT"], "sentiment": "Neutral", "type": "Article", "tickers": ["ETH"]}, {"news_url": "https://coinidol.com/btc-falls-into/", "image_url": "https://crypto.snapi.dev/images/v1/h/g/a8db5c0f68b914e085b2197fc649143c-115327.jpg", "title": "Bitcoin Falls Sharply Into The Bearish Trend Zone And Risks A Drop To $36,000", "text": "Bitcoin (BTC) price has dropped sharply after falling below the moving averages.", "source_name": "Coin Idol", "date": "Mon, 07 Mar 2022 13:04:00 -0500", "topics": [], "sentiment": "Negative", "type": "Article", "tickers": ["BTC"]}, {"news_url": "https://bitcoinist.com/ripple-sec-report-suggest-regulators-staff-think-so/", "image_url": "https://crypto.snapi.dev/images/v1/q/j/ripple-xrp-xrpusdt-sec-640x368-115321.jpg", "title": "Ripple Could Beat SEC? Report Suggests Regulator's Staff Thinks So", "text": "The Ripple case versus the Securities and Exchange Commission (SEC) could have an unexpected result, according to a report from Fox journalist Eleanor Terrett. The legal battle started almost two years ago, in December 2020, and the regulator seemed like the clear winner.", "source_name": "Bitcoinist", "date": "Mon, 07 Mar 2022 13:00:39 -0500", "topics": ["regulations"], "sentiment": "Neutral", "type": "Article", "tickers": ["XRP"]}, {"news_url": "https://dailyhodl.com/2022/03/07/top-crypto-strategist-predicts-another-leg-down-for-bitcoin-heres-his-downside-target-for-btc/", "image_url": "https://crypto.snapi.dev/images/v1/g/k/bitcoin-bullish-reversaljpgfit10242c600ssl1-115326.jpg", "title": "Top Crypto Strategist Predicts Another Leg Down for Bitcoin \u2013 Here's His Downside Target for BTC", "text": "A popular crypto analyst and trader is warning Bitcoin bulls that BTC is poised to move lower. Pseudonymous crypto strategist Kaleo tells his 473,400 Twitter followers that he's closely following Bitcoin's price action on the lower timeframe. According to Kaleo, Bitcoin is following its market structure in June 2021 when the king crypto crashed from [\u2026] The post Top Crypto Strategist Predicts Another Leg Down for Bitcoin \u2013 Here's His Downside Target for BTC appeared first on The Daily Hodl.", "source_name": "The Daily Hodl", "date": "Mon, 07 Mar 2022 12:55:56 -0500", "topics": [], "sentiment": "Negative", "type": "Article", "tickers": ["BTC"]}, {"news_url": "https://thecurrencyanalytics.com/altcoins/millions-of-dollars-in-bitcoin-ether-and-usdt-were-donated-to-help-ukraine-39662.php", "image_url": "https://crypto.snapi.dev/images/v1/3/r/millions-of-dollars-in-bitcoin-ether-and-usdt-were-donated-to-help-ukraine-115316.jpg", "title": "Millions of Dollars in Bitcoin, Ether, and USDT were donated to help Ukraine", "text": "Catch up on the latest crypto market news at The Currency Analytics. Why did Ukraine need assistance?", "source_name": "The Currency Analytics", "date": "Mon, 07 Mar 2022 12:39:49 -0500", "topics": [], "sentiment": "Neutral", "type": "Article", "tickers": ["BTC", "ETH", "USDT"]}, {"news_url": "https://coingape.com/?p=103234", "image_url": "https://crypto.snapi.dev/images/v1/p/r/project-skyrockets-dayjpgfit10242c600ssl1-114784-115306.jpg", "title": "Ethereum Price Prediction: Ethereum (ETH) Bounces Off Towards $2,700, Is $3,200 Next?", "text": "Ethereum (ETH) price makes remarkable gains in the U.S session as the fresh trading week begins. ETH price may continue to ride higher to discover crucial levels of resistance as it found reliable support around $2,500.", "source_name": "Coingape", "date": "Mon, 07 Mar 2022 12:07:14 -0500", "topics": [], "sentiment": "Positive", "type": "Article", "tickers": ["ETH"]}, {"news_url": "https://cryptodaily.co.uk/2022/03/steve-wozniak-describes-bitcoin-pure-gold", "image_url": "https://crypto.snapi.dev/images/v1/f/4/steve-wozniak-115291.jpg", "title": "Steve Wozniak describes Bitcoin as \"pure gold\"", "text": "Steve Wozniak has shared his appreciation of Bitcoin in an interview where he described the cryptocurrency as \u201cpure gold\u201d.\u00a0 In the interview with Business Insider, Apple co-founder Steve Wozniak spoke about what he considered when investing, noting that many cryptocurrencies are \u201crip-offs\u201d.", "source_name": "Crypto Daily", "date": "Mon, 07 Mar 2022 12:01:08 -0500", "topics": [], "sentiment": "Positive", "type": "Article", "tickers": ["BTC"]}, {"news_url": "https://www.newsbtc.com/analysis/btc/bitcoin-fails-to-establish-significant-demand-why-price-could-fall-to-20k/", "image_url": "https://crypto.snapi.dev/images/v1/j/3/bear-1-115287.jpeg", "title": "Bitcoin Fails To Establish Significant Demand, Why Price Could Fall To $20K", "text": "Bitcoin lost its footing above $40,000 once more over the weekend and has been on a downward trend since. This is not a shocking move given that the last two moves into the $40-$44K range had ended the same way.", "source_name": "NewsBTC", "date": "Mon, 07 Mar 2022 12:00:59 -0500", "topics": [], "sentiment": "Negative", "type": "Article", "tickers": ["BTC"]}, {"news_url": "https://bitcoinist.com/apple-co-founder-bitcoin-is-pure-gold-mathematics/", "image_url": "https://crypto.snapi.dev/images/v1/l/d/steve-wozniak-624x420-115288.jpeg", "title": "Apple Co-Founder Says Bitcoin Is \u201cPure-Gold Mathematics\u201d But What About Other Cryptocurrencies?", "text": "Apple co-founder Steve Wozniak has always been a big supporter of bitcoin. Wozniak who founded Apple with Steve Jobs saw their company grow to be the first $1 trillion-dollar company and subsequently the first company to hit a $3 trillion dollar valuation.", "source_name": "Bitcoinist", "date": "Mon, 07 Mar 2022 12:00:57 -0500", "topics": [], "sentiment": "Positive", "type": "Article", "tickers": ["BTC"]}, {"news_url": "https://cryptodaily.co.uk/2022/03/btc-usd-trades-below-key-technical-levels-sally-ho-technical-analysis-8-march-2022-btc-bitcoin", "image_url": "https://crypto.snapi.dev/images/v1/y/w/bitcoin-falls-115010-115286.jpg", "title": "BTC/USD Trades Below Key Technical Levels: Sally Ho's Technical Analysis 8 March 2022 BTC", "text": "Bitcoin (BTC/USD) remained depressed below some key technical levels early in the Asian session as the pair traded below the 38315.41 area, representing the 38.2% retracement of the recent depreciating range from 45855 to 34322. \u00a0This low was also below the 61.8% retracement of the recent appreciating range from 34322 to 45426.45.", "source_name": "Crypto Daily", "date": "Mon, 07 Mar 2022 12:00:00 -0500", "topics": ["tanalysis"], "sentiment": "Negative", "type": "Article", "tickers": ["BTC"]}, {"news_url": "https://www.trustnodes.com/2022/03/07/bitcoin-holds-stocks-red-gas-fall", "image_url": "https://crypto.snapi.dev/images/v1/z/r/gas-ship-115284.jpg", "title": "Bitcoin Holds, Stocks Red, Gas Fall", "text": "Bitcoin appears to be holding on to a seemingly iron support at $39,000 with the crypto falling just a bit below that but in a way that appears to suggest.", "source_name": "Trustnodes", "date": "Mon, 07 Mar 2022 11:57:12 -0500", "topics": ["paywall"], "sentiment": "Neutral", "type": "Article", "tickers": ["BTC"]}, {"news_url": "https://www.cryptopolitan.com/bitcoin-price-analysis-2022-03-07/", "image_url": "https://crypto.snapi.dev/images/v1/q/i/bitcoin-price-analysis-2022-03-07-115283.png", "title": "Bitcoin price analysis: BTC retests $39,500 resistance, ready for another spike lower?", "text": "TL;DR Breakdown Bitcoin price analysis is bearish today. BTC/USD tested further downside yesterday.", "source_name": "Cryptopolitan", "date": "Mon, 07 Mar 2022 11:56:12 -0500", "topics": ["tanalysis"], "sentiment": "Negative", "type": "Article", "tickers": ["BTC"]}, {"news_url": "https://cryptonews.com/news/crypto-market-sentiment-moves-up-btc-top-atom-sees-biggest-improvement.htm", "image_url": "https://crypto.snapi.dev/images/v1/3/w/source-istock-nikada-115282.jpg", "title": "Crypto Market Sentiment Moves Up; BTC on Top, ATOM Sees Biggest Improvement", "text": "Sentiment among crypto market participants rose over the last week, with major cryptoassets once again seeing the strongest sentiment. According to the market sentiment analysis service\u00a0Omenics, the average 7-day sentscore for 10 major cryptos rose to 5.02 this week, up from 4.7 last week.", "source_name": "Cryptonews", "date": "Mon, 07 Mar 2022 11:53:00 -0500", "topics": [], "sentiment": "Positive", "type": "Article", "tickers": ["ATOM", "BTC"]}, {"news_url": "https://www.youtube.com/watch?v=zv5AS47BvT4", "image_url": "https://crypto.snapi.dev/images/v1/p/a/bitcoin-bounces-up-and-down-as-broader-crypto-market-sells-off-115285.jpg", "title": "Bitcoin bounces up and down as broader crypto market sells off", "text": "CNBC's Kate Rooney reports on recent price action in cryptocurrencies.", "source_name": "CNBC Television", "date": "Mon, 07 Mar 2022 11:41:21 -0500", "topics": [], "sentiment": "Negative", "type": "Video", "tickers": ["BTC"]}, {"news_url": "https://www.cryptopolitan.com/bitcoin-binance-coin-xrp-and-terra-luna-daily-price-analyses-7-march-morning-price-prediction/", "image_url": "https://crypto.snapi.dev/images/v1/7/u/roundup-1140-x-570-2022-06-115279.png", "title": "Bitcoin, Binance Coin, XRP, and Terra LUNA Daily Price Analyses \u2013 7 March Morning Price Prediction", "text": "TL;DR Breakdown The global crypto market reduces losses and sheds 0.36% in 24 hours. Bitcoin turns bullish, adding 0.30% in the last 24 hours.", "source_name": "Cryptopolitan", "date": "Mon, 07 Mar 2022 11:35:22 -0500", "topics": [], "sentiment": "Neutral", "type": "Article", "tickers": ["BNB", "BTC", "LUNA", "XRP"]}, {"news_url": "https://coinidol.com/ethereum-holds-above/", "image_url": "https://crypto.snapi.dev/images/v1/g/f/7f2b11c5d9347aa233e6c54e15f918a8-115319.jpg", "title": "Ethereum Holds Above $2,500. Bulls and Bears Continue Price Battle", "text": "Ethereum price (ETH) resumed its downtrend after being rejected at the high of $3,000.", "source_name": "Coin Idol", "date": "Mon, 07 Mar 2022 11:34:00 -0500", "topics": [], "sentiment": "Neutral", "type": "Article", "tickers": ["ETH"]}, {"news_url": "https://bitcoinmagazine.com/markets/apple-cofounder-steve-wozniak-says-bitcoin-is-pure-gold-mathematics", "image_url": "https://crypto.snapi.dev/images/v1/a/x/steve-wozniak-wants-bitcoin-to-become-the-worlds-single-currency-115277.jpg", "title": "Apple Co-founder Steve Wozniak Says Bitcoin Is \u201cPure-Gold Mathematics\u201d", "text": "In a recent interview, Steve Wozniak discussed the mathematical purity of Bitcoin as \u201cpure-gold\u201d mathematics, separating it from other cryptocurrencies.", "source_name": "Bitcoin Magazine", "date": "Mon, 07 Mar 2022 11:29:42 -0500", "topics": [], "sentiment": "Positive", "type": "Article", "tickers": ["BTC"]}, {"news_url": "https://cryptopotato.com/ripple-price-analysis-0-7-support-holds-is-xrp-relief-rally-underway/", "image_url": "https://crypto.snapi.dev/images/v1/q/6/xrp-sec-300x200-113370-115270.jpg", "title": "Ripple Price Analysis: $0.7 Support Holds, is XRP Relief Rally Underway?", "text": "Buyers were put under pressure today, but they held strong. This sparks some confidence, albeit under heavy conditions.", "source_name": "CryptoPotato", "date": "Mon, 07 Mar 2022 11:19:17 -0500", "topics": ["tanalysis"], "sentiment": "Positive", "type": "Article", "tickers": ["XRP"]}, {"news_url": "https://www.youtube.com/watch?v=PKAMsFfVz7c", "image_url": "https://crypto.snapi.dev/images/v1/r/m/bitcoin-dips-below-40k-again-115276.jpg", "title": "Bitcoin dips below $40K again", "text": "Crypto investor Carl Runefelt discusses the fundamentals of Bitcoin as the digital currency falls back below $40K amid war in Ukraine. Subscribe to Fox Business!", "source_name": "Fox Business", "date": "Mon, 07 Mar 2022 11:15:03 -0500", "topics": [], "sentiment": "Negative", "type": "Video", "tickers": ["BTC"]}, {"news_url": "https://www.cryptopolitan.com/ethereum-price-analysis-2022-03-07/", "image_url": "https://crypto.snapi.dev/images/v1/5/z/ethereum-price-analysis-2022-03-07-115268.png", "title": "Ethereum price analysis: ETH drops to $2,500, sellers still strong?\u00a0", "text": "TL;DR Breakdown Ethereum price analysis is bearish today. ETH/USD broke past $2,600 support yesterday.", "source_name": "Cryptopolitan", "date": "Mon, 07 Mar 2022 11:15:01 -0500", "topics": ["tanalysis"], "sentiment": "Negative", "type": "Article", "tickers": ["ETH"]}, {"news_url": "https://en.cryptonomist.ch/2022/03/07/bitcoin-holds-despite-tensions/", "image_url": "https://crypto.snapi.dev/images/v1/e/p/bitcoin-tensions-1-300x200-115272.jpg", "title": "Bitcoin holds up, despite tensions", "text": "Long-term prospects would still be good, despite short-term pain", "source_name": "The Cryptonomist", "date": "Mon, 07 Mar 2022 11:07:50 -0500", "topics": [], "sentiment": "Neutral", "type": "Article", "tickers": ["BTC"]}, {"news_url": "https://invezz.com/news/2022/03/07/adobes-behance-allows-people-to-showcase-solana-nfts/", "image_url": "https://crypto.snapi.dev/images/v1/r/w/adobes-behance-allows-people-to-showcase-solana-nfts-115266.jpg", "title": "Adobe's Behance allows people to showcase Solana NFTs", "text": "Adobe Behance is initiating support for the Phantom wallet. This integration will make it easier for people to showcase their non-fungible tokens created on the Solana blockchain on their Behance profiles. This is the latest integration of one of the leading players in the creative space and the NFT sector. Over the past year, many [\u2026] The post Adobe's Behance allows people to showcase Solana NFTs appeared first on Invezz.", "source_name": "Invezz", "date": "Mon, 07 Mar 2022 11:05:00 -0500", "topics": ["NFT"], "sentiment": "Neutral", "type": "Article", "tickers": ["SOL"]}, {"news_url": "https://cryptodaily.co.uk/2022/03/adobes-behance-adds-solana-nft-capability-via-phantom-wallet", "image_url": "https://crypto.snapi.dev/images/v1/r/x/dfdfdfd-115267.png", "title": "Adobe's Behance Adds Solana NFT Capability Via Phantom Wallet\u00a0\u00a0", "text": "From today, Behance is offering users of the Solana blockchain the ability to showcase their proprietary NFTs by connecting their Phantom Wallets directly to Behance.\u00a0 Behance is a powerful force in the creative field.", "source_name": "Crypto Daily", "date": "Mon, 07 Mar 2022 11:00:00 -0500", "topics": ["NFT"], "sentiment": "Neutral", "type": "Article", "tickers": ["SOL"]}, {"news_url": "https://www.fool.com/investing/2022/03/07/these-are-my-top-risk-averse-cryptocurrencies/", "image_url": "https://crypto.snapi.dev/images/v1/c/r/crypto17-114832-115294.jpg", "title": "These Are My Top Risk-Averse Cryptocurrencies", "text": "Some crypto is less risky than others, but volatility is always part of the hazing ritual.", "source_name": "The Motley Fool", "date": "Mon, 07 Mar 2022 10:55:00 -0500", "topics": [], "sentiment": "Positive", "type": "Article", "tickers": ["BTC", "LUNA", "PAXG"]}, {"news_url": "https://decrypt.co/94536/apple-cofounder-is-still-boosting-bitcoin-his-own-bags", "image_url": "https://crypto.snapi.dev/images/v1/u/a/steve-wozniak-apple-gid-5-115265.jpg", "title": "Apple Co-Founder Steve Wozniak: Bitcoin Built On 'Pure-Gold Mathematics'", "text": "In a recent interview, Apple cofounder Steve Wozniak again heaped praise on Bitcoin\u2014while getting in a few words about his very own crypto project.", "source_name": "Decrypt", "date": "Mon, 07 Mar 2022 10:52:46 -0500", "topics": [], "sentiment": "Positive", "type": "Article", "tickers": ["BTC"]}, {"news_url": "https://www.dcforecasts.com/ethereum-news/ethereum-revisited-2-5k-but-recovery-is-likely-capped/", "image_url": "https://crypto.snapi.dev/images/v1/y/n/ethereum-6286124-1280-2-630x420-114946-115252.jpg", "title": "Ethereum Revisited $2.5K But Recovery Is Likely Capped", "text": "Ethereum revisited $2.5K and extended the decline against the US dollar but the price is still struggling and the recovery is likely capped so let's read further in today's latest Ethereum news. Ethereum revisited $2.5K after it started a fresh decline from the $2800 zone.", "source_name": "DCForecasts", "date": "Mon, 07 Mar 2022 10:35:59 -0500", "topics": [], "sentiment": "Negative", "type": "Article", "tickers": ["ETH"]}, {"news_url": "https://news.bitcoin.com/bitcoin-ethereum-technical-analysis-btc-consolidates-following-turbulent-weekend-of-trading/", "image_url": "https://crypto.snapi.dev/images/v1/y/1/shutterstock-2015376215-115250.jpg", "title": "Bitcoin, Ethereum Technical Analysis: BTC Consolidates, Following Turbulent Weekend of Trading", "text": "Recent declines in the world's two largest cryptocurrencies eased to start the week, as both seemed to have found their respective floors. Bitcoin consolidated losses during Monday's session, while ETH continued to trade sideways. Bitcoin Following a drop to a one-week low below $38,000 on Sunday, the price of bitcoin rebounded to start the week, [\u2026]", "source_name": "Bitcoin", "date": "Mon, 07 Mar 2022 10:35:16 -0500", "topics": ["tanalysis"], "sentiment": "Negative", "type": "Article", "tickers": ["BTC", "ETH"]}, {"news_url": "https://dailyhodl.com/2022/03/07/ripple-ceo-says-sec-has-hard-argument-to-make-in-xrp-lawsuit-as-expert-testimony-wraps/", "image_url": "https://crypto.snapi.dev/images/v1/3/p/extend-discovery-ripplejpgfit10242c600ssl1-115271.jpg", "title": "Ripple CEO Says SEC Has \u2018Hard Argument' To Make in XRP Lawsuit As Expert Testimony Wraps", "text": "Ripple CEO Brad Garlinghouse says that the U.S. Securities and Exchange Commission (SEC) has a difficult argument to make in its case against the enterprise blockchain company. The SEC sued Ripple in December 2020 on the allegation that the company sold XRP as an unregistered security. In a new interview on Fox Business, Garlinghouse says [\u2026] The post Ripple CEO Says SEC Has \u2018Hard Argument' To Make in XRP Lawsuit As Expert Testimony Wraps appeared first on The Daily Hodl.", "source_name": "The Daily Hodl", "date": "Mon, 07 Mar 2022 10:30:22 -0500", "topics": ["regulations"], "sentiment": "Neutral", "type": "Article", "tickers": ["XRP"]}, {"news_url": "https://cryptodaily.co.uk/2022/03/sec-vs-ripple-lawsuit-end-in-sight", "image_url": "https://crypto.snapi.dev/images/v1/q/w/ripple-sec-115249.jpg", "title": "SEC Vs. Ripple Lawsuit End In Sight?", "text": "According to new documents that have emerged, the lawsuit between the US Securities and Exchanges Commission and cryptocurrency company Ripple would likely end between the third and fourth quarter of 2022.\u00a0 Court Order Indicates An End Attorney Jeremy Hogan has reason to believe that the SEC vs.", "source_name": "Crypto Daily", "date": "Mon, 07 Mar 2022 10:30:00 -0500", "topics": ["regulations"], "sentiment": "Neutral", "type": "Article", "tickers": ["XRP"]}, {"news_url": "https://www.newsbtc.com/news/bitcoin-drops-below-39000-as-crypto-markets-tank-over-the-weekend/", "image_url": "https://crypto.snapi.dev/images/v1/v/o/bitcoin-6-115245.jpg", "title": "Bitcoin Drops Below $39,000 As Crypto Markets Tank Over The Weekend", "text": "Cryptocurrency markets were hit by a sudden fall over the weekend, with the global market cap dropping 3.80% in just 24 hours and now sitting at $1.73 trillion.\u00a0 Bitcoin fell by 3.44% in the last 24 hours to $38,168 per coin.", "source_name": "NewsBTC", "date": "Mon, 07 Mar 2022 10:27:05 -0500", "topics": [], "sentiment": "Negative", "type": "Article", "tickers": ["BTC"]}, {"news_url": "https://en.cryptonomist.ch/2022/03/07/bitcoin-and-ethereum-theft-cybercriminals-have-stolen-30-million/", "image_url": "https://crypto.snapi.dev/images/v1/e/0/bitcoin-hacked-1-300x200-115274.jpg", "title": "Bitcoin and Ethereum Theft: Cybercriminals Have Stolen $30 million", "text": "Cybercriminals Have Stolen $30 million More than $30 million worth of BTC and ETH was stolen from Crypto.com", "source_name": "The Cryptonomist", "date": "Mon, 07 Mar 2022 10:19:18 -0500", "topics": [], "sentiment": "Negative", "type": "Article", "tickers": ["BTC", "ETH"]}, {"news_url": "https://u.today/bitcoin-rebounds-to-39k-as-retail-addresses-add-14000-btc-over-24-hours-details?SNAPI", "image_url": "https://crypto.snapi.dev/images/v1/l/u/13158-115242.jpg", "title": "Bitcoin Rebounds to $39K as Retail Addresses Add 14,000 BTC Over 24 Hours: Details", "text": "Bitcoin traded marginally up in the last 24 hours at $39,082", "source_name": "UToday", "date": "Mon, 07 Mar 2022 10:17:00 -0500", "topics": [], "sentiment": "Positive", "type": "Article", "tickers": ["BTC"]}, {"news_url": "https://cointelegraph.com/news/ethereum-risks-crashing-under-2k-as-eth-paints-bearish-symmetrical-triangle-analyst", "image_url": "https://crypto.snapi.dev/images/v1/h/b/840-ahr0chm6ly9zmy5jb2ludgvszwdyyxbolmnvbs91cgxvywrzlziwmjitmdmvyjg0ndrjzdktytawys00ytqzltg1ntctytu2zte3ngrizwfklmpwzw-115241.jpg", "title": "Ethereum risks crashing under $2K as ETH paints bearish 'symmetrical triangle' \u2014 analyst", "text": "The downside outlook appears as Ethereum billionaire addresses continue accumulating ETH supply.", "source_name": "Cointelegraph", "date": "Mon, 07 Mar 2022 10:13:47 -0500", "topics": [], "sentiment": "Negative", "type": "Article", "tickers": ["ETH"]}, {"news_url": "https://thecurrencyanalytics.com/altcoins/be-aware-solana-phishing-attack-warning-issued-by-slowmist-39642.php", "image_url": "https://crypto.snapi.dev/images/v1/2/q/be-aware-solana-phishing-attack-warning-issued-by-slowmist-115240.jpg", "title": "Be Aware: Solana Phishing Attack Warning Issued by SlowMist", "text": "Catch up on the latest crypto market news at The Currency Analytics. SlowMist is a blockchain security company with 10 years of network security experience to become a global force.", "source_name": "The Currency Analytics", "date": "Mon, 07 Mar 2022 10:10:35 -0500", "topics": [], "sentiment": "Negative", "type": "Article", "tickers": ["SOL"]}, {"news_url": "https://bitcoinmagazine.com/markets/the-hodl-model", "image_url": "https://crypto.snapi.dev/images/v1/e/z/img-6534-115238.png", "title": "The HODL Model: Bitcoin Illiquid Supply Is Outpacing Issuance", "text": "The HODL model hypothesizes that bitcoin has crossed an inflection point, with the asset's illiquid supply outpacing the rate of new supply issuance.", "source_name": "Bitcoin Magazine", "date": "Mon, 07 Mar 2022 09:50:41 -0500", "topics": [], "sentiment": "Neutral", "type": "Article", "tickers": ["BTC"]}, {"news_url": "https://invezz.com/news/2022/03/07/xrp-mimics-the-broader-market-to-form-a-strong-bearish-trend/", "image_url": "https://crypto.snapi.dev/images/v1/i/l/xrp-mimics-the-broader-market-to-form-a-strong-bearish-trend-115234.jpg", "title": "XRP mimics the broader market to form a strong bearish trend", "text": "The cryptocurrency market has been eliciting mixed reactions over the past few weeks. Cryptocurrencies have been attempting to break to new highs, but bears have been kicking in shortly after. XRP is giving in to the price movement across the broader cryptocurrency market. XRP/USD has gained by 1.8% during the past 24 hours, and it [\u2026] The post XRP mimics the broader market to form a strong bearish trend appeared first on Invezz.", "source_name": "Invezz", "date": "Mon, 07 Mar 2022 09:41:16 -0500", "topics": [], "sentiment": "Negative", "type": "Article", "tickers": ["XRP"]}, {"news_url": "https://www.cryptoglobe.com/latest/2022/03/first-layer-2-for-nfts-on-ethereum-worth-2-5b-after-latest-fundraising-round/", "image_url": "https://crypto.snapi.dev/images/v1/b/c/money-5511316-1920-115232.jpg", "title": "\u2018First Layer 2 for NFTs on Ethereum' Worth $2.5B After Latest Fundraising Round", "text": "On Monday (March 7), Sydney-based blockchain start up Immutable, which is responsible for the research and development of Ethereum layer 2 powered NFT platform Immutable X, announced that it had \u201craised fresh funding from investors led by Singapore's Temasek in a round that values it at $2.5 billion.\u201d Immutable is the developer behind Immutable X, [\u2026]", "source_name": "CryptoGlobe", "date": "Mon, 07 Mar 2022 09:32:48 -0500", "topics": ["NFT"], "sentiment": "Neutral", "type": "Article", "tickers": ["ETH"]}, {"news_url": "https://en.cryptonomist.ch/2022/03/07/steve-wozniak-thinks-only-bitcoin-like-gold/", "image_url": "https://crypto.snapi.dev/images/v1/l/c/steve-wozniak-bitcoin-1-300x200-115233.jpg", "title": "Steve Wozniak thinks only Bitcoin is like gold", "text": "In an interview, the co-founder of Apple described Bitcoin as the only cryptocurrency that resembles gold, while many other cryptocurrencies would be worthless", "source_name": "The Cryptonomist", "date": "Mon, 07 Mar 2022 09:30:39 -0500", "topics": [], "sentiment": "Positive", "type": "Article", "tickers": ["BTC"]}, {"news_url": "https://cryptodaily.co.uk/2022/03/the-conflict-between-malaysian-utility-companies-and-btc-miners", "image_url": "https://crypto.snapi.dev/images/v1/u/u/malaysia-bitcoin-115226.jpg", "title": "The Conflict Between Malaysian Utility Companies And BTC Miners", "text": "Malaysian utility companies are pushing back against Bitcoin mining operations over claims of electricity theft. Tariff Proposed To Curb Electricity Loss A utility company in Malaysia wants a special tariff on Bitcoin miners to counter the loss of funds due to energy-heavy mining operations.", "source_name": "Crypto Daily", "date": "Mon, 07 Mar 2022 09:30:00 -0500", "topics": ["mining"], "sentiment": "Negative", "type": "Article", "tickers": ["BTC"]}, {"news_url": "https://u.today/xrp-lawsuit-attorney-jeremy-hogan-discusses-his-expectations-post-discovery-in-ripple-litigation?SNAPI", "image_url": "https://crypto.snapi.dev/images/v1/n/i/13149-115217.jpg", "title": "XRP Lawsuit: Attorney Jeremy Hogan Discusses His Expectations Post-Discovery in Ripple Litigation", "text": "Attorney Jeremy Hogan says Ripple believes it might win the SEC case in September or October", "source_name": "UToday", "date": "Mon, 07 Mar 2022 09:20:00 -0500", "topics": [], "sentiment": "Neutral", "type": "Article", "tickers": ["XRP"]}, {"news_url": "https://coingape.com/?p=103204", "image_url": "https://crypto.snapi.dev/images/v1/4/t/4tmampj1-us-judge-denies-request-to-add-xrp-holders-as-intervenors-in-secs-lawsuit-against-ripple-111323-115223.webp", "title": "XRP Price Prediction: Tug-Of-War In Symmetrical Triangle Hints To A New Rally In XRP", "text": "The Ripple (XRP) price resonating in a symmetrical triangle implies a range-bound rally in its technical chart. This minor range between the $0.78 and $0.65 suggests a no-trading zone for new traders.", "source_name": "Coingape", "date": "Mon, 07 Mar 2022 09:08:46 -0500", "topics": [], "sentiment": "Positive", "type": "Article", "tickers": ["XRP"]}, {"news_url": "https://cryptonews.com/news/devs-publish-bitcoin-ethereum-donation-guidelines-for-russians-who-support-ukraine.htm", "image_url": "https://crypto.snapi.dev/images/v1/w/7/snapshot-115202.jpg", "title": "Devs Publish Bitcoin, Ethereum Donation Guidelines for Russians Who Support Ukraine", "text": "Ukrainian blockchain developers say they have created a web-based resource for Russians and Belarus-based individuals who want to make anonymous crypto donations to Ukraine-supporting funds.", "source_name": "Cryptonews", "date": "Mon, 07 Mar 2022 08:50:00 -0500", "topics": [], "sentiment": "Neutral", "type": "Article", "tickers": ["BTC", "ETH"]}, {"news_url": "https://www.coindesk.com/business/2022/03/07/first-mover-americas-investors-see-bitcoin-as-inflation-hedge-nickel-digitals-survey-shows/", "image_url": "https://crypto.snapi.dev/images/v1/g/r/daft2f7mtvcifddwnhsf726uoe-115206.jpg", "title": "First Mover Americas: Investors See Bitcoin as Inflation Hedge, Nickel Digital's Survey Shows", "text": "The latest moves in crypto markets in context for March 7, 2022.", "source_name": "Coindesk", "date": "Mon, 07 Mar 2022 08:47:00 -0500", "topics": [], "sentiment": "Neutral", "type": "Article", "tickers": ["BTC"]}, {"news_url": "https://www.fool.com/investing/2022/03/07/my-top-3-blockchains-for-nfts/", "image_url": "https://crypto.snapi.dev/images/v1/p/e/pexels-nataliya-vaitkevich-7172856ggg-112835-115299.jpg", "title": "My Top 3 Blockchains for NFTs", "text": "These are my top three blockchains for buying and selling NFTs.", "source_name": "The Motley Fool", "date": "Mon, 07 Mar 2022 08:45:00 -0500", "topics": ["NFT"], "sentiment": "Positive", "type": "Article", "tickers": ["AVAX", "ETH", "SOL"]}, {"news_url": "https://cryptoslate.com/bitcoins-slides-back-at-38k-but-funds-keep-moving-out-of-exchanges/", "image_url": "https://crypto.snapi.dev/images/v1/y/i/bitcoin-38k-115195.jpg", "title": "Bitcoin's slides back at $38k, but funds keep moving out of exchanges", "text": "As the war in Ukraine moves into its third week, if there still is a demand for bitcoin (BTC) and other cryptocurrencies in the Russian and Ukrainian markets, to try to escape sanctions or as an escape route for people to safeguard their funds, this does not seem to have reflections on market prices of [\u2026] The post Bitcoin's slides back at $38k, but funds keep moving out of exchanges appeared first on CryptoSlate.", "source_name": "CryptoSlate", "date": "Mon, 07 Mar 2022 08:26:18 -0500", "topics": [], "sentiment": "Negative", "type": "Article", "tickers": ["BTC"]}, {"news_url": "https://cointelegraph.com/news/3-reasons-why-bitcoin-can-rally-back-to-60k-despite-erasing-last-week-s-gains", "image_url": "https://crypto.snapi.dev/images/v1/h/f/840-ahr0chm6ly9zmy5jb2ludgvszwdyyxbolmnvbs91cgxvywrzlziwmjitmdmvyjcwmja4ytatzgyznc00m2y4ltliowmtmjdinzlkzdi3njvjlmpwzw-115196.jpg", "title": "3 reasons why Bitcoin can rally back to $60K despite erasing last week's gains", "text": "Several technical and on-chain indicators are flashing bullish despite the BTC price pullback below $40,000.", "source_name": "Cointelegraph", "date": "Mon, 07 Mar 2022 08:26:00 -0500", "topics": [], "sentiment": "Positive", "type": "Article", "tickers": ["BTC"]}, {"news_url": "https://coingape.com/?p=103197", "image_url": "https://crypto.snapi.dev/images/v1/k/a/kanchanara-8x1m8lytapu-unsplash-2-114918-115210.jpg", "title": "Russian Ruble Crashes Further Against Bitcoin As Oil Sanctions Loom", "text": "Russia's ruble sank 26% to a record low against Bitcoin on Monday, extending losses as the United States said it was mulling sanctions on Moscow's oil exports. One Bitcoin is now worth over 5 million ruble, with the currency having slumped nearly 60% against Bitcoin in the past month.", "source_name": "Coingape", "date": "Mon, 07 Mar 2022 08:20:59 -0500", "topics": [], "sentiment": "Positive", "type": "Article", "tickers": ["BTC"]}, {"news_url": "https://cointelegraph.com/news/bitcoin-steadies-as-gold-hits-2k-us-dollar-strongest-since-may-2020", "image_url": "https://crypto.snapi.dev/images/v1/g/u/840-ahr0chm6ly9zmy5jb2ludgvszwdyyxbolmnvbs91cgxvywrzlziwmjitmdmvzjnhztdhzjetndmxnc00mju5lthmmtctymzjn2u5ytayndlmlmpwzw-115184.jpg", "title": "Bitcoin steadies as gold hits $2K, US dollar strongest since May 2020", "text": "Surging commodities and a strong dollar add to stock traders' woes, with Goldman Sachs' former CEO wondering why cryptoassets are not \"having a moment.\"", "source_name": "Cointelegraph", "date": "Mon, 07 Mar 2022 07:47:26 -0500", "topics": [], "sentiment": "Neutral", "type": "Article", "tickers": ["BTC"]}, {"news_url": "https://dailyhodl.com/2022/03/07/kraken-issues-warning-to-ethereum-investors-says-eth-sell-side-pressure-trending-higher/", "image_url": "https://crypto.snapi.dev/images/v1/x/o/ethereum-altcoins-rival-solanajpgfit10242c600ssl1-115192.jpg", "title": "Kraken Issues Warning to Ethereum Investors, Says ETH Sell-Side Pressure Trending Higher", "text": "Top crypto exchange Kraken is warning Ethereum (ETH) investors that some on-chain metrics are suggesting further downside pressure on the second-biggest digital asset by market cap. Kraken says via Twitter that an increase in ETH flowing into exchanges could mean that bears currently have the upper hand on the bulls. \u201cETH's netflows on exchanges show [\u2026] The post Kraken Issues Warning to Ethereum Investors, Says ETH Sell-Side Pressure Trending Higher appeared first on The Daily Hodl.", "source_name": "The Daily Hodl", "date": "Mon, 07 Mar 2022 07:45:21 -0500", "topics": [], "sentiment": "Negative", "type": "Article", "tickers": ["ETH"]}, {"news_url": "https://www.dcforecasts.com/altcoin-news/gold-prices-hit-2000-while-btc-and-equities-drop-analysis/", "image_url": "https://crypto.snapi.dev/images/v1/v/n/bitcoin-price-2-gid-4-114928-115100-115182.jpg", "title": "Gold Prices Hit $2000 While BTC And Equities Drop: Analysis", "text": "Gold prices hit $2000 today amid the war in Ukraine while Bitcoin and equities dropped as we can see more today in our bitcoin news. The war between Russia and Ukraine has been going on for two weeks now and despite the negotiations, the conflict moves on.", "source_name": "DCForecasts", "date": "Mon, 07 Mar 2022 07:35:15 -0500", "topics": [], "sentiment": "Negative", "type": "Article", "tickers": ["BTC"]}, {"news_url": "https://ambcrypto.com/a-clue-suggests-sec-vs-ripple-might-end-this-year-heres-the-half-baked-truth/", "image_url": "https://crypto.snapi.dev/images/v1/p/i/ave-calvar-fargbz9vus-unsplash-2-115180.jpg", "title": "Can SEC vs. Ripple case end this year or instead \u2018ANYTIME'?", "text": "The SEC vs Ripple\u00a0lawsuit has consumed a full calendar year and naturally, many holding XRP \u2013 one of the biggest yet most controversial crypto assets on the market today \u2013 are worried that the court case might take up all of 2022 as well. However, some new evidence appears to suggest that it might just [\u2026]", "source_name": "AMBCrypto", "date": "Mon, 07 Mar 2022 07:30:51 -0500", "topics": ["regulations"], "sentiment": "Neutral", "type": "Article", "tickers": ["XRP"]}, {"news_url": "https://cryptobriefing.com/bitcoin-risk-support-weakens/?utm_source=main_feed&utm_medium=rss", "image_url": "https://crypto.snapi.dev/images/v1/w/q/bitcoin-at-risk-support-cover-838x440-115177.jpeg", "title": "Bitcoin Is at Risk as Support Weakens", "text": "Bitcoin has kicked off the week in bearish mode, signaling that it could drop lower.\u00a0", "source_name": "Crypto Briefing", "date": "Mon, 07 Mar 2022 07:25:15 -0500", "topics": [], "sentiment": "Negative", "type": "Article", "tickers": ["BTC"]}, {"news_url": "https://www.crypto-reporter.com/news/cme-to-launch-micro-bitcoin-and-micro-ether-options-27102/", "image_url": "https://crypto.snapi.dev/images/v1/c/m/cme-chicago-mercantile-exchange-1-115204.jpg", "title": "CME to launch micro bitcoin and micro ether options", "text": "CME Group, the world's leading derivatives marketplace, announced it plans to launch options on micro bitcoin and micro ether futures on March 28, pending regulatory review. The new option contracts are set to add to CME's suite of micro bitcoin and micro ether futures, launched last year (micro bitcoin futures were introduced in May, ether [\u2026]", "source_name": "Crypto Reporter", "date": "Mon, 07 Mar 2022 07:21:37 -0500", "topics": [], "sentiment": "Positive", "type": "Article", "tickers": ["BTC", "ETH"]}, {"news_url": "https://cryptonews.com/news/bitcoin-ethereum-consolidate-best-performer-waves-trims-gains.htm", "image_url": "https://crypto.snapi.dev/images/v1/c/a/kanchanara-v2c50qiol88-unsplash-1-631x420-114391-114597-114999-115174.jpg", "title": "Bitcoin and Ethereum Consolidate, Best Performer WAVES Trims Gains", "text": "Bitcoin price tested USD 37,550 before recovering and is currently (11:56 UTC) consolidating near USD 38,300. BTC is unchanged in a day.", "source_name": "Cryptonews", "date": "Mon, 07 Mar 2022 07:13:00 -0500", "topics": [], "sentiment": "Negative", "type": "Article", "tickers": ["BTC", "ETH"]}, {"news_url": "https://www.dcforecasts.com/altcoin-news/fantom-tumbled-15-after-cronjes-leave-btc-dips-below-38k/", "image_url": "https://crypto.snapi.dev/images/v1/f/6/bitcoin-inflation-dollars-300x200-115132-115172.jpg", "title": "Fantom Tumbled 15% After Cronje's Leave, BTC Dips Below $38K", "text": "Fantom tumbled 15% after Andre Cronje, the founder of Yearn Finance will be leaving the crypto industry while Bitcoin dips below the $38,000 price level as we are reading furhter in today's latest altcoin news. Bitcoin saw another price drop and this time it dipped to a weekly low of $37,500 with the altcoins are [\u2026]", "source_name": "DCForecasts", "date": "Mon, 07 Mar 2022 07:02:37 -0500", "topics": [], "sentiment": "Negative", "type": "Article", "tickers": ["BTC", "FTM"]}, {"news_url": "https://coingape.com/?p=103165", "image_url": "https://crypto.snapi.dev/images/v1/e/x/executium-lta5b8mpytw-unsplash-114721-115163.jpg", "title": "Bitcoin Price Prediction: BTC Lacklustre Move Continues; Key Support At $38k?", "text": "Bitcoin (BTC) price treads water on the first trading day of the week. BTC moves in a very tight range of $37,577 and $38,550.", "source_name": "Coingape", "date": "Mon, 07 Mar 2022 06:29:02 -0500", "topics": [], "sentiment": "Neutral", "type": "Article", "tickers": ["BTC"]}, {"news_url": "https://invezz.com/news/2022/03/07/ethereum-fees-see-a-massive-drop-on-layer-2-chains-should-you-buy-eth-now/", "image_url": "https://crypto.snapi.dev/images/v1/i/z/ethereum-growth-scaled-115161.jpg", "title": "Ethereum fees see a massive drop on Layer-2 chains, should you buy ETH now?", "text": "Ethereum ETH/USD is the second-largest cryptocurrency token in terms of market capitalization, and its blockchain network has been used as a means of developing a lot of DeFi projects, dApps, and minting NFTs. However, the Ethereum blockchain also had a reputation for its extremely high gas fees, which users had to pay out throughout each [\u2026] The post Ethereum fees see a massive drop on Layer-2 chains, should you buy ETH now? appeared first on Invezz.", "source_name": "Invezz", "date": "Mon, 07 Mar 2022 06:28:54 -0500", "topics": [], "sentiment": "Negative", "type": "Article", "tickers": ["ETH"]}, {"news_url": "https://cointelegraph.com/news/whales-stablecoin-buying-power-grew-over-7-in-one-month-here-s-what-it-means", "image_url": "https://crypto.snapi.dev/images/v1/8/y/yigit-ali-atasoy-z1jggxh29-q-unsplash-114822-115157.jpg", "title": "Whales' stablecoin buying power grew over 7% in one month: Here's what it means", "text": "Whales with USDT holdings of $10,000 to $10 million added $1.06 billion worth of Tether to their wallets over the past month, increasing their buying power by 7%.", "source_name": "Cointelegraph", "date": "Mon, 07 Mar 2022 06:10:00 -0500", "topics": ["stablecoins", "whales"], "sentiment": "Neutral", "type": "Article", "tickers": ["BTC", "USDT"]}, {"news_url": "https://coinpedia.org/altcoin/altcoins-like-avax-sol-matic-primed-to-surge/", "image_url": "https://crypto.snapi.dev/images/v1/1/l/crypto13-115145.jpg", "title": "Altcoins like AVAX, SOL, And MATIC Primed To Surge 35%! Are These A Welcoming Sign For The Bulls?", "text": "\u00a0\u00a0The crypto market has taken yet another plunge on the market charts. Wherefore, the market cap of the business has taken a fall of 40.4% over the day. Taking the numbers away from the bulls to $1.77 Trillion. The implications of which are evident in the market sentiments. That has lowered the fear and greed \u2026", "source_name": "CoinPedia", "date": "Mon, 07 Mar 2022 05:55:23 -0500", "topics": [], "sentiment": "Positive", "type": "Article", "tickers": ["AVAX", "MATIC", "SOL"]}, {"news_url": "https://www.cryptoglobe.com/latest/2022/03/microstrategy-ceo-explains-why-bitcoin-is-a-scarcity-and-not-a-commodity/", "image_url": "https://crypto.snapi.dev/images/v1/i/r/michael-saylor-in-feb-2019-115144.png", "title": "MicroStrategy CEO Explains Why Bitcoin Is a \u2018Scarcity' and Not a Commodity", "text": "In a recent interview, Michael J. Saylor, Co-Founder, Chairman, and CEO of Nasdaq-listed business intelligence company MicroStrategy Inc. (NASDAQ: MSTR),\u00a0explained why Bitcoin should be thought of a scarcity \u2014 perhaps the only one in the world \u2014 rather than a commodity. On 11 August 2020, MicroStrategy announced via a\u00a0press release\u00a0that it had \u201cpurchased 21,454 bitcoins [\u2026]", "source_name": "CryptoGlobe", "date": "Mon, 07 Mar 2022 05:47:14 -0500", "topics": [], "sentiment": "Neutral", "type": "Article", "tickers": ["BTC"]}, {"news_url": "https://beincrypto.com/bitcoin-btc-fails-sustain-upward-trend-drops-below-40000/", "image_url": "https://crypto.snapi.dev/images/v1/o/n/bic-on-chain-btc-bearjpgoptimal-115143.jpg", "title": "Bitcoin (BTC) Fails to Sustain Upward Trend and Drops Below $40,000", "text": "Bitcoin (BTC) was the subject of intense selling pressure last week and is now decreasing towards its February lows once more. The post Bitcoin (BTC) Fails to Sustain Upward Trend and Drops Below $40,000 appeared first on BeInCrypto.", "source_name": "BeInCrypto", "date": "Mon, 07 Mar 2022 05:42:25 -0500", "topics": [], "sentiment": "Negative", "type": "Article", "tickers": ["BTC"]}, {"news_url": "https://u.today/ethereum-accumulation-whale-addresses-are-still-buying-despite-suppressed-price-performance?SNAPI", "image_url": "https://crypto.snapi.dev/images/v1/r/s/13141-115136.jpg", "title": "Ethereum Accumulation: Whale Addresses Are Still Buying Despite Suppressed Price Performance: Santiment", "text": "Ethereum whales are not selling their assets despite Ethereum's questionable performance", "source_name": "UToday", "date": "Mon, 07 Mar 2022 05:23:00 -0500", "topics": ["whales"], "sentiment": "Neutral", "type": "Article", "tickers": ["ETH"]}, {"news_url": "https://www.benzinga.com/markets/cryptocurrency/22/03/26011494/why-scaramucci-sees-bitcoin-touching-500-000-in-the-long-run-despite-missing-the-mark-in-2?SNAPI", "image_url": "https://crypto.snapi.dev/images/v1/l/m/anthony-scaramucci-at-salt-conference-2016-115128.jpeg", "title": "Why Scaramucci Sees Bitcoin Touching $500,000 In The Long Run \u2014 Despite Missing The Mark In 2021", "text": "Bitcoin (CRYPTO: BTC) could touch $500,000 in the long run, according to Skybridge Capital founder Anthony Scaramucci.", "source_name": "Benzinga", "date": "Mon, 07 Mar 2022 05:11:00 -0500", "topics": [], "sentiment": "Positive", "type": "Article", "tickers": ["BTC"]}, {"news_url": "https://en.cryptonomist.ch/2022/03/07/digital-gold-and-black-gold-bitcoin-and-oil-in-comparison/", "image_url": "https://crypto.snapi.dev/images/v1/h/t/bitcoin-oil-1-300x200-115129.jpg", "title": "Digital gold and black gold: Bitcoin and oil in comparison", "text": "Black gold has broken through the $106/barrel barrier with a 6% surge", "source_name": "The Cryptonomist", "date": "Mon, 07 Mar 2022 05:02:13 -0500", "topics": [], "sentiment": "Neutral", "type": "Article", "tickers": ["BTC"]}, {"news_url": "https://beincrypto.com/grayscale-bitcoin-trust-discount-draws-more-institutional-investment/", "image_url": "https://crypto.snapi.dev/images/v1/d/3/bic-grayscale-hold-btcjpgoptimal-115135.jpg", "title": "Grayscale Bitcoin Trust Discount Draws More Institutional Investment", "text": "Institutional investors have been spending $10-$120m a week on Grayscale shares since December despite market uncertainty. The post Grayscale Bitcoin Trust Discount Draws More Institutional Investment appeared first on BeInCrypto.", "source_name": "BeInCrypto", "date": "Mon, 07 Mar 2022 05:00:00 -0500", "topics": ["institutions"], "sentiment": "Neutral", "type": "Article", "tickers": ["BTC"]}, {"news_url": "https://en.cryptonomist.ch/2022/03/07/institutional-investors-buy-grayscale-bitcoin-trust/", "image_url": "https://crypto.snapi.dev/images/v1/c/6/grayscale-bitcoin-trust1-1-300x200-115130.jpg", "title": "Institutional investors buy from Grayscale Bitcoin Trust", "text": "Institutional investors are accumulating shares in the fund, taking advantage of 30% falls in the value of the stock", "source_name": "The Cryptonomist", "date": "Mon, 07 Mar 2022 04:59:09 -0500", "topics": ["institutions"], "sentiment": "Neutral", "type": "Article", "tickers": ["BTC"]}, {"news_url": "https://en.cryptonomist.ch/2022/03/07/whale-alert-407-bitcoin-moved-after-8-years/", "image_url": "https://crypto.snapi.dev/images/v1/y/n/bitcoin-whale-alert-1-300x200-115131.jpg", "title": "Whale Alert: 407 Bitcoin moved after 8 years of inactivity", "text": "The holder reportedly moved more than $15 million today", "source_name": "The Cryptonomist", "date": "Mon, 07 Mar 2022 04:55:45 -0500", "topics": ["whales"], "sentiment": "Neutral", "type": "Article", "tickers": ["BTC"]}, {"news_url": "https://www.financemagnates.com/cryptocurrency/news/ethereum-address-sends-99999-eth-to-an-unknown-wallet/", "image_url": "https://crypto.snapi.dev/images/v1/9/5/ethereum-id-186b9a46-6926-40c1-a5bb-18950dadcba6-size900-115125.jpg", "title": "Ethereum Address Sends 99,999 ETH to an Unknown Wallet", "text": "While the world's second most dominant digital asset is struggling to keep any sort of price momentum, Ethereum's whale holders are increasing the on-chain movements. On 4 March 2022, a leading Ethereum whale address moved 99,999 coins to an unknown wallet.", "source_name": "FinanceMagnates", "date": "Mon, 07 Mar 2022 04:53:00 -0500", "topics": [], "sentiment": "Neutral", "type": "Article", "tickers": ["ETH"]}, {"news_url": "https://www.cryptopolitan.com/ethereum-billionaires-supply-increases/", "image_url": "https://crypto.snapi.dev/images/v1/k/n/shutter-speed-a4xo-ej69ps-unsplash-115124.jpg", "title": "Ethereum billionaires' supply increases despite 48% ATH drop", "text": "TL;DR Breakdown: Ethereum billionaires are buying more ETH at the dip. In six months, these whale addresses accumulated 2.2 percent more of the supply.", "source_name": "Cryptopolitan", "date": "Mon, 07 Mar 2022 04:44:48 -0500", "topics": [], "sentiment": "Neutral", "type": "Article", "tickers": ["ETH"]}, {"news_url": "https://u.today/hive-blockchain-buys-intels-bitcoin-mining-chips?SNAPI", "image_url": "https://crypto.snapi.dev/images/v1/l/a/13138-115123.jpg", "title": "HIVE Blockchain Buys Intel's Bitcoin Mining Chips", "text": "Intel's accelerator chip is already in high demand, with Vancouver-based Hive Blockchain signing a supply agreement with the tech giant", "source_name": "UToday", "date": "Mon, 07 Mar 2022 04:36:00 -0500", "topics": ["mining"], "sentiment": "Positive", "type": "Article", "tickers": ["BTC"]}, {"news_url": "https://thecurrencyanalytics.com/bitcoin/devere-ceo-is-bullish-on-bitcoin-btc-and-believes-it-will-reach-50000-this-month-39625.php", "image_url": "https://crypto.snapi.dev/images/v1/5/c/devere-ceo-is-bullish-on-bitcoin-btc-and-believes-it-will-reach-50000-this-month-115121.jpg", "title": "Devere CEO is Bullish on Bitcoin (BTC) and Believes It Will reach $50,000 this Month", "text": "Catch up on the latest crypto market news at The Currency Analytics. According to the CEO of Devere Group, the price of bitcoin will exceed $50,000 before the end of this month.", "source_name": "The Currency Analytics", "date": "Mon, 07 Mar 2022 04:29:33 -0500", "topics": [], "sentiment": "Positive", "type": "Article", "tickers": ["BTC"]}, {"news_url": "https://u.today/veteran-trader-peter-brandt-shares-unusual-bitcoin-chart-pattern-that-reflects-current-market?SNAPI", "image_url": "https://crypto.snapi.dev/images/v1/y/s/13133-115120.jpg", "title": "Veteran Trader Peter Brandt Shares Unusual Bitcoin Chart Pattern That Reflects Current Market Conditions", "text": "Savvy trader Peter Brandt has pointed out an interesting chart pattern that could give us a hint about the current situation on the market", "source_name": "UToday", "date": "Mon, 07 Mar 2022 04:18:00 -0500", "topics": [], "sentiment": "Neutral", "type": "Article", "tickers": ["BTC"]}, {"news_url": "https://en.cryptonomist.ch/2022/03/07/earning-through-bitcoin-due-inflation/", "image_url": "https://crypto.snapi.dev/images/v1/q/a/bitcoin-inflation-dollars-300x200-115132.jpg", "title": "Earning through Bitcoin due to inflation", "text": "This is the idea of the famous author of \"Rich Dad Poor Dad\"", "source_name": "The Cryptonomist", "date": "Mon, 07 Mar 2022 04:11:14 -0500", "topics": [], "sentiment": "Neutral", "type": "Article", "tickers": ["BTC"]}, {"news_url": "https://en.cryptonomist.ch/2022/03/07/bitcoin-ethereum-algorand-price-analyses/", "image_url": "https://crypto.snapi.dev/images/v1/y/l/bitcoin-analysis3-300x200-115134.jpg", "title": "Bitcoin ($38k), Ethereum ($2.5k), Algorand Price Analyses", "text": "The Fear and Greed Index is 23 Extreme Fear", "source_name": "The Cryptonomist", "date": "Mon, 07 Mar 2022 03:34:29 -0500", "topics": [], "sentiment": "Neutral", "type": "Article", "tickers": ["ALGO", "BTC", "ETH"]}, {"news_url": "https://cryptoticker.io/en/ethereum-bull-run-how-to-purchase-eth-on-binance/", "image_url": "https://crypto.snapi.dev/images/v1/p/z/new-ether-115116.jpg", "title": "Ethereum Bull Run? Here's How To Purchase $ETH On Binance", "text": "The crypto sector has continued to gain prominence in the financial market after gaining mainstream attention. This is in no small way, thanks to the activities of the tokens inside the sector.", "source_name": "CryptoTicker", "date": "Mon, 07 Mar 2022 03:21:36 -0500", "topics": [], "sentiment": "Neutral", "type": "Article", "tickers": ["ETH"]}, {"news_url": "https://invezz.com/news/2022/03/07/larix-on-solana-offers-highest-ust-supply-apr-zero-fees/", "image_url": "https://crypto.snapi.dev/images/v1/p/z/the-defi-sector-turns-to-solana-as-an-ethereum-alternative-740x416-115114.jpg", "title": "Larix on Solana offers highest UST supply APR, zero fees", "text": "Larix is now offering the highest $UST supply APR and the lowest $UST borrow APR in Solana (SOL/USD) with no borrowing fees, according to a post on the official website of the project. Larix is the first metaverse based finance protocol on Solana, supported by Terra (LUNA/USD) and Wormhole. What is Larix? This is a [\u2026] The post Larix on Solana offers highest UST supply APR, zero fees appeared first on Invezz.", "source_name": "Invezz", "date": "Mon, 07 Mar 2022 03:18:51 -0500", "topics": [], "sentiment": "Neutral", "type": "Article", "tickers": ["SOL"]}, {"news_url": "https://cointelegraph.com/news/auctioneer-willing-to-sell-70m-artwork-for-btc-or-eth", "image_url": "https://crypto.snapi.dev/images/v1/7/w/840-ahr0chm6ly9zmy5jb2ludgvszwdyyxbolmnvbs91cgxvywrzlziwmjitmdmvmjk3m2uzzdgtywe1os00nzi1ltk1ntitmtkxndu0nji5mdi0lmpwzw-115113.jpg", "title": "Auctioneer willing to sell $70M artwork for BTC or ETH", "text": "A leading U.S. auction house, Phillips is auctioning a Baqueirat collection in May. Accepted payment options include Bitcoin and Ether.", "source_name": "Cointelegraph", "date": "Mon, 07 Mar 2022 03:15:00 -0500", "topics": [], "sentiment": "Neutral", "type": "Article", "tickers": ["BTC"]}, {"news_url": "https://coingape.com/?p=103118", "image_url": "https://crypto.snapi.dev/images/v1/b/i/bitcoin-price-2-gid-4-114928-115162.jpg", "title": "Bitcoin Holds Around $38k While Asian Stocks Tumble", "text": "Bitcoin arrested recent losses on Monday, holding around $38,000 even as as stock markets in Asia and Europe fell sharply on the prospect of Western plans to sanction Russian oil. Oil prices shot up to their highest level since the 2008 financial crisis on the prospect of a Russian blacklist, which increased fears of another The post Bitcoin Holds Around $38k While Asian Stocks Tumble appeared first on CoinGape.", "source_name": "Coingape", "date": "Mon, 07 Mar 2022 03:13:07 -0500", "topics": [], "sentiment": "Neutral", "type": "Article", "tickers": ["BTC"]}, {"news_url": "https://dailyhodl.com/2022/03/07/ethereum-whales-rush-into-shiba-inu-shib-and-several-defi-altcoins-in-an-uncertain-market-whalestats/", "image_url": "https://crypto.snapi.dev/images/v1/c/e/whale-pounces-on-shibajpgfit10242c600ssl1-115117.jpg", "title": "Ethereum Whales Rush Into Shiba Inu (SHIB) and Several DeFi Altcoins in an Uncertain Market", "text": "The largest Ethereum whales in existence are accumulating meme coin Shiba Inu (SHIB) and a collection of decentralized finance (DeFi) altcoins. According to blockchain tracker WhaleStats, Ethereum whales, or investors with at least 1,000 ETH in their wallets, are still favoring Dogecoin competitor Shiba Inu. At time of writing, SHIB is the 10th most purchased [\u2026] The post Ethereum Whales Rush Into Shiba Inu (SHIB) and Several DeFi Altcoins in an Uncertain Market appeared first on The Daily Hodl.", "source_name": "The Daily Hodl", "date": "Mon, 07 Mar 2022 03:04:16 -0500", "topics": ["whales"], "sentiment": "Negative", "type": "Article", "tickers": ["ETH", "SHIB"]}, {"news_url": "https://cointelegraph.com/news/rate-hikes-cpi-and-war-in-europe-5-things-to-watch-in-bitcoin-this-week", "image_url": "https://crypto.snapi.dev/images/v1/t/8/840-ahr0chm6ly9zmy5jb2ludgvszwdyyxbolmnvbs91cgxvywrzlziwmjitmdmvode1ytq4yjmtogqyny00njiwlwfjmzcty2mzzti2nde4ody4lmpwzw-115111.jpg", "title": "Rate hikes, CPI and war in Europe \u2014 5 things to watch in Bitcoin this week", "text": "A grim cocktail of macro triggers converges on Bitcoin, with risk assets looking at a \"rough\" few days coming up, analysts warn.", "source_name": "Cointelegraph", "date": "Mon, 07 Mar 2022 03:02:00 -0500", "topics": [], "sentiment": "Neutral", "type": "Article", "tickers": ["BTC"]}, {"news_url": "https://cryptopotato.com/gold-prices-touch-2000-amid-russia-ukraine-war-bitcoin-and-equities-decline/", "image_url": "https://crypto.snapi.dev/images/v1/t/d/goldcrypto-115110.jpg", "title": "Gold Prices Touch $2,000 Amid Russia-Ukraine War, Bitcoin and Equities Decline", "text": "Gold prices touched $2,000 today amid the ongoing war in Ukraine. Bitcoin and equities are on the decline.", "source_name": "CryptoPotato", "date": "Mon, 07 Mar 2022 02:54:42 -0500", "topics": [], "sentiment": "Negative", "type": "Article", "tickers": ["BTC"]}, {"news_url": "https://coinpedia.org/bitcoin/this-may-be-the-right-time-to-short-bitcoin-btc-price-flashes-bearish-signals/", "image_url": "https://crypto.snapi.dev/images/v1/l/8/crypto11-115108.jpg", "title": "This Maybe the Right Time to Short Bitcoin, BTC Prices Flashes Bearish Signals", "text": "The Crypto space and the Stock market continue to remain extremely volatile may be due to external factors. The BTC price which had surged above $45,000 since the beginning of the month, plunged drastically and now displaying a huge possibility of visiting lower support below $35,000 very soon. However, a drastic pullback may also drag \u2026", "source_name": "CoinPedia", "date": "Mon, 07 Mar 2022 02:38:35 -0500", "topics": [], "sentiment": "Negative", "type": "Article", "tickers": ["BTC"]}, {"news_url": "https://www.newsbtc.com/analysis/eth/ethereum-revisits-2-5k/", "image_url": "https://crypto.snapi.dev/images/v1/v/w/depositphotos-39681551-s-2019-115106.jpg", "title": "TA: Ethereum Revisits $2.5K, Why Recovery Could Be Capped", "text": "Ethereum extended decline below the $2,650 support zone against the US Dollar. ETH price is struggling and there is a risk of a move below $2,500.", "source_name": "NewsBTC", "date": "Mon, 07 Mar 2022 02:08:49 -0500", "topics": ["tanalysis"], "sentiment": "Neutral", "type": "Article", "tickers": ["ETH"]}, {"news_url": "https://thecurrencyanalytics.com/bitcoin/bitcoin-btc-is-still-sitting-on-845260-growth-over-the-last-decade-39616.php", "image_url": "https://crypto.snapi.dev/images/v1/g/p/bitcoin-btc-is-still-sitting-on-845260-growth-over-the-last-decade-115104.jpg", "title": "Bitcoin (BTC) is Still Sitting on 845,260% Growth Over the Last Decade", "text": "Catch up on the latest crypto market news at The Currency Analytics. Peter Schiff shared: Gold is breaking out as Bitcoin is breaking down.", "source_name": "The Currency Analytics", "date": "Mon, 07 Mar 2022 01:44:49 -0500", "topics": [], "sentiment": "Positive", "type": "Article", "tickers": ["BTC"]}], "total_pages": 42}