{"data": [{"news_url": "https://www.benzinga.com/markets/cryptocurrency/22/03/26135612/paypal-ceo-is-least-concerned-with-the-price-of-bitcoin-but-thinks-crypto-will-redefine-th?SNAPI", "image_url": "https://crypto.snapi.dev/images/v1/f/j/10484779294-a86fc70b6f-k-117816.jpg", "title": "PayPal CEO Is Least Concerned With The Price Of Bitcoin, But Thinks Crypto Will 'Redefine' The Financial World", "text": "PayPal Holdings Inc (NASDAQ: PYPL) CEO Dan Schulman is upbeat about cryptocurrencies and said they will \u201credefine a lot of the financial world going forward.\u201d", "source_name": "Benzinga", "date": "Tue, 15 Mar 2022 04:54:00 -0400", "topics": [], "sentiment": "Neutral", "type": "Article", "tickers": ["BTC"]}, {"news_url": "https://www.benzinga.com/markets/cryptocurrency/22/03/26116685/rich-dad-poor-dad-authors-shares-advice-to-beat-inflation-stock-up-on-toilet-paper-trash-b?SNAPI", "image_url": "https://crypto.snapi.dev/images/v1/a/q/robert-kiyosaki-by-gage-skidmore-117801.jpeg", "title": "'Rich Dad Poor Dad' Author's Advice To Beat Inflation: Stock Up On Toilet Paper, Trash Bags And Bitcoin", "text": "Robert Kiyosaki, the bestselling author of \u201cRich Dad Poor Dad\u201d, took to Twitter Inc (NYSE: TWTR) on Monday to recommend buying what he believes to be the best investments in an environment of rising inflation.", "source_name": "Benzinga", "date": "Tue, 15 Mar 2022 04:18:00 -0400", "topics": [], "sentiment": "Positive", "type": "Article", "tickers": ["BTC"]}, {"news_url": "https://beincrypto.com/bitcoin-btc-creates-bullish-engulfing-candlestick-and-reclaims-support/", "image_url": "https://crypto.snapi.dev/images/v1/n/h/bic-onchain-analysis-bitcoin-117795.png", "title": "Bitcoin (BTC) Creates Bullish Engulfing Candlestick and Reclaims Support", "text": "Bitcoin (BTC) is still consolidating below $40,000 and has not shown any decisive signs that would determine the direction of its trend. The post Bitcoin (BTC) Creates Bullish Engulfing Candlestick and Reclaims Support appeared first on BeInCrypto.", "source_name": "BeInCrypto", "date": "Tue, 15 Mar 2022 04:00:00 -0400", "topics": [], "sentiment": "Positive", "type": "Article", "tickers": ["BTC"]}, {"news_url": "https://coinpedia.org/bitcoin/bitcoinbtc-price-to-initiate-a-parabolic-run/", "image_url": "https://crypto.snapi.dev/images/v1/3/z/crypto15-117791.jpg", "title": "Bitcoin Prints Bullish Signs! BTC Price To Initiate a Parabolic Run To $72k, Here's Why?", "text": "In the last 24 hours, the cryptocurrency market has failed to offer any substantial swings, with the bulk of coins trading flat with no actual differences. Bitcoin is up by 1.9%, trading at $38,927.95. ETH too has seen no major movement as it hovers around $2550. All other tokens on the chart follow the same \u2026", "source_name": "CoinPedia", "date": "Tue, 15 Mar 2022 04:00:00 -0400", "topics": [], "sentiment": "Positive", "type": "Article", "tickers": ["BTC"]}, {"news_url": "https://www.coinbureau.com/news/eu-votes-to-reject-defacto-ban-on-bitcoin/", "image_url": "https://crypto.snapi.dev/images/v1/q/f/euvotestorejectdefactobanonbitcoin-1024x614-117790.jpg", "title": "EU Votes to Reject DeFacto Ban On Bitcoin", "text": "The European Union has voted against enacting a proposed rule that could have effectively banned Bitcoin and Ethereum. The EU's economic and monetary affairs committee voted 30-23 to nix a provision from a draft of the Markets in Crypto Assets (MiCA) bill which would have limited the use of proof-of-work cryptocurrencies which some officials deem [\u2026] The post EU Votes to Reject DeFacto Ban On Bitcoin appeared first on Coin Bureau.", "source_name": "Coinbureau", "date": "Tue, 15 Mar 2022 03:57:11 -0400", "topics": [], "sentiment": "Positive", "type": "Article", "tickers": ["BTC"]}, {"news_url": "https://cointelegraph.com/news/bitcoin-sees-mother-of-all-consolidations-as-40k-btc-price-squeeze-fails", "image_url": "https://crypto.snapi.dev/images/v1/o/v/840-ahr0chm6ly9zmy5jb2ludgvszwdyyxbolmnvbs91cgxvywrzlziwmjitmdmvmzk5otrlnwqtmdk4mi00otawlwewy2ytzgm0zdexnthkzdq5lmpwzw-117788.jpg", "title": "Bitcoin sees 'mother of all consolidations' as $40K BTC price squeeze fails", "text": "BTC price action is stubbornly sticking to a zone which has seen more on-chain volume than any other in Bitcoin's history.", "source_name": "Cointelegraph", "date": "Tue, 15 Mar 2022 03:44:17 -0400", "topics": [], "sentiment": "Neutral", "type": "Article", "tickers": ["BTC"]}, {"news_url": "https://en.cryptonomist.ch/2022/03/15/elon-musk-moves-slightly-prices-bitcoin-ethereum-dogecoin/", "image_url": "https://crypto.snapi.dev/images/v1/l/z/bitcoin-ethereum-dogecoin-3-300x200-117793.jpg", "title": "Elon Musk moves (slightly) the prices of Bitcoin, Ethereum and Dogecoin", "text": "After the tweet from the CEO of Tesla, the markets have experienced small movements", "source_name": "The Cryptonomist", "date": "Tue, 15 Mar 2022 03:41:19 -0400", "topics": [], "sentiment": "Neutral", "type": "Article", "tickers": ["BTC", "DOGE", "ETH"]}, {"news_url": "https://beincrypto.com/open-source-wasabi-wallet-censor-certain-bitcoin-transactions/", "image_url": "https://crypto.snapi.dev/images/v1/q/m/bic-artwork-crypto-walletsjpgoptimal-117789.jpg", "title": "Open-Source Wasabi Wallet to Censor Certain Bitcoin Transactions", "text": "Wasabi Wallet will blacklist certain bitcoin transactions from registering to its CoinJoin coordinator in a bid to prevent hackers and scammers from making away with stolen funds. The post Open-Source Wasabi Wallet to Censor Certain Bitcoin Transactions appeared first on BeInCrypto.", "source_name": "BeInCrypto", "date": "Tue, 15 Mar 2022 03:30:00 -0400", "topics": [], "sentiment": "Negative", "type": "Article", "tickers": ["BTC"]}, {"news_url": "https://www.benzinga.com/markets/cryptocurrency/22/03/26136130/bitcoin-and-ethereum-see-120m-in-weekly-outflows-whats-the-major-trigger?SNAPI", "image_url": "https://crypto.snapi.dev/images/v1/z/f/ethereum-gb9906a029-1920-117797.jpg", "title": "Bitcoin And Ethereum See $120M In Weekly Outflows \u2014 What's The Major Trigger?", "text": "After seven weeks of consecutive inflows, digital asset investment products saw $110 million worth of net outflows last week.", "source_name": "Benzinga", "date": "Tue, 15 Mar 2022 03:25:00 -0400", "topics": [], "sentiment": "Neutral", "type": "Article", "tickers": ["BTC", "ETH"]}, {"news_url": "https://coingape.com/?p=104313", "image_url": "https://crypto.snapi.dev/images/v1/u/r/urlhttps3a2f2fgfoolcdncom2feditorial2fimages2f6702822fan-xrp-token-logojpgw700opresize-117194-117813.jpg", "title": "Just-In: SEC Claims Internal Documents Irrelevant In XRP Case", "text": "The U.S. Securities and Exchange Commission (SEC) on Monday filed a letter to Magistrate Judge Sarah Netburn of the Southern District of New York, claiming that a previous order makes internal documents from the SEC irrelevant to the case against Ripple. The letter states that according to an order by Judge Analisa Torres, former SEC The post Just-In: SEC Claims Internal Documents Irrelevant In XRP Case appeared first on CoinGape.", "source_name": "Coingape", "date": "Tue, 15 Mar 2022 02:51:48 -0400", "topics": ["regulations"], "sentiment": "Neutral", "type": "Article", "tickers": ["XRP"]}, {"news_url": "https://coinpedia.org/bitcoin/this-is-why-btc-price-is-stuck-below-50k/", "image_url": "https://crypto.snapi.dev/images/v1/m/l/crypto14-117777.jpg", "title": "Bitcoin In Consolidation! This is Why BTC Price is Stuck Below $50K", "text": "Bitcoin was trading over 2% higher at $38,882 Wednesday, bringing cryptocurrency values above the $38,000 mark for the first time. Ether also increased by over 1% to $2,549. Shiba Inu was trading almost a percent higher at $0.000022, while Dogecoin gained 2% to $0.11. Other digital assets' performance improved in the last 24 hours, with \u2026", "source_name": "CoinPedia", "date": "Tue, 15 Mar 2022 02:36:34 -0400", "topics": [], "sentiment": "Negative", "type": "Article", "tickers": ["BTC"]}, {"news_url": "https://coinpedia.org/bitcoin/btc-price-to-100k-this-september-bitcoin-to-surge-more-than-200/", "image_url": "https://crypto.snapi.dev/images/v1/u/o/crypto13-117776.jpg", "title": "BTC Price To $100,000k This September! Bitcoin To Hit Its 9-year Support For A Massive 200% Surge!", "text": "\u00a0\u00a0The crypto-sphere's sentiments have been ebbing in view of a bear run to the south. As a result of which, the sentiments continue to tremble in extreme fear. The fear and greed index is now at extreme fear, with a score of 23. The market cap of the industry is now hovering around $1.81 T.\u00a0 \u2026", "source_name": "CoinPedia", "date": "Tue, 15 Mar 2022 02:29:00 -0400", "topics": [], "sentiment": "Positive", "type": "Article", "tickers": ["BTC"]}, {"news_url": "https://www.reuters.com/business/finance/cryptoverse-bitcoins-scared-commitment-mr-biden-2022-03-15/", "image_url": "https://crypto.snapi.dev/images/v1/a/p/q6zg6gesyjo5bmd7tonxpmfzee-117774.jpg", "title": "Cryptoverse: Bitcoin's scared of commitment, Mr Biden", "text": "Bitcoin loves flirting with the mainstream. But now, as the U.S. president says he wants to get serious, it may be getting cold crypto feet.", "source_name": "Reuters", "date": "Tue, 15 Mar 2022 02:15:57 -0400", "topics": [], "sentiment": "Negative", "type": "Article", "tickers": ["BTC"]}, {"news_url": "https://www.cryptopolitan.com/bitcoin-ethereum-polkadot-and-dogecoin-daily-price-analyses-14-march-roundup/", "image_url": "https://crypto.snapi.dev/images/v1/g/7/roundup-1140-x-570-2022-05-117771.png", "title": "Bitcoin, Ethereum, Polkadot, and Dogecoin Daily Price Analyses \u2013 14 March Roundup", "text": "TL;DR Breakdown The global crypto market continues to grow, adding 1.08% in the last 24 hours. Bitcoin is also bullish as it has added 1.72% over the last 24 hours.", "source_name": "Cryptopolitan", "date": "Tue, 15 Mar 2022 02:09:53 -0400", "topics": [], "sentiment": "Neutral", "type": "Article", "tickers": ["BTC", "DOGE", "DOT", "ETH"]}, {"news_url": "https://u.today/ripple-execs-failed-motion-prompts-sec-to-declare-its-internal-docs-irrelevant?SNAPI", "image_url": "https://crypto.snapi.dev/images/v1/o/e/1619143135281334498-0-117770.png", "title": "Ripple Execs' Failed Motion Prompts SEC to Declare Its Internal Docs \u201cIrrelevant\u201d", "text": "The defendants will have a chance to respond to the SEC's letter in support of its motion for partial reconsideration and clarification", "source_name": "UToday", "date": "Tue, 15 Mar 2022 02:08:00 -0400", "topics": ["regulations"], "sentiment": "Negative", "type": "Article", "tickers": ["XRP"]}, {"news_url": "https://cointelegraph.com/news/short-term-bitcoin-buyers-transition-to-long-term-holders-glassnode", "image_url": "https://crypto.snapi.dev/images/v1/2/n/840-ahr0chm6ly9zmy5jb2ludgvszwdyyxbolmnvbs91cgxvywrzlziwmjitmdmvm2vkn2fjotktnmnjmc00otfhltg1mzqtmdy4mtnhn2y5nzvjlmpwzw-117772.jpg", "title": "Short term Bitcoin buyers transition to long term holders: Glassnode", "text": "Although long-term coin selling saw a marked increase last week, HODLing is still the preferred strategy as more of the short-term supply is becoming long-term supply.", "source_name": "Cointelegraph", "date": "Tue, 15 Mar 2022 02:07:21 -0400", "topics": [], "sentiment": "Neutral", "type": "Article", "tickers": ["BTC"]}, {"news_url": "https://coinpedia.org/ethereum/ethereum-eth-price-at-crucial-level/", "image_url": "https://crypto.snapi.dev/images/v1/q/h/ethereum-gea1529c2a-1920-117765-117767.jpg", "title": "Ethereum (ETH) Price At Crucial Levels: This Move Can Take 30% Swing Either Higher or Lower\ufffc", "text": "Ethereum slid down as soon as it surged after a rally that saw its price rise by 6% to nearly $2,800 last week. The altcoin hasn't risen above $3,000 since March 1, when it did so for the first time since February 17. Following an instant dip below $2,400, after Russian President Vladimir Putin ordered \u2026", "source_name": "CoinPedia", "date": "Tue, 15 Mar 2022 01:33:05 -0400", "topics": [], "sentiment": "Neutral", "type": "Article", "tickers": ["ETH"]}, {"news_url": "https://www.newsbtc.com/analysis/eth/ethereum-consolidates-below-2600/", "image_url": "https://crypto.snapi.dev/images/v1/m/j/shutterstock-520106728-117766.jpg", "title": "TA: Ethereum Consolidates Below $2600: What Could Trigger A Sharp Increase", "text": "Ethereum is consolidating below $2,600 against the US Dollar. ETH price must clear $2,600 and $2,620 to start a major increase in the near term.", "source_name": "NewsBTC", "date": "Tue, 15 Mar 2022 01:28:04 -0400", "topics": ["tanalysis"], "sentiment": "Neutral", "type": "Article", "tickers": ["ETH"]}, {"news_url": "https://coingape.com/?p=104314", "image_url": "https://crypto.snapi.dev/images/v1/a/b/abra-ceo-eth-117363-117809.jpg", "title": "Ethereum Gas Fee Hits A 8-Month Low, Bill Barhydt Sets $30,000 Bull Case for ETH", "text": "Ethereum (ETH) witnessed some major bounceback on Monday, March 14, and is currently trading at $2,550 levels. Along with Bitcoin (BTC), the world's second-largest cryptocurrency continues to remain volatile in the price range of $2,500-$3,200.", "source_name": "Coingape", "date": "Tue, 15 Mar 2022 00:52:21 -0400", "topics": [], "sentiment": "Positive", "type": "Article", "tickers": ["ETH"]}, {"news_url": "https://beincrypto.com/whale-ahoy-bitcoin-wallet-activated-after-11-years/", "image_url": "https://crypto.snapi.dev/images/v1/o/l/bitcoin-whale-inkjpegoptimal-117762.jpeg", "title": "Whale Ahoy! Bitcoin Wallet Activated After 11 Years", "text": "Whale Ahoy! A human smart enough to acquire 489.09 BTC in October 2010 is now moving their haul.", "source_name": "BeInCrypto", "date": "Tue, 15 Mar 2022 00:35:49 -0400", "topics": ["whales"], "sentiment": "Neutral", "type": "Article", "tickers": ["BTC"]}, {"news_url": "https://cryptonews.com/news/bitcoin-ethereum-still-range-bound-grt-rune-accelerate.htm", "image_url": "https://crypto.snapi.dev/images/v1/4/s/20210909-crypto-exchanges-regulators-800x450-114924-115437-116649-117111-117390-117761.jpg", "title": "Bitcoin and Ethereum Still Range-Bound, GRT and RUNE Accelerate", "text": "Bitcoin price started another recovery wave above the USD 38,850 and USD 39,000 levels. BTC climbed above USD 39,500, before correcting below USD 39,000 again. The price is currently (04:02 UTC) consolidating above USD 38,700.", "source_name": "Cryptonews", "date": "Tue, 15 Mar 2022 00:16:00 -0400", "topics": [], "sentiment": "Neutral", "type": "Article", "tickers": ["BTC", "ETH", "GRT", "RUNE"]}, {"news_url": "https://www.benzinga.com/markets/cryptocurrency/22/03/26135457/never-mind-the-gas-fee-ethereum-foundation-says-it-is-empowering-artists-to-unshackle-from?SNAPI", "image_url": "https://crypto.snapi.dev/images/v1/b/u/ethereum-gea1529c2a-1920-117765.jpg", "title": "Never Mind The Gas Fee: Ethereum Foundation Says It Is Empowering Artists To Unshackle From YouTube, Spotify", "text": "Ethereum Foundation, the non-profit that supports Ethereum (CRYPTO: ETH) and related technologies, says 2021 was the year that \u201cWeb3\u201d came into public consciousness, which allowed creators to break free from centralized platforms.", "source_name": "Benzinga", "date": "Tue, 15 Mar 2022 00:09:00 -0400", "topics": [], "sentiment": "Neutral", "type": "Article", "tickers": ["ETH"]}, {"news_url": "https://invezz.com/news/2022/03/15/ripple-price-triangle-pattern-points-to-an-xrp-breakout/", "image_url": "https://crypto.snapi.dev/images/v1/l/u/ripple-case-117758.jpg", "title": "Ripple price triangle pattern points to an XRP breakout", "text": "The Ripple (XRP/USD) price has been in a tight range recently as investors watch the proceedings about the SEC case. It is trading at $0.7617, where it has been in the past few days. This price is about 40% above its lowest level this year and 46% below 2021 high. Ripple vs SEC case update [\u2026] The post Ripple price triangle pattern points to an XRP breakout appeared first on Invezz.", "source_name": "Invezz", "date": "Mon, 14 Mar 2022 23:24:49 -0400", "topics": [], "sentiment": "Positive", "type": "Article", "tickers": ["XRP"]}, {"news_url": "https://www.newsbtc.com/analysis/btc/bitcoin-upsides-remain-capped/", "image_url": "https://crypto.snapi.dev/images/v1/c/d/buying-dip-bitcoinjpgfit10242c600ssl1-117347-117756.jpg", "title": "TA: Bitcoin Attempts Fresh Increase, Why Upsides Remain Capped", "text": "Bitcoin attempted a fresh increase above $39,500 against the US Dollar. BTC is still facing a strong resistance near $39,800 and $40,000.", "source_name": "NewsBTC", "date": "Mon, 14 Mar 2022 23:08:56 -0400", "topics": ["tanalysis"], "sentiment": "Positive", "type": "Article", "tickers": ["BTC"]}, {"news_url": "https://www.cryptopolitan.com/solana-price-analysis2022-03-15/", "image_url": "https://crypto.snapi.dev/images/v1/b/w/webpnet-resizeimage-6-117750.jpg", "title": "Solana price analysis: SOL/USD sinks to $80.15 as bears target $78", "text": "TL;DR Breakdown Solana price analysis reveals a bearish trend Bears have pulled the prices below $80.0 previous support levels The current support is at $80.15 but is likely to go [\u2026]", "source_name": "Cryptopolitan", "date": "Mon, 14 Mar 2022 22:13:59 -0400", "topics": ["tanalysis"], "sentiment": "Negative", "type": "Article", "tickers": ["SOL"]}, {"news_url": "https://cointelegraph.com/news/ethereum-merge-edging-closer-with-final-kiln-testnet-launch", "image_url": "https://crypto.snapi.dev/images/v1/p/8/840-ahr0chm6ly9zmy5jb2ludgvszwdyyxbolmnvbs91cgxvywrzlziwmjitmdmvote3njg5ymitn2eymc00zdhllwfknjctzdyyyzfim2i3mdzjlmpwzw-117749.jpg", "title": "Ethereum 'Merge' edging closer with final Kiln testnet launch", "text": "The Kiln testnet is the final public testing phase before the long-awaited Ethereum \u2018Merge' and the end of proof-of-work consensus.", "source_name": "Cointelegraph", "date": "Mon, 14 Mar 2022 22:07:30 -0400", "topics": [], "sentiment": "Neutral", "type": "Article", "tickers": ["ETH"]}, {"news_url": "https://www.benzinga.com/markets/cryptocurrency/22/03/26135164/let-the-jitters-end-bitcoin-and-ethereum-are-not-getting-banned-in-eu-after-all?SNAPI", "image_url": "https://crypto.snapi.dev/images/v1/l/r/btc-g8735c1f9a-1920-117757.jpg", "title": "Let The Jitters End: Bitcoin And Ethereum Are Not Getting Banned In EU After All", "text": "The European Parliament's Committee on Economic and Monetary Affairs has voted against a bill that would outright ban proof-of-work (PoW) cryptocurrencies such as Bitcoin (CRYPTO: BTC) and Ethereum (CRYPTO:", "source_name": "Benzinga", "date": "Mon, 14 Mar 2022 22:06:00 -0400", "topics": [], "sentiment": "Positive", "type": "Article", "tickers": ["BTC", "ETH"]}, {"news_url": "https://cointelegraph.com/news/motions-denied-for-both-sec-and-ripple-as-battle-continues", "image_url": "https://crypto.snapi.dev/images/v1/6/0/840-ahr0chm6ly9zmy5jb2ludgvszwdyyxbolmnvbs91cgxvywrzlziwmjitmdmvytmwmmfmnjctzdvjys00m2fhlwi1zjqtotiyzwu0mgjlywu2lmpwzw-117745.jpg", "title": "Motions denied for both SEC and Ripple as battle continues", "text": "Ripple CEO Garlington claims a \u201cbig win\u201d in the dismissal of an SEC motion while remaining silent about the ruling on his own motion.", "source_name": "Cointelegraph", "date": "Mon, 14 Mar 2022 21:26:45 -0400", "topics": ["regulations"], "sentiment": "Neutral", "type": "Article", "tickers": ["XRP"]}, {"news_url": "https://www.benzinga.com/markets/cryptocurrency/22/03/26135032/bitcoin-ethereum-dogecoin-spike-ahead-of-feds-anticipated-rate-hike-is-crypto-in-for-a-cho?SNAPI", "image_url": "https://crypto.snapi.dev/images/v1/o/2/vecteezy-businessman-holding-golden-bitcoin-on-computer-trading-chart-screen-3173775-117747.jpg", "title": "Bitcoin, Ethereum, Dogecoin Spike Ahead Of Fed's Anticipated Rate Hike \u2014 Is Crypto In For A 'Choppy Period?'", "text": "Bitcoin and other major coins were trading in the green at press time as the global cryptocurrency market cap rose 3.1% to $1.8 trillion.", "source_name": "Benzinga", "date": "Mon, 14 Mar 2022 21:02:00 -0400", "topics": [], "sentiment": "Positive", "type": "Article", "tickers": ["BTC", "DOGE", "ETH"]}, {"news_url": "https://cryptopotato.com/austin-mayor-proposes-bitcoin-to-be-accepted-for-payments-for-taxes-fees-penalties/", "image_url": "https://crypto.snapi.dev/images/v1/k/c/steve-adler-117738.jpg", "title": "Austin Mayor Proposes Bitcoin to be Accepted for Payments for Taxes, Fees, Penalties", "text": "Steve Adler believes Austin's economy and the locals' well-being could improve should the city embrace blockchain technology and bitcoin.", "source_name": "CryptoPotato", "date": "Mon, 14 Mar 2022 19:45:23 -0400", "topics": ["taxes"], "sentiment": "Positive", "type": "Article", "tickers": ["BTC"]}, {"news_url": "https://ambcrypto.com/new-dream-team-solana-and-luna-taking-on-bitcoin-and-ethereum-in-volumes/", "image_url": "https://crypto.snapi.dev/images/v1/9/x/mahdi-soheili-xncgiwy8f2m-unsplash-2-117736.jpg", "title": "New dream team? Solana, LUNA taking on Bitcoin and Ethereum in volumes\u00a0", "text": "As Bitcoin [BTC] and Ethereum [ETH] revel in distant dreams of their long lost highs and struggle to break past their old resistance levels, is it possible that weary investors are looking towards more energetic alts instead? Here's what the data said.", "source_name": "AMBCrypto", "date": "Mon, 14 Mar 2022 19:30:08 -0400", "topics": [], "sentiment": "Positive", "type": "Article", "tickers": ["LUNA", "SOL"]}, {"news_url": "https://news.bitcoin.com/skybridge-capital-founder-bitcoin-will-be-legal-tender-in-many-latin-american-countries/", "image_url": "https://crypto.snapi.dev/images/v1/b/c/scaramucci-legal-tender-117737.jpg", "title": "Skybridge Capital Founder: Bitcoin Will Be Legal Tender in Many Latin American Countries", "text": "The founder of Skybridge Capital has predicted that \u201cbitcoin will be used by many Latin American countries as legal tender over time, not just El Salvador.\u201d He recently doubled down on his $100K bitcoin price prediction but does not currently see the cryptocurrency as a hedge against inflation. Bitcoin Will Be Legal Tender in Many [\u2026]", "source_name": "Bitcoin", "date": "Mon, 14 Mar 2022 19:30:01 -0400", "topics": [], "sentiment": "Positive", "type": "Article", "tickers": ["BTC"]}, {"news_url": "https://www.youtube.com/watch?v=7n4Xf1WNXQM", "image_url": "https://crypto.snapi.dev/images/v1/6/5/crypto-report-ripple-ceo-on-sec-battle-117735.jpg", "title": "Crypto Report: Ripple CEO on SEC Battle", "text": "Ripple CEO Brad Garlinghouse joins Emily Chang to discuss his \"victory\" after a court ruled in the favor of his company's defense against the SEC alleging they had unlawfully sold their XRP tokens. He also weighs in on the role of crypto in the war in Ukraine, and Biden's crypto executive order.", "source_name": "Bloomberg Technology", "date": "Mon, 14 Mar 2022 19:26:01 -0400", "topics": ["regulations"], "sentiment": "Neutral", "type": "Video", "tickers": ["XRP"]}, {"news_url": "https://thecurrencyanalytics.com/bitcoin/owning-bitcoin-btc-gives-you-the-power-to-reject-authority-40035.php", "image_url": "https://crypto.snapi.dev/images/v1/c/4/owning-bitcoin-btc-gives-you-the-power-to-reject-authority-117732.jpg", "title": "Owning Bitcoin (BTC) Gives You the Power to Reject Authority", "text": "Catch up on the latest crypto market news at The Currency Analytics. Dan Held shared: Owning Bitcoin gives you the power to reject authority.", "source_name": "The Currency Analytics", "date": "Mon, 14 Mar 2022 19:03:43 -0400", "topics": [], "sentiment": "Neutral", "type": "Article", "tickers": ["BTC"]}, {"news_url": "https://cointelegraph.com/news/how-professional-ethereum-traders-place-bullish-eth-price-bets-while-limiting-losses", "image_url": "https://crypto.snapi.dev/images/v1/a/l/840-ahr0chm6ly9zmy5jb2ludgvszwdyyxbolmnvbs91cgxvywrzlziwmjitmdmvnzazogmwztytmjhkys00ndgylwfhzdetnjm3mzi1mzk0ntc5lmpwzw-117733.jpg", "title": "How professional Ethereum traders place bullish ETH price bets while limiting losses", "text": "Traders who believe ETH will recover but unlikely surpass $3,800 ahead of May can benefit from the skewed iron condor strategy.", "source_name": "Cointelegraph", "date": "Mon, 14 Mar 2022 19:01:00 -0400", "topics": [], "sentiment": "Positive", "type": "Article", "tickers": ["ETH"]}, {"news_url": "https://www.newsbtc.com/analysis/eth/ethereum-needs-to-break-above-2650-but-why-wont-it-budge/", "image_url": "https://crypto.snapi.dev/images/v1/n/t/ethereum-9-117729.png", "title": "Ethereum Needs To Break Above $2,650, But Why Won't It Budge?", "text": "Ethereum continues to struggle after falling below $3,000. This price point was critical for bulls to hold and ever since bears dragged the price below it, it has been a continuous display of dips and crashes.", "source_name": "NewsBTC", "date": "Mon, 14 Mar 2022 19:00:23 -0400", "topics": [], "sentiment": "Neutral", "type": "Article", "tickers": ["ETH"]}, {"news_url": "https://bitcoinmagazine.com/business/is-bitcoin-a-burden-for-cpas", "image_url": "https://crypto.snapi.dev/images/v1/i/a/img-6332-117728.png", "title": "Is Bitcoin A Burden For CPAs To Manage?", "text": "For maximum adoption, the industry needs accountants who understand bitcoin and know its tax implications.", "source_name": "Bitcoin Magazine", "date": "Mon, 14 Mar 2022 19:00:00 -0400", "topics": [], "sentiment": "Neutral", "type": "Article", "tickers": ["BTC"]}, {"news_url": "https://www.cryptoglobe.com/latest/2022/03/ripples-xrp-lawsuit-denial-of-secs-motion-to-strike-fair-notice-defense-was-huge-win/", "image_url": "https://crypto.snapi.dev/images/v1/f/u/nasser-eledroos-20fmgtxks-i-unsplash-117726.jpg", "title": "Ripple's $XRP Lawsuit: Denial of SEC's Motion to Strike \u2018Fair Notice' Defense Was \u2018Huge Win'", "text": "The CEO of Ripple Brad Garlinghouse has revealed on social media he believes the fintech firm has scored a \u201chuge win\u201d after the firm's general counsel Stuart Alderoty revealed the court denied the U.S. Securities and Exchange Commission's motion to strike its fair notice defense. Per Alderoty, the order revealed there's a \u201cserious question\u201d as [\u2026]", "source_name": "CryptoGlobe", "date": "Mon, 14 Mar 2022 18:50:00 -0400", "topics": ["regulations"], "sentiment": "Positive", "type": "Article", "tickers": ["XRP"]}, {"news_url": "https://investorplace.com/2022/03/should-you-buy-solana-right-now-probably-not/", "image_url": "https://crypto.snapi.dev/images/v1/z/g/crypto9-117725.jpg", "title": "Should You Buy Solana Right Now? Probably Not.", "text": "Solana has been facing persistent network outages and seems to have made serious sacrifices to its decentralization and security for speed.", "source_name": "Investorplace", "date": "Mon, 14 Mar 2022 18:44:47 -0400", "topics": [], "sentiment": "Neutral", "type": "Article", "tickers": ["SOL"]}, {"news_url": "https://bitcoinmagazine.com/business/eu-bitcoin-ban-would-be-a-mistake", "image_url": "https://crypto.snapi.dev/images/v1/c/l/regulation-gavel-judge-117721.png", "title": "Why The Proposed EU Bitcoin Ban Would Have Been A Mistake", "text": "The proposal, while shot down, is an example of growing misdirection in regulatory stances.", "source_name": "Bitcoin Magazine", "date": "Mon, 14 Mar 2022 18:12:01 -0400", "topics": [], "sentiment": "Negative", "type": "Article", "tickers": ["BTC"]}, {"news_url": "https://dailyhodl.com/2022/03/14/will-ethereum-flip-bitcoin-in-2022-crypto-analyst-nicholas-merten-updates-eth-forecast-as-markets-consolidate/", "image_url": "https://crypto.snapi.dev/images/v1/e/n/bottom-targets-ethereum-2126932709-1632263220381jpgfit10242c600ssl1-117731.jpg", "title": "Will Ethereum Flip Bitcoin in 2022? Crypto Analyst Nicholas Merten Updates ETH Forecast As Markets Consolidate", "text": "Crypto analyst Nicholas Merten says that Ethereum (ETH) may possibly overtake Bitcoin (BTC) as the leading crypto asset this year. In a new video, Merten tells his 512,000 YouTube subscribers that the \u201cflippening,\u201d or the event of Ethereum's market cap surpassing Bitcoin's, is still a major possibility in this market cycle. \u201cI know a lot [\u2026] The post Will Ethereum Flip Bitcoin in 2022? Crypto Analyst Nicholas Merten Updates ETH Forecast As Markets Consolidate appeared first on The Daily Hodl.", "source_name": "The Daily Hodl", "date": "Mon, 14 Mar 2022 18:05:00 -0400", "topics": [], "sentiment": "Neutral", "type": "Article", "tickers": ["ETH"]}, {"news_url": "https://dailyhodl.com/2022/03/14/macro-expert-lyn-alden-says-cancel-proof-bitcoin-could-make-its-way-onto-central-bank-balance-sheets-heres-how/", "image_url": "https://crypto.snapi.dev/images/v1/f/f/cancel-proof-bitcoin-couldjpgfit10242c600ssl1-117720.jpg", "title": "Macro Expert Lyn Alden Says Cancel-Proof Bitcoin Could Make Its Way Onto Central Bank Balance Sheets \u2013 Here's How", "text": "Macroeconomic guru Lyn Alden is laying out how Bitcoin can ultimately make its way onto the balance sheets of central banks of nation-states. In a new interview with Peter McCormack on What Bitcoin Did, Alden says at the moment, argues that current geopolitical tensions may force some nation-states to start taking Bitcoin more seriously. With [\u2026] The post Macro Expert Lyn Alden Says Cancel-Proof Bitcoin Could Make Its Way Onto Central Bank Balance Sheets \u2013 Here's How appeared first on The Daily Hodl.", "source_name": "The Daily Hodl", "date": "Mon, 14 Mar 2022 18:01:06 -0400", "topics": [], "sentiment": "Neutral", "type": "Article", "tickers": ["BTC"]}, {"news_url": "https://thecurrencyanalytics.com/bitcoin/bitcoin-btc-guys-are-still-so-early-40029.php", "image_url": "https://crypto.snapi.dev/images/v1/g/2/bitcoin-btc-guys-are-still-so-early-1-117719.jpg", "title": "Bitcoin (BTC) Guys are Still so Early", "text": "Catch up on the latest crypto market news at The Currency Analytics. Dan Held shared: Gold: 12T dollars, Money: 100T dollars, Negative Yielding Debt: 5T dollars, Bitcoin: 0.7T dollars.", "source_name": "The Currency Analytics", "date": "Mon, 14 Mar 2022 18:00:18 -0400", "topics": [], "sentiment": "Neutral", "type": "Article", "tickers": ["BTC"]}, {"news_url": "https://coinpedia.org/ripple/xrp-on-its-way-towards-a-20-correction/", "image_url": "https://crypto.snapi.dev/images/v1/u/a/crypto8-117716.jpg", "title": "XRP is On Its Way Towards A 20% Correction! Will This Ruling In Ripple's Lawsuit Handcuff The Bears?", "text": "\u00a0\u00a0The folks from the global crypto market are anxious about, how the week will unfold. As major announcements remain in opposition of the industry. Meanwhile the XRP army holds anxiety around the price action of XRP. A number of indicators hint at the call of the bears. Which could open up a possible plunge in \u2026", "source_name": "CoinPedia", "date": "Mon, 14 Mar 2022 17:52:00 -0400", "topics": [], "sentiment": "Negative", "type": "Article", "tickers": ["XRP"]}, {"news_url": "https://cointelegraph.com/news/bitcoin-s-got-3-strikes-but-investors-remain-calm-despite-price-drop", "image_url": "https://crypto.snapi.dev/images/v1/r/a/840-ahr0chm6ly9zmy5jb2ludgvszwdyyxbolmnvbs91cgxvywrzlziwmjitmdmvnwe2ode1ymqtnwjmmi00nmuzlwjimwytmjllotrimtk0mzezlmpwzw-117714.jpg", "title": "Bitcoin's got 3 strikes, but investors remain calm despite price drop", "text": "Proof-of-work mining escaped severe regulatory pressure, but crypto derivatives and CNY Tether premium show investors' lack of excitement.", "source_name": "Cointelegraph", "date": "Mon, 14 Mar 2022 17:30:00 -0400", "topics": [], "sentiment": "Neutral", "type": "Article", "tickers": ["BTC"]}, {"news_url": "https://thecurrencyanalytics.com/bitcoin/regulation-will-accelerate-the-adoption-of-bitcoin-btc-40041.php", "image_url": "https://crypto.snapi.dev/images/v1/n/l/regulation-will-accelerate-the-adoption-of-bitcoin-btc-117711.jpg", "title": "Regulation Will Accelerate the Adoption of Bitcoin (BTC)", "text": "Catch up on the latest crypto market news at The Currency Analytics. Michael Saylor shared: Regulation will accelerate the adoption of Bitcoin.", "source_name": "The Currency Analytics", "date": "Mon, 14 Mar 2022 17:24:09 -0400", "topics": ["regulations"], "sentiment": "Positive", "type": "Article", "tickers": ["BTC"]}, {"news_url": "https://www.coindesk.com/tech/2022/03/14/wasabi-wallets-coinjoin-coordinator-to-blacklist-certain-bitcoin-transactions/", "image_url": "https://crypto.snapi.dev/images/v1/x/l/a6sbge6ekjcqzh4ei2lwfbsyke-117708.jpg", "title": "Wasabi Wallet's CoinJoin Coordinator to Blacklist Certain Bitcoin Transactions", "text": "CoinJoin is an open-source protocol, so restrictions imposed by one centralized service do not spell the end for these group transactions and the bitcoin privacy they protect.", "source_name": "Coindesk", "date": "Mon, 14 Mar 2022 17:06:00 -0400", "topics": [], "sentiment": "Negative", "type": "Article", "tickers": ["BTC"]}, {"news_url": "https://cointelegraph.com/news/btc-price-struggles-below-39k-ahead-of-expected-interest-rate-hike-by-the-fed", "image_url": "https://crypto.snapi.dev/images/v1/d/9/840-ahr0chm6ly9zmy5jb2ludgvszwdyyxbolmnvbs91cgxvywrzlziwmjitmdmvmgfiyjhlzwyty2mxnc00nzq4lwfkzdctmduwmtfmmtrmmzvklmpwzw-117705.jpg", "title": "BTC price struggles below $39K ahead of expected interest rate hike by the Fed", "text": "Bitcoin consolidates below $39,000 as one trader warns about a possible squeeze on the daily chart, while a nine-year support level continues to hold strong.", "source_name": "Cointelegraph", "date": "Mon, 14 Mar 2022 17:00:00 -0400", "topics": [], "sentiment": "Negative", "type": "Article", "tickers": ["BTC"]}, {"news_url": "https://decrypt.co/95061/nfts-are-a-profound-invention-says-ethereum-co-founder-joe-lubin", "image_url": "https://crypto.snapi.dev/images/v1/n/n/joe-lubin-ethereal-2022-chie-endo-gid-4-117704.png", "title": "NFTs Are a \u2018Profound Invention' Says Ethereum Co-Founder Joe Lubin", "text": "The ConsenSys CEO talked up the potential impact of NFT technology\u2014even though he's not an NFT collector himself.", "source_name": "Decrypt", "date": "Mon, 14 Mar 2022 16:52:12 -0400", "topics": ["NFT"], "sentiment": "Positive", "type": "Article", "tickers": ["ETH"]}, {"news_url": "https://coingape.com/?p=104309", "image_url": "https://crypto.snapi.dev/images/v1/x/r/xrp-sec-300x200-113370-115270-117700.jpg", "title": "XRP Price Prediction: Symmetrical Triangle Pattern Breakout Awaits For $0.90; Are You Buying?", "text": "XRP price treads water on Monday as continued to trade lower for more than a month. XRP downtrend could see a bounce back as the price hovers near the critical support zone.", "source_name": "Coingape", "date": "Mon, 14 Mar 2022 16:47:20 -0400", "topics": [], "sentiment": "Positive", "type": "Article", "tickers": ["XRP"]}, {"news_url": "https://thecurrencyanalytics.com/bitcoin/is-the-bitcoin-carbon-footprint-a-major-issue-46-million-ukrainians-disagree-40038.php", "image_url": "https://crypto.snapi.dev/images/v1/u/j/840-ahr0chm6ly9zmy5jb2ludgvszwdyyxbolmnvbs91cgxvywrzlziwmjitmdmvm2u3zwy2mmetzdjiyy00yzziltk3m2ytnwvknje5ztzkmgzklmpwzw-117365-117695.jpg", "title": "Is the Bitcoin Carbon Footprint a major issue? 46 million Ukrainians Disagree", "text": "Catch up on the latest crypto market news at The Currency Analytics. Dan Held shared: US Department of Defense: *Burns 4.6B gallons of fuel annually*.", "source_name": "The Currency Analytics", "date": "Mon, 14 Mar 2022 16:30:25 -0400", "topics": [], "sentiment": "Neutral", "type": "Article", "tickers": ["BTC"]}, {"news_url": "https://decrypt.co/95070/angelic-maker-10m-round-joined-animoca-brands-pantera-capital-solana-capital-everyrealm", "image_url": "https://crypto.snapi.dev/images/v1/o/c/angelic-rpg-metaverse-game-studios-scaled-e1647287019867-gid-7-117685.jpeg", "title": "Maker of Angelic Gets $10M in Round Joined By Animoca Brands, Pantera Capital, Solana Capital, Everyrealm", "text": "A blockchain-based MMORPG has yet to go mainstream, but some industry leaders are betting eight figures the first could be Angelic.", "source_name": "Decrypt", "date": "Mon, 14 Mar 2022 16:08:14 -0400", "topics": [], "sentiment": "Neutral", "type": "Article", "tickers": ["SOL"]}, {"news_url": "https://cryptoslate.com/on-chain-data-shows-bitcoin-whales-are-actively-selling-is-trouble-brewing/", "image_url": "https://crypto.snapi.dev/images/v1/i/c/bitcoin-whales-glassnode-117679.jpg", "title": "On-chain data shows Bitcoin whales are actively selling, is trouble brewing?", "text": "A new metric from on-chain data analysts Glassnode looks at the relative size of entities actively accumulating or distributing coins in terms of their Bitcoin holdings. The post On-chain data shows Bitcoin whales are actively selling, is trouble brewing?", "source_name": "CryptoSlate", "date": "Mon, 14 Mar 2022 16:01:17 -0400", "topics": ["whales"], "sentiment": "Negative", "type": "Article", "tickers": ["BTC"]}, {"news_url": "https://thecurrencyanalytics.com/bitcoin/all-the-pieces-are-in-place-for-a-bitcoin-btc-supercycle-40025.php", "image_url": "https://crypto.snapi.dev/images/v1/j/p/13297-117509-117680.jpg", "title": "All The Pieces Are in Place for a Bitcoin (BTC) Supercycle", "text": "Catch up on the latest crypto market news at The Currency Analytics. Dan Held shared: All the pieces are in place for a Bitcoin supercycle: \u2013 World reserve currencies being challenged \u2013\u2026 The post All The Pieces Are in Place for a Bitcoin (BTC) Supercycle appeared first on Cryptocurrency News.", "source_name": "The Currency Analytics", "date": "Mon, 14 Mar 2022 16:00:58 -0400", "topics": [], "sentiment": "Positive", "type": "Article", "tickers": ["BTC"]}, {"news_url": "https://beincrypto.com/solana-nft-marketplace-magic-eden-looking-to-challenge-opensea/", "image_url": "https://crypto.snapi.dev/images/v1/5/t/nft-cost-117690.jpg", "title": "Solana NFT Marketplace Magic Eden Looking to Challenge OpenSea", "text": "Some venture capitalists hope that the Ethereum-based OpenSea will soon take a backseat to Magic Eden, a new NFT marketplace on Solana. The post Solana NFT Marketplace Magic Eden Looking to Challenge OpenSea appeared first on BeInCrypto.", "source_name": "BeInCrypto", "date": "Mon, 14 Mar 2022 16:00:00 -0400", "topics": ["NFT"], "sentiment": "Neutral", "type": "Article", "tickers": ["SOL"]}, {"news_url": "https://cryptodaily.co.uk/2022/03/eu-votes-down-crypto-markets-bill-bitcoin-mining-operations-continue", "image_url": "https://crypto.snapi.dev/images/v1/a/f/bitcoin-mining-117687.jpg", "title": "EU Votes Down Crypto Markets Bill, Bitcoin Mining Operations Continue", "text": "The European Parliament has voted down a set of bills that would have introduced regulations to the cryptocurrency market, in particular, the contentious clauses regarding proof-of-work (PoW) cryptocurrency mining restrictions. The vote was close, with 32 against and 24 in favor.", "source_name": "Crypto Daily", "date": "Mon, 14 Mar 2022 16:00:00 -0400", "topics": ["mining"], "sentiment": "Positive", "type": "Article", "tickers": ["BTC"]}, {"news_url": "https://cryptobriefing.com/solanas-top-nft-marketplace-magic-eden-announces-27m-raise/?utm_source=main_feed&utm_medium=rss", "image_url": "https://crypto.snapi.dev/images/v1/u/y/nft-market-cover-838x440-117692.jpeg", "title": "Solana's Top NFT Marketplace Magic Eden Announces $27M Raise", "text": "Notable investors included Paradigm, Sequoia, and Solana Ventures.", "source_name": "Crypto Briefing", "date": "Mon, 14 Mar 2022 15:54:34 -0400", "topics": ["NFT"], "sentiment": "Positive", "type": "Article", "tickers": ["SOL"]}, {"news_url": "https://coinidol.com/bitcoin-fighting-resistance/", "image_url": "https://crypto.snapi.dev/images/v1/t/a/e38d7d99f6afe81d3159fbd07182dd78-117703.jpg", "title": "Bitcoin is in a Range Bound Move, Fighting Resistance at $39,000", "text": "Bitcoin (BTC) price is in a downward correction as the largest cryptocurrency struggles below the moving averages.", "source_name": "Coin Idol", "date": "Mon, 14 Mar 2022 15:48:00 -0400", "topics": [], "sentiment": "Neutral", "type": "Article", "tickers": ["BTC"]}, {"news_url": "https://cryptoslate.com/eu-votes-against-a-de-facto-ban-on-bitcoins-pow-consensus-method-in-mica-draft/", "image_url": "https://crypto.snapi.dev/images/v1/6/a/eu-bitcoin-pow-1-117670.jpg", "title": "EU votes against a de-facto ban on Bitcoin's POW consensus method in MiCA draft", "text": "The ECON committee of the European Union voted against a de-facto ban on cryptocurrencies that rely on the proof of work consensus protocol, like Bitcoin, that was included in the latest draft of the MiCA, or Markets in Crypto-assets Regulation, report. The post EU votes against a de-facto ban on Bitcoin's POW consensus method in MiCA draft appeared first on CryptoSlate.", "source_name": "CryptoSlate", "date": "Mon, 14 Mar 2022 15:19:15 -0400", "topics": [], "sentiment": "Positive", "type": "Article", "tickers": ["BTC"]}, {"news_url": "https://bitcoinist.com/elon-musk-holds-wont-sell-bitcoin-ethereum-dogecoin/", "image_url": "https://crypto.snapi.dev/images/v1/f/c/kanchanara-urketzrn-k4-unsplash-631x420-117658.jpg", "title": "Elon Musk Confirms He Still Holds And Won't Sell Bitcoin, Ethereum, And Dogecoin", "text": "Tesla CEO Elon Musk has confirmed that he still holds Bitcoin, Ethereum, and Dogecoin, and that he doesn't plan to sell. SpaceX CEO Elon Musk Still Owns And Won't Sell His Bitcoin, Ethereum, And Dogecoin Holdings Yesterday, the Tesla CEO asked his followers on Twitter about their thoughts on the probable inflation rate over the [\u2026]", "source_name": "Bitcoinist", "date": "Mon, 14 Mar 2022 15:00:51 -0400", "topics": [], "sentiment": "Positive", "type": "Article", "tickers": ["BTC", "DOGE", "ETH"]}, {"news_url": "https://ambcrypto.com/xrp-will-it-be-more-of-the-same-this-week-for-its-investors/", "image_url": "https://crypto.snapi.dev/images/v1/a/m/untitled-design-5-117656.png", "title": "XRP \u2013 Will it be more of the same this week for its investors", "text": "Disclaimer:\u00a0The findings of the following analysis are the sole opinions of the writer and should not be considered investment advice As anticipated by a previous article, XRP broke out of its down-channel (yellow) and entered the $0.75 to $0.79 range. However, it still stayed below its 200 EMA (yellow), keeping its long-term view as a [\u2026]", "source_name": "AMBCrypto", "date": "Mon, 14 Mar 2022 15:00:29 -0400", "topics": [], "sentiment": "Neutral", "type": "Article", "tickers": ["XRP"]}, {"news_url": "https://www.newsbtc.com/news/bitcoin/bitcoin-mpi-highest-value-march-2021-bull-rally/", "image_url": "https://crypto.snapi.dev/images/v1/n/s/vitaly-mazur-tjnnfvbrtbg-unsplash-scaled-117657.jpg", "title": "Bitcoin MPI Rises To Highest Value Since March 2021, Bull Rally Soon?", "text": "On-chain data suggests the Bitcoin MPI indicator has observed a rise recently, now reaching the same values as March 2021. Past pattern may hint that a bull rally could follow here.", "source_name": "NewsBTC", "date": "Mon, 14 Mar 2022 15:00:20 -0400", "topics": [], "sentiment": "Positive", "type": "Article", "tickers": ["BTC"]}, {"news_url": "https://thecurrencyanalytics.com/bitcoin/we-should-get-a-good-entry-on-bitcoin-btc-40022.php", "image_url": "https://crypto.snapi.dev/images/v1/x/x/bitcoin-creditbeatingbettingco-117524-117659.jpg", "title": "We Should Get a Good Entry on Bitcoin (BTC)", "text": "Catch up on the latest crypto market news at The Currency Analytics. Lark Davis shared: So, if this thing in the EU passes today\u2026 we should get a good entry on #bitcoin.", "source_name": "The Currency Analytics", "date": "Mon, 14 Mar 2022 15:00:19 -0400", "topics": [], "sentiment": "Positive", "type": "Article", "tickers": ["BTC"]}, {"news_url": "https://www.youtube.com/watch?v=BxS9uCqT5jQ", "image_url": "https://crypto.snapi.dev/images/v1/g/d/swan-bitcoin-ceo-on-role-of-crypto-in-russia-ukraine-conflict-and-the-latest-eu-bill-on-pow-mining-117661.jpg", "title": "Swan Bitcoin CEO on Role of Crypto in Russia-Ukraine Conflict and the Latest EU Bill on PoW Mining", "text": "Swan Bitcoin CEO Cory Klippsten joins \"All About Bitcoin\" host Christine Lee to discuss the latest crypto bill that would've have required cryptocurrencies like bitcoin to shift to more environmentally friendly mechanisms. The bill was rejected in the European Parliament committee vote today.", "source_name": "Coindesk", "date": "Mon, 14 Mar 2022 14:50:48 -0400", "topics": ["mining"], "sentiment": "Negative", "type": "Video", "tickers": ["BTC"]}, {"news_url": "https://u.today/sec-wants-to-gain-more-time-in-ripple-case?SNAPI", "image_url": "https://crypto.snapi.dev/images/v1/h/h/16191431443528133449-117651.png", "title": "SEC Wants to Gain More Time in Ripple Case", "text": "The SEC has filed for an extension of time in order to respond to Ripple's latest motion that aims to strike the plaintiff's supplemental expert report", "source_name": "UToday", "date": "Mon, 14 Mar 2022 14:28:00 -0400", "topics": ["regulations"], "sentiment": "Neutral", "type": "Article", "tickers": ["XRP"]}, {"news_url": "https://cryptoslate.com/heres-why-the-secs-last-decision-on-ripples-lawsuit-is-a-win/", "image_url": "https://crypto.snapi.dev/images/v1/i/w/ripple-sec-117645.jpg", "title": "Here's why the SEC's last decision on Ripple's lawsuit is a win", "text": "On December 22, 2020, The United States Securities and Exchange Commission (SEC)\u00a0filed a lawsuit against Ripple and its two executives: Brad Garlinghouse and Chris Larsen. The post Here's why the SEC's last decision on Ripple's lawsuit is a win appeared first on CryptoSlate.", "source_name": "CryptoSlate", "date": "Mon, 14 Mar 2022 14:11:16 -0400", "topics": ["regulations"], "sentiment": "Neutral", "type": "Article", "tickers": ["XRP"]}, {"news_url": "https://cryptopotato.com/2-years-since-the-march-2020-black-thursday-crash-what-changed-for-bitcoin/", "image_url": "https://crypto.snapi.dev/images/v1/b/i/bitcoin-rebirth-117643.jpg", "title": "2 Years Since the March 2020 Black Thursday Crash: What Changed for Bitcoin?", "text": "In this article, we will review the March 12-13 crash in 2020 and what changed in the following two years.", "source_name": "CryptoPotato", "date": "Mon, 14 Mar 2022 14:05:45 -0400", "topics": [], "sentiment": "Neutral", "type": "Article", "tickers": ["BTC"]}, {"news_url": "https://www.cryptopolitan.com/magic-eden-plan-set-to-invest-27-million-nft/", "image_url": "https://crypto.snapi.dev/images/v1/l/d/quantitatives-hfgcpmyh-zm-unsp-117640.jpg", "title": "Magic Eden, the Solana-based NFT marketplace raises $27 million", "text": "TL;DR Breakdown Sequoia and Paradigm join the $27 million round of Magic Eden. The marketplace will allow users to trade different types of non-fungible tokens.", "source_name": "Cryptopolitan", "date": "Mon, 14 Mar 2022 14:05:30 -0400", "topics": ["NFT"], "sentiment": "Neutral", "type": "Article", "tickers": ["SOL"]}, {"news_url": "https://decrypt.co/95038/what-is-arbitrum-speeding-up-ethereum-using-optimistic-rollups", "image_url": "https://crypto.snapi.dev/images/v1/h/x/ethereum-price-analysis-2022-03-09-116054-116405-117641.png", "title": "What is Arbitrum? Speeding Up Ethereum Using Optimistic Rollups", "text": "One of the most popular Ethereum scaling solutions, Arbitrum aims to speed up transaction times and cut fees on the Ethereum blockchain.", "source_name": "Decrypt", "date": "Mon, 14 Mar 2022 14:02:32 -0400", "topics": [], "sentiment": "Positive", "type": "Article", "tickers": ["ETH"]}, {"news_url": "https://bitcoinist.com/european-union-voted-against-de-facto-bitcoin-ban/", "image_url": "https://crypto.snapi.dev/images/v1/q/v/bitcoin-btc-btcusd-1-640x388-117638.jpg", "title": "Why The European Union Voted Against A De Facto Bitcoin Mining Ban", "text": "The European Union voted against a de-facto Bitcoin mining ban. In a major event for the entire crypto industry, the coalition's European Parliament's Committee on Economic and Monetary Affairs (ECON) rejected a proposal that would have prohibited Proof-of-Work to make crypto assets meet a \u201cminimum environmental sustainability\u201d.", "source_name": "Bitcoinist", "date": "Mon, 14 Mar 2022 14:00:44 -0400", "topics": ["mining"], "sentiment": "Positive", "type": "Article", "tickers": ["BTC"]}, {"news_url": "https://www.theblockcrypto.com/linked/137702/solana-magic-eden-raises-nft-marketplace-funding", "image_url": "https://crypto.snapi.dev/images/v1/3/s/20220207-magic-eden-solana-nft-800x450-117634.jpg", "title": "Solana-based NFT marketplace Magic Eden raises $27 million", "text": "Magic Eden, the largest NFT marketplace on the Solana blockchain, has raised $27 million in a Series A funding round. The post Solana-based NFT marketplace Magic Eden raises $27 million appeared first on The Block.", "source_name": "The Block", "date": "Mon, 14 Mar 2022 13:51:32 -0400", "topics": ["NFT"], "sentiment": "Positive", "type": "Article", "tickers": ["SOL"]}, {"news_url": "https://decrypt.co/95055/eu-votes-32-23-against-de-facto-bitcoin-mining-ban", "image_url": "https://crypto.snapi.dev/images/v1/s/h/european-union-gid-2-117632.jpeg", "title": "EU Votes 32-23 Against 'De Facto Bitcoin Mining Ban'", "text": "EU lawmakers have agreed to drop all mention of a potential proof-of-work mining ban from a proposed package governing crypto regulation.", "source_name": "Decrypt", "date": "Mon, 14 Mar 2022 13:42:59 -0400", "topics": ["mining"], "sentiment": "Positive", "type": "Article", "tickers": ["BTC"]}, {"news_url": "https://ambcrypto.com/ethereum-calculating-the-odds-of-a-34-move-on-the-price-charts/", "image_url": "https://crypto.snapi.dev/images/v1/k/2/ethereum-6851392-1280-117627.jpg", "title": "Ethereum: Calculating the odds of a 34% move on the price charts", "text": "Ethereum's price has been consolidating for quite some time as it followed Bitcoin's lead. Unlike other altcoins, ETH's volatility seems to be capped for now, with a high possibility of a resurgence as it forms a breakout pattern.", "source_name": "AMBCrypto", "date": "Mon, 14 Mar 2022 13:30:24 -0400", "topics": [], "sentiment": "Neutral", "type": "Article", "tickers": ["ETH"]}, {"news_url": "https://cryptobriefing.com/wasabis-bitcoin-mixer-to-start-censoring-transactions/?utm_source=main_feed&utm_medium=rss", "image_url": "https://crypto.snapi.dev/images/v1/7/8/frozen-bitcoin-cover-838x440-117625.jpeg", "title": "Wasabi's Bitcoin Mixer to Start Censoring Transactions", "text": "Bitcoin's premier privacy-ensuring mixing tool will start censoring certain transactions.", "source_name": "Crypto Briefing", "date": "Mon, 14 Mar 2022 13:29:52 -0400", "topics": [], "sentiment": "Neutral", "type": "Article", "tickers": ["BTC"]}, {"news_url": "https://www.cryptoninjas.net/2022/03/14/enjins-nft-gaming-platform-launches-on-polkadot-with-100-games-apps-confirmed/", "image_url": "https://crypto.snapi.dev/images/v1/p/e/pexels-pixabay-207891-112118-117807.jpg", "title": "Enjin's NFT gaming platform launches on Polkadot with 100+ games & apps confirmed", "text": "Enjin, a leading ecosystem for non-fungible tokens (NFTs), has launched its flagship parachain Efinity on Polkadot. As the first-ever NFT parachain to launch on the Polkadot network, Efinity will support CryptoBlades and its 1.1 million users, with additional commitment from over 100 games and apps.", "source_name": "CryptoNinjas", "date": "Mon, 14 Mar 2022 13:18:02 -0400", "topics": ["NFT"], "sentiment": "Positive", "type": "Article", "tickers": ["DOT", "ENJ"]}, {"news_url": "https://cryptoslate.com/gas-fees-ethereum-is-now-cheaper-than-polygon/", "image_url": "https://crypto.snapi.dev/images/v1/e/x/ethereum-gas-fee-1-117620.jpg", "title": "Gas fees: Ethereum is now cheaper than Polygon", "text": "Who would have guessed Ethereum gas fees would ever be cheap again? Sometimes the past week, gas fees have been as low as just 10 gwei per gas unit even for high-priority transactions.", "source_name": "CryptoSlate", "date": "Mon, 14 Mar 2022 13:11:16 -0400", "topics": [], "sentiment": "Neutral", "type": "Article", "tickers": ["ETH", "MATIC"]}, {"news_url": "https://cryptopotato.com/sequoia-capital-bets-big-on-solana-based-nft-marketplace-magic-eden-report/", "image_url": "https://crypto.snapi.dev/images/v1/n/m/magic-eden-117618.jpg", "title": "Sequoia Capital Bets Big on Solana-Based NFT Marketplace Magic Eden: Report", "text": "Solana-based NFT marketplace Magic Eden has raised $27 million in the latest funding round led by Sequoia and other investors.", "source_name": "CryptoPotato", "date": "Mon, 14 Mar 2022 13:05:47 -0400", "topics": ["NFT"], "sentiment": "Positive", "type": "Article", "tickers": ["SOL"]}, {"news_url": "https://cryptodaily.co.uk/2022/03/btc-usd-lagging-below-38727-sally-ho-technical-analysis-15-march-2022-btc-bitcoin", "image_url": "https://crypto.snapi.dev/images/v1/w/l/bitcoin-gad49beafe-1280-117217-117613.jpg", "title": "BTC/USD Lagging Below 38727: Sally Ho's Technical Analysis 15 March 2022 BTC", "text": "Bitcoin (BTC/USD) continued to trade to the downside early in the Asian session as the pair traded below the 38727.61 level, an area that represents the 38.2% retracement of the depreciating range from 45855 to 34322.\u00a0 Downward price activity finally snapped BTC/USD out of its multi-day sideways trading range and pushed the pair as low as the 37560.40 area, its weakest print since its recent tumble to 37161.88.", "source_name": "Crypto Daily", "date": "Mon, 14 Mar 2022 13:00:00 -0400", "topics": ["tanalysis"], "sentiment": "Negative", "type": "Article", "tickers": ["BTC"]}, {"news_url": "https://www.youtube.com/watch?v=J5LZN6udvgc", "image_url": "https://crypto.snapi.dev/images/v1/2/r/bitcoin-could-start-trading-like-gold-with-more-mainstream-adoption-says-bitstamp-usa-ceo-117617.jpg", "title": "Bitcoin could start trading like gold with more mainstream adoption, says Bitstamp USA CEO", "text": "Bobby Zagotta, Bitstamp USA CEO, joins 'Squawk on the Street' to discuss Zagotta's read on cryptocurrencies, how regulation fits in to the cryptocurrency picture and more.", "source_name": "CNBC Television", "date": "Mon, 14 Mar 2022 12:59:16 -0400", "topics": [], "sentiment": "Positive", "type": "Video", "tickers": ["BTC"]}, {"news_url": "https://en.cryptonomist.ch/2022/03/14/mica-pow-ban-rejected-bitcoin-safe-eu/", "image_url": "https://crypto.snapi.dev/images/v1/j/j/bitcoin-ban-300x200-117622.jpg", "title": "MiCA, PoW ban rejected: Bitcoin safe in the EU", "text": "Bill will proceed without addressing mining", "source_name": "The Cryptonomist", "date": "Mon, 14 Mar 2022 12:55:43 -0400", "topics": [], "sentiment": "Positive", "type": "Article", "tickers": ["BTC"]}, {"news_url": "https://cryptobriefing.com/ripple-appears-on-the-brink-of-significant-price-movement/?utm_source=main_feed&utm_medium=rss", "image_url": "https://crypto.snapi.dev/images/v1/k/c/ripple-cover-838x440-117621.jpeg", "title": "Ripple Appears on the Brink of Significant Price Movement", "text": "XRP could soon conclude its stagnation phase and signal where its price is heading next.\u00a0", "source_name": "Crypto Briefing", "date": "Mon, 14 Mar 2022 12:43:00 -0400", "topics": [], "sentiment": "Neutral", "type": "Article", "tickers": ["XRP"]}, {"news_url": "https://bitcoinmagazine.com/markets/elon-musk-says-hes-not-selling-bitcoin-amid-high-inflation", "image_url": "https://crypto.snapi.dev/images/v1/z/7/c45fd97d-5fd3-4a98-9a80-3b3608b1367f-the-tesla-lineup-featuring-the-model-s-semi-3-x-copy-1-117604.png", "title": "Elon Musk Says He's Not Selling Bitcoin Amid High Inflation", "text": "Elon Musk tweeted \u201cI still own & won't sell my Bitcoin,\u201d in response to CEO Micheal Saylor, discussing the collapse of weaker currency.", "source_name": "Bitcoin Magazine", "date": "Mon, 14 Mar 2022 12:41:52 -0400", "topics": [], "sentiment": "Positive", "type": "Article", "tickers": ["BTC"]}, {"news_url": "https://thecurrencyanalytics.com/bitcoin/bitcoin-btc-can-work-without-the-internet-40015.php", "image_url": "https://crypto.snapi.dev/images/v1/v/n/bitcoin-btc-can-work-without-the-internet-117602.jpg", "title": "Bitcoin (BTC) Can Work Without the Internet", "text": "Catch up on the latest crypto market news at The Currency Analytics. Dennis Porter shared: I don't know who needs to hear this but Bitcoin can work without the internet.", "source_name": "The Currency Analytics", "date": "Mon, 14 Mar 2022 12:22:55 -0400", "topics": [], "sentiment": "Neutral", "type": "Article", "tickers": ["BTC"]}, {"news_url": "https://cryptoslate.com/solana-and-terras-trading-volume-soared-last-year-as-bitcoin-and-ether-dropped/", "image_url": "https://crypto.snapi.dev/images/v1/g/t/solana-terra-bitcoin-ethereum-117599.jpg", "title": "Solana and Terra's trading volume soared last year, as bitcoin and ether dropped", "text": "This year has not been favorable to the price actions of neither bitcoin (BTC) nor ether (ETH), the two major cryptocurrencies by market cap. The post Solana and Terra's trading volume soared last year, as bitcoin and ether dropped appeared first on CryptoSlate.", "source_name": "CryptoSlate", "date": "Mon, 14 Mar 2022 12:16:15 -0400", "topics": [], "sentiment": "Positive", "type": "Article", "tickers": ["LUNA", "SOL"]}, {"news_url": "https://decrypt.co/95021/solana-nft-marketplace-magic-eden-raises-paradigm-led-27m-series-a", "image_url": "https://crypto.snapi.dev/images/v1/v/g/magic-eden-mobile-app-gid-5-117601.png", "title": "Solana NFT Marketplace Magic Eden Raises Paradigm-Led $27M Series A", "text": "The top platform on Solana raises funds to challenge OpenSea's dominance in the wider NFT market.", "source_name": "Decrypt", "date": "Mon, 14 Mar 2022 12:12:55 -0400", "topics": ["NFT"], "sentiment": "Neutral", "type": "Article", "tickers": ["SOL"]}, {"news_url": "https://bitcoinmagazine.com/markets/eu-parliament-backtracks-ban-on-bitcoin-proof-of-work", "image_url": "https://crypto.snapi.dev/images/v1/k/p/bitcoin-europe-eu-117595.jpg", "title": "EU Parliament Backtracks Ban On Bitcoin's Proof-Of-Work", "text": "The ECON committee voted against a provision that would limit Proof-of-Work mining in the EU, passing an alternative rule.", "source_name": "Bitcoin Magazine", "date": "Mon, 14 Mar 2022 12:05:06 -0400", "topics": [], "sentiment": "Positive", "type": "Article", "tickers": ["BTC"]}, {"news_url": "https://cointelegraph.com/news/price-analysis-3-14-btc-eth-bnb-xrp-luna-sol-ada-avax-dot-doge", "image_url": "https://crypto.snapi.dev/images/v1/t/4/840-ahr0chm6ly9zmy5jb2ludgvszwdyyxbolmnvbs91cgxvywrzlziwmjitmdmvnjfmogqxzdutyzfhni00m2ziltk3ytctmdfhzta4ztq1zgfmlmpwzw-117594.jpg", "title": "Price analysis 3/14: BTC, ETH, BNB, XRP, LUNA, SOL, ADA, AVAX, DOT, DOGE", "text": "The bounce in Bitcoin and select altcoins increases the possibility of a short-term rise in prices.", "source_name": "Cointelegraph", "date": "Mon, 14 Mar 2022 12:01:00 -0400", "topics": ["tanalysis"], "sentiment": "Neutral", "type": "Article", "tickers": ["ADA", "AVAX", "BNB", "BTC", "DOGE", "LUNA", "SOL", "XRP", "DOT", "ETH"]}, {"news_url": "https://ambcrypto.com/heres-the-takeaway-from-saylor-and-musk-talking-bitcoin-and-inflation/", "image_url": "https://crypto.snapi.dev/images/v1/e/d/engin-akyurt-x9masbsqbfm-unsplash-2-117592.jpg", "title": "Here's the takeaway from Saylor and Musk talking Bitcoin and inflation", "text": "What happens when two billionaires \u2013 or oligarchs, if you prefer \u00a0\u2013 publicly talk about investments, inflation, and crypto online? You listen, of course.", "source_name": "AMBCrypto", "date": "Mon, 14 Mar 2022 12:00:39 -0400", "topics": [], "sentiment": "Neutral", "type": "Article", "tickers": ["BTC"]}, {"news_url": "https://cryptonews.com/news/bitcoin-ethereum-get-support-eu-ban-idea-rejected.htm", "image_url": "https://crypto.snapi.dev/images/v1/w/q/adobestock-grecaud-paul-1-1-media-library-original-1200-800-117591.jpg", "title": "Bitcoin and Ethereum Get Support in EU, Ban Idea Rejected", "text": "Stefan Berger, a member of the European Parliament in charge of shepherding the MiCA regulation, confirmed that the European Parliament Committee on Economic and Monetary Affairs (ECON) rejected a suggestion that could ban proof-of-work consensus protocols such as Bitcoin, Ethereum, in the EU.", "source_name": "Cryptonews", "date": "Mon, 14 Mar 2022 11:58:00 -0400", "topics": [], "sentiment": "Positive", "type": "Article", "tickers": ["BTC", "ETH"]}, {"news_url": "https://www.trustnodes.com/2022/03/14/bitcoin-stops-playing", "image_url": "https://crypto.snapi.dev/images/v1/j/u/bitcoin-art-graphiti-2021-117590.png", "title": "Bitcoin Stops Playing", "text": "Bitcoin is taking a holiday it seems, a nearly two months long holiday, with the crypto not quite caring about much of anything right now. It pretended to care, for.", "source_name": "Trustnodes", "date": "Mon, 14 Mar 2022 11:55:18 -0400", "topics": ["paywall"], "sentiment": "Neutral", "type": "Article", "tickers": ["BTC"]}, {"news_url": "https://www.cryptopolitan.com/bitcoin-price-analysis-2022-03-14/", "image_url": "https://crypto.snapi.dev/images/v1/0/f/bitcoin-price-analysis-2022-03-14-117585.png", "title": "Bitcoin price analysis: BTC fails to break $39,500, begins to decline further?", "text": "TL;DR Breakdown Bitcoin price analysis is bearish today. BTC/USD continues to respect $39,500 resistance.", "source_name": "Cryptopolitan", "date": "Mon, 14 Mar 2022 11:51:26 -0400", "topics": ["tanalysis"], "sentiment": "Negative", "type": "Article", "tickers": ["BTC"]}, {"news_url": "https://www.cryptopolitan.com/mila-kunis-backs-solana-nft-animated-series/", "image_url": "https://crypto.snapi.dev/images/v1/s/t/sol-9-111955-115356-117584.jpg", "title": "Mila Kunis` production company launches a Solana NFT centered animated series: The Gimmicks", "text": "TL;DR Breakdown Mila Kunis' production company launches a new Solana NFT animated series called \u201cThe Gimmicks.\u201d In this Mila-endorsed TV show, NFT holders get to pick the narrative.", "source_name": "Cryptopolitan", "date": "Mon, 14 Mar 2022 11:49:56 -0400", "topics": ["NFT"], "sentiment": "Positive", "type": "Article", "tickers": ["SOL"]}, {"news_url": "https://coingape.com/?p=104291", "image_url": "https://crypto.snapi.dev/images/v1/e/t/ethereum-price-analysis-2022-03-11-116852-117583.png", "title": "Ethereum Price Prediction: Face Upside Risk of 20% From Key Support Level, Downside Remains Capped Near $2,500", "text": "Ethereum price is trading with a positive bias on Monday but hovers in a very tight range. ETH must break the short-term price consolidation of $2,500 and $2,800 with strong volumes to decide further course of action.", "source_name": "Coingape", "date": "Mon, 14 Mar 2022 11:48:23 -0400", "topics": ["tanalysis"], "sentiment": "Positive", "type": "Article", "tickers": ["ETH"]}, {"news_url": "https://cointelegraph.com/news/bitcoin-could-crush-russian-ruble-by-rising-another-140-classic-technical-setup-suggests", "image_url": "https://crypto.snapi.dev/images/v1/t/c/840-ahr0chm6ly9zmy5jb2ludgvszwdyyxbolmnvbs91cgxvywrzlziwmjitmdmvzgziotizntytmtrjns00njlllwi3mmutmmvmzwy3nzc3mzmxlmpwzw-117574.jpg", "title": "Bitcoin could crush Russian ruble by rising another 140%, classic technical setup suggests", "text": "The bullish outlook appears as the Russian central bank imposes stricter capital controls on its citizens, including a ban on using rubles to buy the U.S. dollar.", "source_name": "Cointelegraph", "date": "Mon, 14 Mar 2022 11:45:00 -0400", "topics": ["tanalysis"], "sentiment": "Positive", "type": "Article", "tickers": ["BTC"]}, {"news_url": "https://www.cryptopolitan.com/bitcoin-binance-coin-cardano-and-solana-daily-price-analyses-14-march-morning-price-prediction/", "image_url": "https://crypto.snapi.dev/images/v1/x/7/network-across-globe-114914-117572.jpg", "title": "Bitcoin, Binance Coin, Cardano, and Solana Daily Price Analyses \u2013 14 March Morning Price Prediction", "text": "TL;DR Breakdown The global crypto market is again bullish; the gains amount to 0.48% over 24 hours. Bitcoin is also in gains as the market changes direction and adds 0.64%.", "source_name": "Cryptopolitan", "date": "Mon, 14 Mar 2022 11:42:18 -0400", "topics": [], "sentiment": "Positive", "type": "Article", "tickers": ["ADA", "BNB", "BTC", "SOL"]}, {"news_url": "https://coinmarketcap.com/alexandria/article/breaking-bitcoin-avoids-de-facto-ban-in-europe", "image_url": "https://crypto.snapi.dev/images/v1/1/x/kanchanara-gowx6opxhqk-unsplash-117344-117570.jpg", "title": "BREAKING: Bitcoin Avoids De Facto Ban in Europe", "text": "MiCA would have forced Proof-of-Work blockchains, like the one used by Bitcoin, to meet \"minimum environmental sustainability standards.\"", "source_name": "CoinMarketCap", "date": "Mon, 14 Mar 2022 11:36:49 -0400", "topics": [], "sentiment": "Positive", "type": "Article", "tickers": ["BTC"]}, {"news_url": "https://investorplace.com/2022/03/bitcoin-price-prediction-why-apple-co-founder-steve-wozniak-sees-btc-at-100k/", "image_url": "https://crypto.snapi.dev/images/v1/t/h/bitcoincalm-117246-117569.jpg", "title": "Bitcoin Price Prediction: Why Apple Co-Founder Steve Wozniak Sees BTC at $100K", "text": "Apple (AAPL) co-founder Steve Wozniak has a new price prediction for Bitcoin (BTC-USD) that crypto traders are going to like.", "source_name": "Investorplace", "date": "Mon, 14 Mar 2022 11:29:41 -0400", "topics": [], "sentiment": "Positive", "type": "Article", "tickers": ["BTC"]}, {"news_url": "https://news.bitcoin.com/bitcoin-ethereum-technical-analysis-btc-continues-to-consolidate-despite-encouraging-comments-from-elon-musk/", "image_url": "https://crypto.snapi.dev/images/v1/a/j/shutterstock-1946779006-117562.jpg", "title": "Bitcoin, Ethereum Technical Analysis: BTC Continues to Consolidate, Despite Encouraging Comments From Elon Musk\u00a0", "text": "Bitcoin and ETH were once again consolidating to start the week, despite bullish comments from Elon Musk. In a tweet earlier today, Musk said: \u201cI still own & won't sell my Bitcoin, Ethereum or Doge.\u201d Although prices marginally rose, they remain close to recent support levels. Bitcoin The world's largest cryptocurrency rebounded from its support [\u2026]", "source_name": "Bitcoin", "date": "Mon, 14 Mar 2022 11:23:55 -0400", "topics": ["tanalysis"], "sentiment": "Neutral", "type": "Article", "tickers": ["BTC", "ETH"]}, {"news_url": "https://www.cryptoglobe.com/latest/2022/03/elon-musk-says-he-wont-sell-his-btc-eth-and-doge/", "image_url": "https://crypto.snapi.dev/images/v1/o/t/ethereum-6293700-1920-117561.jpg", "title": "Elon Musk Says He \u2018Won't Sell' His $BTC, $ETH, and $DOGE", "text": "Tesla and SpaceX CEO Elon Musk has revealed on social media that he still owns and \u201cwon't sell\u201d his cryptocurrency holdings, which include Bitcoin ($BTC), Ethereum ($ETH), and the meme-inspired cryptocurrency Dogecoin ($DOGE). In a tweet Musk shared with his over 77 million followers on the microblogging platform Twitter, he pointed out he won't sell [\u2026]", "source_name": "CryptoGlobe", "date": "Mon, 14 Mar 2022 11:20:00 -0400", "topics": [], "sentiment": "Positive", "type": "Article", "tickers": ["BTC", "DOGE", "ETH"]}, {"news_url": "https://u.today/breaking-eu-lawmakers-vote-against-bitcoin-ban?SNAPI", "image_url": "https://crypto.snapi.dev/images/v1/3/b/adobestock-319434816-117559.jpeg", "title": "BREAKING: EU Lawmakers Vote Against Bitcoin Ban", "text": "The European cryptocurrency community has managed to avert a potentially \u201ccatastrophic\u201d proof-of-work ban within the EU", "source_name": "UToday", "date": "Mon, 14 Mar 2022 11:13:00 -0400", "topics": ["regulations"], "sentiment": "Positive", "type": "Article", "tickers": ["BTC"]}], "total_pages": 42}