{"data": [{"news_url": "https://www.benzinga.com/markets/cryptocurrency/22/03/26060322/why-bitcoin-and-ethereum-related-stocks-are-ripping-higher?SNAPI", "image_url": "https://crypto.snapi.dev/images/v1/m/1/bitcoin-g8f9ca8179-1920-116009.jpg", "title": "Why Bitcoin- And Ethereum-Related Stocks Are Ripping Higher", "text": "Cryptocurrency-related stocks including Coinbase Global Inc (NASDAQ: COIN), Marathon Digital Holdings Inc (NASDAQ: MARA) and Riot Blockchain Inc (NASDAQ:", "source_name": "Benzinga", "date": "Wed, 09 Mar 2022 09:21:00 -0500", "topics": [], "sentiment": "Positive", "type": "Article", "tickers": ["BTC", "ETH"]}, {"news_url": "https://www.dcforecasts.com/bitcoin-news/ethereum-and-bitcoin-rally-together-as-crypto-markets-recover/", "image_url": "https://crypto.snapi.dev/images/v1/s/a/source-quantify-crypto-116006.png", "title": "Ethereum And Bitcoin Rally Together As Crypto Markets Recover", "text": "Ethereum and Bitcoin rally together as the crypto markets recover with most of the altcoins being in the green today as we can see in the latest altcoin news. Bitcoin already hit $42,000 overnight and ETH eyed the $2800 price point.", "source_name": "DCForecasts", "date": "Wed, 09 Mar 2022 09:17:58 -0500", "topics": [], "sentiment": "Positive", "type": "Article", "tickers": ["BTC", "ETH"]}, {"news_url": "https://www.newsbtc.com/news/crypto-eo-pushes-bitcoin-past-41000/", "image_url": "https://crypto.snapi.dev/images/v1/a/g/crypto-eo-115993.jpg", "title": "Yellen's Positive Remarks About Biden's Crypto EO Push Bitcoin Past $41,000", "text": "It only took an unintentionally flattering remark from a high-ranking US official to propel Bitcoin above the $41,000 level. Bitcoin (BTC) advanced early on Wednesday, boosting the entire crypto market, as US Treasury Secretary Janet Yellen's inadvertently disclosed remarks indicated that US President Joe Biden's long-awaited crypto directive will take a constructive approach to regulating the digital asset sector.", "source_name": "NewsBTC", "date": "Wed, 09 Mar 2022 09:11:10 -0500", "topics": [], "sentiment": "Positive", "type": "Article", "tickers": ["BTC"]}, {"news_url": "https://www.dcforecasts.com/ethereum-news/ethereum-fees-drop-to-a-six-month-low-analysis/", "image_url": "https://crypto.snapi.dev/images/v1/a/o/ethereum-investment-funds-115751-115989.jpg", "title": "Ethereum Fees Drop To A Six-Month Low: Analysis", "text": "The Ethereum fees drop a six-month low but the drop is likely related to the cooling-off on the NFT market so let's read furhter in today's latest Ethereum news. Ethereum fees drop to a six-month low, nearing the levels of August 2021 as measured in both ETH and dollar terms.", "source_name": "DCForecasts", "date": "Wed, 09 Mar 2022 09:07:27 -0500", "topics": [], "sentiment": "Neutral", "type": "Article", "tickers": ["ETH"]}, {"news_url": "https://en.cryptonomist.ch/2022/03/09/bitcoin-the-end-of-the-downtrend/", "image_url": "https://crypto.snapi.dev/images/v1/b/b/bitcoin-trend-1-300x200-116001.jpg", "title": "Bitcoin: the end of the downtrend", "text": "CryptoCompare's new February report clearly reveals a change in trend", "source_name": "The Cryptonomist", "date": "Wed, 09 Mar 2022 09:01:38 -0500", "topics": [], "sentiment": "Positive", "type": "Article", "tickers": ["BTC"]}, {"news_url": "https://invezz.com/news/2022/03/09/solana-sol-fails-to-make-a-strong-rebound-as-crypto-market-prices-gain/", "image_url": "https://crypto.snapi.dev/images/v1/u/h/where-to-buy-solana-sol-coin-115978.jpg", "title": "Solana (SOL) fails to make a strong rebound as crypto market prices gain", "text": "Solana (SOL/USD) has been mimicking the performance of the broader cryptocurrency market. Following the bearish trend that has been exhibited in the market since the beginning of the year, the token is now 65.9% below an all-time high. At the time of writing, SOL is trading at $88.65, gaining by 5.9% during the past 24 [\u2026] The post Solana (SOL) fails to make a strong rebound as crypto market prices gain appeared first on Invezz.", "source_name": "Invezz", "date": "Wed, 09 Mar 2022 08:53:05 -0500", "topics": [], "sentiment": "Negative", "type": "Article", "tickers": ["SOL"]}, {"news_url": "https://cryptopotato.com/btc-soars-following-bidens-exec-order-but-heres-the-next-major-level-to-watch-bitcoin-price-analysis/", "image_url": "https://crypto.snapi.dev/images/v1/o/r/5gezari3nrnm3lphtndvstelgi-115835-115975.jpg", "title": "BTC Soars Following Biden's Exec Order, But Here's The Next Major Level to Watch (Bitcoin Price Analysis)", "text": "Last week, the BTC price impulsively broke down the 50-day moving average line at $40K to the downside and lost over $3K shortly after. However, the bearish momentum started to fade as the move slowed down, and it seemed like a bottom was forming amid $37K.", "source_name": "CryptoPotato", "date": "Wed, 09 Mar 2022 08:51:06 -0500", "topics": ["tanalysis"], "sentiment": "Positive", "type": "Article", "tickers": ["BTC"]}, {"news_url": "https://coinmarketcap.com/alexandria/article/bitcoin-up-9-as-biden-signs-crypto-executive-order", "image_url": "https://crypto.snapi.dev/images/v1/c/j/4bb7a8fdd8d14234bd87e41de04fbda9-115976.jpg", "title": "Bitcoin Up 9% as Biden Signs Crypto Executive Order", "text": "The U.S. wants to achieve \"technological leadership in this rapidly growing space\" and support innovation \u2014 and Janet Yellen believes these measures could benefit consumers and businesses.", "source_name": "CoinMarketCap", "date": "Wed, 09 Mar 2022 08:50:40 -0500", "topics": [], "sentiment": "Neutral", "type": "Article", "tickers": ["BTC"]}, {"news_url": "https://www.benzinga.com/markets/cryptocurrency/22/03/26056332/goldman-sachs-offers-ethereum-derivatives-to-clients-over-50m-sold-so-far?SNAPI", "image_url": "https://crypto.snapi.dev/images/v1/m/s/ethereum7-115973.jpg", "title": "Goldman Sachs Offers Ethereum Derivatives To Clients; Over $50M Sold So Far", "text": "Leading global investment bank Goldman Sachs Group Inc. (NYSE: GS) has started selling Ethereum (CRYPTO: ETH) derivatives to its clients, reaching a new level of openness to cryptocurrency innovation.", "source_name": "Benzinga", "date": "Wed, 09 Mar 2022 08:42:00 -0500", "topics": [], "sentiment": "Positive", "type": "Article", "tickers": ["ETH"]}, {"news_url": "https://markets.businessinsider.com/news/currencies/bitcoin-blockchain-crypto-markets-technology-prices-america-regulation-biden-yellen-2022-3", "image_url": "https://crypto.snapi.dev/images/v1/n/v/62289e259fa32d00184c7ecdformatjpeg-115969.jpg", "title": "Bitcoin rises to top $42,000 as Biden shares his plan for cryptocurrencies, after spiking thanks to Janet Yellen leaking details", "text": "Biden's anticipated executive order on cryptocurrency will be released this week and key details have now come out, pushing bitcoin higher.", "source_name": "Business Insider", "date": "Wed, 09 Mar 2022 08:28:00 -0500", "topics": [], "sentiment": "Positive", "type": "Article", "tickers": ["BTC"]}, {"news_url": "https://www.fool.com/investing/2022/03/09/2-top-cryptocurrencies-to-buy-in-march/", "image_url": "https://crypto.snapi.dev/images/v1/u/r/urlhttps3a2f2fgfoolcdncom2feditorial2fimages2f6692512fgettyimages-182178688jpgw700opresize-115967.jpg", "title": "2 Top Cryptocurrencies To Buy in March", "text": "Solana and Fantom could help supercharge your investment portfolio this month.", "source_name": "The Motley Fool", "date": "Wed, 09 Mar 2022 08:15:00 -0500", "topics": [], "sentiment": "Positive", "type": "Article", "tickers": ["FTM", "SOL"]}, {"news_url": "https://u.today/54-billion-eth-already-burned-with-almost-2000-eth-being-burned-daily?SNAPI", "image_url": "https://crypto.snapi.dev/images/v1/1/3/13196-115968.jpg", "title": "$5.4 Billion ETH Already Burned with Almost 2,000 ETH Being Burned Daily", "text": "While the burn rate slows down, miners already burned two million ETH since August", "source_name": "UToday", "date": "Wed, 09 Mar 2022 08:14:00 -0500", "topics": [], "sentiment": "Neutral", "type": "Article", "tickers": ["ETH"]}, {"news_url": "https://www.dcforecasts.com/ethereum-news/bayc-donated-1-million-in-ethereum-to-ukaine-report/", "image_url": "https://crypto.snapi.dev/images/v1/i/j/ethereum-640x360-115404-115958.png", "title": "BAYC Donated $1 Million In Ethereum To Ukaine: Report", "text": "Bored Ape Yacht Club \u2013 BAYC donated $1 million in Ethereum to Ukraine's official Ethereum wallet address as we can see more today in our latest Ethereum news. The NFT collection made a $1 million contribution to the Ukrainian government as it is battling with Russian forces.", "source_name": "DCForecasts", "date": "Wed, 09 Mar 2022 08:05:07 -0500", "topics": [], "sentiment": "Neutral", "type": "Article", "tickers": ["ETH"]}, {"news_url": "https://cryptonews.com/news/eth-rises-with-broader-market-as-ethereum-fees-hit-7-month-low.htm", "image_url": "https://crypto.snapi.dev/images/v1/a/b/adobestock-mahoa-creative-1-1-115959.jpg", "title": "ETH Rises with Broader Market as Ethereum Fees Hit a 7-Month Low", "text": "Ethereum (ETH)'s price went up today along with most other cryptoassets after what has been a month of sluggish performance against bitcoin (BTC), and a prolonged period of falling interest in decentralized finance (DeFi) and non-fungible tokens (NFTs).", "source_name": "Cryptonews", "date": "Wed, 09 Mar 2022 08:04:00 -0500", "topics": [], "sentiment": "Positive", "type": "Article", "tickers": ["ETH"]}, {"news_url": "https://cryptopotato.com/ethereum-price-analysis-eth-rallies-10-off-support-heres-the-next-target/", "image_url": "https://crypto.snapi.dev/images/v1/b/q/ethereum-logo-portrait-black-gray-114192-115668-115956.png", "title": "Ethereum Price Analysis: ETH Rallies 10% Off Support, Here's the Next Target", "text": "ETH found good support at $2,500 and rallied 10% overnight. How high can it go?", "source_name": "CryptoPotato", "date": "Wed, 09 Mar 2022 08:02:56 -0500", "topics": ["tanalysis"], "sentiment": "Positive", "type": "Article", "tickers": ["ETH"]}, {"news_url": "https://bitcoinmagazine.com/culture/bitcoin-tax-reporting-nightmare-2023", "image_url": "https://crypto.snapi.dev/images/v1/l/k/5gezari3nrnm3lphtndvstelgi-115835-115954.jpg", "title": "A Bitcoin Tax Reporting Nightmare Is Coming In 2023", "text": "As bitcoin investors prepare for tax season, they may not be surprised to learn that misguided regulation will make tax reporting even harder in the future.", "source_name": "Bitcoin Magazine", "date": "Wed, 09 Mar 2022 08:00:00 -0500", "topics": ["taxes"], "sentiment": "Negative", "type": "Article", "tickers": ["BTC"]}, {"news_url": "https://cryptopotato.com/ripple-price-analysis-is-0-85-inbound-for-xrp-following-todays-4-jump/", "image_url": "https://crypto.snapi.dev/images/v1/z/b/end-xrp-lawsuitjpgfit10242c600ssl1-115387-115951.jpg", "title": "Ripple Price Analysis: Is $0.85 Inbound for XRP Following Today's 4% Jump?", "text": "XRP is quickly approaching a bullish crossover that could take it to $0.86. The only thing missing is volume.", "source_name": "CryptoPotato", "date": "Wed, 09 Mar 2022 07:59:15 -0500", "topics": ["tanalysis"], "sentiment": "Neutral", "type": "Article", "tickers": ["XRP"]}, {"news_url": "https://dailyhodl.com/2022/03/09/heres-how-bitcoin-btc-will-ignite-next-leg-of-its-bull-cycle-according-to-analyst-michael-van-de-poppe/", "image_url": "https://crypto.snapi.dev/images/v1/m/v/btc-will-ignite-nextjpgfit10242c600ssl1-115949.jpg", "title": "Here's How Bitcoin (BTC) Will Ignite the Next Leg of Its Bull Cycle, According to Analyst Micha\u00ebl van de Poppe", "text": "Popular crypto trader Micha\u00ebl van de Poppe thinks Bitcoin (BTC) will have to suffer through a few more dips before reentering another bull market. In a new video, Van de Poppe tells his 165,000 YouTube subscribers that he assumes Bitcoin will soon endure a short correction towards the price area around $36,000. The crypto analyst [\u2026] The post Here's How Bitcoin (BTC) Will Ignite the Next Leg of Its Bull Cycle, According to Analyst Micha\u00ebl van de Poppe appeared first on The Daily Hodl.", "source_name": "The Daily Hodl", "date": "Wed, 09 Mar 2022 07:45:27 -0500", "topics": [], "sentiment": "Positive", "type": "Article", "tickers": ["BTC"]}, {"news_url": "https://cryptoticker.io/en/is-polkadot-dead-buy-dot/", "image_url": "https://crypto.snapi.dev/images/v1/t/p/polkadot-image-2-115938.jpg", "title": "Is Polkadot Dead? Strong competition in the Crypto Scene!", "text": "Polkadot was considered one of the most exciting projects on the crypto market last year.\u00a0With the goal of its own blockchain internet, the project in 2021 gave hope to enhance the connection of different blockchains with each other.", "source_name": "CryptoTicker", "date": "Wed, 09 Mar 2022 07:34:00 -0500", "topics": [], "sentiment": "Negative", "type": "Article", "tickers": ["DOT"]}, {"news_url": "https://thecurrencyanalytics.com/bitcoin/why-would-you-not-need-bitcoin-btc-39755.php", "image_url": "https://crypto.snapi.dev/images/v1/v/q/why-would-you-not-need-bitcoin-btc-115935.jpg", "title": "Why Would You Not Need Bitcoin (BTC)?", "text": "Catch up on the latest crypto market news at The Currency Analytics. Michael Saylor shared: If you don't fear inflation, regulation, war, famine, complexity, competition, corruption, coercion, confiscation, or chaos, then you\u2026 The post Why Would You Not Need Bitcoin (BTC)?", "source_name": "The Currency Analytics", "date": "Wed, 09 Mar 2022 07:30:02 -0500", "topics": [], "sentiment": "Neutral", "type": "Article", "tickers": ["BTC"]}, {"news_url": "https://www.coindesk.com/layer2/2022/03/09/the-promise-of-stateless-ethereum/", "image_url": "https://crypto.snapi.dev/images/v1/g/8/tdkvgdwrcvgxbg7yy4z5ynpwci-115946.jpg", "title": "The Promise of 'Stateless Ethereum'", "text": "The introduction of stateless clients should make running an Ethereum node easier than ever, leading to true decentralization and resilience of the network.", "source_name": "Coindesk", "date": "Wed, 09 Mar 2022 07:30:00 -0500", "topics": [], "sentiment": "Neutral", "type": "Article", "tickers": ["ETH"]}, {"news_url": "https://u.today/xrp-lawsuit-ripples-upcoming-court-decisions-might-be-revealed-as-soon-as-end-of-march-says-john?SNAPI", "image_url": "https://crypto.snapi.dev/images/v1/a/m/13195-115933.jpg", "title": "XRP Lawsuit: Ripple's Upcoming Court Decisions Might Be Revealed as Soon as End of March, Says John Deaton", "text": "Ripple's expected court rulings might come down as soon as the end of March, says John Deaton", "source_name": "UToday", "date": "Wed, 09 Mar 2022 07:26:00 -0500", "topics": [], "sentiment": "Negative", "type": "Article", "tickers": ["XRP"]}, {"news_url": "https://u.today/ancient-bitcoin-wallets-on-rise-and-may-cause-price-spike-report?SNAPI", "image_url": "https://crypto.snapi.dev/images/v1/f/s/13194-115930.jpg", "title": "Ancient Bitcoin Wallets on Rise and May Cause Price Spike: Report", "text": "Number of dormant Bitcoin addresses is rising as market progressively recovers", "source_name": "UToday", "date": "Wed, 09 Mar 2022 07:10:00 -0500", "topics": [], "sentiment": "Positive", "type": "Article", "tickers": ["BTC"]}, {"news_url": "https://cryptonews.com/news/bitcoin-ethereum-gain-bullish-momentum-altcoins-surge.htm", "image_url": "https://crypto.snapi.dev/images/v1/x/q/5gezari3nrnm3lphtndvstelgi-115835-115929.jpg", "title": "Bitcoin and Ethereum Gain Bullish Momentum, Altcoins Surge", "text": "Bitcoin price started a steady increase after it broke the USD 40,000 resistance. BTC was able to clear the USD 41,200 and USD 42,000 resistance levels. It is currently (11:30 UTC) showing positive signs, but there are chances of a minor downside correction.", "source_name": "Cryptonews", "date": "Wed, 09 Mar 2022 07:05:00 -0500", "topics": [], "sentiment": "Positive", "type": "Article", "tickers": ["BTC", "ETH"]}, {"news_url": "https://www.trustnodes.com/2022/03/09/bitcoin-jumps-above-42000-on-biden-and-putin", "image_url": "https://crypto.snapi.dev/images/v1/x/a/bitcoin-cracked-earth-md-115423-115503-115920.jpg", "title": "Bitcoin Jumps Above $42,000 on Biden and Putin", "text": "Bitcoin has suddenly risen by about 10% from $39,000 to above $42,000 due to a number of reasons. The first and perhaps biggest reason is that over the past two.", "source_name": "Trustnodes", "date": "Wed, 09 Mar 2022 06:46:45 -0500", "topics": ["paywall"], "sentiment": "Positive", "type": "Article", "tickers": ["BTC"]}, {"news_url": "https://u.today/zcash-and-monero-lead-altcoin-rally-as-bitcoin-surges-past-42k-details?SNAPI", "image_url": "https://crypto.snapi.dev/images/v1/5/b/13192-115919.jpg", "title": "Zcash and Monero Lead Altcoin Rally as Bitcoin Surges Past $42K: Details", "text": "Altcoin rally led by privacy coins Zcash and Monero as Bitcoin surpasses $42,000", "source_name": "UToday", "date": "Wed, 09 Mar 2022 06:40:00 -0500", "topics": [], "sentiment": "Positive", "type": "Article", "tickers": ["BTC", "XMR", "ZEC"]}, {"news_url": "https://www.benzinga.com/markets/cryptocurrency/22/03/26056009/bored-ape-yacht-club-donates-1m-to-ukraine?SNAPI", "image_url": "https://crypto.snapi.dev/images/v1/g/w/banner-7031868-1280-115912.jpg", "title": "Bored Ape Yacht Club Donates $1M In Ethereum To Ukraine", "text": "Cryptocurrency donations continue to pile up ever since Ukraine urged the community form help after it was invaded by Russia.", "source_name": "Benzinga", "date": "Wed, 09 Mar 2022 06:30:00 -0500", "topics": [], "sentiment": "Neutral", "type": "Article", "tickers": ["ETH"]}, {"news_url": "https://coinpedia.org/ripple/xrp-price-to-remain-collared-irrespective-of-ripple-sec-tussle/", "image_url": "https://crypto.snapi.dev/images/v1/j/f/crypto15-115899.jpg", "title": "XRP Price To Remain Collared Irrespective Of Ripple v/s SEC Tussle! Will XRP Reclaim Its $1 Mark?", "text": "\u00a0The folks from the crypto town have been filling up bags with a number of crypto assets. Amidst the market-wide volatility, where a host of digital assets are up for sale with a lower price tag. Wherefore, buyers of XRP are aping in alongside other investors and traders. As the Ripple vs SEC lawsuit continues \u2026", "source_name": "CoinPedia", "date": "Wed, 09 Mar 2022 06:05:00 -0500", "topics": ["regulations"], "sentiment": "Neutral", "type": "Article", "tickers": ["XRP"]}, {"news_url": "https://cryptopotato.com/third-largesst-bitcoin-whale-buys-btc-worth-28-million-at-38-4k/", "image_url": "https://crypto.snapi.dev/images/v1/z/b/whale-cover-115898.jpg", "title": "Third-Largesst Bitcoin Whale Buys BTC Worth $28 Million at $38.4K", "text": "The third-largest Bitcoin whale bought another 730 BTC at an average price of about $38.4K in the past two days alone.", "source_name": "CryptoPotato", "date": "Wed, 09 Mar 2022 06:04:28 -0500", "topics": ["whales"], "sentiment": "Positive", "type": "Article", "tickers": ["BTC"]}, {"news_url": "https://cointelegraph.com/news/bitcoin-transaction-fees-briefly-doubled-yet-remain-exceptionally-low", "image_url": "https://crypto.snapi.dev/images/v1/w/s/840-ahr0chm6ly9zmy5jb2ludgvszwdyyxbolmnvbs91cgxvywrzlziwmjitmdmvmwy3odixngityzfhys00ody5lwi3ytmtntu4zjm5ztbmzjbjlmpwzw-115877.jpg", "title": "Bitcoin transaction fees briefly doubled yet remain exceptionally low", "text": "The cost of sending Bitcoin from one address to another has stayed exceptionally low since July 2021 despite spiking in price last week.", "source_name": "Cointelegraph", "date": "Wed, 09 Mar 2022 05:36:52 -0500", "topics": [], "sentiment": "Neutral", "type": "Article", "tickers": ["BTC"]}, {"news_url": "https://coingape.com/?p=103623", "image_url": "https://crypto.snapi.dev/images/v1/b/i/bitcoin-3741066-1280-e1646673099242-115395-115889.jpg", "title": "BTC/USD Price prediction: Regain Control Near $42K, Next Keep Eyes On $45K As RSI Gives Bullish Divergence", "text": "Bitcoin price leaps over the crucial $40,000 mark on Wednesday and tags the highs near $42k. BTC opened lower but rallied quickly to session highs after a brief stint at $38,368.01.", "source_name": "Coingape", "date": "Wed, 09 Mar 2022 05:34:00 -0500", "topics": [], "sentiment": "Positive", "type": "Article", "tickers": ["BTC"]}, {"news_url": "https://thecurrencyanalytics.com/bitcoin/world-war-iii-bitcoin-is-still-too-high-per-the-real-kiyosaki-39752.php", "image_url": "https://crypto.snapi.dev/images/v1/j/r/world-war-iii-bitcoin-is-still-too-high-per-the-real-kiyosaki-115874.jpg", "title": "WORLD WAR III? Bitcoin is still too high per The Real Kiyosaki", "text": "Catch up on the latest crypto market news at The Currency Analytics. Therealkiyosaki shared: WORLD WAR III?", "source_name": "The Currency Analytics", "date": "Wed, 09 Mar 2022 05:30:20 -0500", "topics": [], "sentiment": "Neutral", "type": "Article", "tickers": ["BTC"]}, {"news_url": "https://dailyhodl.com/2022/03/09/heres-how-billionaire-ethereum-whales-are-navigating-the-crypto-markets-according-to-santiment/", "image_url": "https://crypto.snapi.dev/images/v1/l/x/addresses-accumulated-more-ethjpgfit10242c600ssl1-115883.jpg", "title": "Here's How Billionaire Ethereum Whales Are Navigating Current Crypto Conditions, According to Santiment", "text": "Crypto analytics firm Santiment is digging into the accumulation and outflow data to see what's next for Ethereum (ETH) and Bitcoin (BTC). The market insights agency says\u00a0that the biggest Ethereum whales continue to buy into the leading smart contract platform despite ETH recently dropping nearly 20% in price over the past month. \u201cEthereum's billionaire addresses [\u2026] The post Here's How Billionaire Ethereum Whales Are Navigating Current Crypto Conditions, According to Santiment appeared first on The Daily Hodl.", "source_name": "The Daily Hodl", "date": "Wed, 09 Mar 2022 05:15:16 -0500", "topics": ["whales"], "sentiment": "Neutral", "type": "Article", "tickers": ["ETH"]}, {"news_url": "https://www.forbes.com/sites/billybambrough/2022/03/09/leak-reveals-bidens-crypto-plans--sending-the-price-of-bitcoin-ethereum-bnb-solana-cardano-xrp-terras-luna-and-avalanche-higher/", "image_url": "https://crypto.snapi.dev/images/v1/j/t/leak-reveals-bidens-crypto-plans-sending-the-price-of-bitcoin-ethereum-bnb-solana-cardano-xrp-terras-luna-and-avalanche-higher-115869.jpg", "title": "Leak Reveals Biden's Crypto Plans\u2014 Sending The Price Of Bitcoin, Ethereum, BNB, Solana, Cardano, XRP, Terra's Luna And Avalanche Higher", "text": "Bitcoin and cryptocurrency prices have soared following the premature publication of a U.S. Treasury statement on a long-awaited Biden administration executive order...", "source_name": "Forbes", "date": "Wed, 09 Mar 2022 04:56:46 -0500", "topics": [], "sentiment": "Positive", "type": "Article", "tickers": ["ADA", "AVAX", "BNB", "BTC", "ETH", "LUNA", "SOL", "XRP"]}, {"news_url": "https://coinpedia.org/price-analysis/bitcoin-btc-price-yet-again-above-40000-levels-to-look-out-for/", "image_url": "https://crypto.snapi.dev/images/v1/7/g/crypto14-115866.jpg", "title": "Bitcoin(BTC) Price Yet Again Above $40,000! Traders Look Out for the Pivotal Levels Here!", "text": "Whenever the Bitcoin price is speculated to be more or less stagnant, the star crypto makes a larger move proving its strength. A similar instance occurred in the early trading hours when the assert broke above the consolidation to hit $41,700. However, no major possibilities of a pullback or correction are witnessed as of now \u2026", "source_name": "CoinPedia", "date": "Wed, 09 Mar 2022 04:47:34 -0500", "topics": [], "sentiment": "Positive", "type": "Article", "tickers": ["BTC"]}, {"news_url": "https://cointelegraph.com/news/bitcoin-returns-to-42k-as-markets-await-potential-7-9-cpi-inflation-data", "image_url": "https://crypto.snapi.dev/images/v1/f/0/840-ahr0chm6ly9zmy5jb2ludgvszwdyyxbolmnvbs91cgxvywrzlziwmjitmdmvzge5zwq4zwytytg2yi00zdizlwfjnjytmwfkytuwywexzme5lmpwzw-115865.jpg", "title": "Bitcoin returns to $42K as markets await potential 7.9% CPI inflation data", "text": "The run-up to the latest snapshot of just how bad U.S. inflation is sees Bitcoin break through range low resistance.", "source_name": "Cointelegraph", "date": "Wed, 09 Mar 2022 04:44:02 -0500", "topics": [], "sentiment": "Positive", "type": "Article", "tickers": ["BTC"]}, {"news_url": "https://cryptopotato.com/crypto-markets-add-130-billion-overnight-bitcoin-skyrockets-to-42k-market-watch/", "image_url": "https://crypto.snapi.dev/images/v1/f/x/bitcoinbull-cover-1-115860.jpg", "title": "Crypto Markets Add $130 Billion Overnight, Bitcoin Skyrockets to $42K (Market Watch)", "text": "The entire market is painted green today with Bitcoin challenging $42K while altcoins chart notable decreases, bumping the total market cap by $130 billion overnight.", "source_name": "CryptoPotato", "date": "Wed, 09 Mar 2022 04:37:02 -0500", "topics": [], "sentiment": "Positive", "type": "Article", "tickers": ["BTC"]}, {"news_url": "https://news.bitcoin.com/bitcoin-miner-hive-to-purchase-intel-mining-chips-firm-reveals-100-mw-deployment-deal-in-texas/", "image_url": "https://crypto.snapi.dev/images/v1/h/j/shutterstock-2113633610-115857.jpg", "title": "Bitcoin Miner Hive to Purchase Intel Mining Chips, Firm Reveals a 100 MW Deployment Deal in Texas", "text": "On March 7, the publicly-listed mining firm Hive Blockchain Technologies announced the company inked a deal with Intel to purchase new ASIC mining chips. Additionally, Hive has formed an agreement with an original design manufacturer (ODM) and a non-binding letter of intent with Compute North. Hive said the company plans to deploy 100 MW of [\u2026]", "source_name": "Bitcoin", "date": "Wed, 09 Mar 2022 04:30:30 -0500", "topics": ["mining"], "sentiment": "Neutral", "type": "Article", "tickers": ["BTC"]}, {"news_url": "https://u.today/175-million-worth-of-orders-liquidated-on-crypto-market-as-bitcoin-rallies-to-42000?SNAPI", "image_url": "https://crypto.snapi.dev/images/v1/p/0/13185-115856.jpg", "title": "$175 Million Worth of Orders Liquidated on Crypto Market as Bitcoin Rallies to $42,000", "text": "Almost $200 million worth of orders are getting wiped out from the market as cryptocurrencies recover", "source_name": "UToday", "date": "Wed, 09 Mar 2022 04:30:00 -0500", "topics": [], "sentiment": "Positive", "type": "Article", "tickers": ["BTC"]}, {"news_url": "https://beincrypto.com/bitcoin-btc-rebounds-support-blasts-42000/", "image_url": "https://crypto.snapi.dev/images/v1/l/y/bitcoin-price-up-inkjpegoptimal-115862.jpeg", "title": "Bitcoin (BTC) Rebounds From Support and Blasts to $42,000", "text": "Bitcoin (BTC) has been increasing since March 7 and managed to even break out from a short-term resistance level on March 9. The post Bitcoin (BTC) Rebounds From Support and Blasts to $42,000 appeared first on BeInCrypto.", "source_name": "BeInCrypto", "date": "Wed, 09 Mar 2022 04:20:00 -0500", "topics": [], "sentiment": "Positive", "type": "Article", "tickers": ["BTC"]}, {"news_url": "https://decrypt.co/94664/bitcoin-ethereum-rally-crypto-markets-recover", "image_url": "https://crypto.snapi.dev/images/v1/o/r/shutterstock-1012491031-gid-5-115854.jpg", "title": "Bitcoin, Ethereum Rally as Crypto Markets Recover", "text": "The leading cryptocurrencies are back in the green, with Bitcoin nearly hitting $42,000 overnight as Ethereum eyed the $2,800 mark.\u00a0", "source_name": "Decrypt", "date": "Wed, 09 Mar 2022 04:16:55 -0500", "topics": [], "sentiment": "Positive", "type": "Article", "tickers": ["BTC", "ETH"]}, {"news_url": "https://en.cryptonomist.ch/2022/03/09/bitcoin-ethereum-avalanche-rally-tuesday/", "image_url": "https://crypto.snapi.dev/images/v1/i/o/bitcoin-rally-300x200-115855.jpg", "title": "Bitcoin, Ethereum, Avalanche: rally on Tuesday", "text": "The Fear and Greed Index is 22 Extreme Fear", "source_name": "The Cryptonomist", "date": "Wed, 09 Mar 2022 04:01:57 -0500", "topics": [], "sentiment": "Positive", "type": "Article", "tickers": ["AVAX", "BTC", "ETH"]}, {"news_url": "https://www.benzinga.com/markets/cryptocurrency/22/03/26055190/elon-musk-floats-new-conspiracy-theory-about-the-identity-of-elusive-bitcoin-creator-satos?SNAPI", "image_url": "https://crypto.snapi.dev/images/v1/w/z/screen-shot-2022-03-09-at-21029-pm-115851.png", "title": "Elon Musk Floats New Conspiracy Theory About The Identity Of Elusive Bitcoin Creator Satoshi Nakamoto", "text": "Satoshi Nakamoto is the name used by the presumed pseudonymous person(s) who developed apex cryptocurrency Bitcoin (CRYPTO: BTC), but Tesla Inc.", "source_name": "Benzinga", "date": "Wed, 09 Mar 2022 03:41:00 -0500", "topics": [], "sentiment": "Neutral", "type": "Article", "tickers": ["BTC"]}, {"news_url": "https://cryptopotato.com/bitcoin-price-soars-above-41k-on-bidens-crypto-administrative-order-leak/", "image_url": "https://crypto.snapi.dev/images/v1/h/l/cp-featured-min-115849.jpg", "title": "Bitcoin Price Soars Above $41K on Biden's Crypto Administrative Order Leak", "text": "Bitcoin's price soared to $42,000 on a reported leaked press release of President Biden's executive order on crypto.", "source_name": "CryptoPotato", "date": "Wed, 09 Mar 2022 03:34:47 -0500", "topics": [], "sentiment": "Positive", "type": "Article", "tickers": ["BTC"]}, {"news_url": "https://en.cryptonomist.ch/2022/03/09/women-bitcoin-a-rise-in-female-savers/", "image_url": "https://crypto.snapi.dev/images/v1/2/j/woman-bitcoin-n26-1-300x200-115852.jpg", "title": "Women and Bitcoin: a rise in female savers", "text": "N26 research: the range with most investors is between 35 and 44 years old", "source_name": "The Cryptonomist", "date": "Wed, 09 Mar 2022 03:15:33 -0500", "topics": [], "sentiment": "Positive", "type": "Article", "tickers": ["BTC"]}, {"news_url": "https://www.cnbc.com/2022/03/09/bitcoin-btc-jumps-after-treasury-statement-on-crypto-executive-order.html", "image_url": "https://crypto.snapi.dev/images/v1/6/t/106963876-1634825244800-gettyimages-1236011917-aa-21102021-496570-115848.jpeg", "title": "Bitcoin spikes 8% after apparent release of Yellen statement on Biden's crypto executive order", "text": "Bitcoin and other cryptocurrencies spiked after the U.S. Treasury apparently released details of an executive order from President Joe Biden.", "source_name": "CNBC", "date": "Wed, 09 Mar 2022 03:08:42 -0500", "topics": [], "sentiment": "Positive", "type": "Article", "tickers": ["BTC"]}, {"news_url": "https://ambcrypto.com/eos-solana-vechain-price-analysis-09-march/", "image_url": "https://crypto.snapi.dev/images/v1/f/u/pa-1-cover-e1646808553120-115846.jpg", "title": "EOS, Solana, VeChain Price Analysis: 09 March", "text": "In the hours preceding press time, Bitcoin climbed from $38.5k to $41.5k. This saw the altcoin market climb as well.", "source_name": "AMBCrypto", "date": "Wed, 09 Mar 2022 03:00:23 -0500", "topics": ["tanalysis"], "sentiment": "Neutral", "type": "Article", "tickers": ["EOS", "SOL", "VET"]}, {"news_url": "https://www.investingcube.com/top-3-coin-price-predictions-zcash-terra-luna-ethereum-cryptocurrencies/", "image_url": "https://crypto.snapi.dev/images/v1/l/t/eth-4-e1642427189650-115844.jpg", "title": "Top 3 Coin Price Predictions: ZCash, Terra LUNA, Ethereum", "text": "Which are the top coin price predictions for Terra LUNA, Ethereum, and ZCash? We explain why they rose and what to expect.", "source_name": "InvestingCube", "date": "Wed, 09 Mar 2022 02:58:26 -0500", "topics": [], "sentiment": "Neutral", "type": "Article", "tickers": ["ETH", "LUNA", "ZEC"]}, {"news_url": "https://www.coindesk.com/tech/2022/03/09/kava-deploys-ethereum-developer-support-on-testnet/", "image_url": "https://crypto.snapi.dev/images/v1/j/t/4n4vnqgge5awxorqrpsimeuhca-115845.jpg", "title": "Kava Deploys Ethereum Developer Support on Testnet", "text": "EVM support on Kava will allow Ethereum developers to deploy dapps to Cosmos, which has been steadily gained popularity among users.", "source_name": "Coindesk", "date": "Wed, 09 Mar 2022 02:55:00 -0500", "topics": [], "sentiment": "Neutral", "type": "Article", "tickers": ["ETH", "KAVA"]}, {"news_url": "https://www.newsbtc.com/news/bitcoin/why-is-bitcoin-so-volatile-anyway-fidelity-digital-assets-explains/", "image_url": "https://crypto.snapi.dev/images/v1/u/n/chris-de-tempe-6tl5kl7jeqg-unsplash-115839.jpg", "title": "Why Is Bitcoin So Volatile, Anyway? Fidelity Digital Assets Explains", "text": "Let Fidelity take the wheel and drive you through the wonderful world of volatility. Bitcoin critics wield one of the asset's main characteristics as an unsolvable failure, but, is it?", "source_name": "NewsBTC", "date": "Wed, 09 Mar 2022 02:27:45 -0500", "topics": [], "sentiment": "Neutral", "type": "Article", "tickers": ["BTC"]}, {"news_url": "https://www.reuters.com/business/finance/bitcoin-jumps-after-apparent-yellen-statement-quells-us-clampdown-fears-2022-03-09/", "image_url": "https://crypto.snapi.dev/images/v1/l/9/5gezari3nrnm3lphtndvstelgi-115835.jpg", "title": "Bitcoin jumps after apparent Yellen statement quells U.S. clampdown fears", "text": "Bitcoin led a rally in cryptocurrencies on Wednesday after what appeared to be a prematurely published U.S. Treasury statement allayed market worries about a sudden tightening of U.S. rules around digital assets.", "source_name": "Reuters", "date": "Wed, 09 Mar 2022 02:01:26 -0500", "topics": [], "sentiment": "Positive", "type": "Article", "tickers": ["BTC"]}, {"news_url": "https://www.newsbtc.com/analysis/eth/ethereum-breaks-barrier-2725/", "image_url": "https://crypto.snapi.dev/images/v1/y/z/depositphotos-67114657-s-2019-1-115832.jpg", "title": "TA: Ethereum Breaks Barrier, A Strengthening Case for More Upsides", "text": "Ethereum started a decent increase above the $2,600 resistance against the US Dollar. ETH price is gaining pace and could even rally above the $2,720 zone.", "source_name": "NewsBTC", "date": "Wed, 09 Mar 2022 01:28:37 -0500", "topics": ["tanalysis"], "sentiment": "Positive", "type": "Article", "tickers": ["ETH"]}, {"news_url": "https://beincrypto.com/oil-price-from-zero-to-hero-will-bitcoin-follow-forget-crypto-winter/", "image_url": "https://crypto.snapi.dev/images/v1/j/7/bitcoin-oil-inkjpegoptimal-115834.jpeg", "title": "Oil Price: From Zero to Hero. Will Bitcoin Follow?", "text": "Oil price: Two years ago, nobody predicted that the oil price would go from zero to where it is today. Will Bitcoin prices go up too?", "source_name": "BeInCrypto", "date": "Wed, 09 Mar 2022 01:28:35 -0500", "topics": [], "sentiment": "Neutral", "type": "Article", "tickers": ["BTC"]}, {"news_url": "https://coingape.com/?p=103535", "image_url": "https://crypto.snapi.dev/images/v1/e/x/executium-lta5b8mpytw-unsplash-114721-115021-115429-115886.jpg", "title": "Bitcoin's Correlation With Stocks Hits 2-Month Low: Will It Decouple?", "text": "Bitcoin's latest rally saw it diverge further from the equity market. While stock markets slumped further on news that the United States will ban Russian oil, the world's largest cryptocurrency rallied more than 6% to break above $41,000.", "source_name": "Coingape", "date": "Wed, 09 Mar 2022 01:08:54 -0500", "topics": [], "sentiment": "Neutral", "type": "Article", "tickers": ["BTC"]}, {"news_url": "https://cryptoslate.com/kava-adds-evm-support-to-the-network-with-ethereum-co-chain-alpha-launch/", "image_url": "https://crypto.snapi.dev/images/v1/7/j/kava-evm-ethereum-1-115828.jpg", "title": "Kava adds EVM support to the network with Ethereum co-chain alpha launch", "text": "recently announced a successful co-chain alpha launch that added EVM developer support to the network. The post Kava adds EVM support to the network with Ethereum co-chain alpha launch appeared first on CryptoSlate.", "source_name": "CryptoSlate", "date": "Wed, 09 Mar 2022 01:01:17 -0500", "topics": [], "sentiment": "Neutral", "type": "Article", "tickers": ["ETH", "KAVA"]}, {"news_url": "https://coinpedia.org/ripple/xrp-price-to-remain-under-1-ripples-win-against-sec-to-be-delayed/", "image_url": "https://crypto.snapi.dev/images/v1/q/2/crypto12-115826.jpg", "title": "XRP Price To Remain Under $1! Ripple's Win Against SEC May Be Pushed To September", "text": "\u00a0\u00a0The global coin market has now come across a major turn, from where the destiny still looks far from reach. The disappointing update to the fraternity comes following the release of documents. This revolves around Ripple vs SEC lawsuit, which has been a major hiccup for the firm and the broader community. Successively the documents \u2026", "source_name": "CoinPedia", "date": "Wed, 09 Mar 2022 00:49:00 -0500", "topics": ["regulations"], "sentiment": "Positive", "type": "Article", "tickers": ["XRP"]}, {"news_url": "https://ambcrypto.com/all-about-7-in-7-for-bitcoin-ethereums-13-week-high-and-alts-mixed-fortunes/", "image_url": "https://crypto.snapi.dev/images/v1/w/n/lukas-blazek-mcsdtbwxuzu-unsplash-115823.jpg", "title": "All about 7 in 7 for Bitcoin, Ethereum's 13-week high, and alts' \u2018mixed fortunes'\u00a0", "text": "Cryptocurrency prices have climbed somewhat after investors appeared to view Bitcoin as a safe haven for their money. In fact, even the Russians and Ukrainians have been seeking alternatives to their country's financial institutions.", "source_name": "AMBCrypto", "date": "Wed, 09 Mar 2022 00:30:30 -0500", "topics": [], "sentiment": "Positive", "type": "Article", "tickers": ["BTC", "ETH"]}, {"news_url": "https://beincrypto.com/cardano-stakers-led-ethereum-2000-february-2022/", "image_url": "https://crypto.snapi.dev/images/v1/h/1/mine-cardanojpgoptimal-115824.jpg", "title": "Cardano Stakers Led Ethereum by 2,000% in February 2022", "text": "Cardano and Ethereum are among the top players in crypto staking. Cardano (ADA) stakers grew a lead over Ethereum stakers in February 2022.", "source_name": "BeInCrypto", "date": "Wed, 09 Mar 2022 00:30:00 -0500", "topics": [], "sentiment": "Neutral", "type": "Article", "tickers": ["ADA", "ETH"]}, {"news_url": "https://www.benzinga.com/markets/cryptocurrency/22/03/26054365/bitcoin-sees-sudden-8-rise-breaches-41k-ethereum-dogecoin-follow-course?SNAPI", "image_url": "https://crypto.snapi.dev/images/v1/a/2/thought-catalog-xeo-7hswysa-unsplash-11-115812.jpg", "title": "Bitcoin Sees Sudden 8% Rise, Breaches $41K \u2014 Ethereum, Dogecoin Follow Course", "text": "Bitcoin (CRYPTO: BTC) surged by 7.8% during Asian hours on Wednesday to $41,632.", "source_name": "Benzinga", "date": "Wed, 09 Mar 2022 00:02:00 -0500", "topics": [], "sentiment": "Positive", "type": "Article", "tickers": ["BTC"]}, {"news_url": "https://coinpedia.org/ethereum/this-might-hinder-ethereums-growth-in-coming-days-eth-price-might-revisit-1700-level/", "image_url": "https://crypto.snapi.dev/images/v1/i/y/shutterstock-2048668574-1-115024-115809.jpg", "title": "This Might Hinder Ethereum's Growth In Coming Days, ETH Price Might Revisit $1700 Level", "text": "The Crypto market was trading with minor gains on Wednesday, ahead of the much-awaited executive order by US President Joe Biden. The global cryptocurrency market cap jumped to $1.77 trillion, adding almost 3 percent in the last 24 hours. Bitcoin price has surged more than 5% due to the favorable market trading above $41k. The \u2026", "source_name": "CoinPedia", "date": "Tue, 08 Mar 2022 23:50:02 -0500", "topics": [], "sentiment": "Negative", "type": "Article", "tickers": ["ETH"]}, {"news_url": "https://invezz.com/news/2022/03/09/bitcoin-price-prediction-after-the-strong-comeback/", "image_url": "https://crypto.snapi.dev/images/v1/u/h/bitcoin-volatility-115807.jpg", "title": "Bitcoin price prediction after the strong comeback", "text": "The Bitcoin (BTC/USD) price jumped sharply in the overnight session even as global tensions rose. The coin is trading at $41,485, which is substantially higher than this week's low of $37,170. It is substantially lower than the all-time high of about $67,000. Cautious recovery The Bitcoin price rebounded even as global risks rose. On Tuesday, [\u2026] The post Bitcoin price prediction after the strong comeback appeared first on Invezz.", "source_name": "Invezz", "date": "Tue, 08 Mar 2022 23:34:53 -0500", "topics": [], "sentiment": "Positive", "type": "Article", "tickers": ["BTC"]}, {"news_url": "https://cryptonews.com/news/bitcoin-jumps-above-usd-41k-ethereum-accelerates-luna-monero-rally.htm", "image_url": "https://crypto.snapi.dev/images/v1/i/y/bitcoin-cracked-earth-md-115423-115808.jpg", "title": "Bitcoin Jumps Above USD 41K, Ethereum Accelerates, LUNA and Monero Rally", "text": "Bitcoin price started a steady recovery wave above the USD 38,800 resistance, rallied above USD 41,000, and is currently (04:18 UTC) trading above USD 41,500. BTC jumped more than 7% in a day and trimmed its weekly losses to less than 7%.", "source_name": "Cryptonews", "date": "Tue, 08 Mar 2022 23:34:00 -0500", "topics": [], "sentiment": "Positive", "type": "Article", "tickers": ["BTC", "ETH", "LUNA", "XMR"]}, {"news_url": "https://www.cryptopolitan.com/bitcoin-ethereum-klaytn-and-elrond-network-daily-price-analyses-8-march-roundup/", "image_url": "https://crypto.snapi.dev/images/v1/i/c/vol2-roundup-1140-x-570-02-115805.png", "title": "Bitcoin, Ethereum, Klaytn, and Elrond Network Daily Price Analyses \u2013 8 March Roundup", "text": "TL;DR Breakdown The global crypto market witnessed a revival and has gained 2.38% in the last 24 hours. Bitcoin has also improved over the last 24 hours, gaining 2.48%.", "source_name": "Cryptopolitan", "date": "Tue, 08 Mar 2022 23:31:40 -0500", "topics": [], "sentiment": "Positive", "type": "Article", "tickers": ["BTC", "EGLD", "ETH", "KLAY"]}, {"news_url": "https://u.today/bitcoin-price-suddenly-spikes-to-nearly-42000?SNAPI", "image_url": "https://crypto.snapi.dev/images/v1/g/p/adobestock-164874912-115804.jpeg", "title": "Bitcoin Price Suddenly Spikes to Nearly $42,000", "text": "Bitcoin has surged to the highest level since March 4", "source_name": "UToday", "date": "Tue, 08 Mar 2022 23:31:00 -0500", "topics": [], "sentiment": "Positive", "type": "Article", "tickers": ["BTC"]}, {"news_url": "https://coingape.com/?p=103532", "image_url": "https://crypto.snapi.dev/images/v1/c/r/cryptocurrency-market-overview-source-quantify-crypto-5-115628-115816.png", "title": "Bitcoin (BTC) Shoots 7% Back Above $41,000, Terra's LUNA Leads Altcoin Rally", "text": "The broader cryptocurrency market is once again staging a solid 5% recovery today. In a surprise move, Bitcoin (BTC) has bounced back 7% moving to $41,500 levels.", "source_name": "Coingape", "date": "Tue, 08 Mar 2022 23:28:17 -0500", "topics": [], "sentiment": "Positive", "type": "Article", "tickers": ["BTC", "LUNA"]}, {"news_url": "https://beincrypto.com/bitcoin-nupl-indicator-bearish-signal-preceded-previous-corrections-btc-on-chain-analysis/", "image_url": "https://crypto.snapi.dev/images/v1/r/f/bic-btc-fractals-similar-pattern-long-term-chart-115797.jpg", "title": "Bitcoin NUPL Indicator Flashes Bearish Signal that Preceded Previous Corrections \u2014 BTC On-Chain Analysis", "text": "BeInCrypto analyzes the Bitcoin Net Unrealized Profit Loss (NUPL) indicator in order to determine the magnitude of the current BTC supply that is in profit and loss. The post Bitcoin NUPL Indicator Flashes Bearish Signal that Preceded Previous Corrections \u2014 BTC On-Chain Analysis appeared first on BeInCrypto.", "source_name": "BeInCrypto", "date": "Tue, 08 Mar 2022 22:30:00 -0500", "topics": [], "sentiment": "Negative", "type": "Article", "tickers": ["BTC"]}, {"news_url": "https://bitcoinmagazine.com/culture/as-trust-is-repriced-bitcoin-is-solution", "image_url": "https://crypto.snapi.dev/images/v1/i/i/people-dont-trust-libra-115796.jpg", "title": "As Trust Is Repriced In Real Time, Bitcoin Is The Only Solution", "text": "The world is headed toward a period of chaotic experimentation with dollar alternatives. Bitcoin is the only solution.", "source_name": "Bitcoin Magazine", "date": "Tue, 08 Mar 2022 22:30:00 -0500", "topics": [], "sentiment": "Neutral", "type": "Article", "tickers": ["BTC"]}, {"news_url": "https://www.newsbtc.com/analysis/btc/bitcoin-shows-recovery-signs-40k/", "image_url": "https://crypto.snapi.dev/images/v1/c/l/shutterstock-530809771-115793.jpg", "title": "TA: Bitcoin Shows Recovery Signs and Could Rally Above $40K", "text": "Bitcoin is correcting losses and trading above $39,000 against the US Dollar. BTC could gain bullish momentum if it clears the $40,000 resistance zone.", "source_name": "NewsBTC", "date": "Tue, 08 Mar 2022 22:08:46 -0500", "topics": ["tanalysis"], "sentiment": "Positive", "type": "Article", "tickers": ["BTC"]}, {"news_url": "https://bitcoinmagazine.com/markets/liquidity-issues-present-massive-bitcoin-opportunity", "image_url": "https://crypto.snapi.dev/images/v1/0/k/fiat-115776.jpg", "title": "For Patient Accumulators, Economic Liquidity Issues Present Massive Bitcoin Opportunity", "text": "For patient accumulators of bitcoin, the current and potential future price action of bitcoin should be viewed as a massive opportunity.", "source_name": "Bitcoin Magazine", "date": "Tue, 08 Mar 2022 20:30:00 -0500", "topics": [], "sentiment": "Positive", "type": "Article", "tickers": ["BTC"]}, {"news_url": "https://bitcoinist.com/ethereum-fees-fall-to-6-month-low-as-nft-mania-fade/", "image_url": "https://crypto.snapi.dev/images/v1/7/o/chris-haws-2atqm7pphkq-unsplash-scaled-1-629x420-115774.jpg", "title": "Ethereum Fees Fall To 6-Month Low As NFT Mania Fades", "text": "Why are Ethereum's gas fees falling? After all, it wasn't that long ago that merely approving a transaction on the network cost an arm and a leg, let alone starting to swing your digital scythe in a yield farm.", "source_name": "Bitcoinist", "date": "Tue, 08 Mar 2022 20:00:10 -0500", "topics": ["NFT"], "sentiment": "Neutral", "type": "Article", "tickers": ["ETH"]}, {"news_url": "https://www.forbes.com/sites/billybambrough/2022/03/08/bitcoin-to-100000-in-two-years-a-former-white-house-press-secretary-issued-a-huge-crypto-price-prediction/", "image_url": "https://crypto.snapi.dev/images/v1/6/z/bitcoin-to-100000-in-two-yearsa-former-white-house-press-secretary-issued-a-huge-crypto-price-prediction-115773.jpg", "title": "\u2018Bitcoin To $100,000 In Two Years'\u2014A Former White House Press Secretary Issued A Huge Crypto Price Prediction", "text": "Anthony Scaramucci, Donald Trump's short-lived White House press secretary who launched a bitcoin fund last year, has issued a bold bitcoin price prediction...", "source_name": "Forbes", "date": "Tue, 08 Mar 2022 19:45:03 -0500", "topics": [], "sentiment": "Positive", "type": "Article", "tickers": ["BTC"]}, {"news_url": "https://ambcrypto.com/heres-the-to-do-guide-for-solanas-market-bulls/", "image_url": "https://crypto.snapi.dev/images/v1/3/x/pp-4-sol-cover-e1646738693473-115772.jpg", "title": "Here's the to-do guide for Solana's market bulls", "text": "Disclaimer:\u00a0The findings of the following analysis are the sole opinions of the writer and should not be considered investment advice Solana has emerged as the faster network in terms of transaction speed, according to a recent investigation. On the contrary, it is also a statement of fact that unique daily active signers have dropped since [\u2026]", "source_name": "AMBCrypto", "date": "Tue, 08 Mar 2022 19:30:10 -0500", "topics": [], "sentiment": "Positive", "type": "Article", "tickers": ["SOL"]}, {"news_url": "https://decrypt.co/94648/ethereum-transaction-fees-drop-six-month-low-report", "image_url": "https://crypto.snapi.dev/images/v1/t/o/ethereum-etf-trading-markets-gid-1-115770.jpg", "title": "Ethereum Transaction Fees Drop to Six-Month Low: Report", "text": "The decrease is likely related to a cooling-off of the NFT market.", "source_name": "Decrypt", "date": "Tue, 08 Mar 2022 19:06:07 -0500", "topics": [], "sentiment": "Negative", "type": "Article", "tickers": ["ETH"]}, {"news_url": "https://cryptonews.com/news/el-savladors-bukele-says-52-bitcoin-reforms-are-oven-critics-hit-out-at-lack-of-adoption-benefits.htm", "image_url": "https://crypto.snapi.dev/images/v1/d/g/nb-1-1-115767.jpg", "title": "El Salvador's Bukele Says 52 Bitcoin Reforms Are \u2018In the Oven', Critics Hit Out at Lack of Adoption Benefits", "text": "On the six-month anniversary of El Salvador's adoption of bitcoin (BTC) as legal tender, President Nayib Bukele stated that he will unveil 10 new BTC-specific legal reforms next week \u2013 with over 40 more to come.", "source_name": "Cryptonews", "date": "Tue, 08 Mar 2022 19:00:00 -0500", "topics": [], "sentiment": "Neutral", "type": "Article", "tickers": ["BTC"]}, {"news_url": "https://dailyhodl.com/2022/03/08/bitcoin-ethereum-cardano-and-xrp-witness-rise-in-institutional-capital-flows-during-geopolitical-tensions/", "image_url": "https://crypto.snapi.dev/images/v1/d/5/crypto-markets-see-uptickjpgfit10242c600ssl1-115763.jpg", "title": "Bitcoin, Ethereum, Cardano and XRP Witness Rise in Institutional Capital Flows During Geopolitical Tensions", "text": "A leading digital assets manager says geopolitical risks are not keeping institutional crypto investors from adding to their positions in North America. In its latest Digital Asset Fund Flows Weekly report, CoinShares says digital asset investment products enjoyed inflows of over $125 million last week. \u201cDigital asset investment products saw inflows totaling $127 million last [\u2026] The post Bitcoin, Ethereum, Cardano and XRP Witness Rise in Institutional Capital Flows During Geopolitical Tensions appeared first on The Daily Hodl.", "source_name": "The Daily Hodl", "date": "Tue, 08 Mar 2022 18:05:57 -0500", "topics": ["institutions"], "sentiment": "Positive", "type": "Article", "tickers": ["ADA", "BTC", "ETH", "XRP"]}, {"news_url": "https://bitcoinmagazine.com/culture/bitcoin-is-insurance-against-states", "image_url": "https://crypto.snapi.dev/images/v1/z/f/img-6049-115758.png", "title": "Bitcoin Is Insurance Against A State Gone Rogue", "text": "Immutable value storage via Bitcoin is our best defense against tyrannical overreaching governments.", "source_name": "Bitcoin Magazine", "date": "Tue, 08 Mar 2022 18:04:42 -0500", "topics": [], "sentiment": "Neutral", "type": "Article", "tickers": ["BTC"]}, {"news_url": "https://dailyhodl.com/2022/03/08/analyst-compares-bitcoins-price-action-to-nasdaq-in-early-2000s-says-btc-correction-below-30000-in-sight/", "image_url": "https://crypto.snapi.dev/images/v1/a/2/analyst-compares-bitcoins-pricejpgfit10242c600ssl1-115764.jpg", "title": "Analyst Compares Bitcoin's Price Action to Nasdaq in Early 2000s, Says BTC Correction Below $30,000 in Sight", "text": "A closely followed crypto strategist says Bitcoin's (BTC) market structure over the last three years is reminiscent of Nasdaq's price action during the early 2000s. In a new strategy session, pseudonymous analyst Altcoin Psycho looks at how the Nasdaq performed from 2003 to 2008 to get a glimpse of how BTC may react in the [\u2026] The post Analyst Compares Bitcoin's Price Action to Nasdaq in Early 2000s, Says BTC Correction Below $30,000 in Sight appeared first on The Daily Hodl.", "source_name": "The Daily Hodl", "date": "Tue, 08 Mar 2022 18:01:05 -0500", "topics": [], "sentiment": "Negative", "type": "Article", "tickers": ["BTC"]}, {"news_url": "https://ambcrypto.com/why-polkadots-recovery-might-just-depend-on-this-metrics-three-month-high/", "image_url": "https://crypto.snapi.dev/images/v1/p/p/michael-dziedzic-vlmo8kavvt4-unsplash-e1646751730119-115757.jpg", "title": "Why Polkadot's recovery might just depend on this metric's three-month high", "text": "Polkadot and its parachains have created a niche for themselves in the DeFi space, cumulatively accounting for $1.31 billion. And, looking at the investors' response to these parachains, it seems like their auction will play a major role in pulling Polkadot out of its price slump.", "source_name": "AMBCrypto", "date": "Tue, 08 Mar 2022 18:00:29 -0500", "topics": [], "sentiment": "Positive", "type": "Article", "tickers": ["DOT"]}, {"news_url": "https://www.benzinga.com/markets/cryptocurrency/22/03/26050155/why-ethereums-chart-is-making-traders-a-little-worried?SNAPI", "image_url": "https://crypto.snapi.dev/images/v1/y/l/kanchanara-vu13qdltqyu-unsplash-115752.jpg", "title": "Why Ethereum's Chart Is Making Traders A Little Worried", "text": "Ethereum (CRYPTO: ETH) is trading higher Wednesday and is desperately trying to hold above the higher low trendline. This trendline has held many times in the past and is now possibly seeing a break below.", "source_name": "Benzinga", "date": "Tue, 08 Mar 2022 17:35:00 -0500", "topics": [], "sentiment": "Negative", "type": "Article", "tickers": ["ETH"]}, {"news_url": "https://cryptoslate.com/ethereum-investment-funds-record-largest-inflows-in-13-weeks/", "image_url": "https://crypto.snapi.dev/images/v1/2/o/ethereum-investment-funds-115751.jpg", "title": "Ethereum investment funds record largest inflows in 13 weeks", "text": "Crypto investment products attracted large inflows in the Americas last week, versus minor outflows recorded in Europe, according to the latest report by institutional crypto fund manager CoinShares. The post Ethereum investment funds record largest inflows in 13 weeks appeared first on CryptoSlate.", "source_name": "CryptoSlate", "date": "Tue, 08 Mar 2022 17:31:22 -0500", "topics": [], "sentiment": "Neutral", "type": "Article", "tickers": ["ETH"]}, {"news_url": "https://bitcoinmagazine.com/business/bitcoin-supports-us-national-security-objectives-report", "image_url": "https://crypto.snapi.dev/images/v1/p/4/red-white-and-blue-115750.jpg", "title": "Bitcoin Supports U.S. National Security Objectives: Report", "text": "The Bitcoin Policy Institute argues that Bitcoin can aid the U.S. in countering strategic adversaries while ensuring local growth.", "source_name": "Bitcoin Magazine", "date": "Tue, 08 Mar 2022 17:18:54 -0500", "topics": [], "sentiment": "Neutral", "type": "Article", "tickers": ["BTC"]}, {"news_url": "https://www.benzinga.com/markets/cryptocurrency/22/03/26048281/bitcoin-could-see-a-bullish-run-if-these-few-things-happen?SNAPI", "image_url": "https://crypto.snapi.dev/images/v1/w/f/bitcoin-2007769-1920-166-115748.jpg", "title": "Bitcoin Could See A Bullish Run If These Few Things Happen", "text": "Bitcoin (CRYPTO: BTC) is trading higher Wednesday and sits just below the $40,000 level again. The crypto has been back and forth crossing above and below this key level as it consolidates and gets ready for its next big move.", "source_name": "Benzinga", "date": "Tue, 08 Mar 2022 17:11:00 -0500", "topics": [], "sentiment": "Positive", "type": "Article", "tickers": ["BTC"]}, {"news_url": "https://cointelegraph.com/news/bitcoin-s-sub-40k-range-trading-and-mixed-data-reflect-traders-uncertainty", "image_url": "https://crypto.snapi.dev/images/v1/8/y/840-ahr0chm6ly9zmy5jb2ludgvszwdyyxbolmnvbs91cgxvywrzlziwmjitmdmvzgi4n2e5mdgtm2u0ni00mzfhltk3ytuty2zmmtjjognjnjmzlmpwzw-115746.jpg", "title": "Bitcoin's sub-$40K range trading and mixed data reflect traders' uncertainty", "text": "The market gave up last week's gains from Bitcoin's surge to $45,000, but derivatives metrics suggest retail traders are more bullish than market makers and whales.", "source_name": "Cointelegraph", "date": "Tue, 08 Mar 2022 17:05:00 -0500", "topics": [], "sentiment": "Negative", "type": "Article", "tickers": ["BTC"]}, {"news_url": "https://thecurrencyanalytics.com/defi/ethereum-and-binance-chain-is-exploding-in-numbers-of-defi-yield-farms-39728.php", "image_url": "https://crypto.snapi.dev/images/v1/v/o/ethereum-and-binance-chain-is-exploding-in-numbers-of-defi-yield-farms-115744.jpg", "title": "Ethereum and Binance Chain is Exploding in Numbers of DeFi Yield Farms", "text": "Catch up on the latest crypto market news at The Currency Analytics. Decentralized Finance (DeFi) has exploded in popularity in recent months.", "source_name": "The Currency Analytics", "date": "Tue, 08 Mar 2022 17:00:52 -0500", "topics": [], "sentiment": "Neutral", "type": "Article", "tickers": ["ETH", "BNB"]}, {"news_url": "https://www.newsbtc.com/news/bitcoin/bitcoin-slips-back-to-38k-further-downside-incoming/", "image_url": "https://crypto.snapi.dev/images/v1/a/e/istockphoto-919509810-612x612-1-115742.jpg", "title": "Bitcoin Slips Back To 38k, Further Downside Incoming?", "text": "Bitcoin slide to $37,000 on March 7 sparked some purchasing interest, resulting in a price bounce to $39,000 on March 8. Surprisingly, the upward sloping trendline that served as an accumulation zone for traders in 2022 was the origin of the upside retracement move.", "source_name": "NewsBTC", "date": "Tue, 08 Mar 2022 16:58:10 -0500", "topics": [], "sentiment": "Negative", "type": "Article", "tickers": ["BTC"]}, {"news_url": "https://investorplace.com/2022/03/3-cryptos-to-buy-now-in-case-a-recession-is-coming/", "image_url": "https://crypto.snapi.dev/images/v1/c/r/crypto8-115738.jpg", "title": "3 Cryptos to Buy Now in Case a Recession Is Coming", "text": "Investors are worried about the possibility of a recession. Some of the best cryptos to buy in the face of the volatility are growth plays.", "source_name": "Investorplace", "date": "Tue, 08 Mar 2022 16:37:22 -0500", "topics": [], "sentiment": "Positive", "type": "Article", "tickers": ["BTC", "ETH", "SOL"]}, {"news_url": "https://thecurrencyanalytics.com/bitcoin/after-bitcoin-btc-is-mined-out-what-happens-to-it-39710.php", "image_url": "https://crypto.snapi.dev/images/v1/x/l/after-bitcoin-btc-is-mined-out-what-happens-to-it-115731.jpg", "title": "After Bitcoin (BTC) is Mined Out, What Happens To It?", "text": "Catch up on the latest crypto market news at The Currency Analytics. The Characteristics of Bitcoin:\u00a0 The number of bitcoins that can be issued (mined) is limited to 21 million.", "source_name": "The Currency Analytics", "date": "Tue, 08 Mar 2022 16:24:21 -0500", "topics": [], "sentiment": "Neutral", "type": "Article", "tickers": ["BTC"]}, {"news_url": "https://www.coindesk.com/business/2022/03/08/goldman-sachs-offering-eth-fund-to-clients-through-galaxy-digital/", "image_url": "https://crypto.snapi.dev/images/v1/d/i/di2de2-115783.", "title": "Goldman Sachs Offering ETH Fund to Clients Through Galaxy Digital", "text": "The bank is introducing crypto-curious clients to Galaxy's Institutional Ethereum Fund, SEC documents show.", "source_name": "Coindesk", "date": "Tue, 08 Mar 2022 16:21:00 -0500", "topics": [], "sentiment": "Positive", "type": "Article", "tickers": ["ETH"]}, {"news_url": "https://www.forbes.com/sites/jasonbisnoff/2022/03/08/why-no-one-from-ripple-to-russia-has-been-able-to-topple-the-swift-monopoly/", "image_url": "https://crypto.snapi.dev/images/v1/u/5/why-no-one-from-ripple-to-russia-has-been-able-to-topple-the-swift-monopoly-115730.jpg", "title": "Why No One From Ripple To Russia Has Been Able To Topple The SWIFT Monopoly", "text": "While SWIFT's role in the Russian invasion of Ukraine may be new, competitors from rogue nations to crypto nerds trying to circumvent the NATO dominated bank messaging system are far from new.", "source_name": "Forbes", "date": "Tue, 08 Mar 2022 16:18:58 -0500", "topics": [], "sentiment": "Negative", "type": "Article", "tickers": ["XRP"]}, {"news_url": "https://bitcoinmagazine.com/industry-events/bitcoin-2022-celebrates-freedom-and-people", "image_url": "https://crypto.snapi.dev/images/v1/z/k/bitcoin-2021-cultural-force-115726.jpg", "title": "Bitcoin 2022 Is A Chance To Celebrate Freedom With Like-Minded People", "text": "The Bitcoin Conference will be a chance to connect with those who share the unifying principles of Bitcoin and liberty.", "source_name": "Bitcoin Magazine", "date": "Tue, 08 Mar 2022 15:59:52 -0500", "topics": [], "sentiment": "Positive", "type": "Article", "tickers": ["BTC"]}, {"news_url": "https://cryptopotato.com/bitcoin-will-benefit-from-new-monetary-world-order-predicts-credit-suisse/", "image_url": "https://crypto.snapi.dev/images/v1/s/a/credit-suisse-115720.jpg", "title": "Bitcoin Will Benefit from New Monetary World Order, Predicts Credit Suisse\u00a0", "text": "The global investment bank believes the Russia Ukraine-conflict will lead to a new paradigm for money \u2013 and that it likely helps Bitcoin.", "source_name": "CryptoPotato", "date": "Tue, 08 Mar 2022 15:30:14 -0500", "topics": [], "sentiment": "Positive", "type": "Article", "tickers": ["BTC"]}, {"news_url": "https://ambcrypto.com/what-risk-on-asset-bitcoin-should-expect-before-smart-money-arrives/", "image_url": "https://crypto.snapi.dev/images/v1/6/h/pp-3-btc-cover-e1646730846238-115719.jpg", "title": "What risk-on asset Bitcoin should expect before smart money arrives", "text": "Disclaimer:\u00a0The findings of the following analysis are the sole opinions of the writer and should not be considered investment advice In November 2021, news came out that the U.S Consumer Price Index (CPI) rose by 6.8% when compared to the year prior. This signalled that inflation was higher than expected.", "source_name": "AMBCrypto", "date": "Tue, 08 Mar 2022 15:30:14 -0500", "topics": [], "sentiment": "Neutral", "type": "Article", "tickers": ["BTC"]}, {"news_url": "https://cointelegraph.com/news/ethereum-traders-reduce-their-bullish-bets-as-eth-struggles-reclaim-3k", "image_url": "https://crypto.snapi.dev/images/v1/l/c/840-ahr0chm6ly9zmy5jb2ludgvszwdyyxbolmnvbs91cgxvywrzlziwmjitmdmvywi3mdvkyzutowjini00ntzjlwiwzmmtodg2m2e1zwi2mdkzlmpwzw-115718.jpg", "title": "Ethereum traders reduce their bullish bets as ETH struggles reclaim $3K", "text": "ETH price is stuck in a rut and these three metrics suggest the downtrend is nowhere near an end.", "source_name": "Cointelegraph", "date": "Tue, 08 Mar 2022 15:16:49 -0500", "topics": [], "sentiment": "Negative", "type": "Article", "tickers": ["ETH"]}, {"news_url": "https://bitcoinmagazine.com/culture/ukrainians-embrace-bitcoin-for-daily-purchases-nydig-report", "image_url": "https://crypto.snapi.dev/images/v1/e/s/ukraine-115710.png", "title": "Ukrainians Embrace Bitcoin for Daily Purchases: Report", "text": "NYDIG's February report highlights how Ukrainian military support continues its influx by the millions as Russian Bitcoin transactions rise.", "source_name": "Bitcoin Magazine", "date": "Tue, 08 Mar 2022 14:50:16 -0500", "topics": [], "sentiment": "Positive", "type": "Article", "tickers": ["BTC"]}, {"news_url": "https://dailyhodl.com/2022/03/08/bitcoin-btc-showing-early-signs-of-a-rebound-says-top-crypto-trader/", "image_url": "https://crypto.snapi.dev/images/v1/o/l/btc-showing-early-signsjpgfit10242c600ssl1-115709.jpg", "title": "Bitcoin (BTC) Showing Early Signs of a Rebound, Says Top Crypto Trader", "text": "Bitcoin is signaling that it's ready to revive itself from a multi-month downtrend and form the beginnings of a fresh bull run, according to a closely followed crypto trader and analyst. The pseudonymous trader known as Rekt Capital tells his 292,000 followers that Bitcoin is no longer in a downtrend but in the middle of [\u2026] The post Bitcoin (BTC) Showing Early Signs of a Rebound, Says Top Crypto Trader appeared first on The Daily Hodl.", "source_name": "The Daily Hodl", "date": "Tue, 08 Mar 2022 14:41:12 -0500", "topics": [], "sentiment": "Positive", "type": "Article", "tickers": ["BTC"]}, {"news_url": "https://news.bitcoin.com/100x-lower-than-l1-fees-alchemy-integrates-ethereum-l2-product-starknet-to-increase-web3-scalability/", "image_url": "https://crypto.snapi.dev/images/v1/a/q/blockchain-api-and-node-service-115706.jpg", "title": "\u2018100x Lower Than L1 Fees' \u2014 Alchemy Integrates Ethereum L2 Product Starknet to Increase Web3 Scalability", "text": "According to the startup Starkware, the team's Ethereum layer two (L2) service Starknet has been integrated by the blockchain API and node service Alchemy. Developers can now leverage Alchemy's infrastructure tools alongside Starknet's zero-knowledge (ZK) rollup technology. Israel-Based Startup Starkware Partners With Alchemy On Monday, the blockchain startup Starkware announced the team has inked a [\u2026]", "source_name": "Bitcoin", "date": "Tue, 08 Mar 2022 14:30:53 -0500", "topics": [], "sentiment": "Positive", "type": "Article", "tickers": ["ETH"]}, {"news_url": "https://thecurrencyanalytics.com/bitcoin/steve-wozniak-on-crypto-bitcoin-is-pure-gold-mathematics-but-hes-wary-of-altcoins-39707.php", "image_url": "https://crypto.snapi.dev/images/v1/y/k/bitcoin-trading-1-300x200-115464-115700.jpg", "title": "Steve Wozniak on Crypto: Bitcoin is \u201cPure-Gold Mathematics,\u201d but He's Wary of Altcoins", "text": "Catch up on the latest crypto market news at The Currency Analytics. Steve Wozniak, born Stephen Gary Wozniak, is an American electronics engineer and Apple Computers cofounder.", "source_name": "The Currency Analytics", "date": "Tue, 08 Mar 2022 14:15:11 -0500", "topics": [], "sentiment": "Neutral", "type": "Article", "tickers": ["BTC"]}, {"news_url": "https://www.newsbtc.com/news/bitcoin/bitcoin-exchange-reserve-has-now-reached-an-equilibrium-after-2-years-of-downtrend/", "image_url": "https://crypto.snapi.dev/images/v1/j/q/kanchanara-4kjjezdyo3m-unsplash-scaled-115695.jpg", "title": "Bitcoin Exchange Reserve Has Now Reached An Equilibrium After 2 Years Of Downtrend", "text": "On-chain data shows the percentage of Bitcoin supply on exchanges seems to have plateaued over the past few months, ending an overall downtrend that lasted about two years. Bitcoin Exchange Reserve Starts Moving Sideways As Inflow And Outflows Attain Equilibrium As per the latest weekly report from Glassnode, the percentage of the total BTC supply on exchanges looks to have ended its decline recently and is now moving sideways.", "source_name": "NewsBTC", "date": "Tue, 08 Mar 2022 14:00:44 -0500", "topics": [], "sentiment": "Neutral", "type": "Article", "tickers": ["BTC"]}, {"news_url": "https://cryptopotato.com/bitcoin-mining-company-blockmetrix-closed-a-43-million-funding-round/", "image_url": "https://crypto.snapi.dev/images/v1/b/i/blockmetrix-115697.jpg", "title": "Bitcoin Mining Company Blockmetrix Closed a $43 Million Funding Round", "text": "Blockmetrix intends to use the $43 million investment to secure over 5,000 cryptocurrency mining rigs and expand its endeavors.", "source_name": "CryptoPotato", "date": "Tue, 08 Mar 2022 14:00:42 -0500", "topics": ["mining"], "sentiment": "Neutral", "type": "Article", "tickers": ["BTC"]}, {"news_url": "https://bitcoinist.com/binance-bitcoin-dominance-rises-22-exchange-supply/", "image_url": "https://crypto.snapi.dev/images/v1/k/n/kanchanara-qqb01oqsbe8-unsplash-631x420-115696.jpg", "title": "Binance's Bitcoin Dominance Sharply Rises, Now Holds 22.6% Of Total Exchange Supply", "text": "On-chain data suggests Binance has seen some sharp growth in its Bitcoin dominance over the past couple of years, leading to the crypto exchange now holding more than 22% of the total reserve. Binance Observes Growth Of 120% In Bitcoin Balance In Just The Last 2 Years According to the latest weekly report from Glassnode, [\u2026]", "source_name": "Bitcoinist", "date": "Tue, 08 Mar 2022 14:00:39 -0500", "topics": [], "sentiment": "Positive", "type": "Article", "tickers": ["BTC"]}], "total_pages": 42}