{"data": [{"news_url": "https://cryptopotato.com/solana-based-dex-cleandefi-raised-1-2m-in-a-pre-ido-event-of-its-token-cdfi/", "image_url": "https://crypto.snapi.dev/images/v1/w/h/clean-defi-115688.jpg", "title": "Solana-based DEX CleanDefi Raised $1.2M in a Pre-IDO Event of its Token CDFI", "text": "[PRESS RELEASE \u2013 Please Read Disclaimer] CleanDefi is an innovative d\u0435\u0441\u0435ntr\u0430liz\u0435d AMM, Incubator, Yield Farming & NFT Launch \u0455\u043eluti\u043en governed by \u0441\u043emmunit\u0443 and powered by S\u043el\u0430n\u0430. CDFI team \u0440l\u0430n\u0455 to build a user friendly platform for milli\u043en\u0455 with a revenue structure which is transparent, fair and profitable.", "source_name": "CryptoPotato", "date": "Tue, 08 Mar 2022 13:38:49 -0500", "topics": ["IDO"], "sentiment": "Neutral", "type": "Article", "tickers": ["SOL"]}, {"news_url": "https://www.dcforecasts.com/ethereum-news/eth-tvl-dominance-drops-to-55-while-the-price-increases/", "image_url": "https://crypto.snapi.dev/images/v1/e/t/ethereum-volatility-vs-the-nasdaq-source-bloomberg-intelligence-115694.png", "title": "ETH TVL Dominance Drops To 55% While The Price Increases", "text": "The ETH TVL dominance drops to 55% while its price has been increasing alongside Nasdaq, but there's a catch and we see more about it in today's latest Ethereum news. Another big drop in the US Stock market can leave ETH in a downside spell according to reports.", "source_name": "DCForecasts", "date": "Tue, 08 Mar 2022 13:38:33 -0500", "topics": [], "sentiment": "Negative", "type": "Article", "tickers": ["ETH"]}, {"news_url": "https://coinidol.com/ripple-struggling-with-resistance/", "image_url": "https://crypto.snapi.dev/images/v1/u/v/b5ddc710355cc631ecb8c6775a8683d0-115737.jpg", "title": "Ripple Is In a sideways Movement, Struggling With Resistance at $0.80", "text": "The price of Ripple (XRP) is in a downward correction as the price fluctuates between the moving averages.", "source_name": "Coin Idol", "date": "Tue, 08 Mar 2022 13:33:00 -0500", "topics": [], "sentiment": "Negative", "type": "Article", "tickers": ["XRP"]}, {"news_url": "https://ambcrypto.com/bitcoin-tired-lths-and-what-that-says-about-a-possible-capitulation/", "image_url": "https://crypto.snapi.dev/images/v1/2/8/samuel-regan-asante-stdn0dxy8os-unsplash-115685.jpg", "title": "Bitcoin: \u2018Tired' LTHs and what that says about a possible capitulation\u00a0", "text": "As Bitcoin headed into 2022, a growing cohort of long-term investors doubled down on their stashes of cryptocurrency. Some industry watchers point to the underlying stability of such long-term investments as potentially promising indicators for the capricious cryptocurrency.", "source_name": "AMBCrypto", "date": "Tue, 08 Mar 2022 13:30:45 -0500", "topics": [], "sentiment": "Neutral", "type": "Article", "tickers": ["BTC"]}, {"news_url": "https://www.youtube.com/watch?v=BXG2AgT3zog", "image_url": "https://crypto.snapi.dev/images/v1/z/u/bitcoins-price-hovers-around-38000-as-biden-expected-to-issue-executive-order-on-crypto-115687.jpg", "title": "Bitcoin's price hovers around $38,000 as Biden expected to issue executive order on crypto", "text": "#bitcoin #bitcoinprice #Bidencryptocurrency Yahoo Finance Live's Jared Blikre breaks down how bitcoin is trading and whether an executive order would significantly impact crypto prices. Don't Miss: Valley of Hype: The Culture That Built Elizabeth Holmes WATCH HERE: https://youtu.be/Sb179GLPNYE Watch the 2021 Berkshire Hathaway Annual Shareholders Meeting on YouTube: https://youtu.be/gx-OzwHpM9k Subscribe to Yahoo Finance: https://yhoo.it/2fGu5Bb About Yahoo Finance: At Yahoo Finance, you get free stock quotes, up-to-date news, portfolio management resources, international market data, social interaction and mortgage rates that help you manage your financial life.", "source_name": "Yahoo Finance", "date": "Tue, 08 Mar 2022 13:25:55 -0500", "topics": [], "sentiment": "Positive", "type": "Video", "tickers": ["BTC"]}, {"news_url": "https://www.youtube.com/watch?v=UH4fmTDiBV0", "image_url": "https://crypto.snapi.dev/images/v1/y/h/bitcoin-climbs-above-38000-after-mondays-dip-ahead-of-potential-action-from-white-house-115684.jpg", "title": "Bitcoin climbs above $38,000 after Monday's dip ahead of potential action from White House", "text": "CNBC's Morgan Brennan reports on recent price action in cryptocurrencies.", "source_name": "CNBC Television", "date": "Tue, 08 Mar 2022 13:20:48 -0500", "topics": [], "sentiment": "Positive", "type": "Video", "tickers": ["BTC"]}, {"news_url": "https://bitcoinist.com/bitcoin-sets-new-record-against-russian-ruble/", "image_url": "https://crypto.snapi.dev/images/v1/d/q/bitcoin-russian-ruble-istock-1093751750-629x420-115658.jpeg", "title": "Bitcoin Sets New Record Against Russian Ruble, Is A Currency Collapse Coming?", "text": "Bitcoin price remains stuck ranging around lows near $38,000. However, the price per coin trading against the Russian ruble has set a new record all-time high as the nation's currency is in fiat free fall.", "source_name": "Bitcoinist", "date": "Tue, 08 Mar 2022 12:59:51 -0500", "topics": [], "sentiment": "Positive", "type": "Article", "tickers": ["BTC"]}, {"news_url": "https://bitcoinmagazine.com/markets/thailand-approves-tax-relief-for-bitcoin-investors", "image_url": "https://crypto.snapi.dev/images/v1/f/y/government-house-of-thailand-115655.jpg", "title": "Thailand Approves Tax Relief For Bitcoin, Crypto", "text": "Thailand's cabinet approved tax relief for bitcoin and cryptocurrency investors giving a value-added-tax and loss-harvesting tools to offset taxes.", "source_name": "Bitcoin Magazine", "date": "Tue, 08 Mar 2022 12:56:43 -0500", "topics": ["taxes"], "sentiment": "Positive", "type": "Article", "tickers": ["BTC"]}, {"news_url": "https://cointelegraph.com/news/bitcoin-stems-losses-after-us-bans-russian-oil-gold-heads-to-record-highs", "image_url": "https://crypto.snapi.dev/images/v1/t/y/840-ahr0chm6ly9zmy5jb2ludgvszwdyyxbolmnvbs91cgxvywrzlziwmjitmdmvntkzmtm5mdatnzjkmc00zjhlltk1mmqtntu2owrjmwu1ytg2lkpqrw-115651.jpg", "title": "Bitcoin stems losses after US bans Russian oil, gold heads to record highs", "text": "The precious metal was a hair off a USD peak Tuesday, running higher with oil and other commodities while stocks suffered.", "source_name": "Cointelegraph", "date": "Tue, 08 Mar 2022 12:26:20 -0500", "topics": [], "sentiment": "Negative", "type": "Article", "tickers": ["BTC"]}, {"news_url": "https://bitcoinmagazine.com/markets/credit-suisse-ensuing-new-financial-order-will-benefit-bitcoin", "image_url": "https://crypto.snapi.dev/images/v1/z/v/earth-115648.png", "title": "Credit Suisse: Ensuing New Financial Order Will Benefit Bitcoin", "text": "The foundations of Bretton Woods II crumbled last week when the G7 seized Russia's foreign exchange reserves, the investment bank said.", "source_name": "Bitcoin Magazine", "date": "Tue, 08 Mar 2022 12:25:08 -0500", "topics": [], "sentiment": "Positive", "type": "Article", "tickers": ["BTC"]}, {"news_url": "https://www.cryptopolitan.com/bitcoin-price-analysis-2022-03-08/", "image_url": "https://crypto.snapi.dev/images/v1/1/y/bitcoin-price-analysis-2022-03-08-115645.png", "title": "Bitcoin price analysis: BTC retraces to $39,000, further downside incoming?", "text": "TL;DR Breakdown Bitcoin price analysis is bearish today. BTC/USD tested $37,000 late yesterday.", "source_name": "Cryptopolitan", "date": "Tue, 08 Mar 2022 12:08:23 -0500", "topics": ["tanalysis"], "sentiment": "Negative", "type": "Article", "tickers": ["BTC"]}, {"news_url": "https://cryptodaily.co.uk/2022/03/btc-usd-bears-remain-in-control-sally-ho-technical-analysis-9-march-2022-btc-bitcoin", "image_url": "https://crypto.snapi.dev/images/v1/f/x/bitcoin-cracked-earth-md-115423-115503-115641.jpg", "title": "BTC/USD Bears Remain in Control: Sally Ho's Technical Analysis 9 March 2022 BTC", "text": "Bitcoin (BTC/USD) attempted to sustain a small bounce higher early in the Asian session as the pair briefly traded above the 39556.58 level before plumbing lower to the 37161.88 area, with the new multi-week low representing a test of the 76.4% retracement of the appreciating range from 34322 to 45426.45.\u00a0 Stops were elected below the 36789 level, an area that represents the 61.8% retracement of the appreciating range from 32933.33 to 45855.", "source_name": "Crypto Daily", "date": "Tue, 08 Mar 2022 12:00:00 -0500", "topics": ["tanalysis"], "sentiment": "Negative", "type": "Article", "tickers": ["BTC"]}, {"news_url": "https://cointelegraph.com/news/bitcoin-price-holds-key-support-level-can-btc-rebound-to-43k-next", "image_url": "https://crypto.snapi.dev/images/v1/d/t/840-ahr0chm6ly9zmy5jb2ludgvszwdyyxbolmnvbs91cgxvywrzlziwmjitmdmvytk1mjiymdatodc2os00y2e4lwezytktzjbhm2u3m2jmyti3lmpwzw-115639.jpg", "title": "Bitcoin price holds key support level \u2014 Can BTC rebound to $43K next?", "text": "Relief rally hopes rise as BTC price remains stuck inside the $34,000-$45,000 range.", "source_name": "Cointelegraph", "date": "Tue, 08 Mar 2022 11:45:46 -0500", "topics": ["tanalysis"], "sentiment": "Neutral", "type": "Article", "tickers": ["BTC"]}, {"news_url": "https://coingape.com/?p=103524", "image_url": "https://crypto.snapi.dev/images/v1/e/t/ethereum-logo-portrait-black-gray-114192-115668.png", "title": "Ethereum Price Prediction: Face Upside Risk Of 28% From $2,500, Is Bounce Back On The Cards?", "text": "Ethereum's price is firmly holding its foothold near $2,500 on Tuesday. ETH's price is whipsawing between $2,500 to the downside and $3,200 to the upside, in a trading range since January.", "source_name": "Coingape", "date": "Tue, 08 Mar 2022 11:44:07 -0500", "topics": [], "sentiment": "Positive", "type": "Article", "tickers": ["ETH"]}, {"news_url": "https://www.cryptopolitan.com/bitcoin-ethereum-iota-and-zcash-daily-price-analyses-8-march-morning-price-prediction/", "image_url": "https://crypto.snapi.dev/images/v1/z/e/vol2-roundup-1140-x-570-02-115635.png", "title": "Bitcoin, Ethereum, Iota, and Zcash Daily Price Analyses \u2013 8 March Morning Price Prediction", "text": "TL;DR Breakdown The global crypto market sheds 1.03% in the last 24 hours. Bitcoin changes direction after making gains as it sheds 1.05% in 24 hours.", "source_name": "Cryptopolitan", "date": "Tue, 08 Mar 2022 11:40:40 -0500", "topics": [], "sentiment": "Negative", "type": "Article", "tickers": ["BTC", "ETH", "MIOTA"]}, {"news_url": "https://cryptoticker.io/en/bitcoin-or-ethereum-which-is-better-to-buy-2022/", "image_url": "https://crypto.snapi.dev/images/v1/e/q/bitcoin-vs-ethereum-115634.jpg", "title": "Bitcoin or Ethereum, which is better to Buy in 2022?", "text": "There is a strong debate in the crypto community whether Bitcoin or Ethereum is a better buy for 2022. Ethereum prices reached strong resistance prices of $2,750 and $3,000.", "source_name": "CryptoTicker", "date": "Tue, 08 Mar 2022 11:40:14 -0500", "topics": [], "sentiment": "Neutral", "type": "Article", "tickers": ["BTC", "ETH"]}, {"news_url": "https://thecurrencyanalytics.com/altcoins/why-is-ethereum-eth-expected-to-retest-the-2500-support-level-39704.php", "image_url": "https://crypto.snapi.dev/images/v1/v/k/why-is-ethereum-expected-to-retest-the-2500-support-level-115633.jpg", "title": "Why is Ethereum (ETH) Expected to Retest the $2,500 Support Level?", "text": "Catch up on the latest crypto market news at The Currency Analytics. The support level is the price at which buyers are most likely to buy or sell a stock.", "source_name": "The Currency Analytics", "date": "Tue, 08 Mar 2022 11:38:58 -0500", "topics": [], "sentiment": "Negative", "type": "Article", "tickers": ["ETH"]}, {"news_url": "https://investorplace.com/2022/03/ripple-is-predicting-an-end-date-to-its-sec-lawsuit-xrp-crypto-holders-mark-your-calendars/", "image_url": "https://crypto.snapi.dev/images/v1/1/r/xrp-sec-300x200-113370-115632.jpg", "title": "Ripple Is Predicting an End Date to Its SEC Lawsuit. XRP Crypto Holders, Mark Your Calendars.", "text": "Ripple expects its SEC lawsuit to come to an end between Q3 and Q4 of this year. Both XRP fans and SEC members alike expect a Ripple victory.", "source_name": "Investorplace", "date": "Tue, 08 Mar 2022 11:38:47 -0500", "topics": ["regulations"], "sentiment": "Neutral", "type": "Article", "tickers": ["XRP"]}, {"news_url": "https://www.youtube.com/watch?v=zGMtBn7cx6M", "image_url": "https://crypto.snapi.dev/images/v1/q/6/can-bitcoins-price-reach-1m-bitcoin-price-analysis-115638.jpg", "title": "Can Bitcoin's Price Reach $1M? - Bitcoin Price Analysis", "text": "Lark Davis, crypto analyst and author of Wealth Mastery Investor Report, joins \u201cAll About Bitcoin\u201d to explain why bitcoin will eventually be worth $1 million. Plus, a conversation about Russia's taxation on exchanging rubles for dollars or euros and the limited supply of bitcoin.", "source_name": "Coindesk", "date": "Tue, 08 Mar 2022 11:30:07 -0500", "topics": ["tanalysis"], "sentiment": "Neutral", "type": "Video", "tickers": ["BTC"]}, {"news_url": "https://www.dcforecasts.com/bitcoin-news/both-bitcoin-and-ethereum-decrease-by-double-digits-over-weekend/", "image_url": "https://crypto.snapi.dev/images/v1/o/2/cryptocurrency-market-overview-source-quantify-crypto-5-115628.png", "title": "Both Bitcoin And Ethereum Decrease By Double-Digits Over Weekend", "text": "Both bitcoin and Ethereum decreased by double digits over the weekend because the past week was quite bleak for most cryptocurrencies as we reported in our altcoin news. Now, both Bitcoin and Ethereum struggle to fend off the ongoing bear market.", "source_name": "DCForecasts", "date": "Tue, 08 Mar 2022 11:25:19 -0500", "topics": [], "sentiment": "Negative", "type": "Article", "tickers": ["BTC", "ETH"]}, {"news_url": "https://www.cryptopolitan.com/ethereum-price-analysis-2022-03-08/", "image_url": "https://crypto.snapi.dev/images/v1/r/w/ethereum-price-analysis-2022-03-08-115622.png", "title": "Ethereum price analysis: ETH sets another lower high at $2,600, slowly prepares to continue lower?", "text": "TL;DR Breakdown Ethereum price analysis is bearish today. ETH/USD tested further downside yesterday.", "source_name": "Cryptopolitan", "date": "Tue, 08 Mar 2022 11:02:47 -0500", "topics": ["tanalysis"], "sentiment": "Negative", "type": "Article", "tickers": ["ETH"]}, {"news_url": "https://en.cryptonomist.ch/2022/03/08/will-ripple-sec-lawsuit-end-september/", "image_url": "https://crypto.snapi.dev/images/v1/7/u/ripple-sec-lawsuit-1-300x200-115637.jpg", "title": "Will the Ripple-SEC lawsuit end in September?", "text": "A court order shows what the crypto company thinks", "source_name": "The Cryptonomist", "date": "Tue, 08 Mar 2022 10:59:27 -0500", "topics": ["regulations"], "sentiment": "Neutral", "type": "Article", "tickers": ["XRP"]}, {"news_url": "https://investorplace.com/best-crypto-cryptocurrencies/", "image_url": "https://crypto.snapi.dev/images/v1/c/r/crypto4-115663.jpg", "title": "7 Best Cryptos to Buy Now for March 2022", "text": "These are the best cryptos to invest in now. Proven performers like Bitcoin and Ethereum can be great investments as crypto recovers.", "source_name": "Investorplace", "date": "Tue, 08 Mar 2022 10:31:50 -0500", "topics": [], "sentiment": "Positive", "type": "Article", "tickers": ["ADA", "AVAX", "BTC", "DOT", "ETH", "LTC", "XRP"]}, {"news_url": "https://news.bitcoin.com/bitcoin-ethereum-technical-analysis-eth-btc-remain-lower-as-commodity-prices-hit-new-highs/", "image_url": "https://crypto.snapi.dev/images/v1/y/q/shutterstock-1968276673-115612.jpg", "title": "Bitcoin, Ethereum Technical Analysis: ETH, BTC Remain Lower as Commodity Prices Hit New Highs", "text": "Cryptocurrencies were once again trading lower on Tuesday, as markets were mainly focused on surging commodity prices. Crude oil climbed to a 14-year high of over $130 per barrel, whilst gold was fast approaching its own all-time high. Bitcoin Bitcoin was trading below $40,000 on Tuesday, as the volatility surrounding the war in Ukraine continued [\u2026]", "source_name": "Bitcoin", "date": "Tue, 08 Mar 2022 10:30:01 -0500", "topics": ["tanalysis"], "sentiment": "Negative", "type": "Article", "tickers": ["BTC", "ETH"]}, {"news_url": "https://beincrypto.com/ripple-sec-lawsuit-unlikely-to-be-resolved-in-next-30-days-so-when/", "image_url": "https://crypto.snapi.dev/images/v1/p/l/ripple-lawsuitjpgoptimal-115615.jpg", "title": "Ripple-SEC Lawsuit Unlikely to Be Resolved in Next 30 Days. So When Will It?", "text": "Speculation is mounting over an outcome to the long-running XRP, Ripple, and SEC legal action. The post Ripple-SEC Lawsuit Unlikely to Be Resolved in Next 30 Days.", "source_name": "BeInCrypto", "date": "Tue, 08 Mar 2022 10:30:00 -0500", "topics": ["regulations"], "sentiment": "Negative", "type": "Article", "tickers": ["XRP"]}, {"news_url": "https://cryptodaily.co.uk/2022/03/budding-cryptos-to-invest-in-firepin-token-frpn-solana-sol-and-uniswap-uni", "image_url": "https://crypto.snapi.dev/images/v1/2/d/2d233-115613.", "title": "Budding cryptos to invest in \u2013 FIREPIN Token (FRPN), Solana (SOL), and Uniswap (UNI)", "text": "Investing in cryptocurrencies such as FIREPIN Token (FRPN), Solana (SOL) or Uniswap (UNI) for the first time is a nerve-wracking moment and why wouldn't it be? You're venturing into a volatile financial market investing your hard-earned money into a virtual coin that, depending on your research, could earn you a profit or leave you regretting you ever decided to enter the industry in the first place.", "source_name": "Crypto Daily", "date": "Tue, 08 Mar 2022 10:30:00 -0500", "topics": [], "sentiment": "Neutral", "type": "Article", "tickers": ["FRPN", "SOL", "UNI"]}, {"news_url": "https://cryptoslate.com/bitcoin-price-consolidates-while-daily-active-addresses-see-strong-growth/", "image_url": "https://crypto.snapi.dev/images/v1/v/e/bitcoin-price-update-115604.jpg", "title": "Bitcoin price consolidates while daily active addresses see strong growth", "text": "Bitcoin prices have traded within a volatile consolidation range this week, opening at a weekly low of $37,333, rallying to a high of $45,039, and then giving back the majority of the gains, trading at $38,900 at press time. The post Bitcoin price consolidates while daily active addresses see strong growth appeared first on CryptoSlate.", "source_name": "CryptoSlate", "date": "Tue, 08 Mar 2022 10:16:17 -0500", "topics": [], "sentiment": "Negative", "type": "Article", "tickers": ["BTC"]}, {"news_url": "https://www.financemagnates.com/cryptocurrency/news/btc-exchange-balance-shrinks-outflows-rise/", "image_url": "https://crypto.snapi.dev/images/v1/v/r/bitcoin-etf-id-ec3f9b81-7b03-4d4f-972c-e6e358880c53-size900-115603.jpg", "title": "BTC Exchange Balance Shrinks, Outflows Rise", "text": "In the past two years, BTC saw a sharp surge in its price. One of the major reasons behind the spike was its record demand driven by limited supply on leading exchanges.", "source_name": "FinanceMagnates", "date": "Tue, 08 Mar 2022 10:11:00 -0500", "topics": [], "sentiment": "Neutral", "type": "Article", "tickers": ["BTC"]}, {"news_url": "https://news.bitcoin.com/ethereum-fees-sink-to-lowest-rate-in-7-months-most-l2-fees-under-1-per-transfer/", "image_url": "https://crypto.snapi.dev/images/v1/1/5/ethereum-fees-sink-to-lowest-rate-in-7-months-most-l2-fees-under-1-per-transfer-115602.jpg", "title": "Ethereum Fees Sink to Lowest Rate in 7 Months, Most L2 Fees Under $1 per Transfer", "text": "Ethereum fees have continued to slide week after week and are now at the lowest value in seven months. On Tuesday, March 8, the average layer one (L1) Ethereum gas fee is 0.0042 ether or $10.89 per transfer. At the same time, median-sized gas fees are much lower as well, hitting values not seen since [\u2026]", "source_name": "Bitcoin", "date": "Tue, 08 Mar 2022 10:00:04 -0500", "topics": [], "sentiment": "Negative", "type": "Article", "tickers": ["ETH"]}, {"news_url": "https://coingape.com/?p=103479", "image_url": "https://crypto.snapi.dev/images/v1/e/t/ethereum-6286124-1280-2-630x420-114946-115252-115600.jpg", "title": "\u202aEthereum's DeFi Dominance In Crisis; DeFi TVL In ETH Drops Below 55%", "text": "The landscape in the decentralized finance space keeps morphing into new shapes as the market advances. A new report indicates that Ethereum's DeFi dominance has been getting shaved off by other blockchains.", "source_name": "Coingape", "date": "Tue, 08 Mar 2022 09:50:54 -0500", "topics": [], "sentiment": "Negative", "type": "Article", "tickers": ["ETH"]}, {"news_url": "https://cryptonews.com/news/russia-sanctions-means-countries-may-transition-bitcoin-reserves-panteras-ceo-says.htm", "image_url": "https://crypto.snapi.dev/images/v1/r/e/adobestock-288242563-editorial-115586.jpg", "title": "Russia Sanctions Means Countries May Transition to Bitcoin Reserves - Pantera's CEO", "text": "Both nation-states and private citizens around the world are likely to find it \u201cvery appealing\u201d to keep control of their own money in light of the sanctions placed on Russia, and countries could start transitioning to bitcoin (BTC) for foreign reserves, Pantera Capital's Dan Morehead has argued.", "source_name": "Cryptonews", "date": "Tue, 08 Mar 2022 09:40:00 -0500", "topics": [], "sentiment": "Neutral", "type": "Article", "tickers": ["BTC"]}, {"news_url": "https://coingape.com/?p=103484", "image_url": "https://crypto.snapi.dev/images/v1/t/r/trading-3274162660x368-300x167-111542-115599.jpg", "title": "XRP Price Prediction: XRP Trapped In Symmetrical Triangle; Upside Breakout May Trigger 25% Gains", "text": "On Monday, the Ripple (XRP) price action displayed highly volatile, resting both the resistance and support trendline before settling with a Doji candle. However, the altcoin approaching the pattern's apex would soon provide a directional rally to traders.", "source_name": "Coingape", "date": "Tue, 08 Mar 2022 09:37:44 -0500", "topics": [], "sentiment": "Positive", "type": "Article", "tickers": ["XRP"]}, {"news_url": "https://beincrypto.com/cardano-and-solana-fall-seesaw-protocol-presale-grows/", "image_url": "https://crypto.snapi.dev/images/v1/8/1/seesawimagejpgoptimal-115585.jpg", "title": "Cardano and Solana Fall, Seesaw Protocol Presale Grows Strength to Strength", "text": "Crypto investors in 2022 are no strangers to volatility in the market. In the same vein as 2021, albeit with currently slightly less growth, this year has been topsy-turvy at best.", "source_name": "BeInCrypto", "date": "Tue, 08 Mar 2022 09:29:00 -0500", "topics": [], "sentiment": "Neutral", "type": "Article", "tickers": ["ADA", "SOL", "SSW"]}, {"news_url": "https://www.trustnodes.com/2022/03/08/bitcoin-surpasses-all-time-high-in-russia", "image_url": "https://crypto.snapi.dev/images/v1/n/x/bitcoin-atm-moscow-115582.jpg", "title": "Bitcoin Surpasses All Time High in Russia", "text": "Bitcoin has been on a bull run in Russia since their president Vladimir Putin opened war on Ukraine with it doubling to above 5 million rubles. On February 24th, bitcoin.", "source_name": "Trustnodes", "date": "Tue, 08 Mar 2022 09:25:04 -0500", "topics": ["paywall"], "sentiment": "Positive", "type": "Article", "tickers": ["BTC"]}, {"news_url": "https://bitcoinist.com/bitcoin-rises-to-highest-real-time-volume-since-december-during-war/", "image_url": "https://crypto.snapi.dev/images/v1/7/h/bitcoin-g5152a58b4-1280-640x360-115572.jpg", "title": "Bitcoin Rises To Highest Real-Time Volume Since December During War", "text": "One of the notable characteristics of Bitcoin and other cryptos is their volatility. The price swing of the assets could pose as both a beneficial or a discouraging fact for many investors.", "source_name": "Bitcoinist", "date": "Tue, 08 Mar 2022 09:00:17 -0500", "topics": [], "sentiment": "Positive", "type": "Article", "tickers": ["BTC"]}, {"news_url": "https://cryptodaily.co.uk/2022/03/legendary-investor-jim-rogers-sees-the-end-of-us-dollar-as-a-neutral-currency-and-regrets-not-having-bought-bitcoin", "image_url": "https://crypto.snapi.dev/images/v1/z/y/doll-1-115570.jpeg", "title": "Legendary investor Jim Rogers sees the end of US dollar as a neutral currency and regrets not having bought bitcoin", "text": "Billionaire investor Jim Rogers believes that the US dollar is now no longer viewed as \u201cneutral\u201d, and that Washington has \u201cchanged the rules\u201d. He is still worried that governments might ban cryptocurrencies, but regrets not having bought Bitcoin last year.", "source_name": "Crypto Daily", "date": "Tue, 08 Mar 2022 09:00:00 -0500", "topics": [], "sentiment": "Positive", "type": "Article", "tickers": ["BTC"]}, {"news_url": "https://www.dcforecasts.com/bitcoin-news/hive-partners-with-intel-to-buy-new-asic-btc-mining-chips/", "image_url": "https://crypto.snapi.dev/images/v1/d/d/intel-115568.png", "title": "Hive Partners With Intel To Buy New ASIC BTC Mining Chips", "text": "Hive partners with Intel to buy the latest ASIC BTC mining chips via a supply agreement with the company so let's read more today in our latest Bitcoin news. Crypto miner Hive Blockchain announced the Supply Agreement with Intel to buy the new ASIC chips and they are pitched as \u201chigh performing\u201d equipment that can [\u2026]", "source_name": "DCForecasts", "date": "Tue, 08 Mar 2022 08:54:25 -0500", "topics": ["mining"], "sentiment": "Positive", "type": "Article", "tickers": ["BTC"]}, {"news_url": "https://cryptonews.com/news/ukraine-war-raises-questions-about-end-of-monetary-regime-role-of-bitcoin.htm", "image_url": "https://crypto.snapi.dev/images/v1/f/q/adobestock-tomasz-zajda-1-1-115556.jpg", "title": "Ukraine War Raises Questions About the 'End of Monetary Regime' and Role of Bitcoin", "text": "Bitcoin (BTC) \u201cwill probably benefit\u201d from a new world monetary order where the US dollar no longer reigns supreme and China's currency strengthens through the backing of Russian commodities, a report from the major investment bank Credit Suisse predicted, triggering intense debates in the crypto community.", "source_name": "Cryptonews", "date": "Tue, 08 Mar 2022 08:34:00 -0500", "topics": [], "sentiment": "Neutral", "type": "Article", "tickers": ["BTC"]}, {"news_url": "https://beincrypto.com/solana-based-dex-cleandefi-raised-1-2m-in-pre-ido-of-token-cdfi/", "image_url": "https://crypto.snapi.dev/images/v1/o/g/banner-crypto-1200x7205927-1-115553.png", "title": "Solana Based DEX CleanDefi Raised $1.2M in Pre-IDO of Token CDFI", "text": "CleanDefi is an innovative d\u0435\u0441\u0435ntr\u0430liz\u0435d AMM, Incubator, Yield Farming & NFT Launch \u0455\u043eluti\u043en governed by \u0441\u043emmunit\u0443 and powered by S\u043el\u0430n\u0430. CDFI team \u0440l\u0430n\u0455 to build a user friendly platform for milli\u043en\u0455 with a revenue structure which is transparent, fair and profitable.", "source_name": "BeInCrypto", "date": "Tue, 08 Mar 2022 08:24:02 -0500", "topics": ["IDO"], "sentiment": "Positive", "type": "Article", "tickers": ["SOL"]}, {"news_url": "https://coinpedia.org/price-analysis/ripples-xrp-price-approaching-a-deces/", "image_url": "https://crypto.snapi.dev/images/v1/l/9/xrp-logo-featured-108262-111351-112032-115544.png", "title": "Ripple's XRP Price Approaching a Decisive Phase, $1 Appears Imminent One These Levels are Sealed", "text": "While the rounds of the Ripple's stands getting strengthened each day, XRP price may also be positively impacted. After a couple of retracements and corrections, the price is slightly in a recovery mode but still cements within the consolidation. And hence the outcome still remains pretty misty as the asset flashes both the possibility of \u2026", "source_name": "CoinPedia", "date": "Tue, 08 Mar 2022 08:14:56 -0500", "topics": [], "sentiment": "Positive", "type": "Article", "tickers": ["XRP"]}, {"news_url": "https://beincrypto.com/xrp-makes-sixth-attempt-at-breaking-out-above-descending-resistance-multi-coin-analysis/", "image_url": "https://crypto.snapi.dev/images/v1/5/2/xrp-115540.png", "title": "XRP Makes Sixth Attempt at Breaking Out Above Descending Resistance \u2014 Multi-Coin Analysis", "text": "BeInCrypto analyzes the price movements for seven different cryptocurrencies, including XRP, which has made numerous attempts at breaking out from a descending resistance line. The post XRP Makes Sixth Attempt at Breaking Out Above Descending Resistance \u2014 Multi-Coin Analysis appeared first on BeInCrypto.", "source_name": "BeInCrypto", "date": "Tue, 08 Mar 2022 08:00:00 -0500", "topics": [], "sentiment": "Positive", "type": "Article", "tickers": ["XRP"]}, {"news_url": "https://bitcoinmagazine.com/technical/how-authorities-found-bitfinex-bitcoin", "image_url": "https://crypto.snapi.dev/images/v1/b/i/bitcoin-3290060-1280-1-115089-115346-115563.jpg", "title": "How Law Enforcement Seized 94,000 Bitcoin Stolen From Bitfinex", "text": "Federal authorities tracked down and seized more than 94,000 bitcoin allegedly stolen from Bitfinex. But how did they get their hands on the pseudonymous funds?", "source_name": "Bitcoin Magazine", "date": "Tue, 08 Mar 2022 08:00:00 -0500", "topics": [], "sentiment": "Neutral", "type": "Article", "tickers": ["BTC"]}, {"news_url": "https://u.today/xrp-whales-move-60-million-coins-between-wallets-whale-alert?SNAPI", "image_url": "https://crypto.snapi.dev/images/v1/e/a/13173-115536.jpg", "title": "XRP Whales Move 60 Million Coins Between Wallets: Whale Alert", "text": "XRP whales move through 78 million XRP, worth more than $55 million", "source_name": "UToday", "date": "Tue, 08 Mar 2022 07:55:00 -0500", "topics": ["whales"], "sentiment": "Neutral", "type": "Article", "tickers": ["XRP"]}, {"news_url": "https://cointelegraph.com/news/ethereum-s-tvl-dominance-drops-to-55-as-bloomberg-analyst-paints-1-7k-bearish-target", "image_url": "https://crypto.snapi.dev/images/v1/f/k/840-ahr0chm6ly9zmy5jb2ludgvszwdyyxbolmnvbs91cgxvywrzlziwmjitmdmvmzfizmexmjytzty1my00yte1ltg3otqtngm0ywzmnjy1ntdilmpwzw-115532.jpg", "title": "Ethereum's TVL dominance drops to 55% as Bloomberg analyst paints $1.7K bearish target", "text": "Ethereum price has been increasingly in lockstep with the Nasdaq, but there's a catch.", "source_name": "Cointelegraph", "date": "Tue, 08 Mar 2022 07:42:48 -0500", "topics": [], "sentiment": "Negative", "type": "Article", "tickers": ["ETH"]}, {"news_url": "https://www.benzinga.com/markets/cryptocurrency/22/03/26032937/bitcoin-hits-new-all-time-highs-against-russian-ruble?SNAPI", "image_url": "https://crypto.snapi.dev/images/v1/w/b/bitcoin-4481815-1280-115533.jpg", "title": "Bitcoin Hits New All-Time Highs Against Russian Ruble", "text": "Bitcoin (CRYPTO: BTC) traded below the $39,000 mark as of early Tuesday but continued to touch new all-time highs against the Russian Ruble.", "source_name": "Benzinga", "date": "Tue, 08 Mar 2022 07:40:00 -0500", "topics": [], "sentiment": "Positive", "type": "Article", "tickers": ["BTC"]}, {"news_url": "https://thecurrencyanalytics.com/bitcoin/founder-of-skybridge-capital-believe-that-btc-will-reach-500000-in-the-long-run-39698.php", "image_url": "https://crypto.snapi.dev/images/v1/d/0/founder-of-skybridge-capital-believe-that-btc-will-reach-500000-in-the-long-run-115517.jpg", "title": "Founder of SkyBridge Capital believe that BTC will reach $500,000 in the Long Run", "text": "Catch up on the latest crypto market news at The Currency Analytics. Anthony Scaramucci, founder of investment management firm Skybridge Capital, talked about the future outlook for Bitcoin in an interview with\u2026 The post Founder of SkyBridge Capital believe that BTC will reach $500,000 in the Long Run appeared first on Cryptocurrency News.", "source_name": "The Currency Analytics", "date": "Tue, 08 Mar 2022 07:10:18 -0500", "topics": [], "sentiment": "Neutral", "type": "Article", "tickers": ["BTC"]}, {"news_url": "https://cryptonews.com/news/bitcoin-ethereum-inch-higher-zec-snx-theta-accelerate.htm", "image_url": "https://crypto.snapi.dev/images/v1/f/k/kanchanara-v2c50qiol88-unsplash-1-631x420-114391-114597-114999-115174-115516.jpg", "title": "Bitcoin and Ethereum Inch Higher, ZEC, SNX, and THETA Accelerate", "text": "After bitcoin price traded to a new weekly low near USD 37,200, it started a decent recovery wave and is currently (11:57 AM UTC) testing the USD 39,000 level. BTC faces major hurdles near USD 39,250 and USD 40,000.", "source_name": "Cryptonews", "date": "Tue, 08 Mar 2022 07:09:00 -0500", "topics": [], "sentiment": "Positive", "type": "Article", "tickers": ["BTC", "ETH", "SNX", "THETA", "ZEC"]}, {"news_url": "https://beincrypto.com/bitcoin-retail-investment-interest-showing-signs-of-growth/", "image_url": "https://crypto.snapi.dev/images/v1/k/q/bic-btc-onchain-analysisjpgoptimal-115526.jpg", "title": "Bitcoin Retail Investment Interest Showing Signs of Growth", "text": "Retail interest in bitcoin seems to be growing, according to data from IntoTheBlock. The number of BTC holders who have held for less than a month is growing, as are longtime holders.", "source_name": "BeInCrypto", "date": "Tue, 08 Mar 2022 07:00:00 -0500", "topics": [], "sentiment": "Neutral", "type": "Article", "tickers": ["BTC"]}, {"news_url": "https://cryptobriefing.com/ethereum-hints-recovery-from-market-slump/?utm_source=main_feed&utm_medium=rss", "image_url": "https://crypto.snapi.dev/images/v1/q/5/ethereum-balloon-cover-838x440-115527.jpeg", "title": "Ethereum Hints at Recovery From Market Slump", "text": "Ethereum remains stagnant within a tight price range, while the number of new addresses on the network appears to be increasing.", "source_name": "Crypto Briefing", "date": "Tue, 08 Mar 2022 06:58:46 -0500", "topics": [], "sentiment": "Positive", "type": "Article", "tickers": ["ETH"]}, {"news_url": "https://www.benzinga.com/markets/cryptocurrency/22/03/26031927/this-ethereum-layer-2-soultion-that-promises-100x-lower-gas-fees-just-went-live?SNAPI", "image_url": "https://crypto.snapi.dev/images/v1/z/o/zoltan-tasi-unxmhzcqjxg-unsplash-8-115506.jpg", "title": "This Ethereum Layer-2 Soultion That Promises 100x Lower Gas Fees Just Went Live", "text": "A Layer-2 solution that aims at addressing Ethereum's (CRYPTO: ETH) high transaction fee issues just went live.", "source_name": "Benzinga", "date": "Tue, 08 Mar 2022 06:33:00 -0500", "topics": [], "sentiment": "Neutral", "type": "Article", "tickers": ["ETH"]}, {"news_url": "https://cryptopotato.com/here-are-two-possible-scenarios-for-btc-after-a-red-weekend-bitcoin-price-analysis/", "image_url": "https://crypto.snapi.dev/images/v1/w/w/bitcoin-2-115137-115407-115495.jpg", "title": "Here Are Two Possible Scenarios for BTC After a Red Weekend (Bitcoin Price Analysis)", "text": "Bitcoin's price continues to struggle in an attempt to recover. The action during the weekend was choppy at best, and the cryptocurrency even lost some of its value.", "source_name": "CryptoPotato", "date": "Tue, 08 Mar 2022 06:25:19 -0500", "topics": ["tanalysis"], "sentiment": "Negative", "type": "Article", "tickers": ["BTC"]}, {"news_url": "https://www.benzinga.com/markets/cryptocurrency/22/03/26033384/shiba-inu-overtakes-ftx-token-as-whales-darling?SNAPI", "image_url": "https://crypto.snapi.dev/images/v1/l/4/alison-pang-tulol5rpw3u-unsplash-12-115497.jpg", "title": "Shiba Inu Overtakes FTX Token As Ethereum Whales' Darling", "text": "Meme coin Shiba Inu (CRYPTO: SHIB) overtook FTX Token (CRYPTO: FTT) \u2014 the native coin of major U.S.", "source_name": "Benzinga", "date": "Tue, 08 Mar 2022 06:22:00 -0500", "topics": ["whales"], "sentiment": "Neutral", "type": "Article", "tickers": ["ETH", "FTT", "SHIB"]}, {"news_url": "https://coingape.com/?p=103419", "image_url": "https://crypto.snapi.dev/images/v1/b/i/bitcoin-cracked-earth-md-115423-115503.jpg", "title": "Bitcoin Price Analysis: Keep Eyes On $42K As RSI Shows Bullish Divergence", "text": "Bitcoin (BTC) price locks in gains after continuing sell-off on Tuesday. The price opened lower but quickly recovered back and tag the session's high at $39,121.52.", "source_name": "Coingape", "date": "Tue, 08 Mar 2022 06:16:11 -0500", "topics": ["tanalysis"], "sentiment": "Positive", "type": "Article", "tickers": ["BTC"]}, {"news_url": "https://www.newsbtc.com/crypto/risk-aversion-pulls-crypto/", "image_url": "https://crypto.snapi.dev/images/v1/q/x/crypto-1-115492.jpg", "title": "Risk Aversion Pulls Crypto Market Down, Bitcoin Still Below $40K", "text": "The crypto market is still reeling as a result of risk aversion triggered by Russia's invasion of Ukraine. On Monday, Bitcoin (BTC) fell for the sixth time in six days.", "source_name": "NewsBTC", "date": "Tue, 08 Mar 2022 06:05:24 -0500", "topics": [], "sentiment": "Negative", "type": "Article", "tickers": ["BTC"]}, {"news_url": "https://ambcrypto.com/bitcoin-maximalist-trashes-shitcoin-cardano-how-did-the-community-react/", "image_url": "https://crypto.snapi.dev/images/v1/i/f/kanchanara-koplo-cfohk-unsplash-115488.jpg", "title": "Bitcoin maximalist trashes \u2018sh*tcoin' Cardano \u2013 How did the community react?", "text": "Crypto-enthusiasts see Cardano with two different perspectives. One group has always had significant confidence thanks to the platform's impressive developments.", "source_name": "AMBCrypto", "date": "Tue, 08 Mar 2022 06:00:13 -0500", "topics": [], "sentiment": "Negative", "type": "Article", "tickers": ["ADA", "BTC"]}, {"news_url": "https://thecurrencyanalytics.com/press-releases/strike-building-a-bitcoin-company-using-game-theory-39686.php", "image_url": "https://crypto.snapi.dev/images/v1/j/e/strike-building-a-bitcoin-company-using-game-theory-115483.jpg", "title": "Strike Building a Bitcoin Company Using Game Theory", "text": "Catch up on the latest crypto market news at The Currency Analytics. With Jack Mallers, we are creating the best consumer experience on the Bitcoin Network.", "source_name": "The Currency Analytics", "date": "Tue, 08 Mar 2022 05:34:18 -0500", "topics": [], "sentiment": "Neutral", "type": "Article", "tickers": ["BTC"]}, {"news_url": "https://decrypt.co/94587/bitcoin-ethereum-down-double-digits-week", "image_url": "https://crypto.snapi.dev/images/v1/r/z/shutterstock-1012491031-gid-2-115479.jpg", "title": "Bitcoin, Ethereum Down Double-Digits Over the Week", "text": "The past week has been bleak for the leading cryptocurrencies, as both Bitcoin and Ethereum struggle to fend off crypto's ongoing bear market.\u00a0", "source_name": "Decrypt", "date": "Tue, 08 Mar 2022 05:21:44 -0500", "topics": [], "sentiment": "Negative", "type": "Article", "tickers": ["BTC", "ETH"]}, {"news_url": "https://u.today/xrp-lawsuit-cryptolaw-founder-gives-timeline-for-settlement?SNAPI", "image_url": "https://crypto.snapi.dev/images/v1/n/s/13169-115477.jpg", "title": "XRP Lawsuit: Cryptolaw Founder Gives Timeline for Settlement", "text": "The Ripple-SEC case appears to be moving forward steadily", "source_name": "UToday", "date": "Tue, 08 Mar 2022 05:18:00 -0500", "topics": [], "sentiment": "Neutral", "type": "Article", "tickers": ["XRP"]}, {"news_url": "https://www.financemagnates.com/cryptocurrency/news/btc-investment-products-attract-largest-weekly-inflows-since-december-2021/", "image_url": "https://crypto.snapi.dev/images/v1/f/b/strong-bitcoin-id-2b682b1b-762d-4d44-a056-d5e61dcffdc1-size900-115462.jpg", "title": "BTC Investment Products Attract Largest Weekly Inflows since December 2021", "text": "With weekly institutional inflows of $95 million, Bitcoin (BTC) investment products dominated the crypto market last week. Despite the reason that BTC failed to retain the price level of $40k in the recent week, institutional Bitcoin investors showed immense support with large investments throughout the last week.", "source_name": "FinanceMagnates", "date": "Tue, 08 Mar 2022 04:19:00 -0500", "topics": [], "sentiment": "Neutral", "type": "Article", "tickers": ["BTC"]}, {"news_url": "https://beincrypto.com/bitcoin-btc-barely-hangs-on-above-multiple-support-levels/", "image_url": "https://crypto.snapi.dev/images/v1/q/c/bic-onchain-analysis-bitcoin-115457.png", "title": "Bitcoin (BTC) Barely Hangs On Above Multiple Support Levels", "text": "Bitcoin (BTC) has rebounded from a confluence of minor support areas and is showing signs of a potential short-term trend reversal. The post Bitcoin (BTC) Barely Hangs On Above Multiple Support Levels appeared first on BeInCrypto.", "source_name": "BeInCrypto", "date": "Tue, 08 Mar 2022 03:44:56 -0500", "topics": [], "sentiment": "Neutral", "type": "Article", "tickers": ["BTC"]}, {"news_url": "https://u.today/bitcoins-long-bearish-streak-has-a-silver-lining?SNAPI", "image_url": "https://crypto.snapi.dev/images/v1/w/s/13166-115454.jpg", "title": "Bitcoin's Long Bearish Streak Has a Silver Lining", "text": "There's a silver lining to Bitcoin's anemic performance", "source_name": "UToday", "date": "Tue, 08 Mar 2022 03:27:00 -0500", "topics": [], "sentiment": "Neutral", "type": "Article", "tickers": ["BTC"]}, {"news_url": "https://cointelegraph.com/news/bitcoin-stuck-under-40k-but-btc-price-hits-another-all-time-high-vs-russian-ruble", "image_url": "https://crypto.snapi.dev/images/v1/7/j/840-ahr0chm6ly9zmy5jb2ludgvszwdyyxbolmnvbs91cgxvywrzlziwmjitmdmvntjmyju4zmmtownkmy00otaylweyytgtngnjyjfhy2e5n2q5lmpwzw-115452.jpg", "title": "Bitcoin stuck under $40K, but BTC price hits another all-time high vs. Russian ruble", "text": "There are few winners among Bitcoin hodlers this week, as stocks get squashed while commodities run wild.", "source_name": "Cointelegraph", "date": "Tue, 08 Mar 2022 03:12:49 -0500", "topics": [], "sentiment": "Neutral", "type": "Article", "tickers": ["BTC"]}, {"news_url": "https://beincrypto.com/immutable-raises-200m-to-bring-nfts-to-layer-2-ethereum/", "image_url": "https://crypto.snapi.dev/images/v1/1/f/nftsjpgoptimal-115453.jpg", "title": "Immutable Raises $200M to Bring NFTs to Layer 2 Ethereum", "text": "Non-fungible token (NFT) startup Immutable has become the latest to conclude a massive round of funding to develop its layer-2 scaling platform and blockchain games. The post Immutable Raises $200M to Bring NFTs to Layer 2 Ethereum appeared first on BeInCrypto.", "source_name": "BeInCrypto", "date": "Tue, 08 Mar 2022 02:57:52 -0500", "topics": ["NFT"], "sentiment": "Neutral", "type": "Article", "tickers": ["ETH"]}, {"news_url": "https://coinpedia.org/ethereum/selling-pressure-mounts-for-ethereum-eth-price-might-see-more-downside-in-coming-days/", "image_url": "https://crypto.snapi.dev/images/v1/g/w/crypto13-115450.jpg", "title": "Selling Pressure Mounts for Ethereum! ETH Price Might See More Downside In Coming Days!", "text": "Today's cryptocurrency values were uneven, with Bitcoin remaining below the $39,000 mark. It remained practically unchanged at $38,279, down 0.2 percent. Ethereum has also dropped over 4% to $2,520. Dogecoin, on the other hand, has dropped 2% to $0.11, while Shiba Inu has down more than 2% to $0.000023.\u00a0 At the time of writing, ETH \u2026", "source_name": "CoinPedia", "date": "Tue, 08 Mar 2022 02:46:46 -0500", "topics": [], "sentiment": "Negative", "type": "Article", "tickers": ["ETH"]}, {"news_url": "https://coinpedia.org/altcoin/more-correction-on-horizon-heres-how-low-ethereumeth-bitcoinbtc-price-can-drop/", "image_url": "https://crypto.snapi.dev/images/v1/a/p/crypto12-115449.jpg", "title": "More Correction On Horizon! Here's How Low Ethereum(ETH) & Bitcoin(BTC) Price Can Drop", "text": "The market has been in the negative for the past 24 hours, with Bitcoin, the market leader, down 0.25 percent. Ethereum has dropped even more, losing 1.15 percent, while the rest of the market has followed suit.\u00a0 According to crypto trader Michaal van de Poppe, the current battle in Eastern Europe may drive crypto heavyweights \u2026", "source_name": "CoinPedia", "date": "Tue, 08 Mar 2022 02:39:48 -0500", "topics": [], "sentiment": "Negative", "type": "Article", "tickers": ["BTC", "ETH"]}, {"news_url": "https://coinpedia.org/bitcoin/heres-how-low-bitcoin-btc-price-will-plunge-before-reaching-100k-in-2022/", "image_url": "https://crypto.snapi.dev/images/v1/u/g/crypto11-115448.jpg", "title": "Here's How Low Bitcoin (BTC) Price Will Plunge Before Reaching $100K In 2022!", "text": "On Monday, Bitcoin briefly fell below $38,000, its lowest level in a week, as global markets sank over fears that the skyrocketing commodities prices triggered by Russia's invasion of Ukraine might have a far greater and longer-lasting impact than previously expected.\u00a0 BTC Price Action Over the last 24 hours, BTC/USD has moved in a range \u2026", "source_name": "CoinPedia", "date": "Tue, 08 Mar 2022 02:32:52 -0500", "topics": [], "sentiment": "Negative", "type": "Article", "tickers": ["BTC"]}, {"news_url": "https://coinpedia.org/ethereum/ethereum-set-to-plunge-hard-eth-price-may-drop-below-2k-here-are-levels-to-watch/", "image_url": "https://crypto.snapi.dev/images/v1/a/l/crypto10-115446.jpg", "title": "Ethereum Set To Plunge Hard ! ETH Price May Drop Below $2k, Here are levels To Watch", "text": "As the new trading week begins in the United States, the price of Ethereum (ETH) rises dramatically. As it found reliable support around $2,500, the price of ETH may continue to rise in order to find important levels of resistance. Finally, Ethereum\u00a0 is in a long-term bear market. However, before a definite directional bias, it \u2026", "source_name": "CoinPedia", "date": "Tue, 08 Mar 2022 02:25:40 -0500", "topics": [], "sentiment": "Negative", "type": "Article", "tickers": ["ETH"]}, {"news_url": "https://www.reuters.com/markets/europe/cryptoverse-young-hodlers-keeping-bitcoin-an-even-keel-2022-03-08/", "image_url": "https://crypto.snapi.dev/images/v1/b/i/bitcoin-3290060-1280-1-115089-115346-115469.jpg", "title": "Cryptoverse: The young HODLers keeping bitcoin on an even keel", "text": "Bitcoin's been known to freak out when Elon Musk tweets a broken-heart emoji. So why isn't it flying off the handle as we seem to stand on the precipice of World War 3?", "source_name": "Reuters", "date": "Tue, 08 Mar 2022 01:10:37 -0500", "topics": [], "sentiment": "Neutral", "type": "Article", "tickers": ["BTC"]}, {"news_url": "https://cryptoslate.com/why-this-top-cto-ditched-uber-facebook-for-nfts-on-solana/", "image_url": "https://crypto.snapi.dev/images/v1/z/t/sidney-zhang-solana-115439.jpg", "title": "Why this top CTO ditched Uber, Facebook for NFTs on Solana", "text": "Silicon Valley and big tech firms are increasingly losing talents and high-profile individuals to the greener pastures of the crypto industry. The post Why this top CTO ditched Uber, Facebook for NFTs on Solana appeared first on CryptoSlate.", "source_name": "CryptoSlate", "date": "Tue, 08 Mar 2022 01:01:17 -0500", "topics": ["NFT"], "sentiment": "Neutral", "type": "Article", "tickers": ["SOL"]}, {"news_url": "https://www.newsbtc.com/analysis/eth/ethereum-major-downtrend-2500/", "image_url": "https://crypto.snapi.dev/images/v1/g/u/shutterstock-614141174-115438.jpg", "title": "TA: Ethereum Could Avoid a Major Downtrend if it Closes Above One Key Level", "text": "Ethereum extended decline below the $2,500 support zone against the US Dollar. ETH price is recovering, but it must clear $2,680 to start a decent increase.", "source_name": "NewsBTC", "date": "Tue, 08 Mar 2022 00:28:34 -0500", "topics": ["tanalysis"], "sentiment": "Neutral", "type": "Article", "tickers": ["ETH"]}, {"news_url": "https://cryptonews.com/news/bitcoin-ethereum-stuck-range-small-altcoins-rally.htm", "image_url": "https://crypto.snapi.dev/images/v1/x/g/kanchanara-v2c50qiol88-unsplash-1-631x420-114391-114597-114999-115435.jpg", "title": "Bitcoin and Ethereum Stuck in a Range, Small Altcoins Rally", "text": "Bitcoin price struggled to recover above USD 39,000. BTC started another decline and traded to a new weekly low near USD 37,200. It is currently (04:20 UTC) recovering above USD 38,700, but it might face resistance near USD 39,000 and USD 39,250.", "source_name": "Cryptonews", "date": "Mon, 07 Mar 2022 23:34:00 -0500", "topics": [], "sentiment": "Negative", "type": "Article", "tickers": ["BTC", "ETH"]}, {"news_url": "https://www.cryptopolitan.com/bitcoin-ethereum-ethereum-classic-and-filecoin-daily-price-analyses-7-march-roundup/", "image_url": "https://crypto.snapi.dev/images/v1/2/0/20210909-crypto-exchanges-regulators-800x450-114924-115437.jpg", "title": "Bitcoin, Ethereum, Ethereum Classic, and Filecoin Daily Price Analyses \u2013 7 March Roundup", "text": "TL;DR Breakdown The global crypto market continues to be bullish, adding 0.06% in the last 24 hours. Bitcoin has gained 0.13% in the last 24-hours, adding value to its bulk.", "source_name": "Cryptopolitan", "date": "Mon, 07 Mar 2022 23:16:33 -0500", "topics": [], "sentiment": "Neutral", "type": "Article", "tickers": ["BTC", "ETC", "ETH", "FIL"]}, {"news_url": "https://cryptoslate.com/this-70-million-art-could-be-paid-for-in-bitcoin-or-ethereum/", "image_url": "https://crypto.snapi.dev/images/v1/u/t/art-bitcoin-ethereum-115433.jpg", "title": "This $70 million art could be paid for in Bitcoin or Ethereum", "text": "Phillips, one of the leading auction houses in the United States, has revealed that it is willing to accept payment in Bitcoin or Ethereum for the upcoming auction of Jean-Michel Basquiat's artwork collection in May. The post This $70 million art could be paid for in Bitcoin or Ethereum appeared first on CryptoSlate.", "source_name": "CryptoSlate", "date": "Mon, 07 Mar 2022 23:01:16 -0500", "topics": [], "sentiment": "Neutral", "type": "Article", "tickers": ["BTC", "ETH"]}, {"news_url": "https://bitcoinmagazine.com/markets/latest-macroeconomic-trends-impacting-bitcoin", "image_url": "https://crypto.snapi.dev/images/v1/m/n/bitcoin-etf-delayed-but-wall-street-has-on-ramps-115432.jpg", "title": "How The Latest Macroeconomic Trends Are Impacting Bitcoin", "text": "How stocks correlation, Grayscale, Russia, stablecoins, rate hikes and more are impacting the bitcoin price today.", "source_name": "Bitcoin Magazine", "date": "Mon, 07 Mar 2022 22:30:00 -0500", "topics": [], "sentiment": "Negative", "type": "Article", "tickers": ["BTC"]}, {"news_url": "https://www.newsbtc.com/analysis/btc/bitcoin-faces-uphill-task-40k/", "image_url": "https://crypto.snapi.dev/images/v1/e/q/executium-lta5b8mpytw-unsplash-114721-115021-115429.jpg", "title": "TA: Bitcoin Faces Uphill Task, Why BTC Bears Are Still In Control", "text": "Bitcoin remained in a bearish zone below $39,000 against the US Dollar. BTC could recover only if it manages to clear the $40,000 resistance zone.", "source_name": "NewsBTC", "date": "Mon, 07 Mar 2022 22:08:47 -0500", "topics": ["tanalysis"], "sentiment": "Negative", "type": "Article", "tickers": ["BTC"]}, {"news_url": "https://news.bitcoin.com/apple-co-founder-steve-wozniak-crypto-bitcoin-is-pure-gold-mathematics/", "image_url": "https://crypto.snapi.dev/images/v1/8/m/woz-115428.jpg", "title": "Apple Co-Founder Steve Wozniak on Crypto: Bitcoin Is \u2018Pure-Gold Mathematics'", "text": "Apple co-founder Steve Wozniak says Bitcoin is \u201cthe only one that's pure-gold mathematics.\u201d He is skeptical of most other cryptocurrencies. In addition, Wozniak is a fan of the metaverse but is less enthusiastic about non-fungible tokens (NFTs). Apple's Steve Wozniak Praises Bitcoin Apple co-founder Steve Wozniak talked about cryptocurrency in an interview with the Insider, [\u2026]", "source_name": "Bitcoin", "date": "Mon, 07 Mar 2022 22:00:50 -0500", "topics": [], "sentiment": "Positive", "type": "Article", "tickers": ["BTC"]}, {"news_url": "https://cointelegraph.com/news/total-exchange-btc-inflows-have-been-net-negative-since-july-21", "image_url": "https://crypto.snapi.dev/images/v1/i/m/840-ahr0chm6ly9zmy5jb2ludgvszwdyyxbolmnvbs91cgxvywrzlziwmjitmdmvytawzthjztatyjmzny00ztjiltg0ytqtytfkzdy2ngq1m2fhlmpwzw-115422.jpg", "title": "Total exchange BTC inflows have been net negative since July '21", "text": "There have been more outflows than inflows to most exchanges except Binance, FTX, Bittrex, and Bitfinex since last July, suggesting sellers may be exhausted according to Glassnode.", "source_name": "Cointelegraph", "date": "Mon, 07 Mar 2022 21:12:33 -0500", "topics": [], "sentiment": "Negative", "type": "Article", "tickers": ["BTC"]}, {"news_url": "https://www.benzinga.com/markets/cryptocurrency/22/03/26031101/bitcoin-ethereum-dogecoin-lose-more-sheen-as-russia-ukraine-talks-make-little-progress-is-?SNAPI", "image_url": "https://crypto.snapi.dev/images/v1/r/s/bitcoin-cracked-earth-md-115423.jpg", "title": "Bitcoin, Ethereum, Dogecoin Lose More Sheen As Russia-Ukraine Talks Make Little Progress \u2014 Is Crypto Back To Behaving Like A Risky Asset?", "text": "Major coins traded in the red on Monday evening as the global cryptocurrency market cap fell 3.7% to $1.7 trillion at press time, with the risk appetite getting whacked by limited advancement in talks between Russia and Ukraine.", "source_name": "Benzinga", "date": "Mon, 07 Mar 2022 21:12:00 -0500", "topics": [], "sentiment": "Negative", "type": "Article", "tickers": ["BTC", "DOGE", "ETH"]}, {"news_url": "https://www.youtube.com/watch?v=6vbd84_HAGw", "image_url": "https://crypto.snapi.dev/images/v1/e/4/active-btc-supply-reaches-highest-level-in-over-a-year-115421.jpg", "title": "\u2018Active' BTC Supply Reaches Highest Level in Over a Year", "text": "In today's \u201cChart of the Day\u201d segment, Christine Lee presents a chart illustrating that the supply of \u201cactive\u201d bitcoin, which is BTC that has been moved between addresses within the last 24 hours, is at its highest level in over a year. As bitcoin held by smaller address saw a steep uptick, it is highly possible that crypto is being used as a safe haven for those affected by the Russia-Ukraine war.", "source_name": "Coindesk", "date": "Mon, 07 Mar 2022 21:00:02 -0500", "topics": [], "sentiment": "Neutral", "type": "Video", "tickers": ["BTC"]}, {"news_url": "https://bitcoinmagazine.com/culture/bitcoin-saves-ukraine-in-wartime", "image_url": "https://crypto.snapi.dev/images/v1/3/b/earth-115417.png", "title": "How Bitcoin Saves People In Ukraine During Wartime", "text": "As legacy financial rails have broken down amid Russia's invasion of Ukraine, Bitcoin is proving to be a critical lifeline for Ukrainian people.", "source_name": "Bitcoin Magazine", "date": "Mon, 07 Mar 2022 20:30:00 -0500", "topics": [], "sentiment": "Neutral", "type": "Article", "tickers": ["BTC"]}, {"news_url": "https://thecurrencyanalytics.com/altcoins/founder-of-skybridge-capital-believes-that-btc-will-reach-500000-in-the-long-run-39695.php", "image_url": "https://crypto.snapi.dev/images/v1/d/d/founder-of-skybridge-capital-believe-that-btc-will-reach-500000-in-the-long-run-115514.jpg", "title": "Founder of SkyBridge Capital Believes That BTC will Reach $500,000 in the Long Run", "text": "Catch up on the latest crypto market news at The Currency Analytics. Anthony Scaramucci, founder of investment management firm Skybridge Capital, talked about the future outlook for Bitcoin in an interview with\u2026 The post Founder of SkyBridge Capital Believes That BTC will Reach $500,000 in the Long Run appeared first on Cryptocurrency News.", "source_name": "The Currency Analytics", "date": "Mon, 07 Mar 2022 20:00:53 -0500", "topics": [], "sentiment": "Positive", "type": "Article", "tickers": ["BTC"]}, {"news_url": "https://cryptopotato.com/hive-strikes-a-deal-with-intel-to-buy-new-asic-chips-for-bitcoin-btc-mining/", "image_url": "https://crypto.snapi.dev/images/v1/m/k/hive-intel-115408.jpg", "title": "Hive Strikes a Deal With Intel to Buy New ASIC Chips for Bitcoin (BTC) Mining", "text": "Crypto miner Hive Blockchain has announced a \"landmark deal\" that involves buying new ASIC mining devices via a supply agreement with Intel.", "source_name": "CryptoPotato", "date": "Mon, 07 Mar 2022 18:45:21 -0500", "topics": ["mining"], "sentiment": "Neutral", "type": "Article", "tickers": ["BTC"]}, {"news_url": "https://www.theblockcrypto.com/linked/136641/bitcoin-mining-firm-hive-to-buy-intels-new-chip", "image_url": "https://crypto.snapi.dev/images/v1/b/i/bitcoin-2-115137-115407.jpg", "title": "Bitcoin mining firm Hive to buy Intel's new chip", "text": "Bitcoin mining firm Hive announced plans to buy Intel's new ASIC chip.\u00a0 The deal, coupled with a manufacturing agreement with an original design manufacturer (ODM), is expected to increase Hive's aggregate Bitcoin mining hashrate by up to 95%, from 1.9 exahashes per second (EH/s), according to a statement from the company issued Monday.\u00a0 Hive, a [\u2026] The post Bitcoin mining firm Hive to buy Intel's new chip appeared first on The Block.", "source_name": "The Block", "date": "Mon, 07 Mar 2022 18:20:12 -0500", "topics": ["mining"], "sentiment": "Neutral", "type": "Article", "tickers": ["BTC"]}, {"news_url": "https://dailyhodl.com/2022/03/07/ethereum-and-altcoin-market-would-be-in-trouble-if-this-happens-according-to-crypto-analyst-nicholas-merten/", "image_url": "https://crypto.snapi.dev/images/v1/b/f/ethereum-altcoin-troublejpgfit10242c600ssl1-115409.jpg", "title": "Ethereum and Altcoin Market Would Be in Trouble if This Happens, According to Crypto Analyst Nicholas Merten", "text": "A top crypto analyst is warning of potential danger for the Ethereum (ETH) and altcoin markets. In a new DataDash YouTube video, Nicholas Merten\u00a0tells his 511,000 subscribers that there is still market confidence in Ethereum's Bitcoin pair (ETH/BTC) despite recent drawbacks. \u201cWe have seen here that\u2026 we're having another drawdown here in ETH's price. But, [\u2026] The post Ethereum and Altcoin Market Would Be in Trouble if This Happens, According to Crypto Analyst Nicholas Merten appeared first on The Daily Hodl.", "source_name": "The Daily Hodl", "date": "Mon, 07 Mar 2022 18:01:14 -0500", "topics": [], "sentiment": "Negative", "type": "Article", "tickers": ["ETH"]}, {"news_url": "https://bitcoinist.com/ethereum-dominance-slides-3-in-last-24-hours/", "image_url": "https://crypto.snapi.dev/images/v1/d/x/ethereum-640x360-115404.png", "title": "Ethereum Dominance Slides 3% In Last 24 Hours, Price Touches $2,500", "text": "Ethereum dominance has been on the up in the last couple of years. The cryptocurrency which is only about half as old as its predecessor bitcoin has managed to steal the largest market share from the pioneer cryptocurrency, making it the second most valuable digital asset in the market.", "source_name": "Bitcoinist", "date": "Mon, 07 Mar 2022 18:00:59 -0500", "topics": [], "sentiment": "Negative", "type": "Article", "tickers": ["ETH"]}, {"news_url": "https://www.newsbtc.com/analysis/btc/the-bullish-scenario-that-puts-bitcoin-at-165k-before-22k/", "image_url": "https://crypto.snapi.dev/images/v1/y/k/btc-1-115402.jpeg", "title": "The Bullish Scenario That Puts Bitcoin At $165K Before $22K", "text": "Bitcoin is still quite bullish over the long term despite all of the bearish short-term trends being recorded recently. It is still one of the most promising investment options in the space with growth speculated to skyrocket in the next five years.", "source_name": "NewsBTC", "date": "Mon, 07 Mar 2022 18:00:55 -0500", "topics": [], "sentiment": "Positive", "type": "Article", "tickers": ["BTC"]}, {"news_url": "https://bitcoinmagazine.com/business/sanctions-drive-bitcoin-adoption", "image_url": "https://crypto.snapi.dev/images/v1/s/m/op-ed-china-blockchain-vs-btc-115401.jpg", "title": "Sanctions As A Driver Of Bitcoin Adoption", "text": "Sanctions are pure motivation for countries to seek out alternatives that cannot be harnessed by a single nation against them.", "source_name": "Bitcoin Magazine", "date": "Mon, 07 Mar 2022 18:00:00 -0500", "topics": [], "sentiment": "Positive", "type": "Article", "tickers": ["BTC"]}, {"news_url": "https://www.youtube.com/watch?v=-B6YOexHoeg", "image_url": "https://crypto.snapi.dev/images/v1/4/b/840-ahr0chm6ly9zmy5jb2ludgvszwdyyxbolmnvbs91cgxvywrzlziwmjitmdmvmwy3odixngityzfhys00ody5lwi3ytmtntu4zjm5ztbmzjbjlmpwzw-115877-116562.jpg", "title": "Okcoin and Stacks Launch $165M Pledge to Expand Bitcoin Adoption", "text": "\"All About Bitcoin\" host Christine Lee speaks to Don Kaufman of TheoTrade for his analysis on the bitcoin markets after the US inflation number hits a fresh 40-year high at 7.9% Plus, insights from Alex Chizhik of Okcoin and of Kyle Ellicott Stacks Accelerator on their new initiative to support bitcoin-related projects. Site: https://www.coindesk.com Twitter: https://www.twitter.com/coindesk LinkedIn: https://www.linkedin.com/company/3104779/admin Instagram: https://www.instagram.com/coindesk Facebook: https://www.facebook.com/CoinDesk Newsletters: https://www.coindesk.com/newsletters CoinDesk Podcast Network: https://open.spotify.com/show/2jyIhkvAQhed8AWDZiPpSP Markets Daily Crypto Roundup: https://open.spotify.com/show/7sDXM8BlxsUqzL2IqmLqwE CoinDesk is the leading digital media, events and information services company for the crypto asset and blockchain technology community.", "source_name": "Coindesk", "date": "Mon, 07 Mar 2022 17:50:19 -0500", "topics": [], "sentiment": "Positive", "type": "Video", "tickers": ["BTC", "STX"]}, {"news_url": "https://www.youtube.com/watch?v=lUxW0KGP7bE", "image_url": "https://crypto.snapi.dev/images/v1/4/v/will-the-fed-delay-march-rate-hike-institutions-scoop-up-grayscale-bitcoin-trust-shares-115716.jpg", "title": "Will the Fed Delay March Rate Hike? Institutions Scoop Up Grayscale Bitcoin Trust Shares", "text": "\"All About Bitcoin\" host Christine Lee speaks to Voyager Digital co-founder & CEO Steve Ehrlich and Noelle Acheson of Genesis for their takes on the latest headlines moving the bitcoin markets. Site: https://www.coindesk.com Twitter: https://www.twitter.com/coindesk LinkedIn: https://www.linkedin.com/company/3104779/admin Instagram: https://www.instagram.com/coindesk Facebook: https://www.facebook.com/CoinDesk Newsletters: https://www.coindesk.com/newsletters CoinDesk Podcast Network: https://open.spotify.com/show/2jyIhkvAQhed8AWDZiPpSP Markets Daily Crypto Roundup: https://open.spotify.com/show/7sDXM8BlxsUqzL2IqmLqwE CoinDesk is the leading digital media, events and information services company for the crypto asset and blockchain technology community.", "source_name": "Coindesk", "date": "Mon, 07 Mar 2022 17:49:31 -0500", "topics": ["institutions"], "sentiment": "Positive", "type": "Video", "tickers": ["BTC"]}, {"news_url": "https://www.youtube.com/watch?v=ICET-KI_vdY", "image_url": "https://crypto.snapi.dev/images/v1/s/a/bitcoin-jumps-to-40k-as-putin-sees-positive-shift-in-ukraine-talks-116790.jpg", "title": "Bitcoin Jumps To $40K As Putin Sees Positive Shift In Ukraine Talks", "text": "Russian President Vladimir Putin sees \"certain positive shifts\" in talks with Ukraine. This comes as Ukraine continues to put up a mighty resistance against Russia.", "source_name": "Coindesk", "date": "Mon, 07 Mar 2022 17:47:26 -0500", "topics": [], "sentiment": "Positive", "type": "Video", "tickers": ["BTC"]}, {"news_url": "https://www.youtube.com/watch?v=jxH47vsSna0", "image_url": "https://crypto.snapi.dev/images/v1/q/9/bitcoin-russian-ruble-istock-1093751750-629x420-115658-115986.jpeg", "title": "Bitcoin Soars Above $41K as US President Joe Biden Signs Executive Order on Cryptocurrency", "text": "\"First Mover\" hosts speak to Managing Editor for Global Policy and Regulation Nikhilesh De and Blockchain Association Executive Director Kristin Smith for their insights on Biden's executive order that calls for federal agencies to coordinate their approach to cryptocurrencies. Prices of bitcoin, ethereum and other digital assets jumped on the heels of this news.", "source_name": "Coindesk", "date": "Mon, 07 Mar 2022 17:46:38 -0500", "topics": [], "sentiment": "Positive", "type": "Video", "tickers": ["BTC"]}, {"news_url": "https://cointelegraph.com/news/bitcoin-price-rejection-at-39k-and-mounting-regulatory-concerns-tank-the-market-again", "image_url": "https://crypto.snapi.dev/images/v1/t/r/840-ahr0chm6ly9zmy5jb2ludgvszwdyyxbolmnvbs91cgxvywrzlziwmjitmdmvzgqzogjiyzmtzdfhos00nwfmlthjzdutnthjymrjnjfhodnllmpwzw-115398.jpg", "title": "Bitcoin price rejection at $39K and mounting regulatory concerns tank the market again", "text": "BTC price rejects near $40,000 as investors balk at an upcoming Biden administration executive order on crypto regulation.", "source_name": "Cointelegraph", "date": "Mon, 07 Mar 2022 17:45:00 -0500", "topics": ["regulations"], "sentiment": "Negative", "type": "Article", "tickers": ["BTC"]}, {"news_url": "https://ambcrypto.com/btc-is-leaving-crypto-exchanges-decoding-what-that-means-for-turtles-pigs-and-wolves/", "image_url": "https://crypto.snapi.dev/images/v1/m/9/bitcoin-3741066-1280-e1646673099242-115395.jpg", "title": "Decoding what BTC leaving crypto-exchanges means for turtles, pigs, wolves", "text": "After leaping over $40,000 and just brushing $45,000 with its fingertips, Bitcoin fell back below $40,000. Adding to that, the king coin was revisiting the prices it passed in late February.", "source_name": "AMBCrypto", "date": "Mon, 07 Mar 2022 17:30:44 -0500", "topics": [], "sentiment": "Neutral", "type": "Article", "tickers": ["BTC"]}, {"news_url": "https://cryptoslate.com/bitcoin-not-a-commodity-or-security-declares-saylor-as-he-hits-back-at-regulators/", "image_url": "https://crypto.snapi.dev/images/v1/u/g/saylor-bitcoin-115391.jpg", "title": "Bitcoin not a commodity or security declares Saylor as he hits back at regulators", "text": "Speaking on PBD Podcast on March 1, Michael Saylor claims that BTC should be defined as the world's only actual scarcity rather than a commodity or security. The post Bitcoin not a commodity or security declares Saylor as he hits back at regulators appeared first on CryptoSlate.", "source_name": "CryptoSlate", "date": "Mon, 07 Mar 2022 17:01:21 -0500", "topics": ["regulations"], "sentiment": "Neutral", "type": "Article", "tickers": ["BTC"]}, {"news_url": "https://www.newsbtc.com/news/bitcoin/bitcoin-caught-between-fierce-sellers-and-scarce-buyers-why-36k-could-be-imminent/", "image_url": "https://crypto.snapi.dev/images/v1/m/l/bitcoin-bear-115390.jpeg", "title": "Bitcoin Caught Between Fierce Sellers And Scarce Buyers, Why $36K Could Be Imminent", "text": "Bitcoin has taken another turn to the downside, at the time of writing, after moving sideways during the weekend. As NewsBTC has been covering over the past days, BTC lost critical support at around $40,000, and seems likely to continue its downtrend.", "source_name": "NewsBTC", "date": "Mon, 07 Mar 2022 17:00:47 -0500", "topics": [], "sentiment": "Negative", "type": "Article", "tickers": ["BTC"]}, {"news_url": "https://bitcoinmagazine.com/markets/biden-to-sign-bitcoin-crypto-executive-order-this-week", "image_url": "https://crypto.snapi.dev/images/v1/3/u/law-115388.png", "title": "Biden To Sign Bitcoin, Crypto Executive Order This Week", "text": "The President is set to sign the order this week with a focus on national security and regulation.", "source_name": "Bitcoin Magazine", "date": "Mon, 07 Mar 2022 16:53:17 -0500", "topics": [], "sentiment": "Neutral", "type": "Article", "tickers": ["BTC"]}, {"news_url": "https://cointelegraph.com/news/adobe-s-behance-adds-support-for-solana-nfts", "image_url": "https://crypto.snapi.dev/images/v1/i/t/840-ahr0chm6ly9zmy5jb2ludgvszwdyyxbolmnvbs91cgxvywrzlziwmjitmdmvnwe5nwy4zdqtndbjos00ytg0lwezzditoty5oti1otexzteylmpwzw-115385.jpg", "title": "Adobe's Behance adds support for Solana NFTs", "text": "This integration is available for Behance creators with Phantom wallets, and the feature was powered by QuickNode.", "source_name": "Cointelegraph", "date": "Mon, 07 Mar 2022 16:45:00 -0500", "topics": ["NFT"], "sentiment": "Positive", "type": "Article", "tickers": ["SOL"]}, {"news_url": "https://dailyhodl.com/2022/03/07/retail-investors-now-hold-all-time-high-of-29730000000-worth-of-bitcoin-btc-insights-firm-intotheblock/", "image_url": "https://crypto.snapi.dev/images/v1/j/w/btc-overpricedjpgfit10242c600ssl1-115386.jpg", "title": "Retail Investors Now Hold All-Time High of $29,730,000,000 Worth of Bitcoin (BTC): Insights Firm IntoTheBlock", "text": "Data from cryptocurrency analytics platform IntoTheBlock shows that retail investors are now holding more Bitcoin (BTC) than ever before. The intelligence firm says that the amount of Bitcoin held by retail investors, or entities with a balance between 0.1 and 1 BTC is currently at an all-time high.\u00a0 \u201cAll-time high \u2013 the aggregate balance held [\u2026] The post Retail Investors Now Hold All-Time High of $29,730,000,000 Worth of Bitcoin (BTC): Insights Firm IntoTheBlock appeared first on The Daily Hodl.", "source_name": "The Daily Hodl", "date": "Mon, 07 Mar 2022 16:00:26 -0500", "topics": [], "sentiment": "Positive", "type": "Article", "tickers": ["BTC"]}, {"news_url": "https://bitcoinmagazine.com/industry-events/domi-will-be-at-bitcoin-2022", "image_url": "https://crypto.snapi.dev/images/v1/q/b/the-history-and-symbolism-behind-bitcoins-logo-115377.jpg", "title": "The Declaration Of Monetary Independence Will Be At Bitcoin 2022", "text": "Look for the physical form of #DoMI at the Bitcoin Conference happening April six through the ninth in Miami Beach!", "source_name": "Bitcoin Magazine", "date": "Mon, 07 Mar 2022 16:00:00 -0500", "topics": [], "sentiment": "Neutral", "type": "Article", "tickers": ["BTC"]}, {"news_url": "https://decrypt.co/94562/europe-crypto-regulations-set-move-forward-without-bitcoin-ban", "image_url": "https://crypto.snapi.dev/images/v1/6/a/european-union-gid-1-115381.jpeg", "title": "Europe Crypto Regulations Set to Move Forward\u2014Without Bitcoin 'Ban'", "text": "The European Parliament's Economics Committee is scheduled to vote on MiCA on March 14.", "source_name": "Decrypt", "date": "Mon, 07 Mar 2022 15:56:53 -0500", "topics": ["regulations"], "sentiment": "Neutral", "type": "Article", "tickers": ["BTC"]}], "total_pages": 42}