{"data": [{"news_url": "https://www.reuters.com/technology/cryptoverse-remember-when-bitcoin-was-anonymous-2022-03-22/", "image_url": "https://crypto.snapi.dev/images/v1/i/o/t3v4zryo6bpijkjvny7c6yyujq-120045.jpg", "title": "Cryptoverse: Remember when bitcoin was 'anonymous'?", "text": "Bitcoin just isn't anonymous enough for a growing cohort of crypto users who are seeking greater seclusion.", "source_name": "Reuters", "date": "Tue, 22 Mar 2022 02:15:42 -0400", "topics": [], "sentiment": "Neutral", "type": "Article", "tickers": ["BTC"]}, {"news_url": "https://coinpedia.org/bitcoin/bitcoin-spike-above-41k-heres-what-next-for-btc-price/", "image_url": "https://crypto.snapi.dev/images/v1/x/k/crypto4-120041.jpg", "title": "Bitcoin Spike above $41k! Here's What Next For BTC Price", "text": "Today, cryptocurrency prices soared, with Bitcoin surpassing the $42,000 mark. The digital token was trading at $42,263, up more than 3%. Ether, on the other hand, increased by more than 6% to $3,024. The price of Dogecoin increased by nearly 3% to $0.12, while the price of Shiba Inu increased by over 4% to $0.000024.\u00a0 \u2026", "source_name": "CoinPedia", "date": "Tue, 22 Mar 2022 01:53:21 -0400", "topics": [], "sentiment": "Positive", "type": "Article", "tickers": ["BTC"]}, {"news_url": "https://u.today/bitcoin-reclaims-43000-ethereum-tops-3000?SNAPI", "image_url": "https://crypto.snapi.dev/images/v1/c/o/13081-0-120039.jpg", "title": "Bitcoin Reclaims $43,000, Ethereum Tops $3,000", "text": "The cryptocurrency market is in recovery mode, with the price of Bitcoin reclaiming the $43,000", "source_name": "UToday", "date": "Tue, 22 Mar 2022 01:35:00 -0400", "topics": [], "sentiment": "Positive", "type": "Article", "tickers": ["BTC", "ETH"]}, {"news_url": "https://www.cryptopolitan.com/solana-price-analysis-2022-03-22/", "image_url": "https://crypto.snapi.dev/images/v1/a/z/solana-price-analysis-2022-01-30-120037.png", "title": "Solana price analysis: Bullish trend escalates SOL prices above $91.44 level", "text": "TL;DR Breakdown Solana price analysis shows a bullish trend SOL prices are facing resistance at the $91.56 level Support levels are formed at $89 .9and $90.0 The Solana price analysis [\u2026]", "source_name": "Cryptopolitan", "date": "Tue, 22 Mar 2022 01:15:29 -0400", "topics": ["tanalysis"], "sentiment": "Positive", "type": "Article", "tickers": ["SOL"]}, {"news_url": "https://coinpedia.org/defi/top-defi-tokens-to-rally-sol-luna-avax-price-to-hit-these-levels-soon/", "image_url": "https://crypto.snapi.dev/images/v1/c/6/crypto3-120036.jpg", "title": "Top DeFi Tokens To Rally! SOL, LUNA & AVAX Price To Hit These Levels Soon!", "text": "After reaching a high of $42,429 on Saturday, Bitcoin's price fell for the second day in a row. Later, the market reached a high of $40,000 due to increased tensions around the Ukraine conflict. All the other altcoins on the chart follow the same sentiment.\u00a0 Solana (SOL), Avalanche (AVAX), and Terra (LUNA) are all positive \u2026", "source_name": "CoinPedia", "date": "Tue, 22 Mar 2022 01:07:00 -0400", "topics": [], "sentiment": "Positive", "type": "Article", "tickers": ["AVAX", "LUNA", "SOL"]}, {"news_url": "https://coingape.com/?p=105207", "image_url": "https://crypto.snapi.dev/images/v1/a/o/bitcoin-ethereum-asian-crypto-funds-huobi-120034.jpg", "title": "Ethereum (ETH) Bounces Above $3000 Once Again Outperforming Bitcoin on Weekly Chart", "text": "The world's second-largest cryptocurrency Ethereum (ETH) is once again showing strength over its biggest competitor Bitcoin. The ETH price has surged 6% as of press time crossing the crucial resistance of $3,000 levels.", "source_name": "Coingape", "date": "Tue, 22 Mar 2022 00:40:01 -0400", "topics": [], "sentiment": "Positive", "type": "Article", "tickers": ["ETH"]}, {"news_url": "https://cryptonews.com/news/bitcoin-tests-usd-42k-ethereum-reaches-usd-3k-algo-etc-accelerate.htm", "image_url": "https://crypto.snapi.dev/images/v1/x/o/crypto12-114787-120033.jpg", "title": "Bitcoin Tests USD 42K, Ethereum Reaches USD 3K, ALGO and ETC Accelerate", "text": "After bitcoin started a downside correction below the USD 41,550 support, BTC remained stable above the USD 40,550 level. It is currently (04:06 UTC) rising above USD 42,200 and might attempt a fresh increase above the USD 42,500 resistance zone.", "source_name": "Cryptonews", "date": "Tue, 22 Mar 2022 00:22:00 -0400", "topics": [], "sentiment": "Positive", "type": "Article", "tickers": ["ALGO", "BTC", "ETH"]}, {"news_url": "https://www.benzinga.com/markets/cryptocurrency/22/03/26232833/bitcoin-jumps-to-42-300-ethereum-above-3-000-in-sudden-crypto-market-surge?SNAPI", "image_url": "https://crypto.snapi.dev/images/v1/y/0/art-rachen-sm4r-swmcoy-unsplash-5-120035.jpg", "title": "Bitcoin Jumps To $42,300, Ethereum Above $3,000 In Sudden Crypto Market Surge", "text": "The global cryptocurrency market cap rose above $2 trillion early on Tuesday, driven by a sudden surge in buying activity across major exchanges.", "source_name": "Benzinga", "date": "Mon, 21 Mar 2022 23:57:00 -0400", "topics": [], "sentiment": "Positive", "type": "Article", "tickers": ["BTC", "ETH"]}, {"news_url": "https://www.cryptopolitan.com/bitcoin-binance-coin-basic-attention-token-and-okb-daily-price-analyses-21-march-roundup/", "image_url": "https://crypto.snapi.dev/images/v1/9/t/r1-120030.png", "title": "Bitcoin, Binance Coin, Basic Attention Token, and OKB Daily Price Analyses \u2013 21 March Roundup", "text": "TL;DR Breakdown The global crypto market continues to gain, adding 1.25% in 24 hours. Bitcoin turns green, adding 0.96% over the last 24 hours.", "source_name": "Cryptopolitan", "date": "Mon, 21 Mar 2022 23:51:34 -0400", "topics": [], "sentiment": "Neutral", "type": "Article", "tickers": ["BAT", "BNB", "BTC", "OKB"]}, {"news_url": "https://coingape.com/?p=105203", "image_url": "https://crypto.snapi.dev/images/v1/9/d/bitcoin-mining-miniature-worker-small-figure-holding-mattock-di-bitcoin-mining-miniature-worker-small-figure-holding-mattock-109705262-120028.jpg", "title": "U.S. Senator Cynthia Lummis Sees Bitcoin Mining Boosting The U.S. Energy Industry", "text": "The relevance of the nascent Bitcoin industry keeps getting new highlights for its potential, which suggests that it will transcend just being a payment network or store of value. For some US Congress members, Bitcoin represents a solution to generations-old energy problems.", "source_name": "Coingape", "date": "Mon, 21 Mar 2022 23:43:53 -0400", "topics": ["mining", "regulations"], "sentiment": "Positive", "type": "Article", "tickers": ["BTC"]}, {"news_url": "https://cryptoslate.com/keiser-on-inflation-americans-with-less-than-20-bitcoin-are-not-gonna-make-it/", "image_url": "https://crypto.snapi.dev/images/v1/q/s/max-keiser-bitcoin-120019.jpg", "title": "Keiser on inflation: Americans with less than 20 Bitcoin are \u201cnot gonna make it\u201d", "text": "Bitcoin-bull Max Keiser gives a grim warning to Americans, saying those with less than 20 BTC are \u201cnot going to make it.\u201d Americans, if you have less than 20 #Bitcoin you're NGMI.", "source_name": "CryptoSlate", "date": "Mon, 21 Mar 2022 23:01:15 -0400", "topics": [], "sentiment": "Neutral", "type": "Article", "tickers": ["BTC"]}, {"news_url": "https://coinpedia.org/bitcoin/bitcoin-btc-price-to-surge-above-45k-this-week-traders-should-look-at-these-levels/", "image_url": "https://crypto.snapi.dev/images/v1/m/6/bitcoin-analysis-8-300x200-119675-120021.jpg", "title": "Bitcoin (BTC) Price to Surge Above $45K This Week! Traders Should look at These Levels", "text": "At the start of the week, the global crypto market regained value as investors flocked to it. As the market returned to normal, it was able to recoup momentum compared to the previous week's close. The global crypto market capitalization is now $1.87 trillion, up 0.22 percent from the previous day. At the time of \u2026", "source_name": "CoinPedia", "date": "Mon, 21 Mar 2022 23:01:00 -0400", "topics": [], "sentiment": "Positive", "type": "Article", "tickers": ["BTC"]}, {"news_url": "https://www.newsbtc.com/analysis/btc/bitcoin-moves-below-100-sma/", "image_url": "https://crypto.snapi.dev/images/v1/p/z/pexels-david-mcbee-730564-1-118985-119587-120017.jpg", "title": "TA: Bitcoin Moves Below 100 SMA, Why $40K Is The Key", "text": "Bitcoin started a downside correction below $41,200 against the US Dollar. BTC must stay above the $40,000 support to start a fresh increase.", "source_name": "NewsBTC", "date": "Mon, 21 Mar 2022 22:38:51 -0400", "topics": ["tanalysis"], "sentiment": "Neutral", "type": "Article", "tickers": ["BTC"]}, {"news_url": "https://cointelegraph.com/news/bitcoin-mining-could-be-good-for-us-energy-independence-research", "image_url": "https://crypto.snapi.dev/images/v1/h/o/840-ahr0chm6ly9zmy5jb2ludgvszwdyyxbolmnvbs91cgxvywrzlziwmjitmdmvzwu3ymi5mjgtzwzjny00nmjmlwfkm2ity2y2zgmwytq0zjm4lmpwzw-120015.jpg", "title": "Bitcoin mining could be good for US energy independence: Research", "text": "Texas representative Pete Sessions made a simple yet powerful statement that the proliferation of the Bitcoin mining industry could promote energy independence in the country.", "source_name": "Cointelegraph", "date": "Mon, 21 Mar 2022 22:02:03 -0400", "topics": ["mining"], "sentiment": "Positive", "type": "Article", "tickers": ["BTC"]}, {"news_url": "https://coinpedia.org/altcoin/eth-btc-to-hit-0-09-btc-soon-strong-bullish-reversal-for-bitcoin-and-ethereum/", "image_url": "https://crypto.snapi.dev/images/v1/z/g/shutterstock-1012491031-gid-1-119447-120010.jpg", "title": "ETH/BTC to Hit 0.09 BTC Soon ! Strong Bullish Reversal For Bitcoin and Ethereum", "text": "The crypto market has started off the week, in a rather sluggish way. BTC fails to make further gains but is holding ground above $41K. ETH too is trying to inch towards $3K resistance level. Most other coins follow the same trend.\u00a0 The charts show that Bitcoin (BTC) and Ethereum (ETH) are about to end \u2026", "source_name": "CoinPedia", "date": "Mon, 21 Mar 2022 21:17:25 -0400", "topics": [], "sentiment": "Positive", "type": "Article", "tickers": ["BTC", "ETH"]}, {"news_url": "https://coinpedia.org/bitcoin/bitcoin-btc-price-to-rally-10x-heres-when-and-why/", "image_url": "https://crypto.snapi.dev/images/v1/m/w/kanchanara-jswprvkr-oe-unsplash-1-scaled-118497-118799-118961-119570-120009.jpg", "title": "Bitcoin (BTC) Price To Rally 10x! Here's When and Why", "text": "Over the last 24 hours, the market has produced mixed results. Bitcoin, the market leader, fell 1.06 percent, while Ethereum rose 1.83 percent. All the other alts on the chart follow the same market sentiment.\u00a0 BTC Price Action BTC/USD has moved in a range of $40,668.04 to $41,607.47, exhibiting low volatility. The entire trading volume \u2026", "source_name": "CoinPedia", "date": "Mon, 21 Mar 2022 21:01:06 -0400", "topics": [], "sentiment": "Positive", "type": "Article", "tickers": ["BTC"]}, {"news_url": "https://www.benzinga.com/markets/cryptocurrency/22/03/26232265/worlds-largest-hedge-fund-led-by-bitcoin-holder-ray-dalio-said-to-be-investing-in-crypto-a?SNAPI", "image_url": "https://crypto.snapi.dev/images/v1/w/s/44858045925-90b1ea5737-k-120014.jpg", "title": "World's Largest Hedge Fund \u2014 Led By Bitcoin Holder Ray Dalio \u2014 Said To Be Investing In Crypto Assets", "text": "The world's largest hedge fund is about to back its first cryptocurrency fund, CoinDesk reported on Tuesday, citing two sources close to the matter.", "source_name": "Benzinga", "date": "Mon, 21 Mar 2022 20:54:00 -0400", "topics": ["institutions"], "sentiment": "Positive", "type": "Article", "tickers": ["BTC"]}, {"news_url": "https://www.benzinga.com/markets/cryptocurrency/22/03/26232170/bitcoin-ethereum-dogecoin-weaken-is-there-rude-awakening-awaiting-investors-if-apex-coin-l?SNAPI", "image_url": "https://crypto.snapi.dev/images/v1/h/b/vecteezy-trade-trading-crypto-currency-coins-bitcoin-exchanges-invest-5727337-92-120013.jpg", "title": "Bitcoin, Ethereum, Dogecoin Weaken \u2014 Is There 'Rude Awakening' Awaiting Investors If Apex Coin Loses This Level?", "text": "Bitcoin and other major coins traded lower at press time on Monday evening, as the global cryptocurrency market cap decreased 1.95% to $1.85 trillion. \u200b\u200b", "source_name": "Benzinga", "date": "Mon, 21 Mar 2022 20:45:00 -0400", "topics": [], "sentiment": "Negative", "type": "Article", "tickers": ["BTC", "DOGE", "ETH"]}, {"news_url": "https://ambcrypto.com/solana-nft-sales-the-how-why-and-where-to-of-it-all/", "image_url": "https://crypto.snapi.dev/images/v1/z/z/tom-sodoge-e8az2airfrc-unsplash-e1647867182685-120007.jpg", "title": "Solana NFT sales \u2013 The how, why, and where to of it all", "text": "The broader market's correlation with the DeFi space is well-known. With most of the top altcoins, including Solana, failing to make a decisive move on the charts, their DeFi front is also taking a hit.", "source_name": "AMBCrypto", "date": "Mon, 21 Mar 2022 20:30:13 -0400", "topics": ["NFT"], "sentiment": "Neutral", "type": "Article", "tickers": ["SOL"]}, {"news_url": "https://bitcoinist.com/why-top-international-banks-partnered-to-use-ripple/", "image_url": "https://crypto.snapi.dev/images/v1/2/k/nasa-q1p7bh3shj8-unsplash-631x420-120003.jpg", "title": "Why Top International Banks Partnered to Use Ripple Network", "text": "An international banking alliance is using the Ripple blockchain network technology for cross-border payments efficiency. Banks from Canada and Israel signed an agreement with National Australia Bank (NAB), Australia's largest business bank, to improve the security and efficiency of their payment systems, share innovation strategies, and more.", "source_name": "Bitcoinist", "date": "Mon, 21 Mar 2022 19:59:19 -0400", "topics": [], "sentiment": "Positive", "type": "Article", "tickers": ["XRP"]}, {"news_url": "https://bitcoinmagazine.com/culture/why-bitcoin-isnt-crypto", "image_url": "https://crypto.snapi.dev/images/v1/k/d/bitcoin-not-crypto-nfts-web3-or-defi-119995.png", "title": "Bitcoin, Not \u201cCrypto,\u201d NFTs, Web3 Or DeFi", "text": "You've heard the buzzwords: Web3, NFTs, DeFi. But what do they mean? Compared to Bitcoin, pretty much nothing.", "source_name": "Bitcoin Magazine", "date": "Mon, 21 Mar 2022 19:38:30 -0400", "topics": ["NFT"], "sentiment": "Neutral", "type": "Article", "tickers": ["BTC"]}, {"news_url": "https://bitcoinmagazine.com/business/goldman-sachs-partners-galaxy-digital-bitcoin-options-trade", "image_url": "https://crypto.snapi.dev/images/v1/z/a/goldman-sachs-119994.jpg", "title": "Goldman Sachs Partners With Galaxy Digital For First Bitcoin Options Trade", "text": "Goldman Sachs, facilitated by Galaxy Digital, purchased an over-the-counter options contract to be cash-settled, that is tied to the price of bitcoin.", "source_name": "Bitcoin Magazine", "date": "Mon, 21 Mar 2022 19:35:07 -0400", "topics": [], "sentiment": "Positive", "type": "Article", "tickers": ["BTC"]}, {"news_url": "https://cryptonews.com/news/secretum-x-alfprotocol-expanding-solanas-ecosystem-with-decentralized-financial-communication-services.htm", "image_url": "https://crypto.snapi.dev/images/v1/a/l/2d233-115613-119993.jpg", "title": "Secretum x Alfprotocol: Expanding Solana's Ecosystem With Decentralized Financial & Communication Services", "text": "Disclaimer: The text below is a press release that was not written by Cryptonews.com.", "source_name": "Cryptonews", "date": "Mon, 21 Mar 2022 19:27:00 -0400", "topics": [], "sentiment": "Positive", "type": "Article", "tickers": ["SOL"]}, {"news_url": "https://www.forbes.com/sites/billybambrough/2022/03/21/national-strategic-military-implications-mit-researcher-issues-surprise-us-bitcoin-warning-amid-crypto-price-crash/", "image_url": "https://crypto.snapi.dev/images/v1/5/m/national-strategic-military-implicationsmit-researcher-issues-surprise-us-bitcoin-warning-amid-crypto-price-crash-119991.jpg", "title": "\u2018National Strategic Military Implications'\u2014MIT Researcher Issues Surprise U.S. Bitcoin Warning Amid Crypto Price Crash", "text": "An MIT researcher has said bitcoin can play a key role in national security\u2014recommending the U.S. buy bitcoin to mitigate the impact of other countries possibly trying to wean themselves off their U.S. dollar dependence...", "source_name": "Forbes", "date": "Mon, 21 Mar 2022 19:15:52 -0400", "topics": [], "sentiment": "Negative", "type": "Article", "tickers": ["BTC"]}, {"news_url": "https://www.newsbtc.com/news/bitcoin/more-than-20-million-in-long-liquidations-as-bitcoin-falls-to-41000/", "image_url": "https://crypto.snapi.dev/images/v1/f/k/btc-liquidations-119987.jpeg", "title": "More Than $20 Million In Long Liquidations As Bitcoin Falls To $41,000", "text": "Bitcoin had broken above $40,000 again last week, marking the digital asset's fifth break above this point this year alone. Given that it has been trending in its $36-$38k support level before this, traders had taken to placing their trades in anticipation of the cryptocurrency's next movements.", "source_name": "NewsBTC", "date": "Mon, 21 Mar 2022 19:00:31 -0400", "topics": [], "sentiment": "Negative", "type": "Article", "tickers": ["BTC"]}, {"news_url": "https://coinfomania.com/top-five-cryptocurrencies-to-watch-this-week-btc-eth-luna-etc-ksm/", "image_url": "https://crypto.snapi.dev/images/v1/b/i/bitcoin-rises-40k-118764-119433-119999.jpg", "title": "Top Five Cryptocurrencies To Watch This Week: BTC, ETH, LUNA, ETC, KSM.", "text": "Last week, the cryptocurrency market opened at $1.72 trillion but retraced to $1.70 trillion as it failed to pick momentum. The sector peaked at $1.9 trillion as most assets hiked by a few percent.", "source_name": "Coinfomania", "date": "Mon, 21 Mar 2022 18:53:21 -0400", "topics": [], "sentiment": "Positive", "type": "Article", "tickers": ["BTC", "ETC", "ETH", "KSM", "LUNA"]}, {"news_url": "https://decrypt.co/95638/texas-congressman-endorses-bitcoin-mining-energy-independence", "image_url": "https://crypto.snapi.dev/images/v1/o/v/shutterstock-1071986486-gid-4-119985.jpg", "title": "Texas Congressman Endorses Bitcoin Mining for US 'Energy Independence'", "text": "Bitcoin mining is exploding in Texas. That's partly because prominent politicians such as Rep.", "source_name": "Decrypt", "date": "Mon, 21 Mar 2022 18:38:13 -0400", "topics": ["mining", "regulations"], "sentiment": "Positive", "type": "Article", "tickers": ["BTC"]}, {"news_url": "https://ambcrypto.com/dot-is-bullish-impetus-imminent-yes-only-if-flipping-the-23-area-to/", "image_url": "https://crypto.snapi.dev/images/v1/p/p/pp-2-dot-cover-e1647854315149-119998.jpg", "title": "DOT: Is bullish impetus imminent? Yes, only if flipping the $23 area to\u2026", "text": "Disclaimer:\u00a0The findings of the following analysis are the sole opinions of the writer and should not be considered investment advice Last week, a weighted sentiment report by Santiment showed that despite prices rising, the sentiment behind Polkadot was in negative territory. In the past three weeks, Bitcoin Dominance has been dropped slightly, which suggested capital [\u2026]", "source_name": "AMBCrypto", "date": "Mon, 21 Mar 2022 18:30:43 -0400", "topics": [], "sentiment": "Positive", "type": "Article", "tickers": ["DOT"]}, {"news_url": "https://dailyhodl.com/2022/03/21/crypto-analyst-predicts-breakouts-for-solana-sol-polkadot-dot-and-vechain-vet-here-are-his-targets/", "image_url": "https://crypto.snapi.dev/images/v1/x/m/metaverse-altcoin-for-eruptionjpgfit10242c600ssl1-119989.jpg", "title": "Crypto Analyst Predicts Breakouts for Solana (SOL), Polkadot (DOT) and VeChain (VET) \u2013 Here Are His Targets", "text": "A closely tracked crypto strategist is unveiling his targets for Solana (SOL), Polkadot (DOT) and VeChain (VET) as he says the three altcoins are on the verge of breaking out. Analyst Justin Bennett tells his nearly 100,000 Twitter followers that smart contract platform Solana has broken out of its diagonal resistance while printing a large [\u2026] The post Crypto Analyst Predicts Breakouts for Solana (SOL), Polkadot (DOT) and VeChain (VET) \u2013 Here Are His Targets appeared first on The Daily Hodl.", "source_name": "The Daily Hodl", "date": "Mon, 21 Mar 2022 18:05:55 -0400", "topics": [], "sentiment": "Positive", "type": "Article", "tickers": ["DOT", "SOL", "VET"]}, {"news_url": "https://dailyhodl.com/2022/03/21/real-vision-hive-mind-bot-favoring-bitcoin-ethereum-terra-and-one-eth-competitor-as-altcoins-bounce/", "image_url": "https://crypto.snapi.dev/images/v1/b/o/bot-bitcoin-ethereum-terrajpgfit10242c600ssl1-119997.jpg", "title": "Real Vision \u2018Hive Mind' Bot Favoring Bitcoin, Ethereum, Terra and One ETH Competitor As Altcoins Bounce", "text": "A data-crunching robot with a reputation for outperforming the markets just unveiled its latest weekly crypto portfolio allocations. The Real Vision Bot interprets surveys of cryptocurrency-related metrics to create fresh algorithmic portfolio assessments each and every week. Real Vision says that the bot's allocations, which are based on the aggregated opinions of crypto traders, have [\u2026] The post Real Vision \u2018Hive Mind' Bot Favoring Bitcoin, Ethereum, Terra and One ETH Competitor As Altcoins Bounce appeared first on The Daily Hodl.", "source_name": "The Daily Hodl", "date": "Mon, 21 Mar 2022 18:01:31 -0400", "topics": [], "sentiment": "Positive", "type": "Article", "tickers": ["ATOM", "BTC", "ETH", "FTM", "LUNA"]}, {"news_url": "https://cryptodaily.co.uk/2022/03/malaysian-lawmakers-call-for-bitcoin-legalization", "image_url": "https://crypto.snapi.dev/images/v1/u/l/malaysia-bitcoin-120000.jpg", "title": "Malaysian Lawmakers Call For Bitcoin Legalization", "text": "Malaysia's Ministry of Communications and Multimedia has called on its federal parliament for the legalization of Bitcoin and cryptocurrencies, and the country will possibly relegate oversight on the matter to its central bank. According to an initial report from Bloomberg, the call came from an address to the lower bicameral branch of federal Malaysian legislature (Dewan Rakyat) delivered by Zahidi Zainul Abidin, Malaysia's deputy minister of The Ministry of Communications and Multimedia (K-KOMM).", "source_name": "Crypto Daily", "date": "Mon, 21 Mar 2022 18:00:00 -0400", "topics": ["regulations"], "sentiment": "Positive", "type": "Article", "tickers": ["BTC"]}, {"news_url": "https://cryptopotato.com/bitcoin-price-analysis-btc-facing-critical-decision-following-42k-rejection/", "image_url": "https://crypto.snapi.dev/images/v1/i/r/apple-cofounder-reveals-huge-bitcoin-price-predictionand-a-stark-crypto-warning-as-ethereum-bnb-xrp-luna-cardano-solana-and-avalanche-ricochet-118178-118719-119437-119976.jpg", "title": "Bitcoin Price Analysis: BTC Facing Critical Decision Following $42K Rejection", "text": "Bitcoin is resuming its flat price action, consolidating inside a huge bearish flag. Currently, the price is struggling with the $42K level.", "source_name": "CryptoPotato", "date": "Mon, 21 Mar 2022 17:47:48 -0400", "topics": ["tanalysis"], "sentiment": "Negative", "type": "Article", "tickers": ["BTC"]}, {"news_url": "https://ambcrypto.com/is-bch-ready-for-a-bull-run-77-30-day-correlation-with-btc-says/", "image_url": "https://crypto.snapi.dev/images/v1/t/b/untitled-design-20-119971.png", "title": "Is BCH ready for a bull run? 77% 30-day correlation with BTC says\u2026", "text": "Bitcoin Cash (BCH) sharply declined in a down-channel (white) since November last year. Although it broke out of the pattern recently, it struggled to find a strong recovery since then.", "source_name": "AMBCrypto", "date": "Mon, 21 Mar 2022 17:30:44 -0400", "topics": [], "sentiment": "Positive", "type": "Article", "tickers": ["BCH", "BTC"]}, {"news_url": "https://bitcoinmagazine.com/culture/bitcoin-is-peace-the-dollar-is-not-safe", "image_url": "https://crypto.snapi.dev/images/v1/r/4/op-ed-how-bitcoins-protocol-of-peace-can-end-the-nuclear-age-119965.jpg", "title": "Bitcoin Is Peace For The 9/11 Generation: The Dollar Is Not Safe", "text": "The perpetual warfare of the last two decades will lose its source of funding as we transition from fiat money to Bitcoin.", "source_name": "Bitcoin Magazine", "date": "Mon, 21 Mar 2022 17:00:00 -0400", "topics": [], "sentiment": "Neutral", "type": "Article", "tickers": ["BTC"]}, {"news_url": "https://cointelegraph.com/news/ether-bulls-eye-resistance-at-3k-as-the-network-prepares-to-undergo-the-merge", "image_url": "https://crypto.snapi.dev/images/v1/q/g/840-ahr0chm6ly9zmy5jb2ludgvszwdyyxbolmnvbs91cgxvywrzlziwmjitmdmvntrjngvkmtytmmy0ni00yjzjltliyjmtnwm4zjvkztu4ntvllmpwzw-119956.jpg", "title": "Ether bulls eye resistance at $3K as the network prepares to undergo 'The Merge'", "text": "Ethereum bulls look to overcome major resistance at $3,000 as the community prepares for the merge of the Ethereum mainnet with the proof-of-stake Beacon Chain.", "source_name": "Cointelegraph", "date": "Mon, 21 Mar 2022 16:45:00 -0400", "topics": [], "sentiment": "Positive", "type": "Article", "tickers": ["ETH"]}, {"news_url": "https://www.coindesk.com/business/2022/03/21/bitcoin-miner-mawson-increases-q4-revenue-79-from-previous-quarter/", "image_url": "https://crypto.snapi.dev/images/v1/w/w/wy3m2fmpg5e37p7v4eunv6kriq-119962.jpg", "title": "Bitcoin Miner Mawson Increases Q4 Revenue 79% From Previous Quarter", "text": "The company also raised its hashrate guidance for next year by 10%.", "source_name": "Coindesk", "date": "Mon, 21 Mar 2022 16:43:00 -0400", "topics": ["mining"], "sentiment": "Positive", "type": "Article", "tickers": ["BTC"]}, {"news_url": "https://www.youtube.com/watch?v=L1Gq9A-5vJ0", "image_url": "https://crypto.snapi.dev/images/v1/p/g/vinco-ventures-stock-soars-goldman-sachs-conducts-first-otc-bitcoin-option-trade-119960.jpg", "title": "Vinco Ventures stock soars, Goldman Sachs conducts first OTC bitcoin option trade", "text": "#VincoVentures #GoldmanSachs #OTCbitcoin Yahoo Finance's Rachelle Akuffo, Brad Smith, and David Briggs report on Vinco Ventures stock soaring on speculation of a short squeeze, Goldman Sachs making the first over the counter crypto options, plus Al Michaels to voice Amazon's Thursday Night Football. Yahoo Finance Live examines several of the day's trending stock tickers.", "source_name": "Yahoo Finance", "date": "Mon, 21 Mar 2022 16:36:38 -0400", "topics": [], "sentiment": "Positive", "type": "Video", "tickers": ["BTC"]}, {"news_url": "https://cointelegraph.com/news/sec-pushes-decisions-on-wisdomtree-s-and-one-river-s-applications-for-spot-bitcoin-etfs", "image_url": "https://crypto.snapi.dev/images/v1/a/u/840-ahr0chm6ly9zmy5jb2ludgvszwdyyxbolmnvbs91cgxvywrzlziwmjitmdmvmjm3odiyowitntjkzs00zjywlwfiztatzdbmzgizndgyytgylmpwzw-119947.jpg", "title": "SEC pushes decisions on WisdomTree's and One River's applications for spot Bitcoin ETFs", "text": "The regulator said it will extend its window for the decision on WisdomTree's Bitcoin investment vehicle to May 15 and One River's to June 2.", "source_name": "Cointelegraph", "date": "Mon, 21 Mar 2022 16:00:00 -0400", "topics": ["regulations"], "sentiment": "Positive", "type": "Article", "tickers": ["BTC"]}, {"news_url": "https://cryptobriefing.com/neonexus-team-calls-it-quits-immediately-accused-of-rug-pull/?utm_source=main_feed&utm_medium=rss", "image_url": "https://crypto.snapi.dev/images/v1/2/-/2-23-22-nft-838x440-119950.jpg", "title": "NeoNexus Team Calls It Quits; Immediately Accused of Rug Pull", "text": "The project's founder Jack Shi noted the lack of interest in Solana-based NFT projects overall.", "source_name": "Crypto Briefing", "date": "Mon, 21 Mar 2022 15:46:34 -0400", "topics": [], "sentiment": "Negative", "type": "Article", "tickers": ["SOL"]}, {"news_url": "https://decrypt.co/95617/goldman-sachs-makes-over-the-counter-bitcoin-trade", "image_url": "https://crypto.snapi.dev/images/v1/r/x/bitcoin-goldman-sachs-gid-1-119942.jpg", "title": "Goldman Sachs Makes Over-The-Counter Bitcoin Trade\u2014First By Major Wall Street Bank", "text": "Galaxy Digital, a New York-based cryptocurrency investment firm that partners with Goldman on the bank's Bitcoin futures trading desk, facilitated the transaction.", "source_name": "Decrypt", "date": "Mon, 21 Mar 2022 15:39:07 -0400", "topics": [], "sentiment": "Positive", "type": "Article", "tickers": ["BTC"]}, {"news_url": "https://coinpedia.org/bitcoin/after-constant-rejection-of-bitcoinbtc-price-at-42000-this-may-be-the-quarterly-close/", "image_url": "https://crypto.snapi.dev/images/v1/2/x/crypto18-119940.jpg", "title": "After Constant Rejection of Bitcoin(BTC) Price at $42,000, This May be the Expected Quarterly Close!", "text": "The star crypto Bitcoin is only displaying possibilities of flipping the bearish trend sometime in the near future. But woefully, ends up faking out with the breakout which usually ends up in a healthy accumulation. However, with the recent break-out above $41,800, the traders became a little confident but soon after hitting $42,200, they began \u2026", "source_name": "CoinPedia", "date": "Mon, 21 Mar 2022 15:34:06 -0400", "topics": [], "sentiment": "Neutral", "type": "Article", "tickers": ["BTC"]}, {"news_url": "https://ambcrypto.com/ethereum-heres-the-counter-argument-to-eths-bullish-price-action/", "image_url": "https://crypto.snapi.dev/images/v1/x/c/eth-6851390-1280-119938.jpg", "title": "Ethereum: Here's the counter-argument to ETH's bullish price action", "text": "Ethereum's price has recorded impressive gains over the past week. Now, that might look promising at first glance.", "source_name": "AMBCrypto", "date": "Mon, 21 Mar 2022 15:30:17 -0400", "topics": [], "sentiment": "Neutral", "type": "Article", "tickers": ["ETH"]}, {"news_url": "https://bitcoinmagazine.com/business/how-hubspot-data-breach-hits-bitcoiners", "image_url": "https://crypto.snapi.dev/images/v1/o/i/bitcoin-price-analysis-2022-03-19-119443-119932.png", "title": "What The HubSpot Bitcoin Company Data Breach Means For You (It's Not Good)", "text": "After CRM data platform HubSpot suffered a data breach targeting Bitcoin company data, customers are wondering if they're at risk.", "source_name": "Bitcoin Magazine", "date": "Mon, 21 Mar 2022 15:07:17 -0400", "topics": [], "sentiment": "Negative", "type": "Article", "tickers": ["BTC"]}, {"news_url": "https://www.forbes.com/sites/cbovaird/2022/03/21/whats-next-for-bitcoin-prices-after-their-recent-drop-toward-40000/", "image_url": "https://crypto.snapi.dev/images/v1/j/f/whats-next-for-bitcoin-prices-after-their-recent-drop-toward-40000-119930.jpg", "title": "What's Next For Bitcoin Prices After Their Recent Drop Toward $40,000?", "text": "Bitcoin prices fell back this weekend, approaching $40,000 after climbing above $42,000. Where is the cryptocurrency headed next? Several market observers offer technical analysis.", "source_name": "Forbes", "date": "Mon, 21 Mar 2022 15:04:38 -0400", "topics": [], "sentiment": "Negative", "type": "Article", "tickers": ["BTC"]}, {"news_url": "https://decrypt.co/95613/malaysia-should-make-bitcoin-crypto-legal-tender-deputy-minister", "image_url": "https://crypto.snapi.dev/images/v1/o/y/malaysia-ringgit-bitcoin-gid-5-119933.jpeg", "title": "Malaysia Should Make Bitcoin, Crypto Legal Tender: Deputy Minister", "text": "El Salvador is the only country to have adopted Bitcoin as its official currency.", "source_name": "Decrypt", "date": "Mon, 21 Mar 2022 15:03:01 -0400", "topics": [], "sentiment": "Positive", "type": "Article", "tickers": ["BTC"]}, {"news_url": "https://www.theblockcrypto.com/linked/138680/sec-punts-on-wisdomtree-one-river-spot-bitcoin-etf-proposals", "image_url": "https://crypto.snapi.dev/images/v1/p/x/20210219-bitcoin-etf-generic-800x450-119966.jpg", "title": "SEC punts on WisdomTree, One River spot bitcoin ETF proposals", "text": "The SEC moved decisions for the two products. A decision can now be expected for WisdomTree by May 15 and One River by June 2. The post SEC punts on WisdomTree, One River spot bitcoin ETF proposals appeared first on The Block.", "source_name": "The Block", "date": "Mon, 21 Mar 2022 15:00:52 -0400", "topics": ["regulations"], "sentiment": "Neutral", "type": "Article", "tickers": ["BTC"]}, {"news_url": "https://bitcoinist.com/brace-impact-bitcoin-open-interest-climb-high-value/", "image_url": "https://crypto.snapi.dev/images/v1/n/c/kanchanara-5xgm-78dzwy-unsplash-631x420-119929.jpg", "title": "Brace For Impact: Bitcoin Open Interest Once Again Climbs To High Values", "text": "On-chain data shows the Bitcoin open interest has once again risen to high values, suggesting that a liquidation squeeze may be near for the crypto. Bitcoin Open Interest Has Climbed To High Values Recently As pointed out by an analyst in the CryptoQuant post, leverage has increased in the BTC market over the past week [\u2026]", "source_name": "Bitcoinist", "date": "Mon, 21 Mar 2022 15:00:43 -0400", "topics": [], "sentiment": "Positive", "type": "Article", "tickers": ["BTC"]}, {"news_url": "https://www.newsbtc.com/news/bitcoin/bitcoin-nupl-bear-market-yet-hit-full-swing/", "image_url": "https://crypto.snapi.dev/images/v1/j/l/kanchanara-xyjv-enyeya-unsplash-scaled-119928.jpg", "title": "Bitcoin NUPL Suggests Bear Market Yet To Hit In Full Swing", "text": "On-chain data shows the Bitcoin NUPL metric currently has values that would suggest the bear market is yet to hit in full swing, if the coin is in one. Bitcoin NUPL Value Still Not As Low As Previous Bear Markets As pointed out by an analyst in a CryptoQuant post, the BTC NUPL metric suggests market hasn't neared a bear market bottom yet.", "source_name": "NewsBTC", "date": "Mon, 21 Mar 2022 15:00:06 -0400", "topics": [], "sentiment": "Negative", "type": "Article", "tickers": ["BTC"]}, {"news_url": "https://dailyhodl.com/2022/03/21/bitcoin-a-starting-point-for-developing-central-bank-digital-currency-says-big-four-firm-deloitte/", "image_url": "https://crypto.snapi.dev/images/v1/w/o/after-lengthy-bitcoin-consolidationjpgfit10242c600ssl1-119936.jpg", "title": "Bitcoin a Starting Point for Developing Central Bank Digital Currency, Says Big Four Firm Deloitte", "text": "One of the biggest accounting firms in the world says that the underlying technology behind Bitcoin (BTC) is a good starting point for developing an efficient central bank digital currency (CBDC). According to a new report from UK-based accounting giant Deloitte, blockchain-based cryptocurrencies have attributes that when combined with the properties of fiat currencies, could [\u2026] The post Bitcoin a Starting Point for Developing Central Bank Digital Currency, Says Big Four Firm Deloitte appeared first on The Daily Hodl.", "source_name": "The Daily Hodl", "date": "Mon, 21 Mar 2022 14:45:51 -0400", "topics": [], "sentiment": "Neutral", "type": "Article", "tickers": ["BTC"]}, {"news_url": "https://www.benzinga.com/markets/cryptocurrency/22/03/26227016/why-ethereum-looks-on-target-for-reaching-new-3-month-high-as-crypto-prepares-to-skyrocket?SNAPI", "image_url": "https://crypto.snapi.dev/images/v1/w/v/ethereum-cryptowalletcom-images-0-119946.jpg", "title": "Why Ethereum Looks On Target To Reach New 3-Month High As Crypto Prepares To Skyrocket", "text": "Ethereum (CRYPTO: ETH) has settled into a bullish flag pattern on the daily chart. The bull flag pattern is created with a sharp rise higher forming the pole, which is then followed by a consolidation pattern that brings the stock lower between a channel with parallel lines.", "source_name": "Benzinga", "date": "Mon, 21 Mar 2022 14:45:00 -0400", "topics": [], "sentiment": "Positive", "type": "Article", "tickers": ["ETH"]}, {"news_url": "https://www.benzinga.com/markets/cryptocurrency/22/03/26226731/why-bitcoin-could-soar-over-45-000-and-soon?SNAPI", "image_url": "https://crypto.snapi.dev/images/v1/s/n/cryptocurrency-g0e78a6468-1920-0-119944.jpg", "title": "Why Bitcoin Could Soar Over $45,000 \u2014 And Soon", "text": "Bitcoin (CRYPTO: BTC) has settled into a bullish flag pattern on the daily chart. The bull flag pattern is created with a sharp rise higher forming the pole, which is then followed by a consolidation pattern that brings the stock lower between a channel with parallel lines.", "source_name": "Benzinga", "date": "Mon, 21 Mar 2022 14:42:00 -0400", "topics": [], "sentiment": "Positive", "type": "Article", "tickers": ["BTC"]}, {"news_url": "https://cryptoticker.io/en/will-ethereum-price-finally-boom-now-not-yet-heres-why/", "image_url": "https://crypto.snapi.dev/images/v1/t/3/ethereum-price-analysis-1-119920.jpeg", "title": "Will Ethereum Price FINALLY BOOM Now? Maybe, here's what to know", "text": "Ethereum was on the verge of the $3,000 dollar price area and was bound to break higher. However, prices retraced back towards the strong support area which is delimited between $2,000-2,400.", "source_name": "CryptoTicker", "date": "Mon, 21 Mar 2022 14:31:35 -0400", "topics": [], "sentiment": "Positive", "type": "Article", "tickers": ["ETH"]}, {"news_url": "https://cryptoslate.com/prince-philip-of-serbia-says-only-way-around-inflation-is-bitcoin/", "image_url": "https://crypto.snapi.dev/images/v1/r/b/prince-phillip-bitcoin-119918.jpg", "title": "Prince Philip of Serbia says \u201conly way around inflation is Bitcoin\u201d", "text": "A few days ago, Prince Phillip of Serbia was the guest of the Serbian TV talk show host Ivan Ivanovi\u0107. The post Prince Philip of Serbia says \u201conly way around inflation is Bitcoin\u201d appeared first on CryptoSlate.", "source_name": "CryptoSlate", "date": "Mon, 21 Mar 2022 14:31:15 -0400", "topics": [], "sentiment": "Neutral", "type": "Article", "tickers": ["BTC"]}, {"news_url": "https://ambcrypto.com/liquidations-behind-bitcoins-recent-fall-decoding-whats-going-on-behind-the-scenes/", "image_url": "https://crypto.snapi.dev/images/v1/v/l/quantitatives-a-fui64bsiy-unsplash-2-119919.jpg", "title": "BTC: Assessing how liquidations might have been behind fall in price", "text": "Bitcoin seems attached to the 40k mark of late. But as bulls wonder when they can restart their run to a new all-time high, we need to pull back the curtain to understand what's going on in the king coin's ecosystem.", "source_name": "AMBCrypto", "date": "Mon, 21 Mar 2022 14:30:57 -0400", "topics": [], "sentiment": "Negative", "type": "Article", "tickers": ["BTC"]}, {"news_url": "https://news.bitcoin.com/goldman-sachs-executes-banks-first-otc-crypto-transaction-trading-a-bitcoin-non-deliverable-option/", "image_url": "https://crypto.snapi.dev/images/v1/5/w/goldman-sachs-executes-first-otc-crypto-transaction-trading-a-bitcoin-non-deliverable-option-119921.jpg", "title": "Goldman Sachs Executes Bank's First OTC Crypto Transaction Trading a Bitcoin Non-Deliverable Option", "text": "On Monday, the multinational investment bank and financial services company Goldman Sachs disclosed it has conducted an over-the-counter (OTC) crypto transaction with the digital currency firm Galaxy Digital. Following the OTC settlement, the head of digital assets for Goldman Sachs' Asia Pacific unit, Max Minton, said the firm was pleased to have executed the bank's [\u2026]", "source_name": "Bitcoin", "date": "Mon, 21 Mar 2022 14:30:17 -0400", "topics": [], "sentiment": "Positive", "type": "Article", "tickers": ["BTC"]}, {"news_url": "https://www.youtube.com/watch?v=mmHszx2lPog", "image_url": "https://crypto.snapi.dev/images/v1/1/2/bitcoin-3208074-1280-e1616254307267-119752-119931.jpg", "title": "Bitcoin Price Fades As Powell Says the Fed Will Consider More Aggressive Rate Hikes", "text": "Bitcoin price d as Federal Reserve chair Jerome Powell says there could be more aggressive interest-rate increases to reduce inflation. Justin Chuh of Wave Financial joins \"All About Bitcoin\" and shares his bitcoin markets analysis.", "source_name": "Coindesk", "date": "Mon, 21 Mar 2022 14:26:59 -0400", "topics": ["regulations"], "sentiment": "Negative", "type": "Video", "tickers": ["BTC"]}, {"news_url": "https://bitcoinmagazine.com/business/bold-credit-card-spend-against-bitcoin-collateral", "image_url": "https://crypto.snapi.dev/images/v1/t/u/bitcoin-and-gift-card-remittance-market-in-africa-119913.jpg", "title": "Bold Credit Card: Spend Against Bitcoin Collateral", "text": "The Bold card will allow users to spend U.S. dollars on a line of credit collateralized by their bitcoin holdings.", "source_name": "Bitcoin Magazine", "date": "Mon, 21 Mar 2022 14:15:05 -0400", "topics": [], "sentiment": "Negative", "type": "Article", "tickers": ["BTC"]}, {"news_url": "https://bitcoinmagazine.com/business/malaysia-discusses-legalizing-bitcoin-regulatory-obstacles", "image_url": "https://crypto.snapi.dev/images/v1/x/z/malaysia-119910.jpg", "title": "Malaysia Discusses Legalizing Bitcoin, Regulatory Obstacles", "text": "The Ministry of Communications and Multimedia of Malaysia calls on the federal parliament to legalize transfer of bitcoin and other cryptocurrencies.", "source_name": "Bitcoin Magazine", "date": "Mon, 21 Mar 2022 14:05:53 -0400", "topics": ["regulations"], "sentiment": "Positive", "type": "Article", "tickers": ["BTC"]}, {"news_url": "https://dailyhodl.com/2022/03/21/bitcoin-btc-price-action-suggesting-massive-rally-and-wild-ride-for-altcoin-markets-coin-bureau/", "image_url": "https://crypto.snapi.dev/images/v1/e/j/bitcoin-price-actionjpgfit10242c600ssl1-119917.jpg", "title": "Bitcoin (BTC) Price Action Suggesting Massive Rally and \u2018Wild Ride' for Altcoin Markets: Coin Bureau", "text": "The pseudonymous host of Coin Bureau says Bitcoin (BTC) is setting up for a rally that could take the altcoin markets with it. In his latest YouTube update, Coin Bureau host Guy\u00a0tells his 1,990,000 subscribers that Bitcoin\u2018s price chart is showing signs of a potential break to the upside. \u201cTurning to the charts, we can [\u2026] The post Bitcoin (BTC) Price Action Suggesting Massive Rally and \u2018Wild Ride' for Altcoin Markets: Coin Bureau appeared first on The Daily Hodl.", "source_name": "The Daily Hodl", "date": "Mon, 21 Mar 2022 14:05:24 -0400", "topics": [], "sentiment": "Positive", "type": "Article", "tickers": ["BTC"]}, {"news_url": "https://cryptopotato.com/over-2-million-eth-worth-6-billion-burned-since-eip-1559-launch/", "image_url": "https://crypto.snapi.dev/images/v1/e/t/ethereumburn-119912.jpg", "title": "Over 2 Million ETH (Worth $6 Billion) Burned Since EIP-1559 Launch", "text": "Ethereum network has destroyed over 2 million ETH - nearly $6 billion - were removed from circulation forever.", "source_name": "CryptoPotato", "date": "Mon, 21 Mar 2022 14:02:03 -0400", "topics": [], "sentiment": "Negative", "type": "Article", "tickers": ["ETH"]}, {"news_url": "https://bitcoinist.com/bitcoin-milestone-goldman-sachs-announces-btc-otc/", "image_url": "https://crypto.snapi.dev/images/v1/n/v/bitcoin-dollar-630x420-119908.jpeg", "title": "Bitcoin Hits Milestone, Goldman Sachs Announces First BTC Cash Settled Transaction", "text": "Per a report from CNBC, banking giant Goldman Sachs has become the first U.S. bank to complete a cash-settled Bitcoin over-the-counter (OTC) transaction. The financial institution will officially announce this achievement in the short term, said the source cited by the mainstream media.", "source_name": "Bitcoinist", "date": "Mon, 21 Mar 2022 14:00:18 -0400", "topics": [], "sentiment": "Positive", "type": "Article", "tickers": ["BTC"]}, {"news_url": "https://cryptonews.com/news/developing-economies-tracking-el-salvadors-bitcoin-moves-with-interest.htm", "image_url": "https://crypto.snapi.dev/images/v1/p/t/adobestock-473409556-119909.jpg", "title": "\u2018Developing Economies' Tracking El Salvador's Bitcoin Moves with Interest", "text": "Conventional financial managers are still skeptical about El Salvador's prospects of launching a new economic paradigm on the back of a forthcoming bitcoin (BTC) bond issuance. But other nations may be looking to the Central American nation with keen interest \u2013 hopeful of following suit if El Salvador's move to adopt BTC as legal tender last year pays dividends.In a report from the Financial Times, Kevin Daly, a portfolio manager at the investment company Abrdn, was quoted as stating that \u201cmuch to our surprise,\u201d the Salvadoran finance minister Alejandro Zelaya had \u201csaid he had demand for up to USD 1.5bn for the bitcoin bonds\u201d \u2013 which will be used to construct a new tax-free haven for international crypto advocates and pioneers.", "source_name": "Cryptonews", "date": "Mon, 21 Mar 2022 14:00:00 -0400", "topics": [], "sentiment": "Neutral", "type": "Article", "tickers": ["BTC"]}, {"news_url": "https://www.dcforecasts.com/altcoin-news/avax-and-eth-lead-top-10-crypto-gains-in-the-past-week/", "image_url": "https://crypto.snapi.dev/images/v1/d/r/840-ahr0chm6ly9zmy5jb2ludgvszwdyyxbolmnvbs91cgxvywrzlziwmjitmdivmwi4mdcxymytntrios00mtq2ltlhzmmtzdazyzdjztu1otvklkpqrw-113223-119904.jpg", "title": "AVAX And ETH Lead Top 10 Crypto Gains In The Past Week", "text": "AVAX and ETH lead top 10 crypto gains over the past week while Solana and Cardano also made some decent gains in the same timeframe so let's read more today in our related altcoin news. A few leading cryptocurrencies rallied more than 10% in the past week with tokens behind the leading Layer1 network such [\u2026]", "source_name": "DCForecasts", "date": "Mon, 21 Mar 2022 13:49:39 -0400", "topics": [], "sentiment": "Positive", "type": "Article", "tickers": ["AVAX", "ETH"]}, {"news_url": "https://www.dcforecasts.com/bitcoin-news/malaysian-ministry-proposes-btc-to-be-adopted-as-legal-tender/", "image_url": "https://crypto.snapi.dev/images/v1/1/f/2021-11-30-12-31-10-119900.jpg", "title": "Malaysian Ministry Proposes BTC To Be Adopted As Legal Tender", "text": "The Malaysian Ministry proposes BTC to be adopted as a legal tender in the country, with the politician Zahidi Zainul Abidin raising hopes that the government will take his advice so let's read more in today's latest Bitcoin news. Malaysia's Communication Ministry urged the government to embrace crypto like Bitcoin as an official payment method [\u2026]", "source_name": "DCForecasts", "date": "Mon, 21 Mar 2022 13:42:09 -0400", "topics": [], "sentiment": "Positive", "type": "Article", "tickers": ["BTC"]}, {"news_url": "https://cryptonews.com/news/top-metaverse-projects-pay-attention-right-now.htm", "image_url": "https://crypto.snapi.dev/images/v1/u/n/unnamed-119901.jpeg", "title": "Top Metaverse Projects To Pay Attention To Right Now", "text": "Disclaimer: The Industry Talk section features insights by crypto industry players and is not a part of the editorial content of Cryptonews.com.", "source_name": "Cryptonews", "date": "Mon, 21 Mar 2022 13:36:00 -0400", "topics": [], "sentiment": "Neutral", "type": "Article", "tickers": ["DOT", "MATIC", "SOL"]}, {"news_url": "https://www.cryptopolitan.com/bitcoin-price-analysis-2022-03-21/", "image_url": "https://crypto.snapi.dev/images/v1/w/w/bitcoin-price-analysis-2022-01-24-119893.png", "title": "Bitcoin price analysis: BTC looks to retrace further, drop to $40,000 next?\u00a0", "text": "TL;DR Breakdown Bitcoin price analysis is bearish today. More downside was seen yesterday.", "source_name": "Cryptopolitan", "date": "Mon, 21 Mar 2022 13:30:24 -0400", "topics": ["tanalysis"], "sentiment": "Negative", "type": "Article", "tickers": ["BTC"]}, {"news_url": "https://ambcrypto.com/heres-why-stablecoins-and-not-bitcoin-is-the-new-safe-haven/", "image_url": "https://crypto.snapi.dev/images/v1/5/m/pexels-photo-273886-1000x600-119892.webp", "title": "Here's why stablecoins and not Bitcoin is the new \u2018safe haven'", "text": "Stablecoins appear to have done very well in an otherwise turbulent year for most mainstream cryptocurrencies. While most cryptocurrencies have rebounded from their deficits, stablecoins maintained their course throughout.", "source_name": "AMBCrypto", "date": "Mon, 21 Mar 2022 13:30:05 -0400", "topics": ["stablecoins"], "sentiment": "Neutral", "type": "Article", "tickers": ["BTC"]}, {"news_url": "https://cryptoticker.io/en/this-country-is-running-on-bitcoin-bitcoin-el-salvador-success-story/", "image_url": "https://crypto.snapi.dev/images/v1/x/4/bitcoin-exchange-offer-1-300x200-119677-119891.jpg", "title": "This COUNTRY is running on Bitcoin \u2013 Bitcoin El Salvador Success Story", "text": "El Salvador received a lot of criticism when they officially incorporated Bitcoin in their economy. Is Bitcoin El Salvador story a success?", "source_name": "CryptoTicker", "date": "Mon, 21 Mar 2022 13:28:58 -0400", "topics": [], "sentiment": "Positive", "type": "Article", "tickers": ["BTC"]}, {"news_url": "https://cryptonews.com/news/proof-of-transfer-consensus-deliver-tools-needed-build-new-networks-top-of-bitcoin.htm", "image_url": "https://crypto.snapi.dev/images/v1/v/h/unnamed-119890.jpeg", "title": "Proof-Of-Transfer Consensus To Deliver Tools Needed To Build New Networks On Top Of Bitcoin", "text": "Disclaimer: The Industry Talk section features insights by crypto industry players and is not a part of the editorial content of Cryptonews.com.", "source_name": "Cryptonews", "date": "Mon, 21 Mar 2022 13:26:00 -0400", "topics": [], "sentiment": "Neutral", "type": "Article", "tickers": ["BTC"]}, {"news_url": "https://www.newsbtc.com/news/bitcoin/exchanges-see-billions-in-bitcoin-leave-as-btc-maintains-above-40000/", "image_url": "https://crypto.snapi.dev/images/v1/4/l/btc-3-119873.jpeg", "title": "Exchanges See Billions In Bitcoin leave As BTC Maintains Above $40,000", "text": "Bitcoin's stint above $40,000 continues as the market ushers in another week of trading. The weekend had been a rollercoaster for investors but prices have since started to level out.", "source_name": "NewsBTC", "date": "Mon, 21 Mar 2022 13:00:37 -0400", "topics": [], "sentiment": "Positive", "type": "Article", "tickers": ["BTC"]}, {"news_url": "https://cryptodaily.co.uk/2022/03/btc-usd-elects-technical-stops-on-fade-lower-sally-ho-technical-analysis-22-march-2022-btc-bitcoin", "image_url": "https://crypto.snapi.dev/images/v1/4/j/executium-01urdtbsmb8-unsplash-e1631037286549-119754-119872.jpg", "title": "BTC/USD Elects Technical Stops on Fade Lower: Sally Ho's Technical Analysis 22 March 2022 BTC", "text": "Bitcoin (BTC/USD) ceded some recent gains early in the Asian session as the pair remained pressured below the 41500 level following a recent spike lower that was slowed at the 40509 area, representing a test of the 38.2% retracement of the appreciating range from 37161.88 to 42597.84. \u00a0\u00a0After BTC/USD tested the 50-hour simple moving average on the upside, Stops were elected below the 41147 and 40751 levels during the depreciation lower, downside price objectives related to recent selling pressure around the 42429 and 41711.07 levels.", "source_name": "Crypto Daily", "date": "Mon, 21 Mar 2022 13:00:00 -0400", "topics": ["tanalysis"], "sentiment": "Negative", "type": "Article", "tickers": ["BTC"]}, {"news_url": "https://www.trustnodes.com/2022/03/21/eth-v-etc-is-it-back", "image_url": "https://crypto.snapi.dev/images/v1/e/t/ethereum-goldman-sachs-300x200-118279-118721-119880.jpg", "title": "ETH v ETC, Is It Back?", "text": "Ethereum Classic (ETC) is up some 35% in the past three days, gaining 7% just this Monday as pictured above. The crypto appears to have suddenly jumped, but clearly there's.", "source_name": "Trustnodes", "date": "Mon, 21 Mar 2022 12:59:26 -0400", "topics": ["paywall"], "sentiment": "Neutral", "type": "Article", "tickers": ["ETC", "ETH"]}, {"news_url": "https://dailyhodl.com/2022/03/21/rollout-of-el-salvadors-bitcoin-bonds-facing-legislative-delays-report/", "image_url": "https://crypto.snapi.dev/images/v1/l/n/value-zone-btcjpgfit10242c600ssl1-119887.jpg", "title": "Rollout of El Salvador's Bitcoin Bonds Facing Legislative Delays: Report", "text": "The rollout of El Salvador's Bitcoin (BTC) bonds is reportedly facing legislative delays that could hold back the issuance of the BTC-backed instrument. According to a new report by local publication La Prensa Grafica, even though President Nayib Bukele announced on February 22nd a series of legal reforms involving Bitcoin (BTC), the country's Congress has [\u2026] The post Rollout of El Salvador's Bitcoin Bonds Facing Legislative Delays: Report appeared first on The Daily Hodl.", "source_name": "The Daily Hodl", "date": "Mon, 21 Mar 2022 12:55:49 -0400", "topics": [], "sentiment": "Negative", "type": "Article", "tickers": ["BTC"]}, {"news_url": "https://cryptobriefing.com/bitcoins-network-activity-is-soaring/?utm_source=main_feed&utm_medium=rss", "image_url": "https://crypto.snapi.dev/images/v1/e/u/bitcoin-bull-cover-838x440-119876.jpeg", "title": "Bitcoin's Network Activity Is Soaring. What Comes Next?", "text": "Bitcoin could be preparing to break out as on-chain metrics turn bullish.", "source_name": "Crypto Briefing", "date": "Mon, 21 Mar 2022 12:37:08 -0400", "topics": [], "sentiment": "Positive", "type": "Article", "tickers": ["BTC"]}, {"news_url": "https://www.cryptopolitan.com/ripple-operational-in-5-jurisdictions-ceo/", "image_url": "https://crypto.snapi.dev/images/v1/a/i/ripple-119870.jpg", "title": "Ripple successfully operational in 5 jurisdictions despite SEC`s impending case \u2013 CEO Ripple", "text": "TL;DR Breakdown Ripple`s CEO states that the entity successfully operates in five jurisdictions as a currency. The ongoing SEC case against XRP weakens its market capitalization daily.", "source_name": "Cryptopolitan", "date": "Mon, 21 Mar 2022 12:33:09 -0400", "topics": ["regulations"], "sentiment": "Positive", "type": "Article", "tickers": ["XRP"]}, {"news_url": "https://www.cryptopolitan.com/ethereum-price-analysis-2022-03-21/", "image_url": "https://crypto.snapi.dev/images/v1/a/x/ethereum-price-analysis-2022-02-10-1-119869.png", "title": "Ethereum price analysis: ETH bounces from $2,850 support, ready to rally further?", "text": "TL;DR Breakdown Ethereum price analysis is bullish today. ETH/USD found support at $2,850 yesterday.", "source_name": "Cryptopolitan", "date": "Mon, 21 Mar 2022 12:31:48 -0400", "topics": ["tanalysis"], "sentiment": "Positive", "type": "Article", "tickers": ["ETH"]}, {"news_url": "https://coingape.com/?p=105144", "image_url": "https://crypto.snapi.dev/images/v1/e/t/ethereum-encryption-concept-300x200-118713-119864.jpg", "title": "Over 2 Million Ethereum Burnt Since EIP-1559's Inception", "text": "In a major boost to Ethereum (ETH), EIP-1559 has burnt over 2 million ETH since its inception. This also means that over $5.7 billion worth of ETH tokens now have been sent to the unknown dead wallet since August 2021.", "source_name": "Coingape", "date": "Mon, 21 Mar 2022 12:03:40 -0400", "topics": [], "sentiment": "Positive", "type": "Article", "tickers": ["ETH"]}, {"news_url": "https://cointelegraph.com/news/price-analysis-3-21-btc-eth-bnb-xrp-luna-sol-ada-avax-dot-doge", "image_url": "https://crypto.snapi.dev/images/v1/l/1/840-ahr0chm6ly9zmy5jb2ludgvszwdyyxbolmnvbs91cgxvywrzlziwmjitmdmvmjvkntq1mzmtymyxys00zwyzlwe2ntgtzdbizgu5zda4mwm0lmpwzw-119861.jpg", "title": "Price analysis 3/21: BTC, ETH, BNB, XRP, LUNA, SOL, ADA, AVAX, DOT, DOGE", "text": "Bitcoin and most major altcoins are attempting to sustain above their immediate support levels, signaling a possible change in the short-term trend.", "source_name": "Cointelegraph", "date": "Mon, 21 Mar 2022 12:01:59 -0400", "topics": ["tanalysis"], "sentiment": "Neutral", "type": "Article", "tickers": ["ADA", "AVAX", "BNB", "BTC", "DOGE", "LUNA", "SOL", "XRP", "DOT", "ETH"]}, {"news_url": "https://news.bitcoin.com/5-8-billion-burned-second-largest-crypto-network-records-2-million-ethereum-destroyed-in-7-months/", "image_url": "https://crypto.snapi.dev/images/v1/m/c/shutterstock-2137025371-119857.jpg", "title": "$5.8 Billion Burned: Second Largest Crypto Network Records 2 Million Ethereum Destroyed in 7 Months", "text": "This week, the Ethereum network's burn rate reached a milestone by surpassing 2 million ethereum burned worth $5.81 billion since August 5, 2021. Metrics show the crypto network has a 24-hour burn rate of 1.74 ether per minute, which equates to roughly $5K worth of ether destroyed every 60 seconds. 2 Million Ethereum Burned, More [\u2026]", "source_name": "Bitcoin", "date": "Mon, 21 Mar 2022 12:00:17 -0400", "topics": [], "sentiment": "Positive", "type": "Article", "tickers": ["ETH"]}, {"news_url": "https://investorplace.com/2022/03/ethereum-is-correlated-to-the-direction-of-tvl-and-gas-fees/", "image_url": "https://crypto.snapi.dev/images/v1/d/x/ethereum-kiln-117849-118653-119855.jpg", "title": "Investors Can Use TVL and Gas Fees to Estimate the Price Action of Ethereum", "text": "Investors can estimate the direction of Ethereum prices as they correlate with the rise and fall in TVL and gas fees.", "source_name": "Investorplace", "date": "Mon, 21 Mar 2022 11:47:30 -0400", "topics": [], "sentiment": "Neutral", "type": "Article", "tickers": ["ETH"]}, {"news_url": "https://bitcoinmagazine.com/business/hubspot-security-breach-leaks-bitcoin-users-data", "image_url": "https://crypto.snapi.dev/images/v1/h/t/privacy-119845.jpg", "title": "HubSpot Security Breach Leaks Bitcoin Users' Data", "text": "Bitcoin companies saw their customers' personal information leak after a HubSpot employee account was hacked.", "source_name": "Bitcoin Magazine", "date": "Mon, 21 Mar 2022 11:33:04 -0400", "topics": [], "sentiment": "Negative", "type": "Article", "tickers": ["BTC"]}, {"news_url": "https://coingape.com/markets/xrp-price-prediction-prepares-to-reclaim-1-0-mark-on-a-bullish-pennant-pattern-breakout/", "image_url": "https://crypto.snapi.dev/images/v1/u/r/urlhttps3a2f2fgfoolcdncom2feditorial2fimages2f6702822fan-xrp-token-logojpgw700opresize-117194-117813-119850.jpg", "title": "XRP Price Prediction: Prepares To Reclaim $1.0 On A Bullish Pennant Pattern Breakout", "text": "XRP price trades in a very tight range as the fresh trading week begins but on a positive note. As the price trade is near the inflection point, either side's breakout will decide a further course of action.", "source_name": "Coingape", "date": "Mon, 21 Mar 2022 11:31:00 -0400", "topics": [], "sentiment": "Positive", "type": "Article", "tickers": ["XRP"]}, {"news_url": "https://cryptonews.com/news/crypto-market-sentiment-improves-over-week-bitcoin-ethereum-positive-zone-today.htm", "image_url": "https://crypto.snapi.dev/images/v1/f/w/30d647a0af-119843.jpg", "title": "Crypto Market Sentiment Improves Over Week, Bitcoin and Ethereum in Positive Zone Today", "text": "Sentiment in the crypto market rose slightly this week, after nearly all major cryptoassets recorded higher prices over the past 7 days.", "source_name": "Cryptonews", "date": "Mon, 21 Mar 2022 11:18:00 -0400", "topics": [], "sentiment": "Positive", "type": "Article", "tickers": ["BTC", "ETH"]}, {"news_url": "https://news.bitcoin.com/bitcoin-ethereum-technical-analysis-eth-stays-above-2900-as-traders-eye-3000-ceiling/", "image_url": "https://crypto.snapi.dev/images/v1/t/u/shutterstock-1968404443-119840.jpg", "title": "Bitcoin, Ethereum Technical Analysis: ETH Stays Above $2,900 as Traders Eye $3,000 Ceiling\u00a0", "text": "Ethereum remained above $2,900 to start the week, as the world's second largest cryptocurrency consolidated its recent gains. Bitcoin was also consolidating, as it continued to trade above $41,000 during Monday's session. Bitcoin Despite a selloff to end last week, prices of BTC continued to hover above $41,000 on Monday, as market bulls appear to [\u2026]", "source_name": "Bitcoin", "date": "Mon, 21 Mar 2022 11:11:32 -0400", "topics": ["tanalysis"], "sentiment": "Positive", "type": "Article", "tickers": ["BTC", "ETH"]}, {"news_url": "https://coinpedia.org/ethereum/ethereum-burn-rate-feat-to-spark-15-price-rally-eth-price-to-rise-above-3k-by-march-end/", "image_url": "https://crypto.snapi.dev/images/v1/t/j/ethereum-price-analysis-2022-02-10-116489-118024-119439-119839.png", "title": "Ethereum Burn Rate Feat To Spark 15% Price Rally! ETH Price To Rise above $3k By March End", "text": "\u00a0\u00a0The folks from the cryptosphere holding onto the second-largest crypto asset Ethereum, have been in talks of Ethereum's burn feat. As the protocol's total burn count surpasses the 2 Million milestone, that tallies to a whooping ~$5.8 Billion. On the other hand, the amount of ETH held in crypto exchanges falls to its lowest level \u2026", "source_name": "CoinPedia", "date": "Mon, 21 Mar 2022 11:10:18 -0400", "topics": [], "sentiment": "Positive", "type": "Article", "tickers": ["ETH"]}, {"news_url": "https://ambcrypto.com/the-dispiriting-saga-of-bitcoin-and-bukele-as-el-salvador-struggles-with-crypto-adoption/", "image_url": "https://crypto.snapi.dev/images/v1/r/b/pexels-photo-315788-1-e1647872930620-119837.jpeg", "title": "Dispiriting saga of BTC and Bukele as El Salvador struggles with crypto adoption", "text": "The first country to officially adopt Bitcoin as a legal tender, El Salvador, is seeing its crypto dreams shatter in pieces. A recent survey by the Chamber of Commerce and Industry of El Salvador found some intriguing results.", "source_name": "AMBCrypto", "date": "Mon, 21 Mar 2022 11:00:39 -0400", "topics": [], "sentiment": "Negative", "type": "Article", "tickers": ["BTC"]}, {"news_url": "https://bitcoinmagazine.com/culture/surviving-the-narrative-with-bitcoin", "image_url": "https://crypto.snapi.dev/images/v1/3/0/op-ed-china-blockchain-vs-btc-119836.jpg", "title": "Surviving The Narrative With Bitcoin", "text": "Bitcoin is a form of freedom from many of the monetary impacts that are being felt as a result of government decisions.", "source_name": "Bitcoin Magazine", "date": "Mon, 21 Mar 2022 11:00:00 -0400", "topics": [], "sentiment": "Positive", "type": "Article", "tickers": ["BTC"]}, {"news_url": "https://beincrypto.com/energy-companies-venture-into-bitcoin-mining-with-lucrative-results/", "image_url": "https://crypto.snapi.dev/images/v1/n/m/energy-companies-miningjpgoptimal-119842.jpg", "title": "Energy Companies Venture into Bitcoin Mining with Lucrative Results", "text": "Energy company Beowulf Mining started mining bitcoin following the construction of a data center in Montana for Marathon Digital Holdings. The post Energy Companies Venture into Bitcoin Mining with Lucrative Results appeared first on BeInCrypto.", "source_name": "BeInCrypto", "date": "Mon, 21 Mar 2022 11:00:00 -0400", "topics": ["mining"], "sentiment": "Positive", "type": "Article", "tickers": ["BTC"]}, {"news_url": "https://www.cryptopolitan.com/bitcoin-ethereum-dash-and-chiliz-daily-price-analyses-21-march-morning-price-prediction/", "image_url": "https://crypto.snapi.dev/images/v1/q/a/r1-119835.png", "title": "Bitcoin, Ethereum, Dash, and Chiliz Daily Price Analyses \u2013 21 March Morning Price Prediction", "text": "TL;DR Breakdown The global crypto market regains momentum, adding 076% over the last 24 hours. Bitcoin was able to reduce the sell-offs, lowering losses to 0.37%.", "source_name": "Cryptopolitan", "date": "Mon, 21 Mar 2022 10:57:51 -0400", "topics": [], "sentiment": "Positive", "type": "Article", "tickers": ["BTC", "CHZ", "DASH", "ETH"]}, {"news_url": "https://cointelegraph.com/news/bitcoin-could-easily-see-30k-with-stocks-due-30-drawdown-in-2022-analyst", "image_url": "https://crypto.snapi.dev/images/v1/s/r/840-ahr0chm6ly9zmy5jb2ludgvszwdyyxbolmnvbs91cgxvywrzlziwmjitmdmvzgrmmzy0zdqtztc0yy00njmxltk4mtutn2yxmjm5owjkmzfklmpwzw-119831.jpg", "title": "Bitcoin 'could easily see $30K' with stocks due 30% drawdown in 2022 \u2014 analyst", "text": "The Fed has to take action on inflation, Mike McGlone warns, as German PPI data shows the highest inflation since records began in the 1940s.", "source_name": "Cointelegraph", "date": "Mon, 21 Mar 2022 10:32:52 -0400", "topics": [], "sentiment": "Negative", "type": "Article", "tickers": ["BTC"]}, {"news_url": "https://dailyhodl.com/2022/03/21/top-crypto-trader-predicts-rallies-for-avalanche-avax-and-solana-sol-says-ethereum-rivals-look-like-winners/", "image_url": "https://crypto.snapi.dev/images/v1/t/r/trend-shift-overlooked-altcoinjpgfit10242c600ssl1-119847.jpg", "title": "Top Crypto Trader Predicts Rallies for Avalanche (AVAX) and Solana (SOL), Says Ethereum Rivals Look Like Winners", "text": "A widely followed crypto analyst and trader says he's bullish on Ethereum challengers Avalanche (AVAX) and Solana (SOL). Pseudonymous trader Cantering Clark tells his 117,000 Twitter followers that he sees AVAX slightly pulling back before continuing its rally. \u201cAVAX clearly looks like a winner. Possible short-term setup or location to add in a fill of [\u2026] The post Top Crypto Trader Predicts Rallies for Avalanche (AVAX) and Solana (SOL), Says Ethereum Rivals Look Like Winners appeared first on The Daily Hodl.", "source_name": "The Daily Hodl", "date": "Mon, 21 Mar 2022 10:30:48 -0400", "topics": [], "sentiment": "Positive", "type": "Article", "tickers": ["AVAX", "SOL"]}, {"news_url": "https://www.financemagnates.com/cryptocurrency/honduras-may-recognize-bitcoin-as-legal-tender-within-hours-how-will-btc-react/", "image_url": "https://crypto.snapi.dev/images/v1/x/b/hondruas20bitcoin20legal20tender-id-bd724bb6-c743-4a50-bad5-5caa60c07e97-size900-119818.jpg", "title": "Honduras May Recognize Bitcoin as Legal Tender within Hours, How Will BTC React?", "text": "According to the unconfirmed sources, Honduras may officially adopt Bitcoin by giving it a legal tender status. Honduras President, Xiomara Castro may make the announcement within several hours.", "source_name": "FinanceMagnates", "date": "Mon, 21 Mar 2022 10:06:00 -0400", "topics": [], "sentiment": "Neutral", "type": "Article", "tickers": ["BTC"]}, {"news_url": "https://cryptoslate.com/goldman-sachs-completes-first-otc-bitcoin-options-trade-with-galaxy-digital/", "image_url": "https://crypto.snapi.dev/images/v1/i/q/goldman-bitcoin-otc-119815.jpg", "title": "Goldman Sachs completes first OTC Bitcoin options trade with Galaxy Digital", "text": "Goldman Sachs executed its first-ever over-the-counter crypto options trade earlier today, marking an important milestone in the expansion of its digital asset offering. The post Goldman Sachs completes first OTC Bitcoin options trade with Galaxy Digital appeared first on CryptoSlate.", "source_name": "CryptoSlate", "date": "Mon, 21 Mar 2022 09:56:16 -0400", "topics": [], "sentiment": "Positive", "type": "Article", "tickers": ["BTC"]}, {"news_url": "https://bitcoinmagazine.com/business/retail-bitcoin-miners-are-resilient", "image_url": "https://crypto.snapi.dev/images/v1/d/k/how-retail-bitcoin-miners-outlast-their-institutional-counterparts-119810.png", "title": "How Retail Bitcoin Miners Outlast Their Institutional Counterparts", "text": "Retail bitcoiners miners can adapt to different market environments and, because of their incentives, they can stay in the market.", "source_name": "Bitcoin Magazine", "date": "Mon, 21 Mar 2022 09:39:58 -0400", "topics": ["institutions", "mining"], "sentiment": "Neutral", "type": "Article", "tickers": ["BTC"]}, {"news_url": "https://www.cryptopolitan.com/polkadot-price-analysis-2022-03-21/", "image_url": "https://crypto.snapi.dev/images/v1/n/5/quantitatives-ddhb-fmlz2k-unsp-119809.jpg", "title": "Polkadot price analysis: DOT/USD prices trades in a sideways bearish bias trend", "text": "TL;DR Breakdown Polkadot price analysis shows a bearish trend Polkadot prices have established key support at $18.60 The current resistance for DOT/USD is at $ 18.6 Polkadot price analysis shows [\u2026]", "source_name": "Cryptopolitan", "date": "Mon, 21 Mar 2022 09:35:45 -0400", "topics": ["tanalysis"], "sentiment": "Negative", "type": "Article", "tickers": ["DOT"]}, {"news_url": "https://cryptoslate.com/government-of-malaysia-proposes-bitcoin-crypto-as-legal-tender/", "image_url": "https://crypto.snapi.dev/images/v1/c/9/malaysia-bitcoin-119806.jpg", "title": "Government of Malaysia proposes Bitcoin, crypto as legal tender", "text": "The Communications and Multimedia Ministry of Malaysia proposed today that digital currencies such as bitcoin (BTC) should be adopted as legal tender to help the younger generation who are active users of the currency, especially on non-fungible token (NFT) trading platforms, says Datuk Zahidi Zainul Abidin, deputy minister of the Communication Ministry of Malaysia, reported [\u2026] The post Government of Malaysia proposes Bitcoin, crypto as legal tender appeared first on CryptoSlate.", "source_name": "CryptoSlate", "date": "Mon, 21 Mar 2022 09:31:16 -0400", "topics": [], "sentiment": "Positive", "type": "Article", "tickers": ["BTC"]}, {"news_url": "https://ambcrypto.com/xrps-whales-and-what-role-theyll-play-in-the-run-up-to-1-and-higher/", "image_url": "https://crypto.snapi.dev/images/v1/c/1/ripple-6237041-1280-1-e1647843159797-119807.jpg", "title": "XRP's whales and what role they'll play in the run-up to $1 and higher", "text": "XRP's price saw a beautiful bottom reversal pattern triggered on 19 March. Alas, it failed to follow through.", "source_name": "AMBCrypto", "date": "Mon, 21 Mar 2022 09:30:53 -0400", "topics": ["whales"], "sentiment": "Positive", "type": "Article", "tickers": ["XRP"]}, {"news_url": "https://news.bitcoin.com/terra-founder-hints-at-3-billion-btc-purchase-explains-new-bitcoin-linked-tokenomics/", "image_url": "https://crypto.snapi.dev/images/v1/5/k/shutterstock-2095632118-119808.jpg", "title": "Terra Founder Hints at $3 Billion BTC Purchase, Explains New Bitcoin-Linked Tokenomics", "text": "Terra founder Do Kwon hinted at a future purchase of $3 billion worth of bitcoin to supply the reserves of the protocol in a recent Twitter Space shared with bitcoin enthusiast Udi Wertheimer. In the same Space, Do Kwon explained the new mechanics that the Terra ecosystem is introducing in order to use bitcoin as [\u2026]", "source_name": "Bitcoin", "date": "Mon, 21 Mar 2022 09:30:52 -0400", "topics": [], "sentiment": "Positive", "type": "Article", "tickers": ["BTC", "LUNA"]}, {"news_url": "https://coingape.com/?p=105141", "image_url": "https://crypto.snapi.dev/images/v1/z/o/zoltan-tasi-unxmhzcqjxg-unsplash-1-scaled-e1647776443781-119603-119821.jpg", "title": "Ethereum Price Prediction: Challenges 0.23% Fibonacci Retracement At $2,800; Is Upside Over For Ethereum?", "text": "Ethereum price edges higher with minute gains. The price opened lower but quickly recovered to test the session's high.", "source_name": "Coingape", "date": "Mon, 21 Mar 2022 09:29:32 -0400", "topics": [], "sentiment": "Positive", "type": "Article", "tickers": ["ETH"]}, {"news_url": "https://www.coindesk.com/business/2022/03/21/first-mover-americas-cme-futures-open-interest-hints-at-bitcoin-bottom-ether-breaks-out/", "image_url": "https://crypto.snapi.dev/images/v1/q/c/q4nvylxlkfaq3aubh7zccag2ha-119805.jpeg", "title": "First Mover Americas: CME Futures Open Interest Hints At Bitcoin Bottom, Ether Breaks Out", "text": "The latest moves in crypto markets in context for March 21, 2022.", "source_name": "Coindesk", "date": "Mon, 21 Mar 2022 09:21:00 -0400", "topics": ["futures"], "sentiment": "Positive", "type": "Article", "tickers": ["BTC", "ETH"]}], "total_pages": 42}