{"data": [{"news_url": "https://www.theblockcrypto.com/linked/137672/argo-blockchain-and-core-scientific-swap-bitcoin-mining-fleets", "image_url": "https://crypto.snapi.dev/images/v1/t/g/mining-652x450-117558.jpg", "title": "Argo Blockchain and Core Scientific swap bitcoin mining fleets", "text": "The two crypto mining firms are swapping more than 9,000 bitcoin miners between themselves. The post Argo Blockchain and Core Scientific swap bitcoin mining fleets appeared first on The Block.", "source_name": "The Block", "date": "Mon, 14 Mar 2022 11:10:21 -0400", "topics": ["mining"], "sentiment": "Neutral", "type": "Article", "tickers": ["BTC"]}, {"news_url": "https://cointelegraph.com/news/bitcoin-tracks-39k-ahead-of-europe-vote-on-proof-of-work-legality", "image_url": "https://crypto.snapi.dev/images/v1/7/x/840-ahr0chm6ly9zmy5jb2ludgvszwdyyxbolmnvbs91cgxvywrzlziwmjitmdmvodk3yjnkytctoteyni00m2qzltg3mjetmtq1mzrjmmmxnju1lmpwzw-117556.jpg", "title": "Bitcoin tracks $39K ahead of Europe vote on Proof-of-Work legality", "text": "Bitcoin price action stabilizes on the first day of a week which should see multiple tests of traders' resolve.", "source_name": "Cointelegraph", "date": "Mon, 14 Mar 2022 11:07:18 -0400", "topics": [], "sentiment": "Neutral", "type": "Article", "tickers": ["BTC"]}, {"news_url": "https://www.newsbtc.com/news/bitcoin-hashrate-swells-15-since-last-week-as-analysts-expect-mining-difficulty-to-increase/", "image_url": "https://crypto.snapi.dev/images/v1/f/j/bitcoin-3-117555.jpg", "title": "Bitcoin Hashrate Swells 15% Since Last Week As Analysts Expect Mining Difficulty To Increase", "text": "Bitcoin mining difficulty fell by 1.5% last week, following the full recovery of China's mining ban last year. China started to crack down on cryptocurrency, prohibiting financial institutions and payment companies from providing services related to cryptocurrency transactions.", "source_name": "NewsBTC", "date": "Mon, 14 Mar 2022 11:06:38 -0400", "topics": ["mining"], "sentiment": "Neutral", "type": "Article", "tickers": ["BTC"]}, {"news_url": "https://www.dcforecasts.com/bitcoin-news/tennessee-btc-mine-sued-over-noise-complaints-report/", "image_url": "https://crypto.snapi.dev/images/v1/l/n/riot-blockchain-mining-facility-117553.png", "title": "Tennessee BTC Mine Sued Over Noise Complaints: Report", "text": "A Tennessee BTC miner BrightRidge is getting sued over noise complaints, with Mayor Joe Grandy warning about the mine last summer but he didn't take any actions which is why citizens are now the ones taking action so let's read more in today's latest Bitcoin news. Nashville, Tennessee has some great-looking rural places which were [\u2026]", "source_name": "DCForecasts", "date": "Mon, 14 Mar 2022 10:44:51 -0400", "topics": [], "sentiment": "Negative", "type": "Article", "tickers": ["BTC"]}, {"news_url": "https://bitcoinmagazine.com/business/el-salvador-fixing-chivo-bitcoin-wallet", "image_url": "https://crypto.snapi.dev/images/v1/l/d/how-el-salvador-is-fixing-chivo-wallet-trying-to-get-bitcoin-adoption-back-on-track-117551.png", "title": "How El Salvador Is Fixing Chivo Wallet, Trying To Get Bitcoin Adoption Back On Track", "text": "El Salvador tapped crypto software firm AlphaPoint to fix numerous problems with its state Chivo wallet and help citizens adopt Bitcoin.", "source_name": "Bitcoin Magazine", "date": "Mon, 14 Mar 2022 10:44:09 -0400", "topics": [], "sentiment": "Positive", "type": "Article", "tickers": ["BTC"]}, {"news_url": "https://www.cryptopolitan.com/ethereum-price-analysis-2022-03-14/", "image_url": "https://crypto.snapi.dev/images/v1/i/l/ethereum-price-analysis-2022-02-16-117550.png", "title": "Ethereum price analysis: ETH spikes lower, upside still rejected at $2,600\u00a0", "text": "TL;DR Breakdown Ethereum price analysis is bearish today. ETH/USD spiked lower late yesterday.", "source_name": "Cryptopolitan", "date": "Mon, 14 Mar 2022 10:38:44 -0400", "topics": ["tanalysis"], "sentiment": "Negative", "type": "Article", "tickers": ["ETH"]}, {"news_url": "https://investorplace.com/2022/03/btc-crypto-is-still-gong-strong-despite-a-volatile-ride-but-hodlers-are-waiting-for-the-long-term-outcome/", "image_url": "https://crypto.snapi.dev/images/v1/g/o/crypto17-117548.jpg", "title": "Bitcoin Has Taken a Beating But Is Still Ticking Strong, Poised for a Rebound", "text": "Bitcoin crypto has taken a real beating in the past several months, but it is still ticking strong. BTC is attractive to investors who want an uncorrelated asset type, especially now that Bitcoin is at a low point.", "source_name": "Investorplace", "date": "Mon, 14 Mar 2022 10:34:02 -0400", "topics": [], "sentiment": "Positive", "type": "Article", "tickers": ["BTC"]}, {"news_url": "https://www.dcforecasts.com/bitcoin-news/bitcoin-bounced-off-the-cloud-support-faces-resistance-at-42k/", "image_url": "https://crypto.snapi.dev/images/v1/a/g/crypto-117085-117546.jpeg", "title": "Bitcoin Bounced Off The Cloud Support, Faces Resistance At $42K", "text": "Bitcoin bounced off the cloud support which often acts as support during recent market swoons and it is now facing resistance at $42K so let's find out more in today's latest Bitcoin news. Bitcoin defended critical price support on Monday and avoided a major technical breakdown that could have invited the bears.", "source_name": "DCForecasts", "date": "Mon, 14 Mar 2022 10:26:18 -0400", "topics": [], "sentiment": "Positive", "type": "Article", "tickers": ["BTC"]}, {"news_url": "https://cryptonews.com/news/bitcoin-options-metric-suggests-more-traders-are-taking-bullish-bets.htm", "image_url": "https://crypto.snapi.dev/images/v1/o/q/adobestock-zeedign-com-1-1-117544.jpg", "title": "Bitcoin Options Metric Suggests More Traders Are Taking Bullish Bets", "text": "With a falling ratio of bearish put options to bullish call options in the bitcoin (BTC) options market, the key metric is currently signaling that an increasing number of advanced traders are taking bullish bets on bitcoin.", "source_name": "Cryptonews", "date": "Mon, 14 Mar 2022 10:21:00 -0400", "topics": [], "sentiment": "Positive", "type": "Article", "tickers": ["BTC"]}, {"news_url": "https://thecurrencyanalytics.com/altcoins/apples-co-founder-steve-wozniak-believes-bitcoin-could-hit-100k-40009.php", "image_url": "https://crypto.snapi.dev/images/v1/y/n/apples-co-founder-steve-wozniak-believes-bitcoin-could-hit-100k-117542.jpg", "title": "Apple's co-founder Steve Wozniak Believes Bitcoin Could hit $100k", "text": "Catch up on the latest crypto market news at The Currency Analytics. Apple's co-founder Steve Wozniak belief and prediction Similar Price predictions shared by various experts Two major factors Influences Bitcoin's Price\u2026 The post Apple's co-founder Steve Wozniak Believes Bitcoin Could hit $100k appeared first on Cryptocurrency News.", "source_name": "The Currency Analytics", "date": "Mon, 14 Mar 2022 10:19:34 -0400", "topics": [], "sentiment": "Positive", "type": "Article", "tickers": ["BTC"]}, {"news_url": "https://investorplace.com/2022/03/ethereum-news-today-3-things-for-eth-crypto-investors-to-know-monday/", "image_url": "https://crypto.snapi.dev/images/v1/r/p/crypto16-117543.jpg", "title": "Ethereum News Today: 3 Things for ETH Crypto Investors to Know Monday", "text": "We're diving into the latest Ethereum (ETH-USD) news over the weekend that crypt traders need to catch up with on Monday!", "source_name": "Investorplace", "date": "Mon, 14 Mar 2022 10:18:13 -0400", "topics": [], "sentiment": "Neutral", "type": "Article", "tickers": ["ETH"]}, {"news_url": "https://u.today/bitcoin-just-broke-another-record-heres-what-it-is?SNAPI", "image_url": "https://crypto.snapi.dev/images/v1/h/r/13302-117540.jpg", "title": "Bitcoin Just Broke Another Record, Here's What It Is", "text": "New record reached despite issues the first cryptocurrency had in 2022", "source_name": "UToday", "date": "Mon, 14 Mar 2022 10:18:00 -0400", "topics": [], "sentiment": "Positive", "type": "Article", "tickers": ["BTC"]}, {"news_url": "https://cryptodaily.co.uk/2022/03/the-top-three-staking-cryptocurrencies-to-pay-attention-to-in-2022-bitdao-bit-firepin-frpn-and-ethereum-20-eth", "image_url": "https://crypto.snapi.dev/images/v1/q/t/20210909-crypto-exchanges-regulators-800x450-114924-115437-116649-117545.jpg", "title": "The Top Three Staking Cryptocurrencies to Pay Attention to in 2022: BitDAO (BIT), FIREPIN (FRPN) and Ethereum 2.0 (ETH)", "text": "PoS blockchains use a practice known as \"staking\" in which users deposit funds and keep them in their digital wallets to help validate transactions. After that, customers may earn more crypto by verifying transactions.", "source_name": "Crypto Daily", "date": "Mon, 14 Mar 2022 10:15:00 -0400", "topics": [], "sentiment": "Positive", "type": "Article", "tickers": ["ETH", "BIT", "FRPN"]}, {"news_url": "https://cryptopotato.com/xrp-ledger-foundation-rolls-out-token-assessment-format-to-provide-transparency/", "image_url": "https://crypto.snapi.dev/images/v1/l/m/xrp-ledger-foundation-117531.jpg", "title": "XRP Ledger Foundation Rolls Out Token Assessment Format to Provide Transparency", "text": "The XRP Ledger Foundation launched Token Assessment Format to provide transparency for investors while improving self-regulation and trust.", "source_name": "CryptoPotato", "date": "Mon, 14 Mar 2022 09:56:19 -0400", "topics": [], "sentiment": "Positive", "type": "Article", "tickers": ["XRP"]}, {"news_url": "https://en.cryptonomist.ch/2022/03/14/block-bitcoin-wallet-without-display-with-fingerprint-causing-stir/", "image_url": "https://crypto.snapi.dev/images/v1/1/g/block-bitcoin-wallet-300x200-117536.jpg", "title": "Block: the Bitcoin wallet without display and with fingerprint is causing a stir", "text": "The community does not like the device's new features", "source_name": "The Cryptonomist", "date": "Mon, 14 Mar 2022 09:53:03 -0400", "topics": [], "sentiment": "Neutral", "type": "Article", "tickers": ["BTC"]}, {"news_url": "https://www.trustnodes.com/2022/03/14/ethereum-fees-reach-50-cent", "image_url": "https://crypto.snapi.dev/images/v1/e/s/ethereum-eth-629x420-116401-117528.jpg", "title": "Ethereum Fees Reach 50 Cent", "text": "Just 10 gwei per gas unit is now needed for even high priority transactions, with one gwei being one billionth of an eth, translating to about 50 cent in total.", "source_name": "Trustnodes", "date": "Mon, 14 Mar 2022 09:48:27 -0400", "topics": ["paywall"], "sentiment": "Neutral", "type": "Article", "tickers": ["ETH"]}, {"news_url": "https://www.coindesk.com/business/2022/03/14/first-mover-americas-bitcoins-price-bounce-stalls-as-10-year-yield-hits-32-month-high/", "image_url": "https://crypto.snapi.dev/images/v1/b/n/cpcwev3nnfgc5hejftgwmnkrgq-117529.jpg", "title": "First Mover Americas: Bitcoin's Price Bounce Stalls as 10-year Yield Hits 32-Month High", "text": "The latest moves in crypto markets in context for March 14, 2022.", "source_name": "Coindesk", "date": "Mon, 14 Mar 2022 09:42:00 -0400", "topics": [], "sentiment": "Negative", "type": "Article", "tickers": ["BTC"]}, {"news_url": "https://u.today/xrp-lawsuit-cryptolaw-founder-hints-at-what-comes-next-after-ripples-win-of-fair-defense?SNAPI", "image_url": "https://crypto.snapi.dev/images/v1/q/m/13298-117527.jpg", "title": "XRP Lawsuit: Cryptolaw Founder Hints at What Comes Next After Ripple's Win of Fair Defense", "text": "SEC has 30 days to answer Ripple's pending requests for admissions", "source_name": "UToday", "date": "Mon, 14 Mar 2022 09:40:00 -0400", "topics": [], "sentiment": "Neutral", "type": "Article", "tickers": ["XRP"]}, {"news_url": "https://cryptoslate.com/the-fca-has-been-warning-about-bitcoin-for-years-but-is-the-real-risk-not-investing/", "image_url": "https://crypto.snapi.dev/images/v1/f/a/fca-crypto-117519.jpg", "title": "The FCA has been warning about Bitcoin for years, but is the real risk not investing?", "text": "One of the few financial regulators that have been consistent in its warning about the dangers of the crypto space is UK's top financial watchdog, the Financial Conduct Authority (FCA). The post The FCA has been warning about Bitcoin for years, but is the real risk not investing?", "source_name": "CryptoSlate", "date": "Mon, 14 Mar 2022 09:31:16 -0400", "topics": [], "sentiment": "Negative", "type": "Article", "tickers": ["BTC"]}, {"news_url": "https://coinmarketcap.com/alexandria/article/crypto-news-march-14-big-nft-news-and-btc-ban-fears", "image_url": "https://crypto.snapi.dev/images/v1/t/a/37df6b6cac3e4bb6a85fdf5639209747-117513.jpg", "title": "Crypto News, March 14: Big NFT News and BTC Ban Fears", "text": "Mila Kunis is back with a new animated NFT series. Also today, bad news if you use a Bitcoin ATM in the U.K.", "source_name": "CoinMarketCap", "date": "Mon, 14 Mar 2022 09:26:23 -0400", "topics": ["NFT"], "sentiment": "Negative", "type": "Article", "tickers": ["BTC"]}, {"news_url": "https://coingape.com/?p=104220", "image_url": "https://crypto.snapi.dev/images/v1/s/o/solana-007-scaled-108841-109502-112724-117517.jpg", "title": "Solana NFT Marketplace \u201cMagic Eden\u201d Plans To Raise $27 From Sequoia Capital", "text": "NFT marketplace Magic Eden is planning to announce a $27 million fundraising round on Monday, involving Sequoia Capital and other investors. Magic Eden uses the Solana blockchain to authenticate NFTs on its marketplace.", "source_name": "Coingape", "date": "Mon, 14 Mar 2022 09:22:28 -0400", "topics": ["NFT"], "sentiment": "Positive", "type": "Article", "tickers": ["SOL"]}, {"news_url": "https://u.today/bitcoin-illiquid-supply-soars-this-week-heres-why-it-may-be-bullish?SNAPI", "image_url": "https://crypto.snapi.dev/images/v1/r/9/13297-117509.jpg", "title": "Bitcoin Illiquid Supply Soars This Week, Here's Why It May Be Bullish", "text": "According to a recent report, the illiquid supply of BTC surpasses highly liquid Bitcoin supply 3.2x this week", "source_name": "UToday", "date": "Mon, 14 Mar 2022 09:22:00 -0400", "topics": [], "sentiment": "Positive", "type": "Article", "tickers": ["BTC"]}, {"news_url": "https://cryptonews.com/news/xrp-pumps-drops-after-huge-win-for-ripple.htm", "image_url": "https://crypto.snapi.dev/images/v1/w/a/adobestock-migrenart-1-1-117508.jpg", "title": "XRP Pumps and Drops After a \u2018Huge Win' for Ripple", "text": "The price of XRP, the cryptoasset affiliated with the American fintech firm Ripple, pumped strongly on Friday, before falling back down over the weekend. The moves came after a federal judge had rejected the US Securities and Exchange Commission (SEC)'s move to strike Ripple's \u201cfair notice\u201d defense in the case.", "source_name": "Cryptonews", "date": "Mon, 14 Mar 2022 09:19:00 -0400", "topics": [], "sentiment": "Neutral", "type": "Article", "tickers": ["XRP"]}, {"news_url": "https://coinmarketcap.com/alexandria/article/drug-kingpin-ordered-to-forfeit-59-btc-and-jailed", "image_url": "https://crypto.snapi.dev/images/v1/b/a/bermix-studio-ax1hn4und-i-unsplash-2-117093-117457-117507.jpg", "title": "Drug Kingpin Jailed and Ordered to Forfeit 59 BTC", "text": "Binh Thanh Le, from Massachusetts, has been convicted of manufacturing and distributing controlled substances on the Dark Web \u2014 including MDMA, ketamine and Xanax.", "source_name": "CoinMarketCap", "date": "Mon, 14 Mar 2022 09:13:32 -0400", "topics": [], "sentiment": "Negative", "type": "Article", "tickers": ["BTC"]}, {"news_url": "https://www.coindesk.com/business/2022/03/14/ethereum-staking-protocol-swell-raises-375m-as-locked-eth-tops-26b/", "image_url": "https://crypto.snapi.dev/images/v1/r/m/dmuwe5wnobdxdhffekwuohvzaa-117506.jpg", "title": "Ethereum Staking Protocol Swell Raises $3.75M as Locked ETH Tops $26B", "text": "Swell is attempting to make it easier to stake on Ethereum and eventually other blockchains.", "source_name": "Coindesk", "date": "Mon, 14 Mar 2022 09:00:00 -0400", "topics": [], "sentiment": "Positive", "type": "Article", "tickers": ["ETH"]}, {"news_url": "https://www.cryptopolitan.com/bitcoin-is-down-ahead-of-the-european/", "image_url": "https://crypto.snapi.dev/images/v1/3/e/dmitry-demidko-og3a-ilg8ay-uns-117504.jpg", "title": "Bitcoin down ahead of the European Parliament's potential decision to ban PoW coins", "text": "TL;DR Breakdown; Bitcoin dropped in price as the European Parliament debates a potential ban on the cryptocurrency. If Bitcoin is banned, it could have a significant negative impact on the [\u2026]", "source_name": "Cryptopolitan", "date": "Mon, 14 Mar 2022 08:54:26 -0400", "topics": [], "sentiment": "Negative", "type": "Article", "tickers": ["BTC"]}, {"news_url": "https://www.dcforecasts.com/ripple-news/the-xrp-price-can-drop-by-30-in-march-and-here-are-3-reasons-why/", "image_url": "https://crypto.snapi.dev/images/v1/c/h/bigger-ripple-making-ripples-117155-117501.jpg", "title": "The XRP Price Can Drop By 30% In March And Here Are 3 Reasons Why", "text": "The XRP price can drop by 30% in March due to a combination of technical, fundamental, and social sentiment indicators that are threatening the price of Ripple's native token as we can see more in today's latest Ripple news. Ripple's XRP price risks dropping by more than 25% in the upcoming weeks due to a [\u2026]", "source_name": "DCForecasts", "date": "Mon, 14 Mar 2022 08:52:43 -0400", "topics": [], "sentiment": "Negative", "type": "Article", "tickers": ["XRP"]}, {"news_url": "https://cryptobriefing.com/elon-musk-wont-sell-his-bitcoin-ethereum-dogecoin/?utm_source=main_feed&utm_medium=rss", "image_url": "https://crypto.snapi.dev/images/v1/v/7/elon-wont-sell-cover-838x440-117503.jpeg", "title": "Elon Musk \u201cWon't Sell\u201d His Bitcoin, Ethereum, Dogecoin", "text": "The Tesla CEO has clarified his crypto holdings\u2014and said that he \u201cwon't sell\u201d his assets.", "source_name": "Crypto Briefing", "date": "Mon, 14 Mar 2022 08:51:55 -0400", "topics": [], "sentiment": "Neutral", "type": "Article", "tickers": ["BTC", "DOGE", "ETH"]}, {"news_url": "https://coinmarketcap.com/alexandria/article/deeply-concerning-vote-on-bitcoin-ban-in-europe-looms", "image_url": "https://crypto.snapi.dev/images/v1/i/a/bitcoin-id-4d4cad72-bb7a-40ec-9a8f-39c08a331e44-size900-117402-117496.jpg", "title": "'Deeply Concerning': Vote Could Ban Bitcoin in Europe", "text": "On Monday, the European Parliament is going to vote on Markets in Crypto Assets \u2014 a legislative framework for digital coins that's known as MiCA for short.", "source_name": "CoinMarketCap", "date": "Mon, 14 Mar 2022 08:48:39 -0400", "topics": [], "sentiment": "Negative", "type": "Article", "tickers": ["BTC"]}, {"news_url": "https://www.benzinga.com/markets/cryptocurrency/22/03/26121761/2-3m-of-bitcoin-forfeited-in-deep-web-black-market-vendor-arrest?SNAPI", "image_url": "https://crypto.snapi.dev/images/v1/x/m/bitcoin-creditbeatingbettingco-117524.jpg", "title": "$2.3M Of Bitcoin Forfeited In Deep Web Black Market Vendor Arrest", "text": "Binh Thanh Le, a 25-year-old from Brockton, Massachusetts, was sentenced to eight years for selling MDMA, ketamine and alprazolam (Xanax) through the dark web under the nickname EastSideHigh \u2014 he was also ordered to forfeit over 59 Bitcoin (CRYPTO: BTC) worth over $2 million and $115,000 in cash.", "source_name": "Benzinga", "date": "Mon, 14 Mar 2022 08:35:00 -0400", "topics": [], "sentiment": "Neutral", "type": "Article", "tickers": ["BTC"]}, {"news_url": "https://u.today/solana-sol-68-correction-leads-coin-to-lowest-price-since-august?SNAPI", "image_url": "https://crypto.snapi.dev/images/v1/1/v/13296-117495.jpg", "title": "Solana (SOL) 68% Correction Leads Coin to Lowest Price Since August", "text": "Solana reaches another local bottom as the recovery of the asset does not seem to be around the corner", "source_name": "UToday", "date": "Mon, 14 Mar 2022 08:35:00 -0400", "topics": [], "sentiment": "Negative", "type": "Article", "tickers": ["SOL"]}, {"news_url": "https://www.financemagnates.com/cryptocurrency/el-salvador-bitcoin-city-1-billion-bond-sale-to-start-by-20-march-2022-via-liquid-network/", "image_url": "https://crypto.snapi.dev/images/v1/1/c/el20salvador20bitcoin20bond-id-9a1d79b4-e2fd-42af-b7ff-d956111b7a9b-size900-117494.jpg", "title": "El Salvador Bitcoin City $1 Billion Bond Sale to Start by 20 March 2022 via Liquid Network", "text": "El Salvador $1 billion Bitcoin bond may be issued between 14 - 20 March. The 10-year bond will offer +6.5% per annum for 10 years (approximately +$1.65 billion).", "source_name": "FinanceMagnates", "date": "Mon, 14 Mar 2022 08:33:00 -0400", "topics": [], "sentiment": "Neutral", "type": "Article", "tickers": ["BTC"]}, {"news_url": "https://www.coindesk.com/business/2022/03/14/solana-based-nft-marketplace-magic-eden-raises-27m-series-a/", "image_url": "https://crypto.snapi.dev/images/v1/a/y/3efl56d3wjeobdvfdvir3hcodq-117491.jpg", "title": "Solana-Based NFT Marketplace Magic Eden Raises $27M Series A", "text": "The round was led by Paradigm and included contributions from Sequoia and Solana Ventures.", "source_name": "Coindesk", "date": "Mon, 14 Mar 2022 08:23:00 -0400", "topics": ["NFT"], "sentiment": "Neutral", "type": "Article", "tickers": ["SOL"]}, {"news_url": "https://www.cryptopolitan.com/bitcoin-illiquid-supply-3-2x/", "image_url": "https://crypto.snapi.dev/images/v1/n/f/andre-francois-mckenzie-jrjhtbj-pgu-unsplash-1-117490.jpg", "title": "Time to buy? Bitcoin illiquid supply jumps 3.2x", "text": "TL;DR Breakdown: Bitcoin illiquid supply rose to 3.2x this week. About 54,000 BTC were moved off cryptocurrency exchanges less than two weeks ago.", "source_name": "Cryptopolitan", "date": "Mon, 14 Mar 2022 08:19:45 -0400", "topics": [], "sentiment": "Positive", "type": "Article", "tickers": ["BTC"]}, {"news_url": "https://cryptonews.com/news/bitcoin-ethereum-look-for-direction-luna-rune-accelerate.htm", "image_url": "https://crypto.snapi.dev/images/v1/i/9/crypto4-117396-117488.jpg", "title": "Bitcoin and Ethereum Look for Direction, LUNA and RUNE Accelerate", "text": "Bitcoin price remained supported near the USD 37,500 zone. BTC is moving higher and even surpassed USD 39,000 before correcting lower. It is currently (12:03 PM UTC) trading above USD 38,900, and the bulls might face hurdles near the range resistance at USD 40,000.", "source_name": "Cryptonews", "date": "Mon, 14 Mar 2022 08:16:00 -0400", "topics": [], "sentiment": "Neutral", "type": "Article", "tickers": ["BTC", "ETH", "LUNA", "RUNE"]}, {"news_url": "https://www.dcforecasts.com/bitcoin-news/despite-the-price-dips-bitcoins-consolidation-range-continues-report/", "image_url": "https://crypto.snapi.dev/images/v1/8/j/bitcoin20h20d-id-b1adbe4f-05c1-4a02-ae5c-88dcdc44166a-size900-117426-117485.jpg", "title": "Despite The Price Dips, Bitcoin's Consolidation Range Continues: Report", "text": "Despite the price dips, Bitcoin's consolidation range still continues while BTC trades around $39,000 despite the brief price drop below $38,000. On the other hand, LUNA is up by 8% in one day as we can see more today in our altcoin latest news.", "source_name": "DCForecasts", "date": "Mon, 14 Mar 2022 08:08:21 -0400", "topics": [], "sentiment": "Positive", "type": "Article", "tickers": ["BTC"]}, {"news_url": "https://www.newsbtc.com/news/abra-ceo-predicts-ethereum/", "image_url": "https://crypto.snapi.dev/images/v1/a/e/ethereum-117482.jpg", "title": "Abra CEO Predicts Ethereum Could Reach $40,000 \u2013 But Some Fintech Analysts Don't Agree", "text": "Bill Barhydt, the CEO and inventor of the well-known cryptocurrency wallet service Abra, outlined why he believes Ethereum is a much better investment than Bitcoin. He has also set a price prediction of $40k for ETH, indicating his confidence in its future development.", "source_name": "NewsBTC", "date": "Mon, 14 Mar 2022 08:06:46 -0400", "topics": [], "sentiment": "Positive", "type": "Article", "tickers": ["ETH"]}, {"news_url": "https://www.theblockcrypto.com/post/137668/bitcoin-mixing-service-coinjoin-starts-blacklisting-btc-tied-to-illegal-activity", "image_url": "https://crypto.snapi.dev/images/v1/n/p/mica-european-parliament-1-300x200-117395-117484.jpg", "title": "Bitcoin mixing service CoinJoin starts blacklisting BTC tied to illegal activity", "text": "CoinJoin has long banned people from using it to mix illegitimate funds. Now it's actively preventing them from doing so. The post Bitcoin mixing service CoinJoin starts blacklisting BTC tied to illegal activity appeared first on The Block.", "source_name": "The Block", "date": "Mon, 14 Mar 2022 08:06:41 -0400", "topics": [], "sentiment": "Negative", "type": "Article", "tickers": ["BTC"]}, {"news_url": "https://decrypt.co/94992/mila-kunis-studio-launches-solana-nft-animated-series-gimmicks", "image_url": "https://crypto.snapi.dev/images/v1/x/a/gimmicks-solana-nft-series-1-gid-7-117483.png", "title": "Mila Kunis' Studio Launches Solana NFT Animated Series, The Gimmicks", "text": "Hailing from Toonstar and Kunis' Sixth Wall, the wrestling-themed series will let NFT holders vote to help shape the story.", "source_name": "Decrypt", "date": "Mon, 14 Mar 2022 08:01:03 -0400", "topics": ["NFT"], "sentiment": "Positive", "type": "Article", "tickers": ["SOL"]}, {"news_url": "https://decrypt.co/95009/tennessee-bitcoin-mine-faces-lawsuit-noise-complaints", "image_url": "https://crypto.snapi.dev/images/v1/c/g/bitcoin-mining-farm-gid-5-117478.jpg", "title": "Tennessee Bitcoin Miner Faces Lawsuit Over Noise Complaints", "text": "Mayor Joe Grandy was warned about the mine last summer but failed to take action. Now, citizens are taking action.", "source_name": "Decrypt", "date": "Mon, 14 Mar 2022 07:48:58 -0400", "topics": ["mining"], "sentiment": "Negative", "type": "Article", "tickers": ["BTC"]}, {"news_url": "https://www.forbes.com/sites/billybambrough/2022/03/14/cryptocodex-bitcoin-and-crypto-are-braced-for-a-huge-week-as-the-price-of-ethereum-bnb-xrp-solana-cardano-terras-luna-and-avalanche-swing/", "image_url": "https://crypto.snapi.dev/images/v1/r/e/cryptocodex-bitcoin-and-crypto-are-braced-for-a-huge-week-as-the-price-of-ethereum-bnb-xrp-solana-cardano-terras-luna-and-avalanche-swing-117475.jpg", "title": "CryptoCodex: Bitcoin And Crypto Are Braced For A Huge Week As The Price Of Ethereum, BNB, XRP, Solana, Cardano, Terra's Luna And Avalanche Swing", "text": "The following is an excerpt from the daily CryptoCodex email newsletter. Sign up now for free here...", "source_name": "Forbes", "date": "Mon, 14 Mar 2022 07:46:26 -0400", "topics": [], "sentiment": "Neutral", "type": "Article", "tickers": ["ADA", "AVAX", "BNB", "BTC", "ETH", "LUNA", "SOL", "XRP"]}, {"news_url": "https://dailyhodl.com/2022/03/14/ethereum-eth-primed-for-breakout-this-month-according-to-analyst-justin-bennett-but-theres-a-catch/", "image_url": "https://crypto.snapi.dev/images/v1/r/7/trigger-next-ethereumjpgfit10242c600ssl1-117486.jpg", "title": "Ethereum (ETH) Primed for Breakout This Month, According to Analyst Justin Bennett \u2013 But There's a Catch", "text": "Closely followed crypto strategist Justin Bennett believes leading smart contract platform Ethereum (ETH) is gearing up for a breakout this month. In a new strategy session, Bennett says that Ethereum is facing a diagonal resistance that has kept the market in a downtrend for about four months. \u201cWe have a trendline that extends from the [\u2026] The post Ethereum (ETH) Primed for Breakout This Month, According to Analyst Justin Bennett \u2013 But There's a Catch appeared first on The Daily Hodl.", "source_name": "The Daily Hodl", "date": "Mon, 14 Mar 2022 07:45:10 -0400", "topics": [], "sentiment": "Positive", "type": "Article", "tickers": ["ETH"]}, {"news_url": "https://en.cryptonomist.ch/2022/03/14/mica-amendment-bitcoin-ban-little-chance-being-passed/", "image_url": "https://crypto.snapi.dev/images/v1/f/v/bitcoin-ban-europe-1-300x200-117476.jpg", "title": "The MiCA amendment on the Bitcoin ban has little chance of being passed", "text": "ECON will vote today on the draft amendment to the crypto regulation", "source_name": "The Cryptonomist", "date": "Mon, 14 Mar 2022 07:40:18 -0400", "topics": [], "sentiment": "Negative", "type": "Article", "tickers": ["BTC"]}, {"news_url": "https://cryptonews.com/news/ukraine-war-throws-timing-of-el-salvadors-bitcoin-bond-debut-into-doubt.htm", "image_url": "https://crypto.snapi.dev/images/v1/8/d/adobestock-mmollaretti-1-1-117467.jpg", "title": "Ukraine War Throws Timing of El Salvador's Bitcoin Bond Debut into Doubt", "text": "El Salvador may launch its sovereign bitcoin (BTC) bonds as early as tomorrow \u2013 but the war in Ukraine may cause disruption to the plans of the President Nayib Bukele-led government.", "source_name": "Cryptonews", "date": "Mon, 14 Mar 2022 07:36:00 -0400", "topics": [], "sentiment": "Negative", "type": "Article", "tickers": ["BTC"]}, {"news_url": "https://ambcrypto.com/ethereum-rollups-promised-lower-fees-and-faster-speeds-but-instead-we-got/", "image_url": "https://crypto.snapi.dev/images/v1/8/z/cheng-feng-j7amlh2mmhc-unsplash-2-117464.jpg", "title": "Ethereum rollups promised lower fees and faster speeds, but instead we got\u2026", "text": "Ethereum's rollups were pitched as airlines and super highways to make transactions faster within the ecosystem and solve congestion problems. However, reality hasn't quite panned out the way many rollup enthusiasts predicted it would.", "source_name": "AMBCrypto", "date": "Mon, 14 Mar 2022 07:30:05 -0400", "topics": [], "sentiment": "Neutral", "type": "Article", "tickers": ["ETH"]}, {"news_url": "https://crypto-economy.com/top-5-countries-where-bitcoin-has-a-massive-impact/", "image_url": "https://crypto.snapi.dev/images/v1/g/x/bitcoin-countries-117563.jpg", "title": "Top 5 Countries Where Bitcoin Has A Massive Impact", "text": "In the past decade or so, we've witnessed a massive development in the online saga Bitcoin, which has caught the world by storm since...", "source_name": "Crypto Economy", "date": "Mon, 14 Mar 2022 07:28:05 -0400", "topics": [], "sentiment": "Neutral", "type": "Article", "tickers": ["BTC"]}, {"news_url": "https://www.forbes.com/sites/ronshevlin/2022/03/14/bidens-executive-order-to-fuel-a-bank-bitcoin-boom-americans-want-crypto-from-their-banks/", "image_url": "https://crypto.snapi.dev/images/v1/u/1/bidens-executive-order-to-fuel-a-bank-bitcoin-boom-americans-want-crypto-from-their-banks-117586.jpg", "title": "Biden's Executive Order To Fuel A Bank-Bitcoin Boom: Americans Want Crypto From Their Banks", "text": "US President Joe Biden's recent executive order on cryptocurrency will help banks get more comfortable with the world of crypto and meet the demand that many Americans have to get Bitcoin and other cryptocurrencies directly from their banks.", "source_name": "Forbes", "date": "Mon, 14 Mar 2022 07:15:00 -0400", "topics": [], "sentiment": "Positive", "type": "Article", "tickers": ["BTC"]}, {"news_url": "https://decrypt.co/95007/darknet-dealer-forfeits-2-3m-bitcoin-sentenced-8-years", "image_url": "https://crypto.snapi.dev/images/v1/g/c/shutterstock-368458253-scaled-gid-1-117451.jpg", "title": "Darknet Dealer Forfeits $2.3M in Bitcoin, Sentenced to 8 Years", "text": "A Massachusetts man has been sentenced to eight years in prison after selling drugs for crypto on the dark web.", "source_name": "Decrypt", "date": "Mon, 14 Mar 2022 07:02:50 -0400", "topics": [], "sentiment": "Neutral", "type": "Article", "tickers": ["BTC"]}, {"news_url": "https://www.coinbureau.com/news/apples-steve-wozniak-predicts-100000-bitcoin-turns-out-to-be-early-btc-investor/", "image_url": "https://crypto.snapi.dev/images/v1/f/e/applesstevewozniakrevealshimselftobeearlybitcoininvestorpredictssixfigurebtc-1024x614-117433.jpg", "title": "Apple's Steve Wozniak Predicts $100,000 Bitcoin, Turns Out to Be Early BTC Investor", "text": "Apple co-founder and technology icon Steve Wozniak gave his take on Bitcoin and crypto in a new interview on the Wild Ride with Steve-O podcast last week. Wozniak, aka \u2018Woz',' revealed himself to be an early Bitcoin investor, and that he was still bullish on BTC. \u201cI bought a bunch of Bitcoin at the start [\u2026] The post Apple's Steve Wozniak Predicts $100,000 Bitcoin, Turns Out to Be Early BTC Investor appeared first on Coin Bureau.", "source_name": "Coinbureau", "date": "Mon, 14 Mar 2022 06:58:46 -0400", "topics": [], "sentiment": "Neutral", "type": "Article", "tickers": ["BTC"]}, {"news_url": "https://coingape.com/?p=104194", "image_url": "https://crypto.snapi.dev/images/v1/b/e/bermix-studio-ax1hn4und-i-unsplash-2-117093-117457.jpg", "title": "Bitcoin Price Prediction: Defends $38K on daily chart; Is $42K Next As Continue To Trade Sideways?", "text": "Bitcoin price is making familiar moves on Monday as it is hovering near $39,000. BTC found reliable support of around $37,000 since late January.", "source_name": "Coingape", "date": "Mon, 14 Mar 2022 06:49:13 -0400", "topics": [], "sentiment": "Positive", "type": "Article", "tickers": ["BTC"]}, {"news_url": "https://www.investingcube.com/solana-price-prediction-falling-wedge-holds-keys-to-price-direction-cryptocurrencies/", "image_url": "https://crypto.snapi.dev/images/v1/w/2/shutterstock-1551046811-1024x576-1-117432.jpg", "title": "Solana Price Prediction: Falling Wedge Holds the Keys to Price Direction", "text": "The Solana price prediction is for the resolution of the wedge pattern to determine the price direction for the SOL/USDT pair.", "source_name": "InvestingCube", "date": "Mon, 14 Mar 2022 06:45:28 -0400", "topics": [], "sentiment": "Neutral", "type": "Article", "tickers": ["SOL"]}, {"news_url": "https://www.benzinga.com/markets/cryptocurrency/22/03/26118888/ripple-scores-huge-win-against-sec-as-judge-rules-defense-legally-sufficient?SNAPI", "image_url": "https://crypto.snapi.dev/images/v1/i/r/coin-g3e23c5694-1920-117474.jpg", "title": "Ripple Scores 'Huge Win' Against SEC As Judge Rules Defense Legally Sufficient", "text": "Ripple \u2014 the firm behind financial services cryptocurrency XRP (CRYPTO: XRP) \u2014 and its community is rejoicing after it scored a victory in its legal battle against the United States Security and Exchange Commission.", "source_name": "Benzinga", "date": "Mon, 14 Mar 2022 06:44:00 -0400", "topics": ["regulations"], "sentiment": "Positive", "type": "Article", "tickers": ["XRP"]}, {"news_url": "https://www.benzinga.com/markets/cryptocurrency/22/03/26116685/rich-dad-poor-dad-authors-shares-advice-beat-inflation-stock-up-on-toilet-paper-trash-bags?SNAPI", "image_url": "https://crypto.snapi.dev/images/v1/q/3/robert-kiyosaki-by-gage-skidmore-117466.jpeg", "title": "'Rich Dad Poor Dad' Author's Shares Advice To Beat Inflation: Stock Up On Toilet Paper, Trash Bags And Bitcoin", "text": "Robert Kiyosaki, the bestselling author of \u201cRich Dad Poor Dad\u201d, took to Twitter Inc (NYSE: TWTR) on Monday to recommend buying what he believes to be the best investments in an environment of rising inflation.", "source_name": "Benzinga", "date": "Mon, 14 Mar 2022 06:34:00 -0400", "topics": [], "sentiment": "Neutral", "type": "Article", "tickers": ["BTC"]}, {"news_url": "https://www.cryptoglobe.com/latest/2022/03/apple-co-founder-steve-wozniak-i-think-bitcoin-is-going-to-100k/", "image_url": "https://crypto.snapi.dev/images/v1/9/m/bitcoins-and-dollars-117430.jpg", "title": "Apple Co-Founder Steve Wozniak: \u2018I Think Bitcoin is Going to $100K'", "text": "Recently, Apple Co-Founder Steve Wozniak (aka \u201cWoz\u201d), shared his latest thoughts on crypto. Wozniak is \u201can American electronics engineer, computer programmer, philanthropist, and technology entrepreneur.\u201d In April1976, along with Steve Jobs and Ronald Wayne, he co-founded Apple Inc., which \u201clater became the world's largest information technology company by revenue and the largest company in the [\u2026]", "source_name": "CryptoGlobe", "date": "Mon, 14 Mar 2022 06:29:43 -0400", "topics": [], "sentiment": "Neutral", "type": "Article", "tickers": ["BTC"]}, {"news_url": "https://www.cryptopolitan.com/elon-musk-hodl-bitcoin-ether-doge/", "image_url": "https://crypto.snapi.dev/images/v1/0/n/elon-g97e508aa1-1280-117424.jpg", "title": "Elon Musk is still HODLing Bitcoin, Ethereum, Dogecoin and won't sell", "text": "TL;DR Breakdown Elon Musk reaffirms he is HODLing Bitcoin, Ethereum, and Dogecoin. He doesn't plan to sell anytime.", "source_name": "Cryptopolitan", "date": "Mon, 14 Mar 2022 06:27:42 -0400", "topics": [], "sentiment": "Neutral", "type": "Article", "tickers": ["BTC", "DOGE", "ETH"]}, {"news_url": "https://www.financemagnates.com/cryptocurrency/news/weekly-bitcoin-exchange-outflows-increase-sharply/", "image_url": "https://crypto.snapi.dev/images/v1/5/h/bitcoin20h20d-id-b1adbe4f-05c1-4a02-ae5c-88dcdc44166a-size900-117426.jpg", "title": "Weekly Bitcoin Exchange Outflows Increase Sharply", "text": "Amid substantial selling pressure, leading Bitcoin holders moved their crypto assets from exchanges last week. According to Glassnode, weekly net BTC exchange flows turned negative in the recent week.", "source_name": "FinanceMagnates", "date": "Mon, 14 Mar 2022 06:26:00 -0400", "topics": [], "sentiment": "Neutral", "type": "Article", "tickers": ["BTC"]}, {"news_url": "https://decrypt.co/95000/elon-musk-wont-sell-bitcoin-ethereum-doge-inflation-concerns", "image_url": "https://crypto.snapi.dev/images/v1/3/9/screen-shot-2018-09-18-at-17-41-gid-6-117429.png", "title": "Elon Musk 'Won't Sell' His Bitcoin, Ethereum, DOGE Amid Inflation Concerns", "text": "The CEO of SpaceX and Tesla continues to back his bullish bets on crypto and \u201cphysical things\u201d as inflation pressure mounts.", "source_name": "Decrypt", "date": "Mon, 14 Mar 2022 06:25:17 -0400", "topics": [], "sentiment": "Negative", "type": "Article", "tickers": ["BTC", "DOGE", "ETH"]}, {"news_url": "![CDATA[https://decrypt.co/95000/elon-musk-wont-sell-bitcoin-ethereum-doge-inflation-concerns]]", "image_url": "https://crypto.snapi.dev/images/v1/q/h/screen-shot-2018-09-18-at-17-41-gid-6-117965.png", "title": "Elon Musk 'Won't Sell' His Bitcoin, Ethereum, Dogecoin Amid Inflation Concerns", "text": "The CEO of SpaceX and Tesla continues to back his bullish bets on crypto and \u201cphysical things\u201d as inflation pressure mounts.", "source_name": "Decrypt", "date": "Mon, 14 Mar 2022 06:25:17 -0400", "topics": [], "sentiment": "Positive", "type": "Article", "tickers": ["BTC", "DOGE", "ETH"]}, {"news_url": "https://en.cryptonomist.ch/2022/03/14/elon-musk-im-not-selling-my-bitcoin-ethereum-and-dogecoin/", "image_url": "https://crypto.snapi.dev/images/v1/p/p/elon-musk-bitcoin-300x200-117445.jpg", "title": "Elon Musk: I'm not selling my Bitcoin, Ethereum and Dogecoin", "text": "The CEO of Tesla responded to a tweet by Michael Saylor", "source_name": "The Cryptonomist", "date": "Mon, 14 Mar 2022 06:15:14 -0400", "topics": [], "sentiment": "Neutral", "type": "Article", "tickers": ["BTC", "DOGE", "ETH"]}, {"news_url": "https://coinpedia.org/price-analysis/this-is-why-ripple-xrp-price-may-encounter-the-first-bearish-week-of-2022/", "image_url": "https://crypto.snapi.dev/images/v1/s/8/crypto6-117418.jpg", "title": "This is Why Ripple's XRP Price May Encounter the First Bearish Week of 2022, Where Will the Price Land?", "text": "The entire crypto space is displaying a misty environment where-in fewer possibilities of a bull run are witnessed. Conversely, a huge probability of the asset falling into bearish trap surfaces and hence XRP price is also feared to lose more than 20% in the upcoming days. The bearish predictions include the technical, fundamental and social \u2026", "source_name": "CoinPedia", "date": "Mon, 14 Mar 2022 06:04:05 -0400", "topics": [], "sentiment": "Negative", "type": "Article", "tickers": ["XRP"]}, {"news_url": "https://coingape.com/?p=104151", "image_url": "https://crypto.snapi.dev/images/v1/k/a/kanchanara-6wdih6evkrm-unsplash-1-scaled-116938-117165-117456.jpg", "title": "BTC Holders Not Selling Amid Market Correction As Bitcoin's Illiquid Supply Rises 3.2X", "text": "Data from on-chain analytics firm Glassnode shows that despite price volatility, rising inflation, and geopolitical tensions, the majority of the BTC supply has not left its wallet since the start of the year. It signifies the rising appeal of Bitcoin among institutional and retail investors, with nobody interested in selling it.", "source_name": "Coingape", "date": "Mon, 14 Mar 2022 06:02:02 -0400", "topics": [], "sentiment": "Positive", "type": "Article", "tickers": ["BTC"]}, {"news_url": "https://u.today/top-analysts-bitcoin-btc-chart-pattern-explains-why-it-trades-below-50000?SNAPI", "image_url": "https://crypto.snapi.dev/images/v1/w/e/13292-117417.jpg", "title": "Top Analyst's Bitcoin (BTC) Chart Pattern Explains Why It Trades Below $50,000", "text": "Here's what Bitcoin's chart movements tell us", "source_name": "UToday", "date": "Mon, 14 Mar 2022 05:49:00 -0400", "topics": [], "sentiment": "Neutral", "type": "Article", "tickers": ["BTC"]}, {"news_url": "https://thecurrencyanalytics.com/altcoins/solana-sol-pay-evolving-to-be-a-user-friendly-payment-gateway-40005.php", "image_url": "https://crypto.snapi.dev/images/v1/y/b/solana-sol-pay-evolving-to-be-a-user-friendly-payment-gateway-117415.jpg", "title": "Solana (SOL) Pay Evolving to be a User-Friendly Payment Gateway", "text": "Catch up on the latest crypto market news at The Currency Analytics. Solana Pay \u2013 Innovative Initiative in Payment Process How Solana Execution differs from others?", "source_name": "The Currency Analytics", "date": "Mon, 14 Mar 2022 05:42:35 -0400", "topics": [], "sentiment": "Positive", "type": "Article", "tickers": ["SOL"]}, {"news_url": "https://en.cryptonomist.ch/2022/03/14/could-solana-pay-compete-paypal-fast-payments/", "image_url": "https://crypto.snapi.dev/images/v1/n/u/solana-pay-1-300x200-117412.jpg", "title": "Could Solana Pay compete with PayPal for fast payments?", "text": "The decentralized payment gateway between merchants and customers", "source_name": "The Cryptonomist", "date": "Mon, 14 Mar 2022 05:28:47 -0400", "topics": [], "sentiment": "Neutral", "type": "Article", "tickers": ["SOL"]}, {"news_url": "https://beincrypto.com/how-people-are-making-millions-with-xrp-terra-and-seesaw-protocol/", "image_url": "https://crypto.snapi.dev/images/v1/f/w/cover-image-seesaw-sponsored-articlejpgoptimal-117416.jpg", "title": "How People Are Making Millions With XRP, Terra, and Seesaw Protocol", "text": "You've undoubtedly already heard the name \u2013 one of the hottest names in crypto at the moment \u2013 Seesaw Protocol (SSW). The post How People Are Making Millions With XRP, Terra, and Seesaw Protocol appeared first on BeInCrypto.", "source_name": "BeInCrypto", "date": "Mon, 14 Mar 2022 05:18:34 -0400", "topics": [], "sentiment": "Neutral", "type": "Article", "tickers": ["LUNA", "SSW", "XRP"]}, {"news_url": "https://en.cryptonomist.ch/2022/03/14/bitcoin-legal-tender-also-mexico/", "image_url": "https://crypto.snapi.dev/images/v1/x/r/mexico-bitcoin-300x200-117413.jpg", "title": "Bitcoin legal tender also in Mexico?", "text": "There are rumours that the Central American country is interested in Bitcoin", "source_name": "The Cryptonomist", "date": "Mon, 14 Mar 2022 05:15:52 -0400", "topics": [], "sentiment": "Neutral", "type": "Article", "tickers": ["BTC"]}, {"news_url": "https://dailyhodl.com/2022/03/13/ethereum-scaling-altcoin-surges-nearly-80-in-just-one-week-after-200000000-funding-raise/", "image_url": "https://crypto.snapi.dev/images/v1/f/z/analyzing-coins-newsjpgfit10242c600ssl1-117419.jpg", "title": "Ethereum Scaling Altcoin Surges 79% in Just One Week After $200,000,000 Funding Raise", "text": "An altcoin focused on the non-fungible token (NFT) sector has surged while most of the digital asset markets consolidate or trend down. Immutable X (IMX) is a scaling solution for Ethereum NFTs that aims to provide users with near-instant, low fee transactions. According to the project, the Immutable X engine allows for 9,000 transactions per [\u2026] The post Ethereum Scaling Altcoin Surges 79% in Just One Week After $200,000,000 Funding Raise appeared first on The Daily Hodl.", "source_name": "The Daily Hodl", "date": "Mon, 14 Mar 2022 05:15:21 -0400", "topics": [], "sentiment": "Positive", "type": "Article", "tickers": ["ETH"]}, {"news_url": "https://cryptonews.com/news/elon-musk-wont-sell-bitcoin-ethereum-dogecoins-as-inflation-soars-recession-risk-grows.htm", "image_url": "https://crypto.snapi.dev/images/v1/7/a/a33f4ce584-117407.jpg", "title": "Elon Musk Won't Sell Bitcoin, Ethereum, Dogecoins as Inflation Soars and Recession Risk Grows", "text": "Tesla and SpaceX founder Elon Musk has reiterated his commitment to holding his stack of bitcoin (BTC), ethereum (ETH), and dogecoin (DOGE) when preaching to his more than 77m Twitter followers about ways to hedge against inflation.", "source_name": "Cryptonews", "date": "Mon, 14 Mar 2022 05:00:00 -0400", "topics": [], "sentiment": "Neutral", "type": "Article", "tickers": ["BTC", "ETH", "DOGE"]}, {"news_url": "https://beincrypto.com/kiln-testnet-running-smoothly-clock-ticks-ethereum-merge/", "image_url": "https://crypto.snapi.dev/images/v1/c/o/ethereum-eipsjpgoptimal-117404.jpg", "title": "Kiln Testnet Running Smoothly as Clock Ticks Down to Ethereum \u2018Merge'", "text": "The Ethereum network has entered one of the final testing phases before the long-awaited \u2018Merge' heralds in a new era of proof-of-stake consensus. The post Kiln Testnet Running Smoothly as Clock Ticks Down to Ethereum \u2018Merge' appeared first on BeInCrypto.", "source_name": "BeInCrypto", "date": "Mon, 14 Mar 2022 04:45:00 -0400", "topics": [], "sentiment": "Neutral", "type": "Article", "tickers": ["ETH"]}, {"news_url": "https://cryptopotato.com/banning-bitcoin-will-be-a-trillion-dollar-mistake-michael-saylor-on-eus-mica/", "image_url": "https://crypto.snapi.dev/images/v1/n/2/michaelsaylor-min-117403.jpg", "title": "Banning Bitcoin Will be a Trillion-Dollar Mistake: Michael Saylor on EU's MiCA", "text": "MicroStrategy CEO and Bitcoin advocate Michael Saylor spoke out about the recent raft of restrictions that are looming over the crypto industry.", "source_name": "CryptoPotato", "date": "Mon, 14 Mar 2022 04:43:25 -0400", "topics": [], "sentiment": "Negative", "type": "Article", "tickers": ["BTC"]}, {"news_url": "https://en.cryptonomist.ch/2022/03/14/bitcoin-37-7k-ethereum-2-5k-xrp-price-analyses/", "image_url": "https://crypto.snapi.dev/images/v1/3/x/bitcoin-analysis4-1-300x200-117408.jpg", "title": "Bitcoin ($37.7k), Ethereum ($2.5k), XRP Price Analyses", "text": "The Fear and Greed Index is 23 Extreme Fear", "source_name": "The Cryptonomist", "date": "Mon, 14 Mar 2022 04:30:57 -0400", "topics": [], "sentiment": "Neutral", "type": "Article", "tickers": ["BTC", "ETH", "XRP"]}, {"news_url": "https://www.financemagnates.com/cryptocurrency/news/i-still-own-bitcoin-ethereum-and-doge-says-elon-musk/", "image_url": "https://crypto.snapi.dev/images/v1/u/a/bitcoin-id-4d4cad72-bb7a-40ec-9a8f-39c08a331e44-size900-117402.jpg", "title": "I Still Own Bitcoin, Ethereum, and Doge, Says Elon Musk", "text": "The inflation rate in the United States is skyrocketing. Recently, the figure touched its highest level in nearly 40 years.", "source_name": "FinanceMagnates", "date": "Mon, 14 Mar 2022 04:25:00 -0400", "topics": [], "sentiment": "Positive", "type": "Article", "tickers": ["BTC", "DOGE", "ETH"]}, {"news_url": "https://beincrypto.com/bitcoin-btc-sideways-trend-closes-week-long-wick/", "image_url": "https://crypto.snapi.dev/images/v1/p/c/bic-btc-fractals-similar-pattern-long-term-chartjpgoptimal-117401.jpg", "title": "Bitcoin (BTC) Continues Sideways Trend, Closes Another Week With Long Wick", "text": "Bitcoin (BTC) created a slightly bearish candlestick in the weekly time frame and the majority of other technical readings remain neutral. The post Bitcoin (BTC) Continues Sideways Trend, Closes Another Week With Long Wick appeared first on BeInCrypto.", "source_name": "BeInCrypto", "date": "Mon, 14 Mar 2022 04:07:32 -0400", "topics": [], "sentiment": "Neutral", "type": "Article", "tickers": ["BTC"]}, {"news_url": "https://coinpedia.org/altcoin/on-chain-data-hints-bullish-reversal-for-top-altcoins-heres-what-is-store-for-btc-xrp-bnb-this-week/", "image_url": "https://crypto.snapi.dev/images/v1/8/f/crypto5-117400.jpg", "title": "On-Chain Data Hints Bullish Reversal For Top Altcoins! Here's What is Store For BTC, XRP & BNB This Week", "text": "Santiment, a popular on-chain data provider, tweeted that trader mood is improving for three of the top ten digital currencies: Bitcoin, BNB, and XRP. However, according to the research, trading sentiment for Polkadot (DOT) has deteriorated even worse. XRP, BNB, BTC Price are Expected to Rise Sentiment that has been weighed as of late, trader \u2026", "source_name": "CoinPedia", "date": "Mon, 14 Mar 2022 04:06:00 -0400", "topics": [], "sentiment": "Neutral", "type": "Article", "tickers": ["BNB", "BTC", "XRP"]}, {"news_url": "https://cointelegraph.com/news/two-years-since-the-covid-crash-5-things-to-know-in-bitcoin-this-week", "image_url": "https://crypto.snapi.dev/images/v1/e/x/840-ahr0chm6ly9zmy5jb2ludgvszwdyyxbolmnvbs91cgxvywrzlziwmjitmdmvy2nkngu5yzgtmgi3zi00yji3lwizztetm2niogflmwizodnklmpwzw-117398.jpg", "title": "Two years since the Covid crash: 5 things to know in Bitcoin this week", "text": "It's been two years since BTC/USD crashed to $3,600, and it is trading over ten times higher \u2014 but clouds, as ever, are looming large.", "source_name": "Cointelegraph", "date": "Mon, 14 Mar 2022 03:54:47 -0400", "topics": [], "sentiment": "Neutral", "type": "Article", "tickers": ["BTC"]}, {"news_url": "https://www.cryptoglobe.com/latest/2022/03/shark-explains-how-institutional-investors-have-found-a-way-to-own-green-bitcoin/", "image_url": "https://crypto.snapi.dev/images/v1/k/p/kevin-oleary-february-2017-117397.jpg", "title": "\u201cShark\u201d Explains How Institutional Investors Have Found a Way To Own \u201cGreen\u201d Bitcoin", "text": "Celebrity investor Kevin O'Leary\u00a0(aka \u201cMr. Wonderful\u201d on ABC TV series \u201cShark Tank\u201c)\u00a0says that institutional investors concerned about the environmental impact of Bitcoin have found a new \u2014 albeit indirect way \u2014 to own \u201cgreen\u201d Bitcoin. According to the transcript (by The Daily Hodl) of an interview that was released on his YouTube channel last Friday [\u2026]", "source_name": "CryptoGlobe", "date": "Mon, 14 Mar 2022 03:47:30 -0400", "topics": ["institutions"], "sentiment": "Neutral", "type": "Article", "tickers": ["BTC"]}, {"news_url": "https://coinpedia.org/bitcoin/bitcoin-to-break-the-consolidation-soon-will-btc-price-hit-50k-by-end-of-q1-2022/", "image_url": "https://crypto.snapi.dev/images/v1/j/6/crypto4-117396.jpg", "title": "Bitcoin to Break the Consolidation Soon, Will BTC Price Reach $50K by the End of Q1 2022?", "text": "Bitcoin is hovering within a similar narrow region of $37,500 to $39,000 for the past 10 days which included a fake out above $40K. Continuing the same accumulation, the asset is expected to test the same resistance yet again. But like each time, a huge drain may drag the price again towards $37,000 or below. \u2026", "source_name": "CoinPedia", "date": "Mon, 14 Mar 2022 03:45:06 -0400", "topics": [], "sentiment": "Neutral", "type": "Article", "tickers": ["BTC"]}, {"news_url": "https://en.cryptonomist.ch/2022/03/14/mica-law-could-ban-bitcoin-voted-european-parliament/", "image_url": "https://crypto.snapi.dev/images/v1/g/3/mica-european-parliament-1-300x200-117395.jpg", "title": "MiCA law that could ban Bitcoin voted on in European Parliament", "text": "The new European regulation on cryptocurrencies (MiCA) that might ban Bitcoin and Ethereum has arrived", "source_name": "The Cryptonomist", "date": "Mon, 14 Mar 2022 03:24:53 -0400", "topics": [], "sentiment": "Negative", "type": "Article", "tickers": ["BTC"]}, {"news_url": "https://markets.businessinsider.com/news/currencies/elon-musk-own-physical-things-wont-sell-bitcoin-ether-doge-2022-3", "image_url": "https://crypto.snapi.dev/images/v1/w/u/618bd50023745d001825d29eformatjpeg-117399.jpg", "title": "Elon Musk advises owning 'physical things' like homes and stocks when inflation is high \u2013 but says he won't sell his bitcoin, ether, and dogecoin", "text": "Tesla and SpaceX CEO Musk, the world's richest person, was discussing runaway inflation, and what to do about it, on Twitter on Monday.", "source_name": "Business Insider", "date": "Mon, 14 Mar 2022 03:12:00 -0400", "topics": [], "sentiment": "Positive", "type": "Article", "tickers": ["BTC", "DOGE", "ETH"]}, {"news_url": "https://dailyhodl.com/2022/03/14/ethereum-whales-are-quietly-accumulating-one-of-eths-biggest-competitors/", "image_url": "https://crypto.snapi.dev/images/v1/0/c/eth-whales-rivaljpgfit10242c600ssl1-117394.jpg", "title": "Ethereum Whales Are Quietly Accumulating One of ETH's Biggest Competitors", "text": "New on-chain data shows that some of the largest Ethereum whales in existence are investing in one of ETH's primary competitors. According to the latest weekly numbers from WhaleStats, the top 100 largest Ethereum wallets are making significant investments in Wrapped Luna (WLUNA). Wrapped Luna is pegged to and can be swapped for Ethereum rival [\u2026] The post Ethereum Whales Are Quietly Accumulating One of ETH's Biggest Competitors appeared first on The Daily Hodl.", "source_name": "The Daily Hodl", "date": "Mon, 14 Mar 2022 03:04:01 -0400", "topics": ["whales"], "sentiment": "Neutral", "type": "Article", "tickers": ["ETH"]}, {"news_url": "https://www.financemagnates.com/cryptocurrency/news/eus-amended-crypto-legislation-adds-bitcoin-banning-measures-again/", "image_url": "https://crypto.snapi.dev/images/v1/j/x/european20union-id-952f7554-8c67-473f-9302-c4460b207b1a-size900-117392.jpg", "title": "EU's Amended Crypto Legislation Adds Bitcoin-Banning Measures Again", "text": "The European Union has added some clause around proof-of-work cryptocurrencies on its proposed legislation ahead of its lawmakers are about to on the bill on March 14, The Block reported.", "source_name": "FinanceMagnates", "date": "Mon, 14 Mar 2022 03:02:00 -0400", "topics": [], "sentiment": "Neutral", "type": "Article", "tickers": ["BTC"]}, {"news_url": "https://cryptopotato.com/elon-musk-wont-sell-his-bitcoin-reveals-what-assets-to-hold-during-high-inflation/", "image_url": "https://crypto.snapi.dev/images/v1/u/r/20210909-crypto-exchanges-regulators-800x450-114924-115437-116649-117111-117390.jpg", "title": "Elon Musk Won't Sell His Bitcoin, Reveals What Assets to Hold During High Inflation", "text": "Elon Musk, the world's richest man, revealed what assets he thinks it's good to hold when inflation is high while saying he won't sell his BTC, ETH, and DOGE.", "source_name": "CryptoPotato", "date": "Mon, 14 Mar 2022 02:52:56 -0400", "topics": [], "sentiment": "Positive", "type": "Article", "tickers": ["BTC"]}, {"news_url": "https://news.bitcoin.com/mica-amendments-proposed-last-minute-revive-threat-of-eu-ban-on-bitcoin-report-reveals/", "image_url": "https://crypto.snapi.dev/images/v1/z/r/shutterstock-1261992364-117389.jpg", "title": "MiCA Amendments Proposed Last Minute Revive Threat of EU Ban on Bitcoin, Report Reveals", "text": "Changes to the EU's MiCA proposal to regulate crypto markets, suggested shortly before a vote on the package, indicate a bitcoin ban is still a possibility. Despite recently removing wording that would have prohibited coins with energy-intensive mining, some members of the European Parliament are now targeting \u201cunsustainable\u201d cryptocurrencies. New MiCA Paragraphs Call for Subjecting [\u2026]", "source_name": "Bitcoin", "date": "Mon, 14 Mar 2022 02:30:33 -0400", "topics": [], "sentiment": "Negative", "type": "Article", "tickers": ["BTC"]}, {"news_url": "https://www.forbes.com/sites/billybambrough/2022/03/14/i-wont-sell-tesla-billionaire-elon-musk-issues-inflation-advice-as-the-price-of-his-bitcoin-ethereum-and-dogecoin-plummet/", "image_url": "https://crypto.snapi.dev/images/v1/z/x/i-wont-selltesla-billionaire-elon-musk-issues-inflation-advice-as-the-price-of-his-bitcoin-ethereum-and-dogecoin-plummet-117388.jpg", "title": "\u2018I Won't Sell'\u2014Tesla Billionaire Elon Musk Issues Inflation Advice As The Price Of His Bitcoin, Ethereum And Dogecoin Plummet", "text": "Tesla billionaire Elon Musk has said he still owns and \"won't sell\" his bitcoin, ethereum and dogecoin\u2014advising people not to hold dollars when inflation is high...", "source_name": "Forbes", "date": "Mon, 14 Mar 2022 02:30:30 -0400", "topics": [], "sentiment": "Neutral", "type": "Article", "tickers": ["BTC", "DOGE", "ETH"]}, {"news_url": "https://www.cryptopolitan.com/ripple-price-analysis-2022-03-14/", "image_url": "https://crypto.snapi.dev/images/v1/r/l/xrp-117387.jpg", "title": "Ripple price analysis: Bulls push XRP past $0.764 barrier", "text": "TL;DR Breakdown Ripple price analysis is bullish today. Strong resistance is present at $0.784.", "source_name": "Cryptopolitan", "date": "Mon, 14 Mar 2022 02:27:42 -0400", "topics": ["tanalysis"], "sentiment": "Positive", "type": "Article", "tickers": ["XRP"]}, {"news_url": "https://www.cryptopolitan.com/polkadot-price-analysis-2022-03-12/", "image_url": "https://crypto.snapi.dev/images/v1/6/a/polkadot-price-analysis-price-elevates-to-2241-as-bulls-continue-scoring-high-1-117386.jpg", "title": "Polkadot price analysis: DOT/USD set to spike higher in the next 24 hours", "text": "TL;DR Breakdown Polkadot price analysis shows a bullish trend. Resistance for DOT is found at the $18.6 level.", "source_name": "Cryptopolitan", "date": "Mon, 14 Mar 2022 02:19:26 -0400", "topics": ["tanalysis"], "sentiment": "Positive", "type": "Article", "tickers": ["DOT"]}, {"news_url": "https://www.newsbtc.com/analysis/eth/ethereum-needs-to-clear-2650/", "image_url": "https://crypto.snapi.dev/images/v1/x/5/shutterstock-547233985-117385.jpg", "title": "TA: Why Ethereum Needs To Clear $2,650 For Hopes of a Fresh Rally", "text": "Ethereum extended decline below the $2,525 support zone against the US Dollar. ETH price remained bid near $2,500 and currently attempting an upside break.", "source_name": "NewsBTC", "date": "Mon, 14 Mar 2022 02:18:05 -0400", "topics": ["tanalysis"], "sentiment": "Positive", "type": "Article", "tickers": ["ETH"]}, {"news_url": "https://www.benzinga.com/markets/cryptocurrency/22/03/26115951/ethereum-co-founder-says-russia-ukraine-war-has-pushed-crypto-adoption-to-a-point-of-no-re?SNAPI", "image_url": "https://crypto.snapi.dev/images/v1/m/j/joseph-lubin-24961252025-117391.jpeg", "title": "Ethereum Co-Founder Says Russia-Ukraine War Has Pushed Crypto Adoption To A Point Of 'No Return'", "text": "Ethereum (CRYPTO: ETH) co-founder Joe Lubin said the ongoing war between Russia and Ukraine has pushed cryptocurrency adoption to \u201ca point of no return.\u201d", "source_name": "Benzinga", "date": "Mon, 14 Mar 2022 01:53:00 -0400", "topics": [], "sentiment": "Positive", "type": "Article", "tickers": ["ETH"]}, {"news_url": "https://coingape.com/?p=104132", "image_url": "https://crypto.snapi.dev/images/v1/c/r/crypto-market-review-117028-117251-117441.jpg", "title": "\u201cWon't Sell Bitcoin, Ethereum or Doge\u201d- Elon Musk", "text": "Elon Musk, chief executive officer (CEO) of Tesla, in a tweet on Monday, shares his concerns over the rising rate of inflation as a result of the escalating Russian-Ukraine crisis. However, despite the rising inflation, he would not sell his Bitcoin, Ethereum, or Doge holdings for what it's worth.", "source_name": "Coingape", "date": "Mon, 14 Mar 2022 01:48:49 -0400", "topics": [], "sentiment": "Neutral", "type": "Article", "tickers": ["BTC", "DOGE", "ETH"]}, {"news_url": "https://coingape.com/?p=104131", "image_url": "https://crypto.snapi.dev/images/v1/c/r/crypto-117085-117440.jpeg", "title": "Crypto Market Enters Correction As EU Mulls Banning Bitcoin and PoW Crypto", "text": "The crypto market has come under pressure once again ahead of the European Union reportedly working to pass a bill banning all Proof-of-Work (PoW) cryptocurrencies citing environmental concerns. This means that the EU could potentially ban Bitcoin as well!", "source_name": "Coingape", "date": "Mon, 14 Mar 2022 01:38:17 -0400", "topics": [], "sentiment": "Negative", "type": "Article", "tickers": ["BTC"]}, {"news_url": "https://www.cryptopolitan.com/polkadot-price-analysis-2022-03-14/", "image_url": "https://crypto.snapi.dev/images/v1/1/d/dot-4-117382.jpg", "title": "Polkadot price analysis: Bulls drive the price to $17.4 after an upswing", "text": "TL;DR Breakdown The Polkadot price analysis is bullish. Resistance for DOT is found at the $18.1 level.", "source_name": "Cryptopolitan", "date": "Mon, 14 Mar 2022 01:36:54 -0400", "topics": ["tanalysis"], "sentiment": "Positive", "type": "Article", "tickers": ["DOT"]}, {"news_url": "https://beincrypto.com/el-salvador-bitcoin-bonds-roll-out-mixed-sentiment/", "image_url": "https://crypto.snapi.dev/images/v1/v/c/bic-btc-el-salvador-governmentjpgoptimal-117380.jpg", "title": "El Salvador Bitcoin Bonds Set to Roll Out Amid Mixed Sentiment", "text": "The launch of El Salvador's bitcoin bonds is relying heavily on retail investors for its imminent launch, but institutional skepticism threatens the success of the project. The post El Salvador Bitcoin Bonds Set to Roll Out Amid Mixed Sentiment appeared first on BeInCrypto.", "source_name": "BeInCrypto", "date": "Mon, 14 Mar 2022 00:50:44 -0400", "topics": [], "sentiment": "Neutral", "type": "Article", "tickers": ["BTC"]}, {"news_url": "https://cryptonews.com/news/bitcoin-ethereum-stuck-range-luna-inches-higher.htm", "image_url": "https://crypto.snapi.dev/images/v1/6/c/crypto11-117242-117379.jpg", "title": "Bitcoin and Ethereum Stuck in a Range, LUNA Inches Higher", "text": "Bitcoin price attempted an upside correction above USD 39,000. However, BTC failed to clear the USD 39,500 resistance zone and is currently (04:22 UTC) trading near USD 38,600.", "source_name": "Cryptonews", "date": "Mon, 14 Mar 2022 00:36:00 -0400", "topics": [], "sentiment": "Neutral", "type": "Article", "tickers": ["BTC", "ETH", "LUNA"]}, {"news_url": "https://beincrypto.com/99-large-transaction-bitcoin-trading-volume-institutions/", "image_url": "https://crypto.snapi.dev/images/v1/d/n/shutterstock-crypto-scamsjpgoptimal-117378.jpg", "title": "99% of \u2018Large Transaction' Bitcoin Trading Volume Comes From Institutions, Says Report", "text": "New data shows that institutional investors are playing an increasingly notable role in Bitcoin transactions, trading, and investing. The post 99% of \u2018Large Transaction' Bitcoin Trading Volume Comes From Institutions, Says Report appeared first on BeInCrypto.", "source_name": "BeInCrypto", "date": "Mon, 14 Mar 2022 00:09:39 -0400", "topics": ["institutions"], "sentiment": "Neutral", "type": "Article", "tickers": ["BTC"]}, {"news_url": "https://coingape.com/?p=104130", "image_url": "https://crypto.snapi.dev/images/v1/n/a/naib-117151-117437.png", "title": "El Salvador's 10-Year Bitcoin (BTC) Bonds Coming This Week, Here's What At Risk", "text": "The wait for El Salvador's Bitcoin Bonds is likely to end this week! As per the latest report from Financial Times, the Bitcoin bonds shall be available for purchase this week!", "source_name": "Coingape", "date": "Mon, 14 Mar 2022 00:03:21 -0400", "topics": [], "sentiment": "Neutral", "type": "Article", "tickers": ["BTC"]}, {"news_url": "https://www.cryptopolitan.com/bitcoin-ethereum-ftx-token-and-bitcoin-cash-daily-price-analyses-13-march-roundup/", "image_url": "https://crypto.snapi.dev/images/v1/t/o/toby-christopher-limp8mmzblq-unsplash-98255-117374.jpg", "title": "Bitcoin, Ethereum, FTX Token, and Bitcoin Cash Daily Price Analyses \u2013 13 March Roundup", "text": "TL;DR Breakdown The global crypto market continues chaotically, shedding 2.55%. Bitcoin hasn't changed its situation as it takes a dip of 2.45% in 24 hours.", "source_name": "Cryptopolitan", "date": "Sun, 13 Mar 2022 23:12:43 -0400", "topics": [], "sentiment": "Negative", "type": "Article", "tickers": ["BCH", "BTC", "ETH", "FTT"]}, {"news_url": "https://www.newsbtc.com/analysis/btc/bitcoin-consolidates-above-37-5k/", "image_url": "https://crypto.snapi.dev/images/v1/9/z/bitcoin-price-analysis-2022-03-12-117161-117372.png", "title": "TA: Bitcoin Consolidates Above $37.5K, Why BTC Could Nosedive", "text": "Bitcoin is trading in a bearish zone below $39,000 against the US Dollar. BTC could accelerate lower if it continues to struggle below $39,500.", "source_name": "NewsBTC", "date": "Sun, 13 Mar 2022 23:08:23 -0400", "topics": ["tanalysis"], "sentiment": "Negative", "type": "Article", "tickers": ["BTC"]}, {"news_url": "https://beincrypto.com/stripe-crypto-payments-four-years-ending-bitcoin-support/", "image_url": "https://crypto.snapi.dev/images/v1/4/f/bic-artwork-beginner-s-series-cryptocurrencyjpgoptimal-117371.jpg", "title": "Stripe Starts Taking Crypto Payments Again, Four Years After Ending Bitcoin Support", "text": "Stripe has started accepting cryptocurrency as a means of payment again, four years after the online payments company dropped support for bitcoin. The post Stripe Starts Taking Crypto Payments Again, Four Years After Ending Bitcoin Support appeared first on BeInCrypto.", "source_name": "BeInCrypto", "date": "Sun, 13 Mar 2022 22:49:27 -0400", "topics": [], "sentiment": "Positive", "type": "Article", "tickers": ["BTC"]}, {"news_url": "https://www.cryptopolitan.com/ripple-price-analysis-2022-03-13/", "image_url": "https://crypto.snapi.dev/images/v1/l/a/nick-chong-n-bnvq-w18-unsplash-1140x815-117369.jpeg", "title": "Ripple price analysis: XRP to continue bearish outlook before stabilising at $0.75 support", "text": "TL;DR Breakdown Ripple price analysis shows price continuing to test $0.8 demand zone Yesterday's 10 percent push wiped off as bears takeover XRP set to find lows before forming solidity [\u2026]", "source_name": "Cryptopolitan", "date": "Sun, 13 Mar 2022 22:42:59 -0400", "topics": ["tanalysis"], "sentiment": "Negative", "type": "Article", "tickers": ["XRP"]}, {"news_url": "https://coinpedia.org/altcoin/xrp-price-might-plunge-to-0-6-level-this-week-is-this-the-beginning-of-bear-market-2022/", "image_url": "https://crypto.snapi.dev/images/v1/0/f/og-collateral-wide-1-109290-110898-113542-117366.jpg", "title": "XRP Price Might Plunge To $0.6 Level This Week! Is This the Beginning of Bear Market 2022?", "text": "During the intraday session, Ripple's XRP traded between $0.78 and $0.80, while the broader cryptocurrency market saw slight gains. In the previous seven days, the coin has gained 4% and is presently trading at $0.78.With the week ending March 13, XRP price fell again, increasing concerns that the coin could face another drop towards the \u2026", "source_name": "CoinPedia", "date": "Sun, 13 Mar 2022 22:00:52 -0400", "topics": [], "sentiment": "Negative", "type": "Article", "tickers": ["XRP"]}], "total_pages": 42}