{"data": [{"news_url": "https://u.today/ancient-bitcoin-wallet-holding-407-btc-comes-to-life?SNAPI", "image_url": "https://crypto.snapi.dev/images/v1/u/c/adobestock-480055432-115103.jpeg", "title": "Ancient Bitcoin Wallet Holding 407 BTC Comes to Life", "text": "The wallet in question hasn't been touched for eight years", "source_name": "UToday", "date": "Mon, 07 Mar 2022 01:26:00 -0500", "topics": [], "sentiment": "Neutral", "type": "Article", "tickers": ["BTC"]}, {"news_url": "https://beincrypto.com/bitcoin-mining-electricity-theft-growing-problem-malaysian-utility-companies/", "image_url": "https://crypto.snapi.dev/images/v1/c/j/bic-asia-btc-mining-bitcoinjpgoptimal-115105.jpg", "title": "Bitcoin Mining and Electricity Theft a Growing Problem for Malaysian Utility Companies", "text": "Electricity theft in Malaysia by bitcoin miners cost power utility companies hundreds of millions of dollars in 2021, but one company wants to change that. The post Bitcoin Mining and Electricity Theft a Growing Problem for Malaysian Utility Companies appeared first on BeInCrypto.", "source_name": "BeInCrypto", "date": "Mon, 07 Mar 2022 01:22:50 -0500", "topics": ["mining"], "sentiment": "Negative", "type": "Article", "tickers": ["BTC"]}, {"news_url": "https://thecurrencyanalytics.com/bitcoin/turkey-inflation-to-54-will-they-consider-bitcoin-btc-39613.php", "image_url": "https://crypto.snapi.dev/images/v1/j/e/turkey-inflation-to-54-will-they-consider-bitcoin-115102.jpg", "title": "Turkey Inflation to 54% Will They Consider Bitcoin (BTC)?", "text": "Catch up on the latest crypto market news at The Currency Analytics. Bitcoin Magazine shared: Turkey's inflation surged to 54%, the highest in 20 years.", "source_name": "The Currency Analytics", "date": "Mon, 07 Mar 2022 01:00:03 -0500", "topics": [], "sentiment": "Neutral", "type": "Article", "tickers": ["BTC"]}, {"news_url": "https://coingape.com/?p=103115", "image_url": "https://crypto.snapi.dev/images/v1/q/u/quantitatives-cltuytkqu6w-unsplash-scaled-114390-114541-114907-115146.jpg", "title": "Gold Takes Center Stage As Bitcoin (BTC) Fails to Decouple With Equity", "text": "Bitcoin's role in the global financial turns increasingly important amid the geopolitical situation panning out with the Russia Ukraine crisis. After a move last to decouple itself from the equity market.", "source_name": "Coingape", "date": "Mon, 07 Mar 2022 00:34:12 -0500", "topics": [], "sentiment": "Negative", "type": "Article", "tickers": ["BTC"]}, {"news_url": "https://www.cryptopolitan.com/bitcoin-ethereum-stellar-xlm-and-hedera-daily-price-analyses-6-march-roundup/", "image_url": "https://crypto.snapi.dev/images/v1/g/j/6220ff4fd72a25001973efcfformatjpeg-114387-114634-115101.jpg", "title": "Bitcoin, Ethereum, Stellar XLM, and Hedera Daily Price Analyses \u2013 6 March Roundup", "text": "TL;DR Breakdown The global crypto market sees another dip, sheds 4.06% in 24 hours. Bitcoin is the leading coin in the dip, shedding 3.41% in 24 hours.", "source_name": "Cryptopolitan", "date": "Sun, 06 Mar 2022 23:33:01 -0500", "topics": [], "sentiment": "Negative", "type": "Article", "tickers": ["BTC", "ETH", "HBAR", "XLM"]}, {"news_url": "https://cryptonews.com/news/bitcoin-ethereum-break-key-support-altcoins-dive.htm", "image_url": "https://crypto.snapi.dev/images/v1/v/k/bitcoin-price-2-gid-4-114928-115100.jpg", "title": "Bitcoin and Ethereum Break Key Support, Altcoins Dive", "text": "Bitcoin price kept falling below the key USD 40,000 support zone and broke the USD 38,500 support zone. It is currently (04:12 UTC) down 3% and is showing bearish signs near USD 37,900.", "source_name": "Cryptonews", "date": "Sun, 06 Mar 2022 23:26:00 -0500", "topics": [], "sentiment": "Negative", "type": "Article", "tickers": ["BTC", "ETH"]}, {"news_url": "https://thecurrencyanalytics.com/bitcoin/will-bitcoin-btc-price-range-from-56k-to-67k-39609.php", "image_url": "https://crypto.snapi.dev/images/v1/k/6/will-bitcoin-btc-price-range-from-56k-to-67k-115097.jpg", "title": "Will Bitcoin (BTC) Price Range from 56K to 67K", "text": "Catch up on the latest crypto market news at The Currency Analytics. Bitcoin Magazine shared: Bitcoin is up about 6,000% since Warren Buffett dismissed it for the first time.", "source_name": "The Currency Analytics", "date": "Sun, 06 Mar 2022 23:00:14 -0500", "topics": [], "sentiment": "Neutral", "type": "Article", "tickers": ["BTC"]}, {"news_url": "https://www.cryptopolitan.com/polkadot-price-analysis-2022-02-06-2/", "image_url": "https://crypto.snapi.dev/images/v1/u/k/chris-liverani-ndfqqq-7qwm-unsplash-1140x815-2-115095.jpeg", "title": "Polkadot price analysis: DOT could plummet past support if $16 barrier does not hold", "text": "TL;DR Breakdown Polkadot price analysis shows bears in the waiting to test $16 support Price dropped as low as $16.59 over the day's trade DOT expected to drop towards $15 if support barrier breaks over 24 hours Polkadot price analysis remains bearish today, as a decline of almost 2 percent took price further towards the [\u2026]", "source_name": "Cryptopolitan", "date": "Sun, 06 Mar 2022 22:23:29 -0500", "topics": ["tanalysis"], "sentiment": "Negative", "type": "Article", "tickers": ["DOT"]}, {"news_url": "https://www.newsbtc.com/analysis/btc/bitcoin-resumes-decline-35k/", "image_url": "https://crypto.snapi.dev/images/v1/e/x/shutterstock-1068219719-114873-115094.jpg", "title": "TA: Bitcoin Resumes Decline, Why BTC Could Revisit $35K", "text": "Bitcoin started a fresh decline below $40,000 against the US Dollar. BTC is gaining bearish momentum and could even drop to the $35,000 support.", "source_name": "NewsBTC", "date": "Sun, 06 Mar 2022 22:18:02 -0500", "topics": ["tanalysis"], "sentiment": "Negative", "type": "Article", "tickers": ["BTC"]}, {"news_url": "https://news.bitcoin.com/wharton-professor-the-fed-has-been-very-wrong-on-inflation-warns-bitcoin-taking-over/", "image_url": "https://crypto.snapi.dev/images/v1/o/r/wharton-prof-115092.jpg", "title": "Wharton Professor Urges the Fed to \u2018Bite the Bullet' and Defend the US Dollar \u2014 Warns About Bitcoin Taking Over", "text": "A finance professor at the Wharton School of the University of Pennsylvania has warned of \u201cbitcoin taking over.\u201d He added that the Fed \u201chas been terribly wrong over the last year\u201d about inflation and must now act to defend the U.S. dollar. Finance Professor Urges the Fed to Take Action to Defend the U.S. Dollar [\u2026]", "source_name": "Bitcoin", "date": "Sun, 06 Mar 2022 21:30:41 -0500", "topics": [], "sentiment": "Neutral", "type": "Article", "tickers": ["BTC"]}, {"news_url": "https://www.benzinga.com/markets/cryptocurrency/22/03/26011134/bitcoin-ethereum-dogecoin-slip-as-russia-ukraine-conflict-gets-entrenched-why-investors-ne?SNAPI", "image_url": "https://crypto.snapi.dev/images/v1/a/m/bitcoin-3290060-1280-1-115089.jpg", "title": "Bitcoin, Ethereum, Dogecoin Slip As Russia-Ukraine Conflict Gets Entrenched \u2014 Why Investors Need To Brace Themselves For A Rollercoaster Week", "text": "Bitcoin traded in the negative territory through the weekend. At press time, on Sunday evening, the global cryptocurrency market cap decreased 4% to $1.8 trillion.", "source_name": "Benzinga", "date": "Sun, 06 Mar 2022 20:57:00 -0500", "topics": [], "sentiment": "Negative", "type": "Article", "tickers": ["BTC", "DOGE", "ETH"]}, {"news_url": "https://news.bitcoin.com/skybridge-capital-founder-doubles-down-on-100k-bitcoin-prediction-btc-reach-500k-long-term/", "image_url": "https://crypto.snapi.dev/images/v1/c/v/bitcoin-115088.jpg", "title": "Skybridge Capital Founder Doubles Down on $100K Bitcoin Prediction \u2014 Expects BTC to Reach $500K Long-Term", "text": "The founder of Skybridge Capital has doubled down on his $100K bitcoin price prediction. He also believes that bitcoin could reach $500K a coin in the long run. \u201cBut we've got some work to do here from a regulatory perspective,\u201d he stressed. The executive also advised how an average investor should get into bitcoin. Skybridge [\u2026]", "source_name": "Bitcoin", "date": "Sun, 06 Mar 2022 19:30:20 -0500", "topics": [], "sentiment": "Positive", "type": "Article", "tickers": ["BTC"]}, {"news_url": "https://dailyhodl.com/2022/03/06/heres-whats-coming-for-bitcoin-now-that-btc-is-below-40000-according-to-top-crypto-analyst/", "image_url": "https://crypto.snapi.dev/images/v1/s/a/woo-bitcoin-racesjpgfit10242c600ssl1-115085.jpg", "title": "Here's What's Coming for Bitcoin Now That BTC Is Below $40,000, According to Top Crypto Analyst", "text": "A closely followed crypto strategist and trader says Bitcoin's recent correction below $40,000 has set the stage for BTC to rally to $50,000 in the coming weeks. Pseudonymous analyst Credible tells his 312,900 Twitter followers that Bitcoin's rejection at $45,069 on March 2nd indicates that BTC is now trading inside a triangle pattern while carving [\u2026] The post Here's What's Coming for Bitcoin Now That BTC Is Below $40,000, According to Top Crypto Analyst appeared first on The Daily Hodl.", "source_name": "The Daily Hodl", "date": "Sun, 06 Mar 2022 18:05:38 -0500", "topics": [], "sentiment": "Negative", "type": "Article", "tickers": ["BTC"]}, {"news_url": "https://www.newsbtc.com/analysis/eth/why-ethereum-may-retest-the-2500-resistance-level/", "image_url": "https://crypto.snapi.dev/images/v1/5/q/eth-1-115083.jpeg", "title": "Why Ethereum May Retest The $2,500 Support Level", "text": "Ethereum has been on. A declining trend like the rest of the market but the leading smart contract platform has been on the receiving end of one of the most brutal beat downs.", "source_name": "NewsBTC", "date": "Sun, 06 Mar 2022 18:00:12 -0500", "topics": ["tanalysis"], "sentiment": "Negative", "type": "Article", "tickers": ["ETH"]}, {"news_url": "https://cointelegraph.com/news/top-5-cryptocurrencies-to-watch-this-week-btc-xrp-near-xmr-waves", "image_url": "https://crypto.snapi.dev/images/v1/g/i/840-ahr0chm6ly9zmy5jb2ludgvszwdyyxbolmnvbs91cgxvywrzlziwmjitmdmvn2e4ywzjndetodhmns00nzm5lwfmyzqtntzhzwvlodjjztzmlmpwzw-115080.jpg", "title": "Top 5 cryptocurrencies to watch this week: BTC, XRP, NEAR, XMR, WAVES", "text": "If BTC can flip $41,000 back to support, XRP, NEAR, XMR and WAVES could attract buyers.", "source_name": "Cointelegraph", "date": "Sun, 06 Mar 2022 16:32:55 -0500", "topics": [], "sentiment": "Neutral", "type": "Article", "tickers": ["BTC", "WAVES", "XRP", "NEAR", "XMR"]}, {"news_url": "https://ambcrypto.com/heres-how-long-it-will-be-before-xrp-challenges-its-current-trend/", "image_url": "https://crypto.snapi.dev/images/v1/g/s/untitled-designfrrr-115079.png", "title": "Here's how long it will be before XRP challenges its current trend", "text": "Disclaimer:\u00a0The findings of the following analysis are the sole opinions of the writer and should not be considered investment advice XRP reversed back into its oscillation range after hitting its nine-month resistance around the $1.3-mark. Thanks to this fall, the altcoin saw a long-term down-channel (white) on its daily chart.", "source_name": "AMBCrypto", "date": "Sun, 06 Mar 2022 16:30:10 -0500", "topics": [], "sentiment": "Negative", "type": "Article", "tickers": ["XRP"]}, {"news_url": "https://cryptoticker.io/en/can-ripple-xrp-reach-100-ever-you-might-not-like-the-answer/", "image_url": "https://crypto.snapi.dev/images/v1/n/m/ripple-price-analysis-4-115077.jpg", "title": "Can Ripple XRP reach 100 $ ever? You might not Like the Answer\u2026", "text": "Ripple company is one of those crypto projects that stirred many controversies. The first one came from the crypto community, as some perceived the token XRP to be centralized, having a company run everything.", "source_name": "CryptoTicker", "date": "Sun, 06 Mar 2022 16:26:52 -0500", "topics": [], "sentiment": "Negative", "type": "Article", "tickers": ["XRP"]}, {"news_url": "https://dailyhodl.com/2022/03/06/analyst-says-macro-uncertainty-likely-to-drive-bitcoin-btc-and-ethereum-eth-to-new-lows-here-are-his-targets/", "image_url": "https://crypto.snapi.dev/images/v1/d/3/bitcoin-ethereum-primedjpgfit10242c600ssl1-115078.jpg", "title": "Analyst Says Macro Uncertainty Likely To Drive Bitcoin (BTC) and Ethereum (ETH) to New Lows \u2013 Here Are His Targets", "text": "Crypto trader Micha\u00ebl van de Poppe says that the current war in Eastern Europe could drive crypto stalwarts Bitcoin (BTC) and Ethereum (ETH) to new lows. In a new video, the analyst tells his 165,000 YouTube subscribers that the conflict between Ukraine and Russia is causing economic uncertainties impacting indices, inflation rates as well as [\u2026] The post Analyst Says Macro Uncertainty Likely To Drive Bitcoin (BTC) and Ethereum (ETH) to New Lows \u2013 Here Are His Targets appeared first on The Daily Hodl.", "source_name": "The Daily Hodl", "date": "Sun, 06 Mar 2022 16:00:37 -0500", "topics": [], "sentiment": "Negative", "type": "Article", "tickers": ["BTC", "ETH"]}, {"news_url": "https://bitcoinmagazine.com/technical/what-to-do-with-kyc-bitcoin", "image_url": "https://crypto.snapi.dev/images/v1/q/n/surveillance-privacy-anonymous-115076.jpg", "title": "So You Have KYC Bitcoin \u2014 Now What?", "text": "What is KYC bitcoin, and what steps can users concerned with privacy take to address the issues presented by KYC bitcoin?", "source_name": "Bitcoin Magazine", "date": "Sun, 06 Mar 2022 16:00:00 -0500", "topics": [], "sentiment": "Neutral", "type": "Article", "tickers": ["BTC"]}, {"news_url": "https://www.dcforecasts.com/bitcoin-news/malaysia-plans-to-fight-electricity-theft-for-btc-mining/", "image_url": "https://crypto.snapi.dev/images/v1/t/s/bitcoin-mining-115073.jpeg", "title": "Malaysia Plans To Fight Electricity Theft For BTC Mining", "text": "Malaysia plans to fight electricity theft for Bitcoin mining and it proposed measures to counter illicit these activities for crypto mining so let's find out how they are planning to do that in today's latest Bitcoin news. Malaysia plans to fight electricity theft for BTC mining which has been on the rise.", "source_name": "DCForecasts", "date": "Sun, 06 Mar 2022 15:01:01 -0500", "topics": ["mining"], "sentiment": "Neutral", "type": "Article", "tickers": ["BTC"]}, {"news_url": "https://www.cryptopolitan.com/solana-price-analysis-2022-03-06/", "image_url": "https://crypto.snapi.dev/images/v1/3/v/sol-1-115071.jpg", "title": "Solana price analysis: SOL faces rejection at $90. Priming for revival?", "text": "TL;DR Breakdown The most recent Solana price analysis is bearish. Bears have taken the price levels down to $85.8.", "source_name": "Cryptopolitan", "date": "Sun, 06 Mar 2022 14:52:06 -0500", "topics": ["tanalysis"], "sentiment": "Negative", "type": "Article", "tickers": ["SOL"]}, {"news_url": "https://u.today/bitcoin-may-revisit-30000-bloombergs-mike-mcglone-says-heres-why?SNAPI", "image_url": "https://crypto.snapi.dev/images/v1/5/s/12494-115064.jpg", "title": "Bitcoin May Revisit $30,000, Bloomberg's Mike McGlone Says, Here's Why", "text": "Largest global cryptocurrency is likely to revisit $30,000, according to Bloomberg's chief expert on commodities", "source_name": "UToday", "date": "Sun, 06 Mar 2022 14:23:00 -0500", "topics": [], "sentiment": "Negative", "type": "Article", "tickers": ["BTC"]}, {"news_url": "https://thecurrencyanalytics.com/bitcoin/there-is-no-such-thing-as-insider-information-about-bitcoin-btc-39606.php", "image_url": "https://crypto.snapi.dev/images/v1/t/q/there-is-no-such-thing-as-insider-information-about-bitcoin-btc-115063.jpg", "title": "There is No Such Thing as Insider Information About Bitcoin (BTC)", "text": "Catch up on the latest crypto market news at The Currency Analytics. Rizzo Shared: Today in 2014, Buffet dismisses Bitcoin at $600.", "source_name": "The Currency Analytics", "date": "Sun, 06 Mar 2022 14:15:09 -0500", "topics": [], "sentiment": "Neutral", "type": "Article", "tickers": ["BTC"]}, {"news_url": "https://www.dcforecasts.com/altcoin-news/solanas-tvl-and-price-drops-by-50-from-ath-price-analysis/", "image_url": "https://crypto.snapi.dev/images/v1/g/j/shutterstock-2078368537-111431-115060.jpg", "title": "Solana's TVL And Price Drops By 50% From ATH: Price Analysis", "text": "Solana's TVL and price drop by 50% from their all-time high and the data shows that the decentralized app is fading out but there are some reasons that can prove to be hopeful so let's read more in today's latest altcoin news. 2022 has not been quite good for cryptocurrencies.", "source_name": "DCForecasts", "date": "Sun, 06 Mar 2022 14:07:33 -0500", "topics": ["tanalysis"], "sentiment": "Negative", "type": "Article", "tickers": ["SOL"]}, {"news_url": "https://www.dcforecasts.com/ethereum-news/eth-gains-edge-over-the-stock-market-prepares-for-new-rally/", "image_url": "https://crypto.snapi.dev/images/v1/o/d/odl22-115067.", "title": "ETH Gains Edge Over The Stock Market, Prepares For New Rally", "text": "ETH gains edge over the stock market and it prepares for a new rally according to a new report from Bloomberg showing a bullish thesis for Ethereum and the macro environment so let's find out more today in our latest Ethereum news. The Russia-Ukraine conflict and the interest rates hikes are surrounding the markets but [\u2026]", "source_name": "DCForecasts", "date": "Sun, 06 Mar 2022 14:03:43 -0500", "topics": [], "sentiment": "Positive", "type": "Article", "tickers": ["ETH"]}, {"news_url": "https://www.dcforecasts.com/altcoin-news/value-locked-in-defi-erased-55b-eth-dominance-lost-14/", "image_url": "https://crypto.snapi.dev/images/v1/g/7/g7-prevent-reportjpgfit10242c600ssl1-114749-115066.jpg", "title": "Value Locked In DEFI Erased $55B, ETH Dominance Lost 14%", "text": "The value locked in DEFI erased $55 billion in two months while the ETH dominance lost 14% as we can see further in today's latest cryptocurrency news today. The crypto economy was sliding in value during the past two days with the current market valuation for 13,000 crypto assets is $1.83 trillion while the total [\u2026]", "source_name": "DCForecasts", "date": "Sun, 06 Mar 2022 13:58:03 -0500", "topics": [], "sentiment": "Negative", "type": "Article", "tickers": ["ETH"]}, {"news_url": "https://www.dcforecasts.com/bitcoin-news/bitcoin-surges-against-the-ruble-but-why-is-that-the-case/", "image_url": "https://crypto.snapi.dev/images/v1/b/c/yigit-ali-atasoy-z1jggxh29-q-unsplash-114822-115059.jpg", "title": "Bitcoin Surges Against The Ruble But Why Is That The Case?", "text": "Bitcoin surges against the ruble as the oligarchs in Russia are trying to avoid sanctions imposed by the West after attacking Ukraine, but why is it surging so much? Let's find out more in today's latest bitcoin news.", "source_name": "DCForecasts", "date": "Sun, 06 Mar 2022 13:52:59 -0500", "topics": [], "sentiment": "Positive", "type": "Article", "tickers": ["BTC"]}, {"news_url": "https://thecurrencyanalytics.com/bitcoin/hodlers-who-pledged-bitcoin-btc-collateral-for-loans-will-liquidate-for-lower-prices-39603.php", "image_url": "https://crypto.snapi.dev/images/v1/1/u/hodlers-who-pledged-bitcoin-btc-collateral-for-loans-will-liquidate-for-lower-prices-115058.jpg", "title": "HODLers Who Pledged Bitcoin (BTC) Collateral for Loans Will Liquidate for Lower Prices", "text": "Catch up on the latest crypto market news at The Currency Analytics. Peter Schiff Shared: When Bitcoin breaks below the lower end of this channel lookout below.", "source_name": "The Currency Analytics", "date": "Sun, 06 Mar 2022 13:30:34 -0500", "topics": [], "sentiment": "Neutral", "type": "Article", "tickers": ["BTC"]}, {"news_url": "https://www.cryptopolitan.com/bitcoin-ethereum-uniswap-and-ftx-daily-price-analyses-6-march-morning-price-prediction/", "image_url": "https://crypto.snapi.dev/images/v1/4/r/4rfff23-115055.", "title": "Bitcoin, Ethereum, Uniswap, and FTX Daily Price Analyses \u2013 6 March Morning Price Prediction", "text": "TL;DR Breakdown Again, the global crypto market is bearish, losing 0.49% in 24 hours. Bitcoin sees no difference in the situation, as it loses 0.81% in 24 hours.", "source_name": "Cryptopolitan", "date": "Sun, 06 Mar 2022 12:53:40 -0500", "topics": [], "sentiment": "Negative", "type": "Article", "tickers": ["BTC", "ETH", "UNI"]}, {"news_url": "https://www.cryptoglobe.com/latest/2022/03/ex-goldman-exec-on-why-majority-of-his-portfolio-is-in-ethereum-instead-of-bitcoin/", "image_url": "https://crypto.snapi.dev/images/v1/8/j/ethereum-6293700-1920-115051.jpg", "title": "Ex-Goldman Exec on Why Majority of His Portfolio Is in Ethereum Instead of Bitcoin", "text": "In a recent interview, former Goldman Sachs executive\u00a0Raoul Pal\u00a0explained why despite being \u201cvery bullish\u201d on Bitcoin at first,\u00a0he later came to the conclusion that Ethereum would outperform Bitcoin. Prior to founding macro economic and investment strategy research service\u00a0Global Macro Investor (GMI)\u00a0in 2005, Pal\u00a0co-managed the GLG Global Macro Fund in London for global asset management firm [\u2026]", "source_name": "CryptoGlobe", "date": "Sun, 06 Mar 2022 12:32:12 -0500", "topics": [], "sentiment": "Positive", "type": "Article", "tickers": ["ETH"]}, {"news_url": "https://thecurrencyanalytics.com/bitcoin/did-bitcoin-btc-fail-as-a-haven-and-inflation-hedge-39600.php", "image_url": "https://crypto.snapi.dev/images/v1/m/u/did-bitcoin-btc-fail-as-a-haven-and-inflation-hedge-115046.jpg", "title": "Did Bitcoin (BTC) Fail as a Haven and Inflation Hedge?", "text": "Catch up on the latest crypto market news at The Currency Analytics. Peter Schiff shared: What's happening today in the financial markets highlights the many ways Bitcoin has failed.", "source_name": "The Currency Analytics", "date": "Sun, 06 Mar 2022 12:12:09 -0500", "topics": [], "sentiment": "Negative", "type": "Article", "tickers": ["BTC"]}, {"news_url": "https://coingape.com/?p=103107", "image_url": "https://crypto.snapi.dev/images/v1/e/t/ethereum-price-analysis-2022-03-03-114317-115048.png", "title": "Ethereum Price Analysis: Do Or Die Moment For ETH Bulls As Price Nears Apex Of Symmetrical Triangle Pattern", "text": "Over the past two months, the ETH/USD technical chart shows a short-term range bound rally. The recent reversal from the descending trendline has tumbled the altcoin by 13.5%, bringing it to local support of $2600.", "source_name": "Coingape", "date": "Sun, 06 Mar 2022 12:02:29 -0500", "topics": ["tanalysis"], "sentiment": "Neutral", "type": "Article", "tickers": ["ETH"]}, {"news_url": "https://cryptodaily.co.uk/2022/03/btc-usd-unable-to-sustain-test-of-key-retracement-levels-sally-ho-technical-analysis-7-march-2022-btc-bitcoin", "image_url": "https://crypto.snapi.dev/images/v1/i/l/low-bitcoin-gojpgfit10242c600ssl1-114941-115042.jpg", "title": "BTC/USD Unable to Sustain Test of Key Retracement Levels: Sally Ho's Technical Analysis 7 March 2022 BTC", "text": "Bitcoin (BTC/USD) extended its recent downturn early in the Asian session as the pair was unable to sustain a recent move higher that peaked around the 39730.50 area, representing a test of the 38.2% retracement of the recent depreciating range from 41909.42 to 38577.01.\u00a0 Traders are paying very close attention to price activity as BTC/USD orbits the 39394 area, representing the 50% retracement of the appreciating range from 32933.33 to 45855.", "source_name": "Crypto Daily", "date": "Sun, 06 Mar 2022 12:00:00 -0500", "topics": ["tanalysis"], "sentiment": "Negative", "type": "Article", "tickers": ["BTC"]}, {"news_url": "https://news.bitcoin.com/value-locked-in-defi-sheds-55-billion-in-2-months-ethereums-defi-dominance-loses-14/", "image_url": "https://crypto.snapi.dev/images/v1/u/x/value-locked-in-defi-sheds-55-billion-in-2-months-ethereums-defi-dominance-loses-14-115038.jpg", "title": "Value Locked in Defi Sheds $55 Billion in 2 Months, Ethereum's Defi Dominance Loses 14%", "text": "The crypto-economy has been sliding in value during the last 48 hours as the current market valuation for all 13,000+ crypto assets is $1.83 trillion. Furthermore, the total value locked (TVL) in decentralized finance (defi) protocols has slipped below the $200 billion mark to $196.02 billion on Sunday morning (EST). Meanwhile, Ethereum's dominance is 55.54% [\u2026]", "source_name": "Bitcoin", "date": "Sun, 06 Mar 2022 11:30:39 -0500", "topics": [], "sentiment": "Negative", "type": "Article", "tickers": ["ETH"]}, {"news_url": "https://www.benzinga.com/markets/cryptocurrency/22/03/26009741/analyst-who-accurately-predicted-bitcoin-prices-in-2021-says-100k-is-coming-this-year-but-?SNAPI", "image_url": "https://crypto.snapi.dev/images/v1/f/r/bitcoin11-1-115039.jpg", "title": "Analyst Who Accurately Predicted Bitcoin Prices In 2021 Says $100K Is Coming This Year\u2026But There's A Catch", "text": "A crypto analyst who anticipated the collapse of Bitcoin (CRYPTO: BTC) in May 2021, and then predicted that the apex crypto would not reach $100,000 by the end of 2021, now says BTC is setting up to break above its all-time high later this year.", "source_name": "Benzinga", "date": "Sun, 06 Mar 2022 11:29:00 -0500", "topics": [], "sentiment": "Neutral", "type": "Article", "tickers": ["BTC"]}, {"news_url": "https://www.forbes.com/sites/seansteinsmith/2022/03/06/bitcoin-is-showing-the-power-of-decentralized-money/", "image_url": "https://crypto.snapi.dev/images/v1/i/w/bitcoin-is-showing-the-power-of-decentralized-money-115037.jpg", "title": "Bitcoin Is Showing The Power Of Decentralized Money", "text": "Bitcoin is the currency of freedom", "source_name": "Forbes", "date": "Sun, 06 Mar 2022 11:28:06 -0500", "topics": [], "sentiment": "Neutral", "type": "Article", "tickers": ["BTC"]}, {"news_url": "https://cryptopotato.com/ethereum-price-analysis-eth-facing-critical-support-ahead-of-the-new-week/", "image_url": "https://crypto.snapi.dev/images/v1/s/x/eth-outpacing-btcjpgfit10242c600ssl1-114506-115036.jpg", "title": "Ethereum Price Analysis: ETH Facing Critical Support Ahead of the New Week", "text": "ETH had seen a difficult weekend so far, unable to move away from the critical support at $2.5K. The overall crypto market sentiment is slightly bearish after Bitcoin got sharply rejected below $40K.", "source_name": "CryptoPotato", "date": "Sun, 06 Mar 2022 11:27:48 -0500", "topics": ["tanalysis"], "sentiment": "Negative", "type": "Article", "tickers": ["ETH"]}, {"news_url": "https://www.trustnodes.com/2022/03/06/citadel-to-market-make-on-bitcoin", "image_url": "https://crypto.snapi.dev/images/v1/a/o/citadel-scaled-115032.jpg", "title": "Citadel to Market Make on Bitcoin", "text": "Ken Griffin, the founder of one of the world's biggest hedge fund, Citadel, has stated he was wrong about crypto. \u201cThe crypto market today has a market capitalization of about.", "source_name": "Trustnodes", "date": "Sun, 06 Mar 2022 11:22:26 -0500", "topics": ["paywall"], "sentiment": "Positive", "type": "Article", "tickers": ["BTC"]}, {"news_url": "https://www.cryptopolitan.com/bitcoin-price-analysis-2022-03-06/", "image_url": "https://crypto.snapi.dev/images/v1/w/p/bitcoin-price-analysis-2022-03-06-115030.png", "title": "Bitcoin price analysis: BTC spikes to $38,000, swing low found?", "text": "TL;DR Breakdown Bitcoin price analysis is bullish today. BTC/USD consolidated below $39,500 overnight.", "source_name": "Cryptopolitan", "date": "Sun, 06 Mar 2022 11:04:07 -0500", "topics": ["tanalysis"], "sentiment": "Positive", "type": "Article", "tickers": ["BTC"]}, {"news_url": "https://ambcrypto.com/solana-etc-and-ftm-price-analysis-06-march/", "image_url": "https://crypto.snapi.dev/images/v1/y/3/pexels-photo-265087-e1646569527170-115026.jpeg", "title": "Solana, ETC and FTM Price Analysis : 06 March", "text": "Although the market recovered pretty quickly after 24 February, the bears continued to circle around. The likes of Solana, ETC and FTM projected similar trends on the 1-hour chart.", "source_name": "AMBCrypto", "date": "Sun, 06 Mar 2022 11:00:02 -0500", "topics": ["tanalysis"], "sentiment": "Neutral", "type": "Article", "tickers": ["FTM", "SOL", "ETC"]}, {"news_url": "https://news.bitcoin.com/bitcoin-ethereum-technical-analysis-eth-prepares-for-rally-while-btc-seeks-support/", "image_url": "https://crypto.snapi.dev/images/v1/e/h/shutterstock-2048668574-1-115024.jpg", "title": "Bitcoin, Ethereum Technical Analysis: ETH Prepares for Rally, While BTC Seeks Support", "text": "Bitcoin remained under the $40,000 level on Sunday, as bears continued to pressure cryptocurrency markets. This pressure also kept ethereum lower, with the world's second-largest crypto hovering around its long-term support level. Bitcoin Sunday saw the price of bitcoin (BTC) trade lower for a fifth consecutive session, as it was unable to shake off recent [\u2026]", "source_name": "Bitcoin", "date": "Sun, 06 Mar 2022 10:22:01 -0500", "topics": ["tanalysis"], "sentiment": "Neutral", "type": "Article", "tickers": ["BTC", "ETH"]}, {"news_url": "https://u.today/scam-alert-solana-network-gets-hit-with-phishing-attacks?SNAPI", "image_url": "https://crypto.snapi.dev/images/v1/d/0/13126-115022.jpg", "title": "Scam Alert: Solana Network Gets Hit with Phishing Attacks", "text": "Solana network users are facing problems with security once again", "source_name": "UToday", "date": "Sun, 06 Mar 2022 10:15:00 -0500", "topics": [], "sentiment": "Negative", "type": "Article", "tickers": ["SOL"]}, {"news_url": "https://www.dcforecasts.com/bitcoin-news/bitcoin-slides-6-over-the-past-24-hours-back-under-40k/", "image_url": "https://crypto.snapi.dev/images/v1/s/a/executium-lta5b8mpytw-unsplash-114721-115021.jpg", "title": "Bitcoin Slides 6% Over The Past 24-Hours, Back Under $40K", "text": "Bitcoin slides 6% over the past 24-hours and got back under $40K again as we can see more in today's latest Bitcoin news. The price of Bitcoin slides 6% over the past 24-hours despite making some midweek gains with the global crypto market shedding $78 billion from its market cap.", "source_name": "DCForecasts", "date": "Sun, 06 Mar 2022 10:02:55 -0500", "topics": [], "sentiment": "Negative", "type": "Article", "tickers": ["BTC"]}, {"news_url": "https://u.today/monero-leads-altcoin-rally-on-market-with-9-price-increase-as-xrp-follows?SNAPI", "image_url": "https://crypto.snapi.dev/images/v1/x/h/13127-115019.jpg", "title": "Monero Leads Altcoin Rally on Market with 9% Price Increase, As XRP Follows", "text": "Monero suddenly gets first place in altcoin rally with an impressive price increase", "source_name": "UToday", "date": "Sun, 06 Mar 2022 09:50:00 -0500", "topics": [], "sentiment": "Positive", "type": "Article", "tickers": ["XMR", "XRP"]}, {"news_url": "https://www.dcforecasts.com/bitcoin-news/meltem-demirors-says-bitcoin-can-become-a-risk-off-asset/", "image_url": "https://crypto.snapi.dev/images/v1/s/n/de93c4c905234519bb338e540a2c98ef-114543-114639-115016.jpg", "title": "Meltem Demirors Says Bitcoin Can Become A Risk-Off Asset", "text": "The CSO of CoinShares Meltem Demirors says Bitcoin can become a risk-off asset just as the geopolitical tensions are enhancing so let's see what she had to say in our latest Bitcoin news today. In the past few weeks, the geopolitical tensions in Europe escalated that it transitioned to an invasion of Ukraine from Russia.", "source_name": "DCForecasts", "date": "Sun, 06 Mar 2022 09:48:06 -0500", "topics": [], "sentiment": "Positive", "type": "Article", "tickers": ["BTC"]}, {"news_url": "https://www.cryptopolitan.com/ethereum-price-analysis-2022-03-06/", "image_url": "https://crypto.snapi.dev/images/v1/t/v/ethereum-price-analysis-2022-03-06-115014.png", "title": "Ethereum price analysis: ETH retests $2,600, ready to rally?", "text": "TL;DR Breakdown Ethereum price analysis is bullish today. ETH/USD failed to move significantly higher yesterday.", "source_name": "Cryptopolitan", "date": "Sun, 06 Mar 2022 09:28:03 -0500", "topics": ["tanalysis"], "sentiment": "Neutral", "type": "Article", "tickers": ["ETH"]}, {"news_url": "https://u.today/ethereum-fees-on-layer-2-dropped-significantly-as-one-transaction-now-costs-less-than-01?SNAPI", "image_url": "https://crypto.snapi.dev/images/v1/m/s/13125-115011.jpg", "title": "Ethereum Fees on Layer 2 Dropped Significantly, As One Transaction Now Costs Less Than $0.1", "text": "Fees on the second largest network on the market are decreasing as more users are leaving the market", "source_name": "UToday", "date": "Sun, 06 Mar 2022 09:21:00 -0500", "topics": [], "sentiment": "Neutral", "type": "Article", "tickers": ["ETH"]}, {"news_url": "https://www.newsbtc.com/news/bitcoin-falls-back-to-38000-as-russia-steps-up-bombardment-of-ukraine/", "image_url": "https://crypto.snapi.dev/images/v1/h/2/bitcoin-falls-115010.jpg", "title": "Bitcoin Falls Back To $38,000 As Russia Steps Up Bombardment Of Ukraine", "text": "As Bitcoin falls back, the US dollar strengthened following impressive economic statistics that indicated the number of jobs generated in the US, among other related factors, increased far more than projected. Bitcoin \u2013 the world's alpha dog cryptocurrency \u2013 slid down into Sunday's weekly closing, with geopolitical frictions and concomitant macro sluggishness firmly on the spotlight.", "source_name": "NewsBTC", "date": "Sun, 06 Mar 2022 09:13:15 -0500", "topics": [], "sentiment": "Negative", "type": "Article", "tickers": ["BTC"]}, {"news_url": "https://cryptopotato.com/this-is-how-malaysia-plans-to-fight-electricity-theft-for-bitcoin-mining/", "image_url": "https://crypto.snapi.dev/images/v1/c/v/malaysia-115009.jpg", "title": "This is How Malaysia Plans to Fight Electricity Theft for Bitcoin Mining", "text": "Malaysia's largest electricity utility is porposing measures to counter illicit electricity theft for crypto mining.", "source_name": "CryptoPotato", "date": "Sun, 06 Mar 2022 09:05:09 -0500", "topics": ["mining"], "sentiment": "Neutral", "type": "Article", "tickers": ["BTC"]}, {"news_url": "https://u.today/apple-co-founder-calls-bitcoin-pure-gold?SNAPI", "image_url": "https://crypto.snapi.dev/images/v1/v/6/13130-114996.jpg", "title": "Apple Co-Founder Calls Bitcoin \u201cPure Gold\u201d", "text": "Steve Wozniak, Apple's cofounder, remains skeptical of cryptocurrencies in general despite his continuous praise for Bitcoin", "source_name": "UToday", "date": "Sun, 06 Mar 2022 08:34:00 -0500", "topics": [], "sentiment": "Positive", "type": "Article", "tickers": ["BTC"]}, {"news_url": "https://cointelegraph.com/news/institutions-increase-exposure-to-grayscale-bitcoin-trust-as-gbtc-discount-nears-30", "image_url": "https://crypto.snapi.dev/images/v1/n/w/840-ahr0chm6ly9zmy5jb2ludgvszwdyyxbolmnvbs91cgxvywrzlziwmjitmdmvmgnkntc3ymqtyme3yi00ndmylwe1odgtyzc5yzayzgm1odiwlmpwzw-114987.jpg", "title": "Institutions increase exposure to Grayscale Bitcoin Trust as GBTC discount nears 30%", "text": "More capital enters the flagship Grayscale trust as it eyes regulator approval to become an exchange-traded fund later this year.", "source_name": "Cointelegraph", "date": "Sun, 06 Mar 2022 08:02:50 -0500", "topics": ["institutions"], "sentiment": "Positive", "type": "Article", "tickers": ["BTC"]}, {"news_url": "https://www.dcforecasts.com/bitcoin-news/luna-and-near-surge-while-bitcoin-reverses-its-rally-analysis/", "image_url": "https://crypto.snapi.dev/images/v1/c/r/crypto3-114523-115003.jpg", "title": "LUNA And NEAR Surge While Bitcoin Reverses Its Rally: Analysis", "text": "LUNA and NEAR surge in value over the week with most of the other prices fluctuating on the market but really little has changed over the past week as we can see today in our weekend price analysis so let's take a closer look at the altcoin news below. Last week, the news was dominated [\u2026]", "source_name": "DCForecasts", "date": "Sun, 06 Mar 2022 07:56:10 -0500", "topics": [], "sentiment": "Neutral", "type": "Article", "tickers": ["BTC", "LUNA", "NEAR"]}, {"news_url": "https://coingape.com/?p=103105", "image_url": "https://crypto.snapi.dev/images/v1/k/a/kanchanara-v2c50qiol88-unsplash-1-631x420-114391-114597-114999.jpg", "title": "Bitcoin Price Prediction: BTC Slips Below $40000 Mark; Is $36000 A Good Buy Target?", "text": "In the wake of the geopolitical issue between Russia and Ukraine, Bitcoin has shown considerable volatility over the past two months. The coin price resonates between $45000 and $33000, implying a range-bound rally in the short term.", "source_name": "Coingape", "date": "Sun, 06 Mar 2022 07:11:17 -0500", "topics": [], "sentiment": "Negative", "type": "Article", "tickers": ["BTC"]}, {"news_url": "https://www.cryptoglobe.com/latest/2022/03/valve-president-explains-why-they-removed-bitcoin-as-a-payment-method-on-steam/", "image_url": "https://crypto.snapi.dev/images/v1/1/v/fortnite-g1217264df-1920-114983.jpg", "title": "Valve President Explains Why They Removed Bitcoin As a Payment Method on Steam", "text": "Recently, Gabe Newell, Co-Founder and President of video game company\u00a0Valve Corporation, the developer of the software distribution platform\u00a0Steam,\u00a0explained why his firm had to stop accepting Bitcoin as a payment method on Steam. Steam\u00a0is \u201ca video game\u00a0digital distribution\u00a0service by\u00a0Valve\u201d that was \u201claunched as a standalone software client in September 2003 as a way for Valve to [\u2026]", "source_name": "CryptoGlobe", "date": "Sun, 06 Mar 2022 06:24:38 -0500", "topics": [], "sentiment": "Neutral", "type": "Article", "tickers": ["BTC"]}, {"news_url": "https://cryptopotato.com/coinshares-meltem-demirors-on-how-bitcoin-can-become-a-risk-off-asset/", "image_url": "https://crypto.snapi.dev/images/v1/n/k/meltem-114982.jpg", "title": "CoinShares' Meltem Demirors on How Bitcoin Can Become a Risk-Off Asset", "text": "CSO of alternative financial services company CoinShares shares her thoughts on how Bitcoin can transition to a risk-off asset.", "source_name": "CryptoPotato", "date": "Sun, 06 Mar 2022 06:22:27 -0500", "topics": [], "sentiment": "Neutral", "type": "Article", "tickers": ["BTC"]}, {"news_url": "https://cointelegraph.com/news/bitcoin-heading-to-36k-analysis-says-amid-warning-global-stocks-look-expensive", "image_url": "https://crypto.snapi.dev/images/v1/z/k/840-ahr0chm6ly9zmy5jb2ludgvszwdyyxbolmnvbs91cgxvywrzlziwmjitmdmvmznkzjg1n2etmwnmyi00yjrklwjlntatzjnkmjviy2myymyxlmpwzw-114980.jpg", "title": "Bitcoin heading to 36K, analysis says amid warning global stocks 'look expensive'", "text": "A cataclysmic breakdown in global equities is not off the table for this year, with a \"stagflationary shock\" already in the making.", "source_name": "Cointelegraph", "date": "Sun, 06 Mar 2022 05:46:40 -0500", "topics": [], "sentiment": "Negative", "type": "Article", "tickers": ["BTC"]}, {"news_url": "https://dailyhodl.com/2022/03/06/analyst-who-called-2021-bitcoin-collapse-maps-out-path-ahead-for-top-cryptocurrency/", "image_url": "https://crypto.snapi.dev/images/v1/l/e/maps-out-bitcoin-reversaljpgfit10242c600ssl1-114976.jpg", "title": "Analyst Who Called 2021 Bitcoin Collapse Maps Out Path Ahead for Top Cryptocurrency", "text": "The crypto analyst who called Bitcoin's collapse in May 2021 unveils the potential path for BTC to reach the six-figure mark this year. The pseudonymous analyst known as Dave the Wave tells his 94,000 Twitter followers that Bitcoin is still on track to surpass $100,000 this year \u2013 but there's a catch. \u201cOne for the [\u2026] The post Analyst Who Called 2021 Bitcoin Collapse Maps Out Path Ahead for Top Cryptocurrency appeared first on The Daily Hodl.", "source_name": "The Daily Hodl", "date": "Sun, 06 Mar 2022 05:15:52 -0500", "topics": [], "sentiment": "Neutral", "type": "Article", "tickers": ["BTC"]}, {"news_url": "https://cryptopotato.com/weekend-watch-bitcoin-price-rejected-at-40k-ahead-of-the-new-week/", "image_url": "https://crypto.snapi.dev/images/v1/h/u/red-light-114974.jpg", "title": "Weekend Watch: Bitcoin Price Rejected at $40K Ahead of the New Week", "text": "Bitcoin is still unable to reclaim $40,000 and struggles around $39,000. Most altcoins are untypically calm today.", "source_name": "CryptoPotato", "date": "Sun, 06 Mar 2022 04:22:59 -0500", "topics": [], "sentiment": "Negative", "type": "Article", "tickers": ["BTC"]}, {"news_url": "https://markets.businessinsider.com/news/currencies/ethereum-blockchain-technology-crypto-cryptocurrency-ether-eth-vitalik-buterin-markets-2022-3", "image_url": "https://crypto.snapi.dev/images/v1/a/w/62135846f0b06900185ec15aformatjpeg-114971.jpg", "title": "Ethereum's ETH 2.0 shift to proof-of-stake is just months from launch, and analysts are bullish about the update. Here's why.", "text": "Vitalik Buterin has confirmed the update is finally coming this summer, with its promise of lower transaction fees, more burn and less congestion.", "source_name": "Business Insider", "date": "Sun, 06 Mar 2022 04:00:00 -0500", "topics": [], "sentiment": "Positive", "type": "Article", "tickers": ["ETH"]}, {"news_url": "https://coinpedia.org/news/cardanoada-will-compete-on-par-with-solana-sol-soon-heres-why/", "image_url": "https://crypto.snapi.dev/images/v1/n/e/crypto9-114970.jpg", "title": "Cardano(ADA) Will Compete on Par With Solana (SOL) Soon! Here's Why?", "text": "Charles Hoskinson, the founder of Cardano (ADA), has announced a series of planned enhancements for the ninth-largest crypto asset by market cap, which he claims will result in substantial speed gains. Hoskinson claims in a new video that Cardano will be able to match the performance of Solana (SOL) and other smart contract-enabled blockchains later \u2026", "source_name": "CoinPedia", "date": "Sun, 06 Mar 2022 03:59:00 -0500", "topics": [], "sentiment": "Neutral", "type": "Article", "tickers": ["ADA", "SOL"]}, {"news_url": "https://coinpedia.org/bitcoin/bitcoin-btc-price-hitting-50-seems-imminent-in-march-heres-why/", "image_url": "https://crypto.snapi.dev/images/v1/v/2/crypto8-114967.jpg", "title": "Bitcoin (BTC) Price Hitting $50k Seems Imminent In March ! Here's Why?", "text": "While investors disputed whether Bitcoin was a safe haven despite Russia's assault on Ukraine, the King cryptocurrency remained around $40,000. Ether fell 0.4 percent to $2,669. Dogecoin was down 1% at $0.125566, while Shiba Inu was up 2.4 percent at $0.00002487. Polkadot and Solana were mixed during the last 24 hours, leading cryptocurrencies lower. BTC \u2026", "source_name": "CoinPedia", "date": "Sun, 06 Mar 2022 01:16:00 -0500", "topics": [], "sentiment": "Positive", "type": "Article", "tickers": ["BTC"]}, {"news_url": "https://coinpedia.org/altcoin/polkadot-dot-and-terra-luna-may-be-best-altcoins-to-bet-on-now/", "image_url": "https://crypto.snapi.dev/images/v1/r/c/crypto7-114965.jpg", "title": "Polkadot (DOT) and Terra (LUNA) May Be Best Altcoins to Bet On Now!", "text": "The global crypto market has changed course after a continue loss. The new gains have brought it a significant value as its market cap has reached $1.78T.\u00a0Bitcoin and Ethereum sees minor growth with major altcoins show mixed signals. Altcoins Traders Need to Watch Terra [LUNA] was the altcoin champion of the week, according to Messari's \u2026", "source_name": "CoinPedia", "date": "Sun, 06 Mar 2022 00:00:00 -0500", "topics": [], "sentiment": "Positive", "type": "Article", "tickers": ["DOT", "LUNA"]}, {"news_url": "https://dailyhodl.com/2022/03/05/geopolitical-tensions-could-transform-bitcoin-into-a-risk-off-asset-says-coinshares-cso-meltem-demirors/", "image_url": "https://crypto.snapi.dev/images/v1/t/e/transform-bitcoin-meltemjpgfit10242c600ssl1-114966.jpg", "title": "Geopolitical Tensions Could Transform Bitcoin Into a Risk-Off Asset, Says CoinShares CSO Meltem Demirors", "text": "A veteran crypto investor says that current geopolitical events could help Bitcoin (BTC) transition into a store-of-value asset. In a new interview with Bloomberg Technology, CoinShares chief strategy officer (CSO) Meltem Demirors tells host Emily Chang that worldwide sanctions following Russia's invasion of Ukraine, as well as truckers in Canada losing banking access during a [\u2026] The post Geopolitical Tensions Could Transform Bitcoin Into a Risk-Off Asset, Says CoinShares CSO Meltem Demirors appeared first on The Daily Hodl.", "source_name": "The Daily Hodl", "date": "Sat, 05 Mar 2022 23:40:08 -0500", "topics": [], "sentiment": "Neutral", "type": "Article", "tickers": ["BTC"]}, {"news_url": "https://www.cryptopolitan.com/bitcoin-ethereum-helium-and-iota-daily-price-analyses-5-march-roundup/", "image_url": "https://crypto.snapi.dev/images/v1/d/u/roundup-1140-x-570-2022-11-114964.png", "title": "Bitcoin, Ethereum, Helium, and Iota Daily Price Analyses \u2013 5 March Roundup", "text": "TL;DR Breakdown The global crypto market sees a moment of respite, adding 2.07% in the last 24 hours. Bitcoin sees growth of 1.16% in 24 hours.", "source_name": "Cryptopolitan", "date": "Sat, 05 Mar 2022 23:11:32 -0500", "topics": [], "sentiment": "Neutral", "type": "Article", "tickers": ["BTC", "ETH", "MIOTA"]}, {"news_url": "https://coinpedia.org/altcoin/cardano-ada-fantom-ftm-solana-price-plunge/", "image_url": "https://crypto.snapi.dev/images/v1/8/e/crypto6-114961.jpg", "title": "Cardano (ADA), Fantom (FTM) & Solana Price Might Plunge More Than 25% In Coming Days ! Here are Levels To Watch", "text": "The broader crypto market found support despite Russia's invasion of Ukraine going into day 10. A 3-day losing streak came to an end for Bitcoin (BTC) on Saturday. Another return to sub-$39,000 levels was brief, with Bitcoin closing out at the $39,000 level for a 2nd consecutive day. At the time of writing, the global \u2026", "source_name": "CoinPedia", "date": "Sat, 05 Mar 2022 22:51:54 -0500", "topics": [], "sentiment": "Negative", "type": "Article", "tickers": ["ADA", "FTM", "SOL"]}, {"news_url": "https://coinpedia.org/ethereum/analyst-warns-ethereum-traders-hints-more-downtrend-for-eth-price/", "image_url": "https://crypto.snapi.dev/images/v1/r/u/shutterstock-1030451626-768x432-113505-114960.png", "title": "Analyst Warns Ethereum Traders ! Hints More Downtrend For ETH Price", "text": "Bitcoin has dropped below $40,000 to begin the weekend, extending recent losses in cryptocurrency markets. On Saturday, ETH was also weaker, reaching its lowest point this week in the process.\u00a0 Unlike bitcoin, Ethereum appears to have found support to begin the weekend, after plummeting to its lowest level in the previous seven days. ETH/USD is \u2026", "source_name": "CoinPedia", "date": "Sat, 05 Mar 2022 22:15:48 -0500", "topics": [], "sentiment": "Negative", "type": "Article", "tickers": ["ETH"]}, {"news_url": "https://cointelegraph.com/news/solana-tvl-and-price-drop-50-from-ath-but-gaming-dapps-could-turn-the-tables", "image_url": "https://crypto.snapi.dev/images/v1/w/o/840-ahr0chm6ly9zmy5jb2ludgvszwdyyxbolmnvbs91cgxvywrzlziwmjitmdmvotfinjblymmtndkwyi00ztkxlwezmjctzjbkztliywjkn2ezlmpwzw-114955.jpg", "title": "Solana TVL and price drop 50%+ from ATH, but gaming DApps could turn the tables", "text": "SOL price is down 48% year-to-date and data shows that its decentralized apps use is fading out, but there are a few reasons to remain hopeful.", "source_name": "Cointelegraph", "date": "Sat, 05 Mar 2022 19:05:00 -0500", "topics": [], "sentiment": "Negative", "type": "Article", "tickers": ["SOL"]}, {"news_url": "https://dailyhodl.com/2022/03/05/ethereum-eth-has-entered-a-danger-zone-heres-when-that-could-change-according-to-crypto-analytics-firm/", "image_url": "https://crypto.snapi.dev/images/v1/d/c/ethereum-entered-danger-zonejpgfit10242c600ssl1-114951.jpg", "title": "Ethereum (ETH) Has Entered a \u2018Danger Zone' \u2013 Here's When That Could Change, According to Crypto Analytics Firm", "text": "Blockchain analytics firm Santiment is issuing a warning to investors that top altcoin Ethereum (ETH) is at risk of falling further based on a key metric. In a new article, the market intelligence company says that based on ETH's Market Value to Realized Value (MVRV) over a seven-day period, the second-largest crypto asset by market [\u2026] The post Ethereum (ETH) Has Entered a \u2018Danger Zone' \u2013 Here's When That Could Change, According to Crypto Analytics Firm appeared first on The Daily Hodl.", "source_name": "The Daily Hodl", "date": "Sat, 05 Mar 2022 18:05:29 -0500", "topics": [], "sentiment": "Negative", "type": "Article", "tickers": ["ETH"]}, {"news_url": "https://bitcoinist.com/ethereum-gains-edge-on-stock-market-what-key-rally/", "image_url": "https://crypto.snapi.dev/images/v1/v/u/ethereum-6286124-1280-2-630x420-114946.jpg", "title": "Ethereum Gains Edge Over Stock Market, What's the Key to Fresh Rally", "text": "A recent Bloomberg Intelligence report published by Mike McGlone, Senior Commodity Strategist, presents a bullish thesis for Ethereum vis-\u00e0-vis the current macro environment. The Russia-Ukraine conflict, potential interest rates hikes, and uncertainty surround the markets, but McGlone believes BTC, and ETH could come out on top.", "source_name": "Bitcoinist", "date": "Sat, 05 Mar 2022 17:00:05 -0500", "topics": [], "sentiment": "Positive", "type": "Article", "tickers": ["ETH"]}, {"news_url": "https://bitcoinmagazine.com/business/examining-big-bank-price-manipulation-and-bitcoin", "image_url": "https://crypto.snapi.dev/images/v1/e/w/meltingmoney-114945.png", "title": "Big Bank Musical Chairs: Examining Bitcoin Through A Lens Of Price Manipulation", "text": "Bitcoin's finite supply poses challenges to big banks' traditional tactics of price manipulation.", "source_name": "Bitcoin Magazine", "date": "Sat, 05 Mar 2022 17:00:00 -0500", "topics": [], "sentiment": "Negative", "type": "Article", "tickers": ["BTC"]}, {"news_url": "https://cryptodaily.co.uk/2022/03/btc-usd-tests-38563-technical-support-sally-ho-technical-analysis-6-march-2022-btc-bitcoin", "image_url": "https://crypto.snapi.dev/images/v1/h/h/bitcoin-id-43cf6687-4147-4877-80d5-f73c65abaa86-size900-114703-114944.jpg", "title": "BTC/USD Tests 38563 Technical Support: Sally Ho's Technical Analysis 6 March 2022 BTC", "text": "Bitcoin (BTC/USD) sought new technical direction early in the Asian session as the pair bounced higher after trading as low as the 38577.01 level, representing a test of the 61.8% retracement of the appreciating range from 34322 to 45426.45.\u00a0 \u00a0Selling pressure recently intensified around the 44096.45 area, a level that represented a test of the 78.6% retracement of the broader depreciating range from 45855 to 36350, and also represented a test of the narrower recent trading range from 45426.45 to 42937.73.", "source_name": "Crypto Daily", "date": "Sat, 05 Mar 2022 17:00:00 -0500", "topics": ["tanalysis"], "sentiment": "Negative", "type": "Article", "tickers": ["BTC"]}, {"news_url": "https://dailyhodl.com/2022/03/05/heres-how-low-bitcoin-can-go-but-still-retain-bullish-momentum-according-to-top-crypto-analyst/", "image_url": "https://crypto.snapi.dev/images/v1/p/d/low-bitcoin-gojpgfit10242c600ssl1-114941.jpg", "title": "Here's How Low Bitcoin Can Go but Still Retain Bullish Momentum, According to Top Crypto Analyst", "text": "A prominent crypto trader says that leading crypto asset Bitcoin (BTC) can still retain its bullish momentum despite its latest dip. Pseudonymous strategist Rekt Capital tells his 292,000 Twitter followers that the inability of Bitcoin bulls to keep BTC above $43,000 puts the leading cryptocurrency in a position to revisit its diagonal support on the [\u2026] The post Here's How Low Bitcoin Can Go but Still Retain Bullish Momentum, According to Top Crypto Analyst appeared first on The Daily Hodl.", "source_name": "The Daily Hodl", "date": "Sat, 05 Mar 2022 16:00:16 -0500", "topics": [], "sentiment": "Neutral", "type": "Article", "tickers": ["BTC"]}, {"news_url": "https://news.bitcoin.com/bitcoin-miner-mawson-inks-hosting-deals-with-celsius-mining-and-foundry-digital/", "image_url": "https://crypto.snapi.dev/images/v1/r/f/image-2022-03-05-092849-114938.jpg", "title": "Bitcoin Miner Mawson Inks Hosting Deals With Celsius Mining and Foundry Digital", "text": "The bitcoin mining operation Mawson Infrastructure Group (MIGI) has started to make hosting deals with key players in the mining industry. On March 1, Securities and Exchange Commission (SEC) documents show that Mawson signed a 100-megawatt (MW) co-location agreement with Celsius Mining. Three days later, Mawson announced a 12-megawatt (MW) co-location deal with Foundry Digital. [\u2026]", "source_name": "Bitcoin", "date": "Sat, 05 Mar 2022 15:30:32 -0500", "topics": ["mining"], "sentiment": "Neutral", "type": "Article", "tickers": ["BTC"]}, {"news_url": "https://bitcoinmagazine.com/technical/bitcoin-and-trust-are-equally-unavoidable", "image_url": "https://crypto.snapi.dev/images/v1/3/3/crypto-bitcoin-adoption-on-the-rise-in-the-us-114930.jpg", "title": "Bitcoin And Trust Are Equally Unavoidable", "text": "Why webs of trust may be unavoidable even in an optimally decentralized world.", "source_name": "Bitcoin Magazine", "date": "Sat, 05 Mar 2022 14:00:00 -0500", "topics": [], "sentiment": "Neutral", "type": "Article", "tickers": ["BTC"]}, {"news_url": "https://cryptopotato.com/after-losing-6000-in-3-days-this-is-the-next-major-support-for-bitcoin-price-analysis/", "image_url": "https://crypto.snapi.dev/images/v1/k/m/shutterstock-1937713732-113880-114115-114539-114929.jpg", "title": "After Losing $6000 in 3 Days, This is The Next Major Support for Bitcoin (Price Analysis)", "text": "Bitcoin's price has been declining over the past few days, almost reverting all gains from the past greenish week. In fact, Bitcoin lost over $6K over the past 3-days.", "source_name": "CryptoPotato", "date": "Sat, 05 Mar 2022 13:48:32 -0500", "topics": ["tanalysis"], "sentiment": "Negative", "type": "Article", "tickers": ["BTC"]}, {"news_url": "https://decrypt.co/94463/this-week-in-coins-bitcoin-reverses-rally-as-luna-and-near-protocol-surge", "image_url": "https://crypto.snapi.dev/images/v1/x/o/bitcoin-price-2-gid-4-114928.jpg", "title": "This Week in Coins: Bitcoin Reverses Rally as LUNA and Near Protocol Surge", "text": "Most prices fluctuated throughout the week, but were little changed after seven days.", "source_name": "Decrypt", "date": "Sat, 05 Mar 2022 13:39:26 -0500", "topics": [], "sentiment": "Neutral", "type": "Article", "tickers": ["BTC", "LUNA", "NEAR"]}, {"news_url": "https://www.benzinga.com/markets/cryptocurrency/22/03/26007171/heres-why-this-analyst-says-bitcoin-will-reach-50-000-by-end-of-march?SNAPI", "image_url": "https://crypto.snapi.dev/images/v1/h/q/33195880398-b793dfe550-c-0-114926.jpg", "title": "Why This Analyst Says Bitcoin Will Reach $50,000 By End Of March", "text": "On Friday, Bitcoin (CRYPTO: BTC) broke below the $42,000 level to a low of $38,805.85. The sudden drop occurred after the apex crypto had been building upward momentum for the previous week.", "source_name": "Benzinga", "date": "Sat, 05 Mar 2022 13:34:00 -0500", "topics": [], "sentiment": "Positive", "type": "Article", "tickers": ["BTC"]}, {"news_url": "https://ambcrypto.com/xrp-lawsuit-heres-why-you-should-be-paying-attention-to-the-sec-vs-ripple-case-now/", "image_url": "https://crypto.snapi.dev/images/v1/7/s/david-wirzba-abttzrm-1hw-unsplash-2-114925.jpg", "title": "XRP lawsuit: Here's why you should be paying attention to the SEC v Ripple case now", "text": "With Russia hit by sanctions and being cut from the SWIFT system, many crypto watchers in the past few days have been talking about XRP's place in the banking world, and the legal tangle of SEC vs\u00a0Ripple. Verdict to come in a SECond?", "source_name": "AMBCrypto", "date": "Sat, 05 Mar 2022 13:30:52 -0500", "topics": ["regulations"], "sentiment": "Neutral", "type": "Article", "tickers": ["XRP"]}, {"news_url": "https://www.newsbtc.com/news/bitcoin/bitcoin-activity-soars-post-swift-ban-on-russia-btc-at-do-or-die-spot/", "image_url": "https://crypto.snapi.dev/images/v1/b/p/bitcoin-btc-btcusd-1-114923.jpg", "title": "Bitcoin Activity Soars Post SWIFT Ban On Russia, BTC At Do Or Die Spot?", "text": "Bitcoin has found temporal support at $39,000, but buyers have been scarce as the market enters into weekend price action. Uncertainty around macro factors seems to be growing with the Russia-Ukraine conflict contributing with the selling pressure experience by BTC and larger cryptocurrencies over the past days.", "source_name": "NewsBTC", "date": "Sat, 05 Mar 2022 13:00:56 -0500", "topics": [], "sentiment": "Neutral", "type": "Article", "tickers": ["BTC"]}, {"news_url": "https://ambcrypto.com/bitcoin-to-separate-from-sp500-because-of-the-russia-ukraine-conflict/", "image_url": "https://crypto.snapi.dev/images/v1/r/p/kanchanara-8x1m8lytapu-unsplash-2-114918.jpg", "title": "Bitcoin to separate from S&P500 because of the Russia-Ukraine conflict?", "text": "If you're a crypto investor, you may have heard the whispers of how Bitcoin has shown signs of moving in tandem with the S&P500, Nasdaq, or even tech stocks. However, this is still a matter of debate in the industry.", "source_name": "AMBCrypto", "date": "Sat, 05 Mar 2022 12:30:37 -0500", "topics": [], "sentiment": "Neutral", "type": "Article", "tickers": ["BTC"]}, {"news_url": "https://cryptoslate.com/gold-outperforms-bitcoin-as-a-store-of-value-as-btc-drops-below-40k/", "image_url": "https://crypto.snapi.dev/images/v1/x/s/btc-gold-114912.jpg", "title": "Gold outperforms Bitcoin as a store of value as BTC drops below $40K", "text": "As the weekend began BTC gave up the double-digit gains from earlier in the week to drop below a critical psychological marker of $40k. The post Gold outperforms Bitcoin as a store of value as BTC drops below $40K appeared first on CryptoSlate.", "source_name": "CryptoSlate", "date": "Sat, 05 Mar 2022 11:50:22 -0500", "topics": [], "sentiment": "Negative", "type": "Article", "tickers": ["BTC"]}, {"news_url": "https://www.trustnodes.com/2022/03/05/oil-and-bitcoin-is-there-a-correlation", "image_url": "https://crypto.snapi.dev/images/v1/e/g/putin-abu-dhabi-crown-prince-june-2018-114911.jpg", "title": "Oil And Bitcoin, Is There a Correlation?", "text": "As war rages in Ukraine, oil seems to be doing a bitcoin, racing above $115 for WTI, jumping nearly 7% in one day. These price levels have not been seen.", "source_name": "Trustnodes", "date": "Sat, 05 Mar 2022 11:48:40 -0500", "topics": ["paywall"], "sentiment": "Neutral", "type": "Article", "tickers": ["BTC"]}, {"news_url": "https://beincrypto.com/bitcoin-drops-below-40k-crypto-market-sheds-over-100-billion-in-24-hours/", "image_url": "https://crypto.snapi.dev/images/v1/u/s/ukraine-bitcoin-114917.png", "title": "Bitcoin Drops Below 40K; Crypto Market Sheds Over $100 Billion in 24 Hours", "text": "In the wake of the ongoing Russia-Ukraine conflict, crypto markets are responding poorly as Bitcoin drops below $40,000 within 24-hours. The post Bitcoin Drops Below 40K; Crypto Market Sheds Over $100 Billion in 24 Hours appeared first on BeInCrypto.", "source_name": "BeInCrypto", "date": "Sat, 05 Mar 2022 11:45:00 -0500", "topics": [], "sentiment": "Negative", "type": "Article", "tickers": ["BTC"]}, {"news_url": "https://news.bitcoin.com/fast-food-chain-shake-shack-trials-bitcoin-rewards-for-customers-using-cash-app/", "image_url": "https://crypto.snapi.dev/images/v1/0/v/shutterstock-1066562702-114903.jpg", "title": "Fast-Food Chain Shake Shack Trials Bitcoin Rewards for Customers Using Cash App", "text": "The American fast-food restaurant chain Shake Shack is giving bitcoin rewards to customers leveraging Cash App's debit card payment rail, Cash Card. According to Shake Shack, participants will get 15% of their purchase back in the form of bitcoin, and the crypto promotion will last until mid-March. Shake Shack Experiments With Bitcoin Trial to Lure [\u2026]", "source_name": "Bitcoin", "date": "Sat, 05 Mar 2022 11:30:59 -0500", "topics": [], "sentiment": "Positive", "type": "Article", "tickers": ["BTC"]}, {"news_url": "https://www.cryptopolitan.com/bitcoin-price-analysis-2022-03-05/", "image_url": "https://crypto.snapi.dev/images/v1/m/c/bitcoin-price-analysis-2022-03-05-114886.png", "title": "Bitcoin price analysis: BTC swiftly drops to $39,000, higher low set?", "text": "TL;DR Breakdown Bitcoin price analysis is bullish today. BTC/USD saw further decline yesterday.", "source_name": "Cryptopolitan", "date": "Sat, 05 Mar 2022 11:18:01 -0500", "topics": ["tanalysis"], "sentiment": "Negative", "type": "Article", "tickers": ["BTC"]}, {"news_url": "https://coingape.com/?p=102971", "image_url": "https://crypto.snapi.dev/images/v1/q/u/quantitatives-cltuytkqu6w-unsplash-scaled-114390-114541-114907.jpg", "title": "Analysts Predict Bitcoin (BTC) Still Poised For A Bounce Back Despite Price Drop", "text": "The price of Bitcoin has recently been in a downward retracement, but analysts remain optimistic. Pseudonymous crypto analyst and trader, \u201cRektcapital,\u201d has noted that the short-term dip would not affect overall bullish sentiments.", "source_name": "Coingape", "date": "Sat, 05 Mar 2022 11:05:30 -0500", "topics": [], "sentiment": "Positive", "type": "Article", "tickers": ["BTC"]}, {"news_url": "https://www.cryptopolitan.com/bitcoin-binance-coin-theta-network-and-tezos-daily-price-analyses-5-march-morning-price-prediction/", "image_url": "https://crypto.snapi.dev/images/v1/2/1/roundup-1140-x-570-2022-11-114883.png", "title": "Bitcoin, Binance Coin, Theta Network, and Tezos Daily Price Analyses \u2013 5 March Morning Price Prediction", "text": "TL;DR Breakdown The downward movement of the global crypto market continues as it sheds 4.09%% in the last 24 hours. Bitcoin sees no improvement in the situation, sheds 5.50% in 24 hours.", "source_name": "Cryptopolitan", "date": "Sat, 05 Mar 2022 11:01:00 -0500", "topics": [], "sentiment": "Neutral", "type": "Article", "tickers": ["BNB", "BTC", "THETA", "XTZ"]}, {"news_url": "https://www.cryptoglobe.com/latest/2022/03/vc-firm-andreessen-horowitz-invests-in-ethereum-staking-platform-lido/", "image_url": "https://crypto.snapi.dev/images/v1/w/u/outdoor-swimming-pool-114878.jpg", "title": "VC Firm Andreessen Horowitz Invests in Ethereum Staking Platform Lido", "text": "Silicon Valley based venture capital firm Andreessen Horowitz\u00a0(\u201ca16z\u201d) has announced that it has invested in decentralized staking platform Lido. What Is Lido? Lido, which was introduced on 15 October 2020, is \u201ca liquid staking solution for ETH 2.0 backed by industry-leading staking providers.\u201d It \u201clets users stake their ETH \u2013 without locking assets or maintaining [\u2026]", "source_name": "CryptoGlobe", "date": "Sat, 05 Mar 2022 10:50:42 -0500", "topics": [], "sentiment": "Neutral", "type": "Article", "tickers": ["ETH"]}, {"news_url": "https://decrypt.co/94386/ukraine-dao-millions-in-ethereum-shows-what-dao-can-do", "image_url": "https://crypto.snapi.dev/images/v1/s/p/screen-shot-2022-03-05-at-95929-am-gid-7-114876.png", "title": "What DAOs Can Do: $6.75M in Ethereum for Ukraine", "text": "Crypto donations for Ukraine have included funds from DAOs and NFT sales, showing how effectively the Web3 community can mobilize around a cause.", "source_name": "Decrypt", "date": "Sat, 05 Mar 2022 10:46:02 -0500", "topics": [], "sentiment": "Neutral", "type": "Article", "tickers": ["ETH"]}, {"news_url": "https://coingape.com/?p=103059", "image_url": "https://crypto.snapi.dev/images/v1/s/o/sol-8-111209-114905.jpg", "title": "Solana (SOL) Becoming A Target For Phishing Attacks; Here's Why", "text": "Slowmist, a blockchain security company has issued a warning for the users regarding recent Solana network phishing attacks. The company informed that these kinds of theft have been very frequent.", "source_name": "Coingape", "date": "Sat, 05 Mar 2022 10:44:54 -0500", "topics": [], "sentiment": "Negative", "type": "Article", "tickers": ["SOL"]}, {"news_url": "https://news.bitcoin.com/bitcoin-ethereum-technical-analysis-btc-falls-below-40000-to-start-weekend/", "image_url": "https://crypto.snapi.dev/images/v1/m/f/shutterstock-1068219719-114873.jpg", "title": "Bitcoin, Ethereum Technical Analysis: BTC Falls Below $40,000 to Start Weekend", "text": "Bitcoin has fallen below $40,000 to start the weekend, as cryptocurrency markets extend recent losses. ETH was also lower on Saturday, falling to its lowest point this week in the process. Bitcoin BTC fell for its fourth consecutive session on Saturday, as the world's largest cryptocurrency dropped below its long-term support level. The price of [\u2026]", "source_name": "Bitcoin", "date": "Sat, 05 Mar 2022 10:38:14 -0500", "topics": ["tanalysis"], "sentiment": "Negative", "type": "Article", "tickers": ["BTC", "ETH"]}, {"news_url": "https://www.newsbtc.com/news/billionaire-investor-says-crypto-outlook-is-very-bullish-for-bitcoin/", "image_url": "https://crypto.snapi.dev/images/v1/8/h/crypto-outllook-114870.jpg", "title": "Billionaire Investor Says Crypto Outlook Is \u2018Very Bullish' For Bitcoin", "text": "Billionaire Bill Miller, a seasoned billionaire investor, explains why he believes the current crypto outlook is very positive for Bitcoin. Miller likens Bitcoin to digital gold when it comes to the digital currency.", "source_name": "NewsBTC", "date": "Sat, 05 Mar 2022 10:32:20 -0500", "topics": [], "sentiment": "Positive", "type": "Article", "tickers": ["BTC"]}, {"news_url": "https://decrypt.co/94446/bitcoin-slides-6-overnight-back-under-40k", "image_url": "https://crypto.snapi.dev/images/v1/m/j/bitcoin-etf-trading-volume-gid-6-114867.jpeg", "title": "Bitcoin Slides 6% Overnight, Back Under $40k", "text": "The world's leading cryptocurrency fell to about $39,000 after it had rallied 20% by Wednesday to just over $45,000.", "source_name": "Decrypt", "date": "Sat, 05 Mar 2022 09:55:53 -0500", "topics": [], "sentiment": "Negative", "type": "Article", "tickers": ["BTC"]}, {"news_url": "https://www.cryptoglobe.com/latest/2022/03/celsius-network-ceo-still-very-bullish-on-bitcoin-despite-recent-dip-below-35k/", "image_url": "https://crypto.snapi.dev/images/v1/k/1/alex-mashinsky-114865.jpg", "title": "Celsius Network CEO Still Very Bullish on Bitcoin Despite Recent Dip Below $35K", "text": "Recently,\u00a0Alex Mashinsky, Co-founder, Chairman, and CEO of lending platform\u00a0Celsius Network, shared some of his latest thoughts on Bitcoin.\u00a0 During an interview on February 24 with Kitco News anchor David Lin, the Celsius CEO claimed that Bitcoin had found strong support around $30,000, as the price responded to the news of Russia invading Ukraine. He said [\u2026]", "source_name": "CryptoGlobe", "date": "Sat, 05 Mar 2022 09:30:00 -0500", "topics": [], "sentiment": "Positive", "type": "Article", "tickers": ["BTC"]}, {"news_url": "https://www.cryptopolitan.com/ethereum-price-analysis-2022-03-05/", "image_url": "https://crypto.snapi.dev/images/v1/4/u/ethereum-price-analysis-2022-03-05-114863.png", "title": "Ethereum price analysis: ETH finds support at $2,600, ready to reverse?", "text": "TL;DR Breakdown Ethereum price analysis is bullish today. ETH/USD continued to decline yesterday.", "source_name": "Cryptopolitan", "date": "Sat, 05 Mar 2022 09:10:41 -0500", "topics": ["tanalysis"], "sentiment": "Positive", "type": "Article", "tickers": ["ETH"]}, {"news_url": "https://u.today/780000-bitcoin-now-held-by-retail-addresses-reaching-record-highs-despite-btc-dip?SNAPI", "image_url": "https://crypto.snapi.dev/images/v1/o/h/13119-114862.jpg", "title": "780,000 Bitcoin Now Held by Retail Addresses, Reaching Record Highs Despite BTC Dip", "text": "Amid BTC decline, retail addresses now hold 780,000 Bitcoins, setting fresh highs", "source_name": "UToday", "date": "Sat, 05 Mar 2022 09:06:00 -0500", "topics": [], "sentiment": "Positive", "type": "Article", "tickers": ["BTC"]}, {"news_url": "https://coinpedia.org/bitcoin/do-not-buy-bitcoin-say-analyst-is-btc-price-primed-to-slash-below-30000/", "image_url": "https://crypto.snapi.dev/images/v1/g/5/bitcoinred-114549-114860.jpg", "title": "\u2018Do Not But Bitcoin'- Says This Analyst, Is BTC Price Primed To Slash Below $30,000?", "text": "The crypto space is extremely volatile as huge price variations do occur every now and then. Bitcoin for an instance was speculated to ht $50,000 at the earliest while it cleared the $45,000 level. Woefully it remained for only a short while, where the bear became proactive and dragged the price below $40,000. Despite a \u2026", "source_name": "CoinPedia", "date": "Sat, 05 Mar 2022 08:35:32 -0500", "topics": [], "sentiment": "Negative", "type": "Article", "tickers": ["BTC"]}, {"news_url": "https://coingape.com/?p=103062", "image_url": "https://crypto.snapi.dev/images/v1/e/t/eth-outpacing-btcjpgfit10242c600ssl1-114506-114899.jpg", "title": "Ethereum Price Prediction: ETH Bounces Off Lows Near $2,500; Ready To Jump Toward $3,000?", "text": "Ethereum (ETH) price is hovering near $2,600 following three days of consecutive fall. EHT stabilizes after briefly falling below $2,500.", "source_name": "Coingape", "date": "Sat, 05 Mar 2022 08:33:17 -0500", "topics": [], "sentiment": "Positive", "type": "Article", "tickers": ["ETH"]}, {"news_url": "https://www.financemagnates.com/cryptocurrency/news/2262-bitcoin-addresses-hold-at-least-1000-btc/", "image_url": "https://crypto.snapi.dev/images/v1/k/2/bitcoin-id-4d4cad72-bb7a-40ec-9a8f-39c08a331e44-size900-114859.jpg", "title": "2,262 Bitcoin Addresses Hold at Least 1,000 BTC", "text": "The number of Bitcoin millionaires, addresses with 1,000+ coins, has touched its highest level since April 2021. Glassnode's on-chain data shows that 2,262 BTC addresses are now holding more than 1,000 coins.", "source_name": "FinanceMagnates", "date": "Sat, 05 Mar 2022 08:07:00 -0500", "topics": [], "sentiment": "Neutral", "type": "Article", "tickers": ["BTC"]}, {"news_url": "https://coinpedia.org/price-analysis/ethereum-to-roll-back-to-2500-levels-soon-is-this-a-buy-opprtunity/", "image_url": "https://crypto.snapi.dev/images/v1/s/f/sd-11-113469-114858.jpeg", "title": "Ethereum to Roll-Back to $2500 Levels Soon, Is This a Buy Opprtunity?", "text": "The bears have yet again capitulated the crypto space as the weekend is approaching. While Bitcoin price is feared to hold certain support levels strong, the Ethereum price has ignited a bearish trend too. Moreover, the price has already slashed below the crucial support levels and is now feared to plunge towards $2500. Yet some \u2026", "source_name": "CoinPedia", "date": "Sat, 05 Mar 2022 08:05:56 -0500", "topics": [], "sentiment": "Negative", "type": "Article", "tickers": ["ETH"]}], "total_pages": 42}