{"data": [{"news_url": "https://cryptopotato.com/crypto-markets-add-120b-in-a-day-as-bitcoin-explodes-to-3-month-high-market-watch/", "image_url": "https://crypto.snapi.dev/images/v1/g/1/bitcoin-high-cover-122129.jpg", "title": "Crypto Markets Add $120B in a Day as Bitcoin Explodes to 3-Month High (Market Watch)", "text": "The crypto market cap is up by roughly $120 billion in a day as bitcoin and the altcoins charted notable gains.", "source_name": "CryptoPotato", "date": "Mon, 28 Mar 2022 04:34:45 -0400", "topics": [], "sentiment": "Positive", "type": "Article", "tickers": ["BTC"]}, {"news_url": "https://u.today/peter-brandt-hints-at-another-30-btc-breakout-as-he-shares-this-fundamental-pattern?SNAPI", "image_url": "https://crypto.snapi.dev/images/v1/m/r/13615-122123.jpg", "title": "Peter Brandt Hints at Another 30% BTC Breakout as He Shares This Fundamental Pattern", "text": "Veteran trader sees similarities between 2019's and today's Bitcoin chart", "source_name": "UToday", "date": "Mon, 28 Mar 2022 04:00:00 -0400", "topics": [], "sentiment": "Positive", "type": "Article", "tickers": ["BTC"]}, {"news_url": "https://ambcrypto.com/bitcoin-may-have-hit-47k-but-exchange-supply-data-reveals-that/", "image_url": "https://crypto.snapi.dev/images/v1/h/m/einar-storsul-hcyrwxlvkco-unsplash-2-122122.jpg", "title": "Bitcoin may have hit $47K, but exchange supply data reveals that\u2026", "text": "Bitcoin's latest rally saw the more bullish influencers and traders on Twitter throw confetti online as they celebrated the rise of the king coin (yet again). Before you join the party, however, it's important to slow down and consider the risk that investors who bought the dip might be in a mood to sell and [\u2026]", "source_name": "AMBCrypto", "date": "Mon, 28 Mar 2022 03:46:38 -0400", "topics": [], "sentiment": "Neutral", "type": "Article", "tickers": ["BTC"]}, {"news_url": "https://www.newsbtc.com/analysis/eth/ethereum-gains-traction-3-3k/", "image_url": "https://crypto.snapi.dev/images/v1/x/z/shutterstock-755970418-122121.jpg", "title": "TA: Ethereum Gains Traction, A Strengthening Case For More Gains", "text": "Ethereum gained over 5% and broke the $3,250 resistance against the US Dollar. ETH price is rising and could accelerate higher above $3,350.", "source_name": "NewsBTC", "date": "Mon, 28 Mar 2022 03:39:20 -0400", "topics": ["tanalysis"], "sentiment": "Positive", "type": "Article", "tickers": ["ETH"]}, {"news_url": "https://en.cryptonomist.ch/2022/03/28/bitcoin-ethereum-sand-price-analyses/", "image_url": "https://crypto.snapi.dev/images/v1/n/u/crypto-trading-3-300x199-122126.jpg", "title": "Bitcoin, Ethereum, Sand Price Analyses", "text": "The fear and greed index reach new level of 60", "source_name": "The Cryptonomist", "date": "Mon, 28 Mar 2022 03:33:45 -0400", "topics": [], "sentiment": "Neutral", "type": "Article", "tickers": ["BTC", "ETH"]}, {"news_url": "https://coingape.com/?p=106100", "image_url": "https://crypto.snapi.dev/images/v1/r/c/crypto-bitcoin-122120.jpg", "title": "Bitcoin (BTC) Short Squeeze; Latest Rally Wipes $140 Million Shorts", "text": "Bitcoin's latest rally, where the token came close to 2022 highs, blindsided a majority of traders hoping for a drop. Data on Monday showed that nearly $140 million worth of BTC short positions were liquidated in the last 12 hours.", "source_name": "Coingape", "date": "Mon, 28 Mar 2022 03:29:33 -0400", "topics": [], "sentiment": "Positive", "type": "Article", "tickers": ["BTC"]}, {"news_url": "https://www.cryptoglobe.com/latest/2022/03/peter-thiels-biggest-mistake-getting-too-late-and-too-little-into-bitcoin/", "image_url": "https://crypto.snapi.dev/images/v1/4/6/paypal-app-image-1-scaled-122119.jpg", "title": "Peter Thiel's \u2018Biggest Mistake': \u2018Getting Too Late and Too Little Into Bitcoin'", "text": "German-American billionaire entrepreneur and venture capitalist Peter Thiel says that the \u201cbiggest mistake\u201d he made in the last decade was \u201cgetting too late and too little into Bitcoin.\u201d According to Wikipedia, Thiel, who is co-founder of PayPal, Palantir Technologies, and Founders Fund, was the first outside investor in Facebook, and as of 28 March 2022, [\u2026]", "source_name": "CryptoGlobe", "date": "Mon, 28 Mar 2022 03:18:22 -0400", "topics": [], "sentiment": "Neutral", "type": "Article", "tickers": ["BTC"]}, {"news_url": "https://coinpedia.org/news/socialfi-social-dapps-meet-bitcoin-and-crypto/", "image_url": "https://crypto.snapi.dev/images/v1/z/b/crypto18-122116.jpg", "title": "SocialFi: Social DApps Meet Bitcoin and Crypto\ufffc", "text": "It's time for finance to be integrated directly into our social platforms. On WhatsApp, for example, the ability to send money between users is only available in India and Brazil. A core principle of SocialFi is that integrating decentralized applications (dApps) and social platforms with financial tech can unlock innovation anywhere in the world. Combined \u2026", "source_name": "CoinPedia", "date": "Mon, 28 Mar 2022 03:18:11 -0400", "topics": [], "sentiment": "Neutral", "type": "Article", "tickers": ["BTC"]}, {"news_url": "https://beincrypto.com/bitcoin-btc-reaches-highest-weekly-close-2022/", "image_url": "https://crypto.snapi.dev/images/v1/g/s/bitcoin-price-up-inkjpegoptimal-122117.jpeg", "title": "Bitcoin (BTC) Reaches Highest Weekly Close of 2022", "text": "Bitcoin (BTC) increased rapidly on March 27, breaking out from several short-term resistance levels in the process and briefly moved above $47,000 the next day. The post Bitcoin (BTC) Reaches Highest Weekly Close of 2022 appeared first on BeInCrypto.", "source_name": "BeInCrypto", "date": "Mon, 28 Mar 2022 03:14:21 -0400", "topics": [], "sentiment": "Positive", "type": "Article", "tickers": ["BTC"]}, {"news_url": "https://cointelegraph.com/news/buy-pressure-in-bull-market-territory-5-things-to-know-in-bitcoin-this-week", "image_url": "https://crypto.snapi.dev/images/v1/c/y/840-ahr0chm6ly9zmy5jb2ludgvszwdyyxbolmnvbs91cgxvywrzlziwmjitmdmvntq2otc0n2mtntfkoc00ywflltg5mdytmdzmzwy0yjqwnmyzlmpwzw-122115.jpg", "title": "Buy pressure \u2018in bull market territory' \u2014 5 things to know in Bitcoin this week", "text": "Is it really different this time? Bitcoin is back at the yearly open, but they jury's out when it comes to what's next.", "source_name": "Cointelegraph", "date": "Mon, 28 Mar 2022 03:13:42 -0400", "topics": [], "sentiment": "Neutral", "type": "Article", "tickers": ["BTC"]}, {"news_url": "https://coinpedia.org/bitcoin/btc-price-close-march-month-reaching-50k/", "image_url": "https://crypto.snapi.dev/images/v1/q/1/crypto17-122114.jpg", "title": "Bitcoin Rise Above $47k! Will BTC Price Close March Month Reaching $50K Level?", "text": "The world's largest cryptocurrency Bitcoin Price was stuck below $45,000 for a long time. Though bulls tried to break through many times, every time bears took over the market. However, bulls managed to push the flagship currency above $45,000 resistance & rallied towards $47,000. BTC price even tested $47.5k resistance, but bulls couldn't hold that \u2026", "source_name": "CoinPedia", "date": "Mon, 28 Mar 2022 03:00:00 -0400", "topics": [], "sentiment": "Positive", "type": "Article", "tickers": ["BTC"]}, {"news_url": "https://tokenpost.com/Interview-Ripple-We-are-making-a-blockchain-platform-to-solve-international-remittance-problems-9557", "image_url": "https://crypto.snapi.dev/images/v1/k/a/20220328ea82c910a431519e3-122957.jpg", "title": "Ripple \"We are making a blockchain platform to solve international remittance problems\"", "text": "Ripples main business area is international remittance. Ripple believes that the existing international remittance system is inefficient and aims to solve it with RippleNet.", "source_name": "Tokenpost", "date": "Mon, 28 Mar 2022 02:57:47 -0400", "topics": [], "sentiment": "Positive", "type": "Article", "tickers": ["XRP"]}, {"news_url": "https://cryptopotato.com/over-400m-in-liquidations-as-bitcoin-price-skyrockets-to-47k/", "image_url": "https://crypto.snapi.dev/images/v1/z/7/bear-sad-cover-122111.jpg", "title": "Over $400M in Liquidations as Bitcoin Price Skyrockets to $47K", "text": "Upwards of $400 million were liquidated in the past 24 hours as Bitcoin's price surged above $47K.", "source_name": "CryptoPotato", "date": "Mon, 28 Mar 2022 02:49:01 -0400", "topics": [], "sentiment": "Positive", "type": "Article", "tickers": ["BTC"]}, {"news_url": "https://coinpedia.org/price-analysis/bitcoin-consolidation-ends-here-btc-price-to-have-a-year-long-bull-run-soon/", "image_url": "https://crypto.snapi.dev/images/v1/p/d/crypto16-122109.jpg", "title": "Bitcoin Consolidation Ends Here, Next Sell Area Above $150K! BTC Price to Have a Year-Long Bull Run Soon\ufffc", "text": "Bitcoin price through the week witnessed a heavy upswing which easied out huge selling pressure. It broke out from the ascending triangle in the weekly time frame and registered one of the most bullish closes. Moreover, in the long run, the bears appear weak at least until the end of the year 2022. Moreover, the \u2026", "source_name": "CoinPedia", "date": "Mon, 28 Mar 2022 02:42:00 -0400", "topics": [], "sentiment": "Positive", "type": "Article", "tickers": ["BTC"]}, {"news_url": "https://www.financemagnates.com/cryptocurrency/news/bitcoin-liquidations-rise-btc-hits-47000/", "image_url": "https://crypto.snapi.dev/images/v1/e/m/bitcoin-id-4d4cad72-bb7a-40ec-9a8f-39c08a331e44-size900-122110.jpg", "title": "Bitcoin Liquidations Rise, BTC Hits $47,000", "text": "Bitcoin witnessed a strong buying trend in the last 24 hours after the digital asset crossed $47,000 for the first time since January 2022. As a result of the latest bullish market sentiment in the world's most valuable digital currency, over $130 million worth of short Bitcoin trading positions were liquidated within the last 24 hours.", "source_name": "FinanceMagnates", "date": "Mon, 28 Mar 2022 02:40:00 -0400", "topics": [], "sentiment": "Positive", "type": "Article", "tickers": ["BTC"]}, {"news_url": "https://en.cryptonomist.ch/2022/03/28/cryptosmart-how-to-use-bitcoin-and-crypto-in-everyday-life/", "image_url": "https://crypto.snapi.dev/images/v1/g/q/bitcoin-cryptosmart-1-300x200-122113.jpg", "title": "Cryptosmart, how to use Bitcoin and Crypto in everyday life", "text": "The platform is intended to allow both professionals and ordinary people who are new to the world of cryptocurrencies the opportunity to buy, sell and deposit digital assets", "source_name": "The Cryptonomist", "date": "Mon, 28 Mar 2022 02:30:38 -0400", "topics": [], "sentiment": "Neutral", "type": "Article", "tickers": ["BTC"]}, {"news_url": "https://beincrypto.com/over-100m-ethereum-positions-liquidated-past-24-hours/", "image_url": "https://crypto.snapi.dev/images/v1/l/k/bic-artwork-buy-ethereum-1jpgoptimal-122106.jpg", "title": "Over $100M in Ethereum Positions Liquidated in the Past 24 Hours", "text": "Liquidations in the crypto market have shot up in the past 24 hours, as Ethereum has seen over $100 million lost by traders. The post Over $100M in Ethereum Positions Liquidated in the Past 24 Hours appeared first on BeInCrypto.", "source_name": "BeInCrypto", "date": "Mon, 28 Mar 2022 02:05:19 -0400", "topics": [], "sentiment": "Negative", "type": "Article", "tickers": ["ETH"]}, {"news_url": "https://coinpedia.org/altcoin/ethereum-eth-and-cardano-ada-price/", "image_url": "https://crypto.snapi.dev/images/v1/1/p/crypto15-122103.jpg", "title": "Ethereum (ETH) and Cardano (ADA) Price To Hit $3500 & $1.3 Respectively, Followed By Minor Pull Back", "text": "The market capitalization of all cryptocurrencies is now $2.19 trillion, up 4.0 percent in the last 24 hours. Cryptocurrency prices rose just as Bitcoin surpassed $45,000, a gain of more than 15% since March 11. Ethereum was trading at $3,298.46 in the previous 24 hours, up 4.7 percent, while Dogecoin was trading at $0.148578, up \u2026", "source_name": "CoinPedia", "date": "Mon, 28 Mar 2022 01:36:22 -0400", "topics": [], "sentiment": "Neutral", "type": "Article", "tickers": ["ADA", "ETH"]}, {"news_url": "https://coingape.com/?p=106094", "image_url": "https://crypto.snapi.dev/images/v1/e/y/xrp-price-prediction-122102.jpg", "title": "XRP Price Prediction: XRP Price Aims $1 As It Sails Higher Within A Rising Wedge", "text": "The slow and steady recovery in Ripple(XRP) price approaches the $0.8-$0.9 resistance zone. The lack of strong bullish momentum and decreasing volume activity may tease a bearish reversal, but, in that case, the support trendline breakdown stands as a key confirmation for short-sellers.", "source_name": "Coingape", "date": "Mon, 28 Mar 2022 01:27:54 -0400", "topics": [], "sentiment": "Neutral", "type": "Article", "tickers": ["XRP"]}, {"news_url": "https://u.today/bitcoin-hits-47000-as-bulls-gain-upper-hand?SNAPI", "image_url": "https://crypto.snapi.dev/images/v1/q/q/adobestock-208934783-122097.jpeg", "title": "Bitcoin Hits $47,000 as Bulls Gain Upper Hand", "text": "Bitcoin has managed to soar to the highest level since early January", "source_name": "UToday", "date": "Mon, 28 Mar 2022 01:08:00 -0400", "topics": [], "sentiment": "Positive", "type": "Article", "tickers": ["BTC"]}, {"news_url": "https://invezz.com/news/2022/03/28/talisman-wallet-brings-more-users-to-dot-and-ksm/", "image_url": "https://crypto.snapi.dev/images/v1/o/m/wanchain-adds-polkadot-to-its-growing-list-of-supported-blockchains-on-its-cross-chain-infrastructure-122098.jpg", "title": "Talisman Wallet brings more users to DOT and KSM", "text": "A rising number of new apps are being developed to leverage Polkadot's (DOT/USD) unique multi-chain architecture and attract as many new web3 users as possible. Parachains launched on Polkadot and Kusama (KSM/USD) recently. These are a series of targeted blockchains designed to leverage the shared security of the two relay chains and to be interoperable, [\u2026] The post Talisman Wallet brings more users to DOT and KSM appeared first on Invezz.", "source_name": "Invezz", "date": "Mon, 28 Mar 2022 01:07:53 -0400", "topics": [], "sentiment": "Neutral", "type": "Article", "tickers": ["KSM", "DOT"]}, {"news_url": "https://cryptonews.com/news/bitcoin-tests-usd-47k-ethereum-reaches-usd-33k-altcoins-gain-momentum.htm", "image_url": "https://crypto.snapi.dev/images/v1/a/b/crypto9-121677-122095.jpg", "title": "Bitcoin Tests USD 47K, Ethereum Reaches USD 3.3K, Altcoins Gain Momentum", "text": "Bitcoin price started a fresh increase above the USD 45,500 resistance zone and even briefly surpassed the USD 47,000 level. It is currently (04:00 UTC) consolidating gains near USD 46,900 and eyeing an upside break above USD 47,500.", "source_name": "Cryptonews", "date": "Mon, 28 Mar 2022 00:39:00 -0400", "topics": [], "sentiment": "Positive", "type": "Article", "tickers": ["BTC", "ETH"]}, {"news_url": "https://coingape.com/?p=106092", "image_url": "https://crypto.snapi.dev/images/v1/x/q/crypto-bitcoin-122093.jpg", "title": "Bitcoin (BTC) Gives A Major Breakout to $47,000, Its 200 DMA Coming Soon?", "text": "The world's largest cryptocurrency has shot up another 5%% on Sunday eve moving past $47,000 for the first time in three months. As of press time, BTC is trading 4.93% up at a [rice of $47,943 with a market cap of $891 billion.", "source_name": "Coingape", "date": "Sun, 27 Mar 2022 23:26:40 -0400", "topics": [], "sentiment": "Positive", "type": "Article", "tickers": ["BTC"]}, {"news_url": "https://www.newsbtc.com/analysis/btc/bitcoin-breaks-47k/", "image_url": "https://crypto.snapi.dev/images/v1/q/p/shutterstock-170515580-122092.jpg", "title": "TA: Bitcoin Breaks $47K, Can Bulls Aim $50K?", "text": "Bitcoin started a fresh increase above the $45,000 resistance against the US Dollar. BTC even broke $47,000 and is showing positive signs.", "source_name": "NewsBTC", "date": "Sun, 27 Mar 2022 23:18:14 -0400", "topics": ["tanalysis"], "sentiment": "Positive", "type": "Article", "tickers": ["BTC"]}, {"news_url": "https://www.cryptopolitan.com/bitcoin-binance-coin-cardano-and-avalanche-daily-price-analyses-27-march-roundup/", "image_url": "https://crypto.snapi.dev/images/v1/5/y/5yh433-122087.", "title": "Bitcoin, Binance Coin, Cardano, and Avalanche Daily Price Analyses \u2013 27 March Roundup", "text": "TL;DR Breakdown The global crypto market continues its bullish march, adding 4.35% in 24 hours. Bitcoin continues bullish, adding 5.04% over the last 24 hours.", "source_name": "Cryptopolitan", "date": "Sun, 27 Mar 2022 22:26:39 -0400", "topics": [], "sentiment": "Positive", "type": "Article", "tickers": ["ADA", "AVAX", "BNB", "BTC"]}, {"news_url": "https://decrypt.co/96155/bitcoin-and-ethereum-spike-5-amid-crypto-market-sunday-surge", "image_url": "https://crypto.snapi.dev/images/v1/a/y/bitcoin-and-ethereum-gid-5-122083.jpg", "title": "Bitcoin and Ethereum Spike 5% Amid Crypto Market Sunday Surge", "text": "After a stale first quarter, the entire cryptocurrency market appears to be picking back up\u2014for the moment.", "source_name": "Decrypt", "date": "Sun, 27 Mar 2022 20:50:30 -0400", "topics": [], "sentiment": "Positive", "type": "Article", "tickers": ["BTC", "ETH"]}, {"news_url": "https://www.benzinga.com/markets/cryptocurrency/22/03/26314365/bitcoin-nears-47k-level-pulls-up-ethereum-and-dogecoin-whats-driving-the-crypto-rally?SNAPI", "image_url": "https://crypto.snapi.dev/images/v1/h/o/bitcoin-crypto-currency-diagram-1-122085.jpg", "title": "Bitcoin Nears $47K Level, Pulls Up Ethereum And Dogecoin: What's Driving The Crypto Rally?", "text": "Bitcoin and other major coins exhibited significant strength on Sunday evening as the global cryptocurrency market rose 2.2% to $2 trillion at press time.", "source_name": "Benzinga", "date": "Sun, 27 Mar 2022 20:34:00 -0400", "topics": [], "sentiment": "Positive", "type": "Article", "tickers": ["BTC", "DOGE", "ETH"]}, {"news_url": "https://www.fool.com/investing/2022/03/27/why-bitcoin-sailed-higher-on-sunday/", "image_url": "https://crypto.snapi.dev/images/v1/d/d/ddew213-122080.", "title": "Why Bitcoin Sailed Higher on Sunday", "text": "Some bullish trends are bolstering the world's top cryptocurrency.", "source_name": "The Motley Fool", "date": "Sun, 27 Mar 2022 19:09:29 -0400", "topics": [], "sentiment": "Positive", "type": "Article", "tickers": ["BTC"]}, {"news_url": "https://www.reuters.com/technology/bitcoin-rises-44-percent-46499-2022-03-27/", "image_url": "https://crypto.snapi.dev/images/v1/a/m/p7rd6uhckzpgzaosqqz2zicbjq-122076.jpg", "title": "Bitcoin rises 4.4 percent to $46,499", "text": "Bitcoin surged 4.41% to $46,499.29 at 22:07 GMT on Sunday, adding $1,963.64 to its previous close.", "source_name": "Reuters", "date": "Sun, 27 Mar 2022 18:34:52 -0400", "topics": [], "sentiment": "Positive", "type": "Article", "tickers": ["BTC"]}, {"news_url": "https://dailyhodl.com/2022/03/27/heres-whats-ahead-for-bitcoin-btc-and-ethereum-eth-after-latest-surge-according-to-crypto-analyst/", "image_url": "https://crypto.snapi.dev/images/v1/l/c/bitcoin-ethereum-dominancejpgfit10242c600ssl1-122072.jpg", "title": "Here's What's Ahead for Bitcoin (BTC) and Ethereum (ETH) After Latest Surge, According to Crypto Analyst", "text": "A closely tracked analyst and trader is mapping out what's next for Bitcoin (BTC) and Ethereum (ETH) as the two largest crypto assets continue to grind higher. Pseudonymous crypto strategist Pentoshi tells his 530,400 Twitter followers that he expects Bitcoin to sustain its rally until BTC hits its yearly open at $46,000. Pentoshi adds that [\u2026] The post Here's What's Ahead for Bitcoin (BTC) and Ethereum (ETH) After Latest Surge, According to Crypto Analyst appeared first on The Daily Hodl.", "source_name": "The Daily Hodl", "date": "Sun, 27 Mar 2022 18:05:35 -0400", "topics": [], "sentiment": "Positive", "type": "Article", "tickers": ["BTC", "ETH"]}, {"news_url": "https://cryptoslate.com/bitcoin-breaks-through-46000-for-first-time-since-january/", "image_url": "https://crypto.snapi.dev/images/v1/w/a/bitcoin-movement-122067.jpg", "title": "Bitcoin breaks through $46,000 for first time since January", "text": "Bitcoin has just pumped to its highest level since January 4 to create a weekly close above $45,500 for the first time in 2022. The post Bitcoin breaks through $46,000 for first time since January appeared first on CryptoSlate.", "source_name": "CryptoSlate", "date": "Sun, 27 Mar 2022 17:50:24 -0400", "topics": [], "sentiment": "Positive", "type": "Article", "tickers": ["BTC"]}, {"news_url": "https://bitcoinmagazine.com/markets/whats-up-with-bitcoin-stock-to-flow", "image_url": "https://crypto.snapi.dev/images/v1/q/2/img-0298-122063.png", "title": "What's Up With S2F? \u2014 A Look At The Popular Bitcoin Model", "text": "The model that attempts to predict the price of bitcoin has come under much scrutiny \u2014 is the criticism valid?", "source_name": "Bitcoin Magazine", "date": "Sun, 27 Mar 2022 17:00:00 -0400", "topics": [], "sentiment": "Neutral", "type": "Article", "tickers": ["BTC"]}, {"news_url": "https://www.cryptoglobe.com/latest/2022/03/former-u-s-presidential-candidate-ron-paul-u-s-government-could-still-ban-bitcoin/", "image_url": "https://crypto.snapi.dev/images/v1/m/h/blockchain-gd6efd6812-1920-122064.jpg", "title": "Former U.S. Presidential Candidate Ron Paul: U.S. Government Could Still Ban Bitcoin", "text": "Texas Libertarian\u00a0Dr. Ron Paul, who is a former U.S. presidential candidate (three times, in 1988, 2008, and 2012), says that the U.S. government could still outlaw Bitcoin, while arguing that crypto should \u201cobviously\u201d be permitted.\u00a0 Paul discussed the future of the U.S. dollar and Bitcoin during an interview with Kitco News on March 18. Dr. [\u2026]", "source_name": "CryptoGlobe", "date": "Sun, 27 Mar 2022 16:55:04 -0400", "topics": [], "sentiment": "Negative", "type": "Article", "tickers": ["BTC"]}, {"news_url": "https://www.benzinga.com/markets/cryptocurrency/22/03/26313991/sudden-burst-bitcoin-pushes-above-46-000-for-the-first-time-since-january-5?SNAPI", "image_url": "https://crypto.snapi.dev/images/v1/2/k/bitcoin-chart-0-122068.png", "title": "Sudden Burst: Bitcoin Pushes Above $46,000 For The First Time Since January 5", "text": "For the first time since Jan. 5 Bitcoin (CRYPTO: BTC) broke above the $46,000 mark on Sunday.", "source_name": "Benzinga", "date": "Sun, 27 Mar 2022 16:54:00 -0400", "topics": [], "sentiment": "Positive", "type": "Article", "tickers": ["BTC"]}, {"news_url": "https://coinfomania.com/bitcoin-flips-46000-for-the-first-time-since-january/", "image_url": "https://crypto.snapi.dev/images/v1/b/i/bitcoin-price-analysis-2022-03-26-121894-122074.png", "title": "Bitcoin Price Analysis: BTC Flips $46,000 For the First Time Since January", "text": "A few seconds to the time of writing, Bitcoin flipped the $46k resistance. It is noteworthy because this the first time since January 6 that the apex coin is returning above the said mark.", "source_name": "Coinfomania", "date": "Sun, 27 Mar 2022 16:49:44 -0400", "topics": ["tanalysis"], "sentiment": "Positive", "type": "Article", "tickers": ["BTC"]}, {"news_url": "https://dailyhodl.com/2022/03/27/long-term-ethereum-holders-accumulate-12000000000-in-eth-in-matter-of-weeks-intotheblock/", "image_url": "https://crypto.snapi.dev/images/v1/7/a/ocean-of-capital-ethereumjpgfit10242c600ssl1-122062.jpg", "title": "Long-Term Ethereum Holders Accumulate $12,000,000,000 in ETH in Matter of Weeks: IntoTheBlock", "text": "Long-term holders of Ethereum (ETH) have been accumulating the popular altcoin to the tune of billions of dollars over the past several weeks, according to market intelligence firm IntoTheBlock. In a new report, the crypto insights company says that investors that long-term Ethereum holders sprung to action earlier this year and bought up over four [\u2026] The post Long-Term Ethereum Holders Accumulate $12,000,000,000 in ETH in Matter of Weeks: IntoTheBlock appeared first on The Daily Hodl.", "source_name": "The Daily Hodl", "date": "Sun, 27 Mar 2022 16:00:33 -0400", "topics": [], "sentiment": "Positive", "type": "Article", "tickers": ["ETH"]}, {"news_url": "https://cointelegraph.com/news/top-5-cryptocurrencies-to-watch-this-week-btc-ada-axs-link-ftt", "image_url": "https://crypto.snapi.dev/images/v1/y/8/840-ahr0chm6ly9zmy5jb2ludgvszwdyyxbolmnvbs91cgxvywrzlziwmjitmdmvnwe3yzqwmwetngq2yy00mtvklwixyjitzjblyta5mdq0ztexlmpwzw-122054.jpg", "title": "Top 5 cryptocurrencies to watch this week: BTC, ADA, AXS, LINK, FTT", "text": "ADA, AXS, LINK and FTT may start a strong recovery in the next few days if BTC holds the $45,000 level as support.", "source_name": "Cointelegraph", "date": "Sun, 27 Mar 2022 15:12:34 -0400", "topics": [], "sentiment": "Positive", "type": "Article", "tickers": ["ADA", "BTC", "AXS", "FTT", "LINK"]}, {"news_url": "https://bitcoinmagazine.com/culture/why-bitcoin-has-no-competition", "image_url": "https://crypto.snapi.dev/images/v1/g/k/moonhoneybadger-122050.png", "title": "Why Bitcoin Has No Competition", "text": "The competition breaks the first rule that makes Bitcoin so powerful in the first place.", "source_name": "Bitcoin Magazine", "date": "Sun, 27 Mar 2022 15:00:00 -0400", "topics": [], "sentiment": "Positive", "type": "Article", "tickers": ["BTC"]}, {"news_url": "https://cryptopotato.com/ethereum-vs-solana-better-for-minting-nfts/", "image_url": "https://crypto.snapi.dev/images/v1/y/f/ethvssol-cover-122049.jpg", "title": "Ethereum VS Solana: Which Blockchain is Better for Minting NFTs?", "text": "Ethereum and Solana are the two largest networks that artists prefer when it comes to minting non-fungible tokens. But which one is better suited for it?", "source_name": "CryptoPotato", "date": "Sun, 27 Mar 2022 14:37:59 -0400", "topics": [], "sentiment": "Neutral", "type": "Article", "tickers": ["ETH", "SOL"]}, {"news_url": "https://news.bitcoin.com/81-79-sleeping-bitcoin-from-2011-worth-3-6m-moved-for-the-first-time-in-over-a-decade/", "image_url": "https://crypto.snapi.dev/images/v1/c/2/cccc34-122032.jpg", "title": "81.79 \u2018Sleeping Bitcoin' From 2011 Worth $3.6M Moved for the First Time in Over a Decade", "text": "As bitcoin has increased more than 5% in value against the U.S. dollar during the last week, in less than seven days, the 19,000,000th bitcoin will be mined into existence. Meanwhile, on Sunday morning, 81.79 bitcoin worth $3.65 million today and created in 2011, moved for the first time since sitting idle for more than [\u2026]", "source_name": "Bitcoin", "date": "Sun, 27 Mar 2022 13:30:43 -0400", "topics": [], "sentiment": "Neutral", "type": "Article", "tickers": ["BTC"]}, {"news_url": "https://ambcrypto.com/ethereum-post-tekus-garbage-collection-heres-how-the-network-is-doing/", "image_url": "https://crypto.snapi.dev/images/v1/i/x/kanchanara-vcoxl-xp9i0-unsplash-2-122029.jpg", "title": "Ethereum: Post Teku's \u2018garbage collection,' here's how the network is doing", "text": "Ethereum's\u00a0ETH has finally crawled back over $3,000 and a lot of work is frantically going on behind the scenes to ensure that the merge takes place smoothly. But that does not mean the process is free of hiccups.", "source_name": "AMBCrypto", "date": "Sun, 27 Mar 2022 13:30:07 -0400", "topics": [], "sentiment": "Neutral", "type": "Article", "tickers": ["ETH"]}, {"news_url": "https://www.dcforecasts.com/bitcoin-news/bitcoin-gets-on-track-to-see-its-highest-weekly-close-of-2022-analysis/", "image_url": "https://crypto.snapi.dev/images/v1/b/i/bitcoin-4k-concepts-gold-coins-bitcoin-sign-e1647505245366-121801-122036.jpg", "title": "Bitcoin Gets On Track To See Its Highest Weekly Close Of 2022: Analysis", "text": "Bitcoin gets on track to see its highest weekly close of 2022 with the seven-day gains hitting 9% and placing Bitcoin's price action firmly ahead of every other week so far as we are reading more in today's latest Bitcoin news. Bitcoin saw a fresh spike to near $45,000 overnight as the weekend looked set [\u2026]", "source_name": "DCForecasts", "date": "Sun, 27 Mar 2022 12:59:34 -0400", "topics": [], "sentiment": "Positive", "type": "Article", "tickers": ["BTC"]}, {"news_url": "https://dailyhodl.com/2022/03/27/crypto-strategist-predicts-aggressive-bitcoin-breakout-says-top-crypto-giving-march-2020-vibes/", "image_url": "https://crypto.snapi.dev/images/v1/p/v/holders-bitcoin-glassnodejpgfit10242c600ssl1-122033.jpg", "title": "Crypto Strategist Predicts Aggressive Bitcoin Breakout, Says Top Crypto Giving March 2020 Vibes", "text": "A popular crypto strategist and trader is predicting a strong breakout for Bitcoin as BTC continues to flash signs of bullishness. In a new strategy session, pseudonymous analyst Credible tells his 318,400 Twitter followers that a Bitcoin eruption is in sight after the king crypto surged above its diagonal resistance. \u201cThe market looks good. Bitcoin [\u2026] The post Crypto Strategist Predicts Aggressive Bitcoin Breakout, Says Top Crypto Giving March 2020 Vibes appeared first on The Daily Hodl.", "source_name": "The Daily Hodl", "date": "Sun, 27 Mar 2022 12:55:29 -0400", "topics": [], "sentiment": "Positive", "type": "Article", "tickers": ["BTC"]}, {"news_url": "https://coingape.com/?p=106088", "image_url": "https://crypto.snapi.dev/images/v1/t/9/tron-topcoin-copy-tron-story-copy-9-122026.jpg", "title": "Ethereum Price Analysis: 200-day EMA Halts ETH Recovery At $3150; Hold Or Sell Now?", "text": "The symmetrical triangle breakout kick starts a new Ethereum(ETH) price recovery. The buyers have surged the altcoin by 12.5%, hitting the $3200 mark.", "source_name": "Coingape", "date": "Sun, 27 Mar 2022 12:54:27 -0400", "topics": ["tanalysis"], "sentiment": "Positive", "type": "Article", "tickers": ["ETH"]}, {"news_url": "https://www.benzinga.com/markets/cryptocurrency/22/03/26313432/micha-l-van-de-poppe-on-price-targets-for-ethereum-and-cardano-and-when-hes-taking-profits?SNAPI", "image_url": "https://crypto.snapi.dev/images/v1/l/l/ethereum-8-122030.png", "title": "Micha\u00ebl van de Poppe On Price Targets For Ethereum And Cardano: When Is He Taking Profits?", "text": "Popular cryptocurrency trader Micha\u00ebl van de Poppe says that Ethereum (CRYPTO: ETH) is now en route to its next resistance at $3,500.", "source_name": "Benzinga", "date": "Sun, 27 Mar 2022 12:27:00 -0400", "topics": [], "sentiment": "Neutral", "type": "Article", "tickers": ["ADA", "ETH"]}, {"news_url": "https://cryptodaily.co.uk/2022/03/btc-usd-bulls-looking-for-base-above-44040-sally-ho-technical-analysis-28-march-2022-btc-bitcoin", "image_url": "https://crypto.snapi.dev/images/v1/t/i/kanchanara-y7bzimidwos-unsplash-631x420-120832-121224-121653-122019.jpg", "title": "BTC/USD Bulls Looking for Base Above 44040: Sally Ho's Technical Analysis 28 March 2022 BTC", "text": "Bitcoin (BTC/USD) worked to retain recent gains early in the Asian session as the pair orbited the 44336.98 level, representing the 23.6% retracement of the appreciating range from 41766.79 to 45130.91.\u00a0 \u00a0After the pair recently peaked around the 45130 area, technical bids emerged around the 41766.79 area, representing the 23.6% retracement of the broader appreciating range from 40509 to 45130.91.", "source_name": "Crypto Daily", "date": "Sun, 27 Mar 2022 12:00:00 -0400", "topics": ["tanalysis"], "sentiment": "Positive", "type": "Article", "tickers": ["BTC"]}, {"news_url": "https://cryptopotato.com/its-officialeu-says-no-to-provisions-restricting-bitcoin/", "image_url": "https://crypto.snapi.dev/images/v1/g/1/europeanunion-122017.jpg", "title": "It's Official:EU Says No to Provisions Restricting Bitcoin", "text": "EU\"s heavily debated MiCA regulation is moving forward but without the provisions of the PoW ban.", "source_name": "CryptoPotato", "date": "Sun, 27 Mar 2022 11:30:23 -0400", "topics": [], "sentiment": "Positive", "type": "Article", "tickers": ["BTC"]}, {"news_url": "https://u.today/bitcoin-open-interest-breaking-up-as-spot-market-follows?SNAPI", "image_url": "https://crypto.snapi.dev/images/v1/n/1/13612-122010.jpg", "title": "Bitcoin Open Interest Breaking up as Spot Market Follows", "text": "As cryptocurrency market recovers, open interest and spot trading volume are rising", "source_name": "UToday", "date": "Sun, 27 Mar 2022 11:12:00 -0400", "topics": [], "sentiment": "Positive", "type": "Article", "tickers": ["BTC"]}, {"news_url": "https://www.cryptopolitan.com/bitcoin-price-analysis-2022-03-27/", "image_url": "https://crypto.snapi.dev/images/v1/g/h/bitcoin-price-analysis-2022-03-27-122009.png", "title": "Bitcoin price analysis: BTC retests $45,000, fails to break higher\u00a0", "text": "TL;DR Breakdown Bitcoin price analysis is bearish today. BTC/USD slowly moved for another retest of $45,000 resistance overnight.", "source_name": "Cryptopolitan", "date": "Sun, 27 Mar 2022 11:05:27 -0400", "topics": ["tanalysis"], "sentiment": "Negative", "type": "Article", "tickers": ["BTC"]}, {"news_url": "https://u.today/luna-foundation-reportedly-deposited-11-billion-worth-of-btc-in-this-bitcoin-address?SNAPI", "image_url": "https://crypto.snapi.dev/images/v1/7/c/13611-122008.jpg", "title": "Luna Foundation Reportedly Deposited $1.1 Billion Worth of BTC in This Bitcoin Address", "text": "More BTC is being bought as it reaches closer to the key resistance line", "source_name": "UToday", "date": "Sun, 27 Mar 2022 11:00:00 -0400", "topics": [], "sentiment": "Positive", "type": "Article", "tickers": ["BTC", "LUNA"]}, {"news_url": "https://u.today/dormant-bitcoin-whale-awakens-after-almost-10-years?SNAPI", "image_url": "https://crypto.snapi.dev/images/v1/7/j/13609-122006.jpg", "title": "Dormant Bitcoin Whale Awakens After Almost 10 Years", "text": "A Bitcoin wallet has been activated after almost a decade of dormancy", "source_name": "UToday", "date": "Sun, 27 Mar 2022 10:52:00 -0400", "topics": ["whales"], "sentiment": "Neutral", "type": "Article", "tickers": ["BTC"]}, {"news_url": "https://thecurrencyanalytics.com/altcoins/will-bitcoin-city-become-a-reality-with-btc-being-a-displeasure-for-imf-40467.php", "image_url": "https://crypto.snapi.dev/images/v1/g/n/will-bitcoin-city-become-a-reality-with-btc-being-a-displeasure-for-imf-122004.jpg", "title": "Will Bitcoin City Become a Reality With BTC Being a Displeasure for IMF?", "text": "Catch up on the latest crypto market news at The Currency Analytics. Bitcoin the Hot and Happening P2P Currency El Salvador President Confident about Volcano Bonds Building the Bitcoin City IMF Displeasure\u2026 The post Will Bitcoin City Become a Reality With BTC Being a Displeasure for IMF?", "source_name": "The Currency Analytics", "date": "Sun, 27 Mar 2022 10:39:11 -0400", "topics": [], "sentiment": "Neutral", "type": "Article", "tickers": ["BTC"]}, {"news_url": "https://cryptoticker.io/en/how-to-use-arbitrum-bridge/", "image_url": "https://crypto.snapi.dev/images/v1/q/r/ethereum-price-analysis-2022-01-25-121189-121551-122002.png", "title": "How To Use Ethereum Scaling Arbitrum Bridge To Escape High Fees", "text": "Arbitrum One publicly deployed its beta version of the Ethereum L2 scaling solution alongside the Arbitrum bridge onto the mainnet on Sep 01. This is a significant attempt to scale the Ethereum blockchain using the roll-ups technology and will have long-lasting effects on the smart contract platform's future.", "source_name": "CryptoTicker", "date": "Sun, 27 Mar 2022 10:24:43 -0400", "topics": [], "sentiment": "Neutral", "type": "Article", "tickers": ["ETH"]}, {"news_url": "https://www.cryptopolitan.com/bitcoin-ethereum-bora-and-yearn-finance-daily-price-analyses-27-march-morning-price-prediction/", "image_url": "https://crypto.snapi.dev/images/v1/l/i/roundup-1140-x-570-2022-mar-bnb-122001.png", "title": "Bitcoin, Ethereum, BORA, and YEARN Finance Daily Price Analyses \u2013 27 March Morning Price Prediction", "text": "TL;DR Breakdown The global crypto market is in gains, adding 0.65% over the last 24 hours. Bitcoin continues to gain value, adding 0.30% in the past 24 hours.", "source_name": "Cryptopolitan", "date": "Sun, 27 Mar 2022 10:17:02 -0400", "topics": [], "sentiment": "Neutral", "type": "Article", "tickers": ["BTC", "ETH", "YFI", "BORA"]}, {"news_url": "https://cryptoticker.io/en/ethereum-price-might-skyrocket-if-this-happens/", "image_url": "https://crypto.snapi.dev/images/v1/z/d/ethereum-g8b01fd3d3-1280-121999.jpg", "title": "Ethereum Price might SKYROCKET if THIS Happens\u2026Here's Why", "text": "Ethereum prices crashed by more than 50% ever since their all-time high price of $4,700. After reaching its bottom price of $2,400, Ethereum ended its downtrend and officially entered a sideways trend.", "source_name": "CryptoTicker", "date": "Sun, 27 Mar 2022 09:55:05 -0400", "topics": [], "sentiment": "Positive", "type": "Article", "tickers": ["ETH"]}, {"news_url": "https://cryptopotato.com/bitcoin-facing-critical-resistance-breakout-and-50k-imminent-btc-price-analysis/", "image_url": "https://crypto.snapi.dev/images/v1/z/h/bitcoin-3290060-1280-0-121429-121996.jpg", "title": "Bitcoin Facing Critical Resistance \u2013 Breakout and $50K Imminent (BTC Price Analysis)", "text": "Following a bullish rebound over the past few days, Bitcoin has once again reached the critical resistance zone of $45K. The good news is that the price has broken above the 100-day moving average line, followed by a bullish rally compiled of five green daily candles.", "source_name": "CryptoPotato", "date": "Sun, 27 Mar 2022 09:45:29 -0400", "topics": ["tanalysis"], "sentiment": "Positive", "type": "Article", "tickers": ["BTC"]}, {"news_url": "https://www.youtube.com/watch?v=iL68lz92VvE", "image_url": "https://crypto.snapi.dev/images/v1/a/u/markets-react-to-terraform-labs-increased-btc-reserves-121997.jpg", "title": "Markets React to Terraform Labs' Increased BTC Reserves", "text": "Darren Lim, Research Analyst at blockchain analytics platform Nansen, discusses several noticeable blockchain transactions associated with Terraform Labs' plans to increase UST's bitcoin reserve to $3 billion. Plus, insights on how a bitcoin-backed stablecoin would function and why ETH transfers to Ukraine are spiking.", "source_name": "Coindesk", "date": "Sun, 27 Mar 2022 09:45:01 -0400", "topics": [], "sentiment": "Neutral", "type": "Video", "tickers": ["BTC"]}, {"news_url": "https://coingape.com/?p=106086", "image_url": "https://crypto.snapi.dev/images/v1/3/f/bitcoin-price-prediction-11-121995.jpg", "title": "Bitcoin Price Prediction: BTC Price Attempts To Break Major Resistance Again; Buy The Dip?", "text": "The new bull cycle from the support trendline($37776) has pumped the Bitcoin(BTC) price of $45000 monthly resistance. For almost three months, the coin price has faced multiple rejections from this level, and it has approached for the fifth time.", "source_name": "Coingape", "date": "Sun, 27 Mar 2022 09:23:30 -0400", "topics": [], "sentiment": "Positive", "type": "Article", "tickers": ["BTC"]}, {"news_url": "https://www.cryptopolitan.com/ethereum-price-analysis-2022-03-27/", "image_url": "https://crypto.snapi.dev/images/v1/t/a/ethereum-price-analysis-2022-03-27-121993.png", "title": "Ethereum price analysis: ETH fails to continue higher, break below $3,080 local support next?", "text": "TL;DR Breakdown Ethereum price analysis is bearish today. ETH/USD failed to continue higher overnight.", "source_name": "Cryptopolitan", "date": "Sun, 27 Mar 2022 09:13:57 -0400", "topics": ["tanalysis"], "sentiment": "Negative", "type": "Article", "tickers": ["ETH"]}, {"news_url": "https://news.bitcoin.com/european-unions-mica-proposal-progresses-to-trilogue-stage-without-bitcoin-ban-provision/", "image_url": "https://crypto.snapi.dev/images/v1/o/p/shutterstock-1933686305-121979.jpg", "title": "European Union's MiCA Proposal Progresses to Trilogue Stage Without Bitcoin Ban Provision", "text": "The Markets in Crypto Assets (MiCA) regulatory package passed another potential hurdle this week and is moving to the next stage of the EU's legislative process. Proponents of a controversial text prohibiting proof-of-work (PoW) cryptocurrencies, which was recently dropped from the draft, did not take an opportunity to block the draft's progress. EU Parliament, Commission [\u2026]", "source_name": "Bitcoin", "date": "Sun, 27 Mar 2022 08:30:54 -0400", "topics": [], "sentiment": "Positive", "type": "Article", "tickers": ["BTC"]}, {"news_url": "https://ambcrypto.com/ethereum-dogecoin-solana-price-analysis-27-march/", "image_url": "https://crypto.snapi.dev/images/v1/9/w/untitled-design-31-121975.png", "title": "Ethereum, Dogecoin, Solana Price Analysis: 27 March", "text": "As the bulls reinforced their vigor over the last few days, the global crypto market cap finally closed above the $2 trillion mark. Consequently, the king alt continued its up-channel trajectory and aimed to overturn the $3,100 mark.", "source_name": "AMBCrypto", "date": "Sun, 27 Mar 2022 08:30:14 -0400", "topics": ["tanalysis"], "sentiment": "Neutral", "type": "Article", "tickers": ["DOGE", "ETH", "SOL"]}, {"news_url": "https://dailyhodl.com/2022/03/27/analyst-michael-van-de-poppe-issues-alert-for-ethereum-eth-and-cardano-ada-traders-here-are-his-new-targets/", "image_url": "https://crypto.snapi.dev/images/v1/x/k/eth-ada-giantjpgfit10242c600ssl1-121974.jpg", "title": "Analyst Micha\u00ebl van de Poppe Issues Alert for Ethereum (ETH) and Cardano (ADA) Traders \u2013 Here Are His New Targets", "text": "Crypto analyst Micha\u00ebl van de Poppe is outlining the potential price paths for Ethereum (ETH) and Cardano (ADA) after the smart contract platforms' latest surge.\u00a0 In a new video, Van de Poppe tells his 164,000 YouTube subscribers that Ethereum is now en route to its next resistance at $3,500 after managing to print the first [\u2026] The post Analyst Micha\u00ebl van de Poppe Issues Alert for Ethereum (ETH) and Cardano (ADA) Traders \u2013 Here Are His New Targets appeared first on The Daily Hodl.", "source_name": "The Daily Hodl", "date": "Sun, 27 Mar 2022 07:45:25 -0400", "topics": [], "sentiment": "Neutral", "type": "Article", "tickers": ["ADA", "ETH"]}, {"news_url": "https://www.dcforecasts.com/dogecoin-news/doge-jumped-by-5-as-btc-slowly-moves-towards-45k/", "image_url": "https://crypto.snapi.dev/images/v1/e/n/2vbbgr-118437-119113-121072-121296-121648-121967.jpg", "title": "DOGE Jumped By 5% As BTC Slowly Moves Towards $45K", "text": "DOGE jumped by 5% as BTC slowly moves towards the $45K range and most of the market is in the green as we can see further in our latest cryptocurrency news today. As the weekend came, BTC calmed and remained under $45,000 with most other altcoins being in similar positions with some daily increases.", "source_name": "DCForecasts", "date": "Sun, 27 Mar 2022 07:21:18 -0400", "topics": [], "sentiment": "Positive", "type": "Article", "tickers": ["BTC", "DOGE"]}, {"news_url": "https://www.dcforecasts.com/bitcoin-news/btc-regained-ground-with-the-price-reaching-45000/", "image_url": "https://crypto.snapi.dev/images/v1/f/s/aronpw-c5-vd7r4fyu-unsplash-scaled-120361-120641-121102-121568-121964.jpg", "title": "BTC Regained Ground With The Price Reaching $45,000", "text": "BTC regained ground with the price reaching $45,000 and Ethereum also increased having had a solid week so let's read more in today's latest Bitcoin news. BTC regained ground as it continues moving upwards after struggling for ways and nearing the $45,000 level which is a 1% increase over the past day and a 19% [\u2026]", "source_name": "DCForecasts", "date": "Sun, 27 Mar 2022 07:15:27 -0400", "topics": [], "sentiment": "Positive", "type": "Article", "tickers": ["BTC"]}, {"news_url": "https://ambcrypto.com/bitcoin-to-10m-doesnt-sound-too-remote-for-these-execs/", "image_url": "https://crypto.snapi.dev/images/v1/a/g/andre-francois-mckenzie-jrjhtbj-pgu-unsplash-e1648300554926-121963.jpg", "title": "Bitcoin to $10M doesn't sound too remote for these execs\u2026", "text": "Market experts are in a frenzy right now with the BTC bulls in full swing. This has been the case, especially after 17 March, with the king coin finally able to hold a position above $40,000.", "source_name": "AMBCrypto", "date": "Sun, 27 Mar 2022 07:00:01 -0400", "topics": [], "sentiment": "Neutral", "type": "Article", "tickers": ["BTC"]}, {"news_url": "https://www.forbes.com/sites/billybambrough/2022/03/27/bitcoin-and-crypto-now-braced-for-a-10-trillion-earthquake-as-ethereum-bnb-xrp-solana-and-cardano-soar/", "image_url": "https://crypto.snapi.dev/images/v1/b/w/bitcoin-and-crypto-now-braced-for-a-10-trillion-earthquake-as-ethereum-bnb-xrp-solana-and-cardano-soar-121962.jpg", "title": "Bitcoin And Crypto Now Braced For A $10 Trillion Earthquake As Ethereum, BNB, XRP, Solana And Cardano Soar", "text": "Bitcoin and cryptocurrencies have rebounded this week, riding a wave of good news for the crypto market...", "source_name": "Forbes", "date": "Sun, 27 Mar 2022 06:15:25 -0400", "topics": [], "sentiment": "Positive", "type": "Article", "tickers": ["ADA", "BNB", "BTC", "ETH", "SOL", "XRP"]}, {"news_url": "https://cryptopotato.com/weekend-watch-doge-jumps-5-as-btc-eyes-45k/", "image_url": "https://crypto.snapi.dev/images/v1/i/x/dogecoin-1-121957.jpg", "title": "Weekend Watch: DOGE Jumps 5% as BTC Eyes $45K", "text": "Most of the crypto market is slightly in the green today, led by impressive increases by Dogecoin and CRO.", "source_name": "CryptoPotato", "date": "Sun, 27 Mar 2022 04:33:32 -0400", "topics": [], "sentiment": "Positive", "type": "Article", "tickers": ["BTC", "DOGE"]}, {"news_url": "https://cointelegraph.com/news/bitcoin-on-track-to-see-its-highest-weekly-close-of-2022", "image_url": "https://crypto.snapi.dev/images/v1/v/v/840-ahr0chm6ly9zmy5jb2ludgvszwdyyxbolmnvbs91cgxvywrzlziwmjitmdmvnmmynty5ymytodzmyi00nzdllthmzdatoti3nda4ytg5nmuylmpwzw-121956.jpg", "title": "Bitcoin on track to see its highest weekly close of 2022", "text": "Seven-day gains nearing 9% have put BTC price action firmly ahead of every other week so far this year.", "source_name": "Cointelegraph", "date": "Sun, 27 Mar 2022 04:26:49 -0400", "topics": [], "sentiment": "Positive", "type": "Article", "tickers": ["BTC"]}, {"news_url": "https://thecurrencyanalytics.com/altcoins/what-is-terra-ust-going-to-do-with-the-btc-purchased-lock-in-protocol-reserves-40460.php", "image_url": "https://crypto.snapi.dev/images/v1/h/n/what-is-terra-ust-going-to-do-with-the-btc-purchased-lock-in-protocol-reserves-121955.jpg", "title": "What is Terra (UST) Going to do With the BTC Purchased? Lock in Protocol Reserves", "text": "Catch up on the latest crypto market news at The Currency Analytics. Terra (UST) Locks BTC for Protocol Reserves BTC hailed to be the most liquid in cryptocurrency space UST and LUNA\u2026 The post What is Terra (UST) Going to do With the BTC Purchased?", "source_name": "The Currency Analytics", "date": "Sun, 27 Mar 2022 03:45:28 -0400", "topics": [], "sentiment": "Neutral", "type": "Article", "tickers": ["BTC", "LUNA"]}, {"news_url": "https://coinpedia.org/bitcoin/this-is-when-bitcoin-btc-price-will-hit-50k-traders-watch-these-levels/", "image_url": "https://crypto.snapi.dev/images/v1/f/e/fe2e2-121950.", "title": "This is When Bitcoin (BTC) Price Will Hit $50k! Traders Watch These Levels", "text": "For the first time in a long time, the crypto market cap has surpassed $2 trillion, with bitcoin briefly reaching $45,000. In the last 24 hours, the cryptocurrency has maintained its upward trajectory, reaching and briefly surpassing $45,000. This is the highest price it's been since March 2nd. BTC is currently trading at roughly $44,500, \u2026", "source_name": "CoinPedia", "date": "Sun, 27 Mar 2022 02:35:00 -0400", "topics": [], "sentiment": "Positive", "type": "Article", "tickers": ["BTC"]}, {"news_url": "https://ambcrypto.com/el-salvadors-bitcoin-law-and-why-it-may-not-be-a-happy-half-birthday/", "image_url": "https://crypto.snapi.dev/images/v1/p/b/rafael-canenguez-tydwiqy1j7m-unsplash-2-121949.jpg", "title": "El Salvador's Bitcoin law and why it may not be a happy half-birthday", "text": "A number of crypto-investors, analysts, and even several governments thought that El Salvador would lead the international community in the mass adoption of Bitcoin. However, reactions have been mixed since the flagship coin was first recognized as legal tender six months ago.", "source_name": "AMBCrypto", "date": "Sun, 27 Mar 2022 02:30:00 -0400", "topics": [], "sentiment": "Negative", "type": "Article", "tickers": ["BTC"]}, {"news_url": "https://cointelegraph.com/news/rio-de-janeiro-to-accept-bitcoin-for-real-estate-taxes-from-2023", "image_url": "https://crypto.snapi.dev/images/v1/e/g/840-ahr0chm6ly9zmy5jb2ludgvszwdyyxbolmnvbs91cgxvywrzlziwmjitmdmvngy3otuzzwqtywflys00mgiwlthhoditymu3mjvkywqyodm4lmpwzw-121947.jpg", "title": "Rio de Janeiro to accept Bitcoin for real estate taxes from 2023", "text": "Supporting this cause led by Mayor Eduardo Paes, Binance CEO Changpeng Zhao announced to open a new office in the Brazilian city stating that \u201cHe's done his part. We are working on ours.", "source_name": "Cointelegraph", "date": "Sun, 27 Mar 2022 00:48:01 -0400", "topics": ["taxes"], "sentiment": "Positive", "type": "Article", "tickers": ["BTC"]}, {"news_url": "https://www.cryptopolitan.com/bitcoin-binance-coin-celsius-and-sxp-daily-price-analyses-26-march-roundup/", "image_url": "https://crypto.snapi.dev/images/v1/5/z/blockchain-3448502-1920-233-109113-113481-121945.jpg", "title": "Bitcoin, Binance Coin, Celsius, and SXP Daily Price Analyses \u2013 26 March Roundup", "text": "TL;DR Breakdown The global crypto market is back to gaining position, adding 1.68% over the last 24 hours. Bitcoin has changed direction, adding 1.04% in the last 24 hours.", "source_name": "Cryptopolitan", "date": "Sat, 26 Mar 2022 23:30:44 -0400", "topics": [], "sentiment": "Neutral", "type": "Article", "tickers": ["BNB", "BTC", "CEL", "SXP"]}, {"news_url": "https://ambcrypto.com/new-data-points-to-a-renewed-optimism-in-bitcoin-but-theres-a-caveat/", "image_url": "https://crypto.snapi.dev/images/v1/2/4/jungwoo-hong-cyumacqmyvi-unsplash-121943.jpg", "title": "New data points to a renewed optimism in Bitcoin but there's a caveat", "text": "Bitcoin saw a good rally which extended beyond $43k. After a brief retracement in the following 24 hours, BTC returned to the offensive and reclaimed $44,000.", "source_name": "AMBCrypto", "date": "Sat, 26 Mar 2022 22:30:20 -0400", "topics": [], "sentiment": "Positive", "type": "Article", "tickers": ["BTC"]}, {"news_url": "https://coinpedia.org/altcoin/this-is-why-btc-eth-ada-ftm-price-may-crash-in-april-analyst-warns-traders/", "image_url": "https://crypto.snapi.dev/images/v1/p/m/trader-looking-at-charts-unsplash-scaled-120331-121941.jpg", "title": "This is Why BTC, ETH, ADA, & FTM Price May Crash In April ! Analyst Warns Traders", "text": "Following a solid week, Bitcoin continues to lead other cryptocurrencies on a bullish attack into the weekend. Bitcoin's daily candle closed at $44,340 on Friday, after briefly touching $45,000 on Saturday. The price has been on a bullish trajectory since Monday last week, with only a slight correction last weekend after the price reached $42,000. \u2026", "source_name": "CoinPedia", "date": "Sat, 26 Mar 2022 21:34:40 -0400", "topics": [], "sentiment": "Negative", "type": "Article", "tickers": ["ADA", "BTC", "FTM", "ETH"]}, {"news_url": "https://www.cryptopolitan.com/bitcoin-developers-happy/", "image_url": "https://crypto.snapi.dev/images/v1/f/l/court-121936.jpg", "title": "Bitcoin developers happy after judge deconstructs FakeToshi in latest legal showdown", "text": "Craig Wright has lost a case against Bitcoin devs Blockchain Devs are not accountable for loss of private keys Crypto fans celebrate the ruling A judge at the British High [\u2026]", "source_name": "Cryptopolitan", "date": "Sat, 26 Mar 2022 19:00:06 -0400", "topics": [], "sentiment": "Neutral", "type": "Article", "tickers": ["BTC"]}, {"news_url": "https://u.today/top-10-ethereum-wallets-now-hold-237-of-total-eth-supply-santiment?SNAPI", "image_url": "https://crypto.snapi.dev/images/v1/e/1/13522-0-121928.jpg", "title": "Top 10 Ethereum Wallets Now Hold 23.7% of Total ETH Supply: Santiment", "text": "Recently published data shows that the top 10 Ethereum addresses' ETH balance is pretty much close to a 5-year high", "source_name": "UToday", "date": "Sat, 26 Mar 2022 18:00:00 -0400", "topics": [], "sentiment": "Neutral", "type": "Article", "tickers": ["ETH"]}, {"news_url": "https://ambcrypto.com/btc-how-prices-may-play-out-with-etp-trading-volumes-dropping-to-16-month-lows/", "image_url": "https://crypto.snapi.dev/images/v1/m/f/photo-1554386690-ddcab0b98d1d-1000x600-121927.webp", "title": "BTC: How prices may play out with ETP trading volumes dropping to 16-month lows", "text": "Bitcoin is back to test the critical resistance that has remained unbroken since the beginning of the year. With the first quarter of 2022 coming to an end, BTC is testing the $44.6k level for the fourth time today, but whether or not it will be successful in doing so is a different question since [\u2026]", "source_name": "AMBCrypto", "date": "Sat, 26 Mar 2022 17:30:00 -0400", "topics": [], "sentiment": "Neutral", "type": "Article", "tickers": ["BTC"]}, {"news_url": "https://cryptopotato.com/ethereum-price-analysis-this-is-where-eth-likely-heading-after-3000-breakout/", "image_url": "https://crypto.snapi.dev/images/v1/v/a/ethereum-price-analysis-2022-03-22-120264-121557-121926.png", "title": "Ethereum Price Analysis: This is where ETH Likely Heading After $3000 Breakout", "text": "The second half of March was relatively bullish for the markets, especially for Ethereum, with only two red daily candles. ETH started the rally when breaking above $2500 and then surged by 25%.", "source_name": "CryptoPotato", "date": "Sat, 26 Mar 2022 17:15:42 -0400", "topics": ["tanalysis"], "sentiment": "Positive", "type": "Article", "tickers": ["ETH"]}, {"news_url": "https://coingape.com/?p=105956", "image_url": "https://crypto.snapi.dev/images/v1/t/3/bitcoin-4k-concepts-gold-coins-bitcoin-sign-e1647505245366-121923.jpg", "title": "Bitcoin (BTC) Price Retraces From $45,000; What's Next?", "text": "Bitcoin (BTC) price has finally surpassed the $45,000 psychological barrier nearly after two months time period. However, as predicted, the price has retraced from the resistance level after making a high of $45,104.07.", "source_name": "Coingape", "date": "Sat, 26 Mar 2022 16:03:42 -0400", "topics": [], "sentiment": "Neutral", "type": "Article", "tickers": ["BTC"]}, {"news_url": "https://news.bitcoin.com/luna-foundations-bitcoin-reserve-wallet-now-holds-1-1-billion-in-btc/", "image_url": "https://crypto.snapi.dev/images/v1/h/e/ccccc4567-121922.jpg", "title": "Luna Foundation's Bitcoin Reserve Wallet Now Holds $1.1 Billion in BTC", "text": "During the last week, the cryptocurrency community has been discussing the bitcoin purchases made by Luna Foundation Guard (LFG), as onchain data shows LFG's bitcoin wallet currently holds 24,954.95 bitcoin worth $1.1 billion. LFG's Gnosis safe address shows over the last four days, there's been 660.6 million tethers sent out of the foundation's wallet. Do [\u2026]", "source_name": "Bitcoin", "date": "Sat, 26 Mar 2022 15:30:05 -0400", "topics": [], "sentiment": "Positive", "type": "Article", "tickers": ["BTC", "LUNA"]}, {"news_url": "https://bitcoinmagazine.com/business/bitcoin-is-on-fire", "image_url": "https://crypto.snapi.dev/images/v1/f/j/bitcoin-savings-121915.jpg", "title": "Bitcoin Is On FIRE", "text": "The ethos of living frugally and investing wisely only gets better when applied to a bitcoin standard.", "source_name": "Bitcoin Magazine", "date": "Sat, 26 Mar 2022 15:00:00 -0400", "topics": [], "sentiment": "Positive", "type": "Article", "tickers": ["BTC"]}, {"news_url": "https://coingape.com/?p=106081", "image_url": "https://crypto.snapi.dev/images/v1/k/j/ethereum-cover-121914.jpg", "title": "Ethereum Price Prediction: Bullish RSI Set Eyes On $4,000 On Weekly Chart", "text": "Ethereum price gained remarkable gains over the past two weeks. The price found stable support near $2,500 as it continued its uptrend from the level.", "source_name": "Coingape", "date": "Sat, 26 Mar 2022 14:53:43 -0400", "topics": [], "sentiment": "Positive", "type": "Article", "tickers": ["ETH"]}, {"news_url": "https://ambcrypto.com/why-eth-is-still-the-best-altcoin-bet-despite-a-poor-performance-in-2022/", "image_url": "https://crypto.snapi.dev/images/v1/a/r/art-rachen-qf1xtsigpqm-unsplash-121918.jpg", "title": "Why ETH is still the best altcoin bet despite poor performance in 2022", "text": "After years of doubts and concerns, is it finally Ethereum\u2018s time to shine? On-chain metrics indeed point in this direction.", "source_name": "AMBCrypto", "date": "Sat, 26 Mar 2022 14:30:53 -0400", "topics": [], "sentiment": "Positive", "type": "Article", "tickers": ["ETH"]}, {"news_url": "https://www.cryptoglobe.com/latest/2022/03/u-s-congressman-pete-sessions-bitcoin-is-aligned-with-american-values/", "image_url": "https://crypto.snapi.dev/images/v1/f/a/dallas-121912.jpg", "title": "U.S. Congressman Pete Sessions: \u2018Bitcoin Is Aligned With American Values'", "text": "U.S. Congressman Pete Sessions says that Bitcoin is \u201caligned with American values,\u201d and predicts that the cryptoasset will work to strengthen the dollar.\u00a0 According to a report by Bitcoin.com, Sessions, a Representative from Texas who has served in the House of Representatives for 11 terms, published a tweet on March 18 claiming that Bitcoin was [\u2026]", "source_name": "CryptoGlobe", "date": "Sat, 26 Mar 2022 14:20:00 -0400", "topics": ["regulations"], "sentiment": "Positive", "type": "Article", "tickers": ["BTC"]}, {"news_url": "https://cryptopotato.com/2-3-million-cash-to-bitcoin-money-laundering-scheme-busted-in-new-york/", "image_url": "https://crypto.snapi.dev/images/v1/w/w/bitcoinlaundering-121910.jpg", "title": "$2.3 Million Cash-to-Bitcoin Money Laundering Scheme Busted in New York", "text": "A man in New York has been accused of laundering some $2.3 million in a cash-to-Bitcoin operation while openly bragging about it on social media.", "source_name": "CryptoPotato", "date": "Sat, 26 Mar 2022 14:15:28 -0400", "topics": [], "sentiment": "Negative", "type": "Article", "tickers": ["BTC"]}, {"news_url": "https://www.cryptoglobe.com/latest/2022/03/florida-governor-says-state-working-towards-accepting-bitcoin-for-taxes/", "image_url": "https://crypto.snapi.dev/images/v1/z/y/miami-skyline-at-sunset-121903.jpg", "title": "Florida Governor Says State Working Towards Accepting Bitcoin for Taxes", "text": "Florida governor Ron DeSantis says he's working towards allowing the state's government to accept taxes in crypto. According to a report by The Block, DeSantis made his comments during the signing of a financial literacy curriculum bill on March 22. During the press conference, the governor explained he had asked state agencies to begin preparing [\u2026]", "source_name": "CryptoGlobe", "date": "Sat, 26 Mar 2022 13:08:41 -0400", "topics": ["taxes"], "sentiment": "Positive", "type": "Article", "tickers": ["BTC"]}, {"news_url": "https://cryptodaily.co.uk/2022/03/btc-usd-bulls-focused-on-46710-target-sally-ho-technical-analysis-27-march-2022-btc-bitcoin", "image_url": "https://crypto.snapi.dev/images/v1/g/y/bitcoin-green-1-121532-121899.jpg", "title": "BTC/USD Bulls Focused on 46710 Target: Sally Ho's Technical Analysis 27 March 2022 BTC", "text": "Bitcoin (BTC/USD) worked to add to recent gains following its breakout higher early in the Asian session as the pair recently scored gains above the 44000 figure for the first time since early March, trading as high as the 44390 level.\u00a0 Stops were elected above the 43863.32 level during the climb to multi-week highs, an area that represents the 50% retracement of the depreciating range from 52100 to 35626.64.", "source_name": "Crypto Daily", "date": "Sat, 26 Mar 2022 13:00:00 -0400", "topics": ["tanalysis"], "sentiment": "Positive", "type": "Article", "tickers": ["BTC"]}, {"news_url": "https://www.coindesk.com/layer2/miningweek/2022/03/26/is-miner-concentration-once-again-jeopardizing-bitcoin-not-exactly/", "image_url": "https://crypto.snapi.dev/images/v1/c/e/celqt5v6zve3pbpoamcqkb6zxu-121901.png", "title": "Is Miner Concentration Once Again Jeopardizing Bitcoin? Not Exactly", "text": "The high percentage of hashrate now located in North America may look like China 2.0, but the reality is more complicated.", "source_name": "Coindesk", "date": "Sat, 26 Mar 2022 12:38:00 -0400", "topics": ["mining"], "sentiment": "Neutral", "type": "Article", "tickers": ["BTC"]}, {"news_url": "https://thecurrencyanalytics.com/altcoins/starbridge-the-bridge-between-stellar-network-xlm-and-ethereum-eth-ecosystem-40452.php", "image_url": "https://crypto.snapi.dev/images/v1/a/w/starbridge-the-bridge-between-stellar-xlm-and-ethereum-eth-ecosystem-121895.jpg", "title": "StarBridge the Bridge Between Stellar Network (XLM) and Ethereum (ETH) Ecosystem", "text": "Catch up on the latest crypto market news at The Currency Analytics. Starbridge the bridge between Stellar and Ethereum Development and design of Starbridge Transfer local assets and wrapped assets Equitable access\u2026 The post StarBridge the Bridge Between Stellar Network (XLM) and Ethereum (ETH) Ecosystem appeared first on Cryptocurrency News.", "source_name": "The Currency Analytics", "date": "Sat, 26 Mar 2022 12:12:08 -0400", "topics": [], "sentiment": "Positive", "type": "Article", "tickers": ["ETH", "XLM"]}, {"news_url": "https://www.cryptopolitan.com/bitcoin-price-analysis-2022-03-26/", "image_url": "https://crypto.snapi.dev/images/v1/q/4/bitcoin-price-analysis-2022-03-26-121894.png", "title": "Bitcoin price analysis: BTC fails to break $45,000, swift retracement incoming?", "text": "TL;DR Breakdown Bitcoin price analysis is bearish today. BTC/USD saw rejection at $45,000 yesterday.", "source_name": "Cryptopolitan", "date": "Sat, 26 Mar 2022 12:04:17 -0400", "topics": ["tanalysis"], "sentiment": "Negative", "type": "Article", "tickers": ["BTC"]}, {"news_url": "https://u.today/terras-ust-stablecoin-now-interacts-with-bitcoin-natively-heres-how?SNAPI", "image_url": "https://crypto.snapi.dev/images/v1/d/o/13603-121887.jpg", "title": "Terra's UST Stablecoin Now Interacts with Bitcoin \"Natively\": Here's How", "text": "In Thorchain (RUNE), Terra USD can be exchanged for Bitcoin (BTC) natively, Erik Voorhees of ShapeShift reports", "source_name": "UToday", "date": "Sat, 26 Mar 2022 11:46:00 -0400", "topics": ["stablecoins"], "sentiment": "Neutral", "type": "Article", "tickers": ["BTC", "LUNA"]}, {"news_url": "https://bitcoinmagazine.com/business/great-american-bitcoin-mining-solves-energy", "image_url": "https://crypto.snapi.dev/images/v1/k/m/iran-btc-energy-121884.jpg", "title": "Great American Mining Is Solving Our Global Energy Problems With Bitcoin", "text": "With its rapid bitcoin miner deployment at North Dakota operations, Great American Mining shows Bitcoin's potential to solve energy crises.", "source_name": "Bitcoin Magazine", "date": "Sat, 26 Mar 2022 11:30:00 -0400", "topics": ["mining"], "sentiment": "Positive", "type": "Article", "tickers": ["BTC"]}, {"news_url": "https://www.cryptopolitan.com/bitcoin-ethereum-qtum-and-compound-daily-price-analyses-26-march-morning-price-prediction/", "image_url": "https://crypto.snapi.dev/images/v1/s/7/crypto16-121419-121883.jpg", "title": "Bitcoin, Ethereum, QTUM, and Compound Daily Price Analyses \u2013 26 March Morning Price Prediction", "text": "TL;DR Breakdown The global crypto market is in losses, shedding 1.59% over the last 24 hours. Bitcoin has also changed course, depreciating 1.50% in the past 24 hours.", "source_name": "Cryptopolitan", "date": "Sat, 26 Mar 2022 11:29:24 -0400", "topics": [], "sentiment": "Negative", "type": "Article", "tickers": ["BTC", "ETH", "QTUM"]}, {"news_url": "https://www.cryptopolitan.com/ethereum-price-analysis-2022-03-26/", "image_url": "https://crypto.snapi.dev/images/v1/8/x/ethereum-price-analysis-2022-03-26-121874.png", "title": "Ethereum price analysis: ETH peaks at $3,200, set to test further downside?", "text": "TL;DR Breakdown Ethereum price analysis is bearish today. ETH/USD retraced to $3,080 previous resistance yesterday.", "source_name": "Cryptopolitan", "date": "Sat, 26 Mar 2022 10:53:52 -0400", "topics": ["tanalysis"], "sentiment": "Negative", "type": "Article", "tickers": ["ETH"]}, {"news_url": "https://u.today/ethereum-shanghai-upgrade-details-unveiled-by-ef-evm-fees-what-else?SNAPI", "image_url": "https://crypto.snapi.dev/images/v1/5/f/13601-121873.jpg", "title": "Ethereum Shanghai Upgrade Details Unveiled by EF: EVM, Fees, What Else?", "text": "Ethereum (ETH) engineers shared protocol of All Core Devs #10 meeting with latest updates on Kiln testnet and next Ethereum (ETH) fork, Shanghai", "source_name": "UToday", "date": "Sat, 26 Mar 2022 10:45:00 -0400", "topics": ["upgrade"], "sentiment": "Positive", "type": "Article", "tickers": ["ETH"]}, {"news_url": "https://u.today/ethereum-difficulty-to-be-felt-on-blockchain-in-june-as-transition-takes-shape-details?SNAPI", "image_url": "https://crypto.snapi.dev/images/v1/5/r/13597-121872.jpg", "title": "Ethereum Difficulty to Be Felt on Blockchain in June as Transition Takes Shape: Details", "text": "Merge upgrade marks official transition to proof-of-stake consensus", "source_name": "UToday", "date": "Sat, 26 Mar 2022 10:35:00 -0400", "topics": [], "sentiment": "Neutral", "type": "Article", "tickers": ["ETH"]}, {"news_url": "https://ambcrypto.com/eths-shanghai-update-assessing-what-it-means-for-the-ethereum-ecosystem/", "image_url": "https://crypto.snapi.dev/images/v1/l/2/pexels-photo-7311907-1000x600-121871.webp", "title": "ETH's Shanghai update: Assessing what it means for the Ethereum ecosystem", "text": "2022 has been a busy period for the Ethereum community with many updates already released. The ETH 2.0 is expected to be launched in June 2022.", "source_name": "AMBCrypto", "date": "Sat, 26 Mar 2022 10:30:32 -0400", "topics": [], "sentiment": "Neutral", "type": "Article", "tickers": ["ETH"]}, {"news_url": "https://coingape.com/?p=106012", "image_url": "https://crypto.snapi.dev/images/v1/t/6/37-375272-ethereum-logo-hd-png-download-121869.png", "title": "Just-In: Network Difficulty \u201cBomb\u201d For Ethereum Expected To Take Effect In June", "text": "The Ethereum blockchain network is on the cusp of adopting a proof-of-stake consensus mechanism. \u201cThe merge,\u201d as the combination of Ethereum's execution and consensus layers is called, is already in its last leg of implementation.", "source_name": "Coingape", "date": "Sat, 26 Mar 2022 10:19:34 -0400", "topics": [], "sentiment": "Neutral", "type": "Article", "tickers": ["ETH"]}, {"news_url": "https://coingape.com/?p=105977", "image_url": "https://crypto.snapi.dev/images/v1/u/y/bitcoin-whales-sell-off-121867.png", "title": "Bitcoin's Price Could Target $54,000 Next, Says Bloomberg", "text": "Bitcoin whales have been returning massively to the market after a protracted hiatus. Whale wallets, specifically wallets holding over 1000 BTC, are returning in their droves to the market.", "source_name": "Coingape", "date": "Sat, 26 Mar 2022 10:16:20 -0400", "topics": [], "sentiment": "Neutral", "type": "Article", "tickers": ["BTC"]}], "total_pages": 42}