{"data": [{"news_url": "https://dailyhodl.com/2022/03/10/one-overlooked-on-chain-metric-suggests-bitcoin-bull-cycle-far-from-over-crypto-analyst-benjamin-cowen/", "image_url": "https://crypto.snapi.dev/images/v1/q/a/overlooked-metric-bitcoinjpgfit10242c600ssl1-116625.jpg", "title": "One Overlooked On-Chain Metric Suggests Bitcoin Bull Cycle Far From Over: Crypto Analyst Benjamin Cowen", "text": "Popular crypto analyst Benjamin Cowen says one on-chain metric suggests Bitcoin's bull cycle is likely to continue. In a new YouTube video, Cowen examines BTC's Realized Marketcap To Thermocap Ratio, Realized Marketcap is Bitcoin's cost basis times the supply and the Thermocap is the sum of daily Bitcoin miner revenue in US dollars. Cowen notes [\u2026] The post One Overlooked On-Chain Metric Suggests Bitcoin Bull Cycle Far From Over: Crypto Analyst Benjamin Cowen appeared first on The Daily Hodl.", "source_name": "The Daily Hodl", "date": "Thu, 10 Mar 2022 18:05:36 -0500", "topics": [], "sentiment": "Positive", "type": "Article", "tickers": ["BTC"]}, {"news_url": "https://dailyhodl.com/2022/03/10/top-crypto-analyst-says-bitcoin-btc-must-reach-this-level-before-flipping-bullish/", "image_url": "https://crypto.snapi.dev/images/v1/p/h/bitcoin-must-reach-leveljpgfit10242c600ssl1-116617.jpg", "title": "Top Crypto Analyst Says Bitcoin (BTC) Must Reach This Level Before Flipping Bullish", "text": "A prominent crypto analyst says that leading digital asset Bitcoin (BTC) will spark an immense rally once it goes above a key price area. Pseudonymous trader Rekt Capital tells his 292,000 Twitter followers that the top crypto asset by market cap is set to break out once it crosses the $43,000 mark. \u201cThe most important [\u2026] The post Top Crypto Analyst Says Bitcoin (BTC) Must Reach This Level Before Flipping Bullish appeared first on The Daily Hodl.", "source_name": "The Daily Hodl", "date": "Thu, 10 Mar 2022 18:01:10 -0500", "topics": [], "sentiment": "Neutral", "type": "Article", "tickers": ["BTC"]}, {"news_url": "https://www.newsbtc.com/news/bitcoin/michael-saylor-praises-bitcoins-scarcity-says-gold-is-a-commodity/", "image_url": "https://crypto.snapi.dev/images/v1/5/s/michael-saylor-peter-schiff-bitcoin-btc-116614.jpeg", "title": "Michael Saylor Praises Bitcoin's Scarcity, Says Gold Is A Commodity", "text": "CEO of MicroStrategy Michael Saylor remains one of the most vocal supporters of bitcoin. Countless times in the past, Saylor has always lauded the benefits of the digital asset, which he says is the best investment.", "source_name": "NewsBTC", "date": "Thu, 10 Mar 2022 18:00:19 -0500", "topics": [], "sentiment": "Positive", "type": "Article", "tickers": ["BTC"]}, {"news_url": "https://bitcoinmagazine.com/business/bitcoin-was-made-for-this-the-apex-of-apolitical", "image_url": "https://crypto.snapi.dev/images/v1/2/e/img-5736-116615.jpg", "title": "Bitcoin Was Made For This: The Apex Of Apolitical", "text": "The entirety of Bitcoin's existence is dedicated to its usability by anyone regardless of their intent.", "source_name": "Bitcoin Magazine", "date": "Thu, 10 Mar 2022 18:00:00 -0500", "topics": [], "sentiment": "Neutral", "type": "Article", "tickers": ["BTC"]}, {"news_url": "https://cryptonews.com/news/buy-bitcoin-with-netcoinsca.htm", "image_url": "https://crypto.snapi.dev/images/v1/l/w/netcoins-academy-learn-about-crypto-116610.jpeg", "title": "Buy Bitcoin with Netcoins.ca", "text": "Disclaimer: The text below is an advertorial article that was not written by Cryptonews.com journalists.", "source_name": "Cryptonews", "date": "Thu, 10 Mar 2022 17:37:00 -0500", "topics": [], "sentiment": "Positive", "type": "Article", "tickers": ["BTC"]}, {"news_url": "https://decrypt.co/94834/bill-bitcoin-senator-lummis-alter-capital-gains-landscape-crypto", "image_url": "https://crypto.snapi.dev/images/v1/s/k/cynthia-lummis-1-e1604463679761-gid-4-116609.png", "title": "Bill From 'Bitcoin Senator' Lummis Would Alter Capital Gains Landscape for Crypto", "text": "The Responsible Financial Innovation Act is still being drafted. Lummis staffer Tyler Lindholm told Decrypt what's in it.", "source_name": "Decrypt", "date": "Thu, 10 Mar 2022 17:30:10 -0500", "topics": ["regulations"], "sentiment": "Positive", "type": "Article", "tickers": ["BTC"]}, {"news_url": "https://investorplace.com/2022/03/what-cryptos-are-russians-buying-usdt-btc-xrp-among-most-popular-ruble-denominated-trades/", "image_url": "https://crypto.snapi.dev/images/v1/l/y/crypto3-116608.jpg", "title": "What Cryptos Are Russians Buying? USDT, BTC, XRP Among Most Popular Ruble-Denominated Trades.", "text": "What cryptos are Russians buying? And why does it matter?", "source_name": "Investorplace", "date": "Thu, 10 Mar 2022 17:29:34 -0500", "topics": [], "sentiment": "Neutral", "type": "Article", "tickers": ["BTC", "USDT", "XRP", "BUSD", "ETH", "SHIB"]}, {"news_url": "https://coinpedia.org/price-analysis/ethereum-eth-price-jumbles-up-again-yet-the-3000-target-appears-to-be-imminent/", "image_url": "https://crypto.snapi.dev/images/v1/5/w/crypto2-116604.jpg", "title": "Ethereum(ETH) Price Jumbles Up Again, Yet the $3000 Target Appears to Be Imminent!", "text": "Ethereum price after maintaining a stagnant descending trend ever since it flipped below the $3000 levels is displaying an interesting set-up. The set-up is intended to provide the second-largest crypto with enough boost to propel back above $3000 levels. Currently, no significant price movement is recorded but the bulls and the bear enjoy equal concentration.\u00a0 \u2026", "source_name": "CoinPedia", "date": "Thu, 10 Mar 2022 17:06:00 -0500", "topics": [], "sentiment": "Positive", "type": "Article", "tickers": ["ETH"]}, {"news_url": "https://bitcoinmagazine.com/industry-events/the-bitcoin-conference-differences", "image_url": "https://crypto.snapi.dev/images/v1/a/m/bitcoin-hyperbitcoin-116601.jpg", "title": "The Bitcoin Conference: What A Difference A Year Makes", "text": "Businesses were created, friends were made and memories were shared at Bitcoin 2021 last year.", "source_name": "Bitcoin Magazine", "date": "Thu, 10 Mar 2022 17:00:00 -0500", "topics": [], "sentiment": "Neutral", "type": "Article", "tickers": ["BTC"]}, {"news_url": "https://thecurrencyanalytics.com/bitcoin/bitcoin-and-crypto-friendly-politician-yoon-suk-yeol-next-president-in-south-korea-39832.php", "image_url": "https://crypto.snapi.dev/images/v1/y/v/bitcoin-and-crypto-friendly-politician-yoon-suk-yeol-next-president-in-south-korea-116599.jpg", "title": "Bitcoin and Crypto-Friendly Politician Yoon Suk-Yeol Next President in South Korea", "text": "Catch up on the latest crypto market news at The Currency Analytics. Bitcoin Magazine shared: JUST IN: Bitcoin and crypto-friendly politician Yoon Suk-yeol was elected the next President of South Korea.", "source_name": "The Currency Analytics", "date": "Thu, 10 Mar 2022 16:55:01 -0500", "topics": [], "sentiment": "Positive", "type": "Article", "tickers": ["BTC"]}, {"news_url": "https://cointelegraph.com/news/ethereum-s-consensus-layer-contract-hits-10m-eth-staked", "image_url": "https://crypto.snapi.dev/images/v1/0/l/840-ahr0chm6ly9zmy5jb2ludgvszwdyyxbolmnvbs91cgxvywrzlziwmjitmdmvzjuwnji2zdetmdaxms00odm4lthmzwqtndhlodkyntzjytmxlmpwzw-116600.jpg", "title": "Ethereum's 'consensus layer' contract hits 10M ETH staked", "text": "The migration to proof-of-stake consensus appears to be progressing well by all numerical account, potentially signifying anticipatory demand for the networks long-awaited upgrade.", "source_name": "Cointelegraph", "date": "Thu, 10 Mar 2022 16:55:00 -0500", "topics": [], "sentiment": "Neutral", "type": "Article", "tickers": ["ETH"]}, {"news_url": "https://www.dcforecasts.com/bitcoin-news/crypto-stocks-rally-while-bitcoin-drops-below-40000-analysis/", "image_url": "https://crypto.snapi.dev/images/v1/n/m/source-quantify-crypto-5-116591.png", "title": "Crypto Stocks Rally While Bitcoin Drops Below $40,000: Analysis", "text": "The crypto stocks rally while Bitcoin drops below $40,000 but later managed to make some gains after the Biden administration signed its plans for the industry so let's read furhter in our latest Bitcoin news. The old saying \u201cBuy the rumor, sell the news\u201d was in full effect in the past 36 hours, and a [\u2026]", "source_name": "DCForecasts", "date": "Thu, 10 Mar 2022 16:22:59 -0500", "topics": [], "sentiment": "Neutral", "type": "Article", "tickers": ["BTC"]}, {"news_url": "https://thecurrencyanalytics.com/press-releases/analyst-predict-btc-xrp-near-xmr-waves-will-attract-buyers-why-reasons-39829.php", "image_url": "https://crypto.snapi.dev/images/v1/m/e/istockphoto-919509810-612x612-1-115742-116256-116587.jpg", "title": "Analyst Predict BTC, XRP, NEAR, XMR, WAVES will attract Buyers \u2013 Why? Reasons?", "text": "Catch up on the latest crypto market news at The Currency Analytics. \u00a0 BTC/USDT (Price prediction $35,000\u2b07 \u2013 $45,000\u2b06) XRP/USDT (Price prediction $0.91\u2b07 \u2013 $0.62\u2b06) NEAR/USDT (Price prediction $8\u2b07 \u2013 $14\u2b06) XMR/USDT\u2026 The post Analyst Predict BTC, XRP, NEAR, XMR, WAVES will attract Buyers \u2013 Why?", "source_name": "The Currency Analytics", "date": "Thu, 10 Mar 2022 16:12:05 -0500", "topics": [], "sentiment": "Positive", "type": "Article", "tickers": ["BTC", "WAVES", "XRP", "XMR"]}, {"news_url": "https://dailyhodl.com/2022/03/10/bitcoin-btc-will-benefit-from-war-and-emerging-monetary-order-according-to-credit-suisse-analyst/", "image_url": "https://crypto.snapi.dev/images/v1/g/d/bitcoin-benefit-warjpgfit10242c600ssl1-116603.jpg", "title": "Bitcoin (BTC) Will Benefit From War and Emerging Monetary Order, According to Credit Suisse Analyst", "text": "A Credit Suisse investment strategist says Bitcoin (BTC) will likely benefit from the current geopolitical turmoil. In a new analysis, Zoltan Pozsar says the world is witnessing a shift to a new monetary order centered around commodity-based currencies in the East. The strategist thinks the new monetary order will weaken the Euro/USD system and cause [\u2026] The post Bitcoin (BTC) Will Benefit From War and Emerging Monetary Order, According to Credit Suisse Analyst appeared first on The Daily Hodl.", "source_name": "The Daily Hodl", "date": "Thu, 10 Mar 2022 16:00:51 -0500", "topics": [], "sentiment": "Positive", "type": "Article", "tickers": ["BTC"]}, {"news_url": "https://dailyhodl.com/2022/03/10/crypto-trader-updates-outlook-on-altcoins-says-hes-not-bullish-on-bitcoin-btc-at-current-levels-heres-why/", "image_url": "https://crypto.snapi.dev/images/v1/k/n/trader-updates-outlook-altcoinsjpgfit10242c600ssl1-116583.jpg", "title": "Crypto Trader Updates Outlook on Altcoins, Says He's Not Bullish on Bitcoin (BTC) at Current Levels \u2013 Here's Why", "text": "A leading crypto analyst is updating his outlook on the altcoin markets while analyzing the current price levels for Bitcoin (BTC). In a new series of tweets, crypto trader Micha\u00ebl van de Poppe tells his 575,000 followers that altcoins such as Chainlink\u00a0(LINK) are maintaining higher time frame support against the US dollar (USD). \u201cI must [\u2026] The post Crypto Trader Updates Outlook on Altcoins, Says He's Not Bullish on Bitcoin (BTC) at Current Levels \u2013 Here's Why appeared first on The Daily Hodl.", "source_name": "The Daily Hodl", "date": "Thu, 10 Mar 2022 15:55:41 -0500", "topics": [], "sentiment": "Neutral", "type": "Article", "tickers": ["BTC"]}, {"news_url": "https://bitcoinmagazine.com/business/stripe-ftx-partner-for-bitcoin-business-payments", "image_url": "https://crypto.snapi.dev/images/v1/6/6/discovering-new-payment-efficiencies-through-decentralized-applications-116579.jpg", "title": "Stripe, FTX Partner For Bitcoin Business Payments", "text": "Stripe launched business infrastructure to support cryptocurrencies allowing businesses to transact and scale with Bitcoin.", "source_name": "Bitcoin Magazine", "date": "Thu, 10 Mar 2022 15:46:12 -0500", "topics": [], "sentiment": "Positive", "type": "Article", "tickers": ["BTC"]}, {"news_url": "https://cryptopotato.com/major-milestone-over-10-million-eth-staked-in-ethereum-2-0-deposit-contract/", "image_url": "https://crypto.snapi.dev/images/v1/u/i/ethereum-20-116577.jpg", "title": "Major Milestone: Over 10 Million ETH Staked in Ethereum 2.0 Deposit Contract", "text": "The deposit contract for staking on Beacon chain \u2013 the blockchain providing the spine of the Ethereum 2.0 ecosystem \u2013 has now collected over 10 million ETH. That's $26 billion of staked value at current prices.", "source_name": "CryptoPotato", "date": "Thu, 10 Mar 2022 15:30:19 -0500", "topics": [], "sentiment": "Positive", "type": "Article", "tickers": ["ETH"]}, {"news_url": "https://www.benzinga.com/markets/cryptocurrency/22/03/26088660/did-bart-simpson-predict-bitcoins-fall-what-to-watch-as-the-crypto-retraces?SNAPI", "image_url": "https://crypto.snapi.dev/images/v1/t/f/bart-gc623ed047-1280-116578.png", "title": "Did Bart Simpson Predict Bitcoin's Fall? What To Watch As The Crypto Retraces", "text": "Bitcoin (CRYPTO: BTC) was trading down over 6% on Thursday afternoon, giving back almost all the gains the apex cryptocurrency made the day prior when it shot up 8.2% to close the 24-hour session at $41,953.97.", "source_name": "Benzinga", "date": "Thu, 10 Mar 2022 15:30:00 -0500", "topics": [], "sentiment": "Negative", "type": "Article", "tickers": ["BTC"]}, {"news_url": "https://investorplace.com/2022/03/stacks-stx-crypto-soars-on-new-165m-bitcoin-odyssey-investment/", "image_url": "https://crypto.snapi.dev/images/v1/v/r/crypto1-116571.jpg", "title": "Stacks (STX) Crypto Soars on New $165M \u2018Bitcoin Odyssey' Investment", "text": "The Stacks crypto is moving upward at breakneck speeds, thanks to a $165 million investment from several venture capitalist firms.", "source_name": "Investorplace", "date": "Thu, 10 Mar 2022 15:19:26 -0500", "topics": [], "sentiment": "Positive", "type": "Article", "tickers": ["BTC", "STX"]}, {"news_url": "https://www.youtube.com/watch?v=LGeA50gJmTc", "image_url": "https://crypto.snapi.dev/images/v1/j/9/bidens-crypto-order-could-end-fragmented-us-regulations-says-ripple-ceo-cnbc-crypto-world-116574.jpg", "title": "Biden's crypto order could end fragmented U.S. regulations, says Ripple CEO: CNBC Crypto World", "text": "CNBC Crypto World features the latest news and daily trading updates from the digital currency markets and provides viewers with a look at what's ahead with high-profile interviews, explainers, and unique stories from the ever-changing crypto industry. On today's show, Ripple CEO Brad Garlinghouse reacts to President Biden's crypto executive order and explains the latest in the SEC's lawsuit against him and the company.", "source_name": "CNBC Television", "date": "Thu, 10 Mar 2022 15:04:17 -0500", "topics": ["regulations"], "sentiment": "Neutral", "type": "Video", "tickers": ["XRP"]}, {"news_url": "https://beincrypto.com/gold-stocks-and-bitcoin-weekly-overview-march-10/", "image_url": "https://crypto.snapi.dev/images/v1/5/h/bic-gold-btc-stock-01jpgoptimal-116572.jpg", "title": "Gold, Stocks, and Bitcoin: Weekly Overview \u2014 March 10", "text": "This week's price movements for Bitcoin (BTC), gold, and our stock pick Microsoft. The post Gold, Stocks, and Bitcoin: Weekly Overview \u2014 March 10 appeared first on BeInCrypto.", "source_name": "BeInCrypto", "date": "Thu, 10 Mar 2022 15:00:00 -0500", "topics": [], "sentiment": "Neutral", "type": "Article", "tickers": ["BTC"]}, {"news_url": "https://thecurrencyanalytics.com/bitcoin/18-9m-bitcoin-btc-has-been-issued-only-2-1-m-left-39810.php", "image_url": "https://crypto.snapi.dev/images/v1/a/g/189m-bitcoin-btc-has-been-issued-only-21-m-left-116555.jpg", "title": "18.9M Bitcoin (BTC) Has Been Issued Only 2.1 M left", "text": "Catch up on the latest crypto market news at The Currency Analytics. Dan Held Shared: 18.9M Bitcoin (BTC) has been issued.", "source_name": "The Currency Analytics", "date": "Thu, 10 Mar 2022 14:30:39 -0500", "topics": [], "sentiment": "Neutral", "type": "Article", "tickers": ["BTC"]}, {"news_url": "https://bitcoinmagazine.com/business/foundation-devices-launches-new-bitcoin-hardware-wallet", "image_url": "https://crypto.snapi.dev/images/v1/c/n/passport-batch2-116549.jpg", "title": "Foundation Devices Launches New Bitcoin Hardware Wallet", "text": "Foundation also announced Envoy, a companion mobile Bitcoin wallet for the Passport Batch 2.", "source_name": "Bitcoin Magazine", "date": "Thu, 10 Mar 2022 14:10:46 -0500", "topics": [], "sentiment": "Positive", "type": "Article", "tickers": ["BTC"]}, {"news_url": "https://bitcoinist.com/bitcoin-on-chain-11-year-old-coins-20m-behind-drop/", "image_url": "https://crypto.snapi.dev/images/v1/a/x/kanchanara-6wdih6evkrm-unsplash-631x420-116548.jpg", "title": "Bitcoin On-chain Data Suggests 11-Year Old Coins Worth $20M Behind The Drop", "text": "On-chain data suggests that dumping from 11-year old coins worth $20 million may be behind the recent Bitcoin price drop. 11-Year Old Bitcoin Moved Shortly Before The Drop below $40k As pointed out by an analyst in a CryptoQuant post, a large amount of dormant coins since eleven years ago seems to have moved a [\u2026]", "source_name": "Bitcoinist", "date": "Thu, 10 Mar 2022 14:00:48 -0500", "topics": [], "sentiment": "Neutral", "type": "Article", "tickers": ["BTC"]}, {"news_url": "https://www.newsbtc.com/news/bitcoin/bitcoin-biden-spike-gone-price-reverses-following-8-gain/", "image_url": "https://crypto.snapi.dev/images/v1/k/q/16464078230388-116534.jpg", "title": "Bitcoin's Biden Spike Gone, Price Reverses Following 8% Gain", "text": "Bitcoin (BTC) has retraced significantly today, a day after recording an 8% gain in response to President Biden's executive order. Bitcoin, like the rest of the crypto market, is under pressure, falling more than 5% and falling below $40,000 levels.", "source_name": "NewsBTC", "date": "Thu, 10 Mar 2022 13:02:36 -0500", "topics": [], "sentiment": "Negative", "type": "Article", "tickers": ["BTC"]}, {"news_url": "https://www.cryptopolitan.com/bitcoin-binance-coin-waves-and-tezos-daily-price-analyses-10-march-morning-price-prediction/", "image_url": "https://crypto.snapi.dev/images/v1/g/p/gp43-116532.", "title": "Bitcoin, Binance Coin, Waves, and Tezos Daily Price Analyses \u2013 10 March Morning Price Prediction", "text": "TL;DR Breakdown The global crypto market suffers a setback, losing 4.79% in 24 hours. Bitcoin is also in a losing mood, shedding 7.17% over the past 24 hours.", "source_name": "Cryptopolitan", "date": "Thu, 10 Mar 2022 13:02:24 -0500", "topics": [], "sentiment": "Neutral", "type": "Article", "tickers": ["BNB", "BTC", "WAVES", "XTZ"]}, {"news_url": "https://bitcoinmagazine.com/markets/bitcoin-crypto-politician-elected-to-be-next-president-of-south-korea", "image_url": "https://crypto.snapi.dev/images/v1/2/f/south-korea-regulating-crypto-exchanges-directly-116528.jpg", "title": "Pro-Bitcoin And Crypto Politician Yoon Suk-yeol Elected To Be Next President Of South Korea", "text": "Yoon Suk-yeol won the closest South Korean election in history with promises to deregulate bitcoin and crypto while easing tax burdens.", "source_name": "Bitcoin Magazine", "date": "Thu, 10 Mar 2022 12:46:53 -0500", "topics": [], "sentiment": "Positive", "type": "Article", "tickers": ["BTC"]}, {"news_url": "https://bitcoinmagazine.com/business/experts-on-biden-bitcoin-executive-order", "image_url": "https://crypto.snapi.dev/images/v1/u/s/usa-116527.jpg", "title": "Will Biden's Executive Order Help Or Hurt Bitcoin? Experts Weigh In", "text": "Will U.S. President Joe Biden's executive order calling for regulatory guidelines around Bitcoin help or hurt the technology?", "source_name": "Bitcoin Magazine", "date": "Thu, 10 Mar 2022 12:36:51 -0500", "topics": [], "sentiment": "Neutral", "type": "Article", "tickers": ["BTC"]}, {"news_url": "https://thecurrencyanalytics.com/bitcoin/first-rule-of-bitcoin-btc-is-you-dont-sell-bitcoin-39801.php", "image_url": "https://crypto.snapi.dev/images/v1/a/w/first-rule-of-bitcoin-btc-is-you-dont-sell-bitcoin-116523.jpg", "title": "First Rule of Bitcoin (BTC) Is You Don't Sell Bitcoin", "text": "Catch up on the latest crypto market news at The Currency Analytics. Sasquatch shared: SOLD ALL MY BITCOINS BC OF BIDENS EXECUTIVE ORDER.", "source_name": "The Currency Analytics", "date": "Thu, 10 Mar 2022 12:29:28 -0500", "topics": [], "sentiment": "Neutral", "type": "Article", "tickers": ["BTC"]}, {"news_url": "https://www.cryptopolitan.com/bitcoin-price-analysis-2022-03-10/", "image_url": "https://crypto.snapi.dev/images/v1/j/q/bitcoin-price-analysis-2022-03-10-116515.png", "title": "Bitcoin price analysis: BTC swiftly retraces 9 percent, ready to reverse?", "text": "TL;DR Breakdown Bitcoin price analysis is bullish today. BTC/USD lost 9 percent overnight.", "source_name": "Cryptopolitan", "date": "Thu, 10 Mar 2022 12:07:09 -0500", "topics": ["tanalysis"], "sentiment": "Negative", "type": "Article", "tickers": ["BTC"]}, {"news_url": "https://www.newsbtc.com/news/ethereum/ethereum-crosses-5-billion-in-eth-burned-as-momentum-picks-up/", "image_url": "https://crypto.snapi.dev/images/v1/t/9/ethereum-burn-116502.jpeg", "title": "Ethereum Crosses $5 Billion In ETH Burned As Momentum Picks Up", "text": "Ethereum implemented the EIP-1559 in 2021 and since then, ETH has been burned every day. This upgrade has pushed the network towards becoming deflationary, taking more than 30% that would have gone straight into circulation and burning it.", "source_name": "NewsBTC", "date": "Thu, 10 Mar 2022 12:00:41 -0500", "topics": [], "sentiment": "Positive", "type": "Article", "tickers": ["ETH"]}, {"news_url": "https://bitcoinist.com/ethereum-liquidations-touch-50-million-as-price-falls-to-2500/", "image_url": "https://crypto.snapi.dev/images/v1/d/9/eth-640x358-116504.jpeg", "title": "Ethereum Liquidations Touch $50 Million As Price Falls To $2,500", "text": "The recent market crash has once again sent Ethereum crashing towards $2,500. This dreaded point for the digital asset has since been avoided with much success but with market momentum declining every day, there may be more to come.", "source_name": "Bitcoinist", "date": "Thu, 10 Mar 2022 12:00:30 -0500", "topics": [], "sentiment": "Negative", "type": "Article", "tickers": ["ETH"]}, {"news_url": "https://news.bitcoin.com/mega-awakening-whale-transfers-429-sleeping-bitcoin-from-2010-worth-over-16-8-million/", "image_url": "https://crypto.snapi.dev/images/v1/c/g/mega-awakening-whale-transfers-429-sleeping-bitcoin-from-2010-worth-over-16-8-million-116505.jpg", "title": "Mega Awakening \u2014 Whale Transfers 429 \u2018Sleeping Bitcoin' From 2010 Worth Over $16.8 Million", "text": "After tapping a 24-hour high at $42,592 per unit, the price of bitcoin lost the gains it gathered on Wednesday, sliding more than 5% during Thursday morning's trading sessions. Meanwhile, as crypto prices fluctuated, an odd bitcoin transaction from 2010 was transferred at 1:45 a.m. (UTC) moving 429 bitcoin worth $16.8 million. Large Sum of [\u2026]", "source_name": "Bitcoin", "date": "Thu, 10 Mar 2022 12:00:29 -0500", "topics": ["whales"], "sentiment": "Neutral", "type": "Article", "tickers": ["BTC"]}, {"news_url": "https://cryptodaily.co.uk/2022/03/btc-usd-bulls-looking-for-gains-above-42597-sally-ho-technical-analysis-11-march-2022-btc-bitcoin", "image_url": "https://crypto.snapi.dev/images/v1/p/h/bitcoin-forming-setupjpgfit10242c600ssl1-116160-116501.jpg", "title": "BTC/USD Bulls Looking for Gains Above 42597: Sally Ho's Technical Analysis 11 March 2022 BTC", "text": "Bitcoin (BTC/USD) sought to add to recent upside progress early in the Asian session as the pair searched for additional momentum to gain traction above the recent high of 42597.84, a level that represented a test of the 78.6% retracement of the recent depreciating range from 44096.45 to 37161.88.\u00a0\u00a0 Stops were elected above the 200-hour simple moving average around the 40858 area during the ascent.", "source_name": "Crypto Daily", "date": "Thu, 10 Mar 2022 12:00:00 -0500", "topics": ["tanalysis"], "sentiment": "Positive", "type": "Article", "tickers": ["BTC"]}, {"news_url": "https://coingape.com/?p=103898", "image_url": "https://crypto.snapi.dev/images/v1/k/a/kanchanara-4kjjezdyo3m-unsplash-scaled-115695-116356-116512.jpg", "title": "\u201cWar Will Accelerate The Adoption Of Bitcoin\u201d- Michael Saylor", "text": "Michael Saylor, chairman and CEO of business intelligence company MicroStrategy, tweeted on Thursday that war or any war-like conditions will increase the adoption of Bitcoin. Saylor also cited a Wall Street Journal article on how the war in Ukraine has led to higher global inflation, as it has historically.", "source_name": "Coingape", "date": "Thu, 10 Mar 2022 11:51:27 -0500", "topics": [], "sentiment": "Positive", "type": "Article", "tickers": ["BTC"]}, {"news_url": "https://www.dcforecasts.com/ethereum-news/goldman-sachs-will-offer-ethereum-funds-via-galaxy-digital/", "image_url": "https://crypto.snapi.dev/images/v1/t/x/galaxy-digital-stock-116500.jpg", "title": "Goldman Sachs Will Offer Ethereum Funds Via Galaxy Digital", "text": "Goldman Sachs will offer ethereum funds to its clients via Galaxy Digital and its institutional ETH fund as we can see further in today's latest Ethereum news. The reports emerged after the regulatory documents filed with the US SEC popped up.", "source_name": "DCForecasts", "date": "Thu, 10 Mar 2022 11:48:43 -0500", "topics": [], "sentiment": "Positive", "type": "Article", "tickers": ["ETH"]}, {"news_url": "https://www.cnbc.com/2022/03/10/what-bidens-executive-order-means-for-crypto-and-whats-really-driving-the-bitcoin-price.html", "image_url": "https://crypto.snapi.dev/images/v1/q/8/107027046-1646757097569-gettyimages-1239027472-afp-324q3ta-116495.jpeg", "title": "What Biden's executive order means for crypto, and what's really driving the bitcoin price", "text": "What Biden's executive order means for crypto, and what's really driving the bitcoin price", "source_name": "CNBC", "date": "Thu, 10 Mar 2022 11:31:20 -0500", "topics": [], "sentiment": "Neutral", "type": "Article", "tickers": ["BTC"]}, {"news_url": "https://coinpedia.org/ripple/xrp-to-top-5-inevitable-these-indicators-point-towards-a-20-rally/", "image_url": "https://crypto.snapi.dev/images/v1/n/e/4tmampj1-us-judge-denies-request-to-add-xrp-holders-as-intervenors-in-secs-lawsuit-against-ripple-112731-116493.webp", "title": "XRP To Top-5 Inevitable! Are These Indicators A Sign Of An Incoming 20% Rally?", "text": "\u00a0\u00a0The world of cryptocurrencies continues to witness discussions revolving around the executive order from the White House, and its implications. Successively, the XRP army pins optimistic hopes around the implications of the executive order. As a number of governments' interests remain the protocol's imperative strengths. Whilst the community rejoices its growing strengths, investors and merchants \u2026", "source_name": "CoinPedia", "date": "Thu, 10 Mar 2022 11:28:42 -0500", "topics": [], "sentiment": "Positive", "type": "Article", "tickers": ["XRP"]}, {"news_url": "https://www.cryptopolitan.com/ethereum-price-analysis-2022-03-10/", "image_url": "https://crypto.snapi.dev/images/v1/b/n/ethereum-price-analysis-2022-02-10-116489.png", "title": "Ethereum price analysis: ETH retests $2,600 as support, higher low set?\u00a0", "text": "TL;DR Breakdown Ethereum price analysis is bullish today. ETH/USD retraced to $2,600 support.", "source_name": "Cryptopolitan", "date": "Thu, 10 Mar 2022 11:18:04 -0500", "topics": ["tanalysis"], "sentiment": "Positive", "type": "Article", "tickers": ["ETH"]}, {"news_url": "https://www.trustnodes.com/2022/03/10/ethereum-launches-the-merger-testnet-2", "image_url": "https://crypto.snapi.dev/images/v1/q/9/ethereum-merger-testnet-march-2022-116486.png", "title": "Ethereum Launches the Merger Testnet", "text": "The final testnet (pictured) for the ethereum upgrade to full Proof of Stake (PoS), known as the Merger, has been launched earlier today. \u201cWe spun up the Kiln testnet to.", "source_name": "Trustnodes", "date": "Thu, 10 Mar 2022 11:12:43 -0500", "topics": ["paywall"], "sentiment": "Positive", "type": "Article", "tickers": ["ETH"]}, {"news_url": "https://www.youtube.com/watch?v=7aaiKvAEf5I", "image_url": "https://crypto.snapi.dev/images/v1/g/b/how-bitcoin-investors-are-viewing-bidens-executive-order-116488.jpg", "title": "How bitcoin investors are viewing Biden's executive order", "text": "#Crypto #Bitcoin #US Yahoo Finance's David Hollerith joins the Live show to discuss how investors are reacting to President Biden's executive order that will study cryptocurrency regulation. Don't Miss: Valley of Hype: The Culture That Built Elizabeth Holmes WATCH HERE: https://youtu.be/Sb179GLPNYE Watch the 2021 Berkshire Hathaway Annual Shareholders Meeting on YouTube: https://youtu.be/gx-OzwHpM9k Subscribe to Yahoo Finance: https://yhoo.it/2fGu5Bb About Yahoo Finance: At Yahoo Finance, you get free stock quotes, up-to-date news, portfolio management resources, international market data, social interaction and mortgage rates that help you manage your financial life.", "source_name": "Yahoo Finance", "date": "Thu, 10 Mar 2022 11:12:32 -0500", "topics": [], "sentiment": "Neutral", "type": "Video", "tickers": ["BTC"]}, {"news_url": "https://decrypt.co/94793/ethereum-2-0-staking-contract-holds-10-million-eth", "image_url": "https://crypto.snapi.dev/images/v1/3/m/ethereum-in-hand-gid-2-116487.jpeg", "title": "Ethereum 2.0 Staking Contract Now Holds 10 Million ETH", "text": "Ethereum's anticipated upgrade has just hit a key milestone, with depositors adding $25 billion in ETH to the network's contract address.", "source_name": "Decrypt", "date": "Thu, 10 Mar 2022 11:10:17 -0500", "topics": [], "sentiment": "Neutral", "type": "Article", "tickers": ["ETH"]}, {"news_url": "https://cryptobriefing.com/solana-could-soon-end-corrective-period/?utm_source=main_feed&utm_medium=rss", "image_url": "https://crypto.snapi.dev/images/v1/7/a/solana-sunset-tree-cover-838x440-116478.jpg", "title": "Solana Could Soon End Corrective Period", "text": "Solana looks primed for an upward impulse as the technicals turn bullish.", "source_name": "Crypto Briefing", "date": "Thu, 10 Mar 2022 10:58:24 -0500", "topics": [], "sentiment": "Neutral", "type": "Article", "tickers": ["SOL"]}, {"news_url": "https://u.today/10000000-ethers-now-deposited-to-pos-ethereum-contract-details?SNAPI", "image_url": "https://crypto.snapi.dev/images/v1/v/t/13232-116482.jpg", "title": "10,000,000 Ethers Now Deposited to PoS Ethereum Contract: Details", "text": "Deposit contract and first backbone element of Ethereum proof-of-stake infrastructure smashes through another crucial milestone", "source_name": "UToday", "date": "Thu, 10 Mar 2022 10:55:00 -0500", "topics": [], "sentiment": "Positive", "type": "Article", "tickers": ["ETH"]}, {"news_url": "https://ambcrypto.com/solana-luna-tron-price-analysis-10-march/", "image_url": "https://crypto.snapi.dev/images/v1/r/g/untitled-designfrffrfrfr-116468.png", "title": "Solana, LUNA, Tron Price Analysis: 10 March", "text": "While the last 24 hours proved to be rather menacing for the bulls, the Crypto fear and greed index showed minor improvements in the overall sentiment. The near-term technicals of Solana, LUNA, and Tron exhibited a bearish inclination but the CMF kept the bullish revival chances bright in the days to come.", "source_name": "AMBCrypto", "date": "Thu, 10 Mar 2022 10:30:38 -0500", "topics": ["tanalysis"], "sentiment": "Neutral", "type": "Article", "tickers": ["LUNA", "SOL", "TRX"]}, {"news_url": "https://cointelegraph.com/news/bitcoin-spoofs-40k-breakout-as-us-cpi-inflation-data-conforms-to-7-9-estimates", "image_url": "https://crypto.snapi.dev/images/v1/g/x/840-ahr0chm6ly9zmy5jb2ludgvszwdyyxbolmnvbs91cgxvywrzlziwmjitmdmvotrjnzzkm2mtndc0os00nmmxlwjingutzgzmy2y3mduzndewlmpwzw-116467.jpg", "title": "Bitcoin spoofs $40K breakout as US CPI inflation data conforms to 7.9% estimates", "text": "Bitcoin sees competition from commodities after failing to put in lasting gains from the latest U.S. inflation news.", "source_name": "Cointelegraph", "date": "Thu, 10 Mar 2022 10:26:54 -0500", "topics": [], "sentiment": "Negative", "type": "Article", "tickers": ["BTC"]}, {"news_url": "https://www.investingcube.com/bitcoins-performance-and-the-ukrainian-crisis/", "image_url": "https://crypto.snapi.dev/images/v1/a/a/bitcoin-1024x512-116464.png", "title": "Bitcoin's Performance and the Ukrainian Crisis", "text": "Google Trends data reveal a notable uptick in crypto-related search terms in Russia that runs counter to the global trend.", "source_name": "InvestingCube", "date": "Thu, 10 Mar 2022 10:26:30 -0500", "topics": [], "sentiment": "Neutral", "type": "Article", "tickers": ["BTC"]}, {"news_url": "https://news.bitcoin.com/bitcoin-ethereum-technical-analysis-crypto-prices-fall-lower-as-markets-continue-to-digest-bidens-executive-order/", "image_url": "https://crypto.snapi.dev/images/v1/5/9/photo-2022-03-11-00-24-06-116465.jpeg", "title": "Bitcoin, Ethereum Technical Analysis: Crypto Prices Fall Lower as Markets Continue to Digest Biden's Executive Order", "text": "Less than 24 hours after U.S. President Biden's executive order, cryptocurrency markets were back in the red, as the global market cap fell by over 5%. Bitcoin was once again trading below $40,000, with ETH hovering marginally above $2,500. Bitcoin As the smoke clears following yesterday's executive order, crypto traders seem to be coming to [\u2026]", "source_name": "Bitcoin", "date": "Thu, 10 Mar 2022 10:26:23 -0500", "topics": ["tanalysis"], "sentiment": "Negative", "type": "Article", "tickers": ["BTC", "ETH"]}, {"news_url": "https://cryptobriefing.com/the-bitclout-grifter-wants-to-take-your-ethereum-via-a-dao/?utm_source=main_feed&utm_medium=rss", "image_url": "https://crypto.snapi.dev/images/v1/q/i/cover-1-838x440-116470.jpg", "title": "The BitClout Grifter Wants to Take Your Ethereum Via a DAO", "text": "Nader Al-Naji is gearing up to launch another project\u2014but many members of the crypto community are skeptical about what it's trying to achieve.", "source_name": "Crypto Briefing", "date": "Thu, 10 Mar 2022 10:24:46 -0500", "topics": [], "sentiment": "Neutral", "type": "Article", "tickers": ["ETH"]}, {"news_url": "https://cryptoticker.io/en/how-to-add-ethereum-mainnet-to-metamask/", "image_url": "https://crypto.snapi.dev/images/v1/k/k/metamask-01-116457.jpeg", "title": "How To Add Ethereum Mainnet to Metamask?", "text": "If you've just taken an interest in\u00a0Ethereum\u00a0and its many uses, one of the first questions you should ask yourself is how you plan to store your Ether Coins. MetaMask is probably one of the most useful and popular applications.", "source_name": "CryptoTicker", "date": "Thu, 10 Mar 2022 10:23:07 -0500", "topics": [], "sentiment": "Neutral", "type": "Article", "tickers": ["ETH"]}, {"news_url": "https://coingape.com/?p=103896", "image_url": "https://crypto.snapi.dev/images/v1/x/r/xrp-mimics-the-broader-market-to-form-a-strong-bearish-trend-115234-116462.jpg", "title": "XRP Price Prediction: Moves Inside Symmetrical Triangle, A Breakout Toward $0.70 Is Coming?", "text": "XRP price extends the sideways movement with significant losses on Thursday. XRP continues to trade below $0.80 since March begins.", "source_name": "Coingape", "date": "Thu, 10 Mar 2022 10:12:03 -0500", "topics": [], "sentiment": "Positive", "type": "Article", "tickers": ["XRP"]}, {"news_url": "https://en.cryptonomist.ch/2022/03/10/bitcoin-price-below-40k-bidens-boost-already-over/", "image_url": "https://crypto.snapi.dev/images/v1/g/x/bitcoin-down-1-300x200-116453.jpg", "title": "Bitcoin price below $40k: Biden's boost is already over", "text": "BTC experiencing volatility", "source_name": "The Cryptonomist", "date": "Thu, 10 Mar 2022 10:09:05 -0500", "topics": [], "sentiment": "Negative", "type": "Article", "tickers": ["BTC"]}, {"news_url": "https://u.today/bitcoin-expected-to-hit-milestone-of-19-million-btc-mined-in-next-23-days-report?SNAPI", "image_url": "https://crypto.snapi.dev/images/v1/d/p/13227-116450.jpg", "title": "Bitcoin Expected to Hit Milestone of 19 Million BTC Mined in Next 23 Days: Report", "text": "Bitcoin set to reach new milestone of 19 million BTC mined in the next 23 days", "source_name": "UToday", "date": "Thu, 10 Mar 2022 10:03:00 -0500", "topics": [], "sentiment": "Positive", "type": "Article", "tickers": ["BTC"]}, {"news_url": "https://beincrypto.com/if-you-have-less-money-than-elon-watch-out-says-bill-gates-on-bitcoin/", "image_url": "https://crypto.snapi.dev/images/v1/t/6/bill-gates-cryptojpgoptimal-116454.jpg", "title": "\u201cIf you have less money than Elon, watch out,\u201d Says Bill Gates on Bitcoin", "text": "\u201cIf you have less money than Elon, you should probably watch out,\" says Bill Gates on Bitcoin. The post \u201cIf you have less money than Elon, watch out,\u201d Says Bill Gates on Bitcoin appeared first on BeInCrypto.", "source_name": "BeInCrypto", "date": "Thu, 10 Mar 2022 10:00:00 -0500", "topics": [], "sentiment": "Negative", "type": "Article", "tickers": ["BTC"]}, {"news_url": "https://www.coindesk.com/business/2022/03/10/okcoin-stacks-launch-165m-pledge-to-support-bitcoin-related-projects/", "image_url": "https://crypto.snapi.dev/images/v1/f/u/sihfrakvtbeqdj2xics2zfwvme-116451.jpg", "title": "Okcoin, Stacks Launch $165M Pledge to Support Bitcoin-Related Projects", "text": "The Bitcoin Odyssey is a year-long pledge taken by VC firms to deploy money into solutions that accelerate the adoption of bitcoin.", "source_name": "Coindesk", "date": "Thu, 10 Mar 2022 10:00:00 -0500", "topics": [], "sentiment": "Positive", "type": "Article", "tickers": ["BTC", "STX"]}, {"news_url": "https://cointelegraph.com/news/okcoin-launches-165m-collective-investment-to-push-bitcoin-adoption", "image_url": "https://crypto.snapi.dev/images/v1/a/c/840-ahr0chm6ly9zmy5jb2ludgvszwdyyxbolmnvbs91cgxvywrzlziwmjitmdmvmdnkymy4mmetzmfkny00zmjhlwfhmtktzjexnze3ngjmmwu5lmpwzw-116449.jpg", "title": "Okcoin launches $165M collective investment to push Bitcoin adoption", "text": "The Bitcoin Odyssey is funded by Digital Currency Group, GBV Capital, White Star Capital and GSR, among other organizations.", "source_name": "Cointelegraph", "date": "Thu, 10 Mar 2022 10:00:00 -0500", "topics": [], "sentiment": "Neutral", "type": "Article", "tickers": ["BTC"]}, {"news_url": "https://investorplace.com/2022/03/4-attractive-cryptos-to-buy-as-bitcoin-rebounds/", "image_url": "https://crypto.snapi.dev/images/v1/g/p/bitcoin-price-analysis-2022-03-09-116071-116445.png", "title": "4 Attractive Cryptos to Buy as Bitcoin Slowly Rebounds", "text": "These four cryptos from the altcoin space look attractive with sentiments turning positive, as these altcoins can provide multi-fold returns.", "source_name": "Investorplace", "date": "Thu, 10 Mar 2022 09:39:46 -0500", "topics": [], "sentiment": "Positive", "type": "Article", "tickers": ["BTC"]}, {"news_url": "https://ambcrypto.com/bitcoin-why-within-reach-apple-could-be-next-before-to-the-moon/", "image_url": "https://crypto.snapi.dev/images/v1/n/i/laurenz-heymann-waygsck20h8-unsplash-116441.jpg", "title": "Bitcoin: Why \u2018within reach' Apple could be next before \u2018to the moon'", "text": "From its humble beginnings in 2008 to its 2021 price peak, it has been quite a ride for Bitcoin (BTC). In fact, executives at tech giants like Google, Facebook, and Amazon have been quitting jobs to do crypto full time.", "source_name": "AMBCrypto", "date": "Thu, 10 Mar 2022 09:30:36 -0500", "topics": [], "sentiment": "Neutral", "type": "Article", "tickers": ["BTC"]}, {"news_url": "https://www.trustnodes.com/2022/03/10/bitcoin-spikes-and-dips-as-us-inflation-tops-7-9-ecb-keeps-rates-unchanged", "image_url": "https://crypto.snapi.dev/images/v1/w/i/us-bureau-of-labour-statistics-116438.jpg", "title": "Bitcoin Spikes and Dips as US Inflation Tops 7.9%, ECB Keeps Rates Unchanged", "text": "Bitcoin jumped to $40,000 and just as quickly dipped to $39,000 on the release of US CPI data. The Consumer Price Index for All Urban Consumers (CPI-U) increased 0.8 percent.", "source_name": "Trustnodes", "date": "Thu, 10 Mar 2022 09:18:52 -0500", "topics": ["paywall"], "sentiment": "Negative", "type": "Article", "tickers": ["BTC"]}, {"news_url": "https://cointelegraph.com/news/while-bitcoin-price-starts-2022-with-a-slump-mining-difficulty-is-on-the-rise", "image_url": "https://crypto.snapi.dev/images/v1/q/g/840-ahr0chm6ly9zmy5jb2ludgvszwdyyxbolmnvbs91cgxvywrzlziwmjitmdmvotuznjyxzmytnje3yy00zgzklthmmdgtzdm0ndeynjqzmza1lmpwzw-116431.jpg", "title": "While Bitcoin price starts 2022 with a slump, mining difficulty is on the rise", "text": "Bitcoin difficulty for miners has been increasing to all-time high levels this year amidst price volatility.", "source_name": "Cointelegraph", "date": "Thu, 10 Mar 2022 09:03:00 -0500", "topics": ["mining"], "sentiment": "Negative", "type": "Article", "tickers": ["BTC"]}, {"news_url": "https://cryptopotato.com/massive-bitcoin-volatility-as-us-inflation-for-february-clocks-at-7-9/", "image_url": "https://crypto.snapi.dev/images/v1/t/t/img-rollercoaster-116428.jpg", "title": "Massive Bitcoin Volatility as US Inflation for February Clocks at 7.9%", "text": "CPI numbers hit at 7.9% - highest in decades. Bitcoin's price went on a massive rollercoaster as a result.", "source_name": "CryptoPotato", "date": "Thu, 10 Mar 2022 09:00:43 -0500", "topics": [], "sentiment": "Negative", "type": "Article", "tickers": ["BTC"]}, {"news_url": "https://cryptodaily.co.uk/2022/03/glitter-finance-creates-algorand-solana-bidirectional-bridge", "image_url": "https://crypto.snapi.dev/images/v1/l/6/algorand-price-analysis-2022-02-06-106125-116434.png", "title": "Glitter Finance Creates Algorand-Solana Bidirectional Bridge", "text": "Glitter Finance recently combined two non-EVM compatible blockchains for an outstanding crypto experience, revolutionizing the bridge's stability and reliability. The company raised 7 million in a private round and announced that they would soon incorporate integrated yield pools in the bridge to create a liquid investment platform.", "source_name": "Crypto Daily", "date": "Thu, 10 Mar 2022 09:00:00 -0500", "topics": [], "sentiment": "Positive", "type": "Article", "tickers": ["ALGO", "SOL"]}, {"news_url": "https://edition.cnn.com/2022/03/10/investing/premarket-stocks-trading/index.html", "image_url": "https://crypto.snapi.dev/images/v1/n/r/gold-and-red-bitcoin-on-table-116123-116321-116419.jpg", "title": "Fool's gold or safe haven? War puts bitcoin to the test", "text": "Now, Russia's war in Ukraine, which has roiled markets, is testing that argument in real time. The problem? Supporters and skeptics alike say it proves their point.", "source_name": "CNN", "date": "Thu, 10 Mar 2022 08:33:23 -0500", "topics": [], "sentiment": "Positive", "type": "Article", "tickers": ["BTC"]}, {"news_url": "https://www.coindesk.com/business/2022/03/10/first-mover-americas-bitcoins-awaits-triangle-breakout-focus-on-dollar/", "image_url": "https://crypto.snapi.dev/images/v1/c/c/xc42iixqjvfmnh2kdiozzldfli-116412.jpg", "title": "First Mover Americas: Bitcoin's Awaits Triangle Breakout, Focus on Dollar", "text": "The latest moves in crypto markets in context for March 10, 2022.", "source_name": "Coindesk", "date": "Thu, 10 Mar 2022 08:16:00 -0500", "topics": [], "sentiment": "Positive", "type": "Article", "tickers": ["BTC"]}, {"news_url": "https://www.fool.com/investing/2022/03/10/looking-for-the-next-ethereum-2-cryptos-to-buy-now/", "image_url": "https://crypto.snapi.dev/images/v1/i/n/urlhttps3a2f2fgfoolcdncom2feditorial2fimages2f6675612fgettyimages-1271031331jpgw700opresize-116407.jpg", "title": "Looking for the Next Ethereum? 2 Cryptocurrencies to Buy Now", "text": "The crypto industry is still in the early innings, so there are lots of opportunities for investors to achieve outstanding returns.", "source_name": "The Motley Fool", "date": "Thu, 10 Mar 2022 08:15:00 -0500", "topics": [], "sentiment": "Positive", "type": "Article", "tickers": ["ADA", "SOL"]}, {"news_url": "https://coinpedia.org/ethereum/eth-price-to-remain-clutched-under-3000-has-ethereums-network-activity-gone-stand-still/", "image_url": "https://crypto.snapi.dev/images/v1/u/j/ethereum-price-analysis-2022-03-09-116054-116405.png", "title": "ETH Price To Remain Clutched Under $3000! Has Ethereum's Network Activity Gone Stand Still?", "text": "\u00a0\u00a0The global coin market has been under turbulence for a brief period of time. And the torments of digital assets from the crypto directory find no ends meet. The state of market leaders Bitcoin and Ethereum has been deteriorating, as these remain the first to bear the brunt.\u00a0 Successively, the largest altcoin Ethereum continues to \u2026", "source_name": "CoinPedia", "date": "Thu, 10 Mar 2022 08:15:00 -0500", "topics": [], "sentiment": "Neutral", "type": "Article", "tickers": ["ETH"]}, {"news_url": "https://www.trustnodes.com/2022/03/10/bitcoin-not-a-viable-workaround-to-russia-sanctions-says-us-official", "image_url": "https://crypto.snapi.dev/images/v1/o/e/whitehouse-116404.jpg", "title": "Bitcoin Not a \u201cViable Workaround\u201d to Russia Sanctions Says US Official", "text": "A senior administration official has stated that bitcoin and cryptocurrencies are not a viable workaround for Russia to bypass sanctions. \u201cOn Russia, in particular, the use of cryptocurrency we do.", "source_name": "Trustnodes", "date": "Thu, 10 Mar 2022 08:14:15 -0500", "topics": ["paywall"], "sentiment": "Negative", "type": "Article", "tickers": ["BTC"]}, {"news_url": "https://bitcoinist.com/5-billion-ethereum-burned-since-august-2021/", "image_url": "https://crypto.snapi.dev/images/v1/w/z/ethereum-eth-629x420-116401.jpg", "title": "$5 Billion Ethereum Burned Since August 2021, Fees Stabilized?", "text": "Since its debut on August 4, 2021, the Ethereum Improvement Protocol (EIP) 1559 has been an integral feature of the London Hard Fork. The major goal of this upgrade is to stabilize the excessive gas fees that are caused by scalability issues with Ethereum's proof-of-work (POW) network.", "source_name": "Bitcoinist", "date": "Thu, 10 Mar 2022 08:08:11 -0500", "topics": [], "sentiment": "Neutral", "type": "Article", "tickers": ["ETH"]}, {"news_url": "https://coingape.com/?p=103889", "image_url": "https://crypto.snapi.dev/images/v1/p/e/pexels-moose-photos-1036637-114761-116067-116408.jpg", "title": "Ethereum Price Prediction: Downside Remains Intact Below $2,500, An Opportunity To Sell?", "text": "Ethereum price fails to sustain the previous session gains on Thursday. ETH begins with a slow start and retraced to the session's low in the European session.", "source_name": "Coingape", "date": "Thu, 10 Mar 2022 08:07:05 -0500", "topics": [], "sentiment": "Neutral", "type": "Article", "tickers": ["ETH"]}, {"news_url": "https://cryptopotato.com/ethereum-gas-fees-at-an-8-month-low-as-interest-in-nfts-defi-wanes/", "image_url": "https://crypto.snapi.dev/images/v1/z/w/dark-ethereum-116392.jpg", "title": "Ethereum Gas Fees at an 8-Month Low as Interest in NFTs, DeFi Wanes", "text": "Gas fees on the Ethereum network have dropped to the lowest levels since August 2021.", "source_name": "CryptoPotato", "date": "Thu, 10 Mar 2022 08:00:35 -0500", "topics": ["NFT"], "sentiment": "Neutral", "type": "Article", "tickers": ["ETH"]}, {"news_url": "https://bitcoinmagazine.com/markets/understanding-bonds-and-bitcoin-insurance", "image_url": "https://crypto.snapi.dev/images/v1/f/y/bitcoin-portfolio-insurance-introductions-basics-and-bond-math-116390.png", "title": "Bitcoin Portfolio Insurance: Introductions, Basics And Bond Math", "text": "Describing the complex world of bonds with two distinct voices to set the stage for explaining why bitcoin is critical portfolio insurance.", "source_name": "Bitcoin Magazine", "date": "Thu, 10 Mar 2022 08:00:00 -0500", "topics": [], "sentiment": "Neutral", "type": "Article", "tickers": ["BTC"]}, {"news_url": "https://www.financemagnates.com/cryptocurrency/news/bitcoin-wallet-moves-210-million-worth-of-btc/", "image_url": "https://crypto.snapi.dev/images/v1/f/4/bitcoin-id-4d4cad72-bb7a-40ec-9a8f-39c08a331e44-size900-116382.jpg", "title": "Bitcoin Wallet Moves $210 Million Worth of BTC", "text": "Thursday saw another dip in the price of Bitcoin as the digital currency failed to retain the price level of $40,000. However, crypto millionaires remained unshaken from the price plunge.", "source_name": "FinanceMagnates", "date": "Thu, 10 Mar 2022 07:37:00 -0500", "topics": [], "sentiment": "Positive", "type": "Article", "tickers": ["BTC"]}, {"news_url": "https://ambcrypto.com/polkadot-cosmos-gala-price-analysis-10-march/", "image_url": "https://crypto.snapi.dev/images/v1/r/r/pa-2-cover-1-e1646891513785-116379.jpg", "title": "Polkadot, Cosmos, Gala Price Analysis: 10 March", "text": "In the past few days, there has not been a clear trend for the crypto market. The trend has been bearish but when Bitcoin broke above the $39.4k, the near-term outlook appeared to have shifted to a bullish bias.", "source_name": "AMBCrypto", "date": "Thu, 10 Mar 2022 07:30:09 -0500", "topics": ["tanalysis"], "sentiment": "Neutral", "type": "Article", "tickers": ["ATOM", "DOT", "GALA"]}, {"news_url": "https://coinmarketcap.com/alexandria/article/crypto-news-march-10-bitcoin-wipes-wednesday-s-gains", "image_url": "https://crypto.snapi.dev/images/v1/7/0/9db9037a66e942e08b406cfa10bb13fe-116377.jpg", "title": "Crypto News, March 10: Bitcoin Wipes Wednesday's Gains", "text": "Also today, how crypto executives are reacting to Joe Biden's executive order \u2014 and Kraken attempts to find a compromise after rejecting calls to ban all Russian users.", "source_name": "CoinMarketCap", "date": "Thu, 10 Mar 2022 07:24:55 -0500", "topics": [], "sentiment": "Negative", "type": "Article", "tickers": ["BTC"]}, {"news_url": "https://www.cryptoglobe.com/latest/2022/03/ripple-21shares-launches-xrp-exchange-traded-product-in-chf-on-six-swiss-exchange/", "image_url": "https://crypto.snapi.dev/images/v1/y/n/xrp-coin-116376.jpg", "title": "Ripple: 21Shares Launches $XRP Exchange-Traded Product (in CHF) on SIX Swiss Exchange", "text": "Switzerland-based 21Shares AG, considered one of the pioneers when it comes to the issuance of cryptocurrency exchange-traded products (ETPs), has announced the launch of an $XRP ETP in Swiss francs (CHF) on the SIX Swiss Exchange. The SIX Swiss Exchange is based in Zurich and is Switzerland's main stock exchange. It trades other securities such [\u2026]", "source_name": "CryptoGlobe", "date": "Thu, 10 Mar 2022 07:20:00 -0500", "topics": [], "sentiment": "Positive", "type": "Article", "tickers": ["XRP"]}, {"news_url": "https://www.dcforecasts.com/bitcoin-news/100b-erased-from-market-as-btc-retraced-after-bidens-pump/", "image_url": "https://crypto.snapi.dev/images/v1/l/u/bitcoin-cracked-earth-md-115423-115808-116375.jpg", "title": "$100B Erased From Market As BTC Retraced After Biden's Pump", "text": "$100B erased from the market after Bitcoin retraced following Biden's signing of the executive order in what seems to be a classic Bart pattern so let's read more today in our latest bitcoin news. Bitcoin lost most of yesterday's gains as the market saw $100B erased from it in the process.", "source_name": "DCForecasts", "date": "Thu, 10 Mar 2022 07:17:57 -0500", "topics": [], "sentiment": "Negative", "type": "Article", "tickers": ["BTC"]}, {"news_url": "https://coinidol.com/btc-unstable-above/", "image_url": "https://crypto.snapi.dev/images/v1/u/e/kanchanara-jswprvkr-oe-unsplash-scaled-116141-116373.jpg", "title": "Bitcoin Is Unstable Above $40,000 As It Threatens To Fall Further Below It", "text": "Bitcoin (BTC) price has rallied above the $38,000 support after the price rose above the moving averages.", "source_name": "Coin Idol", "date": "Thu, 10 Mar 2022 07:12:00 -0500", "topics": [], "sentiment": "Negative", "type": "Article", "tickers": ["BTC"]}, {"news_url": "https://www.fool.com/investing/2022/03/10/should-you-buy-ethereum-while-its-still-below-3000/", "image_url": "https://crypto.snapi.dev/images/v1/e/t/ethereum-fees-lowest-116208-116386.png", "title": "Should You Buy Ethereum While It's Still Below $3,000?", "text": "The price of the cryptocurrency has tumbled lately -- and the move is opening up an opportunity for investors.", "source_name": "The Motley Fool", "date": "Thu, 10 Mar 2022 07:11:00 -0500", "topics": [], "sentiment": "Neutral", "type": "Article", "tickers": ["ETH"]}, {"news_url": "https://www.dcforecasts.com/bitcoin-news/after-215-million-got-liquidated-bitcoins-price-sheds-drops-by-3k/", "image_url": "https://crypto.snapi.dev/images/v1/j/p/bitcoin-2007769-1280-116169-116370.jpg", "title": "After $215 Million Got Liquidated, Bitcoin's Price Sheds Drops By $3K", "text": "After $215 million got liquidated, Bitcoin's price dropped by $3,000 in one day as we can see more in today's latest bitcoin news. The cryptocurrency market went through heavy volatility in the past few days and left a trail of liquidations worth $215 million in the past day.", "source_name": "DCForecasts", "date": "Thu, 10 Mar 2022 07:09:33 -0500", "topics": [], "sentiment": "Negative", "type": "Article", "tickers": ["BTC"]}, {"news_url": "https://cryptonews.com/news/bitcoin-ethereum-struggle-recover-altcoins-red.htm", "image_url": "https://crypto.snapi.dev/images/v1/v/o/whats-next-for-bitcoin-prices-after-their-latest-gains-116252-116372.jpg", "title": "Bitcoin and Ethereum Struggle to Recover, Altcoins in Red", "text": "Bitcoin price declined over 7% in a day and there was a clear move below the USD 40,000 support. It is currently (11:55 UTC) trading below USD 39,500 and there is a risk of more downsides.", "source_name": "Cryptonews", "date": "Thu, 10 Mar 2022 07:08:00 -0500", "topics": [], "sentiment": "Negative", "type": "Article", "tickers": ["BTC", "ETH"]}, {"news_url": "https://www.dcforecasts.com/bitcoin-news/kraken-will-give-away-10m-worth-of-btc-to-ukraine-report/", "image_url": "https://crypto.snapi.dev/images/v1/z/d/jesse-powell-116364.png", "title": "Kraken Will Give Away $10M Worth Of BTC To Ukraine: Report", "text": "Crypto exchange Kraken will give away $10M worth of BTC to the people in Ukraine affected by the war with Russia, as we can see more today in our latest Bitcoin news today. The leading crypto exchange Kraken will give away $10 million in BTC to Ukrainian citizens who opened an account before March 10th.", "source_name": "DCForecasts", "date": "Thu, 10 Mar 2022 06:51:06 -0500", "topics": [], "sentiment": "Neutral", "type": "Article", "tickers": ["BTC"]}, {"news_url": "https://www.newsbtc.com/news/bitcoin-on-course-to-hit-100k/", "image_url": "https://crypto.snapi.dev/images/v1/n/d/bitcoin-116363.jpg", "title": "Bitcoin On Course To Hit $100K Nine Months From Now, Bitbull CEO Predicts", "text": "Even in times of war, the intrigue and enigma that have always surrounded Bitcoin \u2013 the world's most sought-after digital asset \u2013 still hog the headlines. In cases like these, Russia's protracted invasion of Ukraine has put the entire cryptocurrency market to the test multiple times over.", "source_name": "NewsBTC", "date": "Thu, 10 Mar 2022 06:50:43 -0500", "topics": [], "sentiment": "Neutral", "type": "Article", "tickers": ["BTC"]}, {"news_url": "https://cryptonews.com/news/final-countdown-ethereum-merge-begins-as-configs-for-last-public-testnet-go-live.htm", "image_url": "https://crypto.snapi.dev/images/v1/b/1/adobestock-1-1-1-116362.jpg", "title": "Final Countdown to Ethereum Merge Begins as Configs for the Last Public Testnet Go Live", "text": "Ethereum (ETH) took another step towards the Merge, when the current Ethereum Mainnet will \"merge\" with the beacon chain proof-of-stake (PoS) system -- as configurations for Kiln, the last public testnet before switching to the PoS mining algorithm, have been published.", "source_name": "Cryptonews", "date": "Thu, 10 Mar 2022 06:49:00 -0500", "topics": [], "sentiment": "Neutral", "type": "Article", "tickers": ["ETH"]}, {"news_url": "https://en.cryptonomist.ch/2022/03/10/pompliano-bitcoin-mining-will-lead-energy-independence/", "image_url": "https://crypto.snapi.dev/images/v1/7/f/bitcoin-energy-2-1-300x200-116368.jpg", "title": "Pompliano: Bitcoin mining will lead to energy independence", "text": "A statement that may have something to do with the exploitation of excess energy", "source_name": "The Cryptonomist", "date": "Thu, 10 Mar 2022 06:39:19 -0500", "topics": ["mining"], "sentiment": "Neutral", "type": "Article", "tickers": ["BTC"]}, {"news_url": "https://u.today/this-ethereum-balance-exceeded-10-million-eth-heres-what-it-is?SNAPI", "image_url": "https://crypto.snapi.dev/images/v1/l/z/13215-116349.jpg", "title": "This Ethereum Balance Exceeded 10 Million ETH, Here's What It Is", "text": "This contract now contains over 10 million coins and the price action might be tied to it", "source_name": "UToday", "date": "Thu, 10 Mar 2022 06:30:00 -0500", "topics": [], "sentiment": "Neutral", "type": "Article", "tickers": ["ETH"]}, {"news_url": "https://cryptonews.com/news/bitcoin-ethereum-slide-liquidations-soar-as-market-awaits-us-inflation-numbers.htm", "image_url": "https://crypto.snapi.dev/images/v1/v/x/bitcoin-2007769-1920-166-115748-116337.jpg", "title": "Bitcoin, Ethereum Slide, Liquidations Soar as Market Awaits US Inflation Numbers", "text": "Bitcoin (BTC), ethereum (ETH), and much of the broader crypto market traded sharply lower today, with liquidations of leveraged long positions amplifying the price drop. The crash comes as the market prepares for yet another high US inflation figure, and follows a jump in prices yesterday after details on an Executive Order on crypto in the US became known.", "source_name": "Cryptonews", "date": "Thu, 10 Mar 2022 06:11:00 -0500", "topics": [], "sentiment": "Negative", "type": "Article", "tickers": ["BTC", "ETH"]}, {"news_url": "https://investorplace.com/2022/03/7-major-cryptos-looking-for-direction-amid-turmoil/", "image_url": "https://crypto.snapi.dev/images/v1/k/a/kanchanara-4kjjezdyo3m-unsplash-scaled-115695-116356.jpg", "title": "7 Major Cryptos Looking for Direction Amid the Turmoil", "text": "With geopolitical tensions bringing forth harsh realities to the forefront, these major cryptos will likely experience a significant impact.", "source_name": "Investorplace", "date": "Thu, 10 Mar 2022 06:06:21 -0500", "topics": [], "sentiment": "Neutral", "type": "Article", "tickers": ["ADA", "BTC", "DOGE", "ETH", "LUNA", "SOL", "USDT"]}, {"news_url": "https://bitcoinist.com/goldman-sachs-offer-ethereum-funds-galaxy-digital/", "image_url": "https://crypto.snapi.dev/images/v1/p/k/goldman-sachs-startup-talky-3-640x373-116335.jpg", "title": "Goldman Sachs Will Now Offer Its Clients Ethereum Funds Via Galaxy Digital", "text": "Goldman Sachs will be offering its clients access to Ethereum Funds through Galaxy Digital's Institutional Ethereum Fund. This was reported from the regulatory documents filed with the U.S Securities and Exchange Commission (SEC).", "source_name": "Bitcoinist", "date": "Thu, 10 Mar 2022 06:00:08 -0500", "topics": [], "sentiment": "Neutral", "type": "Article", "tickers": ["ETH"]}, {"news_url": "https://www.benzinga.com/markets/cryptocurrency/22/03/26074575/morgan-stanley-now-owns-more-shares-in-worlds-largest-bitcoin-fund-than-cathie-woods-ark?SNAPI", "image_url": "https://crypto.snapi.dev/images/v1/j/i/bs-9-116336.jpeg", "title": "Morgan Stanley Now Owns More Shares In World's Largest Bitcoin Fund Than Cathie Wood's Ark", "text": "Wall Street banking giant Morgan Stanley (NYSE: MS) has been increasing its stake in the world's largest Bitcoin (CRYPTO: BTC) fund \u2014the Grayscale Bitcoin Trust", "source_name": "Benzinga", "date": "Thu, 10 Mar 2022 05:59:00 -0500", "topics": [], "sentiment": "Neutral", "type": "Article", "tickers": ["BTC"]}, {"news_url": "https://coinpedia.org/price-analysis/bitcoin-primed-to-breakout-on-28th-march-btc-price-may-hit-50k-very-soon/", "image_url": "https://crypto.snapi.dev/images/v1/g/7/whats-next-for-bitcoin-prices-after-their-latest-gains-116252-116331.jpg", "title": "Bitcoin Primed to Breakout on 28th March, BTC Price May Hit $50K Very Soon!", "text": "The crypto space is manifesting extreme price movements in both directions. The Bitcoin price was manifesting the possibilities of smashing $45,000 till very recent times. And currently feared to lose another 25% in the upcoming days. However, while the bearish scenario has made huge rounds, some factors point out a strong breakout on 28th March \u2026", "source_name": "CoinPedia", "date": "Thu, 10 Mar 2022 05:53:17 -0500", "topics": [], "sentiment": "Positive", "type": "Article", "tickers": ["BTC"]}, {"news_url": "https://www.cryptoglobe.com/latest/2022/03/raoul-pal-on-btc-ignore-short-term-noise-focus-on-exponential-long-term-trend/", "image_url": "https://crypto.snapi.dev/images/v1/h/r/ethereum-6293700-1920-116332.jpg", "title": "Raoul Pal on BTC: Ignore Short-Term \u2018Noise', Focus on \u2018Exponential' Long-Term Trend", "text": "On Wednesday (March 9), former Goldman Sachs executive\u00a0Raoul Pal\u00a0shared his latest thoughts on Bitcoin and Ethereum. Prior to founding macro economic and investment strategy research service\u00a0Global Macro Investor (GMI)\u00a0in 2005, Pal\u00a0co-managed the GLG Global Macro Fund in London for global asset management firm GLG Partners (which is now called \u201cMan GLG\u201d). Before that, Pal worked [\u2026]", "source_name": "CryptoGlobe", "date": "Thu, 10 Mar 2022 05:47:01 -0500", "topics": [], "sentiment": "Neutral", "type": "Article", "tickers": ["BTC"]}, {"news_url": "https://decrypt.co/94764/bitcoin-drops-below-40000-as-crypto-stocks-rally", "image_url": "https://crypto.snapi.dev/images/v1/o/y/shutterstock-1015835761-gid-6-116328.jpg", "title": "Bitcoin Drops Below $40,000 as Crypto Stocks Rally", "text": "While Bitcoin shed fresh gains after the Biden administration signed its plans for the industry, crypto stocks have enjoyed an ongoing rally.", "source_name": "Decrypt", "date": "Thu, 10 Mar 2022 05:35:58 -0500", "topics": [], "sentiment": "Negative", "type": "Article", "tickers": ["BTC"]}, {"news_url": "https://www.theblockresearch.com/layer-by-layer-issue-23-solana-near-and-polkadot-137203", "image_url": "https://crypto.snapi.dev/images/v1/r/l/20210723-layer-by-layer-research-797x450-116314.jpg", "title": "Layer by Layer Issue 23: Solana, NEAR, and Polkadot", "text": "Quick Take In this weekly series, we dive into some of the most interesting data and developments across the Layer 1 blockchain landscape, from DeFi and bridges to network activity and funding Within L1 ecosystems with significant TVL, DeFi protocols continue to face the challenge of attracting and directing liquidity within their ecosystems As cross-chain infrastructure continues to be optimized, DeFi products like stablecoins and liquid-staked tokens may offer a chance for newly launched blockchains with smaller ecosystems to promote user activity and boost their connectivity with other networks This week, we take a look at Solana, NEAR, and Polkadot", "source_name": "The Block", "date": "Thu, 10 Mar 2022 05:27:08 -0500", "topics": [], "sentiment": "Neutral", "type": "Article", "tickers": ["DOT", "SOL", "NEAR"]}, {"news_url": "https://cryptopotato.com/satoshi-era-bitcoin-address-with-20-million-worth-of-btc-activated-after-11-years/", "image_url": "https://crypto.snapi.dev/images/v1/4/7/photo-2020-12-08-10-49-26-min-116309.jpg", "title": "Satoshi-Era Bitcoin Address With $20 Million Worth of BTC Activated After 11 Years", "text": "An address containing around $200 million worth of BTC has been activated for the first time in 11 years.", "source_name": "CryptoPotato", "date": "Thu, 10 Mar 2022 05:26:11 -0500", "topics": [], "sentiment": "Neutral", "type": "Article", "tickers": ["BTC"]}, {"news_url": "https://coinpedia.org/bitcoin/bitcoin-btc-price-might-drop-to-36k-level/", "image_url": "https://crypto.snapi.dev/images/v1/r/a/crypto10-116306.jpg", "title": "Bitcoin (BTC) Price To Retest $36k Level? Here's What Next For BTC Price", "text": "The Crypto Markets slow down after rallying yesterday after US Treasury secretary's comments on Biden's executive order leaked prematurely. Bitcoin Price was down more than 6% trading at $39,086. Major altcoins like Ethereum\u00a0(ETH) and\u00a0XRP\u00a0were also trading lower. Bitcoin Price Analysis Bitcoin (BTC) market has seen another short-lived surge in a display of market volatility. The \u2026", "source_name": "CoinPedia", "date": "Thu, 10 Mar 2022 05:18:33 -0500", "topics": [], "sentiment": "Neutral", "type": "Article", "tickers": ["BTC"]}, {"news_url": "https://u.today/whales-scoop-up-massive-amounts-of-bitcoin-ethereum-and-shib-as-prices-fall-details?SNAPI", "image_url": "https://crypto.snapi.dev/images/v1/6/k/13214-116307.jpg", "title": "Whales Scoop Up Massive Amounts of Bitcoin, Ethereum and SHIB as Prices Fall: Details", "text": "As price dips, whales grab significant amount of Bitcoin, ETH and SHIB: details", "source_name": "UToday", "date": "Thu, 10 Mar 2022 05:18:00 -0500", "topics": ["whales"], "sentiment": "Neutral", "type": "Article", "tickers": ["BTC", "ETH", "SHIB"]}, {"news_url": "https://dailyhodl.com/2022/03/10/fantom-ftm-curve-crv-and-five-altcoins-are-flashing-bullish-signals-as-bitcoin-plateaus-analytics-firm/", "image_url": "https://crypto.snapi.dev/images/v1/7/h/fantom-curve-flashing-bulljpgfit10242c600ssl1-116334.jpg", "title": "Fantom (FTM), Curve (CRV) and Five Altcoins Are Flashing Bullish Signals As Bitcoin Plateaus: Analytics Firm", "text": "A top crypto analytics firm is listing seven altcoins that it considers to be currently severely oversold. In a tweet, Santiment says that Fantom (FTM), Curve DAO Token (CRV), 1inch (1INCH), Enjin (ENJ), Chiliz (CHZ), Loopring (LRC) and Skale (SKL) are in a \u201chistorically good buy zone.\u201d The analytics firm also says\u00a0there's a likelihood that [\u2026] The post Fantom (FTM), Curve (CRV) and Five Altcoins Are Flashing Bullish Signals As Bitcoin Plateaus: Analytics Firm appeared first on The Daily Hodl.", "source_name": "The Daily Hodl", "date": "Thu, 10 Mar 2022 05:15:42 -0500", "topics": [], "sentiment": "Positive", "type": "Article", "tickers": ["BTC", "CRV", "FTM"]}, {"news_url": "https://coinpedia.org/bitcoin/bitcoin-price-may-face-a-25-correction-is-the-executive-order-a-threat-to-btc-eth/", "image_url": "https://crypto.snapi.dev/images/v1/o/g/crypto9-116300.jpg", "title": "Bitcoin Price On Its Way Towards A 25% Correction! Is The Executive Order A Threat To BTC And ETH?", "text": "The world of cryptocurrencies has come across a major turn, which is one of the imperative ones in its history. The turn comes following the executive order by the White House, around digital assets. Wherefore, the crypto town finds growing discussions around the executive order. However, the price metrics of Bitcoin, Ethereum, and the broader \u2026", "source_name": "CoinPedia", "date": "Thu, 10 Mar 2022 05:04:30 -0500", "topics": [], "sentiment": "Negative", "type": "Article", "tickers": ["BTC"]}, {"news_url": "https://cointelegraph.com/news/honey-i-orange-pilled-the-kids-btc-children-s-authors-on-learning-about-money", "image_url": "https://crypto.snapi.dev/images/v1/h/7/840-ahr0chm6ly9zmy5jb2ludgvszwdyyxbolmnvbs91cgxvywrzlziwmjitmdmvyziznjk0ztqtzmfjnc00mtbjltkxy2etnmuxytvmnmzim2m0lmpwzw-116302.jpg", "title": "Honey, I orange-pilled the kids! BTC children's authors on learning about money", "text": "Three Bitcoin children's authors share the keys to teaching about Bitcoin and money, explaining why it's important to do so from a young age.", "source_name": "Cointelegraph", "date": "Thu, 10 Mar 2022 05:03:49 -0500", "topics": [], "sentiment": "Neutral", "type": "Article", "tickers": ["BTC"]}, {"news_url": "https://cryptopotato.com/100-billion-evaporated-as-bitcoin-price-fully-retraced-the-biden-pump-market-watch/", "image_url": "https://crypto.snapi.dev/images/v1/w/j/bitcoin-cover-1-116297.jpg", "title": "$100 Billion Evaporated as Bitcoin Price Fully Retraced the Biden Pump (Market Watch)", "text": "In what seems to be a classic Bart pattern, Bitcoin lost all of yesterday's gains as the market shed some $100 billion in the process.", "source_name": "CryptoPotato", "date": "Thu, 10 Mar 2022 04:45:45 -0500", "topics": [], "sentiment": "Negative", "type": "Article", "tickers": ["BTC"]}], "total_pages": 42}