{"data": [{"news_url": "https://cryptopotato.com/accumulation-bitcoin-whale-addresses-reach-10-month-high/", "image_url": "https://crypto.snapi.dev/images/v1/l/k/bitcoin-whale-cover-1-113590.jpg", "title": "Accumulation: Bitcoin Whale Addresses Reach 10-Month High", "text": "Bitcoin addresses containing more than 100 and 1,000 coins spiked suddenly and tapped new multi-month highs.", "source_name": "CryptoPotato", "date": "Tue, 01 Mar 2022 13:00:31 -0500", "topics": ["whales"], "sentiment": "Positive", "type": "Article", "tickers": ["BTC"]}, {"news_url": "https://www.newsbtc.com/news/bitcoin/bitcoin-dominates-altcoins-during-war-torn-month-of-february/", "image_url": "https://crypto.snapi.dev/images/v1/a/d/bitcoin-btc-btcusd-4-113588.jpg", "title": "Bitcoin Dominates Altcoins During War-Torn Month Of February", "text": "Bitcoin has been rallying during the past 24-hours as the situation in Ukraine turns for the worst. The Russian Federation continues its attack on the Ukrainian territory.", "source_name": "NewsBTC", "date": "Tue, 01 Mar 2022 13:00:21 -0500", "topics": [], "sentiment": "Positive", "type": "Article", "tickers": ["BTC"]}, {"news_url": "https://cryptodaily.co.uk/2022/03/btc-usd-eyeing-46710-on-climb-higher-sally-ho-technical-analysis-2-march-2022-btc-bitcoin", "image_url": "https://crypto.snapi.dev/images/v1/o/v/bitcoin-futures-exchanges-cme-money-trading-gid-5-113157-113591.jpg", "title": "BTC/USD Eyeing 46710 on Climb Higher: Sally Ho's Technical Analysis 2 March 2022 BTC", "text": "Bitcoin (BTC/USD) worked to sustain recent gains early in the Asian session as the pair traded as high as the 44240.77 area after recently escalating higher from the 37020 level, with the interday high representing a test of the 76.4% retracement of the appreciating range from 37300 to 69000.\u00a0 \u00a0Stops were elected above the 40782, 42308, and 42538 areas during the rapid climb, representing the 61.8%, 76.4%, and 78.6% retracements of the recent depreciating range from 44775.96 to 34322.", "source_name": "Crypto Daily", "date": "Tue, 01 Mar 2022 13:00:00 -0500", "topics": ["tanalysis"], "sentiment": "Positive", "type": "Article", "tickers": ["BTC"]}, {"news_url": "https://dailyhodl.com/2022/03/01/bitcoin-rally-to-44000-triggers-312000000-in-liquidations-analyst-outlines-whats-next-for-btc/", "image_url": "https://crypto.snapi.dev/images/v1/l/s/bitcoin-sell-off-sightjpgfit10242c600ssl1-113609.jpg", "title": "Bitcoin Rally to $44,000 Triggers $312,000,000 in Liquidations \u2013 Analyst Outlines What's Next for BTC", "text": "Tens of thousands of crypto traders had their positions liquidated as Bitcoin (BTC) and the digital asset market ignited a sudden explosion. Data from derivatives trading analytics platform Coinglass reveals that on February 28th, $312.70 million worth of long and short positions were liquidated as Bitcoin abruptly rallied from a 24-hour low of $37,604 to [\u2026] The post Bitcoin Rally to $44,000 Triggers $312,000,000 in Liquidations \u2013 Analyst Outlines What's Next for BTC appeared first on The Daily Hodl.", "source_name": "The Daily Hodl", "date": "Tue, 01 Mar 2022 12:55:02 -0500", "topics": [], "sentiment": "Positive", "type": "Article", "tickers": ["BTC"]}, {"news_url": "https://cryptonews.com/news/can-you-mine-bitcoin-iphone.htm", "image_url": "https://crypto.snapi.dev/images/v1/n/1/img-20220217-104949-550-113583.jpg", "title": "Can You Mine Bitcoin on Your iPhone?", "text": "Disclaimer: The text below is an advertorial article that was not written by Cryptonews.com journalists.", "source_name": "Cryptonews", "date": "Tue, 01 Mar 2022 12:49:00 -0500", "topics": [], "sentiment": "Neutral", "type": "Article", "tickers": ["BTC"]}, {"news_url": "https://www.youtube.com/watch?v=wLxN_K4zWB0", "image_url": "https://crypto.snapi.dev/images/v1/m/2/crypto-conditions-are-ripe-for-bitcoin-adoption-right-now-coindesk-editor-says-113587.jpg", "title": "Crypto: \u2018Conditions are ripe for bitcoin adoption right now,' CoinDesk editor says", "text": "#Crypto #bitcoin #bitcoinprice CoinDesk Global Macro Editor & CoinDesk TV Anchor Emily Parker joins Yahoo Finance's Brian Cheung to discuss bitcoin rebounding, the Russian economy, and the outlook for cryptocurrency. Don't Miss: Valley of Hype: The Culture That Built Elizabeth Holmes WATCH HERE: https://youtu.be/Sb179GLPNYE Watch the 2021 Berkshire Hathaway Annual Shareholders Meeting on YouTube: https://youtu.be/gx-OzwHpM9k Subscribe to Yahoo Finance: https://yhoo.it/2fGu5Bb About Yahoo Finance: At Yahoo Finance, you get free stock quotes, up-to-date news, portfolio management resources, international market data, social interaction and mortgage rates that help you manage your financial life.", "source_name": "Yahoo Finance", "date": "Tue, 01 Mar 2022 12:46:43 -0500", "topics": [], "sentiment": "Positive", "type": "Video", "tickers": ["BTC"]}, {"news_url": "https://www.investingcube.com/solana-price-prediction-recovery-move-opens-the-door-towards-116-shares/", "image_url": "https://crypto.snapi.dev/images/v1/n/i/solana-1-113580.png", "title": "Solana Price Prediction (ADA): Recovery Move Opens the Door Towards $116", "text": "The break of a key resistance barrier by Monday's 16% gain has boosted Solana price predictions, with $116 set to become the new target.", "source_name": "InvestingCube", "date": "Tue, 01 Mar 2022 12:38:08 -0500", "topics": [], "sentiment": "Positive", "type": "Article", "tickers": ["SOL"]}, {"news_url": "https://cointelegraph.com/news/3-reasons-why-bitcoin-price-rallied-toward-45k-entering-march", "image_url": "https://crypto.snapi.dev/images/v1/s/j/840-ahr0chm6ly9zmy5jb2ludgvszwdyyxbolmnvbs91cgxvywrzlziwmjitmdmvoty2yzvlmtctmjdjni00zdbmlthlytktowzjndvhmgy0nzqwlmpwzw-113581.jpg", "title": "3 reasons why Bitcoin price rallied toward $45K entering March", "text": "The gains accompanied a sharp overnight spike in the number of Bitcoin whale addresses.", "source_name": "Cointelegraph", "date": "Tue, 01 Mar 2022 12:36:32 -0500", "topics": [], "sentiment": "Positive", "type": "Article", "tickers": ["BTC"]}, {"news_url": "https://ambcrypto.com/mapping-the-growth-of-this-built-for-a-purpose-bitcoin-etf/", "image_url": "https://crypto.snapi.dev/images/v1/3/x/valentin-farkasch-gctgp86mhnq-unsplash-113578.jpg", "title": "Mapping the growth of this built for a \u2018Purpose' Bitcoin ETF", "text": "Bitcoin, the world's largest cryptocurrency, has been in the news a lot recently thanks to its price action struggles. Despite these concerns, however, the demand for Bitcoin ETFs has remained strong.", "source_name": "AMBCrypto", "date": "Tue, 01 Mar 2022 12:30:49 -0500", "topics": [], "sentiment": "Neutral", "type": "Article", "tickers": ["BTC"]}, {"news_url": "https://beincrypto.com/is-the-current-bitcoin-btc-increase-a-short-squeeze/", "image_url": "https://crypto.snapi.dev/images/v1/a/s/bitcoin-on-chain-113584.png", "title": "On-Chain Analysis: Is the Current Bitcoin (BTC) Increase a Short Squeeze?", "text": "BeInCrypto takes a look at Bitcoin (BTC) indicators that relate to the derivatives and spot markets, in order to determine where the demand for the current price increase is coming from. The post On-Chain Analysis: Is the Current Bitcoin (BTC) Increase a Short Squeeze?", "source_name": "BeInCrypto", "date": "Tue, 01 Mar 2022 12:30:00 -0500", "topics": [], "sentiment": "Neutral", "type": "Article", "tickers": ["BTC"]}, {"news_url": "https://cointelegraph.com/news/cme-group-plans-to-launch-micro-sized-bitcoin-and-ether-options", "image_url": "https://crypto.snapi.dev/images/v1/n/7/840-ahr0chm6ly9zmy5jb2ludgvszwdyyxbolmnvbs91cgxvywrzlziwmjitmdmvnmfkmdq3zditzja3mi00ode4ltk1owitywu0owe4zjflogm5lmpwzw-113579.jpg", "title": "CME Group plans to launch micro-sized Bitcoin and Ether options", "text": "The futures options, expected to start trading on March 28, will come more than two years after the CME Group launched a BTC options trading product in January 2020.", "source_name": "Cointelegraph", "date": "Tue, 01 Mar 2022 12:30:00 -0500", "topics": [], "sentiment": "Positive", "type": "Article", "tickers": ["BTC", "ETH"]}, {"news_url": "https://www.fool.com/investing/2022/03/01/3-cryptocurrencies-that-are-down-35-and-ready-to-p/", "image_url": "https://crypto.snapi.dev/images/v1/c/r/crypto6-113352-113617.jpg", "title": "3 Cryptocurrencies That Are Down 35% and Ready to Pop", "text": "Down between 35% and 44%, these three cryptos are starting to bounce back.", "source_name": "The Motley Fool", "date": "Tue, 01 Mar 2022 12:29:00 -0500", "topics": [], "sentiment": "Positive", "type": "Article", "tickers": ["BTC", "ETH", "MATIC"]}, {"news_url": "https://www.dcforecasts.com/bitcoin-news/btcs-trading-volumes-in-russia-and-ukraine-surge-analysis/", "image_url": "https://crypto.snapi.dev/images/v1/b/7/crypto4-113345-113577.jpg", "title": "BTC's Trading Volumes In Russia And Ukraine Surge: Analysis", "text": "BTC's trading volume in Russia and Ukraine is surging as the ruble reaches historic low levels so let's take a closer look at today's bitcoin news. BTC's trading volumes in Russia and Ukraine surge to a new high which is possibly the highest level in almost a year.", "source_name": "DCForecasts", "date": "Tue, 01 Mar 2022 12:27:59 -0500", "topics": [], "sentiment": "Positive", "type": "Article", "tickers": ["BTC"]}, {"news_url": "https://coinpedia.org/bitcoin/attention-traders-bitcoin-btc-price-displays-a-possibility-of-a-plunge/", "image_url": "https://crypto.snapi.dev/images/v1/x/r/major-cryptocurrenciesincluding-bitcoin-etherrise-amid-fears-russia-will-evade-sanctions-with-crypto-113438-113576.jpg", "title": "Attention Traders, Bitcoin(BTC) Price Displays a Possibility of Plunging to These Support Zones!", "text": "The bitcoin price rose high notably and is currently attempting very hard to maintain a significant uptrend. However, the BTC price is yet again flashing signals of plunging down to the lower support yet again. The star crypto is swinging in a similar fashion for the past couple of months. As it attempts to hit \u2026", "source_name": "CoinPedia", "date": "Tue, 01 Mar 2022 12:25:51 -0500", "topics": [], "sentiment": "Negative", "type": "Article", "tickers": ["BTC"]}, {"news_url": "https://coingape.com/?p=102522", "image_url": "https://crypto.snapi.dev/images/v1/s/h/shutterstock-1849145665-1024x576-1-105190-113575.jpg", "title": "Polkadot's Founder Donates Ukraine $5.7 Million; Total Crypto Donations Surpass $22 Million", "text": "The Ukrainian government has continued to receive crypto donations. Gavin Wood, the founder of Polkadot (DOT), has just sent $5.7 million to the country's wallet, fulfilling a promise he made earlier.", "source_name": "Coingape", "date": "Tue, 01 Mar 2022 12:15:55 -0500", "topics": [], "sentiment": "Neutral", "type": "Article", "tickers": ["DOT"]}, {"news_url": "https://www.cryptopolitan.com/bitcoin-price-analysis-2022-03-01/", "image_url": "https://crypto.snapi.dev/images/v1/v/r/bitcoin-price-analysis-2022-03-01-113568.png", "title": "Bitcoin price analysis: BTC breaks to $44,500 next major resistance, reversal to follow?", "text": "TL;DR Breakdown Bitcoin price analysis is bearish today. BTC/USD spiked to $44,500.", "source_name": "Cryptopolitan", "date": "Tue, 01 Mar 2022 12:02:10 -0500", "topics": ["tanalysis"], "sentiment": "Positive", "type": "Article", "tickers": ["BTC"]}, {"news_url": "https://bitcoinist.com/bitcoin-holders-continue-to-absorb-coins-dumped-by-panic-sellers/", "image_url": "https://crypto.snapi.dev/images/v1/y/e/bitcoin-640x384-113567.jpeg", "title": "Bitcoin Holders Continue To Absorb Coins Dumped By Panic-Sellers", "text": "Bitcoin holders are growing by the day. With the digital asset's history, most investors have realized that to make returns, holding is the best way to go.", "source_name": "Bitcoinist", "date": "Tue, 01 Mar 2022 12:00:59 -0500", "topics": [], "sentiment": "Positive", "type": "Article", "tickers": ["BTC"]}, {"news_url": "https://www.newsbtc.com/analysis/btc/bitcoin-breaks-above-50-day-sma-will-btc-ride-it-out-to-50000/", "image_url": "https://crypto.snapi.dev/images/v1/v/q/bitcoin-scaled-113565.jpeg", "title": "Bitcoin Breaks Above 50-Day SMA, Will BTC Ride It Out To $50,000?", "text": "Bitcoin has broken above $44,000 once again. After a couple of weeks of low momentum, bitcoin has been able to begin another recovery trend that has seen it add over $4,000 to its price in the last day.", "source_name": "NewsBTC", "date": "Tue, 01 Mar 2022 12:00:00 -0500", "topics": ["tanalysis"], "sentiment": "Positive", "type": "Article", "tickers": ["BTC"]}, {"news_url": "https://www.youtube.com/watch?v=sKsFKIcDT3M", "image_url": "https://crypto.snapi.dev/images/v1/l/0/bitcoin-decoupling-from-risk-on-assets-113563.jpg", "title": "Bitcoin \u2018decoupling' from risk-on assets", "text": "#Bitcoin #Crypto Yahoo Finance's David Hollerith discusses bitcoin's correlation with risky assets as Russia-Ukraine tensions continue to rise. Don't Miss: Valley of Hype: The Culture That Built Elizabeth Holmes WATCH HERE: https://youtu.be/Sb179GLPNYE Watch the 2021 Berkshire Hathaway Annual Shareholders Meeting on YouTube: https://youtu.be/gx-OzwHpM9k Subscribe to Yahoo Finance: https://yhoo.it/2fGu5Bb About Yahoo Finance: At Yahoo Finance, you get free stock quotes, up-to-date news, portfolio management resources, international market data, social interaction and mortgage rates that help you manage your financial life.", "source_name": "Yahoo Finance", "date": "Tue, 01 Mar 2022 11:47:00 -0500", "topics": [], "sentiment": "Neutral", "type": "Video", "tickers": ["BTC"]}, {"news_url": "https://cryptonews.com/news/bitcoin-pushes-higher-again-with-ukraine-war-turning-into-great-test-case-for-btc.htm", "image_url": "https://crypto.snapi.dev/images/v1/v/9/adobestock-192882990-113561.jpg", "title": "Bitcoin Pushes Higher Again with Ukraine War Turning into \u2018Great Test Case' for BTC", "text": "Bitcoin (BTC) and the broader crypto market continued to rise strongly today, as more analysts drew a parallel between the current market action and bitcoin's role as sovereign money in a world heavily impacted by war and sanctions. According to the crypto exchange Bitfinex, the war in Ukraine could prove to be the first \u201cgreat test case\u201d for bitcoin.", "source_name": "Cryptonews", "date": "Tue, 01 Mar 2022 11:44:00 -0500", "topics": [], "sentiment": "Positive", "type": "Article", "tickers": ["BTC"]}, {"news_url": "https://blockonomi.com/whats-up-with-the-bitcoin-network/", "image_url": "https://crypto.snapi.dev/images/v1/w/f/bitcoin-1024x682-113560.jpg", "title": "What's up with the Bitcoin network?", "text": "Most discussions regarding cryptocurrency and blockchain do not mention Bitcoin all that much. There is tremendous excitement surrounding Ethereum and alternative chains, primarily due to NTs and DeFi.", "source_name": "Blockonomi", "date": "Tue, 01 Mar 2022 11:35:06 -0500", "topics": [], "sentiment": "Neutral", "type": "Article", "tickers": ["BTC"]}, {"news_url": "https://investorplace.com/2022/03/latest-bitcoin-news-why-is-btc-price-going-up-so-much-today/", "image_url": "https://crypto.snapi.dev/images/v1/r/8/crypto20-113558.jpg", "title": "Latest Bitcoin News: Why Is BTC Price Going Up So Much Today?", "text": "Bitcoin (BTC) is rising higher on Tuesday with the latest news being investors in Russia taking out larger stakes in the crypto.", "source_name": "Investorplace", "date": "Tue, 01 Mar 2022 11:30:57 -0500", "topics": [], "sentiment": "Positive", "type": "Article", "tickers": ["BTC"]}, {"news_url": "https://u.today/5163-billion-in-btc-held-by-these-wallets-after-recent-accumulation-intotheblock?SNAPI", "image_url": "https://crypto.snapi.dev/images/v1/z/c/13030-113557.jpg", "title": "$516.3 Billion in BTC Held by these Wallets After Recent Accumulation: IntoTheBlock", "text": "Long-term BTC owners have increased their holdings by over 4% in the past 30 days", "source_name": "UToday", "date": "Tue, 01 Mar 2022 11:30:00 -0500", "topics": [], "sentiment": "Positive", "type": "Article", "tickers": ["BTC"]}, {"news_url": "https://cryptopotato.com/ripple-price-analysis-xrp-breaks-above-critical-support-whats-the-next-target/", "image_url": "https://crypto.snapi.dev/images/v1/m/9/og-collateral-wide-1-109290-110898-113542.jpg", "title": "Ripple Price Analysis: XRP Breaks Above Critical Support, What's the Next Target?", "text": "XRP bounced back strongly after the crash last Thursday, and now the price is back above the critical support level.", "source_name": "CryptoPotato", "date": "Tue, 01 Mar 2022 11:16:37 -0500", "topics": ["tanalysis"], "sentiment": "Positive", "type": "Article", "tickers": ["XRP"]}, {"news_url": "https://coinpedia.org/price-analysis/xrp-price-breakout-is-imminent-these-are-the-expected-targets/", "image_url": "https://crypto.snapi.dev/images/v1/8/v/crypto19-113539.jpg", "title": "XRP Breakout is Imminent, These are the Expected Targets Which are Extremely Inflated than The ATH!", "text": "Well with the beginning of the monthly trade, most of the crypto assets are showcasing huge bullish momentum. The Bitcoin price sliced through the strong resistance and continues to remain consolidated within the higher levels. And hence the recent jump also pumped the XRP price too out of the consolidation. However, a significant buy signal \u2026", "source_name": "CoinPedia", "date": "Tue, 01 Mar 2022 11:16:19 -0500", "topics": [], "sentiment": "Positive", "type": "Article", "tickers": ["XRP"]}, {"news_url": "https://www.cryptopolitan.com/bitcoin-ethereum-avalanche-and-near-protocol-daily-price-analyses-1-march-morning-price-prediction/", "image_url": "https://crypto.snapi.dev/images/v1/f/o/roundup-1140-x-570-2022-04-1-113538.png", "title": "Bitcoin, Ethereum, Avalanche, and Near Protocol Daily Price Analyses \u2013 1 March Morning Price Prediction", "text": "TL;DR Breakdown The global crypto market continues to grow, adding 13.50% in the last 24 hours. Bitcoin has also changed the pace of gains, adding 17.01% in the last 24 hours.", "source_name": "Cryptopolitan", "date": "Tue, 01 Mar 2022 11:14:59 -0500", "topics": [], "sentiment": "Positive", "type": "Article", "tickers": ["AVAX", "BTC", "ETH", "NEAR"]}, {"news_url": "https://www.cryptopolitan.com/ethereum-price-analysis-2022-03-01/", "image_url": "https://crypto.snapi.dev/images/v1/w/a/ethereum-price-analysis-2022-03-01-113534.png", "title": "Ethereum price analysis: ETH spikes to $3,000, another swift retracement incoming?", "text": "TL;DR Breakdown Ethereum price analysis is bearish today. ETH/USD continued to rally overnight.", "source_name": "Cryptopolitan", "date": "Tue, 01 Mar 2022 11:13:43 -0500", "topics": ["tanalysis"], "sentiment": "Positive", "type": "Article", "tickers": ["ETH"]}, {"news_url": "https://www.dcforecasts.com/bitcoin-news/crypto-markets-surge-continues-as-btc-hits-43k-eth-nears-3k/", "image_url": "https://crypto.snapi.dev/images/v1/k/i/621ccbd4101faf0019296601formatjpeg-113092-113531.jpg", "title": "Crypto Markets Surge Continues As BTC Hits $43K, ETH nears $3K", "text": "Crypto markets surge continues as bitcoin hit a new price level of $43,000 and ETH nears $3,000 so let's take a closer look at today's latest altcoin news. It is all green all over this morning's market uptick that turned into a dramatic leap by most coins.", "source_name": "DCForecasts", "date": "Tue, 01 Mar 2022 11:12:02 -0500", "topics": [], "sentiment": "Positive", "type": "Article", "tickers": ["BTC", "ETH"]}, {"news_url": "https://www.dcforecasts.com/bitcoin-news/300m-liquidated-as-btc-sees-its-highest-daily-increase-since-2021/", "image_url": "https://crypto.snapi.dev/images/v1/t/n/tnpl33-113528.", "title": "$300M Liquidated As BTC Sees Its Highest Daily Increase Since 2021", "text": "$300M Liquidated as BTC sees its highest daily increase since February 2021 and the past 24 hours were volatile after soaring more than $6000 at one point to above $44,000 so let's read more in today's latest Bitcoin news. The enhanced price fluctuations in the market resulted in over $300M liquidated as BTC sees its [\u2026]", "source_name": "DCForecasts", "date": "Tue, 01 Mar 2022 11:06:03 -0500", "topics": [], "sentiment": "Positive", "type": "Article", "tickers": ["BTC"]}, {"news_url": "https://markets.businessinsider.com/news/currencies/ukraine-bitcoin-donations-cryptocurrencies-investing-prices-tom-lee-fundstrat-2022-3", "image_url": "https://crypto.snapi.dev/images/v1/4/g/106891609-1622708725570-gettyimages-871377486-ts067f48-113366-113529.jpeg", "title": "Ukraine asking for bitcoin donations is bullish for the cryptocurrency, veteran strategist Tom Lee says", "text": "\"Still think bitcoin is not useful?\" Fundstrat's Tom Lee wrote in a note to clients, after Ukraine asked for donations.", "source_name": "Business Insider", "date": "Tue, 01 Mar 2022 11:04:00 -0500", "topics": [], "sentiment": "Positive", "type": "Article", "tickers": ["BTC"]}, {"news_url": "https://www.youtube.com/watch?v=CT7DpN3HIl0", "image_url": "https://crypto.snapi.dev/images/v1/c/e/bitcoin-trading-volume-in-russia-and-ukraine-surges-as-conflict-continues-113554.jpg", "title": "Bitcoin trading volume in Russia and Ukraine surges as conflict continues", "text": "CNBC's Kate Rooney reports on cryptocurrency prices as a 'store of value'.", "source_name": "CNBC Television", "date": "Tue, 01 Mar 2022 11:03:42 -0500", "topics": [], "sentiment": "Positive", "type": "Video", "tickers": ["BTC"]}, {"news_url": "https://cryptoslate.com/ukraine-post-dot-address-hence-polkadots-gavin-wood-donates-5-7m/", "image_url": "https://crypto.snapi.dev/images/v1/b/p/ukraine-gavin-wood-113517.jpg", "title": "Ukraine post DOT address, hence Polkadot's Gavin Wood donates $5.7M", "text": "As the war in Ukraine continues and unfolds, with terrible consequences for the country's population, people and organizations around the world line up to donate to the Ukrainian war effort and its military force's defense of the country against their Russian adversary. The post Ukraine post DOT address, hence Polkadot's Gavin Wood donates $5.7M appeared first on CryptoSlate.", "source_name": "CryptoSlate", "date": "Tue, 01 Mar 2022 11:02:24 -0500", "topics": [], "sentiment": "Positive", "type": "Article", "tickers": ["DOT"]}, {"news_url": "https://u.today/options-on-micro-btc-and-micro-eth-futures-to-launch-in-march-cme?SNAPI", "image_url": "https://crypto.snapi.dev/images/v1/k/4/13026-113513.jpg", "title": "Options on Micro BTC and Micro ETH Futures to Launch in March: CME", "text": "CME Group intends to roll out options on their Micro Bitcoin and Micro ETH futures at the end of the month", "source_name": "UToday", "date": "Tue, 01 Mar 2022 10:42:00 -0500", "topics": ["futures"], "sentiment": "Positive", "type": "Article", "tickers": ["BTC"]}, {"news_url": "https://www.cryptoninjas.net/2022/03/01/march-28-cme-group-launching-options-on-micro-bitcoin-and-micro-ether-futures/", "image_url": "https://crypto.snapi.dev/images/v1/b/i/bitcoin-ether-micro-options-cryptoninjas-cme-group-113527.jpg", "title": "March 28: CME Group launching options on Micro Bitcoin and Micro Ether futures", "text": "CME Group, a leading derivatives marketplace, today announced its plans to launch options on Micro Bitcoin and Micro Ether futures on March 28th. The new Micro Bitcoin and Micro Ether options contracts will be one-tenth of their respective underlying tokens in size and will offer more ways to manage exposure to the top two cryptocurrencies [\u2026] The post March 28: CME Group launching options on Micro Bitcoin and Micro Ether futures appeared first on CryptoNinjas.", "source_name": "CryptoNinjas", "date": "Tue, 01 Mar 2022 10:40:14 -0500", "topics": ["futures"], "sentiment": "Positive", "type": "Article", "tickers": ["BTC", "ETH"]}, {"news_url": "https://invezz.com/news/2022/03/01/many-companies-are-considering-adding-btc-as-a-payment-method-how-will-that-shape-its-future/", "image_url": "https://crypto.snapi.dev/images/v1/6/m/btc003-113512.jpg", "title": "Many companies are considering adding BTC as a payment method; how will that shape its future?", "text": "Bitcoin BTC/USD is the largest token in terms of market capitalization. However, the same can be said about its volatility, as it has seen huge spikes and dips in value as of recently. However, as more and more companies are aiming to adopt cryptocurrency as a payment option or simply as an offering throughout their [\u2026] The post Many companies are considering adding BTC as a payment method; how will that shape its future? appeared first on Invezz.", "source_name": "Invezz", "date": "Tue, 01 Mar 2022 10:32:46 -0500", "topics": [], "sentiment": "Positive", "type": "Article", "tickers": ["BTC"]}, {"news_url": "https://www.reuters.com/technology/exchange-operator-cme-launch-micro-versions-bitcoin-ether-options-2022-03-01/", "image_url": "https://crypto.snapi.dev/images/v1/b/d/wz5a3jcogboqffckdfql5sltma-113511.jpg", "title": "Exchange operator CME to launch 'micro' versions of bitcoin, ether options", "text": "Futures exchange operator CME Group Inc is planning to launch micro bitcoin and ether options later this month to boost its appeal among retail traders, the company said on Tuesday.", "source_name": "Reuters", "date": "Tue, 01 Mar 2022 10:29:00 -0500", "topics": [], "sentiment": "Positive", "type": "Article", "tickers": ["BTC", "ETH"]}, {"news_url": "https://cryptopotato.com/bitcoin-facing-huge-resistance-breakout-could-send-btc-to-50k-bitcoin-price-analysis/", "image_url": "https://crypto.snapi.dev/images/v1/p/o/bitcoin14-113216-113507.jpg", "title": "Bitcoin Facing Huge Resistance, Breakout Could Send BTC to $50K (Bitcoin Price Analysis)", "text": "Bitcoin has surprised everyone once again. Last week, things seemed very bearish for risk assets as the Russian invasion started, followed by a massive collapse of the global markets and Bitcoin.", "source_name": "CryptoPotato", "date": "Tue, 01 Mar 2022 10:27:48 -0500", "topics": ["tanalysis"], "sentiment": "Positive", "type": "Article", "tickers": ["BTC"]}, {"news_url": "https://cointelegraph.com/news/bitcoin-analysts-eye-crucial-levels-to-hold-after-btc-price-almost-hits-45k-ethereum-3k", "image_url": "https://crypto.snapi.dev/images/v1/9/m/840-ahr0chm6ly9zmy5jb2ludgvszwdyyxbolmnvbs91cgxvywrzlziwmjitmdmvytgxm2m4ndetnzu3ny00otliltkxogqtyjbmmwqwmddmmjbllmpwzw-113506.jpg", "title": "Bitcoin analysts eye crucial levels to hold after BTC price almost hits $45K, Ethereum $3K", "text": "The Wall Street open challenges Bitcoin price strength, with thousands of dollars added in the past 24 hours.", "source_name": "Cointelegraph", "date": "Tue, 01 Mar 2022 10:24:39 -0500", "topics": [], "sentiment": "Positive", "type": "Article", "tickers": ["BTC", "ETH"]}, {"news_url": "https://news.bitcoin.com/bitcoin-ethereum-technical-analysis-eth-over-3000-btc-nears-45000-as-bulls-return/", "image_url": "https://crypto.snapi.dev/images/v1/h/1/shutterstock-1030451626-768x432-113505.png", "title": "Bitcoin, Ethereum Technical Analysis: ETH Over $3,000, BTC Nears $45,000 as Bulls Return", "text": "Ethereum climbed over the $3,000 level on Tuesday, as crypto bulls returned in full force, following weeks of market tension. Bitcoin also rallied, with prices nearing $45,000 and cryptocurrency markets as a whole trading over 14% higher. Bitcoin The world's largest cryptocurrency was one of the biggest gainers in the top ten on Tuesday, as [\u2026]", "source_name": "Bitcoin", "date": "Tue, 01 Mar 2022 10:23:05 -0500", "topics": ["tanalysis"], "sentiment": "Positive", "type": "Article", "tickers": ["BTC", "ETH"]}, {"news_url": "https://cointelegraph.com/news/ukraine-accepts-dot-founder-gavin-wood-donates-5-8-million", "image_url": "https://crypto.snapi.dev/images/v1/8/4/840-ahr0chm6ly9zmy5jb2ludgvszwdyyxbolmnvbs91cgxvywrzlziwmjitmdmvndzlntq0ntatmwjmzs00ywmxlwfiyzytogi5mmu3ntq1odkylmpwzw-113544.jpg", "title": "Ukraine accepts DOT, founder Gavin Wood donates $5.8 million", "text": "The official Ukraine crypto wallets are now accepting donations from the Polkadot (DOT) ecosystem; cofounder Gavin Wood has donated $5.8 million or 298,367 DOT.", "source_name": "Cointelegraph", "date": "Tue, 01 Mar 2022 10:15:00 -0500", "topics": [], "sentiment": "Positive", "type": "Article", "tickers": ["DOT"]}, {"news_url": "https://www.coindesk.com/business/2022/03/01/nvidia-hackers-are-selling-software-to-bypass-ethereum-hash-rate-limiter/", "image_url": "https://crypto.snapi.dev/images/v1/x/d/7vrbaow5j5b7vo2dtelothar44-113503.jpg", "title": "Nvidia Hackers Are Selling Software to Bypass Ethereum Hash Rate Limiter", "text": "The hacker group said it's selling a customized driver that could help miners get around the hash rate limiter installed on Nvidia's high-end gaming cards.", "source_name": "Coindesk", "date": "Tue, 01 Mar 2022 10:14:00 -0500", "topics": [], "sentiment": "Neutral", "type": "Article", "tickers": ["ETH"]}, {"news_url": "https://markets.businessinsider.com/news/currencies/bitcoin-price-btc-russia-ukraine-invasion-crisis-cryptocurrencies-mark-mobius-2022-3", "image_url": "https://crypto.snapi.dev/images/v1/5/g/621e0d7b75b6490018457201formatjpeg-113502.jpg", "title": "Bitcoin's strength is being driven by Russians choosing the crypto as an avenue to move their wealth out of the country, legendary investor Mark Mobius says", "text": "\"That's the reason why bitcoin is showing strength now, because the Russians have a way of getting their wealth out,\" Mobius said Tuesday.", "source_name": "Business Insider", "date": "Tue, 01 Mar 2022 09:57:00 -0500", "topics": [], "sentiment": "Positive", "type": "Article", "tickers": ["BTC"]}, {"news_url": "https://coinpedia.org/uncategorized/perfect-trade-set-up-for-solanasol-price-a-slight-pullback-towards-91-may-ignite-a-rally-to-157/", "image_url": "https://crypto.snapi.dev/images/v1/u/s/shutterstock-2078368537-111431-113492.jpg", "title": "Perfect Trade Set-Up for Solana(SOL) Price, A Slight Pullback Towards $91 May Ignite A Rally to $157!", "text": "Solana Sol price, after trending within a narrow range for a long time, recorded the much required bullish monthly close. The asset was attempting very hard to attain these levels for quite a long time, and also faced multiple rejections. However, the price began the monthly trade on a bullish note, yet a plunge may \u2026", "source_name": "CoinPedia", "date": "Tue, 01 Mar 2022 09:50:51 -0500", "topics": [], "sentiment": "Neutral", "type": "Article", "tickers": ["SOL"]}, {"news_url": "https://u.today/more-than-200000-btc-moved-by-whales-amid-bitcoins-18-climb?SNAPI", "image_url": "https://crypto.snapi.dev/images/v1/v/j/13023-113490.jpg", "title": "More Than 200,000 BTC Moved by Whales Amid Bitcoin's 18% Climb", "text": "Bitcoin is up roughly 21% since Feb. 24, outperforming other asset classes", "source_name": "UToday", "date": "Tue, 01 Mar 2022 09:50:00 -0500", "topics": ["whales"], "sentiment": "Positive", "type": "Article", "tickers": ["BTC"]}, {"news_url": "https://www.trustnodes.com/2022/03/01/bitcoin-nears-45000-as-russia-cuts-off-transfers", "image_url": "https://crypto.snapi.dev/images/v1/w/x/ruble-bitcoin-300x200-113014-113491.jpg", "title": "Bitcoin Nears $45,000 as Russia Cuts Off Transfers", "text": "Bitcoin is up by about 15% from $38,000 to now $44,500 as Russia sanctions its own citizens in response to EU, US and UK sanctioning Russia. Russia's invading president Vladimir.", "source_name": "Trustnodes", "date": "Tue, 01 Mar 2022 09:49:57 -0500", "topics": ["paywall"], "sentiment": "Positive", "type": "Article", "tickers": ["BTC"]}, {"news_url": "https://u.today/bitcoin-inching-closer-to-50000-as-price-recovery-gains-steam?SNAPI", "image_url": "https://crypto.snapi.dev/images/v1/a/h/adobestock-280473529-113489.jpeg", "title": "Bitcoin Inching Closer to $50,000 as Price Recovery Gains Steam", "text": "Bitcoin is eyeing the incredibly important $50,000 level now that Bitcoin has spiked 20% in several days", "source_name": "UToday", "date": "Tue, 01 Mar 2022 09:43:00 -0500", "topics": [], "sentiment": "Positive", "type": "Article", "tickers": ["BTC"]}, {"news_url": "https://www.financemagnates.com/cryptocurrency/news/btc-rallies-18-ethereum-tops-3000-price-level/", "image_url": "https://crypto.snapi.dev/images/v1/n/c/bitcoin-id-4d4cad72-bb7a-40ec-9a8f-39c08a331e44-size900-113488.jpg", "title": "BTC Rallies 18%, Ethereum Tops $3,000 Price Level", "text": "In a major turnaround, BTC spiked by approximately 18% within a single day as crypto investors shrugged off the recent Russia Ukraine war concerns. On 1 March 2022, Bitcoin reached the price level of $44,500 for the first time in 2 weeks.", "source_name": "FinanceMagnates", "date": "Tue, 01 Mar 2022 09:38:00 -0500", "topics": [], "sentiment": "Positive", "type": "Article", "tickers": ["BTC", "ETH"]}, {"news_url": "https://www.theblockcrypto.com/linked/135852/polkadot-founder-gavin-wood-donates-5-8-million-to-ukraine", "image_url": "https://crypto.snapi.dev/images/v1/x/y/20200526-polkadot-2-daily-800x450-113487.png", "title": "Polkadot founder Gavin Wood donates $5.8 million to Ukraine", "text": "Polkadot founder Gavin Wood has followed through on his promise to donate $5 million to Ukraine to support its efforts in its war with Russia. The post Polkadot founder Gavin Wood donates $5.8 million to Ukraine appeared first on The Block.", "source_name": "The Block", "date": "Tue, 01 Mar 2022 09:35:05 -0500", "topics": [], "sentiment": "Neutral", "type": "Article", "tickers": ["DOT"]}, {"news_url": "https://news.bitcoin.com/ukraine-now-takes-polkadot-says-it-will-accept-other-coins-soon/", "image_url": "https://crypto.snapi.dev/images/v1/a/i/coins-113486.jpg", "title": "Ukraine Now Takes Polkadot, Says It Will Accept Other Coins Soon", "text": "Having already raised millions of dollars in major cryptocurrencies like bitcoin, Ukraine is now receiving donations in polkadot as well. The country intends to expand the list of accepted coins as it increasingly relies on help from the crypto community to fund its defense against Russia. Ukraine Posts DOT Address, Receives First Polkadot Donations In [\u2026]", "source_name": "Bitcoin", "date": "Tue, 01 Mar 2022 09:30:40 -0500", "topics": [], "sentiment": "Neutral", "type": "Article", "tickers": ["DOT"]}, {"news_url": "https://cryptopotato.com/bitcoin-trading-volumes-surge-in-russia-and-ukraine-report/", "image_url": "https://crypto.snapi.dev/images/v1/v/7/bitcoin-russia-ukraine-113484.jpg", "title": "Bitcoin Trading Volumes Surge in Russia and Ukraine (Report)", "text": "While the ruble is in a state of freefall, bitcoin trading volumes in Russia and Ukraine climbed to record levels.", "source_name": "CryptoPotato", "date": "Tue, 01 Mar 2022 09:30:08 -0500", "topics": [], "sentiment": "Positive", "type": "Article", "tickers": ["BTC"]}, {"news_url": "https://cryptoticker.io/en/ethereum-price-booms-is-the-downtrend-over/", "image_url": "https://crypto.snapi.dev/images/v1/a/r/pexels-moose-photos-1036637-113482.jpg", "title": "Ethereum Price BOOMS 15%! Is the Downtrend REALLY Over?", "text": "The crypto market recovered quite fast after last week's crypto crash. We did warn in this previous article about how cryptos might show weakness for a couple of days, but will recover soon afterwards just like what happened during the COVID-19 crash.", "source_name": "CryptoTicker", "date": "Tue, 01 Mar 2022 09:18:30 -0500", "topics": [], "sentiment": "Positive", "type": "Article", "tickers": ["ETH"]}, {"news_url": "https://www.benzinga.com/markets/cryptocurrency/22/03/25904481/cme-group-to-launch-micro-sized-bitcoin-and-ether-options?SNAPI", "image_url": "https://crypto.snapi.dev/images/v1/b/i/bitcoin-2-640x288-112921-113046-113525.jpg", "title": "CME Group To Launch Micro-Sized Bitcoin And Ether Options", "text": "CME Group, the world's leading derivatives marketplace, today announced it plans to launch options on Micro Bitcoin and Micro Ether futures on March 28, pending regulatory review. The new Micro Bitcoin and", "source_name": "Benzinga", "date": "Tue, 01 Mar 2022 09:10:00 -0500", "topics": [], "sentiment": "Positive", "type": "Article", "tickers": ["BTC", "ETH"]}, {"news_url": "https://www.benzinga.com/markets/cryptocurrency/22/03/25904380/rci-hospitality-holdingss-tootsies-scarletts-cabaret-miami-to-accept-bitcoin?SNAPI", "image_url": "https://crypto.snapi.dev/images/v1/v/b/vbtc23-113524.", "title": "RCI Hospitality Holdings's Tootsie's & Scarlett's Cabaret Miami To Accept Bitcoin", "text": "RCI Hospitality Holdings, Inc. (NASDAQ:RICK) today announced that Tootsie's Cabaret and Scarlett's Cabaret Miami are the first of RCI's subsidiaries to accept Bitcoin as payment. Guests can now pay using", "source_name": "Benzinga", "date": "Tue, 01 Mar 2022 09:06:00 -0500", "topics": [], "sentiment": "Positive", "type": "Article", "tickers": ["BTC"]}, {"news_url": "https://www.youtube.com/watch?v=uclJnhBvf7Y", "image_url": "https://crypto.snapi.dev/images/v1/m/8/bitcoin-would-make-sense-as-a-safe-haven-asset-says-coindesks-emily-parker-113480.jpg", "title": "Bitcoin would make sense as a safe-haven asset, says CoinDesk's Emily Parker", "text": "Emily Parker, CoinDesk executive director of global content, joins CNBC's 'Squawk Box' to discuss recent moves in cryptocurrency markets ahead of the open.", "source_name": "CNBC Television", "date": "Tue, 01 Mar 2022 09:05:20 -0500", "topics": [], "sentiment": "Positive", "type": "Video", "tickers": ["BTC"]}, {"news_url": "https://bitcoinmagazine.com/business/is-kazakhstan-a-home-for-bitcoin-mining", "image_url": "https://crypto.snapi.dev/images/v1/f/i/is-kazakhstan-a-home-for-bitcoin-mining-113473.png", "title": "Once A Promised Land For Bitcoin Miners, Kazakhstan Is Shifting The Regulatory Crosswinds", "text": "Following a ban on Bitcoin mining in China, many operations fled to neighboring Kazakhstan. Now, changing regulations raise questions about their future.", "source_name": "Bitcoin Magazine", "date": "Tue, 01 Mar 2022 08:58:29 -0500", "topics": ["mining", "regulations"], "sentiment": "Neutral", "type": "Article", "tickers": ["BTC"]}, {"news_url": "https://en.cryptonomist.ch/2022/03/01/russians-are-paying-bitcoin-up-to-64000/", "image_url": "https://crypto.snapi.dev/images/v1/4/l/bitcoin-russia-300x200-113478.jpg", "title": "Russians are paying Bitcoin up to $64,000", "text": "The incredible surge in the cost of Bitcoin in Russian rubles on P2P platforms", "source_name": "The Cryptonomist", "date": "Tue, 01 Mar 2022 08:54:16 -0500", "topics": [], "sentiment": "Neutral", "type": "Article", "tickers": ["BTC"]}, {"news_url": "https://www.benzinga.com/markets/cryptocurrency/22/03/25896185/mit-names-ethereum-pos-top-technological-breakthrough-in-2022?SNAPI", "image_url": "https://crypto.snapi.dev/images/v1/w/l/sd-11-113469.jpeg", "title": "MIT Names Ethereum PoS 'Top Technological Breakthrough' In 2022", "text": "The Massachusetts Institute of Technology has named Ethereum's (CRYPTO: ETH) upcoming transition to a proof-of-stake blockchain to its list of top technological breakthroughs for 2022.", "source_name": "Benzinga", "date": "Tue, 01 Mar 2022 08:45:00 -0500", "topics": [], "sentiment": "Positive", "type": "Article", "tickers": ["ETH"]}, {"news_url": "https://www.coindesk.com/business/2022/03/01/first-mover-americas-bitcoin-nears-45k-on-increased-demand-from-ukraine-and-russia/", "image_url": "https://crypto.snapi.dev/images/v1/o/z/gjgym3j65vdqbmcrsbasfwzo6e-113467.jpg", "title": "First Mover Americas: Bitcoin Nears $45K On Increased Demand From Ukraine and Russia", "text": "The latest moves in crypto markets in context for March 1, 2022.", "source_name": "Coindesk", "date": "Tue, 01 Mar 2022 08:40:00 -0500", "topics": [], "sentiment": "Positive", "type": "Article", "tickers": ["BTC"]}, {"news_url": "https://markets.businessinsider.com/news/currencies/ukraine-crypto-donations-polkadot-bitcoin-ethereum-war-russia-charity-2022-3", "image_url": "https://crypto.snapi.dev/images/v1/w/n/621e19df75b6490018457333formatjpeg-113462.jpg", "title": "Ukraine says it is now accepting polkadot as part of the crypto donations to fund its resistance to Russia's invasion", "text": "Ukraine added polkadot to its growing list of accepted cryptocurrencies for donation as the country faces ongoing Russian attacks.", "source_name": "Business Insider", "date": "Tue, 01 Mar 2022 08:36:00 -0500", "topics": [], "sentiment": "Neutral", "type": "Article", "tickers": ["DOT"]}, {"news_url": "https://www.benzinga.com/markets/cryptocurrency/22/03/25896413/bitcoin-upgrade-could-be-good-news-for-miners?SNAPI", "image_url": "https://crypto.snapi.dev/images/v1/p/8/photo-1519995451813-39e29e054914-113461.jpeg", "title": "Bitcoin Upgrade Could Be Good News For Miners", "text": "Photo by Thought Catalog on Unsplash", "source_name": "Benzinga", "date": "Tue, 01 Mar 2022 08:32:00 -0500", "topics": ["mining", "upgrade"], "sentiment": "Positive", "type": "Article", "tickers": ["BTC"]}, {"news_url": "https://ambcrypto.com/xrp-lawsuit-ripple-execs-should-thank-sec-for-suing-them-individually/", "image_url": "https://crypto.snapi.dev/images/v1/z/8/kelly-sikkema-fvpgfw3if1w-unsplash-113458.jpg", "title": "XRP Lawsuit: Ripple execs should \u2018thank SEC for suing them individually'", "text": "\u201cIt seems the SEC is throwing this DPP Hail Mary and hoping that Judge Torres bails them out on appeal.\u201d Hasn't that been the case lately?", "source_name": "AMBCrypto", "date": "Tue, 01 Mar 2022 08:30:46 -0500", "topics": ["regulations"], "sentiment": "Negative", "type": "Article", "tickers": ["XRP"]}, {"news_url": "https://decrypt.co/94061/nvidia-hackers-are-selling-ethereum-gpu-mining-workaround", "image_url": "https://crypto.snapi.dev/images/v1/a/l/geforce-rtx-3060-ti-1-gid-2-113454.jpeg", "title": "Nvidia Hackers Are Selling Ethereum GPU Mining Workaround", "text": "The hackers behind last week's Nvidia data breach claim to have a custom driver that unlocks the hash rate limiter on the GPU firm's graphics cards.", "source_name": "Decrypt", "date": "Tue, 01 Mar 2022 08:07:11 -0500", "topics": ["mining"], "sentiment": "Neutral", "type": "Article", "tickers": ["ETH"]}, {"news_url": "https://www.trustnodes.com/2022/03/01/bitcoin-exchanges-start-banning-russia-ruble-develops-discount", "image_url": "https://crypto.snapi.dev/images/v1/k/e/20201130-otc-desks-btc-ath-800x450-113357-113453.png", "title": "Bitcoin Exchanges Start Banning Russia, Ruble Develops Discount", "text": "\u201cTurned off all ruble pairs. The input and output of the ruble is closed.", "source_name": "Trustnodes", "date": "Tue, 01 Mar 2022 08:07:00 -0500", "topics": ["paywall"], "sentiment": "Neutral", "type": "Article", "tickers": ["BTC"]}, {"news_url": "https://cryptonews.com/news/bitcoin-ethereum-target-additional-gains-luna-keeps-moving-higher.htm", "image_url": "https://crypto.snapi.dev/images/v1/x/y/washout-of-crypto-tradersjpgfit10242c600ssl1-113265-113450.jpg", "title": "Bitcoin and Ethereum Target Additional Gains, LUNA Keeps Moving Higher", "text": "Bitcoin price started a strong upward move after it broke the USD 40,000 resistance. BTC was able to clear the USD 44,000 resistance and is currently (12:44 PM UTC) showing positive signs above USD 44,300.", "source_name": "Cryptonews", "date": "Tue, 01 Mar 2022 07:52:00 -0500", "topics": [], "sentiment": "Positive", "type": "Article", "tickers": ["BTC", "ETH", "LUNA"]}, {"news_url": "https://coingape.com/?p=102493", "image_url": "https://crypto.snapi.dev/images/v1/6/z/next-episode-of-the-drama-sec-vs-ripple-postponed-to-113448.jpg", "title": "\u201cWhatever Judge Rules, SEC Is Already Dead\u201d- Lawyer Predicts Ripple Lawsuit Outcome", "text": "Ripple vs SEC lawsuit is in the spotlight of all cryptocurrency enthusiasts. Everyone is eagerly watching every move in the court and is waiting for the final verdict.", "source_name": "Coingape", "date": "Tue, 01 Mar 2022 07:49:04 -0500", "topics": ["regulations"], "sentiment": "Neutral", "type": "Article", "tickers": ["XRP"]}, {"news_url": "https://www.newsbtc.com/news/bitcoin/a-green-market-following-surge-in-bitcoin-ruble/", "image_url": "https://crypto.snapi.dev/images/v1/s/f/china-and-crypto-1-113446.jpg", "title": "A Green Market Following Surge In Bitcoin-Ruble Trading Volume, Full Recovery Underway?", "text": "Bitcoin surged to $44,000 overnight on March 1 after a Monday rise produced surprising results. Bitcoin has gone on a tear in the last day or so, gaining over $6,000 and breaking beyond $40,000 for the first time since the Russian-Ukraine conflict began.", "source_name": "NewsBTC", "date": "Tue, 01 Mar 2022 07:47:31 -0500", "topics": [], "sentiment": "Positive", "type": "Article", "tickers": ["BTC"]}, {"news_url": "https://u.today/morgan-stanley-plans-on-purchasing-more-bitcoin-in-2022-data-analysis?SNAPI", "image_url": "https://crypto.snapi.dev/images/v1/7/y/13017-113447.jpg", "title": "Morgan Stanley Plans on Purchasing More Bitcoin in 2022, Data Analysis", "text": "One of the world's largest financial conglomerates might purchase more cryptocurrency later in the year, data suggests", "source_name": "UToday", "date": "Tue, 01 Mar 2022 07:47:00 -0500", "topics": [], "sentiment": "Positive", "type": "Article", "tickers": ["BTC"]}, {"news_url": "https://dailyhodl.com/2022/03/01/crypto-analyst-nicholas-merten-says-bitcoin-on-track-for-parabolic-recovery-heres-his-target/", "image_url": "https://crypto.snapi.dev/images/v1/d/b/merten-on-trackjpgfit10242c600ssl1-113465.jpg", "title": "Crypto Analyst Nicholas Merten Says Bitcoin on Track for Parabolic Recovery \u2013 Here's His Target", "text": "A widely followed crypto analyst is digging into the Bitcoin (BTC) charts to plot out when BTC might recapture the $60,000 level and keep running to new all-time highs. In a new strategy session, Nicholas Merten tells his 511,000 YouTube subscribers that BTC's recent ability to withstand downward pressure and push back past $40,000 is [\u2026] The post Crypto Analyst Nicholas Merten Says Bitcoin on Track for Parabolic Recovery \u2013 Here's His Target appeared first on The Daily Hodl.", "source_name": "The Daily Hodl", "date": "Tue, 01 Mar 2022 07:45:20 -0500", "topics": [], "sentiment": "Positive", "type": "Article", "tickers": ["BTC"]}, {"news_url": "https://www.dcforecasts.com/bitcoin-news/btc-tradings-against-the-ruble-surge-as-the-currency-crashes/", "image_url": "https://crypto.snapi.dev/images/v1/k/z/13006-113385-113444.jpg", "title": "BTC Tradings Against The Ruble Surge As The Currency Crashes", "text": "BTC tradings against the Ruble surge as the national currency of the country is crashing and hitting record lows as we can see further in our latest Bitcoin news. The Ruble/BTC trading volume surged to a nine-month high as the Russian currency crashed against the dollar in the wake of Russia's invasion of Ukraine.", "source_name": "DCForecasts", "date": "Tue, 01 Mar 2022 07:37:48 -0500", "topics": [], "sentiment": "Positive", "type": "Article", "tickers": ["BTC"]}, {"news_url": "https://cryptobriefing.com/ukraine-asks-for-polkadot-donations-hints-airdrop/?utm_source=main_feed&utm_medium=rss", "image_url": "https://crypto.snapi.dev/images/v1/j/y/ukraine-polkadot-airdrop-cover-838x440-113443.jpeg", "title": "Ukraine Asks for Polkadot Donations, Hints at Airdrop", "text": "After the crypto community donated millions of dollars worth of Bitcoin and Ethereum to Ukraine to help fund its war efforts, the government has now posted a plea for Polkadot and hinted at a possible airdrop.", "source_name": "Crypto Briefing", "date": "Tue, 01 Mar 2022 07:34:34 -0500", "topics": [], "sentiment": "Neutral", "type": "Article", "tickers": ["DOT"]}, {"news_url": "https://ambcrypto.com/new-range-highs-for-bitcoin-cash-wheres-the-risk-to-reward/", "image_url": "https://crypto.snapi.dev/images/v1/b/i/bitcoing-green-cover-113386-113463.jpg", "title": "New range highs for Bitcoin Cash \u2013 Where's the risk-to-reward?", "text": "Disclaimer:\u00a0The findings of the following analysis are the sole opinions of the writer and should not be considered investment advice Bitcoin climbed past the $39.8k and the $42k levels over the last 48 hours. This was a significant, especially since $42k has been a level to watch out for over the past few weeks.", "source_name": "AMBCrypto", "date": "Tue, 01 Mar 2022 07:30:50 -0500", "topics": [], "sentiment": "Negative", "type": "Article", "tickers": ["BTC"]}, {"news_url": "https://www.dcforecasts.com/altcoin-news/ukraine-starts-accepting-dot-after-raising-20m-in-btc-eth/", "image_url": "https://crypto.snapi.dev/images/v1/p/o/polkadot-price-analysis-price-surmounts-2172-top-after-bullish-stream-106042-113500.jpg", "title": "Ukraine Starts Accepting DOT After Raising $20M In BTC, ETH", "text": "Ukraine starts accepting DOT after raising $20 million in BTC, ETH as the government starts accepting donations as a response to continue fighting the war with Russia so let's read more today in our latest altcoin news. The Ukrainian government announced that it starts accepting donations in Polkadot in addition to the donations that it [\u2026]", "source_name": "DCForecasts", "date": "Tue, 01 Mar 2022 07:25:44 -0500", "topics": [], "sentiment": "Positive", "type": "Article", "tickers": ["DOT"]}, {"news_url": "https://crypto-economy.com/the-crypto-market-wakes-up-and-bitcoin-rises-more-than-14-in-the-last-24-hours-what-are-the-reasons/", "image_url": "https://crypto.snapi.dev/images/v1/p/a/business-163464-1280-113792.jpg", "title": "The Crypto Market Wakes up and Bitcoin Rises More than 14% in the last.", "text": "The global crypto market cap observes\u00a0a\u00a011.67% increase in the last 24 hours catapulting to $1.91 trillion, while trading volumes jumped 29.97 percent to $110.87...", "source_name": "Crypto Economy", "date": "Tue, 01 Mar 2022 07:21:44 -0500", "topics": [], "sentiment": "Positive", "type": "Article", "tickers": ["BTC"]}, {"news_url": "https://www.fool.com/investing/2022/03/01/is-polkadot-a-buy/", "image_url": "https://crypto.snapi.dev/images/v1/d/o/dot-8-112837-113466.jpg", "title": "Is Polkadot a Buy?", "text": "Thanks to a booming portfolio of parachains, Polkadot is now an Ethereum-compatible platform for decentralized programming -- on steroids.", "source_name": "The Motley Fool", "date": "Tue, 01 Mar 2022 07:21:00 -0500", "topics": [], "sentiment": "Neutral", "type": "Article", "tickers": ["DOT"]}, {"news_url": "https://u.today/ripple-files-another-motion-in-reply-to-sec-as-price-of-xrp-rises-nearly-7-details?SNAPI", "image_url": "https://crypto.snapi.dev/images/v1/w/y/13018-113440.jpg", "title": "Ripple Files Another Motion in Reply to SEC as Price of XRP Rises Nearly 7%: Details", "text": "Ripple files another motion in response to SEC as XRP price rebounds nearly 7%", "source_name": "UToday", "date": "Tue, 01 Mar 2022 07:15:00 -0500", "topics": ["regulations"], "sentiment": "Positive", "type": "Article", "tickers": ["XRP"]}, {"news_url": "https://beincrypto.com/ethereum-eth-creates-bullish-engulfing-candlestick-multi-coin-analysis/", "image_url": "https://crypto.snapi.dev/images/v1/b/v/12999-113167-113441.jpg", "title": "Ethereum (ETH) Creates Bullish Engulfing Candlestick \u2014 Multi-Coin Analysis", "text": "BeInCrypto analyzes the price movements for seven different cryptocurrencies, including Ethereum (ETH), which is currently making a breakout attempt. The post Ethereum (ETH) Creates Bullish Engulfing Candlestick \u2014 Multi-Coin Analysis appeared first on BeInCrypto.", "source_name": "BeInCrypto", "date": "Tue, 01 Mar 2022 07:06:08 -0500", "topics": [], "sentiment": "Positive", "type": "Article", "tickers": ["ETH"]}, {"news_url": "https://coinpedia.org/price-analysis/terra-luna-price-jumps-high-this-is-when-it-may-hit-1000/", "image_url": "https://crypto.snapi.dev/images/v1/v/3/13006-113385-113437.jpg", "title": "Terra (LUNA) Jumps High as Bitcoin(BTC) Price Nears $44,000, This is When it May Hit $1000!", "text": "Terra is constantly accumulating double-digit gains from the past couple of days as the crypto market broadly recovers since the early trading hours. The Bitcoin price slice through the $42,000 resistance zone is slowly heading towards the $44,000 target area. And hence escorting the entire crypto market towards the north. Therefore, Terra's (LUNA) price also \u2026", "source_name": "CoinPedia", "date": "Tue, 01 Mar 2022 06:47:20 -0500", "topics": [], "sentiment": "Positive", "type": "Article", "tickers": ["BTC", "LUNA"]}, {"news_url": "https://www.forbes.com/sites/roberthart/2022/03/01/major-cryptocurrencies-including-bitcoin-ether-rise-amid-fears-russia-will-evade-sanctions-with-crypto/", "image_url": "https://crypto.snapi.dev/images/v1/t/j/major-cryptocurrenciesincluding-bitcoin-etherrise-amid-fears-russia-will-evade-sanctions-with-crypto-113438.jpg", "title": "Major Cryptocurrencies\u2014Including Bitcoin, Ether\u2014Rise Amid Fears Russia Will Evade Sanctions With Crypto", "text": "The surge, coupled with the plummeting value of Russia's currency, has seen the overall value of bitcoin surpass that of the Russian ruble.", "source_name": "Forbes", "date": "Tue, 01 Mar 2022 06:46:38 -0500", "topics": [], "sentiment": "Positive", "type": "Article", "tickers": ["BTC", "ETH"]}, {"news_url": "https://markets.businessinsider.com/news/currencies/bitcoin-price-today-russia-ukraine-ethereum-terra-blockchain-war-2022-3", "image_url": "https://crypto.snapi.dev/images/v1/k/0/621df3c196929400196c037bformatjpeg-113433.jpg", "title": "Cryptocurrencies rebound, with bitcoin rising as much as 14%, as Russian and Ukrainian buyers pile in", "text": "As the ruble crumbles, Russian buyers have flocked to bitcoin, while millions of dollars in crypto donations are going to Ukraine.", "source_name": "Business Insider", "date": "Tue, 01 Mar 2022 06:35:00 -0500", "topics": [], "sentiment": "Positive", "type": "Article", "tickers": ["BTC"]}, {"news_url": "https://u.today/1-billion-xrp-unlocked-by-ripple-as-anon-wallets-move-over-200-million-xrp?SNAPI", "image_url": "https://crypto.snapi.dev/images/v1/p/y/13014-113423.jpg", "title": "1 Billion XRP Unlocked by Ripple as Anon Wallets Move Over 200 Million XRP", "text": "Ripple moves another billion XRP from escrow, while anonymous wallets and exchanges have shifted more than 200 million XRP coins", "source_name": "UToday", "date": "Tue, 01 Mar 2022 06:23:00 -0500", "topics": [], "sentiment": "Positive", "type": "Article", "tickers": ["XRP"]}, {"news_url": "https://www.cryptoglobe.com/latest/2022/03/gemini-lists-sol-crypto-analyst-explains-how-to-earn-insane-aprs-on-sol-holdings/", "image_url": "https://crypto.snapi.dev/images/v1/h/b/gemini-coin-113424.jpg", "title": "Gemini Lists $SOL, Crypto Analyst Explains \u2018How To Earn Insane APRs' on $SOL Holdings", "text": "Crypto Exchange Gemini has announced that it is now supporting $SOL, the native token of\u00a0Solana, which is \u201can open source project implementing a new, high-performance, permissionless blockchain\u201d that is maintained by the Geneva-based Solana Foundation. Yesterday (February 28), Gemini announced on its blog that it has added support for $SOL. Currently, $SOL is supported for [\u2026]", "source_name": "CryptoGlobe", "date": "Tue, 01 Mar 2022 06:22:48 -0500", "topics": [], "sentiment": "Neutral", "type": "Article", "tickers": ["SOL"]}, {"news_url": "https://www.fool.com/investing/2022/03/01/can-you-count-on-bitcoin-in-a-global-crisis/", "image_url": "https://crypto.snapi.dev/images/v1/1/0/106891609-1622708725570-gettyimages-871377486-ts067f48-113366-113431.jpeg", "title": "Can You Count on Bitcoin in a Global Crisis? Maybe Not.", "text": "A crash in Bitcoin undermines a core bullish argument.", "source_name": "The Motley Fool", "date": "Tue, 01 Mar 2022 06:20:00 -0500", "topics": [], "sentiment": "Neutral", "type": "Article", "tickers": ["BTC"]}, {"news_url": "https://coinpedia.org/altcoin/crypto-market-recovers-analyst-predicts-next-levels-for-eth-bnb-xrp-ada-price/", "image_url": "https://crypto.snapi.dev/images/v1/u/5/crypto13-113421.jpg", "title": "Crypto Market Recovers : Analyst Predicts Next levels for ETH, BNB, XRP & ADA Price", "text": "Despite escalating tensions between Russia and Ukraine, cryptocurrency tokens were flying high on Tuesday, with bitcoin topping the gainers. The price of all of the top digital tokens was rising. Terra increased by 24% to become the seventh most valuable token, followed by Avalanche, which increased by 19%. Bitcoin increased by 15%, while Shiba Inus \u2026", "source_name": "CoinPedia", "date": "Tue, 01 Mar 2022 06:18:37 -0500", "topics": [], "sentiment": "Positive", "type": "Article", "tickers": ["ADA", "BNB", "XRP", "ETH"]}, {"news_url": "https://www.newsbtc.com/crypto/bitcoin-as-safe-haven-asset/", "image_url": "https://crypto.snapi.dev/images/v1/2/q/safe-haven-asset-113416.jpg", "title": "Bitcoin As Safe Haven Asset On The Spotlight As BTC Crosses $43K", "text": "According to figures from Coinbase and Coindesk, cryptocurrency values have risen nearly as swiftly as they fell, with some analysts referring to Bitcoin's capacity to act as a safe haven asset during times of global turmoil. The cryptocurrency market cap reached $1.7 trillion today, indicating that the broader crypto industry has rebounded nicely.", "source_name": "NewsBTC", "date": "Tue, 01 Mar 2022 06:12:12 -0500", "topics": [], "sentiment": "Positive", "type": "Article", "tickers": ["BTC"]}, {"news_url": "https://cryptopotato.com/bitcoin-price-decouples-from-wall-street-amid-russia-ukraine-war/", "image_url": "https://crypto.snapi.dev/images/v1/q/k/bitcoindecouple-min-113415.jpg", "title": "Bitcoin Price Decouples From Wall Street Amid Russia-Ukraine War", "text": "Bitcoin's price surged in the past 24 hours, revealing a convincing short-term decoupling from traditional stock markets.", "source_name": "CryptoPotato", "date": "Tue, 01 Mar 2022 06:11:09 -0500", "topics": [], "sentiment": "Positive", "type": "Article", "tickers": ["BTC"]}, {"news_url": "https://cryptobriefing.com/bitcoin-tops-44000-russian-ruble-plummets/?utm_source=main_feed&utm_medium=rss", "image_url": "https://crypto.snapi.dev/images/v1/m/v/bitcoin-bull-cover-838x440-113413.jpeg", "title": "Bitcoin Tops $44,000 as Russian Ruble Plummets", "text": "The crypto market surged last night despite\u2014and possibly as a result of\u2014ongoing macroeconomic uncertainty. Bitcoin and Ethereum both soared while many other assets ran harder.", "source_name": "Crypto Briefing", "date": "Tue, 01 Mar 2022 06:08:43 -0500", "topics": [], "sentiment": "Positive", "type": "Article", "tickers": ["BTC"]}, {"news_url": "https://decrypt.co/94067/ukraine-now-accepting-polkadot-following-20-million-in-bitcoin-ethereum-donations", "image_url": "https://crypto.snapi.dev/images/v1/x/1/ukraine-soldier-2-gid-4-113417.jpg", "title": "Ukraine Now Accepting Polkadot After Raising $20M in Bitcoin, Ethereum", "text": "The Ukrainian government is now accepting Polkadot donations in addition to Bitcoin, Ethereum and USDT\u2014with \u2018more cryptocurrencies' to follow.", "source_name": "Decrypt", "date": "Tue, 01 Mar 2022 06:07:06 -0500", "topics": [], "sentiment": "Positive", "type": "Article", "tickers": ["DOT"]}, {"news_url": "https://edition.cnn.com/2022/03/01/investing/bitcoin-price-russia-ruble-intl-hnk/index.html", "image_url": "https://crypto.snapi.dev/images/v1/l/y/dgdh-113042-113411.jpg", "title": "Bitcoin jumps back above $40,000 as Russians switch to crypto", "text": "As of 5:25 a.m. ET on Tuesday, bitcoin had jumped 13% over the last 24 hours to $43,163, according to cryptocurrency tracker CoinDesk.", "source_name": "CNN", "date": "Tue, 01 Mar 2022 05:50:34 -0500", "topics": [], "sentiment": "Positive", "type": "Article", "tickers": ["BTC"]}, {"news_url": "https://cryptoticker.io/en/bitcoin-address-hodlers-ath-crypto-up/", "image_url": "https://crypto.snapi.dev/images/v1/2/p/pexels-david-mcbee-730547-1-1-113407.jpg", "title": "New ATH for Bitcoin Address HODLERS! Crypto EXPLOSION soon?", "text": "The number of people holding a Bitcoin address with holdings above 0 hit an all-time high in February 2022.\u00a0These addresses have risen sharply since the beginning of the year.", "source_name": "CryptoTicker", "date": "Tue, 01 Mar 2022 05:38:07 -0500", "topics": [], "sentiment": "Positive", "type": "Article", "tickers": ["BTC"]}, {"news_url": "https://coingape.com/?p=102472", "image_url": "https://crypto.snapi.dev/images/v1/p/p/m1n2qel8-bitcoin-650-625x300-15-november-21-113408.jpg", "title": "Is Bitcoin (BTC) Correction Over? Will Bitcoin Price Hit All Time High In 2022", "text": "Bitcoin price jumped up by $2000 within just ten minute window today. Does this mean Bitcoin correction is over?Investors that held Bitcoin for over a year increased their balance over the past month, accumulating over 11.78 Million BTC.", "source_name": "Coingape", "date": "Tue, 01 Mar 2022 05:37:53 -0500", "topics": [], "sentiment": "Positive", "type": "Article", "tickers": ["BTC"]}, {"news_url": "https://u.today/250-million-worth-of-short-orders-liquidate-as-bitcoin-spikes-to-44000?SNAPI", "image_url": "https://crypto.snapi.dev/images/v1/2/8/13007-113406.jpg", "title": "$250 Million Worth of Short Orders Liquidate as Bitcoin Spikes to $44,000", "text": "$130 million worth of Bitcoin shorts no longer exist on the market as Bitcoin reaches $44,000", "source_name": "UToday", "date": "Tue, 01 Mar 2022 05:35:00 -0500", "topics": [], "sentiment": "Positive", "type": "Article", "tickers": ["BTC"]}, {"news_url": "https://cryptoslate.com/russians-are-paying-up-to-20000-above-market-rate-to-buy-bitcoin/", "image_url": "https://crypto.snapi.dev/images/v1/l/z/bitcoin-russia-113402.jpg", "title": "Russians are paying up to $20,000 above market rate to buy Bitcoin", "text": "Media outlet DeFiprime dot com noted Bitcoin is trading for up to $20,000 above the market rate on Russian exchanges. The post Russians are paying up to $20,000 above market rate to buy Bitcoin appeared first on CryptoSlate.", "source_name": "CryptoSlate", "date": "Tue, 01 Mar 2022 05:31:15 -0500", "topics": [], "sentiment": "Neutral", "type": "Article", "tickers": ["BTC"]}, {"news_url": "https://www.forbes.com/sites/rufaskamau/2022/03/01/bitcoin-reveals-its-intrinsic-value-to-the-rest-of-the-world/", "image_url": "https://crypto.snapi.dev/images/v1/n/i/bitcoin-reveals-its-intrinsic-value-to-the-rest-of-the-world-113546.jpg", "title": "Bitcoin Reveals Its Intrinsic Value To The Rest Of The World", "text": "In recent global events, Bitcoin has continually shown its value by providing ready solutions to different people facing different challenges in the world.", "source_name": "Forbes", "date": "Tue, 01 Mar 2022 05:22:23 -0500", "topics": [], "sentiment": "Positive", "type": "Article", "tickers": ["BTC"]}, {"news_url": "https://coinpedia.org/bitcoin/bitcoin-btc-price-prone-to-fall-at-this-level-by-2023-traders-watch-these-pivot-level/", "image_url": "https://crypto.snapi.dev/images/v1/u/y/crypto10-113395.jpg", "title": "Bitcoin (BTC) Price Prone To Fall At This Level By 2023 ! Traders Watch These Pivot Level", "text": "Bitcoin price has made a few attempts in recent sessions to generate momentum in order to break through the $39,800 resistance. The bears, on the other hand, stayed active and safeguarded a move above $40,000 in value. A new low was reached below the $39,000 support level. A break below the $38,600 support level and \u2026", "source_name": "CoinPedia", "date": "Tue, 01 Mar 2022 05:18:00 -0500", "topics": [], "sentiment": "Negative", "type": "Article", "tickers": ["BTC"]}, {"news_url": "https://coingape.com/?p=102477", "image_url": "https://crypto.snapi.dev/images/v1/r/f/secvripple-cover-113393.jpg", "title": "Ripple Vs SEC: Why SEC Wants \u2018Estabrook Notes' Out Of The Ripple Lawsuit?", "text": "The Ripple lawsuit between US's SEC and Ripple has come to the make or break point. Reports suggest Ripple wants to disclose all the evidence and events related to the case, on the other hand, SEC is trying to delay the proceeding or verdict of the case.", "source_name": "Coingape", "date": "Tue, 01 Mar 2022 05:15:05 -0500", "topics": ["regulations"], "sentiment": "Neutral", "type": "Article", "tickers": ["XRP"]}, {"news_url": "https://coinidol.com/ripple-0-80-high/", "image_url": "https://crypto.snapi.dev/images/v1/j/k/952d1f1a80cc10ecad5947d36224f9b6-113397.jpg", "title": "Ripple Price Stuck below Recent High as Altcoin Trades below $0.80", "text": "The price of Ripple (XRP) is stuck below the 21-day moving average line as buyers try to keep the XRP price above the moving averages. If the buyers are successful, XRP would have risen to the previous lows.", "source_name": "Coin Idol", "date": "Tue, 01 Mar 2022 05:13:00 -0500", "topics": [], "sentiment": "Negative", "type": "Article", "tickers": ["XRP"]}, {"news_url": "https://u.today/solana-gets-listed-by-gemini-as-price-surges-12?SNAPI", "image_url": "https://crypto.snapi.dev/images/v1/0/b/adobestock-434793141-editorial-use-only-113391.jpeg", "title": "Solana Gets Listed by Gemini as Price Surges 12%", "text": "Solana will soon start trading on Gemini, one of the largest cryptocurrency exchanges spearheaded by the Winklevoss twins", "source_name": "UToday", "date": "Tue, 01 Mar 2022 05:12:00 -0500", "topics": [], "sentiment": "Positive", "type": "Article", "tickers": ["SOL"]}, {"news_url": "https://u.today/xrp-lawsuit-attorney-jeremy-hogan-optimistic-of-no-further-delays-in-discovery-process?SNAPI", "image_url": "https://crypto.snapi.dev/images/v1/5/z/13008-113390.jpg", "title": "XRP Lawsuit: Attorney Jeremy Hogan Optimistic of No Further Delays in Discovery Process", "text": "High hopes for the conclusion of expert discovery seem to be in place", "source_name": "UToday", "date": "Tue, 01 Mar 2022 05:11:00 -0500", "topics": [], "sentiment": "Neutral", "type": "Article", "tickers": ["XRP"]}, {"news_url": "https://www.dailyfx.com/forex/market_alert/2022/03/01/Bitcoin-BTCUSD-Breaks-Resistance-Altcoins-Short-term-Rally-Continues-.html", "image_url": "https://crypto.snapi.dev/images/v1/k/i/crypto11-113396.jpg", "title": "Bitcoin (BTC/USD) Breaks Resistance, Altcoins Short-term Rally Continues", "text": "Bitcoin took out a noted resistance level late Thursday and continues to rally today, while a range of altcoins register double-digit percentage gains.", "source_name": "DailyFX", "date": "Tue, 01 Mar 2022 05:03:00 -0500", "topics": [], "sentiment": "Positive", "type": "Article", "tickers": ["BTC"]}, {"news_url": "https://cryptopotato.com/crypto-markets-add-200-billion-as-bitcoin-ruble-trading-volume-soars-post-sanctions-market-watch/", "image_url": "https://crypto.snapi.dev/images/v1/3/0/bitcoing-green-cover-113386.jpg", "title": "Crypto Markets Add $200 Billion as Bitcoin-Ruble Trading Volume Soars Post Sanctions (Market Watch)", "text": "The crypto market capitalization is up by almost $400 billion in several days while reports indicate that Russians have turned to Bitcoin.", "source_name": "CryptoPotato", "date": "Tue, 01 Mar 2022 04:52:27 -0500", "topics": [], "sentiment": "Positive", "type": "Article", "tickers": ["BTC"]}], "total_pages": 42}