{"data": [{"news_url": "https://u.today/bitcoin-accumulation-rises-at-high-pace-glassnode-data?SNAPI", "image_url": "https://crypto.snapi.dev/images/v1/a/r/13006-113385.jpg", "title": "Bitcoin Accumulation Rises at High Pace: Glassnode Data", "text": "As Bitcoin has been rising from $40,000 and touching $44,250, investors are accumulating as much BTC as fast as they can", "source_name": "UToday", "date": "Tue, 01 Mar 2022 04:44:00 -0500", "topics": [], "sentiment": "Positive", "type": "Article", "tickers": ["BTC"]}, {"news_url": "https://beincrypto.com/bitcoin-btc-creates-daily-bullish-candlestick-15-magnitude/", "image_url": "https://crypto.snapi.dev/images/v1/c/i/bitcoin-price-up-inkjpegoptimal-113380.jpeg", "title": "Bitcoin (BTC) Creates Daily Bullish Candlestick With 15% Magnitude", "text": "Bitcoin (BTC) increased significantly on February 28 and its RSI and MACD are close to generating a strong bullish signal. The post Bitcoin (BTC) Creates Daily Bullish Candlestick With 15% Magnitude appeared first on BeInCrypto.", "source_name": "BeInCrypto", "date": "Tue, 01 Mar 2022 03:54:58 -0500", "topics": [], "sentiment": "Positive", "type": "Article", "tickers": ["BTC"]}, {"news_url": "https://blockonomi.com/ethereum-hits-major-milestone-1-million-unique-nft-buyers/", "image_url": "https://crypto.snapi.dev/images/v1/p/u/ethereum-1024x682-113374.jpg", "title": "Ethereum Hits Major Milestone: 1 Million Unique NFT Buyers", "text": "Ethereum, the second-largest blockchain, officially reached the 1 million unique NFT buyers mark on Sunday, seven years since the first NFT was minted on Ethereum blockchain. As rival ecosystems have seen formidable growth, threatening Ethereum's dominance, the announcement shows that Vitalik's offspring still lead the NFT game for the time being.", "source_name": "Blockonomi", "date": "Tue, 01 Mar 2022 03:47:59 -0500", "topics": ["NFT"], "sentiment": "Positive", "type": "Article", "tickers": ["ETH"]}, {"news_url": "https://ambcrypto.com/polkadots-short-term-bullish-outlook-might-depend-on-these-key-levels/", "image_url": "https://crypto.snapi.dev/images/v1/i/q/pp-1-dot-cover-e1646112547723-113369.jpg", "title": "Polkadot's short-term bullish outlook might depend on these key levels", "text": "Disclaimer:\u00a0The findings of the following analysis are the sole opinions of the writer and should not be considered investment advice Bitcoin and most of the large and medium cap altcoins tumbled last week as news of a Russian invasion emerged and global markets reacted with fear. However, over the past few days, the price has [\u2026]", "source_name": "AMBCrypto", "date": "Tue, 01 Mar 2022 03:35:32 -0500", "topics": [], "sentiment": "Positive", "type": "Article", "tickers": ["DOT"]}, {"news_url": "https://en.cryptonomist.ch/2022/03/01/ripple-sec-lawsuit-truth-estabrook-notes/", "image_url": "https://crypto.snapi.dev/images/v1/2/r/xrp-sec-300x200-113370.jpg", "title": "Ripple-SEC lawsuit, truth in the Estabrook notes", "text": "The SEC asks that they not be disclosed, but Brad Garlinghouse opposes it", "source_name": "The Cryptonomist", "date": "Tue, 01 Mar 2022 03:30:34 -0500", "topics": ["regulations"], "sentiment": "Neutral", "type": "Article", "tickers": ["XRP"]}, {"news_url": "https://en.cryptonomist.ch/2022/03/01/bitcoin-ethereum-solana-all-bullishly-engulfed-monday/", "image_url": "https://crypto.snapi.dev/images/v1/u/a/a-0908-trader-bbva-300x184-113371.webp", "title": "Bitcoin, Ethereum, Solana all bullishly engulfed on Monday", "text": "The Fear and Greed Index is 51 Neutral", "source_name": "The Cryptonomist", "date": "Tue, 01 Mar 2022 03:27:04 -0500", "topics": [], "sentiment": "Positive", "type": "Article", "tickers": ["BTC", "ETH", "SOL"]}, {"news_url": "https://cointelegraph.com/news/300m-in-crypto-liquidations-accompanies-bitcoin-s-surge-to-44k", "image_url": "https://crypto.snapi.dev/images/v1/g/c/840-ahr0chm6ly9zmy5jb2ludgvszwdyyxbolmnvbs91cgxvywrzlziwmjitmdmvzju5y2vmmzatymy4oc00y2u5lwjmodqtotuyn2rkmwi0y2exlmpwzw-113365.jpg", "title": "$300M in crypto liquidations accompanies Bitcoin's surge to $44K", "text": "A two-phase surge sees BTC/USD add 15% on the back of continued macro market turmoil.", "source_name": "Cointelegraph", "date": "Tue, 01 Mar 2022 03:20:04 -0500", "topics": [], "sentiment": "Positive", "type": "Article", "tickers": ["BTC"]}, {"news_url": "https://www.benzinga.com/markets/cryptocurrency/22/03/25895665/ukraine-now-accepts-polkadot-donations-alongside-bitcoin-ethereum-after-founders-5m-offer?SNAPI", "image_url": "https://crypto.snapi.dev/images/v1/x/o/yehor-milohrodskyi-syuhhpwu-hk-unsplash-1-113363.jpg", "title": "Ukraine Now Accepts Polkadot Donations Alongside Bitcoin, Ethereum After Founder's $5M Offer", "text": "Ukraine said, in addition to Bitcoin (CRYPTO: BTC) and Ethereum (CRYPTO: ETH), it would also accept cryptocurrency donations in Polkadot", "source_name": "Benzinga", "date": "Tue, 01 Mar 2022 03:12:00 -0500", "topics": [], "sentiment": "Positive", "type": "Article", "tickers": ["BTC", "DOT", "ETH"]}, {"news_url": "https://dailyhodl.com/2022/03/01/top-trader-warns-potential-bull-trap-set-for-cardano-ada-solana-sol-and-two-additional-altcoins/", "image_url": "https://crypto.snapi.dev/images/v1/h/v/bull-trap-twojpgfit10242c600ssl1-113372.jpg", "title": "Top Trader Warns Potential Bull Trap Set for Cardano (ADA), Solana (SOL) and Two Additional Altcoins", "text": "A widely followed crypto strategist is issuing a warning to altcoin traders, saying that smart contract platforms Cardano (ADA), Solana (SOL) and two other digital assets are flashing bearish signals. Pseudonymous trader Capo tells his 245,800 Twitter followers that he remains bearish on the broader crypto markets despite the surge in the last 24 hours. [\u2026] The post Top Trader Warns Potential Bull Trap Set for Cardano (ADA), Solana (SOL) and Two Additional Altcoins appeared first on The Daily Hodl.", "source_name": "The Daily Hodl", "date": "Tue, 01 Mar 2022 03:04:42 -0500", "topics": [], "sentiment": "Negative", "type": "Article", "tickers": ["ADA", "SOL", "COTI", "WAVES"]}, {"news_url": "https://u.today/veteran-trader-john-bollinger-is-bullish-on-bitcoin-and-ethereum-amid-market-recovery?SNAPI", "image_url": "https://crypto.snapi.dev/images/v1/s/p/13001-113362.jpg", "title": "Veteran Trader John Bollinger Is Bullish on Bitcoin and Ethereum Amid Market Recovery", "text": "Bitcoin and Ethereum have recovered big time after plunging last week", "source_name": "UToday", "date": "Tue, 01 Mar 2022 03:04:00 -0500", "topics": [], "sentiment": "Positive", "type": "Article", "tickers": ["BTC", "ETH"]}, {"news_url": "https://www.financemagnates.com/cryptocurrency/news/asian-firm-tranglo-expands-the-odl-service-of-ripple/", "image_url": "https://crypto.snapi.dev/images/v1/n/g/ripple20xrp-id-7601d6ca-738a-466a-9f3e-7a436088a1b7-size900-113360.jpg", "title": "Asian Firm Tranglo Expands the ODL Service of Ripple", "text": "Blockchain services provider, Ripple witnessed another major jump in the expansion of its ODL services after Tranglo, one of the leading cross-border payment firms in Asia, enable Ripple's on-demand liquidity service across its 25 payment corridors.", "source_name": "FinanceMagnates", "date": "Tue, 01 Mar 2022 02:58:00 -0500", "topics": [], "sentiment": "Positive", "type": "Article", "tickers": ["XRP"]}, {"news_url": "https://www.cnbc.com/2022/03/01/mark-mobius-on-bitcoin-price-rally-after-sanctions-on-russia.html", "image_url": "https://crypto.snapi.dev/images/v1/j/h/106891609-1622708725570-gettyimages-871377486-ts067f48-113366.jpeg", "title": "Veteran investor Mark Mobius explains why bitcoin is rallying amid Ukraine crisis", "text": "Veteran investor Mark Mobius said the recent rally in bitcoin can be attributed to Russians buying into the cryptocurrency.", "source_name": "CNBC", "date": "Tue, 01 Mar 2022 02:53:40 -0500", "topics": [], "sentiment": "Neutral", "type": "Article", "tickers": ["BTC"]}, {"news_url": "https://www.theblockcrypto.com/linked/135716/number-of-bitcoin-whales-spikes-as-sanctions-on-russia-bite", "image_url": "https://crypto.snapi.dev/images/v1/s/j/20201130-otc-desks-btc-ath-800x450-113357.png", "title": "Number of bitcoin whales spikes as sanctions on Russia bite", "text": "The number of addresses with hordes of more than 1,000 bitcoins has surged by 4.65% in the last day. The post Number of bitcoin whales spikes as sanctions on Russia bite appeared first on The Block.", "source_name": "The Block", "date": "Tue, 01 Mar 2022 02:41:38 -0500", "topics": ["whales"], "sentiment": "Neutral", "type": "Article", "tickers": ["BTC"]}, {"news_url": "https://cryptopotato.com/over-300m-liquidated-as-bitcoin-price-saw-its-highest-daily-increase-since-february-2021/", "image_url": "https://crypto.snapi.dev/images/v1/f/c/btcusd-113355.png", "title": "Over $300M Liquidated as Bitcoin Price Saw its Highest Daily Increase Since February 2021", "text": "The past 24 hours were highly volatile for bitcoin as it soared by more than $6,000 at one point to above $44,000.", "source_name": "CryptoPotato", "date": "Tue, 01 Mar 2022 02:26:54 -0500", "topics": [], "sentiment": "Positive", "type": "Article", "tickers": ["BTC"]}, {"news_url": "https://coinpedia.org/bitcoin/bitcoin-btc-price-might-hit-50k-only-if-bulls-capture-this-significant-level-in-the-coming-days/", "image_url": "https://crypto.snapi.dev/images/v1/e/9/crypto9-113354.jpg", "title": "Bitcoin (BTC) Price Might Hit $50k Only If Bulls Capture This Significant level in the Coming Days", "text": "As the Russia-Ukraine conflict escalated, the value of Bitcoin and other cryptocurrencies plummeted. Bitcoin was priced just around $38,000 in global cryptocurrency exchanges, in the midpoint of its recent range. Other prominent altcoins have also fallen in value. In terms of the US Dollar, Bitcoin is trying to break through the $40,000 barrier zone. To \u2026", "source_name": "CoinPedia", "date": "Tue, 01 Mar 2022 02:11:00 -0500", "topics": [], "sentiment": "Positive", "type": "Article", "tickers": ["BTC"]}, {"news_url": "https://coinpedia.org/bitcoin/bitcoinbtc-price-might-hit-50k-with-15-upswing-by-march-end-heres-why/", "image_url": "https://crypto.snapi.dev/images/v1/c/k/crypto7-113353.jpg", "title": "Bitcoin(BTC) Price Might Hit $50k With 15% Upswing By March End ! Here's Why?", "text": "After trading below $39,000 in the previous sessions, bitcoin prices have surged beyond $43,000 today. The world's most popular and valuable cryptocurrency climbed by more than 14 percent to $43,120. Meanwhile, according to CoinGecko, the global cryptocurrency market capitalization has risen above $2 trillion in the last 24 hours, up more than 10 percent. Bitcoin \u2026", "source_name": "CoinPedia", "date": "Tue, 01 Mar 2022 01:58:59 -0500", "topics": [], "sentiment": "Positive", "type": "Article", "tickers": ["BTC"]}, {"news_url": "https://coinpedia.org/bitcoin/bitcoin-btc-price-smashed-the-crucial-43k-levels/", "image_url": "https://crypto.snapi.dev/images/v1/f/7/crypto6-113352.jpg", "title": "Bitcoin (BTC) Price Smashed the Crucial $43K Levels, But What Changed All of a Sudden?", "text": "Bitcoin price was presumed to revisit lower support around $30,000 for a pretty long time. But the crypto space turned the tables completely and appears to have ended the correction to some extent. A huge buying volume uplifted the price from the narrow trend, incurring a double-digit gain over the past few hours. At the \u2026", "source_name": "CoinPedia", "date": "Tue, 01 Mar 2022 01:55:54 -0500", "topics": [], "sentiment": "Neutral", "type": "Article", "tickers": ["BTC"]}, {"news_url": "https://www.cryptopolitan.com/polkadot-price-analysis-2022-02-28/", "image_url": "https://crypto.snapi.dev/images/v1/c/l/tech-daily-h329ghs-lc8-unsplash-1140x815-1-113350.jpeg", "title": "Polkadot price analysis: DOT provides buying opportunity before expected rally to $27", "text": "TL;DR Breakdown Polkadot price analysis shows price receded more than 7 percent to reach a low of $16.75 The current trend provides a healthy buying opportunity before next 55 percent upturn Trading volume grew 18 percent as price fell along with trading volume at 7 percent each Polkadot price analysis showed highly bearish signs today, [\u2026]", "source_name": "Cryptopolitan", "date": "Tue, 01 Mar 2022 01:48:05 -0500", "topics": ["tanalysis"], "sentiment": "Positive", "type": "Article", "tickers": ["DOT"]}, {"news_url": "https://coinpedia.org/altcoin/solana-sol-axie-infinity-axs-price-inches-close-to-the-potential-bottom-heres-what-next/", "image_url": "https://crypto.snapi.dev/images/v1/c/u/crypto5-113349.jpg", "title": "Solana (SOL) & Axie Infinity (AXS) Price ! Inches Close To the Potential Bottom!", "text": "Cryptocurrency values are plummeting after a hectic weekend of Russian sanctions, which have moved the world closer to nuclear war. Ethereum has lost more than 6% of its value, dragging the main crypto markets lower.\u00a0 Solana, an Ethereum competitor, is the lone gainer, rising about 7%, while avalanche has lost over 7%. As the war \u2026", "source_name": "CoinPedia", "date": "Tue, 01 Mar 2022 01:42:01 -0500", "topics": [], "sentiment": "Negative", "type": "Article", "tickers": ["AXS", "SOL"]}, {"news_url": "https://www.cryptopolitan.com/polkadot-price-analysis-2022-03-01/", "image_url": "https://crypto.snapi.dev/images/v1/k/g/dot-113348.jpg", "title": "Polkadot price analysis: DOT corrects above $18 after rallying high", "text": "TL;DR Breakdown Polkadot price analysis is bearish today. Resistance for DOT/USD is present at $19.5.", "source_name": "Cryptopolitan", "date": "Tue, 01 Mar 2022 01:27:24 -0500", "topics": ["tanalysis"], "sentiment": "Positive", "type": "Article", "tickers": ["DOT"]}, {"news_url": "https://coingape.com/?p=102464", "image_url": "https://crypto.snapi.dev/images/v1/p/0/four-cryptoassets-113347.jpeg", "title": "Massive Buying: Bitcoin (BTC) Shoots 15%, Top Ten Crypto Register Double Digit Gains", "text": "The crypto market has completely reversed its trajectory after a week of correction and consolidation. Massive buying has ensued in the broader cryptocurrency market over the last few hours with Bitcoin (BTC) posting a solid 15% plus gains.", "source_name": "Coingape", "date": "Tue, 01 Mar 2022 01:18:46 -0500", "topics": [], "sentiment": "Positive", "type": "Article", "tickers": ["BTC"]}, {"news_url": "https://coinpedia.org/bitcoin/bitcoin-accumulation-continues-on-chain-analysis-reveals-btc-breakout-is-on-horizon/", "image_url": "https://crypto.snapi.dev/images/v1/d/a/crypto4-113345.jpg", "title": "Bitcoin Accumulation Continues ! On-Chain Analysis Reveals BTC Breakout Is On Horizon!", "text": "Bitcoin Accumulation Continues Even if the BTC price briefly returned to $40,000 on Saturday morning before dropping back into the red zone, crypto hodlers are continuing to buy the dip. As Bitcoin accumulation continues, whale transactions have reached a new peak. Analysts are looking for evidence of a breakout in the Bitcoin price trend. According \u2026", "source_name": "CoinPedia", "date": "Tue, 01 Mar 2022 01:11:42 -0500", "topics": [], "sentiment": "Positive", "type": "Article", "tickers": ["BTC"]}, {"news_url": "https://www.reuters.com/markets/europe/cryptoverse-bitcoin-gains-conflict-currency-credentials-2022-03-01/", "image_url": "https://crypto.snapi.dev/images/v1/7/g/kmdzkeuahnk3bfrng2l476nrqi-113356.jpg", "title": "Cryptoverse: Bitcoin gains conflict currency credentials", "text": "Bitcoin has leapt since Russia's invasion of Ukraine, bolstered by people in those countries looking to store and move money in anonymous and decentralised crypto.", "source_name": "Reuters", "date": "Tue, 01 Mar 2022 01:10:42 -0500", "topics": [], "sentiment": "Neutral", "type": "Article", "tickers": ["BTC"]}, {"news_url": "https://www.newsbtc.com/news/ethereum/glassnode-ethereum-whale-supply-last-active-7-years-ago-hit-new-ath/", "image_url": "https://crypto.snapi.dev/images/v1/5/d/l424hus65fgrvfptyypg24ciyi-113343.jpg", "title": "Glassnode: Ethereum Whale Supply Last Active 7 Years Ago Hit New ATH", "text": "While small-scale investors continue to flood into Ethereum, the supply of ETH that was last active 7 years ago remains unsold. Ethereum Whales Wallets Remain Inactive According to statistics from the Glassnode data aggregator, small-scale investors are actively acquiring Ethereum, the second largest crypto on the market, while 7.6 million ETH that were last active in 2015-2017 remain unsold.", "source_name": "NewsBTC", "date": "Tue, 01 Mar 2022 00:26:03 -0500", "topics": ["whales"], "sentiment": "Positive", "type": "Article", "tickers": ["ETH"]}], "total_pages": 42}