{"data": [{"news_url": "https://coinpedia.org/price-analysis/polkadot-brokeout-from-the-descending-consolidation-will-dot-price-hit-25-this-weekend/", "image_url": "https://crypto.snapi.dev/images/v1/w/r/crypto9-121864.jpg", "title": "Polkadot Brokeout from the Descending Consolidation, Will DOT Price Hit $25 This Weekend?", "text": "Polkadot price underwent a monstrous rally and surge beyond $50 in a very short span of time. Further shedding its gains over time, the asset dropped down below $20 to attain the level of around $15. While more speculations of the price sliding towards $10 outspread in the market, the DOT price ignited a strong \u2026", "source_name": "CoinPedia", "date": "Sat, 26 Mar 2022 10:05:00 -0400", "topics": [], "sentiment": "Positive", "type": "Article", "tickers": ["DOT"]}, {"news_url": "https://www.youtube.com/watch?v=DFIZn8NJUOw", "image_url": "https://crypto.snapi.dev/images/v1/a/2/investing-in-crypto-pantera-capital-ceo-founder-to-discuss-bitcoin-blockchain-and-more-121865.jpg", "title": "Investing in crypto: Pantera Capital CEO & Founder to discuss bitcoin, blockchain and more", "text": "#Pantera #PanteraCapitalFounder #bitcoin #blockchain Pantera Capital CEO & Founder Dan Morehead joins Yahoo Finance reporter Brian Cheung to discuss the outlook on Bitcoin, Blockchain technology, Pantera's $600 million fund, Bitcoin's future, Blockchain technology, and cryptocurrency opportunities and valuations. Don't Miss: Valley of Hype: The Culture That Built Elizabeth Holmes WATCH HERE: https://youtu.be/Sb179GLPNYE Watch the 2021 Berkshire Hathaway Annual Shareholders Meeting on YouTube: https://youtu.be/gx-OzwHpM9k Subscribe to Yahoo Finance: https://yhoo.it/2fGu5Bb About Yahoo Finance: At Yahoo Finance, you get free stock quotes, up-to-date news, portfolio management resources, international market data, social interaction and mortgage rates that help you manage your financial life.", "source_name": "Yahoo Finance", "date": "Sat, 26 Mar 2022 10:00:05 -0400", "topics": [], "sentiment": "Neutral", "type": "Video", "tickers": ["BTC"]}, {"news_url": "https://www.cryptopolitan.com/ripple-price-analysis-2022-03-26/", "image_url": "https://crypto.snapi.dev/images/v1/i/v/ripple-price-analysis-2022-03-26-121855.png", "title": "Ripple price analysis: XRP retests $0.82, consolidation to follow?", "text": "TL;DR Breakdown Ripple price analysis is bearish today. XRP/USD saw a lower high set at $0.85 on Thursday.", "source_name": "Cryptopolitan", "date": "Sat, 26 Mar 2022 09:39:58 -0400", "topics": ["tanalysis"], "sentiment": "Neutral", "type": "Article", "tickers": ["XRP"]}, {"news_url": "https://coinpedia.org/ripple/ripple-vs-sec-the-month-april-looks-decisive-for-the-lawsuit-here-is-why/", "image_url": "https://crypto.snapi.dev/images/v1/q/8/crypto8-121847.jpg", "title": "Ripple vs SEC : The Month April Looks Decisive For The Lawsuit ! Here Is Why?", "text": "As per a recent twitter post by defense lawyer, James K. Finlan, Ripple defendants Brad Garlinghouse and Chirs Larsen have filed a motion of extension to respond to SEC. As per the filings, they have asked for an extension of time to respond against SEC's proposed redactions to key documents of agency's meetings with third \u2026", "source_name": "CoinPedia", "date": "Sat, 26 Mar 2022 09:15:23 -0400", "topics": ["regulations"], "sentiment": "Negative", "type": "Article", "tickers": ["XRP"]}, {"news_url": "https://www.cnbc.com/2022/03/26/exxon-mining-bitcoin-with-crusoe-energy-in-north-dakota-bakken-region.html", "image_url": "https://crypto.snapi.dev/images/v1/p/f/106747576-16028483762020-10-15t214007z-1517412186-rc29jj9qlkfr-rtrmadp-0-usa-election-oil-donors-121828.jpeg", "title": "Exxon is mining bitcoin in North Dakota as part of its plan to slash emissions", "text": "ExxonMobil has been working with Denver-based Crusoe Energy Systems to mine bitcoin in North Dakota for over a year, according to people with knowledge of the project.", "source_name": "CNBC", "date": "Sat, 26 Mar 2022 09:00:01 -0400", "topics": ["mining"], "sentiment": "Neutral", "type": "Article", "tickers": ["BTC"]}, {"news_url": "https://coinpedia.org/altcoin/bitcoin-btc-and-ethereum-eth-price-rally/", "image_url": "https://crypto.snapi.dev/images/v1/9/q/crypto7-121825.jpg", "title": "This Level Will Decide Bitcoin (BTC) and Ethereum (ETH) Price Rally! Here's What Traders Can Expect", "text": "Since a week ago, the Bitcoin price track has been predominantly upward. As a result, Bitcoin jumped several thousand dollars and surged above $43,000. The uptrend continued and BTC Price reclaimed $44,000 and also touched $45,000 before falling back to $44,000 At the time of writing Bitcoin is trading at $44,422. Ethereum's (ETH) price is \u2026", "source_name": "CoinPedia", "date": "Sat, 26 Mar 2022 08:46:52 -0400", "topics": [], "sentiment": "Positive", "type": "Article", "tickers": ["BTC", "ETH"]}, {"news_url": "https://coinpedia.org/price-analysis/solana-sol-price-smashes-100-while-terra-luna-price-chases-who-will-be-the-winner/", "image_url": "https://crypto.snapi.dev/images/v1/7/c/crypto6-121824.jpg", "title": "Solana(SOL) Hits $100 Again While Terra (LUNA) Price Chases, Who will Be the Winner By EOD?", "text": "Terra(LUNA) Price Analysis Terra price gained huge bullish momentum since the second half of 2021 and since then ranged high but failed to sustain at $100. After a couple of rejections, the price consolidated within healthy regions that point out towards a massive breakout ahead. The ADA price is currently jumping above $86, igniting a \u2026", "source_name": "CoinPedia", "date": "Sat, 26 Mar 2022 08:39:00 -0400", "topics": [], "sentiment": "Positive", "type": "Article", "tickers": ["LUNA", "SOL"]}, {"news_url": "https://cointelegraph.com/news/bitcoin-sellers-keep-btc-price-action-in-check-amid-45k-fakeout-warning", "image_url": "https://crypto.snapi.dev/images/v1/w/e/840-ahr0chm6ly9zmy5jb2ludgvszwdyyxbolmnvbs91cgxvywrzlziwmjitmdmvzjblmzi5zmetywu3mi00otgxlwi1ytatmgfmymnhzji4zdbmlmpwzw-121821.jpg", "title": "Bitcoin sellers keep BTC price action in check amid $45K 'fakeout' warning", "text": "Eyes are still on what happens above the current local highs, not below, even as BTC price action is up 6% in a week.", "source_name": "Cointelegraph", "date": "Sat, 26 Mar 2022 08:18:17 -0400", "topics": [], "sentiment": "Negative", "type": "Article", "tickers": ["BTC"]}, {"news_url": "https://www.newsbtc.com/news/bitcoin/malice-or-ignorance-the-new-york-times-keeps-printing-lies-about-bitcoin-mining/", "image_url": "https://crypto.snapi.dev/images/v1/r/j/new-york-times-g16e655070-1280-122040.jpg", "title": "Malice Or Ignorance? The New York Times Keeps Printing Lies About Bitcoin Mining", "text": "The New York Times' campaign against bitcoin rages on. Even though this time they had the perfect opportunity to write a balanced article, they didn't.", "source_name": "NewsBTC", "date": "Sat, 26 Mar 2022 08:01:32 -0400", "topics": ["mining"], "sentiment": "Neutral", "type": "Article", "tickers": ["BTC"]}, {"news_url": "https://cryptobriefing.com/defi-project-spotlight-tornado-cash-ethereums-top-privacy-tool/?utm_source=main_feed&utm_medium=rss", "image_url": "https://crypto.snapi.dev/images/v1/f/g/tornado-cash-cover-838x440-121818.jpg", "title": "DeFi Project Spotlight: Tornado Cash, Ethereum's Top Privacy Tool", "text": "Tornado Cash is a decentralized, non-custodial protocol that enables private transactions on Ethereum.", "source_name": "Crypto Briefing", "date": "Sat, 26 Mar 2022 07:59:41 -0400", "topics": [], "sentiment": "Positive", "type": "Article", "tickers": ["ETH"]}, {"news_url": "https://coingape.com/?p=105969", "image_url": "https://crypto.snapi.dev/images/v1/4/h/ethereum-121817.webp", "title": "Google Searches For \u201cEthereum Merge\u201d Hit All Time High; ETH Price Reclaims $3000", "text": "Anticipation keeps building up for Ethereum's planned migration to being a proof-of-stake blockchain. Google searches for \u201cEthereum merge\u201d just set a new all-time high.", "source_name": "Coingape", "date": "Sat, 26 Mar 2022 07:54:16 -0400", "topics": [], "sentiment": "Positive", "type": "Article", "tickers": ["ETH"]}, {"news_url": "https://www.cryptopolitan.com/polkadot-price-analysis2022-03-26/", "image_url": "https://crypto.snapi.dev/images/v1/l/q/webpnet-resizeimage-9-121815.jpg", "title": "Polkadot price analysis: DOT/USD prices consolidates at $20.77, as bears have the upper hand", "text": "TL;DR Breakdown Polkadot price analysis shows a downtrend DOT prices have sought support at $20.27 Polkadot prices are currently facing resistance at $20.86 Today Polkadot price analysis shows that the [\u2026]", "source_name": "Cryptopolitan", "date": "Sat, 26 Mar 2022 07:45:59 -0400", "topics": ["tanalysis"], "sentiment": "Negative", "type": "Article", "tickers": ["DOT"]}, {"news_url": "https://ambcrypto.com/xrp-avalanche-polkadot-price-analysis-26-march/", "image_url": "https://crypto.snapi.dev/images/v1/0/r/pa-1-cover-9-121814.jpg", "title": "XRP, Avalanche, Polkadot Price Analysis: 26 March", "text": "The altcoin market posted remarkable gains in the past week, but many hit resistance levels on their own charts as Bitcoin also stalled in a resistance zone. A pullback before another leg upwards appeared likely for Avalanche, while XRP continued to be in an uptrend.", "source_name": "AMBCrypto", "date": "Sat, 26 Mar 2022 07:30:04 -0400", "topics": ["tanalysis"], "sentiment": "Neutral", "type": "Article", "tickers": ["AVAX", "DOT", "XRP"]}, {"news_url": "https://coinpedia.org/ethereum/ethereum-eth-to-witness-a-major-rally-leading-altcoin-season/", "image_url": "https://crypto.snapi.dev/images/v1/2/g/crypto5-121813.jpg", "title": "Ethereum (ETH) To Witness A Major Rally Leading Altcoin Season 2022! Here's When and How", "text": "Ethereum, the world's second-largest cryptocurrency by market cap, seems to be performing really well after bulls are back in charge after a week and managed to drive the currency above the $3,000 level. As the currency is trading above $3,100 at present, analysts are bullish about Ethereum price and expect the currency to surge further \u2026", "source_name": "CoinPedia", "date": "Sat, 26 Mar 2022 07:30:00 -0400", "topics": [], "sentiment": "Positive", "type": "Article", "tickers": ["ETH"]}, {"news_url": "https://www.dcforecasts.com/bitcoin-news/bitcoin-etf-hits-ath-with-the-institutional-demand-rising/", "image_url": "https://crypto.snapi.dev/images/v1/j/b/bitcoin-bull-cover-838x440-121580-121811.jpeg", "title": "Bitcoin ETF Hits ATH With The Institutional Demand Rising", "text": "Bitcoin ETF hits an all-time high holding 36,000 coins with the institutional demand rising as we can see more in today's latest Bitcoin news. The biggest Canadian Bitcoin ETF is hitting back-to-back ATH with respect to the holdings as inflows intensified.", "source_name": "DCForecasts", "date": "Sat, 26 Mar 2022 07:16:26 -0400", "topics": ["institutions"], "sentiment": "Positive", "type": "Article", "tickers": ["BTC"]}, {"news_url": "https://www.dcforecasts.com/bitcoin-news/russia-energy-committee-we-will-take-bitcoin-for-gas-and-oil/", "image_url": "https://crypto.snapi.dev/images/v1/u/4/russia-oui-121809.png", "title": "Russia Energy Committee: We Will Take Bitcoin For Gas And Oil", "text": "The Russia energy committee announced that they will take Bitcoin for oil and gas at least from China and Turkey as we can see more today in our latest cryptocurrency news today. Russia energy committee said that oil production kept the country's economy afloat and contend with sanctions.", "source_name": "DCForecasts", "date": "Sat, 26 Mar 2022 07:05:13 -0400", "topics": [], "sentiment": "Positive", "type": "Article", "tickers": ["BTC"]}, {"news_url": "https://news.bitcoin.com/bitcoin-ethereum-technical-analysis-btc-eth-begin-weekend-close-to-key-resistance-levels/", "image_url": "https://crypto.snapi.dev/images/v1/5/l/shutterstock-1033955257-121808.jpg", "title": "Bitcoin, Ethereum Technical Analysis: BTC, ETH Begin Weekend Close to Key Resistance Levels", "text": "Bitcoin and ethereum began the weekend trading close to key resistance levels, as crypto markets continued to sustain recent gains. Overall, the global cryptocurrency market cap was marginally higher on Saturday, as traders prepared for this weekend's session. Bitcoin BTC is currently trading 6% higher than at the beginning of the week, this coming as [\u2026]", "source_name": "Bitcoin", "date": "Sat, 26 Mar 2022 07:00:26 -0400", "topics": ["tanalysis"], "sentiment": "Neutral", "type": "Article", "tickers": ["BTC", "ETH"]}, {"news_url": "https://www.dcforecasts.com/blockchain-news/solana-gained-10-as-the-gaming-adoption-enhances/", "image_url": "https://crypto.snapi.dev/images/v1/z/z/sol-6-121002-121807.jpg", "title": "Solana Gained 10% As The Gaming Adoption Enhances", "text": "Solana gained 10% with the gaming adoption enhancing and the SOL token has seen larger gains than others over the past week so let's see why in our latest blockchain news today. Solana is the ninth biggest crypto by market cap and Solana gained 10% in the past day and moved from $96 to $103 [\u2026]", "source_name": "DCForecasts", "date": "Sat, 26 Mar 2022 06:59:52 -0400", "topics": [], "sentiment": "Positive", "type": "Article", "tickers": ["SOL"]}, {"news_url": "https://www.dcforecasts.com/bitcoin-news/bitcoin-tests-45k-while-cardano-exploded-30-price-analysis/", "image_url": "https://crypto.snapi.dev/images/v1/6/2/cardano-developers-finishjpgfit10242c600ssl1-120776-121803.jpg", "title": "Bitcoin Tests $45K While Cardano Exploded 30%: Price Analysis", "text": "Bitcoin tests $45K while Cardano exploded 30% in the past week and now BTC is reaching this level for the third time so let's read more in our latest altcoin news today. It has been an interesting week in the crypto space and we are finally seeing some green on the markets.", "source_name": "DCForecasts", "date": "Sat, 26 Mar 2022 06:49:39 -0400", "topics": ["tanalysis"], "sentiment": "Positive", "type": "Article", "tickers": ["ADA", "BTC"]}, {"news_url": "https://u.today/ripple-files-motion-to-gain-extra-time-to-respond-to-secs-redactions-of-meeting-notes?SNAPI", "image_url": "https://crypto.snapi.dev/images/v1/j/k/13596-121805.jpg", "title": "Ripple Files Motion to Gain Extra Time to Respond to SEC's Redactions of Meeting Notes", "text": "Ripple has requested for extra time to come up with a response to the SEC's redactions of the notes from meetings", "source_name": "UToday", "date": "Sat, 26 Mar 2022 06:49:00 -0400", "topics": ["regulations"], "sentiment": "Neutral", "type": "Article", "tickers": ["XRP"]}, {"news_url": "https://coingape.com/?p=105961", "image_url": "https://crypto.snapi.dev/images/v1/z/p/bitcoin-4k-concepts-gold-coins-bitcoin-sign-e1647505245366-121801.jpg", "title": "Bitcoin's (BTC) Latest Rally To Face Strong Resistance Before $46K", "text": "Bitcoin's (BTC) latest rally saw the world's largest token jump nearly 7% in seven days and briefly pass $45,000- an over one-month high. But recent data suggests that short-term profit taking may stifle the token's advance to beyond $46,000.", "source_name": "Coingape", "date": "Sat, 26 Mar 2022 06:45:13 -0400", "topics": [], "sentiment": "Positive", "type": "Article", "tickers": ["BTC"]}, {"news_url": "https://www.fool.com/investing/2022/03/26/which-is-a-better-buy-waves-or-solana/", "image_url": "https://crypto.snapi.dev/images/v1/8/4/840-ahr0chm6ly9zmy5jb2ludgvszwdyyxbolmnvbs91cgxvywrzlziwmjetmdcvn2fiodixmmmtnjdjzs00yja4ltgymjetowm3odayztnkyzdklmpwzw-38883-121839.jpg", "title": "Which Is a Better Buy -- Waves or Solana?", "text": "Waves is one of 2022's hottest cryptocurrencies. Can it keep the momentum going and challenge the likes of Solana?", "source_name": "The Motley Fool", "date": "Sat, 26 Mar 2022 06:45:00 -0400", "topics": [], "sentiment": "Neutral", "type": "Article", "tickers": ["SOL", "WAVES"]}, {"news_url": "https://www.dcforecasts.com/bitcoin-news/btc-regained-ground-with-the-price-nearing-45000/", "image_url": "https://crypto.snapi.dev/images/v1/y/c/bitcoin-price-surge-may-not-be-trade-war-but-whales-121669-121800.jpg", "title": "BTC Regained Ground With The Price Nearing $45,000", "text": "BTC regained ground with the price nearing $45,000 while Ethereum is also up and most of the market had a great week so let's read more today in our Bitcoin latest news today. Bitcoin regained ground and continued to move ahead after the weeks of struggle and neared $45,000 which is an increase of 1% [\u2026]", "source_name": "DCForecasts", "date": "Sat, 26 Mar 2022 06:37:45 -0400", "topics": [], "sentiment": "Positive", "type": "Article", "tickers": ["BTC"]}, {"news_url": "https://www.fool.com/investing/2022/03/26/why-silvergate-is-one-crypto-stock-heavily-benefit/", "image_url": "https://crypto.snapi.dev/images/v1/a/r/aronpw-c5-vd7r4fyu-unsplash-scaled-120361-120641-121102-121568-121838.jpg", "title": "Why Silvergate Is One Crypto Stock That Can Heavily Benefit From Rising Interest Rates", "text": "It has lots of excess cash and deposits that it will be able to deploy into higher-yielding assets.", "source_name": "The Motley Fool", "date": "Sat, 26 Mar 2022 06:11:00 -0400", "topics": [], "sentiment": "Positive", "type": "Article", "tickers": ["BTC"]}, {"news_url": "https://coingape.com/?p=105957", "image_url": "https://crypto.snapi.dev/images/v1/k/j/sec-vs-ripple-121797.jpg", "title": "Why April Is A Crucial Month For XRP Vs SEC Case?", "text": "The defendants Bradley Garlinghouse, Christian Larsen, and Ripple Labs Inc. in the lawsuit against U.S SEC have filed for a motion for extension. As per the motion, they seek more time to respond against the commission's proposed redactions of Key Documents.", "source_name": "Coingape", "date": "Sat, 26 Mar 2022 06:04:34 -0400", "topics": ["regulations"], "sentiment": "Neutral", "type": "Article", "tickers": ["XRP"]}, {"news_url": "https://coinidol.com/polkadot-23-high/", "image_url": "https://crypto.snapi.dev/images/v1/6/o/3ded006d667b192633171dfd49e2088b-121799.jpg", "title": "Polkadot Rallies above $19 and $20 Resistances, Targets the $23 High", "text": "Polkadot (DOT) is trading above the moving averages as the altcoin has risen to a high of $21.48. The cryptocurrency is out of the downward correction if the current bullish momentum above the moving averages continues.", "source_name": "Coin Idol", "date": "Sat, 26 Mar 2022 06:00:00 -0400", "topics": [], "sentiment": "Positive", "type": "Article", "tickers": ["DOT"]}, {"news_url": "https://www.newsbtc.com/news/company/the-mosque-nfts-to-mint-12000-shariah-compliant-digital-mosques-on-ethereum/", "image_url": "https://crypto.snapi.dev/images/v1/1/o/mosquenft-122041.png", "title": "The Mosque NFTs to mint 12,000 Shariah Compliant Digital Mosques on Ethereum", "text": "In 2021, over $40 billion of NFTs changed hands, marking a 20X increase from 2022, thrusting NFTs into the limelight, demonstrating the use cases of yet another blockchain innovation. NFTs bear similarities with cryptocurrencies in that both deploys from a public chain and their transactions are open and, thus, can be traced.", "source_name": "NewsBTC", "date": "Sat, 26 Mar 2022 05:23:18 -0400", "topics": ["NFT"], "sentiment": "Neutral", "type": "Article", "tickers": ["ETH"]}, {"news_url": "https://dailyhodl.com/2022/03/26/top-ethereum-gaming-altcoin-erupts-as-project-reveals-plans-for-1700000000-treasury/", "image_url": "https://crypto.snapi.dev/images/v1/z/n/gaming-altcoin-eruptsjpgfit10242c600ssl1-121798.jpg", "title": "Top Ethereum Gaming Altcoin Erupts After $1,700,000,000 Treasury Plans Are Unveiled", "text": "A popular play-to-earn metaverse altcoin built on Ethereum is seeing significant gains after project developers revealed plans for community governance. In a new blog post, Axie Infinity (AXS) highlights the game's tremendous growth over the past year and announces long-term plans to implement what it calls \u201cprogressive decentralization\u201d to empower the community. \u201cPlayers deserve ownership [\u2026] The post Top Ethereum Gaming Altcoin Erupts After $1,700,000,000 Treasury Plans Are Unveiled appeared first on The Daily Hodl.", "source_name": "The Daily Hodl", "date": "Sat, 26 Mar 2022 05:15:43 -0400", "topics": ["regulations"], "sentiment": "Neutral", "type": "Article", "tickers": ["ETH"]}, {"news_url": "https://bitcoinist.com/the-mosque-nft-project-to-mint-12000-mosques-on-ethereum-to-support-over-10-charities/", "image_url": "https://crypto.snapi.dev/images/v1/z/e/mosquenft-640x360-121790.png", "title": "The Mosque NFT Project to Mint 12,000 Mosques on Ethereum, to Support Over 10 Charities", "text": "Increasingly, charities worldwide accept crypto donations and are even experimenting with equally exciting opportunities in NFTs to further their novel causes. Cryptocurrencies and NFTs are a global phenomenon launching from public chains such as Ethereum and the BNB Chain, facilitating the free flow of funds and enabling true ownership of digital assets with on-chain provenance.", "source_name": "Bitcoinist", "date": "Sat, 26 Mar 2022 05:00:03 -0400", "topics": ["NFT"], "sentiment": "Neutral", "type": "Article", "tickers": ["ETH"]}, {"news_url": "https://cryptopotato.com/crypto-market-cap-reclaims-2-trillion-as-bitcoin-touched-45k-weekend-watch/", "image_url": "https://crypto.snapi.dev/images/v1/e/f/2trillion-canva-121787.jpg", "title": "Crypto Market Cap Reclaims $2 Trillion as Bitcoin Touched $45K (Weekend Watch)", "text": "The crypto market cap is above $2 trillion for the first time in a while, as bitcoin jumped to $45,000.", "source_name": "CryptoPotato", "date": "Sat, 26 Mar 2022 04:44:46 -0400", "topics": [], "sentiment": "Neutral", "type": "Article", "tickers": ["BTC"]}, {"news_url": "https://www.cryptoglobe.com/latest/2022/03/investanswers-host-explains-why-he-is-very-bullish-on-terra-luna-and-solana-sol/", "image_url": "https://crypto.snapi.dev/images/v1/c/6/stock-market-g631377cde-1920-121785.jpg", "title": "InvestAnswers Host Explains Why He Is Very Bullish on Terra ($LUNA) and Solana ($SOL)", "text": "The host of popular crypto commentary and market analysis show InvestAnswers recently explained his bullishness on Ethereum competitors Terra ($LUNA) and Solana ($SOL).\u00a0 Speaking in a recent YouTube video, InvestAnswers's host told subscribers that he is bullish on Terra due to the project's plans to back stablecoin UST by Bitcoin reserves. As reported by The [\u2026]", "source_name": "CryptoGlobe", "date": "Sat, 26 Mar 2022 04:20:00 -0400", "topics": [], "sentiment": "Positive", "type": "Article", "tickers": ["LUNA", "SOL"]}, {"news_url": "https://www.thecryptoupdates.com/analysis-of-bitcoin-prices/", "image_url": "https://crypto.snapi.dev/images/v1/n/o/bitcoin-480x320-121784.jpeg", "title": "Analysis of Bitcoin Prices", "text": "In the last week, the value of Bitcoin has gone up more than $7,000, making it even more valuable. The price of Bitcoin briefly hit...", "source_name": "TCU", "date": "Sat, 26 Mar 2022 04:07:21 -0400", "topics": [], "sentiment": "Neutral", "type": "Article", "tickers": ["BTC"]}, {"news_url": "https://coinpedia.org/bitcoin/bitcoin-correction-not-over/", "image_url": "https://crypto.snapi.dev/images/v1/q/g/crypto19-121783.jpg", "title": "Bitcoin Correction Not Over! BTC Price To Hit This Low Level Before Massive Upswing of 230%", "text": "Bitcoin has momentarily passed $44,000, stretching its streak. After weeks of struggling between the $42,000 & $44,000 range, the currency had reached the $45,000 level yesterday, 25th March 2022 before plunging back to the $44,000 range. Bitcoin Price Analysis At the press time, Bitcoin is trading at $44,400 with an increase of 0.96% in the \u2026", "source_name": "CoinPedia", "date": "Sat, 26 Mar 2022 04:00:00 -0400", "topics": [], "sentiment": "Neutral", "type": "Article", "tickers": ["BTC"]}, {"news_url": "https://news.bitcoin.com/pubg-developer-krafton-partners-with-solana-labs-to-build-blockchain-games-and-services/", "image_url": "https://crypto.snapi.dev/images/v1/g/o/shutterstock-2034456602-121780.jpg", "title": "PUBG Developer Krafton Partners With Solana Labs to Build Blockchain Games and Services", "text": "Krafton, the company behind the development of the blockbuster videogame PUBG, has announced a partnership with Solana Labs with the objective of building its blockchain game offering. The new business plan of the company includes the creation of token economies to power play-to-earn (P2E) experiences to build its own Web3 offerings. Krafton Chooses Solana to [\u2026]", "source_name": "Bitcoin", "date": "Sat, 26 Mar 2022 03:30:48 -0400", "topics": [], "sentiment": "Positive", "type": "Article", "tickers": ["SOL"]}, {"news_url": "https://dailyhodl.com/2022/03/26/crypto-analyst-issues-massive-price-warning-for-bitcoin-btc-ethereum-eth-and-three-altcoins-here-are-his-targets/", "image_url": "https://crypto.snapi.dev/images/v1/t/l/massive-dips-btc-ethjpgfit10242c600ssl1-121776.jpg", "title": "Crypto Analyst Issues Massive Price Warning for Bitcoin (BTC), Ethereum (ETH) and Three Altcoins \u2013 Here Are His Targets", "text": "A widely-followed analyst has a bleak short-term outlook for Bitcoin, Ethereum and several of the largest crypto assets by market cap. The pseudonymous analyst, who goes by the name Capo, tells his 242,000 Twitter followers that there's no reason to be bullish, and he expects Bitcoin to break down in April. Capo expects BTC to [\u2026] The post Crypto Analyst Issues Massive Price Warning for Bitcoin (BTC), Ethereum (ETH) and Three Altcoins \u2013 Here Are His Targets appeared first on The Daily Hodl.", "source_name": "The Daily Hodl", "date": "Sat, 26 Mar 2022 03:04:42 -0400", "topics": [], "sentiment": "Negative", "type": "Article", "tickers": ["BTC", "ETH", "ADA", "FTM", "LUNA"]}, {"news_url": "https://en.cryptonomist.ch/2022/03/26/which-cryptocurrencies-explode-2022/", "image_url": "https://crypto.snapi.dev/images/v1/s/p/crypto-explode-2022-300x200-121778.jpg", "title": "Which cryptocurrencies will explode in 2022?", "text": "2022 may not be a particularly rich year for crypto booms", "source_name": "The Cryptonomist", "date": "Sat, 26 Mar 2022 03:01:35 -0400", "topics": [], "sentiment": "Positive", "type": "Article", "tickers": ["ALGO", "MATIC", "SOL", "UNI"]}, {"news_url": "https://coinpedia.org/price-analysis/this-is-decision-time-for-bitcoin-will-btc-price-hit-36k-or-range-high-to-test-50k/", "image_url": "https://crypto.snapi.dev/images/v1/d/4/crypto17-121774.jpg", "title": "This is the Decision Time for Bitcoin, Will BTC Price Hit $36,000 or Range High to Test $50,000?", "text": "Bitcoin price for the third time has tested and faced a rejection ever since the asset dropped below $46,000 at the beginning of 2022. Trending within a similar pattern BTC price may be expected to reach out the lower support close to $37,000 yet again. But the current rejection showcases a diverse trend as the \u2026", "source_name": "CoinPedia", "date": "Sat, 26 Mar 2022 02:42:00 -0400", "topics": [], "sentiment": "Neutral", "type": "Article", "tickers": ["BTC"]}, {"news_url": "https://coingape.com/?p=105941", "image_url": "https://crypto.snapi.dev/images/v1/e/t/ethereum-121829.webp", "title": "ETH Set for A Major Rally in 2022 As Per Discounted Cash Flow Model, Whale Holdings Increase", "text": "The world's second-largest cryptocurrency Ethereum (ETH) made a strong move this week above $3,000, outperforming Bitcoin once again. As the ETH price currently trades around $3,100, analysts are hopeful that the ETH price can surge further this year in 2022.", "source_name": "Coingape", "date": "Sat, 26 Mar 2022 02:41:02 -0400", "topics": ["whales"], "sentiment": "Positive", "type": "Article", "tickers": ["ETH"]}, {"news_url": "https://www.cryptoglobe.com/latest/2022/03/top-10-ufc-flyweight-fighter-is-going-to-get-paid-in-bitcoin/", "image_url": "https://crypto.snapi.dev/images/v1/t/1/bitcoin-g7ac223d59-1280-121775.jpg", "title": "Top-10 UFC Flyweight Fighter Is Going to Get Paid in Bitcoin", "text": "The currently ranked #7 flyweight in the Ultimate FIghting Championship (UFC) has agreed to receive all of his future fight earnings in Bitcoin via payroll service Bitwage.\u00a0 According to Bitwage's press release, UFC flyweight fighter Matheus Nicolau has agreed to a deal to receive his future paychecks with the organization in Bitcoin. Nicolau represents the [\u2026]", "source_name": "CryptoGlobe", "date": "Sat, 26 Mar 2022 02:36:28 -0400", "topics": [], "sentiment": "Neutral", "type": "Article", "tickers": ["BTC"]}, {"news_url": "https://coingape.com/?p=105946", "image_url": "https://crypto.snapi.dev/images/v1/z/v/bitcoin-price-prediction-11-121773.jpg", "title": "Bitcoin Price Prediction: BTC Price Targets $52,000 Inside Ascending Channel", "text": "Bitcoin price extends the previous session's gains albeit in limited price action. BTC remains pressured below the critical 200-day EMA (Exponential Moving Average) at $44,700.", "source_name": "Coingape", "date": "Sat, 26 Mar 2022 02:28:15 -0400", "topics": [], "sentiment": "Neutral", "type": "Article", "tickers": ["BTC"]}, {"news_url": "https://www.cryptopolitan.com/ripple-price-analysis-2022-03-25/", "image_url": "https://crypto.snapi.dev/images/v1/p/b/tech-daily-h329ghs-lc8-unsplash-1140x815-1-121772.jpeg", "title": "Ripple price analysis: XRP set to breakout towards $0.90 as current price provides buying opportunity", "text": "TL;DR Breakdown Ripple price analysis shows price was subjected to a 2 percent decline over the past 24 hours XRP targets a $0.90 close over the weekend as current price [\u2026]", "source_name": "Cryptopolitan", "date": "Sat, 26 Mar 2022 02:26:55 -0400", "topics": ["tanalysis"], "sentiment": "Positive", "type": "Article", "tickers": ["XRP"]}, {"news_url": "https://www.cryptopolitan.com/bitcoin-binance-coin-bora-and-bitcoin-gold-daily-price-analyses-25-march-roundup/", "image_url": "https://crypto.snapi.dev/images/v1/d/2/roundup-1140-x-570-2022-mar-allcoins-121770.png", "title": "Bitcoin, Binance Coin, Bora, and Bitcoin Gold Daily Price Analyses \u2013 25 March Roundup", "text": "TL;DR Breakdown The global crypto market changes to bearishness, shedding 0.30% over the last 24 hours. Bitcoin has continued gains so far as it added 0.89% over the last 24 [\u2026]", "source_name": "Cryptopolitan", "date": "Sat, 26 Mar 2022 00:07:15 -0400", "topics": [], "sentiment": "Neutral", "type": "Article", "tickers": ["BNB", "BTC", "BTG", "BORA"]}, {"news_url": "https://www.newsbtc.com/news/bitcoin-retakes-robust-position/", "image_url": "https://crypto.snapi.dev/images/v1/n/8/bitcoin-9-122042.jpg", "title": "Bitcoin Retakes Robust Position As Price Nears $45,000", "text": "Bitcoin's price has momentarily surpassed $44,000, extending its impressive streak of roughly $7,000 gains over the last week. Bitcoin has steadily increased after weeks of difficulty, approaching the $45,000 mark \u2013 a 1% increase in the last 24 hours and a nearly 20% increase in the last 30 days, Coingecko charts show.", "source_name": "NewsBTC", "date": "Sat, 26 Mar 2022 00:02:54 -0400", "topics": [], "sentiment": "Positive", "type": "Article", "tickers": ["BTC"]}, {"news_url": "https://bitcoinmagazine.com/markets/bitcoin-game-theory-and-russian-adoption", "image_url": "https://crypto.snapi.dev/images/v1/i/z/img-5425-121768.jpg", "title": "Bitcoin Game Theory Intensifies: Russia Accepts Bitcoin For Exports", "text": "News out of Russia indicates the country is open to accepting Bitcoin and other hard assets in exchange for oil and other commodity exports.", "source_name": "Bitcoin Magazine", "date": "Fri, 25 Mar 2022 23:30:23 -0400", "topics": [], "sentiment": "Positive", "type": "Article", "tickers": ["BTC"]}, {"news_url": "https://coinpedia.org/price-analysis/ethereum-whales-concentration-hits-ath-yet-the-eth-price-expected-to-hit-10000-soon/", "image_url": "https://crypto.snapi.dev/images/v1/k/q/ethereum-torched-sincejpgfit10242c600ssl1-120866-121767.jpg", "title": "Ethereum Whale Concentration Hits ATH, Yet the ETH Price Expected to Hit $10,000 Very Soon!", "text": "The ETH price underwent a gigantic rally through 2021 and achieved levels very close to $5000. Ever since then the asset is witnessing an extreme descending trend that bottomed hard below $2000. However. The second-largest crypto is expected to undergo a decent rally in the upcoming days as the whales have already entered the ring.\u00a0 \u2026", "source_name": "CoinPedia", "date": "Fri, 25 Mar 2022 23:16:44 -0400", "topics": ["whales"], "sentiment": "Positive", "type": "Article", "tickers": ["ETH"]}, {"news_url": "https://coinpedia.org/price-analysis/btc-and-eth-price-to-hit-21000-1100-respectively/", "image_url": "https://crypto.snapi.dev/images/v1/0/y/bitcoinethereumthought-catalog-bj8u389a9n8-unsplash-0-121309-121765.jpg", "title": "Extreme Bearish Predictions Emerge Amidst the Expected Bull Run, BTC & ETH Price To hit $21000 & $1100 respectively!", "text": "Bitcoin price after a tough brawl is hovering above $44,000 from the last trading day and manifesting the possibilities to close the Q1 trade close to $50,000. Also, the other assets like Ethereum price maintained their positions above $3000, pointing out towards a probable altseason may be on their toes. Amidst such bullish conditions, still, \u2026", "source_name": "CoinPedia", "date": "Fri, 25 Mar 2022 22:46:49 -0400", "topics": [], "sentiment": "Negative", "type": "Article", "tickers": ["BTC"]}, {"news_url": "https://cointelegraph.com/news/after-years-of-doubts-and-concerns-it-is-finally-bitcoin-s-time-to-shine", "image_url": "https://crypto.snapi.dev/images/v1/a/z/840-ahr0chm6ly9zmy5jb2ludgvszwdyyxbolmnvbs91cgxvywrzlziwmjitmdmvzja2nduwnmytmtrmmc00mdm1ltgwywmtzdzkyjaxnge0mtk3lmpwzw-121764.jpg", "title": "After years of doubts and concerns, it is finally Bitcoin's time to shine", "text": "Bitcoin leads the way as investors seek adaptable hedging alternatives in the search for the new digital gold.", "source_name": "Cointelegraph", "date": "Fri, 25 Mar 2022 22:13:00 -0400", "topics": [], "sentiment": "Positive", "type": "Article", "tickers": ["BTC"]}, {"news_url": "https://coinpedia.org/price-analysis/ripple-striving-hard-to-hit-0-9-will-xrp-price-hit-1-before-q1-close/", "image_url": "https://crypto.snapi.dev/images/v1/x/r/xrp2few2-121763.", "title": "Ripple Striving to Hit $0.9 levels Soon, Will XRP Price Hit $1 Before the Close of Q1 Trade?", "text": "XRP price earlier followed a substantial uptrend through ever since it managed to spike in the past couple of days. However, the asset consolidated for a while and currently shed most of its gains but quickly shed a huge amount of its value, yet sustains above $0.8. while the bears have capitulated the market, the \u2026", "source_name": "CoinPedia", "date": "Fri, 25 Mar 2022 22:08:07 -0400", "topics": [], "sentiment": "Positive", "type": "Article", "tickers": ["XRP"]}, {"news_url": "https://news.bitcoin.com/malaysia-will-not-adopt-bitcoin-as-legal-tender-government-says/", "image_url": "https://crypto.snapi.dev/images/v1/j/k/malaysia-2-121760.jpg", "title": "Malaysia Will Not Adopt Bitcoin as Legal Tender, Government Says", "text": "Malaysia's deputy finance minister has clarified that the government will not adopt cryptocurrency as legal tender. \u201cCryptocurrencies like bitcoin are not suitable for use as a payment instrument due to various limitations,\u201d he said. Bitcoin Will Not Be Legal Tender in Malaysia, Says Deputy Finance Minister Following reports that a high-ranking government official has proposed [\u2026]", "source_name": "Bitcoin", "date": "Fri, 25 Mar 2022 21:30:08 -0400", "topics": [], "sentiment": "Negative", "type": "Article", "tickers": ["BTC"]}, {"news_url": "https://www.youtube.com/watch?v=EZpokhNAvYo", "image_url": "https://crypto.snapi.dev/images/v1/b/h/vitaly-mazur-4npbccycf4u-unsplash-120928-121757.jpg", "title": "Ether Outshines Bitcoin for Second Week", "text": "FalconX's Head of Institutional Coverage Aya Kantorovich joins Emily Chang and Bloomberg's Sonali Basak for a deep dive on why Ethereum is gaining traction over Bitcoin. Also: her thoughts on the role of crypto in the war in Ukraine, FalconX's global expansion, and the importance of ESG as the institutional adoption of crypto continues.", "source_name": "Bloomberg Technology", "date": "Fri, 25 Mar 2022 20:43:51 -0400", "topics": [], "sentiment": "Positive", "type": "Video", "tickers": ["ETH"]}, {"news_url": "https://www.newsbtc.com/news/bitcoin/the-level-to-beat-for-bitcoin-to-register-another-bull-rally/", "image_url": "https://crypto.snapi.dev/images/v1/0/u/bitcoin-4-122044.jpeg", "title": "The Level To Beat For Bitcoin To Register Another Bull Rally", "text": "Bitcoin remains on a positive recovery trend. One that could very well see it beat the coveted $45,000 resistance point.", "source_name": "NewsBTC", "date": "Fri, 25 Mar 2022 19:00:44 -0400", "topics": [], "sentiment": "Positive", "type": "Article", "tickers": ["BTC"]}, {"news_url": "https://bitcoinist.com/heres-why-solana-sol-is-on-the-rise-lately/", "image_url": "https://crypto.snapi.dev/images/v1/c/u/solana-640x360-121751.jpeg", "title": "Here's Why Solana (SOL) Is On The Rise Lately", "text": "Anyone watching the charts recently will have noticed that Solana (SOL) has been on an impressive uptrend recently. The digital asset had grown from where it had been trending around the $88 price range and has once again made it above $100.", "source_name": "Bitcoinist", "date": "Fri, 25 Mar 2022 19:00:40 -0400", "topics": [], "sentiment": "Positive", "type": "Article", "tickers": ["SOL"]}, {"news_url": "https://www.cryptoglobe.com/latest/2022/03/bitcoin-btc-whale-accumulation-hits-one-year-high-as-exchange-outflows-suggest-potential-price-rise/", "image_url": "https://crypto.snapi.dev/images/v1/6/d/dmitry-demidko-og3a-ilg8ay-unsplash-121749.jpg", "title": "Bitcoin ($BTC) Whale Accumulation Hits One-Year High as Exchange Outflows Suggest Potential Price Rise", "text": "Bitcoin ($BTC) whales have been accumulating the flagship cryptocurrency ever since Russia started invading Ukraine. Addresses with 1,000 to 10,000 BTC have seen the amount of coins within their wallets jump by 8.3% since then. According to on-chain analytics firm Santiment, the 2,203 addresses are at a one-year high while holding between $44.2 million and [\u2026]", "source_name": "CryptoGlobe", "date": "Fri, 25 Mar 2022 18:50:00 -0400", "topics": ["whales"], "sentiment": "Positive", "type": "Article", "tickers": ["BTC"]}, {"news_url": "https://dailyhodl.com/2022/03/25/heres-when-us-lawmakers-could-approve-spot-market-bitcoin-etfs-according-to-bloomberg-analysts/", "image_url": "https://crypto.snapi.dev/images/v1/t/4/approve-spot-market-btcjpgfit10242c600ssl1-121745.jpg", "title": "Here's When US Lawmakers Could Approve Spot Market Bitcoin ETFs, According to Bloomberg Analysts", "text": "The U.S Securities and Exchange Commission (SEC) may approve spot market Bitcoin (BTC) exchange-traded funds (ETFs) as soon as next year, according to Bloomberg analysts. Bloomberg financial strategists James Seyffart and Eric Balchunas say that the SEC's recent proposal to expand the legal definition of \u201cexchange\u201d may mean the regulatory agency is ready to approve [\u2026] The post Here's When US Lawmakers Could Approve Spot Market Bitcoin ETFs, According to Bloomberg Analysts appeared first on The Daily Hodl.", "source_name": "The Daily Hodl", "date": "Fri, 25 Mar 2022 18:01:24 -0400", "topics": ["regulations"], "sentiment": "Positive", "type": "Article", "tickers": ["BTC"]}, {"news_url": "https://bitcoinist.com/bitcoin-developers-score-victory-craig-wright-legal/", "image_url": "https://crypto.snapi.dev/images/v1/x/y/bitcoin-btc-btcusd-5-601x420-121743.jpg", "title": "Bitcoin Developers Score Victory Against Craig Wright, Court Dismisses Legal Case", "text": "Bitcoin core developers and former core maintainers will not have to stand trial against Craig Wright. A judge in the United Kingdom ruled out that Wright via a company called Tulip Trading Limited (TTL) lacks the foundation to be tried \u201con the merits of the claim\u201d.", "source_name": "Bitcoinist", "date": "Fri, 25 Mar 2022 18:00:15 -0400", "topics": [], "sentiment": "Neutral", "type": "Article", "tickers": ["BTC"]}, {"news_url": "https://www.youtube.com/watch?v=1_c5EKLTUUo", "image_url": "https://crypto.snapi.dev/images/v1/k/q/bitcoin-as-an-economic-lifeline-amid-russia-ukraine-war-121744.jpg", "title": "Bitcoin as an Economic Lifeline Amid Russia-Ukraine War", "text": "Human Rights Foundation's Alex Gladstein explains the crucial role of cryptocurrency in the Ukraine war as displaced Ukrainians turn to digital assets for storage of funds. While the fiat currencies of Ukraine and Russia tumble, Gladstein points out that bitcoin has remained relatively stable since the onset of war, providing an economic lifeline for those in need.", "source_name": "Coindesk", "date": "Fri, 25 Mar 2022 18:00:01 -0400", "topics": [], "sentiment": "Neutral", "type": "Video", "tickers": ["BTC"]}, {"news_url": "https://ambcrypto.com/solana-pushes-towards-115-but-here-are-some-levels-that-can-act-as-roadblocks/", "image_url": "https://crypto.snapi.dev/images/v1/2/g/pp-4-sol-cover-1-e1648214544322-121738.jpg", "title": "Solana pushes towards $115 but here are some levels that can act as roadblocks", "text": "Disclaimer:\u00a0The findings of the following analysis are the sole opinions of the writer and should not be considered investment advice Has Solana broken the long-term bear trend? Technically, not yet.", "source_name": "AMBCrypto", "date": "Fri, 25 Mar 2022 17:30:25 -0400", "topics": [], "sentiment": "Negative", "type": "Article", "tickers": ["SOL"]}, {"news_url": "https://investorplace.com/2022/03/12-best-crypto-staking-platforms-for-turning-your-crypto-into-a-money-machine/", "image_url": "https://crypto.snapi.dev/images/v1/c/r/crypto12-121735.jpg", "title": "12 Best Crypto Staking Platforms for Turning Your Crypto Into a Money Machine", "text": "With hundreds of places to investor your digital money for passive income, what are the best crypto staking platforms?", "source_name": "Investorplace", "date": "Fri, 25 Mar 2022 17:10:30 -0400", "topics": [], "sentiment": "Positive", "type": "Article", "tickers": ["BTC", "DOT", "ETH", "SOL", "UST"]}, {"news_url": "https://bitcoinmagazine.com/business/usdt-pilot-brings-tokens-to-bitcoin-lightning", "image_url": "https://crypto.snapi.dev/images/v1/r/j/tether-partly-backed-by-bitcoin-121733.jpg", "title": "USDT Pilot Brings Tokens To Bitcoin's Lightning Network", "text": "The first USDT stablecoin transaction on a Lightning channel happened earlier this week as Synonym showcases broader use cases for Bitcoin.", "source_name": "Bitcoin Magazine", "date": "Fri, 25 Mar 2022 17:09:26 -0400", "topics": [], "sentiment": "Neutral", "type": "Article", "tickers": ["BTC", "USDT"]}, {"news_url": "https://bitcoinist.com/the-alarming-web3-beyond-the-solana-hack/", "image_url": "https://crypto.snapi.dev/images/v1/k/1/clint-patterson-dyeufb8kqjk-unsplash-628x420-121732.jpg", "title": "The Alarming Double Edge of Web3: Beyond The Solana Hack", "text": "Web3 tumbles as the Solana-based stablecoin Cashio lost its value after an experienced attacker exploited it for around $28 million. As the bloodshed of rug pulls grows, it is worth discussing what is at stake in the bigger picture.", "source_name": "Bitcoinist", "date": "Fri, 25 Mar 2022 17:00:30 -0400", "topics": [], "sentiment": "Negative", "type": "Article", "tickers": ["SOL"]}, {"news_url": "https://bitcoinmagazine.com/culture/bitcoin-is-peace-after-9-11", "image_url": "https://crypto.snapi.dev/images/v1/m/u/earth-121731.png", "title": "Bitcoin Is Peace For The 9/11 Generation: Wars On The Abstract", "text": "A society built on endless war is only possible given the power to print endless money to finance it.", "source_name": "Bitcoin Magazine", "date": "Fri, 25 Mar 2022 17:00:00 -0400", "topics": [], "sentiment": "Neutral", "type": "Article", "tickers": ["BTC"]}, {"news_url": "https://decrypt.co/96026/bitcoin-regains-ground-price-nears-45k", "image_url": "https://crypto.snapi.dev/images/v1/1/d/bitcoin-price-bull-bear-gid-4-121727.jpeg", "title": "Bitcoin Regains Ground as Price Edges Closer to $45,000", "text": "Ethereum is also up, and most of the crypto market has had a solid week.", "source_name": "Decrypt", "date": "Fri, 25 Mar 2022 16:40:02 -0400", "topics": [], "sentiment": "Positive", "type": "Article", "tickers": ["BTC"]}, {"news_url": "https://ambcrypto.com/three-reasons-why-btc-may-correct-despite-the-recent-bullish-uptick/", "image_url": "https://crypto.snapi.dev/images/v1/a/9/bitcoin-ga43dfd9ed-1280-121724.jpg", "title": "Three reasons why BTC may correct despite the recent bullish uptick", "text": "Bitcoin price saw a massive uptick in bullish momentum in the last week, causing it to surge and retest crucial resistance barriers. The optimism stems from the fact that Terra Labs has been buying up BTC to back its stablecoin reserves.", "source_name": "AMBCrypto", "date": "Fri, 25 Mar 2022 16:30:30 -0400", "topics": [], "sentiment": "Neutral", "type": "Article", "tickers": ["BTC"]}, {"news_url": "https://cryptopotato.com/institutional-demand-surges-purpose-bitcoin-etf-hits-ath/", "image_url": "https://crypto.snapi.dev/images/v1/b/s/bitcoinetfcanada-121717.png", "title": "Institutional Demand Surges: Purpose Bitcoin ETF Hits ATH", "text": "The largest Canadian Bitcoin ETF has increased its holding 36,000 BTC reaching a new high.", "source_name": "CryptoPotato", "date": "Fri, 25 Mar 2022 16:01:04 -0400", "topics": ["institutions"], "sentiment": "Positive", "type": "Article", "tickers": ["BTC"]}, {"news_url": "https://dailyhodl.com/2022/03/25/top-crypto-analyst-says-pair-of-indicators-are-bullish-for-crypto-markets-examines-bitcoin-btc-and-vechain-vet/", "image_url": "https://crypto.snapi.dev/images/v1/w/3/btc-vet-indicators-pairjpgfit10242c600ssl1-121719.jpg", "title": "Top Crypto Analyst Says Pair of Indicators Are Bullish for Crypto Markets, Examines Bitcoin (BTC) and VeChain (VET)", "text": "A leading crypto analyst says Tether (USDT) dominance and the US dollar index (DXY) are flashing major bullish signs for crypto. In a new tweet, Justin Bennett\u00a0shows\u00a0his 99,000 followers a chart depicting the relative market dominance of USDT. Bennett says USDT's recent drop relative market dominance is bullish for cryptos. \u201cFirst lower low from USDT.D [\u2026] The post Top Crypto Analyst Says Pair of Indicators Are Bullish for Crypto Markets, Examines Bitcoin (BTC) and VeChain (VET) appeared first on The Daily Hodl.", "source_name": "The Daily Hodl", "date": "Fri, 25 Mar 2022 15:55:04 -0400", "topics": [], "sentiment": "Positive", "type": "Article", "tickers": ["BTC", "VET"]}, {"news_url": "https://www.cryptopolitan.com/bank-leumi-launches-its-pepper-invest/", "image_url": "https://crypto.snapi.dev/images/v1/o/g/dariusz-kanclerz-mtj3h5ewibg-unsplash-121742.jpg", "title": "Bank Leumi launches Pepper Invest crypto project for BTC and ETH trading", "text": "TL;DR Breakdown \u2022 Israeli banking would be the first to promote crypto trading.\u2022 Bank Leumi partners with Paxos to launch its crypto platform.", "source_name": "Cryptopolitan", "date": "Fri, 25 Mar 2022 15:55:00 -0400", "topics": [], "sentiment": "Positive", "type": "Article", "tickers": ["BTC", "ETH"]}, {"news_url": "https://www.coindesk.com/business/2022/03/25/bitcoin-city-el-salvadors-dreams-for-utopia-on-hold/", "image_url": "https://crypto.snapi.dev/images/v1/w/5/yvg7mzvx2nbinjg3x45nrdj77i-121714.png", "title": "Bitcoin City: El Salvador's Dreams for Utopia on Hold", "text": "Locals interviewed by CoinDesk have mixed feelings about El Salvador's multimillion dollar proposal financed by \u201cbitcoin bonds.\u201d", "source_name": "Coindesk", "date": "Fri, 25 Mar 2022 15:43:00 -0400", "topics": [], "sentiment": "Neutral", "type": "Article", "tickers": ["BTC"]}, {"news_url": "https://www.youtube.com/watch?v=9p3_SJ6eGi8", "image_url": "https://crypto.snapi.dev/images/v1/s/l/840-ahr0chm6ly9zmy5jb2ludgvszwdyyxbolmnvbs91cgxvywrzlziwmjitmdmvyzizodk2ntgtnmi0zc00zmm2lthhyzuty2iwndq4ndnmmddklmpwzw-120764-121715.jpg", "title": "Grayscale CEO breaks down new fund tied to Cardano and Solana performance: CNBC Crypto World", "text": "CNBC Crypto World features the latest news and daily trading updates from the digital currency markets and provides viewers with a look at what's ahead with high-profile interviews, explainers, and unique stories from the ever-changing crypto industry. On today's show, Michael Sonnenshein, CEO of Grayscale Investments, explains the firm's new smart contracts crypto fund.", "source_name": "CNBC Television", "date": "Fri, 25 Mar 2022 15:31:04 -0400", "topics": [], "sentiment": "Neutral", "type": "Video", "tickers": ["ADA", "SOL"]}, {"news_url": "https://www.youtube.com/watch?v=VEeMSv_6CPQ", "image_url": "https://crypto.snapi.dev/images/v1/c/0/russia-considers-bitcoin-as-payment-for-oil-and-gas-121709.jpg", "title": "Russia considers Bitcoin as payment for oil and gas", "text": "Russia eyes Bitcoin as payment for oil and gas amid war in Ukraine. FOX Business' Lauren Simonetti with more.", "source_name": "Fox Business", "date": "Fri, 25 Mar 2022 15:30:06 -0400", "topics": [], "sentiment": "Positive", "type": "Video", "tickers": ["BTC"]}, {"news_url": "https://www.newsbtc.com/news/bitcoin/bitcoin-futures-1-5-billion-jump-btc-44k/", "image_url": "https://crypto.snapi.dev/images/v1/2/0/kanchanara-lta5b8mpytw-unsplash-scaled-122046.jpg", "title": "Bitcoin Futures Overheat With $1.5 Billion Jump As BTC Breaks $44k", "text": "On-chain data shows Bitcoin futures open interest has jumped up more than $1.5 billion in just a few hours as the crypto's price breaks past $44k again. Bitcoin Futures Open Interest Adds More Than $1.5 Billion Within A Few Hours As pointed out by an analyst in a CryptoQuant post, the BTC open interest has shot up over the past day as the coin's price has observed a surge.", "source_name": "NewsBTC", "date": "Fri, 25 Mar 2022 15:00:44 -0400", "topics": ["futures"], "sentiment": "Positive", "type": "Article", "tickers": ["BTC"]}, {"news_url": "https://cointelegraph.com/news/price-analysis-3-25-btc-eth-bnb-xrp-ada-luna-sol-avax-dot-doge", "image_url": "https://crypto.snapi.dev/images/v1/z/b/840-ahr0chm6ly9zmy5jb2ludgvszwdyyxbolmnvbs91cgxvywrzlziwmjitmdmvmdkxnjm3zdatotcwms00ywi5lwjiztytodllodvjytc1zjc3lmpwzw-121703.jpg", "title": "Price analysis 3/25: BTC, ETH, BNB, XRP, ADA, LUNA, SOL, AVAX, DOT, DOGE", "text": "BTC and most major altcoins could witness a minor dip to retest lower support levels, but the overall trajectory appears to now favor bulls.", "source_name": "Cointelegraph", "date": "Fri, 25 Mar 2022 15:00:00 -0400", "topics": ["tanalysis"], "sentiment": "Neutral", "type": "Article", "tickers": ["ADA", "AVAX", "BNB", "BTC", "DOGE", "LUNA", "SOL", "XRP", "DOT", "ETH"]}, {"news_url": "https://www.cryptopolitan.com/bitcoin-ethereum-symbol-and-secret-daily-price-analyses-25-march-morning-price-prediction/", "image_url": "https://crypto.snapi.dev/images/v1/v/k/bitcoinethereumthought-catalog-bj8u389a9n8-unsplash-0-121309-121699.jpg", "title": "Bitcoin, Ethereum, Symbol, and Secret Daily Price Analyses \u2013 25 March Morning Price Prediction", "text": "TL;DR Breakdown The global crypto market continues to gain value, adding 0.43% over the last 24 hours. Bitcoin is still bullish as its gains amount to 0.86% for the last [\u2026]", "source_name": "Cryptopolitan", "date": "Fri, 25 Mar 2022 14:57:16 -0400", "topics": [], "sentiment": "Neutral", "type": "Article", "tickers": ["BTC", "ETH", "SCRT", "XYM"]}, {"news_url": "https://u.today/john-bollinger-calls-45000-level-key-pivot-for-bitcoin?SNAPI", "image_url": "https://crypto.snapi.dev/images/v1/l/c/106984655-1638720074358-gettyimages-1294303237-01-jan-01-005-121294-121598-121693.jpeg", "title": "John Bollinger Calls $45,000 Level \"Key Pivot\" for Bitcoin", "text": "Financial analyst John Bollinger claims it's time to pay attention to Bitcoin and Ethereum", "source_name": "UToday", "date": "Fri, 25 Mar 2022 14:39:00 -0400", "topics": [], "sentiment": "Neutral", "type": "Article", "tickers": ["BTC"]}, {"news_url": "https://www.youtube.com/watch?v=k4ykEUlOF3E", "image_url": "https://crypto.snapi.dev/images/v1/6/6/840-ahr0chm6ly9zmy5jb2ludgvszwdyyxbolmnvbs91cgxvywrzlziwmjitmdmvnwu5n2vhngmtoty1my00zdu0ltkxzgytngywmgy0zjazzmzilmpwzw-121515-121698.jpg", "title": "Bitcoin's Institutional Adoption, Prospect of Using Bitcoin for Russia Oil Sales and More", "text": "\"All About Bitcoin's\" Friday panel tackles the top stories of the week, including the institutional adoption of bitcoin as BlackRock plans to offer bitcoin services and bitcoin topping $44K amid rumors of Terra's Luna Foundation accumulating BTC. Plus, a look ahead at the EU's proposed MiCA regulatory package moving forward to the next phase of discussions without seeking to restrict the use of proof-of-work crypto.", "source_name": "Coindesk", "date": "Fri, 25 Mar 2022 14:35:39 -0400", "topics": ["institutions"], "sentiment": "Positive", "type": "Video", "tickers": ["BTC"]}, {"news_url": "https://cryptonews.com/news/heres-how-80-traders-make-profits-when-bitcoin-clear-resistance-of-usd-50000-soon.htm", "image_url": "https://crypto.snapi.dev/images/v1/4/s/unnamed-19-121692.jpg", "title": "Here's How 80% Traders Make Profits When Bitcoin To Clear the Resistance of USD 50,000 Soon!", "text": "Disclaimer: The text below is an advertorial article that was not written by Cryptonews.com journalists.", "source_name": "Cryptonews", "date": "Fri, 25 Mar 2022 14:34:00 -0400", "topics": [], "sentiment": "Positive", "type": "Article", "tickers": ["BTC"]}, {"news_url": "https://ambcrypto.com/could-bitcoin-shatter-the-50000-resistance-soon-metrics-are-flashing/", "image_url": "https://crypto.snapi.dev/images/v1/n/i/sortter-si74wgph8yi-unsplash-2-121690.jpg", "title": "Could Bitcoin shatter the $50,000 resistance soon? Metrics are flashing\u2026", "text": "For weeks, bored and frustrated bulls watched Bitcoin bounce between $39,000 and $42,000 while hoping that it would shatter the resistance level soon. Their wish came true on 24 March as the king coin finally crossed $44,000.", "source_name": "AMBCrypto", "date": "Fri, 25 Mar 2022 14:30:42 -0400", "topics": [], "sentiment": "Neutral", "type": "Article", "tickers": ["BTC"]}, {"news_url": "https://news.bitcoin.com/number-of-addresses-holding-btc-taps-40-million-non-zero-bitcoin-address-metric-grew-92-since-2018/", "image_url": "https://crypto.snapi.dev/images/v1/w/q/d3-121691.jpg", "title": "Number of Addresses Holding BTC Taps 40 Million, Non-Zero Bitcoin Address Metric Grew 92% Since 2018", "text": "While bitcoin has risen in value in recent times, jumping 8% during the last seven days, statistics show that the number of addresses holding bitcoin has surpassed 40 million addresses. Metrics from the analytics web portal intotheblock.com show addresses that hold any fraction of bitcoin tapped a 30-day high on March 24, reaching 40.25 million [\u2026]", "source_name": "Bitcoin", "date": "Fri, 25 Mar 2022 14:30:11 -0400", "topics": [], "sentiment": "Positive", "type": "Article", "tickers": ["BTC"]}, {"news_url": "https://www.coindesk.com/business/2022/03/25/greener-bitcoin-mining-could-be-chinas-trillion-dollar-present-to-the-us/", "image_url": "https://crypto.snapi.dev/images/v1/a/j/mam2yoebpfg4fp5sv7i7lort6m-121688.jpeg", "title": "Greener Bitcoin Mining Could Be China's \u2018Trillion-Dollar Present' to the US", "text": "Can change come fast enough for an ESG-embattled mining industry?", "source_name": "Coindesk", "date": "Fri, 25 Mar 2022 14:16:00 -0400", "topics": ["mining"], "sentiment": "Neutral", "type": "Article", "tickers": ["BTC"]}, {"news_url": "https://cointelegraph.com/news/proshares-etf-s-bitcoin-stash-hits-1-27b-as-btc-eyes-50k-by-mid-april", "image_url": "https://crypto.snapi.dev/images/v1/2/s/840-ahr0chm6ly9zmy5jb2ludgvszwdyyxbolmnvbs91cgxvywrzlziwmjitmdmvota3zjvmzdkty2rjns00yzrkltgyogytmzgymtlhymu2ogfmlmpwzw-121686.jpg", "title": "ProShares ETF's Bitcoin stash hits $1.27B as BTC eyes $50K by mid-April", "text": "While Grayscale Investments' trust fund GBTC still trades at a 25% discount compared to Bitcoin's price.", "source_name": "Cointelegraph", "date": "Fri, 25 Mar 2022 14:15:00 -0400", "topics": [], "sentiment": "Positive", "type": "Article", "tickers": ["BTC"]}, {"news_url": "https://coingape.com/?p=105934", "image_url": "https://crypto.snapi.dev/images/v1/c/c/luna-pic21-121683.png", "title": "Report: Luna Foundation Guard Acquires Over 11,700 Bitcoin Worth $523M", "text": "Amid the growing adoption of cryptocurrencies among institutional investors, Luna Foundation Guard (LFG) has purchased more than 11,700 Bitcoin. At the current price of $44,705.81, the Bitcoin investment by Luna is worth over $523 million.", "source_name": "Coingape", "date": "Fri, 25 Mar 2022 14:09:27 -0400", "topics": [], "sentiment": "Positive", "type": "Article", "tickers": ["BTC"]}, {"news_url": "https://investorplace.com/2022/03/janet-yellen-crypto-news-what-does-the-treasury-secretary-think-about-bitcoin/", "image_url": "https://crypto.snapi.dev/images/v1/c/r/crypto9-121677.jpg", "title": "Janet Yellen Crypto News: What Does the Treasury Secretary Think About Bitcoin?", "text": "Treasury secretary Janet Yellen is signaling a new take on crypto. Investors are hoping the change in mindset leads to friendly regulations.", "source_name": "Investorplace", "date": "Fri, 25 Mar 2022 13:55:36 -0400", "topics": ["regulations"], "sentiment": "Neutral", "type": "Article", "tickers": ["BTC"]}, {"news_url": "https://www.youtube.com/watch?v=VK4J5rw4HJE", "image_url": "https://crypto.snapi.dev/images/v1/d/3/ethereum-is-about-to-undergo-a-massive-network-upgrade-abra-ceo-says-121676.jpg", "title": "Ethereum is \u2018about to undergo a massive network upgrade,' Abra CEO says", "text": "#Ethereum #Abra #crypto #blockchain Abra Founder and CEO Bill Barhydt joins Yahoo Finance's Brian Cheung and David Hollerith to discuss ethereum outperforming bitcoin, institutional interest in crypto, and ethereum's upgrade. Don't Miss: Valley of Hype: The Culture That Built Elizabeth Holmes WATCH HERE: https://youtu.be/Sb179GLPNYE Watch the 2021 Berkshire Hathaway Annual Shareholders Meeting on YouTube: https://youtu.be/gx-OzwHpM9k Subscribe to Yahoo Finance: https://yhoo.it/2fGu5Bb About Yahoo Finance: At Yahoo Finance, you get free stock quotes, up-to-date news, portfolio management resources, international market data, social interaction and mortgage rates that help you manage your financial life.", "source_name": "Yahoo Finance", "date": "Fri, 25 Mar 2022 13:40:11 -0400", "topics": ["upgrade"], "sentiment": "Positive", "type": "Video", "tickers": ["ETH"]}, {"news_url": "https://www.dcforecasts.com/bitcoin-news/bukele-slams-the-us-bill-that-targeted-his-bitcoin-law/", "image_url": "https://crypto.snapi.dev/images/v1/u/t/el-salvador-121671.png", "title": "Bukele Slams The US Bill That Targeted His Bitcoin Law", "text": "Bukele slams the US bill that targeted his Bitcoin law while the US Senators try to understand the effects that the bill has on the country but also on the US dollar so let's read more in today's latest Bitcoin news. The US lawmakers introduced a new bill to examine and to develop a plan [\u2026]", "source_name": "DCForecasts", "date": "Fri, 25 Mar 2022 13:35:12 -0400", "topics": [], "sentiment": "Negative", "type": "Article", "tickers": ["BTC"]}, {"news_url": "https://bitcoinmagazine.com/business/israeli-bank-leumi-to-launch-bitcoin-trading", "image_url": "https://crypto.snapi.dev/images/v1/t/y/bitcoin-price-surge-may-not-be-trade-war-but-whales-121669.jpg", "title": "Israeli Bank Leumi To Launch Bitcoin Trading", "text": "Leumi will be the first Israeli bank to offer bitcoin and other cryptocurrency trading in partnership with Paxos, pending regulatory approval.", "source_name": "Bitcoin Magazine", "date": "Fri, 25 Mar 2022 13:27:42 -0400", "topics": [], "sentiment": "Positive", "type": "Article", "tickers": ["BTC"]}, {"news_url": "https://www.dcforecasts.com/bitcoin-news/russia-could-start-accepting-btc-for-oil-payments/", "image_url": "https://crypto.snapi.dev/images/v1/8/w/central-bank-of-russia-121667.jpg", "title": "Russia Could Start Accepting BTC For Oil Payments", "text": "Russia could start accepting BTC for oil payments according to the latest bitcoin news that we have today after a member of the State duma confirmed. As the war between Ukraine and Russia continues and the sanctions over the latter loom, Russia could start accepting BTC for oil payments.", "source_name": "DCForecasts", "date": "Fri, 25 Mar 2022 13:22:45 -0400", "topics": [], "sentiment": "Positive", "type": "Article", "tickers": ["BTC"]}, {"news_url": "https://www.cryptopolitan.com/bitcoin-price-analysis-2022-03-25/", "image_url": "https://crypto.snapi.dev/images/v1/w/9/bitcoin-price-analysis-2022-03-25-121664.png", "title": "Bitcoin price analysis: BTC retests $45,000 previous swing high, not ready to break higher yet?\u00a0", "text": "TL;DR Breakdown Bitcoin price analysis is bearish today. BTC/USD saw further upside tested during the middle of the day.", "source_name": "Cryptopolitan", "date": "Fri, 25 Mar 2022 13:21:25 -0400", "topics": ["tanalysis"], "sentiment": "Positive", "type": "Article", "tickers": ["BTC"]}, {"news_url": "https://cointelegraph.com/news/ethereum-price-hits-3-2k-as-anticipation-builds-ahead-of-the-merge", "image_url": "https://crypto.snapi.dev/images/v1/w/z/840-ahr0chm6ly9zmy5jb2ludgvszwdyyxbolmnvbs91cgxvywrzlziwmjitmdmvmtvjyzrizgqtmjmzzc00zjm1lwjjzmytnwi1zmrlzge4yzaylmpwzw-121665.jpg", "title": "Ethereum price hits $3.2K as anticipation builds ahead of the \u2018Merge'", "text": "ETH price made a clear trend change and aims for the $3,800 level after traders' anticipation of the upcoming Merge lures the bulls back to the market.", "source_name": "Cointelegraph", "date": "Fri, 25 Mar 2022 13:19:37 -0400", "topics": [], "sentiment": "Positive", "type": "Article", "tickers": ["ETH"]}, {"news_url": "https://cryptonews.com/news/wonderfi-acquires-canadian-exchange-bitbuy-aims-become-largest-btccad-market.htm", "image_url": "https://crypto.snapi.dev/images/v1/8/x/adobestock-175376045-121662.jpg", "title": "WonderFi Acquires Canadian Exchange BitBuy, Aims to Become Largest BTC/CAD Market", "text": "A planned acquisition of the Canadian crypto exchange Bitbuy by the publicly-traded software company WonderFi was closed on Thursday, after the deal was delayed for months due to \u201cmajor hurdles\u201d by regulators.", "source_name": "Cryptonews", "date": "Fri, 25 Mar 2022 13:17:00 -0400", "topics": [], "sentiment": "Positive", "type": "Article", "tickers": ["BTC"]}, {"news_url": "https://www.dcforecasts.com/bitcoin-news/sec-might-approve-btc-etfs-as-early-as-2023-bloomberg-analysts-say/", "image_url": "https://crypto.snapi.dev/images/v1/h/7/sec-880x400-1000x600-1-121658.jpg", "title": "SEC Might Approve BTC ETFs As Early As 2023 \u2013 Bloomberg Analysts Say", "text": "SEC might approve BTC ETFs in 2023 according to Bloomberg analysts because of a proposed rule change with the US SEC that can change the entire thing so let's read more in today's latest Bitcoin news. The Bloomberg analysts Eric Balchunas and James Seyffart noted: \u201cOnce crypto exchanges are compliant, the SEC's primary reason for [\u2026]", "source_name": "DCForecasts", "date": "Fri, 25 Mar 2022 13:12:30 -0400", "topics": ["regulations"], "sentiment": "Neutral", "type": "Article", "tickers": ["BTC"]}, {"news_url": "https://bitcoinist.com/florida-will-allow-citizens-to-pay-taxes-in-bitcoin/", "image_url": "https://crypto.snapi.dev/images/v1/u/5/download-630x420-121655.jpeg", "title": "Florida Will Allow Citizens To Pay Taxes In Bitcoin", "text": "Florida has announced that it would allow citizens to pay their state taxes in bitcoin. The state has been a hotbed for crypto activities as Miami Mayor Francis Suarez has made it his mission to make the city the crypto hub of the nation.", "source_name": "Bitcoinist", "date": "Fri, 25 Mar 2022 13:00:59 -0400", "topics": ["taxes"], "sentiment": "Positive", "type": "Article", "tickers": ["BTC"]}, {"news_url": "https://www.newsbtc.com/news/ethereum/ethereum-could-grow-more-than-6000-bloomberg-analyst-says/", "image_url": "https://crypto.snapi.dev/images/v1/x/l/ethereum-2-122047.jpeg", "title": "Ethereum Could Grow More Than $6,000, Bloomberg Analyst Says", "text": "Ethereum had always had its price be a strong bone of contention among investors. While some may believe that the digital asset is overvalued, others believe that the cryptocurrency is yet to fulfill its potential.", "source_name": "NewsBTC", "date": "Fri, 25 Mar 2022 13:00:10 -0400", "topics": [], "sentiment": "Positive", "type": "Article", "tickers": ["ETH"]}, {"news_url": "https://cryptodaily.co.uk/2022/03/btc-usd-looking-for-technical-bids-above-41445-sally-ho-technical-analysis-26-march-2022-btc-bitcoin", "image_url": "https://crypto.snapi.dev/images/v1/7/f/kanchanara-y7bzimidwos-unsplash-631x420-120832-121224-121653.jpg", "title": "BTC/USD Looking for Technical Bids Above 41445: Sally Ho's Technical Analysis 26 March 2022 BTC", "text": "Bitcoin (BTC/USD) worked to retain some recent upside gains early in the Asian session as the pair sought to make additional strides above the 42805.49 level, representing the 23.6% retracement of the appreciating range from 32933.33 to 45855.\u00a0 Stops were recently elected above the 42769.80, 43006.76, and 43042.47 levels during the ascent, representing the 61.8%, 76.4%, and 78.6% retracements of the recent depreciating range from 43389.79 to 41766.79.", "source_name": "Crypto Daily", "date": "Fri, 25 Mar 2022 13:00:00 -0400", "topics": ["tanalysis"], "sentiment": "Positive", "type": "Article", "tickers": ["BTC"]}, {"news_url": "https://dailyhodl.com/2022/03/25/el-salvador-president-lashes-out-at-us-lawmakers-over-bill-that-would-probe-the-countrys-bitcoin-btc-adoption/", "image_url": "https://crypto.snapi.dev/images/v1/q/i/salvador-lashes-usjpgfit10242c600ssl1-121663.jpg", "title": "El Salvador President Lashes Out at US Lawmakers Over Bill That Would Probe the Country's Bitcoin (BTC) Adoption", "text": "US lawmakers are pushing a new bill that would require the State and Treasury Departments to \u201cexamine and mitigate\u201d the potential risks caused by El Salvador's decision to adopt Bitcoin (BTC) as legal tender. Senator Jim Risch, a Republican from Idaho, says in a new press release that the bill would require the government to [\u2026] The post El Salvador President Lashes Out at US Lawmakers Over Bill That Would Probe the Country's Bitcoin (BTC) Adoption appeared first on The Daily Hodl.", "source_name": "The Daily Hodl", "date": "Fri, 25 Mar 2022 12:55:30 -0400", "topics": ["regulations"], "sentiment": "Neutral", "type": "Article", "tickers": ["BTC"]}, {"news_url": "https://invezz.com/news/2022/03/25/gaming-sector-has-seen-a-massive-level-of-acceleration-within-the-crypto-sphere-should-you-buy-sol/", "image_url": "https://crypto.snapi.dev/images/v1/1/6/169208529-m-scaled-121649.jpg", "title": "Gaming sector has seen a massive level of acceleration within the crypto sphere, should you buy SOL?", "text": "Solana SOL/USD is a public and open-source blockchain platform that enables smart contract functionality, non-fungible tokens (NFTs) alongside a variety of decentralized applications (dApps). The native cryptocurrency token that powers the Solana blockchain is known as SOL, a token that provides network security through staking. The increase in adoption of gaming as a catalyst for [\u2026] The post Gaming sector has seen a massive level of acceleration within the crypto sphere, should you buy SOL ? appeared first on Invezz.", "source_name": "Invezz", "date": "Fri, 25 Mar 2022 12:39:11 -0400", "topics": [], "sentiment": "Positive", "type": "Article", "tickers": ["SOL"]}, {"news_url": "https://www.fool.com/investing/2022/03/25/why-bitcoin-ethereum-and-ftx-token-are-rocketing-h/", "image_url": "https://crypto.snapi.dev/images/v1/2/v/2vbbgr-118437-119113-121072-121296-121648.jpg", "title": "Why Bitcoin, Ethereum, and FTX Token Are Rocketing Higher Today", "text": "Large-cap tokens are driving the bus today, as a number of key catalysts play out.", "source_name": "The Motley Fool", "date": "Fri, 25 Mar 2022 12:32:12 -0400", "topics": [], "sentiment": "Positive", "type": "Article", "tickers": ["BTC", "ETH", "FTT"]}, {"news_url": "https://www.cryptopolitan.com/ethereum-price-analysis-2022-03-25/", "image_url": "https://crypto.snapi.dev/images/v1/r/f/ethereum-price-analysis-2022-02-02-121633.png", "title": "Ethereum price analysis: ETH spikes to $3,200, retracement incoming?", "text": "TL;DR Breakdown Ethereum price analysis is bearish today. ETH/USD rallied to $3,200 next resistance.", "source_name": "Cryptopolitan", "date": "Fri, 25 Mar 2022 12:19:04 -0400", "topics": ["tanalysis"], "sentiment": "Positive", "type": "Article", "tickers": ["ETH"]}, {"news_url": "https://u.today/terras-lfg-among-largest-new-bitcoin-btc-holders-intotheblock?SNAPI", "image_url": "https://crypto.snapi.dev/images/v1/o/8/13593-121631.jpg", "title": "Terra's LFG Among Largest New Bitcoin (BTC) Holders: IntoTheBlock", "text": "Here's who is behind significant changes in Bitcoin's holder landscape", "source_name": "UToday", "date": "Fri, 25 Mar 2022 12:11:00 -0400", "topics": [], "sentiment": "Positive", "type": "Article", "tickers": ["BTC", "LUNA"]}, {"news_url": "https://coingape.com/?p=105859", "image_url": "https://crypto.snapi.dev/images/v1/e/s/2021-outlook-bitcoin-prices-e1647252060814-121628.jpg", "title": "Here's Why Bitcoin Correction Is Probably Over?", "text": "Famous on-chain analyst Willy Woo has explained some important details by keeping Macro headwinds against Bitcoin (BTC) Fundamentals. He hinted that demand for BTC futures is gaining momentum for the first time since November.", "source_name": "Coingape", "date": "Fri, 25 Mar 2022 11:59:50 -0400", "topics": [], "sentiment": "Positive", "type": "Article", "tickers": ["BTC"]}, {"news_url": "https://cryptopotato.com/bitcoin-tested-45k-as-cardano-ada-explodes-30-this-weeks-crypto-recap/", "image_url": "https://crypto.snapi.dev/images/v1/j/u/bull-cover-121627.jpg", "title": "Bitcoin Tested $45K as Cardano (ADA) Explodes 30%: This Week's Crypto Recap", "text": "Bitcoin is testing the $45K level for the third time, while Cardano (ADA) exploded by a whopping 32% in seven days. This and more in our weekly recap.", "source_name": "CryptoPotato", "date": "Fri, 25 Mar 2022 11:56:51 -0400", "topics": [], "sentiment": "Positive", "type": "Article", "tickers": ["ADA", "BTC"]}, {"news_url": "https://ambcrypto.com/proshares-etfs-btc-holdings-touches-ath-but-there-are-some-warning-signs/", "image_url": "https://crypto.snapi.dev/images/v1/z/a/christian-lue-quriizswhh8-unsplash-121625.jpg", "title": "ProShares ETF's BTC holdings touches ATH, but there are some warning signs", "text": "Bitcoin climbed to more than $44,000 for the first time in almost a month, breaking out of its recent narrow trading range amid a renewal of risk appetite. At press time, BTC was trading at the $44.7k mark with a 3% surge in 24 hours.", "source_name": "AMBCrypto", "date": "Fri, 25 Mar 2022 11:30:36 -0400", "topics": [], "sentiment": "Negative", "type": "Article", "tickers": ["BTC"]}], "total_pages": 42}