{"data": [{"news_url": "https://www.cryptopolitan.com/bitcoin-binance-coin-pancakeswap-and-aave-daily-price-analyses-11-march-morning-price-prediction/", "image_url": "https://crypto.snapi.dev/images/v1/i/6/roundup-1140-x-570-02-1-116881.png", "title": "Bitcoin, Binance Coin, PancakeSwap, and Aave Daily Price Analyses \u2013 11 March Morning Price Prediction", "text": "TL;DR Breakdown The global crypto market takes a positive step, adding 1.63% in 24 hours. Bitcoin also changes direction, adding 0.84% in the last 24 hours.", "source_name": "Cryptopolitan", "date": "Fri, 11 Mar 2022 12:31:34 -0500", "topics": [], "sentiment": "Positive", "type": "Article", "tickers": ["AAVE", "BNB", "BTC", "CAKE"]}, {"news_url": "https://ambcrypto.com/how-bitcoin-is-proving-itself-a-strong-hedge-against-inflation-in-2022/", "image_url": "https://crypto.snapi.dev/images/v1/d/t/imelda-p-er1ghmtyy-unsplash-116880.jpg", "title": "How Bitcoin is proving itself a strong hedge against inflation in 2022", "text": "Bitcoin has witnessed strong year-to-date returns, outshining traditional hedges by rallying over 130% compared to gold's meager 4%. Over time, Bitcoin also evolved as a strong contender for\u00a0an inflation hedge.", "source_name": "AMBCrypto", "date": "Fri, 11 Mar 2022 12:30:47 -0500", "topics": [], "sentiment": "Positive", "type": "Article", "tickers": ["BTC"]}, {"news_url": "https://www.dcforecasts.com/bitcoin-news/there-wont-be-a-btc-etf-just-yet-sec-rejects-nydig-and-global-x/", "image_url": "https://crypto.snapi.dev/images/v1/v/8/nydig-116879.png", "title": "There Won't Be A BTC ETF Just Yet, SEC Rejects NYDIG And Global X", "text": "There won't be a BTC ETF just yet as the SEC rejected both Global X and NYDIG proposals as we can see more today in our latest bitcoin news today. A bitcoin exchange-traded fund is something that the community has long been looking forward to.", "source_name": "DCForecasts", "date": "Fri, 11 Mar 2022 12:30:16 -0500", "topics": ["regulations"], "sentiment": "Negative", "type": "Article", "tickers": ["BTC"]}, {"news_url": "https://dailyhodl.com/2022/03/11/nodle-wins-polkadot-parachain-to-advance-decentralized-wireless-network/", "image_url": "https://crypto.snapi.dev/images/v1/s/m/nodle-network-crypto-livewire-featured-image-templatejpgfit5002c500ssl1-116914.jpg", "title": "Nodle Wins Polkadot Parachain To Advance Decentralized Wireless Network", "text": "March 11, 2022 \u2013 San Francisco, California With 320,000 mobile downloads and moving over two billion data payloads per day, the project secured the 11th parachain slot with $42 million worth of DOTs committed to their crowd loan. Nodle, one of the world's largest decentralized wireless networks that is powered by Bluetooth Low Energy (BLE) [\u2026] The post Nodle Wins Polkadot Parachain To Advance Decentralized Wireless Network appeared first on The Daily Hodl.", "source_name": "The Daily Hodl", "date": "Fri, 11 Mar 2022 12:26:07 -0500", "topics": [], "sentiment": "Positive", "type": "Article", "tickers": ["DOT"]}, {"news_url": "https://cryptopotato.com/eth-remains-rangebound-as-uncertainty-looms-ethereum-price-analysis/", "image_url": "https://crypto.snapi.dev/images/v1/a/2/ethereum-investment-funds-115751-116874.jpg", "title": "ETH Remains Rangebound as Uncertainty Looms (Ethereum Price Analysis)", "text": "The market is still in doubt, and the sideways trend has exhausted retail investors. Are we in the accumulation phase, or is this a temporary halt in a bear market?", "source_name": "CryptoPotato", "date": "Fri, 11 Mar 2022 12:17:12 -0500", "topics": ["tanalysis"], "sentiment": "Negative", "type": "Article", "tickers": ["ETH"]}, {"news_url": "https://cryptopotato.com/btc-price-analysis-whats-the-cycles-bitcoin-bottom-according-to-capitalization-models/", "image_url": "https://crypto.snapi.dev/images/v1/x/2/bitcoin-cracked-earth-md-115423-115808-116375-116872.jpg", "title": "BTC Price Analysis: What's The Cycle's Bitcoin Bottom According to Capitalization Models?", "text": "Bitcoin has been trading sideways in the past few weeks. It is still consolidating between the $36K and $45K levels, liquidating both bulls and bears on multiple occasions.", "source_name": "CryptoPotato", "date": "Fri, 11 Mar 2022 12:11:47 -0500", "topics": ["tanalysis"], "sentiment": "Neutral", "type": "Article", "tickers": ["BTC"]}, {"news_url": "https://bitcoinist.com/new-york-nightclub-now-accepts-bitcoin-ethereum/", "image_url": "https://crypto.snapi.dev/images/v1/x/n/how-to-buy-a-night-club-630x420-116867.png", "title": "Wanna Chill With The Big Boys? This New York Nightclub Now Accepts Bitcoin & Ethereum", "text": "Bitcoin and Ethereum have been gaining more acceptance. This has come hot on the heels of the numerous integrations that have seen both cryptocurrencies used as a method of payment.", "source_name": "Bitcoinist", "date": "Fri, 11 Mar 2022 12:00:47 -0500", "topics": [], "sentiment": "Positive", "type": "Article", "tickers": ["BTC", "ETH"]}, {"news_url": "https://cointelegraph.com/news/valkyrie-investments-leah-wald-on-bitcoin-etfs-and-the-future-of-digital-assets", "image_url": "https://crypto.snapi.dev/images/v1/l/x/840-ahr0chm6ly9zmy5jb2ludgvszwdyyxbolmnvbs91cgxvywrzlziwmjitmdmvzmrlnzrhzjitmdniny00mzrllwi0ztatndg3ztcwowq2mznhlmpwzw-116866.jpg", "title": "Valkyrie Investments\u2018 Leah Wald on Bitcoin ETFs and the future of digital assets", "text": "Valkyrie Investments CEO Leah Wald opens up on the importance of Bitcoin ETFs and why the traditional financial world should pay attention to digital assets moving forward.", "source_name": "Cointelegraph", "date": "Fri, 11 Mar 2022 12:00:00 -0500", "topics": [], "sentiment": "Neutral", "type": "Article", "tickers": ["BTC"]}, {"news_url": "https://cryptodaily.co.uk/2022/03/btc-usd-thwarted-by-200-hour-simple-moving-average-sally-ho-technical-analysis-12-march-2022-btc-bitcoin", "image_url": "https://crypto.snapi.dev/images/v1/q/g/bitcoin-price-1-1-300x200-116292-116864.jpg", "title": "BTC/USD Thwarted by 200-hour Moving Average: Sally Ho's Technical Analysis 12 March 2022 BTC", "text": "Bitcoin (BTC/USD) attempted to hold a short-term technical support level early in the Asian session as the pair continued to be pressured lower after recently peaking around the 42597.84 area.\u00a0 Selling pressure drove BTC/USD back below the 39000 figure and a quick move higher encountered technical resistance around the 50-hour and 200-hour simple moving averages.", "source_name": "Crypto Daily", "date": "Fri, 11 Mar 2022 12:00:00 -0500", "topics": ["tanalysis"], "sentiment": "Neutral", "type": "Article", "tickers": ["BTC"]}, {"news_url": "https://bitcoinmagazine.com/business/hexa-wallet-raises-1-million-for-bitcoin-self-custody-solutions", "image_url": "https://crypto.snapi.dev/images/v1/9/y/bitcoin-vault-safe-116863.jpg", "title": "Hexa Wallet Raises $1 Million For Bitcoin Self-Custody Solutions", "text": "Hexa Wallet's pre-seed round of $1 million allows for on-boarding developers, designers, and driving community efforts for self-custodial bitcoin apps.", "source_name": "Bitcoin Magazine", "date": "Fri, 11 Mar 2022 11:56:23 -0500", "topics": [], "sentiment": "Neutral", "type": "Article", "tickers": ["BTC"]}, {"news_url": "https://cryptoticker.io/en/ethereum-price-is-about-to-explode-this-is-why/", "image_url": "https://crypto.snapi.dev/images/v1/s/g/ethereum-gade609edd-1280-116859.jpg", "title": "Ethereum Price is about to EXPLODE and THIS is Why\u2026$ETH", "text": "A lot of cryptocurrency traders are currently eyeing Ethereum price. There are many reasons that make Ethereum an interesting project.", "source_name": "CryptoTicker", "date": "Fri, 11 Mar 2022 11:39:33 -0500", "topics": [], "sentiment": "Positive", "type": "Article", "tickers": ["ETH"]}, {"news_url": "https://www.benzinga.com/markets/cryptocurrency/22/03/26098921/bitcoin-to-eat-ethereum-this-165m-fund-bets-it-will?SNAPI", "image_url": "https://crypto.snapi.dev/images/v1/q/k/diana-polekhina-ic8j65hu3zs-unsplash-116860.jpg", "title": "Bitcoin To Eat Ethereum? This $165M Fund Bets It Will", "text": "Major cryptocurrency exchange Okcoin partnered with Stacks Accelerator and Stacks Foundation to launch Bitcoin Odyssey, a project aiming to bring the decentralized application (DApp) ecosystem that Ethereum (CRYPTO: ETH) is known", "source_name": "Benzinga", "date": "Fri, 11 Mar 2022 11:39:00 -0500", "topics": [], "sentiment": "Positive", "type": "Article", "tickers": ["BTC"]}, {"news_url": "https://www.fool.com/investing/2022/03/11/3-top-cryptos-that-are-now-down-big-over-the-past/", "image_url": "https://crypto.snapi.dev/images/v1/u/n/untitled-designadasa-115057-116903.png", "title": "3 Top Cryptos That Are Now Down Big Over the Past Year", "text": "Bitcoin, Cardano, and Polkadot have all fallen by at least 30% in value over the past year.", "source_name": "The Motley Fool", "date": "Fri, 11 Mar 2022 11:30:00 -0500", "topics": [], "sentiment": "Negative", "type": "Article", "tickers": ["ADA", "BTC", "DOT"]}, {"news_url": "https://cryptobriefing.com/as-the-market-struggles-bitcoin-hints-at-a-capitulation/?utm_source=main_feed&utm_medium=rss", "image_url": "https://crypto.snapi.dev/images/v1/p/u/bitcoin-bear-cover-838x440-116862.jpeg", "title": "As the Market Struggles, Bitcoin Hints at a Capitulation", "text": "Bitcoin is showing many red flags that hint that a significant price crash could be coming.", "source_name": "Crypto Briefing", "date": "Fri, 11 Mar 2022 11:19:47 -0500", "topics": [], "sentiment": "Negative", "type": "Article", "tickers": ["BTC"]}, {"news_url": "https://www.financemagnates.com/cryptocurrency/news/bitcoin-stabilizes-around-39000-btc-dominance-reaches-41/", "image_url": "https://crypto.snapi.dev/images/v1/r/2/bitcoin-etf-id-ec3f9b81-7b03-4d4f-972c-e6e358880c53-size900-116853.jpg", "title": "Bitcoin Stabilizes around $39,000, BTC Dominance Reaches 41%", "text": "With extreme volatility, liquidations, and regulation optimism, the crypto market saw nearly everything in the last few days. Bitcoin also witnessed a sharp increase in volatility during the recent week as the digital asset spiked from $37,000 to nearly $43,000.", "source_name": "FinanceMagnates", "date": "Fri, 11 Mar 2022 11:18:00 -0500", "topics": [], "sentiment": "Positive", "type": "Article", "tickers": ["BTC"]}, {"news_url": "https://www.cryptopolitan.com/ethereum-price-analysis-2022-03-11/", "image_url": "https://crypto.snapi.dev/images/v1/w/l/ethereum-price-analysis-2022-03-11-116852.png", "title": "Ethereum price analysis: ETH fails to break higher, consolidation around $2,600 to follow?", "text": "TL;DR Breakdown Ethereum price analysis is bearish today. ETH/USD set higher low yesterday.", "source_name": "Cryptopolitan", "date": "Fri, 11 Mar 2022 11:16:33 -0500", "topics": ["tanalysis"], "sentiment": "Negative", "type": "Article", "tickers": ["ETH"]}, {"news_url": "https://cryptopotato.com/bitcoin-volatility-bidens-executive-order-and-russia-ukraine-woes-this-weeks-crypto-recap/", "image_url": "https://crypto.snapi.dev/images/v1/x/d/bitcoin-volatility-cover-116849.jpg", "title": "Bitcoin Volatility, Biden's Executive Order, and Russia-Ukraine Woes: This Week's Crypto Recap", "text": "This week was riddled with volatility as Bitcoin's price went on a wild ride. We also saw Biden's executive order, the highest CPI numbers in decades, and more.", "source_name": "CryptoPotato", "date": "Fri, 11 Mar 2022 11:05:33 -0500", "topics": [], "sentiment": "Negative", "type": "Article", "tickers": ["BTC"]}, {"news_url": "https://cointelegraph.com/news/sec-rejects-spot-bitcoin-etf-applications-from-nydig-and-global-x", "image_url": "https://crypto.snapi.dev/images/v1/t/7/840-ahr0chm6ly9zmy5jb2ludgvszwdyyxbolmnvbs91cgxvywrzlziwmjitmdmvztgzngi1mjktndnjzs00ywi2lwiynjytzwuxnzbhzge4mzu1lmpwzw-116850.jpg", "title": "SEC rejects spot Bitcoin ETF applications from NYDIG and Global X", "text": "The New York Digital Investment Group and Global X originally filed applications with the SEC for spot Bitcoin ETF listings in June and August 2021, respectively.", "source_name": "Cointelegraph", "date": "Fri, 11 Mar 2022 11:04:34 -0500", "topics": ["regulations"], "sentiment": "Negative", "type": "Article", "tickers": ["BTC"]}, {"news_url": "https://invezz.com/news/2022/03/11/call-for-polkadot-decoded-proposals-now-open/", "image_url": "https://crypto.snapi.dev/images/v1/o/e/bondly-defi-project-moves-from-polkadot-dot-to-cardano-ada-740x416-116847.jpg", "title": "Call for Polkadot Decoded proposals now open", "text": "Polkadot (DOT/USD) has opened a call for proposals for its Decoded even. Developers and community members are asked to submit ideas for a workshop or in-person presentation, which the community will vote on. Polkadot Decoded will take place on June 29 and 30 this year. Presentation formats Polkadot Decoded is an inclusive event, so presentations [\u2026] The post Call for Polkadot Decoded proposals now open appeared first on Invezz.", "source_name": "Invezz", "date": "Fri, 11 Mar 2022 11:02:53 -0500", "topics": [], "sentiment": "Neutral", "type": "Article", "tickers": ["DOT"]}, {"news_url": "https://cryptoslate.com/whale-moves-1-17-billion-in-btc-out-of-coinbase-as-u-s-inflation-soars/", "image_url": "https://crypto.snapi.dev/images/v1/b/i/bitcoin-whale-coinbase-116891.jpg", "title": "Whale moves $1.17 billion in BTC out of Coinbase as U.S. inflation soars", "text": "Did an institution just invest $1.17 billion in bitcoin (BTC)? It sure looks so judging by three crypto transactions moving massive amounts of BTC from a wallet held by Coinbase Pro, to an anonymous bitcoin wallet.", "source_name": "CryptoSlate", "date": "Fri, 11 Mar 2022 11:01:36 -0500", "topics": ["whales"], "sentiment": "Negative", "type": "Article", "tickers": ["BTC"]}, {"news_url": "https://www.newsbtc.com/news/bitcoin-falls-below-40000-trimming-the-gains-from-us-crypto-order/", "image_url": "https://crypto.snapi.dev/images/v1/a/g/bitcoin-6-116846.jpg", "title": "Bitcoin Falls Below $40,000 Trimming The Gains From US Crypto Order", "text": "On Thursday, the cryptocurrency market experienced another roller-coaster day, with some coins declining. One such example is Bitcoin which fell 5.9% to $39,432 when writing these words.", "source_name": "NewsBTC", "date": "Fri, 11 Mar 2022 11:00:26 -0500", "topics": [], "sentiment": "Negative", "type": "Article", "tickers": ["BTC"]}, {"news_url": "https://www.newsbtc.com/news/bitcoin/bitcoin-jumps-to-40k-as-putin-sees-positive-movement-in-negotiations/", "image_url": "https://crypto.snapi.dev/images/v1/z/c/106960222-1634200181532-gettyimages-1235857172-rus-russian-president-putin-visits-the-russia-energy-weeks-plenary-116843.jpeg", "title": "Bitcoin Jumps To $40k As Putin Sees \u201cPositive Movement\u201d In Negotiations", "text": "Bitcoin has reclaimed the $40,000 mark in the last hour, following indications of progress in discussions between and Ukraine amid the ongoing conflict. Russian President Vladimir Putin stated that \u201cpositive movement\u201d was being made in the negotiations on a \u201cdaily basis.", "source_name": "NewsBTC", "date": "Fri, 11 Mar 2022 10:40:51 -0500", "topics": [], "sentiment": "Positive", "type": "Article", "tickers": ["BTC"]}, {"news_url": "https://dailyhodl.com/2022/03/11/4900000000-bitcoin-whale-initiates-massive-btc-transfers-as-crypto-market-dips/", "image_url": "https://crypto.snapi.dev/images/v1/o/a/bitcoin-wallet-splurgesjpgfit10242c600ssl1-116848.jpg", "title": "$4,900,000,000 Bitcoin Whale Initiates Massive BTC Transfers As Crypto Market Dips", "text": "The world's richest non-exchange Bitcoin (BTC) whale is accumulating BTC amidst a widespread crypto market pullback. The wallet, which by itself holds the largest trove of Bitcoin next to crypto exchange giants Binance and Bitfinex, is buying more BTC as the price of the flagship cryptocurrency continues to trade below the $40,000 mark. According to [\u2026] The post $4,900,000,000 Bitcoin Whale Initiates Massive BTC Transfers As Crypto Market Dips appeared first on The Daily Hodl.", "source_name": "The Daily Hodl", "date": "Fri, 11 Mar 2022 10:30:13 -0500", "topics": ["whales"], "sentiment": "Neutral", "type": "Article", "tickers": ["BTC"]}, {"news_url": "https://news.bitcoin.com/bitcoin-ethereum-technical-analysis-more-crypto-price-uncertainty-heading-into-weekend/", "image_url": "https://crypto.snapi.dev/images/v1/7/u/shutterstock-755737903-116842.jpg", "title": "Bitcoin, Ethereum Technical Analysis: More Crypto Price Uncertainty Heading Into the Weekend", "text": "Bitcoin consolidated on Friday, as prices hovered marginally below the $40,000 level. This comes following a volatile day of trading in which BTC fell to its lowest point since Wednesday. Ethereum also remained slightly above its recent support. Bitcoin Bitcoin continued to trade at high levels of uncertainty on Friday, following a volatile few sessions [\u2026]", "source_name": "Bitcoin", "date": "Fri, 11 Mar 2022 10:29:38 -0500", "topics": ["tanalysis"], "sentiment": "Neutral", "type": "Article", "tickers": ["BTC", "ETH"]}, {"news_url": "https://markets.businessinsider.com/news/currencies/crypto-solana-algorand-top-5-worst-performing-over-past-week-2022-3", "image_url": "https://crypto.snapi.dev/images/v1/h/g/bic-artwork-day-trading-dummies-65288-87018-98593-116841.jpg", "title": "These were the 5 worst performing cryptos over the past week amid the bitcoin bear market", "text": "With more than 18,000 cryptocurrencies in existence and counting, there are more than triple the number of crypto coins than there are US stocks.", "source_name": "Business Insider", "date": "Fri, 11 Mar 2022 10:25:00 -0500", "topics": [], "sentiment": "Negative", "type": "Article", "tickers": ["ALGO", "ATOM", "FTM", "ICP", "SOL"]}, {"news_url": "https://www.cryptopolitan.com/ripple-price-analysis-2022-03-11-2/", "image_url": "https://crypto.snapi.dev/images/v1/z/f/ripple-price-analysis-2022-03-11-116835.png", "title": "Ripple price analysis: XRP looks to set a higher low at $0.72, rally incoming over the weekend?\u00a0", "text": "TL;DR Breakdown Ripple price analysis is bullish today. XRP/USD saw rejection at $0.72 yesterday.", "source_name": "Cryptopolitan", "date": "Fri, 11 Mar 2022 10:22:13 -0500", "topics": ["tanalysis"], "sentiment": "Positive", "type": "Article", "tickers": ["XRP"]}, {"news_url": "https://cryptopotato.com/no-bitcoin-etf-yet-as-sec-rejects-nydig-and-global-x-proposals/", "image_url": "https://crypto.snapi.dev/images/v1/3/s/thesec-116826.jpg", "title": "No Bitcoin ETF Yet as SEC Rejects NYDIG and Global X Proposals", "text": "The US Securities and Exchange Commission has rejected two more proposals for a Bitcoin ETF.", "source_name": "CryptoPotato", "date": "Fri, 11 Mar 2022 10:11:38 -0500", "topics": ["regulations"], "sentiment": "Negative", "type": "Article", "tickers": ["BTC"]}, {"news_url": "https://u.today/3472-million-xrp-shifted-by-ripple-ftx-and-other-top-tier-exchanges?SNAPI", "image_url": "https://crypto.snapi.dev/images/v1/h/5/13255-116817.jpg", "title": "347.2 Million XRP Shifted by Ripple, FTX and Other Top-Tier Exchanges", "text": "Ripple has joined several big digital platforms in transferring over 347 million XRP, while the coin is up almost 2%", "source_name": "UToday", "date": "Fri, 11 Mar 2022 10:07:00 -0500", "topics": [], "sentiment": "Positive", "type": "Article", "tickers": ["XRP"]}, {"news_url": "https://www.coinbureau.com/news/polkadot-the-most-widely-held-crypto-asset-among-venture-capitalists-and-hedge-funds/", "image_url": "https://crypto.snapi.dev/images/v1/7/h/polkadotthemostwidelyheldcryptoassetamongventurecapitalistsandhedgefunds-1024x614-116811.jpg", "title": "Polkadot: The Most Widely Held Crypto Asset Among Venture Capitalists and Hedge Funds", "text": "Interoperable blockchain Polkadot is the most widely held altcoin among venture capital firms and hedge funds, according to a report from Messari. In an analysis of 57 funds, Messari found that over 24, or 42% of the funds, hold DOT, making the smart contract platform the most bet-on crypto asset on the market. \u201cAdditionally, as [\u2026] The post Polkadot: The Most Widely Held Crypto Asset Among Venture Capitalists and Hedge Funds appeared first on Coin Bureau.", "source_name": "Coinbureau", "date": "Fri, 11 Mar 2022 09:53:46 -0500", "topics": ["institutions"], "sentiment": "Positive", "type": "Article", "tickers": ["DOT"]}, {"news_url": "https://thecurrencyanalytics.com/bitcoin/they-dont-have-power-over-bitcoin-and-bitcoiners-dont-care-what-biden-says-39856.php", "image_url": "https://crypto.snapi.dev/images/v1/z/p/they-dont-have-power-over-bitcoin-and-bitcoiners-dont-care-what-biden-says-116810.jpg", "title": "They Don't have power over Bitcoin and Bitcoiners Don't Care What Biden Says", "text": "Catch up on the latest crypto market news at The Currency Analytics. Dennis Porter shared: Maybe we should wait to see what the Biden Bitcoin Executive Order says before we recklessly speculate\u2026 The post They Don't have power over Bitcoin and Bitcoiners Don't Care What Biden Says appeared first on Cryptocurrency News.", "source_name": "The Currency Analytics", "date": "Fri, 11 Mar 2022 09:52:49 -0500", "topics": [], "sentiment": "Positive", "type": "Article", "tickers": ["BTC"]}, {"news_url": "https://u.today/bitcoin-miners-holdings-reach-2010-levels-report?SNAPI", "image_url": "https://crypto.snapi.dev/images/v1/i/q/13258-116809.jpg", "title": "Bitcoin Miners' Holdings Reach 2010 Levels: Report", "text": "Bitcoin miners' balances reach 1.95 million, the lowest point in last 12 years", "source_name": "UToday", "date": "Fri, 11 Mar 2022 09:51:00 -0500", "topics": ["mining"], "sentiment": "Neutral", "type": "Article", "tickers": ["BTC"]}, {"news_url": "https://www.trustnodes.com/2022/03/11/bitcoin-crosses-40000-european-stocks-rise-on-putin-and-versailles", "image_url": "https://crypto.snapi.dev/images/v1/x/t/eu-summit-versailles-march-2022-116806.jpeg", "title": "Bitcoin Crosses $40,000, European Stocks Rise on Putin and Versailles", "text": "Bitcoin suddenly rose again above $40,000 from $38,000 on a fairly volatile day that had it dip again as markets try to figure out the direction this spring. The United.", "source_name": "Trustnodes", "date": "Fri, 11 Mar 2022 09:46:48 -0500", "topics": ["paywall"], "sentiment": "Positive", "type": "Article", "tickers": ["BTC"]}, {"news_url": "https://www.youtube.com/watch?v=X7zAuQWGVCI", "image_url": "https://crypto.snapi.dev/images/v1/j/q/bitcoin-price-analysis-returns-to-range-below-40k-support-at-35k-37k-116808.jpg", "title": "Bitcoin Price Analysis: Returns to Range Below $40K; Support at $35K-$37K", "text": "Don Kaufman, TheoTrade co-founder, joins \u201cAll About Bitcoin\u201d to share his bitcoin price analysis as macro factors cause volatility in the markets all through the globe. While providing insights on BTC's price action, Kaufman explains how economic instability and fear can influence the price of oil and other assets.", "source_name": "Coindesk", "date": "Fri, 11 Mar 2022 09:45:01 -0500", "topics": ["tanalysis"], "sentiment": "Neutral", "type": "Video", "tickers": ["BTC"]}, {"news_url": "https://invezz.com/news/2022/03/11/michael-saylor-says-bitcoin-btc-is-the-only-scarce-asset/", "image_url": "https://crypto.snapi.dev/images/v1/g/e/168056075-s-116803.jpg", "title": "Michael Saylor says Bitcoin (BTC) is the only scarce asset", "text": "Michael Saylor, MicroStrategy's CEO, who is a staunch supporter of Bitcoin (BTC/USD), has once again come to support the primary cryptocurrency by outlining the features that make it valuable. Saylor's MicroStrategy is one of the largest Bitcoin whales, with more than 120,000 BTC in its holdings. Saylor is also the Bitcoin supporter that referred to [\u2026] The post Michael Saylor says Bitcoin (BTC) is the only scarce asset appeared first on Invezz.", "source_name": "Invezz", "date": "Fri, 11 Mar 2022 09:37:05 -0500", "topics": [], "sentiment": "Positive", "type": "Article", "tickers": ["BTC"]}, {"news_url": "https://www.theblockcrypto.com/linked/137489/sec-shoots-down-spot-bitcoin-etf-proposals-from-nydig-global-x", "image_url": "https://crypto.snapi.dev/images/v1/f/1/210930-bitcoin-funding-general-800x450-116805.jpg", "title": "SEC shoots down spot bitcoin ETF proposals from NYDIG, Global X", "text": "The Securities and Exchange Commission has shot down two spot bitcoin exchange-traded fund proposals, continuing a trend of rejections from the US securities market regulator.\u00a0 The post SEC shoots down spot bitcoin ETF proposals from NYDIG, Global X appeared first on The Block.", "source_name": "The Block", "date": "Fri, 11 Mar 2022 09:36:49 -0500", "topics": ["regulations"], "sentiment": "Negative", "type": "Article", "tickers": ["BTC"]}, {"news_url": "https://en.cryptonomist.ch/2022/03/11/geopolitical-tensions-could-not-beat-bitcoin/", "image_url": "https://crypto.snapi.dev/images/v1/b/w/unnamed-1-300x200-116801.png", "title": "Geopolitical Tensions Could Not Beat Bitcoin", "text": "With the Ukraine-Russia conflict still raging on, various financial markets are still feeling the heat", "source_name": "The Cryptonomist", "date": "Fri, 11 Mar 2022 09:26:49 -0500", "topics": [], "sentiment": "Positive", "type": "Article", "tickers": ["BTC"]}, {"news_url": "https://www.reuters.com/technology/el-salvador-says-could-launch-bitcoin-sovereign-bond-between-march-15-20-2022-03-11/", "image_url": "https://crypto.snapi.dev/images/v1/i/8/xw2txyeqfznpvkyubo65kacffu-116799.jpg", "title": "El Salvador says could launch bitcoin sovereign bond between March 15-20", "text": "El Salvador is looking for the right timing to launch its bitcoin-backed bond, which could happen between March 15 and 20, the Central American nation's finance minister Alejandro Zelaya on Friday told local TV.", "source_name": "Reuters", "date": "Fri, 11 Mar 2022 09:26:41 -0500", "topics": [], "sentiment": "Positive", "type": "Article", "tickers": ["BTC"]}, {"news_url": "https://invezz.com/news/2022/03/11/blockchain-parser-tracks-movement-of-489-btc-worth-17m/", "image_url": "https://crypto.snapi.dev/images/v1/v/5/whale-116796.jpg", "title": "Blockchain parser tracks movement of 489 BTC worth $17M", "text": "Despite the market's volatility, a whale holder from 2010 decided to move a considerable amount of Bitcoin (BTC/USD). A whale is any entity with a large amount of a particular crypto, BTC in this case. Blockchain parser Btcparser.com spotted a very large transfer on March 10. Around 489.1 Bitcoin, equivalent to nearly $17 million, was [\u2026] The post Blockchain parser tracks movement of 489 BTC worth $17M appeared first on Invezz.", "source_name": "Invezz", "date": "Fri, 11 Mar 2022 09:21:21 -0500", "topics": [], "sentiment": "Neutral", "type": "Article", "tickers": ["BTC"]}, {"news_url": "https://www.reuters.com/technology/us-sec-rejects-nydig-bitcoin-etf-global-x-bitcoin-trust-listing-proposals-2022-03-11/", "image_url": "https://crypto.snapi.dev/images/v1/g/o/gold-and-red-bitcoin-on-table-116123-116321-116832.jpg", "title": "U.S. SEC rejects NYDIG Bitcoin ETF and Global X Bitcoin Trust listing proposals", "text": "The U.S. Securities and Exchange Commission rejected proposals to list and trade shares of spot bitcoin exchange-traded funds (ETFs) NYDIG Bitcoin ETF and Global X Bitcoin Trust, in filings dated March 10.", "source_name": "Reuters", "date": "Fri, 11 Mar 2022 09:13:20 -0500", "topics": ["regulations"], "sentiment": "Negative", "type": "Article", "tickers": ["BTC"]}, {"news_url": "https://en.cryptonomist.ch/2022/03/11/okcoin-stacks-165-million-support-bitcoin-projects/", "image_url": "https://crypto.snapi.dev/images/v1/8/v/okcoin-lists-stacks-token-stx-announcement-300x170-116802.png", "title": "Okcoin and Stacks: $165 million to support Bitcoin projects", "text": "A DeFi boom in the Bitcoin ecosystem is becoming increasingly likely", "source_name": "The Cryptonomist", "date": "Fri, 11 Mar 2022 09:13:02 -0500", "topics": [], "sentiment": "Positive", "type": "Article", "tickers": ["BTC", "STX"]}, {"news_url": "https://www.benzinga.com/markets/cryptocurrency/22/03/26100657/kevin-oleary-dumps-bitcoin-mining-stocks-after-really-bad-news-what-investors-need-to-know?SNAPI", "image_url": "https://crypto.snapi.dev/images/v1/z/h/14266642578-ca649b180d-k-116793.jpg", "title": "Kevin O'Leary Dumps Bitcoin Mining Stocks After 'Really Bad News': What Investors Need To Know", "text": "President Joe Biden has called upon his administration to study and report on the environmental costs and potential benefits associated with cryptocurrencies and underlying blockchain technology.", "source_name": "Benzinga", "date": "Fri, 11 Mar 2022 09:04:00 -0500", "topics": ["mining"], "sentiment": "Negative", "type": "Article", "tickers": ["BTC"]}, {"news_url": "https://coingape.com/?p=103958", "image_url": "https://crypto.snapi.dev/images/v1/b/i/bitcoin-id-4d4cad72-bb7a-40ec-9a8f-39c08a331e44-size900-116212-116680-116786.jpg", "title": "Bitcoin Price Prediction: Set Eyes On $45k If Price Sustain Key $40k", "text": "Bitcoin price trades with small gains on Friday as it recovers from the previous session's declines. The formation of \u2018Doji' candlestick suggests investors are clueless about the next move but hovers near $40k.", "source_name": "Coingape", "date": "Fri, 11 Mar 2022 08:48:25 -0500", "topics": [], "sentiment": "Neutral", "type": "Article", "tickers": ["BTC"]}, {"news_url": "https://www.fool.com/investing/2022/03/11/how-to-navigate-solana-nfts/", "image_url": "https://crypto.snapi.dev/images/v1/z/q/urlhttps3a2f2fgfoolcdncom2feditorial2fimages2f6692692fgettyimages-830948410jpgw700opresize-116784.jpg", "title": "How To Navigate Solana NFTs", "text": "Solana is establishing itself as a serious player in the NFT space. Here's how to approach Solana NFTs.", "source_name": "The Motley Fool", "date": "Fri, 11 Mar 2022 08:40:00 -0500", "topics": ["NFT"], "sentiment": "Neutral", "type": "Article", "tickers": ["SOL"]}, {"news_url": "https://beincrypto.com/federal-judge-orders-bitcoin-inventor-to-pay-additional-43m/", "image_url": "https://crypto.snapi.dev/images/v1/r/s/bic-craig-wrightjpgoptimal-116789.jpg", "title": "Federal Judge Orders Bitcoin \u201cInventor\u201d to Pay Additional $43M", "text": "A judge has ruled that Craig Wright must pay an additional $43m to the joint venture he co-founded, on top of the $100m he paid last year. The post Federal Judge Orders Bitcoin \u201cInventor\u201d to Pay Additional $43M appeared first on BeInCrypto.", "source_name": "BeInCrypto", "date": "Fri, 11 Mar 2022 08:38:24 -0500", "topics": [], "sentiment": "Neutral", "type": "Article", "tickers": ["BTC"]}, {"news_url": "https://u.today/btc-rebounds-to-40k-as-hedge-funds-pour-billions-of-dollars-into-crypto-details?SNAPI", "image_url": "https://crypto.snapi.dev/images/v1/y/s/13256-116780.jpg", "title": "BTC Rebounds to $40K as Hedge Funds Pour Billions of Dollars into Crypto: Details", "text": "Hedge funds pour billions of dollars into cryptocurrency, bringing BTC back to $40,000", "source_name": "UToday", "date": "Fri, 11 Mar 2022 08:34:00 -0500", "topics": ["institutions"], "sentiment": "Positive", "type": "Article", "tickers": ["BTC"]}, {"news_url": "https://cryptoverze.com/ethereum-gas-fees-plunging-to-a-seven-month-low/", "image_url": "https://crypto.snapi.dev/images/v1/o/h/840-ahr0chm6ly9zmy5jb2ludgvszwdyyxbolmnvbs91cgxvywrzlziwmjitmdmvzjuwnji2zdetmdaxms00odm4lthmzwqtndhlodkyntzjytmxlmpwzw-116600-116779.jpg", "title": "Ethereum Gas Fees Plunging to a Seven-Month Low", "text": "The usual gas price on Ethereum has really been significantly declining since the beginning of the year, going from 218 Gwei on January 10 to 40.82 on Wednesday, according to data. The fees for Ethereum gas blockchain transactions have dropped to their barest minimum rate since August. They are, nevertheless, not cheap.\u00a0 On Wednesday, the...", "source_name": "Cryptoverze", "date": "Fri, 11 Mar 2022 08:31:32 -0500", "topics": [], "sentiment": "Neutral", "type": "Article", "tickers": ["ETH"]}, {"news_url": "https://ambcrypto.com/heres-why-the-sec-vs-ripple-lawsuit-is-a-lose-lose-situation-despite-one-clear-winner/", "image_url": "https://crypto.snapi.dev/images/v1/x/x/hasan-almasi-owqlxcvovxi-unsplash-116778.jpg", "title": "Why the SEC vs. Ripple lawsuit is a \u2018LOSE-LOSE' situation despite one clear winner", "text": "The ever-lasting feud between the San Fransico-based fintech firm, Ripple Labs and the SEC might be coming to an end soon. Well, in this context, the former SEC Commissioner had a lot of interesting observations.", "source_name": "AMBCrypto", "date": "Fri, 11 Mar 2022 08:30:41 -0500", "topics": ["regulations"], "sentiment": "Negative", "type": "Article", "tickers": ["XRP"]}, {"news_url": "https://u.today/ethereum-and-aave-smart-contract-usage-spikes-by-100?SNAPI", "image_url": "https://crypto.snapi.dev/images/v1/o/j/13253-116777.jpg", "title": "Ethereum and AAVE Smart Contract Usage Spikes by 100%", "text": "Usage of DeFi-related network surges after departure of well-known developers from industry", "source_name": "UToday", "date": "Fri, 11 Mar 2022 08:28:00 -0500", "topics": [], "sentiment": "Positive", "type": "Article", "tickers": ["AAVE", "ETH"]}, {"news_url": "https://cryptopotato.com/self-proclaimed-bitcoin-creator-craig-wright-to-pay-43m-in-prejudgment-interest/", "image_url": "https://crypto.snapi.dev/images/v1/v/l/craigwright-min-116774.jpg", "title": "Self-Proclaimed Bitcoin Creator Craig Wright to Pay $43M in Prejudgment Interest", "text": "Craig Wright must pay an extra $43 million on top of the previously ruled $100 million.", "source_name": "CryptoPotato", "date": "Fri, 11 Mar 2022 08:25:49 -0500", "topics": [], "sentiment": "Neutral", "type": "Article", "tickers": ["BTC"]}, {"news_url": "https://u.today/ripple-plans-to-upgrade-its-nft-standard-via-upcoming-release-details?SNAPI", "image_url": "https://crypto.snapi.dev/images/v1/i/b/13252-0-116763.jpg", "title": "Ripple Plans to Upgrade Its NFT Standard via Upcoming Release: Details", "text": "Ripple intends to uncover additional tokenization capabilities on XRPL", "source_name": "UToday", "date": "Fri, 11 Mar 2022 07:52:00 -0500", "topics": ["upgrade", "NFT"], "sentiment": "Positive", "type": "Article", "tickers": ["XRP"]}, {"news_url": "https://www.newsbtc.com/news/massive-amount-of-sleeping-bitcoin/", "image_url": "https://crypto.snapi.dev/images/v1/c/m/bitcoin-9-116762.png", "title": "Massive Amount Of \u2018Sleeping' Bitcoin Moved After More Than 11 Years In Hibernation", "text": "A large sum of money from a \u201cSleeping\u201d Bitcoin was transferred after being dormant for more than a decade. Since the crisis between Russia and Ukraine and heightened pessimism about the future of the global economy, cryptocurrency values have been volatile.", "source_name": "NewsBTC", "date": "Fri, 11 Mar 2022 07:49:05 -0500", "topics": [], "sentiment": "Neutral", "type": "Article", "tickers": ["BTC"]}, {"news_url": "https://dailyhodl.com/2022/03/11/rich-dad-poor-dad-author-issues-dire-bitcoin-and-crypto-warning/", "image_url": "https://crypto.snapi.dev/images/v1/a/k/government-seize-assetsjpgfit10242c600ssl1-116769.jpg", "title": "Rich Dad Poor Dad Author Issues Dire Bitcoin and Crypto Warning", "text": "Personal finance author and investor Robert Kiyosaki is issuing a warning to crypto investors. In a series of tweets, the Rich Dad Poor Dad author shares his fears about the government seizing people's digital assets. Kiyosaki predicts President Biden's executive order will pave the way for the government to create its own digital asset at [\u2026] The post Rich Dad Poor Dad Author Issues Dire Bitcoin and Crypto Warning appeared first on The Daily Hodl.", "source_name": "The Daily Hodl", "date": "Fri, 11 Mar 2022 07:45:44 -0500", "topics": [], "sentiment": "Negative", "type": "Article", "tickers": ["BTC"]}, {"news_url": "https://cryptopotato.com/bitcoin-tests-40k-on-reports-of-putin-claiming-progress-made-in-talks-with-ukraine/", "image_url": "https://crypto.snapi.dev/images/v1/w/z/bitcoin-russia-ukraine-116760.jpg", "title": "Bitcoin Tests $40K on Reports of Putin Claiming Progress Made in Talks With Ukraine", "text": "Bitcoin's price is back at the psychological $40K level amid escalating volatility.", "source_name": "CryptoPotato", "date": "Fri, 11 Mar 2022 07:33:33 -0500", "topics": [], "sentiment": "Positive", "type": "Article", "tickers": ["BTC"]}, {"news_url": "https://www.coindesk.com/tech/2022/03/11/10m-ether-now-locked-on-eth-20-staking-contract/", "image_url": "https://crypto.snapi.dev/images/v1/z/2/x5zommvaxbdx7m7x4mgmql36j4-116757.jpeg", "title": "10M Ether Now Locked on Eth 2.0 Staking Contract", "text": "The landmark figure represents over $26 billion worth of the asset at current prices.", "source_name": "Coindesk", "date": "Fri, 11 Mar 2022 07:21:00 -0500", "topics": [], "sentiment": "Neutral", "type": "Article", "tickers": ["ETH"]}, {"news_url": "https://cointelegraph.com/news/bitcoin-spikes-above-40k-as-russia-sees-positive-shifts-in-ukraine-war-dialogue", "image_url": "https://crypto.snapi.dev/images/v1/p/e/840-ahr0chm6ly9zmy5jb2ludgvszwdyyxbolmnvbs91cgxvywrzlziwmjitmdmvyzdlotk3mdgtnji2nc00yja5lwixzgitnze3zdiyntdhytkwlmpwzw-116756.jpg", "title": "Bitcoin spikes above $40K as Russia sees 'positive shifts' in Ukraine war dialogue", "text": "Bitcoin shows its penchant for peace once again as hope of a quicker end to hostilities sends BTC price action over $40,000.", "source_name": "Cointelegraph", "date": "Fri, 11 Mar 2022 07:19:14 -0500", "topics": [], "sentiment": "Positive", "type": "Article", "tickers": ["BTC"]}, {"news_url": "https://en.cryptonomist.ch/2022/03/11/bitcoin-whale-from-2010-awakens/", "image_url": "https://crypto.snapi.dev/images/v1/b/q/bitcoin-whale-1-300x200-116758.jpg", "title": "Bitcoin: a whale from 2010 awakens", "text": "489.09 BTC transferred, presumably to a cold wallet. Nearly $20 million", "source_name": "The Cryptonomist", "date": "Fri, 11 Mar 2022 07:14:59 -0500", "topics": ["whales"], "sentiment": "Neutral", "type": "Article", "tickers": ["BTC"]}, {"news_url": "https://en.cryptonomist.ch/2022/03/11/arizona-other-us-states-blazing-their-own-trail-with-bitcoin/", "image_url": "https://crypto.snapi.dev/images/v1/a/6/usa-bitcoin-2-1-300x200-116759.jpg", "title": "Arizona and other US states blazing their own trail with Bitcoin", "text": "Despite Biden's executive order, some states are going ahead with their own crypto laws", "source_name": "The Cryptonomist", "date": "Fri, 11 Mar 2022 07:09:53 -0500", "topics": [], "sentiment": "Positive", "type": "Article", "tickers": ["BTC"]}, {"news_url": "https://u.today/1175-billion-in-bitcoin-withdrawn-from-coinbase-by-anon-whales-whale-alert?SNAPI", "image_url": "https://crypto.snapi.dev/images/v1/1/3/13246-116747.jpg", "title": "$1.175 Billion in Bitcoin Withdrawn from Coinbase by Anon Whales: Whale Alert", "text": "Jaw-dropping amount of BTC has been shifted from Coinbase to anonymous crypto wallets, while BTC is down 8%", "source_name": "UToday", "date": "Fri, 11 Mar 2022 07:08:00 -0500", "topics": ["whales"], "sentiment": "Neutral", "type": "Article", "tickers": ["BTC"]}, {"news_url": "https://coinpedia.org/price-analysis/drowning-volume-may-nullify-the-buying-pressure-on-solana-sol-price/", "image_url": "https://crypto.snapi.dev/images/v1/i/g/the-defi-sector-turns-to-solana-as-an-ethereum-alternative-740x416-115114-116744.jpg", "title": "Drowning Volume May Nullify the Mounting Buying Pressure on Solana, What's Next for SOL Price?\u00a0", "text": "With the recent spike, the crypto space had almost surpassed the $1.8 trillion mark. As the inflation rates made a huge noise and dragged the crypto space below. Bitcoin price had almost smashed $40,000 but now slid down below $39,000. The quick reversal halted the uptrend of most of the altcoins including Solana(SOL) price. The \u2026", "source_name": "CoinPedia", "date": "Fri, 11 Mar 2022 07:07:00 -0500", "topics": [], "sentiment": "Neutral", "type": "Article", "tickers": ["SOL"]}, {"news_url": "https://cryptonews.com/news/bitcoin-ethereum-try-recover-smaller-altcoins-rally.htm", "image_url": "https://crypto.snapi.dev/images/v1/f/e/10-116742.jpg", "title": "Bitcoin and Ethereum Try to Recover, Smaller Altcoins Rally", "text": "Bitcoin price tested the USD 38,250 level, but the bulls protected additional losses and the price moved above the USD 39,000 level again and is now (11:56 UTC) testing the USD 40,000 level.", "source_name": "Cryptonews", "date": "Fri, 11 Mar 2022 07:01:00 -0500", "topics": [], "sentiment": "Positive", "type": "Article", "tickers": ["BTC", "ETH"]}, {"news_url": "https://www.dcforecasts.com/ethereum-news/ethereums-gas-fees-reach-8-month-low-as-nft-activity-cools-down/", "image_url": "https://crypto.snapi.dev/images/v1/s/w/ethereum-20-116577-116721.jpg", "title": "Ethereum's Gas Fees Reach 8-Month Low As NFT Activity Cools Down", "text": "Ethereum's gas fees reach 8-month low as the interest in DEFI and NFT is cooling down, reaching levels now seen since August 2021 as we can see in our Ethereum latest news. With the NFT and DEFI activity starting to cool down, Ethereum's gas fees reach a new low and are hovering around 20-24 Gwei [\u2026]", "source_name": "DCForecasts", "date": "Fri, 11 Mar 2022 06:12:32 -0500", "topics": ["NFT"], "sentiment": "Neutral", "type": "Article", "tickers": ["ETH"]}, {"news_url": "https://coinpedia.org/bitcoin/bitcoin-btc-price-on-the-brink-of-falling-back-to-35000/", "image_url": "https://crypto.snapi.dev/images/v1/5/z/bitcoin-hyperbitcoin-116601-116717.jpg", "title": "Bitcoin(BTC) Price On The Brink Of Falling Back To $35,000! Are Whales Gearing Up For Another Crash?", "text": "\u00a0\u00a0The crypto sphere is engulfed in darkness as the inflation rate in the U.S Soares to 7.9%. In addition, the fear of FED's meeting approaching the horizon, with a hike in interest rates, haunts the community. The market capitalization of the industry is presently at $1.86 T. Which has seen a marginal difference of 0.1% \u2026", "source_name": "CoinPedia", "date": "Fri, 11 Mar 2022 06:02:00 -0500", "topics": ["whales"], "sentiment": "Neutral", "type": "Article", "tickers": ["BTC"]}, {"news_url": "https://beincrypto.com/realized-losses-equal-realized-profits-bitcoin-btc-on-chain-analysis/", "image_url": "https://crypto.snapi.dev/images/v1/t/1/bic-onchain-analysis-bitcoin-116724.png", "title": "Realized Losses Equal Realized Profits: Bitcoin (BTC) On-Chain Analysis", "text": "In this article, BeInCrypto analyzes various on-chain indicators for\u00a0Bitcoin (BTC) including realized profits, losses, and net realized profit/loss values. The post Realized Losses Equal Realized Profits: Bitcoin (BTC) On-Chain Analysis appeared first on BeInCrypto.", "source_name": "BeInCrypto", "date": "Fri, 11 Mar 2022 06:00:00 -0500", "topics": [], "sentiment": "Neutral", "type": "Article", "tickers": ["BTC"]}, {"news_url": "https://www.fool.com/investing/2022/03/11/ethereum-whales-love-shiba-inu-should-you/", "image_url": "https://crypto.snapi.dev/images/v1/x/h/urlhttps3a2f2fgfoolcdncom2feditorial2fimages2f6698962fgettyimages-1216255449jpgw700opresize-116719.jpg", "title": "Ethereum Whales Love Shiba Inu -- Should You?", "text": "It's their third-biggest holding.", "source_name": "The Motley Fool", "date": "Fri, 11 Mar 2022 06:00:00 -0500", "topics": ["whales"], "sentiment": "Neutral", "type": "Article", "tickers": ["ETH", "SHIB"]}, {"news_url": "https://coinidol.com/eth-fluctuates-risks/", "image_url": "https://crypto.snapi.dev/images/v1/d/u/f5d2989c4c31988ed301adb160ce62a0-116715.jpg", "title": "Ethereum Fluctuates Between $2,400 And $3,200, Risks Further Decline Below $2,400", "text": "The price of Ethereum (ETH) is in a downward correction as the price falls below the moving averages. Today, Ether fell to a low of $2,588.", "source_name": "Coin Idol", "date": "Fri, 11 Mar 2022 05:40:00 -0500", "topics": [], "sentiment": "Negative", "type": "Article", "tickers": ["ETH"]}, {"news_url": "https://www.cryptopolitan.com/ripple-price-analysis-2022-03-11/", "image_url": "https://crypto.snapi.dev/images/v1/2/o/screenshot-1-1-116714.png", "title": "Ripple price analysis: XRP/USD set to dip further in the next 24 hours", "text": "TL;DR Breakdown Ripple price analysis is bearish today. XRP/USD spiked higher overnight.", "source_name": "Cryptopolitan", "date": "Fri, 11 Mar 2022 05:38:56 -0500", "topics": ["tanalysis"], "sentiment": "Negative", "type": "Article", "tickers": ["XRP"]}, {"news_url": "https://dailyhodl.com/2022/03/11/is-that-you-satoshi-over-20000000-in-bitcoin-btc-suddenly-moves-after-lying-low-since-2010/", "image_url": "https://crypto.snapi.dev/images/v1/m/3/200-bitcoin-suddenly-movesjpgfit10242c600ssl1-116718.jpg", "title": "Is That You Satoshi? Over $20,000,000 in Bitcoin (BTC) Suddenly Moves After Lying Low Since 2010", "text": "A long-dormant Bitcoin (BTC) whale has emerged after more than a decade of inactivity, according to whale-tracking bot Whale Alert. Whale Alert finds that the address, which was last active in October 2010, recently moved 489 Bitcoin worth over $20 million at time of transfer. The deep-pocketed investor moved the crypto assets to an unknown [\u2026] The post Is That You Satoshi? Over $20,000,000 in Bitcoin (BTC) Suddenly Moves After Lying Low Since 2010 appeared first on The Daily Hodl.", "source_name": "The Daily Hodl", "date": "Fri, 11 Mar 2022 05:15:44 -0500", "topics": [], "sentiment": "Negative", "type": "Article", "tickers": ["BTC"]}, {"news_url": "https://bitcoinist.com/proposal-green-bitcoin-mining-or-marketing-ploy/", "image_url": "https://crypto.snapi.dev/images/v1/1/g/hill-g829083551-1280-601x420-116701.jpg", "title": "Is This A Proposal To Incentivize Green Bitcoin Mining Or A Marketing Ploy?", "text": "The road to a green bitcoin continues. This time, it's with an idea so wild that it just may work.", "source_name": "Bitcoinist", "date": "Fri, 11 Mar 2022 04:59:35 -0500", "topics": ["mining"], "sentiment": "Neutral", "type": "Article", "tickers": ["BTC"]}, {"news_url": "https://www.cryptopolitan.com/polkadot-price-analysis-2022-03-11/", "image_url": "https://crypto.snapi.dev/images/v1/5/j/dot-3-116698.jpg", "title": "Polkadot price analysis: Dot is bullish at $17.7. Can bulls pierce through $18.6 resistance?", "text": "TL;DR Breakdown Polkadot price analysis shows a bullish trend. Resistance for DOT is found at the $18.6 level.", "source_name": "Cryptopolitan", "date": "Fri, 11 Mar 2022 04:52:55 -0500", "topics": ["tanalysis"], "sentiment": "Positive", "type": "Article", "tickers": ["DOT"]}, {"news_url": "https://www.benzinga.com/markets/cryptocurrency/22/03/26096256/onlyfans-donates-1-3m-in-ethereum-to-ukraine-plans-to-give-more-to-country-with-strong-per?SNAPI", "image_url": "https://crypto.snapi.dev/images/v1/e/t/eth-4-e1642427189650-115844-116713.jpg", "title": "OnlyFans Donates $1.3M In Ethereum To Ukraine, Plans To Give More To Country With 'Strong Personal Ties'", "text": "Subscription-based social media platform OnlyFans has donated nearly $1.3 million in Ethereum (CRYPTO: ETH) to UkraineDAO, a decentralized autonomous organization helping Ukraine in the current conflict against Russia.", "source_name": "Benzinga", "date": "Fri, 11 Mar 2022 04:51:00 -0500", "topics": [], "sentiment": "Neutral", "type": "Article", "tickers": ["ETH"]}, {"news_url": "https://cryptopotato.com/bitcoins-volatility-on-us-inflation-reports-and-stacks-stx-33-explosion-market-watch/", "image_url": "https://crypto.snapi.dev/images/v1/y/r/bitcoin-zigzag-cover-116696.jpg", "title": "Bitcoin's Volatility on US Inflation Reports and Stacks' STX 33% Explosion (Market Watch)", "text": "Bitcoin's price went through some massive volatility on the report of February's CPI numbers, but this failed to produce a directional change, and BTC remains at around $39K.", "source_name": "CryptoPotato", "date": "Fri, 11 Mar 2022 04:46:47 -0500", "topics": [], "sentiment": "Negative", "type": "Article", "tickers": ["BTC", "STX"]}, {"news_url": "https://en.cryptonomist.ch/2022/03/11/nearly-10-million-eth-staked-ethereum-2-0/", "image_url": "https://crypto.snapi.dev/images/v1/o/8/ethereum-2-1-1-300x200-116699.jpg", "title": "Nearly 10 million ETH staked on Ethereum 2.0", "text": "There are now more than $25 billion in staking on the new Beacon Chain", "source_name": "The Cryptonomist", "date": "Fri, 11 Mar 2022 04:45:38 -0500", "topics": [], "sentiment": "Neutral", "type": "Article", "tickers": ["ETH"]}, {"news_url": "https://coingape.com/?p=103919", "image_url": "https://crypto.snapi.dev/images/v1/k/a/kanchanara-jswprvkr-oe-unsplash-scaled-116141-116373-116711.jpg", "title": "Whales Move Over $1 Billion Worth Of Bitcoin From Exchanges; Are Institutions Accumulating?", "text": "Over $1 billion worth of Bitcoins has been transferred from Coinbase to some unknown wallets. In less than 10 transactions, some of the largest whales moved over 35,000 BTC in the last 24 hours.", "source_name": "Coingape", "date": "Fri, 11 Mar 2022 04:40:38 -0500", "topics": ["institutions", "whales"], "sentiment": "Neutral", "type": "Article", "tickers": ["BTC"]}, {"news_url": "https://coinidol.com/ripple-buyers-re-enter/", "image_url": "https://crypto.snapi.dev/images/v1/4/r/f93eb0d7bee5914008c445545b0b5b05-116697.jpg", "title": "Ripple Holds Above $0.72 As Buyers Re-Enter And Continue Uptrend", "text": "Today, March 11, 2022, Ripple (XRP) has fallen to a low of $0.73 at the time of writing. On the daily chart, XRP price is between the moving averages.", "source_name": "Coin Idol", "date": "Fri, 11 Mar 2022 04:34:00 -0500", "topics": [], "sentiment": "Positive", "type": "Article", "tickers": ["XRP"]}, {"news_url": "https://u.today/savvy-trader-peter-brandt-gives-bullish-bitcoin-related-advice-to-gen-zers-heres-what-he-says?SNAPI", "image_url": "https://crypto.snapi.dev/images/v1/8/c/13242-116690.jpg", "title": "Savvy Trader Peter Brandt Gives Bullish Bitcoin-Related Advice to Gen Zers, Here's What He Says", "text": "Seasoned trader advises Gen Z on Bitcoin, crypto, including ADA, NFTs and stocks, explains why he is bullish on BTC", "source_name": "UToday", "date": "Fri, 11 Mar 2022 04:34:00 -0500", "topics": [], "sentiment": "Positive", "type": "Article", "tickers": ["BTC"]}, {"news_url": "https://coinmarketcap.com/alexandria/article/bitcoin-flat-as-u-s-inflation-hits-new-40-year-high", "image_url": "https://crypto.snapi.dev/images/v1/y/v/bitcoin-id-4d4cad72-bb7a-40ec-9a8f-39c08a331e44-size900-116212-116680.jpg", "title": "Bitcoin Flat as U.S. Inflation Hits New 40-Year High", "text": "Although Bitcoin has tended to enjoy a little uptick when grim inflation figures are released, the world's biggest cryptocurrency remained pretty static when the data emerged on Thursday.", "source_name": "CoinMarketCap", "date": "Fri, 11 Mar 2022 04:09:32 -0500", "topics": [], "sentiment": "Neutral", "type": "Article", "tickers": ["BTC"]}, {"news_url": "https://beincrypto.com/bitcoin-btc-consolidates-below-40000-roller-coaster-week/", "image_url": "https://crypto.snapi.dev/images/v1/2/a/bic-btc-fractals-similar-pattern-long-term-chart-116676.jpg", "title": "Bitcoin (BTC) Consolidates Below $40,000 Amid Roller-Coaster Week", "text": "Bitcoin (BTC) neutralized a bearish candlestick pattern on March 10 but has failed to initiate any type of significant and sustained rebound. The post Bitcoin (BTC) Consolidates Below $40,000 Amid Roller-Coaster Week appeared first on BeInCrypto.", "source_name": "BeInCrypto", "date": "Fri, 11 Mar 2022 03:38:15 -0500", "topics": [], "sentiment": "Neutral", "type": "Article", "tickers": ["BTC"]}, {"news_url": "https://thecurrencyanalytics.com/bitcoin/kraken-exchange-gifting-1000-dollars-in-bitcoin-btc-to-every-user-in-ukraine-39846.php", "image_url": "https://crypto.snapi.dev/images/v1/t/u/kraken-exchange-gifting-1000-dollars-in-bitcoin-btc-to-every-user-in-ukraine-116672.jpg", "title": "Kraken Exchange Gifting 1,000 dollars in Bitcoin (BTC) to every user in Ukraine", "text": "Catch up on the latest crypto market news at The Currency Analytics. Bitcoin magazine shared: NEW Kraken exchange is gifting 1,000 dollars in Bitcoin to every user in Ukraine.", "source_name": "The Currency Analytics", "date": "Fri, 11 Mar 2022 03:20:36 -0500", "topics": [], "sentiment": "Positive", "type": "Article", "tickers": ["BTC"]}, {"news_url": "https://dailyhodl.com/2022/03/11/whales-dive-into-top-ethereum-eth-competitor-and-ditch-shiba-inu-shib-as-crypto-volatility-returns/", "image_url": "https://crypto.snapi.dev/images/v1/w/f/whales-dive-ditchjpgfit10242c600ssl1-116679.jpg", "title": "Whales Dive Into Top Ethereum (ETH) Competitor and Ditch Shiba Inu (SHIB) As Crypto Volatility Returns", "text": "The richest Ethereum (ETH) whales in the world are accumulating a top ETH competitor as the overall crypto market continues to pull back. WhaleStats reports on Twitter that scalable smart contract-enabled blockchain Fantom (FTM) became the top target of the 500 biggest ETH address on record over one 24-hour period this week, flipping popular dog-themed [\u2026] The post Whales Dive Into Top Ethereum (ETH) Competitor and Ditch Shiba Inu (SHIB) As Crypto Volatility Returns appeared first on The Daily Hodl.", "source_name": "The Daily Hodl", "date": "Fri, 11 Mar 2022 03:04:34 -0500", "topics": ["whales"], "sentiment": "Negative", "type": "Article", "tickers": ["ETH", "SHIB"]}, {"news_url": "https://coinpedia.org/bitcoin/why-bitcoin-btc-price-is-declining/", "image_url": "https://crypto.snapi.dev/images/v1/1/u/crypto10-116668.jpg", "title": "Top Crypto Analyst Unveils Why Bitcoin (BTC) Price is Declining!", "text": "The worldwide crypto market is in a constant state of decline, as the market's rapid shift has impacted several currencies. Bitcoin's price plummeted below $40,000 on Friday, while other cryptocurrencies, including Ethereum, were down. Due to the rising issue between Russia and Ukraine, the month of February experienced difficult circumstances with shifts in market and \u2026", "source_name": "CoinPedia", "date": "Fri, 11 Mar 2022 03:00:00 -0500", "topics": [], "sentiment": "Negative", "type": "Article", "tickers": ["BTC"]}, {"news_url": "https://thecurrencyanalytics.com/altcoins/a-thread-on-xrp-price-without-discussing-price-39842.php", "image_url": "https://crypto.snapi.dev/images/v1/c/x/on-xrp-price-without-discussing-price-116665.jpg", "title": "A Thread on XRP Price Without Discussing Price", "text": "Catch up on the latest crypto market news at The Currency Analytics. WrathofKanheman shared: A thread on XRP price, without discussing price, because I don't do that.", "source_name": "The Currency Analytics", "date": "Fri, 11 Mar 2022 02:31:43 -0500", "topics": [], "sentiment": "Neutral", "type": "Article", "tickers": ["XRP"]}, {"news_url": "https://ambcrypto.com/ethereum-heres-a-prolonged-perspective-to-be-considered-before-taking-positions/", "image_url": "https://crypto.snapi.dev/images/v1/q/a/zoltan-tasi-unxmhzcqjxg-unsplash-116664.jpg", "title": "Ethereum: Here's a prolonged perspective to be considered before taking positions", "text": "What is it about the largest altcoin that can make an investor bet on it? Well, the fact that\u00a0Ethereum2.0 deposit address on 10 March exceeded the total number of ETH\u00a0locked which stood at 10 million, at the time of writing.", "source_name": "AMBCrypto", "date": "Fri, 11 Mar 2022 02:30:10 -0500", "topics": [], "sentiment": "Neutral", "type": "Article", "tickers": ["ETH"]}, {"news_url": "https://coinpedia.org/price-analysis/solana-hints-bullish-reversal-sol-price-might-surge/", "image_url": "https://crypto.snapi.dev/images/v1/u/p/crypto9-116663.jpg", "title": "Solana Hints Bullish Reversal! SOL Price Might Surge 34% To Hit $120", "text": "The downtrend in the global crypto market continues as it sheds 4.42% in 24 hours. Bitcoin, affected by the recessive bouts, sheds 2.84% in 24 hours trading at $38,511.79. Ethereum also sheds 2.55%, following the dominant trend in the market trading at $2,542.13. At press time, Solana's (SOL) Price is trading at $81.16 with a \u2026", "source_name": "CoinPedia", "date": "Fri, 11 Mar 2022 02:28:56 -0500", "topics": [], "sentiment": "Positive", "type": "Article", "tickers": ["SOL"]}, {"news_url": "https://coinpedia.org/bitcoin/bitcoin-btc-price-to-hit-this-level-in-next-24-months/", "image_url": "https://crypto.snapi.dev/images/v1/6/k/crypto8-116661.jpg", "title": "Bitcoin (BTC) Price To Hit This Level In Next 24 Months Predicts Top Influencer\ufffc", "text": "The Crypto market continues to plunge with the global market cap dipping by a significant 4.53 percent in the last 24 hours and is at $1.72 trillion. The world's largest cryptocurrency, Bitcoin, was down by over 3% trading at $38,593.50. Ethereum was down by over 2.5% at $2,548.86. Similarly, major altcoins too suffer losses. BTC \u2026", "source_name": "CoinPedia", "date": "Fri, 11 Mar 2022 02:00:00 -0500", "topics": [], "sentiment": "Neutral", "type": "Article", "tickers": ["BTC"]}, {"news_url": "https://thecurrencyanalytics.com/bitcoin/america-is-not-going-to-ban-bitcoin-btc-39838.php", "image_url": "https://crypto.snapi.dev/images/v1/d/o/doll-1-115570-116233-116686.jpeg", "title": "America Is NOT Going to Ban Bitcoin (BTC)", "text": "Catch up on the latest crypto market news at The Currency Analytics. Dennis Porter shared: Not only is America NOT going to ban Bitcoin, but we are also going to be the\u2026 The post America Is NOT Going to Ban Bitcoin (BTC) appeared first on Cryptocurrency News.", "source_name": "The Currency Analytics", "date": "Fri, 11 Mar 2022 01:25:50 -0500", "topics": [], "sentiment": "Positive", "type": "Article", "tickers": ["BTC"]}, {"news_url": "https://www.newsbtc.com/analysis/eth/ethereum-restarts-decline-2500/", "image_url": "https://crypto.snapi.dev/images/v1/4/e/depositphotos-183063862-s-2019-116656.jpg", "title": "TA: Ethereum Restarts Decline, Can Bulls Save The Day", "text": "Ethereum extended decline below the $2,600 support zone against the US Dollar. ETH price could even retest $2,445, where the bulls might appear.", "source_name": "NewsBTC", "date": "Fri, 11 Mar 2022 00:48:21 -0500", "topics": ["tanalysis"], "sentiment": "Neutral", "type": "Article", "tickers": ["ETH"]}, {"news_url": "https://www.benzinga.com/markets/cryptocurrency/22/03/26094817/ebay-showcases-digital-wallet-could-it-be-gearing-to-accept-cryptos-like-bitcoin-ethereum-?SNAPI", "image_url": "https://crypto.snapi.dev/images/v1/l/p/ebay-campus-116655.jpeg", "title": "eBay Showcases Digital Wallet: Could It Be Gearing To Accept Cryptos Like Bitcoin, Ethereum, Dogecoin?", "text": "E-commerce giant eBay Inc (NASDAQ: EBAY) on Thursday showcased its first digital wallet in a presentation to investors, coming on the heels of media reports of its CEO hinting at accepting payments in cryptocurrency.", "source_name": "Benzinga", "date": "Fri, 11 Mar 2022 00:41:00 -0500", "topics": [], "sentiment": "Positive", "type": "Article", "tickers": ["BTC", "DOGE", "ETH"]}, {"news_url": "https://coingape.com/?p=103911", "image_url": "https://crypto.snapi.dev/images/v1/b/i/bitcoin-2007769-1280-116169-116684.jpg", "title": "Large Investors Building Heavy Short Positions for Bitcoin (BTC): Reports", "text": "The Bitcoin (BTC) price is down another 3% on the backdrop of unfavorable global macros and rising inflation. So if you think that this might be the right time to average, you might want to wait a little bit more.", "source_name": "Coingape", "date": "Fri, 11 Mar 2022 00:39:14 -0500", "topics": [], "sentiment": "Neutral", "type": "Article", "tickers": ["BTC"]}, {"news_url": "https://coingape.com/?p=103909", "image_url": "https://crypto.snapi.dev/images/v1/p/r/project-skyrockets-dayjpgfit10242c600ssl1-114784-115306-116682.jpg", "title": "Terra Set to Become the Largest Blockchain By Staked Value, Ethereum 2.0 Hits A Milestone", "text": "One cryptocurrency which has been largely resilient to the recent cryptocurrency market correction is Terra's LUNA. It has succeeded in holding its guard with the LUNA price inching closer to $100.", "source_name": "Coingape", "date": "Fri, 11 Mar 2022 00:08:34 -0500", "topics": [], "sentiment": "Positive", "type": "Article", "tickers": ["ETH", "LUNA"]}, {"news_url": "https://cryptonews.com/news/bitcoin-ethereum-increased-losses-zec-stx-rally.htm", "image_url": "https://crypto.snapi.dev/images/v1/v/t/20210909-crypto-exchanges-regulators-800x450-114924-115437-116649.jpg", "title": "Bitcoin and Ethereum Increased Losses, ZEC and STX Rally", "text": "Bitcoin price moved into a bearish zone below the USD 40,000 level. BTC even extended decline below the USD 38,500 level before somewhat recovering. It is currently (04:40 UTC) showing bearish signs below USD 38,700 and still might extend losses.", "source_name": "Cryptonews", "date": "Thu, 10 Mar 2022 23:54:00 -0500", "topics": [], "sentiment": "Neutral", "type": "Article", "tickers": ["BTC", "ETH", "STX", "ZEC"]}, {"news_url": "https://coinpedia.org/bitcoin/bitcoin-btc-price-might-drop-to-this-level-2/", "image_url": "https://crypto.snapi.dev/images/v1/9/l/gold-and-red-bitcoin-on-table-116123-116648.jpg", "title": "Here's Why Bitcoin (BTC) Price Might Drop To This Level In Coming Days!", "text": "Despite the fact that the crypto executive order bolstered the cryptocurrency market, there are still fears about rising inflation. The entire attention will be on the impending rise in U.S. inflation, which is projected to be exacerbated by the current geopolitical scenario. The Federal Reserve (Fed) has historically had the largest impact on cryptocurrency markets, \u2026", "source_name": "CoinPedia", "date": "Thu, 10 Mar 2022 23:53:29 -0500", "topics": [], "sentiment": "Negative", "type": "Article", "tickers": ["BTC"]}, {"news_url": "https://www.cryptopolitan.com/bitcoin-ethereum-stacks-and-bittorrent-new-daily-price-analyses-10-march-roundup/", "image_url": "https://crypto.snapi.dev/images/v1/y/z/cryptocurrency-market-overview-source-quantify-crypto-5-115628-116125-116647.png", "title": "Bitcoin, Ethereum, Stacks, and BitTorrent (New) Daily Price Analyses \u2013 10 March Roundup", "text": "TL;DR Breakdown The recession in the global crypto market continues as it sheds 4.42% in 24 hours. Bitcoin, affected by the recessive bouts, sheds 5.84% in 24 hours.", "source_name": "Cryptopolitan", "date": "Thu, 10 Mar 2022 23:31:21 -0500", "topics": [], "sentiment": "Neutral", "type": "Article", "tickers": ["BTC", "BTT", "ETH", "STX"]}, {"news_url": "https://www.newsbtc.com/analysis/btc/bitcoin-more-downsides-38k/", "image_url": "https://crypto.snapi.dev/images/v1/h/0/shutterstock-1610297188-116641.jpg", "title": "TA: Bitcoin Key Indicators Suggest Strengthening Case For More Downsides", "text": "Bitcoin gained bearish momentum below $40,000 against the US Dollar. BTC is at risk of more downsides towards the $37,200 and $36,600 levels.", "source_name": "NewsBTC", "date": "Thu, 10 Mar 2022 22:08:24 -0500", "topics": ["tanalysis"], "sentiment": "Negative", "type": "Article", "tickers": ["BTC"]}, {"news_url": "https://bitcoinmagazine.com/markets/bitcoin-derivatives-shows-macroeconomic-uncertainty", "image_url": "https://crypto.snapi.dev/images/v1/q/q/img-6033-116637.png", "title": "Bitcoin Derivatives Market Reflects Macroeconomic Uncertainty", "text": "Analyzing bitcoin derivatives data makes it clear that market participants are cautious in this period of uncertainty.", "source_name": "Bitcoin Magazine", "date": "Thu, 10 Mar 2022 21:30:00 -0500", "topics": [], "sentiment": "Negative", "type": "Article", "tickers": ["BTC"]}, {"news_url": "https://www.benzinga.com/markets/cryptocurrency/22/03/26094082/bitcoin-ethereum-dogecoin-dragged-down-by-soaring-us-inflation-why-are-crypto-traders-stil?SNAPI", "image_url": "https://crypto.snapi.dev/images/v1/a/9/vecteezy-hand-holding-a-physical-bitcoin-in-hand-with-digital-financial-graphs-on-a-laptop-in-the-background-2547888-116635.jpeg", "title": "Bitcoin, Ethereum, Dogecoin Dragged Down By Soaring US Inflation \u2014 Why Are Crypto Traders Still Bullish In Uncertain Times?", "text": "Bitcoin traded under the psychologically important $40,000 level at press time on Thursday evening, with the global cryptocurrency market cap falling 4.35% to $1.75 trillion.", "source_name": "Benzinga", "date": "Thu, 10 Mar 2022 21:13:00 -0500", "topics": [], "sentiment": "Negative", "type": "Article", "tickers": ["BTC", "DOGE", "ETH"]}, {"news_url": "https://www.cryptoglobe.com/latest/2022/03/1-1-billion-29000-bitcoin-btc-leave-coinbase-pro-suggesting-whales-are-accumulating/", "image_url": "https://crypto.snapi.dev/images/v1/c/o/coinbase-pro-app-image-1-116953.jpg", "title": "$1.1 Billion: 29,000 Bitcoin ($BTC) Leave Coinbase Pro, Suggesting Whales are Accumulating", "text": "Over three transactions, bitcoin ($BTC) whales have withdrawn over $1.1 billion worth of the cryptocurrency from the Nasdaq-listed cryptocurrency exchange Coinbase. The whale withdrawals suggested accumulation to hold over the long-term. As first reported by Cointelegraph, blockchain analytics services flagged three major withdrawals from Coinbase Pro, Coinbase's professional investment platform. These transactions moved 9,843 BTC, [\u2026]", "source_name": "CryptoGlobe", "date": "Thu, 10 Mar 2022 20:20:00 -0500", "topics": ["whales"], "sentiment": "Neutral", "type": "Article", "tickers": ["BTC"]}, {"news_url": "https://cointelegraph.com/news/40k-bitcoin-price-is-in-reach-but-analysts-warn-that-a-sweep-of-recent-lows-is-likely", "image_url": "https://crypto.snapi.dev/images/v1/w/i/840-ahr0chm6ly9zmy5jb2ludgvszwdyyxbolmnvbs91cgxvywrzlziwmjitmdmvogmxzti2ntgtythmos00nmjkltgznmitnjizn2y0mdzhmzqwlmpwzw-116630.jpg", "title": "$40K Bitcoin price is in reach, but analysts warn that a sweep of recent lows is likely", "text": "Sky high inflation, fear over the Fed's expected rate hike and exploding commodity prices are all possible reasons for BTC's recent dip below $40,000.", "source_name": "Cointelegraph", "date": "Thu, 10 Mar 2022 19:45:17 -0500", "topics": [], "sentiment": "Negative", "type": "Article", "tickers": ["BTC"]}, {"news_url": "https://decrypt.co/94836/165-million-bitcoin-odyssey-okcoin-stacks-aim-accelerate-btc-adoption", "image_url": "https://crypto.snapi.dev/images/v1/t/t/bitcoin-gid-6-116626.png", "title": "A $165 Million \u2018Bitcoin Odyssey': Okcoin, Stacks Aim to Accelerate BTC Adoption", "text": "The idea is to help bring all the elements of Web3 to Bitcoin.", "source_name": "Decrypt", "date": "Thu, 10 Mar 2022 19:06:23 -0500", "topics": [], "sentiment": "Positive", "type": "Article", "tickers": ["STX", "BTC"]}, {"news_url": "https://bitcoinist.com/stripe-launches-bitcoin-products-but-whats-the-catch/", "image_url": "https://crypto.snapi.dev/images/v1/y/k/kelly-sikkema-huugug9gdrg-unsplash-630x420-116632.jpg", "title": "Stripe Launches Bitcoin Products, But What's The Catch?", "text": "Over the years, the online payment processor Stripe has been paying close attention to the bitcoin and crypto space, waiting for the right moment to jump in. The company has now partnered with FTX and Blockchain.com to start its crypto journey.", "source_name": "Bitcoinist", "date": "Thu, 10 Mar 2022 18:59:13 -0500", "topics": [], "sentiment": "Positive", "type": "Article", "tickers": ["BTC"]}, {"news_url": "https://cryptobriefing.com/10m-eth-staked-in-ethereum-consensus-layer-contract/?utm_source=main_feed&utm_medium=rss", "image_url": "https://crypto.snapi.dev/images/v1/d/p/eth-20-3-10-22-1-838x440-116624.jpg", "title": "10M ETH Staked in Ethereum Consensus Layer Contract", "text": "Formerly known as \"Eth 2.0,\" Ethereum's \"consensus layer\" has amassed more than 10 million ETH staked.", "source_name": "Crypto Briefing", "date": "Thu, 10 Mar 2022 18:39:57 -0500", "topics": [], "sentiment": "Neutral", "type": "Article", "tickers": ["ETH"]}], "total_pages": 42}