{"data": [{"news_url": "https://u.today/cash-app-now-lets-users-invest-their-paychecks-in-bitcoin?SNAPI", "image_url": "https://crypto.snapi.dev/images/v1/l/j/13930-126514.jpg", "title": "Cash App Now Lets Users Invest Their Paychecks in Bitcoin", "text": "Block's Cash App has added three new Bitcoin features that could boost the adoption of the top cryptocurrency", "source_name": "UToday", "date": "Thu, 07 Apr 2022 10:52:00 -0400", "topics": [], "sentiment": "Positive", "type": "Article", "tickers": ["BTC"]}, {"news_url": "https://www.trustnodes.com/2022/04/07/mexicos-richest-man-ricardo-salinas-has-60-in-bitcoin", "image_url": "https://crypto.snapi.dev/images/v1/z/g/ricardo-salinas-bitcoin-2022-126512.png", "title": "Mexico's Richest Man Ricardo Salinas Has 60% in Bitcoin", "text": "Ricardo Salinas Pliego (pictured), one of the richest man in Mexico with a net worth of $13.6 billion, stated during Bitcoin 2022 that 60% of his liquid portfolio is in.", "source_name": "Trustnodes", "date": "Thu, 07 Apr 2022 10:47:47 -0400", "topics": ["paywall"], "sentiment": "Positive", "type": "Article", "tickers": ["BTC"]}, {"news_url": "https://news.bitcoin.com/bitcoin-ethereum-technical-analysis-eth-btc-both-near-2-week-lows-following-recent-declines/", "image_url": "https://crypto.snapi.dev/images/v1/p/q/shutterstock-1068219719-1-126513.jpg", "title": "Bitcoin, Ethereum Technical Analysis: ETH, BTC Both Near 2-Week Lows Following Recent Declines", "text": "BTC and ETH were once again lower during today's trading session, as both were trading close to two-week lows. Bitcoin dropped below $43,000 for the first time since March 24, while ETH hit a bottom near $3,100 on Thursday. Bitcoin Bitcoin continued trading lower on Thursday, as the world's largest cryptocurrency fell below $43,000 for [\u2026]", "source_name": "Bitcoin", "date": "Thu, 07 Apr 2022 10:45:21 -0400", "topics": ["tanalysis"], "sentiment": "Negative", "type": "Article", "tickers": ["BTC", "ETH"]}, {"news_url": "https://investorplace.com/2022/04/pre-ipo-stock-trading-appears-to-be-a-bullish-indicator-for-the-xrp-crypto/", "image_url": "https://crypto.snapi.dev/images/v1/r/i/ripple-price-analysis-2022-04-02-124560-126522.png", "title": "Pre-IPO Stock Trading Appears to Be a Bullish Indicator for the XRP Crypto", "text": "Ripple Labs, creator of the XRP crypto, has been a private equity favorite amid a recent boom in pre-IPO crypto operators.", "source_name": "Investorplace", "date": "Thu, 07 Apr 2022 10:43:11 -0400", "topics": [], "sentiment": "Positive", "type": "Article", "tickers": ["XRP"]}, {"news_url": "https://finbold.com/daily-mined-ethereum-is-decreasing-is-a-price-rise-on-the-cards/?SNAPI", "image_url": "https://crypto.snapi.dev/images/v1/4/s/daily-mined-ethereum-is-decreasing-is-a-price-rise-on-the-cards-126511.jpg", "title": "Daily mined Ethereum is decreasing; is a price rise on the cards?", "text": "Ethereum (ETH) has been trading in the red for the past week, although a potential bullish turn could be waiting.", "source_name": "Finbold", "date": "Thu, 07 Apr 2022 10:36:18 -0400", "topics": [], "sentiment": "Neutral", "type": "Article", "tickers": ["ETH"]}, {"news_url": "https://cryptopotato.com/eth-price-analysis-ethereum-sheds-5-weekly-is-3000-in-play/", "image_url": "https://crypto.snapi.dev/images/v1/r/y/average-7-day-fees-paid-to-ethereum-protocol-are-almost-40x-higher-than-bitcoins-125876-126510.jpg", "title": "ETH Price Analysis: Ethereum Sheds 5% Weekly, is $3,000 in Play?", "text": "After three weeks of a strong uptrend, Ethereum lost almost 10% of its market cap in a few days, dropping from a high at $3547 at the beginning of the week to $3143. The US stock market is also retracing after a 20-day uptrend.", "source_name": "CryptoPotato", "date": "Thu, 07 Apr 2022 10:34:38 -0400", "topics": ["tanalysis"], "sentiment": "Negative", "type": "Article", "tickers": ["ETH"]}, {"news_url": "https://cryptobriefing.com/cash-app-support-bitcoin-paycheck-payments/?utm_source=main_feed&utm_medium=rss", "image_url": "https://crypto.snapi.dev/images/v1/v/c/jack-dorsey-slams-web3-cover-838x440-126507.png", "title": "Cash App to Support Bitcoin Paycheck Payments", "text": "Cash App now lets U.S. customers allocate a percentage of their paychecks directly into Bitcoin.", "source_name": "Crypto Briefing", "date": "Thu, 07 Apr 2022 10:31:16 -0400", "topics": [], "sentiment": "Positive", "type": "Article", "tickers": ["BTC"]}, {"news_url": "https://coingape.com/?p=107628", "image_url": "https://crypto.snapi.dev/images/v1/l/2/bitcoin-and-ethereum-bottoming-out-signal-flickers-as-network-transactions-hit-multi-year-highs-768x448-153072-153401-126504.jpg", "title": "Three Arrows Capital Buys The Dip, Adds Ethereum (ETH) Worth $101 M", "text": "Three Arrows Capital, a hedge fund manager based in Singapore, on Thursday has added nearly 31,345 Ethereum (ETH) for about $101 million. Blockchain analytics platform Nansen marked that a BlockFi address transferred Ether to the Three Arrows Capital wallet address at 2:42 AM UTC.", "source_name": "Coingape", "date": "Thu, 07 Apr 2022 10:27:29 -0400", "topics": [], "sentiment": "Positive", "type": "Article", "tickers": ["ETH"]}, {"news_url": "https://www.coindesk.com/business/2022/04/07/ufc-to-pay-bitcoin-bonuses-to-athletes-in-cryptocom-partnership/", "image_url": "https://crypto.snapi.dev/images/v1/0/n/l2vfkssv4jf4ho3t32ztu4kcr4-126499.jpg", "title": "UFC to Pay Bitcoin Bonuses to Athletes in Crypto.com Partnership", "text": "Bitcoin bonuses will be awarded to the three stand-out fighters at each UFC pay-per-view event as voted for by fans across the world.", "source_name": "Coindesk", "date": "Thu, 07 Apr 2022 10:20:00 -0400", "topics": [], "sentiment": "Positive", "type": "Article", "tickers": ["BTC", "CRO"]}, {"news_url": "https://www.coindesk.com/business/2022/04/07/cash-app-rolls-out-service-to-automate-getting-paid-in-bitcoin/", "image_url": "https://crypto.snapi.dev/images/v1/u/q/llrxvkuxsjgerb5lnoweq4a2pe-126500.jpg", "title": "Cash App Rolls Out Service to Automate Getting Paid in Bitcoin", "text": "Block's mobile payment service also announced a feature to round up payments to buy bitcoin with the difference, and the ability to send bitcoin using the Lightning Network.", "source_name": "Coindesk", "date": "Thu, 07 Apr 2022 10:15:00 -0400", "topics": [], "sentiment": "Positive", "type": "Article", "tickers": ["BTC"]}, {"news_url": "https://bitcoinmagazine.com/culture/serena-williams-aaron-rodgers-obj-on-bitcoin", "image_url": "https://crypto.snapi.dev/images/v1/c/e/img-6234-126495.png", "title": "Serena Williams, Odell Beckham Jr. And Aaron Rodgers On Why They Believe In Bitcoin", "text": "On stage at Bitcoin 2022, Serena Williams, Odell Beckham, Jr. and Aaron Rodgers explained why they invest and choose to be paid in bitcoin.", "source_name": "Bitcoin Magazine", "date": "Thu, 07 Apr 2022 10:08:50 -0400", "topics": [], "sentiment": "Positive", "type": "Article", "tickers": ["BTC"]}, {"news_url": "https://www.theblockresearch.com/layer-by-layer-issue-27-ethereum-terra-avalanche-and-fantom-141038", "image_url": "https://crypto.snapi.dev/images/v1/p/3/20210723-layer-by-layer-research-797x450-126494.jpg", "title": "Layer by Layer Issue 27: Ethereum, Terra, Avalanche, and Fantom", "text": "Quick Take In this weekly series, we dive into some of the most interesting data and developments across the Layer 1 blockchain landscape, from DeFi and bridges to network activity and funding Ethereum and Avalanche are nearing critical stages of development in their scaling roadmaps Terra's UST continues its spread across multiple chains while incentives on Fantom are beginning to fuel a new chapter for the ecosystem", "source_name": "The Block", "date": "Thu, 07 Apr 2022 10:06:05 -0400", "topics": [], "sentiment": "Neutral", "type": "Article", "tickers": ["AVAX", "ETH", "FTM", "LUNA"]}, {"news_url": "https://insidebitcoins.com/news/bitcoin-btc-price-prediction-btc-usd-upward-correction-terminates-as-bitcoin-faces-rejection-at-43-9k", "image_url": "https://crypto.snapi.dev/images/v1/1/u/a-new-petro-asset-this-historic-move-could-send-bitcoins-price-to-1-millionmeanwhile-ethereum-bnb-terra-xrp-solana-cardano-dogecoin-are-sinking-126380-126493.jpg", "title": "Bitcoin (BTC) Price Prediction: BTC/USD Upward Correction Terminates as Bitcoin Faces Rejection at $43.9K", "text": "BTC Price Resumes Sideways Move as Bitcoin Faces Rejection at $43.9K \u2013 April 7, 2022 Today, BTC/USD has declined to $43,162 as Bitcoin faces rejection [...]", "source_name": "Inside Bitcoins", "date": "Thu, 07 Apr 2022 10:03:41 -0400", "topics": [], "sentiment": "Negative", "type": "Article", "tickers": ["BTC"]}, {"news_url": "https://coinpedia.org/price-analysis/top-predictions-foe-ethereum-eth-and-cardano-ada-price/", "image_url": "https://crypto.snapi.dev/images/v1/8/m/crypto9-126492.jpg", "title": "Top Predictions for Ethereum (ETH) & Cardano (ADA) Price, Cryptos Aim at a Bullish Weekly Close!", "text": "Ethereum(ETH) Price Analysis\u00a0 The bulls who entered expecting a significant surge in ETH price above $3500 appear to be pretty trapped at the moment. As the price currently has slashed below $3200 but quickly ignited with a rebound much before the crucial support at $3000. Currently, the bulls appear slightly distinct compelling the ETH price \u2026", "source_name": "CoinPedia", "date": "Thu, 07 Apr 2022 10:03:00 -0400", "topics": [], "sentiment": "Positive", "type": "Article", "tickers": ["ADA", "ETH"]}, {"news_url": "https://www.trustnodes.com/2022/04/07/new-sec-nominees-may-change-bitcoin-etf-calculations", "image_url": "https://crypto.snapi.dev/images/v1/2/h/jamie-lizarraga-mark-uyeda-126489.jpg", "title": "New SEC Nominees May Change Bitcoin ETF Calculations", "text": "The Biden administration has announced the nomination to the SEC Commission of an advisor to Pat Toomey, one of the most pro-bitcoin Senator in the United States. Mark T. Uyeda.", "source_name": "Trustnodes", "date": "Thu, 07 Apr 2022 10:00:56 -0400", "topics": ["paywall", "regulations"], "sentiment": "Neutral", "type": "Article", "tickers": ["BTC"]}, {"news_url": "https://u.today/eth-net-daily-issuance-drops-to-monthly-lows-here-is-what-this-means?SNAPI", "image_url": "https://crypto.snapi.dev/images/v1/1/3/13927-126491.jpg", "title": "ETH Net Daily Issuance Drops to Monthly Lows, Here Is What This Means", "text": "ETH has not had a negative net issuance day since January 10", "source_name": "UToday", "date": "Thu, 07 Apr 2022 09:59:00 -0400", "topics": [], "sentiment": "Neutral", "type": "Article", "tickers": ["ETH"]}, {"news_url": "https://bitcoinmagazine.com/business/cash-app-adds-pay-me-in-bitcoin-lightning-features", "image_url": "https://crypto.snapi.dev/images/v1/y/g/cash-app-126485.jpg", "title": "Cash App Announces New Lightning Integration, \u2018Pay Me In Bitcoin' Feature", "text": "During a presentation at Bitcoin 2022, Miles Suter of Cash App announced a slew of new bitcoin features for the popular payments service.", "source_name": "Bitcoin Magazine", "date": "Thu, 07 Apr 2022 09:58:40 -0400", "topics": [], "sentiment": "Positive", "type": "Article", "tickers": ["BTC"]}, {"news_url": "https://cryptonews.com/news/cash-app-launches-paid-in-bitcoin-function-adds-lightning-transfers.htm", "image_url": "https://crypto.snapi.dev/images/v1/v/y/adobestock-sharafmaksumov-1-1-media-library-original-1200-800-126483.jpg", "title": "Cash App Launches \u2018Paid in Bitcoin' Function, Adds Lightning Transfers", "text": "Cash App, the mobile payments app developed by the Jack Dorsey-led payments firm Block, Inc., announced three new bitcoin functions today, including a new way to receive bitcoin (BTC) payments via the Lightning Network.", "source_name": "Cryptonews", "date": "Thu, 07 Apr 2022 09:54:00 -0400", "topics": [], "sentiment": "Positive", "type": "Article", "tickers": ["BTC"]}, {"news_url": "https://cointelegraph.com/news/interlay-introduce-xcc-protocol-to-enhance-bitcoin-s-reciprocal-relationship-with-defi", "image_url": "https://crypto.snapi.dev/images/v1/p/l/840-ahr0chm6ly9zmy5jb2ludgvszwdyyxbolmnvbs91cgxvywrzlziwmjitmdqvzmyyntu4n2ytmmq2zi00m2m0ltgxntctzwi3zjrmotm2zjjjlmpwzw-126481.jpg", "title": "Interlay introduce XCC protocol to enhance Bitcoin's reciprocal relationship with DeFi", "text": "XCC is positioned as a supporting mechanism to XCLAIM, a protocol which acts as the foundational layer for Interlay's Bitcoin one-to-one backed asset interBTC.", "source_name": "Cointelegraph", "date": "Thu, 07 Apr 2022 09:51:33 -0400", "topics": [], "sentiment": "Positive", "type": "Article", "tickers": ["BTC"]}, {"news_url": "https://coingape.com/?p=107668", "image_url": "https://crypto.snapi.dev/images/v1/m/a/xrp-logo-featured-126476.png", "title": "Ripple Price Prediction: XRP Price Tests Ascending Trend Line; Time To Enter?", "text": "XRP price edges higher after a three-day sell-off. The price uptrend remains steady since January 24, however, a \u2018double top' formation near $0.91 weighed on bullish sentiments.", "source_name": "Coingape", "date": "Thu, 07 Apr 2022 09:32:32 -0400", "topics": [], "sentiment": "Positive", "type": "Article", "tickers": ["XRP"]}, {"news_url": "https://decrypt.co/97161/cash-app-now-paid-bitcoin-feature-lightning-receive", "image_url": "https://crypto.snapi.dev/images/v1/z/1/receive-gid-6-126477.jpg", "title": "Cash App Now Offers 'Paid in Bitcoin' Feature, 'Lightning Receive' Coming Soon", "text": "Block announced a trio of Bitcoin-related features for Cash App, including the ability to receive Lightning payments.", "source_name": "Decrypt", "date": "Thu, 07 Apr 2022 09:30:07 -0400", "topics": [], "sentiment": "Positive", "type": "Article", "tickers": ["BTC"]}, {"news_url": "https://cointelegraph.com/news/ufc-to-pay-out-fighter-bonuses-in-bitcoin-for-its-upcoming-ppv-events", "image_url": "https://crypto.snapi.dev/images/v1/u/j/840-ahr0chm6ly9zmy5jb2ludgvszwdyyxbolmnvbs91cgxvywrzlziwmjitmdqvywrin2i4ogitnjg1ys00nthhlwezmdqtmdm3mthjzdzlodjilmpwzw-126475.jpg", "title": "UFC to pay out fighter bonuses in Bitcoin for its upcoming PPV events", "text": "Sports and crypto have gone hand in hand over the past couple of years, as most sporting companies across various niches have on-boarded crypto firms as their brand partners.", "source_name": "Cointelegraph", "date": "Thu, 07 Apr 2022 09:28:58 -0400", "topics": [], "sentiment": "Positive", "type": "Article", "tickers": ["BTC"]}, {"news_url": "https://www.investingcube.com/ethereum-price-prediction-current-setup-shows-3500-is-possible/", "image_url": "https://crypto.snapi.dev/images/v1/g/j/eth-1-126471.jpg", "title": "Ethereum Price Prediction: Current Setup Shows $3,500 is Possible", "text": "Ethereum prices have dropped by almost 10 per cent from last week's price highs. However, in today's trading session.", "source_name": "InvestingCube", "date": "Thu, 07 Apr 2022 09:28:44 -0400", "topics": [], "sentiment": "Positive", "type": "Article", "tickers": ["ETH"]}, {"news_url": "https://www.theblockcrypto.com/linked/141068/cash-app-now-lets-users-automatically-convert-paychecks-to-bitcoin-expands-lightning-network-support", "image_url": "https://crypto.snapi.dev/images/v1/w/n/20200511-cash-app-800x450-126472.jpg", "title": "Cash App now lets users automatically convert paychecks to bitcoin, expands Lightning network support", "text": "Payments app Cash App, operated by Block, is enabling customers to receive their compensation in bitcoin. The post Cash App now lets users automatically convert paychecks to bitcoin, expands Lightning network support appeared first on The Block.", "source_name": "The Block", "date": "Thu, 07 Apr 2022 09:28:26 -0400", "topics": [], "sentiment": "Positive", "type": "Article", "tickers": ["BTC"]}, {"news_url": "https://www.forbes.com/sites/ninabambysheva/2022/04/07/cash-app-users-can-now-invest-their-paychecks-into-bitcoin/", "image_url": "https://crypto.snapi.dev/images/v1/n/g/cash-app-users-can-now-invest-their-paychecks-into-bitcoin-126470.jpg", "title": "Cash App Users Can Now Invest Their Paychecks Into Bitcoin", "text": "This morning at the Bitcoin 2022 conference in Miami, Block announced that Cash App direct deposit users can automatically covert any percentage of their paychecks into bitcoin.", "source_name": "Forbes", "date": "Thu, 07 Apr 2022 09:24:01 -0400", "topics": [], "sentiment": "Positive", "type": "Article", "tickers": ["BTC"]}, {"news_url": "https://www.benzinga.com/markets/cryptocurrency/22/04/26517504/bitcoin-is-getting-tamed-one-fifth-of-the-hash-rate-is-managed-by-listed-firms?SNAPI", "image_url": "https://crypto.snapi.dev/images/v1/p/8/bitcoin-6467426-1920-126505.jpg", "title": "Bitcoin Is Getting Tamed? One-Fifth Of The Hash Rate Is Managed By Listed Firms", "text": "An increasingly large portion of Bitcoin's (CRYPTO: BTC) hash rate is managed by publicly-traded companies, a development that was hardly expected from a technology that was meant to be anti-establishment with radically individualist ideas.", "source_name": "Benzinga", "date": "Thu, 07 Apr 2022 09:24:00 -0400", "topics": [], "sentiment": "Neutral", "type": "Article", "tickers": ["BTC"]}, {"news_url": "https://coinpedia.org/altcoin/bitcoin-and-ethereum-enter-correction-phase/", "image_url": "https://crypto.snapi.dev/images/v1/e/g/image-2022-04-07-145544423-126338-126469.png", "title": "Bitcoin and Ethereum Enter Correction Phase, How Low Will BTC & ETH Price Plunge?", "text": "Bitcoin finds some amount of comfort after facing a continuous sell-off for two days. After enjoying a bullish momentum in the second half of March, Bitcoin price saw a decline below $45,000 since the start of April. As the flagship currency is presently trading around $43,800, the currency has managed to surpass its immediate resistance \u2026", "source_name": "CoinPedia", "date": "Thu, 07 Apr 2022 09:22:34 -0400", "topics": [], "sentiment": "Negative", "type": "Article", "tickers": ["BTC", "ETH"]}, {"news_url": "https://crypto-economy.com/%e2%80%8cbitcoin-and-the-whole-market-need-more-time-to-become-fully-bullish/", "image_url": "https://crypto.snapi.dev/images/v1/q/a/bitcoin-analysis-127013.jpg", "title": "\u200cBitcoin and the Whole Market Need More Time to Become Fully Bullish", "text": "Bitcoin's price began to fall after reaching a 2022 high of $48K, and the entire market seemed to follow suit. Bitcoin is currently trading...", "source_name": "Crypto Economy", "date": "Thu, 07 Apr 2022 09:18:14 -0400", "topics": [], "sentiment": "Neutral", "type": "Article", "tickers": ["BTC"]}, {"news_url": "https://cryptopotato.com/little-guy-games-develops-play-to-earn-nft-racing-game-on-solana/", "image_url": "https://crypto.snapi.dev/images/v1/k/s/untitled-design-3-126466.jpg", "title": "Little Guy Games Develops Play-to-Earn NFT Racing Game on Solana", "text": "In 2021, play-to-earn (P2E) games took the crypto industry by storm. Since then, the tren has only grown stronger, with new P2E projects being launched almost every day to provide more earning opportunities for gamers.", "source_name": "CryptoPotato", "date": "Thu, 07 Apr 2022 09:17:56 -0400", "topics": ["NFT"], "sentiment": "Neutral", "type": "Article", "tickers": ["SOL"]}, {"news_url": "https://finbold.com/commodity-expert-warns-biggest-losers-in-a-stock-market-drop-will-be-bitcoin-copper-and-oil/?SNAPI", "image_url": "https://crypto.snapi.dev/images/v1/p/l/photo-2022-04-07-15-11-13-126463.jpg", "title": "Commodity expert warns biggest losers in a stock market drop will be Bitcoin, copper and oil", "text": "On April 6th the Federal Reserve (Fed) laid out its plan to reduce its balance sheet incrementally in the near.", "source_name": "Finbold", "date": "Thu, 07 Apr 2022 09:16:50 -0400", "topics": [], "sentiment": "Negative", "type": "Article", "tickers": ["BTC"]}, {"news_url": "https://cryptoslate.com/miners-utilizing-norways-renewable-energy-to-reduce-bitcoins-carbon-footprint/", "image_url": "https://crypto.snapi.dev/images/v1/d/r/image-2022-04-07-171411153-126462.png", "title": "Miners utilizing Norway's renewable energy to reduce Bitcoin's carbon footprint", "text": "MiningBitcoin miners in Norway run their operations solely on renewable energy thanks to the country's climate-conscious industry, according to a\u00a0 report by Arcane Research. The post Miners utilizing Norway's renewable energy to reduce Bitcoin's carbon footprint appeared first on CryptoSlate.", "source_name": "CryptoSlate", "date": "Thu, 07 Apr 2022 09:16:17 -0400", "topics": ["mining"], "sentiment": "Neutral", "type": "Article", "tickers": ["BTC"]}, {"news_url": "https://en.cryptonomist.ch/2022/04/07/bitcoin-really-worth-changing-protocol/", "image_url": "https://crypto.snapi.dev/images/v1/e/b/bitcoin-pow-1-300x200-126473.jpg", "title": "Bitcoin: changing the protocol would reduce consumption, but is it really worth it?", "text": "In particular, after Ethereum's announcement of the Merge programme, there has been much discussion as to whether the same fate is really possible for the Bitcoin blockchain. But is it really worth it?", "source_name": "The Cryptonomist", "date": "Thu, 07 Apr 2022 09:13:52 -0400", "topics": [], "sentiment": "Neutral", "type": "Article", "tickers": ["BTC"]}, {"news_url": "https://decrypt.co/97178/ufc-pay-fighters-bonuses-bitcoin", "image_url": "https://crypto.snapi.dev/images/v1/m/e/shutterstock-13558944171-gid-1-126465.jpg", "title": "UFC to Pay Fighters Bonuses in Bitcoin", "text": "The Ultimate Fighting Championship will soon pay fighters' bonuses in Bitcoin thanks to a partnership with Crypto.com", "source_name": "Decrypt", "date": "Thu, 07 Apr 2022 09:12:28 -0400", "topics": [], "sentiment": "Positive", "type": "Article", "tickers": ["BTC"]}, {"news_url": "https://decrypt.co/97178/ufc-fighters-can-now-receive-bonuses-in-bitcoin", "image_url": "https://crypto.snapi.dev/images/v1/z/h/shutterstock-13558944171-gid-1-126568.jpg", "title": "UFC Fighters Can Now Receive Bonuses in Bitcoin", "text": "The Ultimate Fighting Championship will soon pay fighters' bonuses in Bitcoin thanks to a partnership with Crypto.com", "source_name": "Decrypt", "date": "Thu, 07 Apr 2022 09:12:28 -0400", "topics": [], "sentiment": "Positive", "type": "Article", "tickers": ["BTC"]}, {"news_url": "https://cointelegraph.com/news/bolt-to-enable-bitcoin-and-nft-access-via-wyre-acquisition", "image_url": "https://crypto.snapi.dev/images/v1/d/m/840-ahr0chm6ly9zmy5jb2ludgvszwdyyxbolmnvbs91cgxvywrzlziwmjitmdqvywuwytc4zditzmzmyi00nmizltkxnwitzjy2zwq4othknmvjlmpwzw-126461.jpg", "title": "Bolt to enable Bitcoin and NFT access via Wyre acquisition", "text": "Bolt expects to integrate its checkout system with cryptocurrencies by the end of 2022, allowing consumers to buy physical goods with crypto.", "source_name": "Cointelegraph", "date": "Thu, 07 Apr 2022 09:08:54 -0400", "topics": ["NFT"], "sentiment": "Neutral", "type": "Article", "tickers": ["BTC"]}, {"news_url": "https://cryptopotato.com/binance-temporary-suspends-solana-withdrawals/", "image_url": "https://crypto.snapi.dev/images/v1/s/x/binance-logo-126458.png", "title": "Binance Temporary Suspends Solana Withdrawals", "text": "Cryptocurrency exchange Binance revealed that it was aware of the current issues regarding withdrawals on the Solana network.", "source_name": "CryptoPotato", "date": "Thu, 07 Apr 2022 09:08:42 -0400", "topics": [], "sentiment": "Negative", "type": "Article", "tickers": ["SOL"]}, {"news_url": "https://cryptonews.com/news/positive-news-for-two-biggest-cryptos-hope-sparked-for-spot-btc-etfs-goldman-sachs-eth-based-options-contracts.htm", "image_url": "https://crypto.snapi.dev/images/v1/a/d/adobestock-467429182-editorial-min-126453.jpg", "title": "Positive News for Two Biggest Cryptos: Hope Sparked for Spot BTC ETFs; Goldman Sachs' ETH-Based Options Contracts", "text": "There's some positive news for the two biggest cryptoassets in the world. The approval of a new bitcoin (BTC)\u00a0futures-backed exchange-traded fund (ETF) by the US Securities and Exchange Commission (SEC) has again sparked hope that a spot-based bitcoin ETF could come next. Meanwhile, investment banking giant Goldman Sachs has taken steps to expand its offering of over-the-counter (OTC) crypto options trading to options contracts based on Ethereum's native token ETH.", "source_name": "Cryptonews", "date": "Thu, 07 Apr 2022 08:52:00 -0400", "topics": [], "sentiment": "Positive", "type": "Article", "tickers": ["BTC", "ETH"]}, {"news_url": "https://www.cryptopolitan.com/ethereum-price-analysis-2022-04-07/", "image_url": "https://crypto.snapi.dev/images/v1/x/b/eth-126442.jpg", "title": "Ethereum price analysis: ETH recovers at $3250. Bullish pattern to continue?", "text": "TL;DR Breakdown Ethereum price analysis is bullish today. Resistance is present at $3390.", "source_name": "Cryptopolitan", "date": "Thu, 07 Apr 2022 08:43:26 -0400", "topics": ["tanalysis"], "sentiment": "Positive", "type": "Article", "tickers": ["ETH"]}, {"news_url": "https://tokenpost.com/Bitcoin-could-rise-to-500K-after-Fed-eases-its-monetary-tightening-9575", "image_url": "https://crypto.snapi.dev/images/v1/q/h/202204076a1d3d419603aa9e9-126478.jpg", "title": "Bitcoin could rise to $500K after Fed eases its monetary tightening", "text": "Bitcoins price, which has been declining since the start of the year, has finally recovered its losses and is currently trading at around $43,400. But Galaxy Digital founder Mike Novogratz is optimistic that BTC has the potential to go even higher.", "source_name": "Tokenpost", "date": "Thu, 07 Apr 2022 08:36:02 -0400", "topics": [], "sentiment": "Positive", "type": "Article", "tickers": ["BTC"]}, {"news_url": "https://cryptopotato.com/nfl-team-tennessee-titans-to-embrace-bitcoin-as-a-payment-method-report/", "image_url": "https://crypto.snapi.dev/images/v1/a/a/tennesseetitans-cover-126426.jpg", "title": "NFL Team Tennessee Titans to Embrace Bitcoin as a Payment Method (Report)", "text": "Tennessee Titans will reportedly allow bitcoin settlements for season tickets, suits, PSLs, and sponsorship opportunities.", "source_name": "CryptoPotato", "date": "Thu, 07 Apr 2022 08:25:27 -0400", "topics": [], "sentiment": "Positive", "type": "Article", "tickers": ["BTC"]}, {"news_url": "https://www.financemagnates.com/cryptocurrency/news/bitcoin-holder-activates-dormant-address-after-12-years/", "image_url": "https://crypto.snapi.dev/images/v1/5/q/bitcoin-etf-id-ec3f9b81-7b03-4d4f-972c-e6e358880c53-size900-126424.jpg", "title": "Bitcoin Holder Activates Dormant Address after 12 Years", "text": "An old Bitcoin address has moved $2 million worth of BTC on 7 April after 12 years, Whale Alert confirmed today. According to the details highlighted by the on-chain analytics platform, the transfer was executed on Thursday at 2:25 UTC.", "source_name": "FinanceMagnates", "date": "Thu, 07 Apr 2022 08:18:00 -0400", "topics": [], "sentiment": "Neutral", "type": "Article", "tickers": ["BTC"]}, {"news_url": "https://decrypt.co/97135/shark-tank-kevin-oleary-bitcoin-mining-going-save-world", "image_url": "https://crypto.snapi.dev/images/v1/r/2/kevin-oleary-mr-wonderful-bitcoin-gid-4-126425.jpeg", "title": "Shark Tank's Kevin O'Leary: \u2018Bitcoin Mining Is Going to Save the World'", "text": "The former no-coiner believes U.S. stablecoins will \u201cbecome the reserve currency of the Earth.\u201d", "source_name": "Decrypt", "date": "Thu, 07 Apr 2022 08:16:08 -0400", "topics": ["mining"], "sentiment": "Positive", "type": "Article", "tickers": ["BTC"]}, {"news_url": "https://www.benzinga.com/markets/cryptocurrency/22/04/26515719/dogecoin-co-creators-salty-take-on-miami-bitcoin-conference-cringe-and-crashes?SNAPI", "image_url": "https://crypto.snapi.dev/images/v1/f/s/pexels-karatara-931317-126468.jpg", "title": "Dogecoin Co-Creator's Salty Take On Miami Bitcoin Conference: \u2018Cringe And Crashes'", "text": "Dogecoin's (CRYPTO: DOGE) co-creator Billy Markus doesn't have a very upbeat assessment of the Bitcoin 22 conference being held in Miami, Florida. Markus asked on Twitter if \u201canything come out of bitcoin miami other than cringe and crashes.", "source_name": "Benzinga", "date": "Thu, 07 Apr 2022 08:14:00 -0400", "topics": [], "sentiment": "Negative", "type": "Article", "tickers": ["BTC"]}, {"news_url": "https://cryptoslate.com/grayscale-the-sec-must-get-comfortable-with-spot-bitcoin-etf/", "image_url": "https://crypto.snapi.dev/images/v1/t/v/grayscale-sec-bitcoinetf-126400.jpg", "title": "Grayscale: The SEC must get comfortable with spot Bitcoin ETF", "text": "Michael Sonnenshein, CEO of the largest bitcoin and crypto fund Grayscale, has argued that the SEC's justifications of why it approved Bitcoin futures ETFs but not spot ETFs, don't add up. The post Grayscale: The SEC must get comfortable with spot Bitcoin ETF appeared first on CryptoSlate.", "source_name": "CryptoSlate", "date": "Thu, 07 Apr 2022 08:01:21 -0400", "topics": ["regulations"], "sentiment": "Positive", "type": "Article", "tickers": ["BTC"]}, {"news_url": "https://coingape.com/?p=107637", "image_url": "https://crypto.snapi.dev/images/v1/n/f/bitcoin-moon-126401.jpg", "title": "Bitcoin Price Prediction: BTC Price Hovers Near 50-day EMA; Is $40,000 Possible?", "text": "BTC price finds some solace after the two days of the continuous sell-off. After consolidating the price shows an increased selling pressure that pushed it toward the immediate support level.", "source_name": "Coingape", "date": "Thu, 07 Apr 2022 08:01:12 -0400", "topics": [], "sentiment": "Neutral", "type": "Article", "tickers": ["BTC"]}, {"news_url": "https://cryptonews.com/news/bitcoin-and-ethereum-trim-losses-but-recovery-could-face-hurdles.htm", "image_url": "https://crypto.snapi.dev/images/v1/f/g/quantitatives-io-u4kyvirjm5e-unsplash-e1641715561258-96838-125546-126031-126402.jpg", "title": "Bitcoin and Ethereum Trim Losses But Recovery Could Face Hurdles", "text": "Bitcoin price spiked below the USD 43,000 level before recovering. BTC is currently (11:46 UTC) consolidating near USD 48,000 level. If there is an upside correction, the price could face resistance near USD 44,000.", "source_name": "Cryptonews", "date": "Thu, 07 Apr 2022 08:00:00 -0400", "topics": [], "sentiment": "Negative", "type": "Article", "tickers": ["BTC", "ETH"]}, {"news_url": "https://coingape.com/?p=107610", "image_url": "https://crypto.snapi.dev/images/v1/j/2/ethereum-upgrade-126397.jpg", "title": "Ethereum (ETH) Price May Skyrocket Soon; Here's Why", "text": "Ethereum's (ETH) daily burn rate is close to overtaking the pace at which new tokens are minted, recent data shows. The token could see a spike in prices as the supply of ETH tokens becomes limited.", "source_name": "Coingape", "date": "Thu, 07 Apr 2022 07:47:30 -0400", "topics": [], "sentiment": "Positive", "type": "Article", "tickers": ["ETH"]}, {"news_url": "https://www.cryptopolitan.com/bitcoin-might-go-the-moon-novogratz-bullish-upto-500k-on-the-top-cryptocurrency/", "image_url": "https://crypto.snapi.dev/images/v1/n/z/bitcoin-126396.png", "title": "\u2018Bitcoin might go the moon,' Novogratz bullish upto $500K on the top cryptocurrency", "text": "TL;DR Breakdown Bitcoin has seen a recession in value for the last few months, while Novogratz says it might see a rebound. Michael Novogratz believes that Bitcoin might improve its [\u2026]", "source_name": "Cryptopolitan", "date": "Thu, 07 Apr 2022 07:46:15 -0400", "topics": [], "sentiment": "Positive", "type": "Article", "tickers": ["BTC"]}, {"news_url": "https://dailyhodl.com/2022/04/07/analytics-firm-issues-crypto-warning-says-one-bitcoin-btc-and-ethereum-eth-metric-flashing-signs-of-correction/", "image_url": "https://crypto.snapi.dev/images/v1/q/b/firm-issues-bitcoin-ethjpgfit10242c600ssl1-126403.jpg", "title": "Analytics Firm Issues Crypto Warning, Says One Bitcoin (BTC) and Ethereum (ETH) Metric Flashing Signs of Correction", "text": "Crypto analytics firm Santiment is highlighting a key indicator that could signal an end to the recent rally in the cryptocurrency markets. The insights agency says that the profit-to-loss ratio for both Bitcoin (BTC) and Ethereum (ETH) is the largest in nearly six months, which suggests a correction is on the horizon. \u201cBitcoin is seeing [\u2026] The post Analytics Firm Issues Crypto Warning, Says One Bitcoin (BTC) and Ethereum (ETH) Metric Flashing Signs of Correction appeared first on The Daily Hodl.", "source_name": "The Daily Hodl", "date": "Thu, 07 Apr 2022 07:45:25 -0400", "topics": [], "sentiment": "Negative", "type": "Article", "tickers": ["BTC", "ETH"]}, {"news_url": "https://cryptoticker.io/en/ethereum-price-5k-2022-and-this-is-why/", "image_url": "https://crypto.snapi.dev/images/v1/z/m/pexels-moose-photos-1036637-126395.jpg", "title": "WHAT Downtrend? Ethereum Price will reach $5K and THIS is Why", "text": "Ethereum was one of the big winners of the late March 2022 bull run. From a price of $2,600 per Ether in mid-March, the price surged to over $3,400 in the last two weeks of March and even surpassed $3,500 in early April.", "source_name": "CryptoTicker", "date": "Thu, 07 Apr 2022 07:44:00 -0400", "topics": [], "sentiment": "Neutral", "type": "Article", "tickers": ["ETH"]}, {"news_url": "https://coinpedia.org/price-analysis/bitcoin-btc-ethereum-eth-price-down-altcoin-slash-what-about-altseason-2022/", "image_url": "https://crypto.snapi.dev/images/v1/x/g/untitled-design-1-124853-125352-125863-126048-126393.png", "title": "Bitcoin(BTC) & Ethereum(ETH) Down by Nearly 5%, Altcoins Slash by 8% to 10%, What About AltSeason 2022?", "text": "Bitcoin price witnessed a steep drop in the early trading hours which dragged the price below $43,000. On the other hand, Ethereum's price slashed below $3100 for some moment. The altcoins also followed which incurred massive losses. However, despite the narrow trend of BTC prices, the altcoins are expected to range back in action to \u2026", "source_name": "CoinPedia", "date": "Thu, 07 Apr 2022 07:41:07 -0400", "topics": [], "sentiment": "Negative", "type": "Article", "tickers": ["BTC", "ETH"]}, {"news_url": "https://www.dcforecasts.com/altcoin-news/crypto-market-correction-continues-as-btc-drops-below-44k/", "image_url": "https://crypto.snapi.dev/images/v1/p/6/brian-wangenheim-op92ppqgu-4-unsplash-630x420-126143-126392.jpg", "title": "Crypto Market Correction Continues As BTC Drops Below $44K", "text": "Crypto market correction continues with Bitcoin dropping below $44K and the market is painted in red all over the past 24 hours so let's read more in today's latest cryptocurrency news. Bitcoin dipped below the $43K price range while altcoins chart some bigger losses.", "source_name": "DCForecasts", "date": "Thu, 07 Apr 2022 07:35:02 -0400", "topics": [], "sentiment": "Negative", "type": "Article", "tickers": ["BTC"]}, {"news_url": "https://www.fool.com/cryptocurrency/2022/04/07/why-i-measure-my-net-worth-in-bitcoin/", "image_url": "https://crypto.snapi.dev/images/v1/1/3/13909-126302-126420.jpg", "title": "Why I Measure My Net Worth in Bitcoin", "text": "Bitcoin has a static supply of 21 million coins, making it an ideal unit for measuring net worth.", "source_name": "The Motley Fool", "date": "Thu, 07 Apr 2022 07:29:00 -0400", "topics": [], "sentiment": "Neutral", "type": "Article", "tickers": ["BTC"]}, {"news_url": "https://cryptopotato.com/the-philippines-fintech-giant-paymaya-launches-bitcoin-education-feature/", "image_url": "https://crypto.snapi.dev/images/v1/2/v/philippines-bitcoin-cover-126389.jpg", "title": "Philippines Fintech Giant PayMaya Launches Bitcoin Education Feature", "text": "PayMaya enabled its users to buy and sell numerous cryptocurrencies, including Bitcoin, Ether, Solana, and Polkadot.", "source_name": "CryptoPotato", "date": "Thu, 07 Apr 2022 07:23:22 -0400", "topics": [], "sentiment": "Positive", "type": "Article", "tickers": ["BTC"]}, {"news_url": "https://www.benzinga.com/markets/cryptocurrency/22/04/26515472/100-invested-in-bitcoin-during-the-2021-miami-conference-is-worth-this-much-now?SNAPI", "image_url": "https://crypto.snapi.dev/images/v1/b/5/vecteezy-female-characters-with-symbols-of-happiness-wealth-from-5604582-126432.jpg", "title": "$100 Invested In Bitcoin During The 2021 Miami Conference Is Worth This Much Now", "text": "Bitcoin (CRYPTO: BTC) is the largest cryptocurrency by market capitalization and it is also the oldest. This year's Bitcoin 2022 conference takes place from April 6-9 in Miami, Florida.", "source_name": "Benzinga", "date": "Thu, 07 Apr 2022 07:21:00 -0400", "topics": [], "sentiment": "Neutral", "type": "Article", "tickers": ["BTC"]}, {"news_url": "https://www.theblockcrypto.com/post/141013/samson-mow-jack-mallers-plan-major-announcements-at-bitcoin-2022", "image_url": "https://crypto.snapi.dev/images/v1/9/e/20211001-bitcoin-generic-800x450-126385.jpg", "title": "Samson Mow, Jack Mallers plan major announcements at Bitcoin 2022", "text": "Although El Salvador's president, Nayib Bukele, will not be attending Bitcoin 2022, several other people who have focused on the Latin America region will be speaking.\u00a0 The post Samson Mow, Jack Mallers plan major announcements at Bitcoin 2022 appeared first on The Block.", "source_name": "The Block", "date": "Thu, 07 Apr 2022 07:19:01 -0400", "topics": [], "sentiment": "Neutral", "type": "Article", "tickers": ["BTC"]}, {"news_url": "https://www.forbes.com/sites/danrunkevicius/2022/04/07/a-new-petro-asset-this-historic-move-could-send-bitcoins-price-to-1-million-meanwhile-ethereum-bnb-terra-xrp-solana-cardano-dogecoin-are-sinking/", "image_url": "https://crypto.snapi.dev/images/v1/h/d/a-new-petro-asset-this-historic-move-could-send-bitcoins-price-to-1-millionmeanwhile-ethereum-bnb-terra-xrp-solana-cardano-dogecoin-are-sinking-126380.jpg", "title": "\u2018A New Petro-Asset': This Historic Move Could Send Bitcoin's Price To $1 Million\u2014Meanwhile, Ethereum, BNB, Terra, XRP, Solana, Cardano, Dogecoin Are Sinking", "text": "Russia's recent move signals a monumental role crypto could play in the global financial system, which could send the bitcoin price to $1 million. Meanwhile, ethereum, BNB, terra, XRP, solana, cardano, dogecoin are sinking.", "source_name": "Forbes", "date": "Thu, 07 Apr 2022 07:07:06 -0400", "topics": [], "sentiment": "Neutral", "type": "Article", "tickers": ["ADA", "BNB", "BTC", "DOGE", "ETH", "LUNA", "SOL", "XRP"]}, {"news_url": "https://cryptopotato.com/top-bitcoin-whales-bought-the-dip-adding-over-6000-btc-in-a-day/", "image_url": "https://crypto.snapi.dev/images/v1/3/f/bitcoin-whale-cover-1-126374.jpg", "title": "Top Bitcoin Whales Bought the Dip, Adding Over 6,000 BTC in a Day", "text": "Top Bitcoin whales have been buying the dip, adding over 6,000 BTC in a day, according to analysts.", "source_name": "CryptoPotato", "date": "Thu, 07 Apr 2022 06:57:27 -0400", "topics": ["whales"], "sentiment": "Positive", "type": "Article", "tickers": ["BTC"]}, {"news_url": "https://investorplace.com/2022/04/consider-ethereum-as-signs-point-to-a-continuing-upswing/", "image_url": "https://crypto.snapi.dev/images/v1/1/g/ethereum-logo-3e-300x200-125843-126051-126371.jpg", "title": "Consider Ethereum as Signs Point to a Continuing Upswing", "text": "Ethereum looks to have growth in store based on a few simple, but powerful catalysts, which is why investors should be intrigued.", "source_name": "Investorplace", "date": "Thu, 07 Apr 2022 06:48:55 -0400", "topics": [], "sentiment": "Positive", "type": "Article", "tickers": ["ETH"]}, {"news_url": "https://cryptonews.com/news/opensea-now-supports-solana-nfts-beta.htm", "image_url": "https://crypto.snapi.dev/images/v1/b/d/webp-net-resizeimage1-126370.jpg", "title": "OpenSea Now Supports Solana NFTs in Beta", "text": "Non-fungible tokens (NFTs) based on the Solana (SOL) blockchain, a public blockchain and a rival to Ethereum (ETH), are now supported by the major NFT marketplace OpenSea.", "source_name": "Cryptonews", "date": "Thu, 07 Apr 2022 06:48:00 -0400", "topics": ["NFT"], "sentiment": "Positive", "type": "Article", "tickers": ["SOL"]}, {"news_url": "https://u.today/binance-temporarily-pauses-solana-withdrawals-due-to-network-issues?SNAPI", "image_url": "https://crypto.snapi.dev/images/v1/u/0/13915-126368.jpg", "title": "Binance Temporarily Pauses Solana Withdrawals Due to Network Issues", "text": "Solana, the sixth-largest cryptocurrency by market capitalization, has fallen more than 7% over the past 24 hours", "source_name": "UToday", "date": "Thu, 07 Apr 2022 06:47:00 -0400", "topics": [], "sentiment": "Negative", "type": "Article", "tickers": ["SOL"]}, {"news_url": "https://www.cryptopolitan.com/bitcoin-price-analysis-2022-04-07/", "image_url": "https://crypto.snapi.dev/images/v1/s/i/btc-126357.jpg", "title": "Bitcoin price analysis: BTC gets support at $43,105. Support floor confirmed?", "text": "TL;DR Breakdown Bitcoin price analysis is bullish today. Resistance for BTC/USD is present at $44,477.", "source_name": "Cryptopolitan", "date": "Thu, 07 Apr 2022 06:37:36 -0400", "topics": ["tanalysis"], "sentiment": "Neutral", "type": "Article", "tickers": ["BTC"]}, {"news_url": "https://cointelegraph.com/news/singaporean-fintech-adds-bitcoin-payments-for-merchants-with-bitpay-partnership", "image_url": "https://crypto.snapi.dev/images/v1/p/w/840-ahr0chm6ly9zmy5jb2ludgvszwdyyxbolmnvbs91cgxvywrzlziwmjitmdqvngmyywy3yzmtmzq0ny00zja0lwjmyzctnje5nmjhngq2ymzilmpwzw-126355.jpg", "title": "Singaporean fintech adds Bitcoin payments for merchants with BitPay partnership", "text": "Crypto Accept allows online sellers to accept BTC and ETH before expanding to other digital assets next year.", "source_name": "Cointelegraph", "date": "Thu, 07 Apr 2022 06:34:17 -0400", "topics": [], "sentiment": "Neutral", "type": "Article", "tickers": ["BTC"]}, {"news_url": "https://cryptoslate.com/president-bukele-cancels-bitcoin-miami-speaking-slot-due-to-unforeseen-circumstances/", "image_url": "https://crypto.snapi.dev/images/v1/n/2/image-2022-04-07-150400068-126352.png", "title": "President Bukele cancels Bitcoin Miami speaking slot due to \u201cunforeseen circumstances\u201d", "text": "El Salvador's President Bukele, who made history at Bitcoin Miami 2021 by revealing his plan to make El Salvador the first country to adopt Bitcoin as legal tender, canceled his appearance at this year's event due to \u201cunforeseen circumstances.\u201d In a letter addressed to attendees, President Bukele wrote he is needed in his home country [\u2026] The post President Bukele cancels Bitcoin Miami speaking slot due to \u201cunforeseen circumstances\u201d appeared first on CryptoSlate.", "source_name": "CryptoSlate", "date": "Thu, 07 Apr 2022 06:31:21 -0400", "topics": [], "sentiment": "Neutral", "type": "Article", "tickers": ["BTC"]}, {"news_url": "https://blockchain.news/analysis/bitcoin-significant-support-stands-at-42.2k-illiquid-supply-soars-for-214-days", "image_url": "https://crypto.snapi.dev/images/v1/q/n/a1e50f8fcd4d95253585df099ebf54e4c60aac4f650c48e54b381de79d9d43c9-126343.jpg", "title": "Bitcoin's Significant Support Stands at $42.2K, Illiquid Supply Soars for 214 Days", "text": "Based on Bitcoin's transaction history, notable support lies at the $42,260 as many addresses bought coins at this level.", "source_name": "Blockchain News", "date": "Thu, 07 Apr 2022 06:10:50 -0400", "topics": [], "sentiment": "Positive", "type": "Article", "tickers": ["BTC"]}, {"news_url": "https://u.today/american-bank-to-enable-customers-buy-bitcoin-and-ethereum-via-new-crypto-offering?SNAPI", "image_url": "https://crypto.snapi.dev/images/v1/i/b/7089-126345.jpg", "title": "American Bank to Enable Customers Buy Bitcoin and Ethereum via New Crypto Offering", "text": "American Bank intends to use Bakkt's teaching materials to provide cost-effective access to crypto", "source_name": "UToday", "date": "Thu, 07 Apr 2022 06:08:00 -0400", "topics": [], "sentiment": "Positive", "type": "Article", "tickers": ["BTC", "ETH"]}, {"news_url": "https://decrypt.co/97169/solana-tumbles-crypto-markets-correct", "image_url": "https://crypto.snapi.dev/images/v1/7/x/solana-opensea-nft-gid-1-126344.png", "title": "Solana Tumbles 7% as Crypto Markets Correct", "text": "Remarks from the Federal Reserve have spooked crypto investors, with leading coins in Bitcoin, Ethereum, and Solana all dropping points on the day.", "source_name": "Decrypt", "date": "Thu, 07 Apr 2022 06:03:59 -0400", "topics": [], "sentiment": "Negative", "type": "Article", "tickers": ["SOL"]}, {"news_url": "https://cryptoslate.com/bitcoin-and-ethereum-transaction-fees-are-dropping/", "image_url": "https://crypto.snapi.dev/images/v1/e/g/image-2022-04-07-145544423-126338.png", "title": "Bitcoin and Ethereum transaction fees are dropping", "text": "Ethereum rivals can no longer use the network's high transaction fees against it as data from On-chain data provider, Santiment, has revealed that ETH gas fees have dropped by 90% since November 2021. The post Bitcoin and Ethereum transaction fees are dropping appeared first on CryptoSlate.", "source_name": "CryptoSlate", "date": "Thu, 07 Apr 2022 06:01:16 -0400", "topics": [], "sentiment": "Neutral", "type": "Article", "tickers": ["BTC", "ETH"]}, {"news_url": "https://beincrypto.com/president-cancels-bitcoin-conference-appearance-due-to-state-of-emergency/", "image_url": "https://crypto.snapi.dev/images/v1/d/n/president-el-salvador-btcjpgoptimal-126346.jpg", "title": "El Salvador President Cancels Bitcoin Conference Appearance Due to State of Emergency", "text": "El Salvador's president has canceled his appearance at the Miami\u00a0Bitcoin\u00a0Conference after a state of emergency was declared following a series of gang killings in the country. The post El Salvador President Cancels Bitcoin Conference Appearance Due to State of Emergency appeared first on BeInCrypto.", "source_name": "BeInCrypto", "date": "Thu, 07 Apr 2022 06:00:00 -0400", "topics": [], "sentiment": "Neutral", "type": "Article", "tickers": ["BTC"]}, {"news_url": "https://www.fool.com/investing/2022/04/07/ethereum-big-winner-shiba-inu-metaverse/", "image_url": "https://crypto.snapi.dev/images/v1/c/r/crypto18-125830-126342.jpg", "title": "Why Ethereum Could Be a Big Winner With Shiba Inu's Metaverse", "text": "Digital land in the Shiba Inu metaverse must be bought with Ether tokens, not Shiba Inu tokens.", "source_name": "The Motley Fool", "date": "Thu, 07 Apr 2022 05:52:00 -0400", "topics": [], "sentiment": "Positive", "type": "Article", "tickers": ["ETH", "SHIB"]}, {"news_url": "https://en.cryptonomist.ch/2022/04/07/fashion-and-crypto-off-white-accepts-payments-in-bitcoin/", "image_url": "https://crypto.snapi.dev/images/v1/y/o/off-white-1-300x200-126336.jpg", "title": "Fashion and Crypto: Off-White accepts payments in Bitcoin", "text": "Off-White customers will be able to pay in cryptocurrency at flagships in London, Paris and Milan", "source_name": "The Cryptonomist", "date": "Thu, 07 Apr 2022 05:50:04 -0400", "topics": [], "sentiment": "Positive", "type": "Article", "tickers": ["BTC"]}, {"news_url": "https://en.cryptonomist.ch/2022/04/07/mark-cuban-the-merge-will-drive-up-ethereums-price/", "image_url": "https://crypto.snapi.dev/images/v1/l/6/eth-merge-300x200-126329.jpg", "title": "Mark Cuban: \u201cthe Merge will drive up Ethereum's price\u201d", "text": "Ethereum's Merge upgrade could send its value soaring", "source_name": "The Cryptonomist", "date": "Thu, 07 Apr 2022 05:45:23 -0400", "topics": [], "sentiment": "Positive", "type": "Article", "tickers": ["ETH"]}, {"news_url": "https://finbold.com/ethereum-creator-vitalik-buterin-donates-5-million-in-eth-to-aid-ukraine/?SNAPI", "image_url": "https://crypto.snapi.dev/images/v1/b/f/ethereum-creator-vitalik-buterin-donates-5-million-in-eth-to-aid-ukraine-126323.jpg", "title": "Ethereum creator Vitalik Buterin donates $5 million in ETH to aid Ukraine", "text": "As the Russian invasion of Ukraine enters its seventh week, cryptocurrency has proven a practical method to aid the invaded.", "source_name": "Finbold", "date": "Thu, 07 Apr 2022 05:29:08 -0400", "topics": [], "sentiment": "Positive", "type": "Article", "tickers": ["ETH"]}, {"news_url": "https://blockonomi.com/solana-nft-sales-reach-milestone-of-1-6-billion/", "image_url": "https://crypto.snapi.dev/images/v1/o/i/solana-1024x682-126318.jpg", "title": "Solana NFT Sales Reach Milestone of $1.6 Billion", "text": "Over the past few days, CryptoSlam, an NFT transaction tracker, confirmed that the Solana layer-1 blockchain network has taken the third place in total NFT sales, just behind the Ronin and Ethereum. Data from CryptoSlam pointed out that Solana's total sales have reached the milestone and surged past $1.6 billion, making it the third most [.", "source_name": "Blockonomi", "date": "Thu, 07 Apr 2022 05:15:18 -0400", "topics": ["NFT"], "sentiment": "Positive", "type": "Article", "tickers": ["SOL"]}, {"news_url": "https://beincrypto.com/bitcoin-btc-falls-5-breaks-down-from-crucial-support/", "image_url": "https://crypto.snapi.dev/images/v1/k/o/fjd2ri6ddvgsnhihhkyfyfgsa4-126023-126317.jpg", "title": "Bitcoin (BTC) Falls 5%, Breaks Down From Crucial Support", "text": "After the April 6 decrease, Bitcoin (BTC) bounced at a confluence of support level but has not yet shown any decisive bullish reversal signs. The post Bitcoin (BTC) Falls 5%, Breaks Down From Crucial Support appeared first on BeInCrypto.", "source_name": "BeInCrypto", "date": "Thu, 07 Apr 2022 05:07:53 -0400", "topics": [], "sentiment": "Negative", "type": "Article", "tickers": ["BTC"]}, {"news_url": "https://blockonomi.com/bitcoin-2022-spotlight-rootstock-launches-carnival-nfts-on-bitcoin-blockchain/", "image_url": "https://crypto.snapi.dev/images/v1/8/f/carnaval-1024x682-126314.jpg", "title": "Bitcoin 2022 Spotlight: Rootstock Launches Carnival NFTs On Bitcoin Blockchain", "text": "The Bitcoin 2022 conference kicks off today in Miami, and this year's centerpiece is Rootstock's new NFT collectibles. According to the Rootstock (RSK) team, it will debut its Carnaval NFT collection, which will be the first-ever launch of an NFT collection on the Bitcoin (BTC) blockchain \u2013 the world's leading cryptocurrency.", "source_name": "Blockonomi", "date": "Thu, 07 Apr 2022 05:03:18 -0400", "topics": ["NFT"], "sentiment": "Positive", "type": "Article", "tickers": ["BTC"]}, {"news_url": "https://en.cryptonomist.ch/2022/04/07/bitcoin-etfs-in-canada-all-time-high-reached/", "image_url": "https://crypto.snapi.dev/images/v1/t/q/canada-btc-300x200-126322.jpg", "title": "Bitcoin ETFs in Canada: all-time high reached", "text": "The need for new crypto-based financial products is growing and ETFs are meeting that need", "source_name": "The Cryptonomist", "date": "Thu, 07 Apr 2022 04:55:03 -0400", "topics": [], "sentiment": "Positive", "type": "Article", "tickers": ["BTC"]}, {"news_url": "https://coinpedia.org/price-analysis/terra-luna-solana-sol-price-may-hit-120-very-soon/", "image_url": "https://crypto.snapi.dev/images/v1/2/q/crypto14-126311.jpg", "title": "Terra(LUNA) & Solana(SOL) May Hit $120 Very Soon! Will This be a False Breakout or a Resurgence of Bull Run?", "text": "Terra(LUNA) Price Analysis Terra's price in the recent time manifested extreme strength to hit the ATH just before the plunge occurred. Despite the current descending trend, the LUNA price seems to be self-assured to range high. And hence nullifying the current bearish trend, the asset is expected to rebound firmly to resume the uptrend to \u2026", "source_name": "CoinPedia", "date": "Thu, 07 Apr 2022 04:47:36 -0400", "topics": [], "sentiment": "Positive", "type": "Article", "tickers": ["LUNA", "SOL"]}, {"news_url": "https://cryptopotato.com/crypto-correction-continues-as-bitcoin-dives-below-44k-market-watch/", "image_url": "https://crypto.snapi.dev/images/v1/u/s/bitcoin-red-cover-126310.jpg", "title": "Crypto Correction Continues as Bitcoin Dives Below $44K (Market Watch)", "text": "The cryptocurrency market is painted in red all throughout the past 24 hours as Bitcoin dipped below $43K while altcoins chart considerable losses.", "source_name": "CryptoPotato", "date": "Thu, 07 Apr 2022 04:47:35 -0400", "topics": [], "sentiment": "Negative", "type": "Article", "tickers": ["BTC"]}, {"news_url": "https://cointelegraph.com/news/grayscale-ceo-pleads-bitcoin-spot-etf-as-sec-backs-third-btc-futures-etf", "image_url": "https://crypto.snapi.dev/images/v1/o/u/840-ahr0chm6ly9zmy5jb2ludgvszwdyyxbolmnvbs91cgxvywrzlziwmjitmdqvodlmogu5mjutnmzhms00ytdiltgzowetmdzjote5yjm1zduwlmpwzw-126312.jpg", "title": "Grayscale CEO pleads Bitcoin spot ETF as SEC backs third BTC Futures ETF", "text": "U.S. Securities and Exchange Commission has approved another Bitcoin futures ETF; could this mean a spot ETF is on its way?", "source_name": "Cointelegraph", "date": "Thu, 07 Apr 2022 04:45:28 -0400", "topics": ["futures", "regulations"], "sentiment": "Neutral", "type": "Article", "tickers": ["BTC"]}, {"news_url": "https://u.today/satoshi-era-bitcoin-wallet-activated-after-more-than-12-years?SNAPI", "image_url": "https://crypto.snapi.dev/images/v1/t/1/13907-126305.jpg", "title": "Satoshi-Era Bitcoin Wallet Activated After More Than 12 Years", "text": "Wallet dates back to the first year of Bitcoin's existence, fueling speculation about its owner", "source_name": "UToday", "date": "Thu, 07 Apr 2022 04:38:00 -0400", "topics": [], "sentiment": "Neutral", "type": "Article", "tickers": ["BTC"]}, {"news_url": "https://u.today/potential-for-first-spot-bitcoin-etf-teucrium-bitcoin-futures-fund-approved-by-sec-under-spot?SNAPI", "image_url": "https://crypto.snapi.dev/images/v1/x/e/13909-126302.jpg", "title": "Potential for First Spot Bitcoin ETF? Teucrium Bitcoin Futures Fund Approved by SEC Under Spot Regulations", "text": "A precedent for the potential spot Bitcoin ETF approval has been created", "source_name": "UToday", "date": "Thu, 07 Apr 2022 04:28:00 -0400", "topics": ["futures", "regulations"], "sentiment": "Positive", "type": "Article", "tickers": ["BTC"]}, {"news_url": "https://coinpedia.org/uncategorized/this-is-when-btc-price-will-kindle-a-bull-run/", "image_url": "https://crypto.snapi.dev/images/v1/k/f/crypto13-126299.jpg", "title": "This is When BTC Price Will Kindle a Bull Run! Right Time To Stack More Bitcoin?", "text": "Bitcoin has seen a downfall for the third consecutive day. The Bitcoin price started a major decline from the $47,000 resistance zone and the decline hasn't stopped since then. The decline below $47,000 saw Bitcoin price dropping below $46,000, $45,000. At the time of reporting, Bitcoin Price is trading at $43,425 after a downfall of \u2026", "source_name": "CoinPedia", "date": "Thu, 07 Apr 2022 04:06:42 -0400", "topics": [], "sentiment": "Positive", "type": "Article", "tickers": ["BTC"]}, {"news_url": "https://cointelegraph.com/news/bitcoin-bulls-may-have-to-wait-until-2024-for-next-btc-price-rocket-stage", "image_url": "https://crypto.snapi.dev/images/v1/b/s/840-ahr0chm6ly9zmy5jb2ludgvszwdyyxbolmnvbs91cgxvywrzlziwmjitmdqvntg0mjfjmwutngjmys00m2qxlthmytctowewntrlmtlknjq5lmpwzw-126296.jpg", "title": "Bitcoin bulls may have to wait until 2024 for next BTC price 'rocket stage'", "text": "Historical data calculates Bitcoin's next 10X price surge only in two years' time, but analyst Peter Brandt is not convinced.", "source_name": "Cointelegraph", "date": "Thu, 07 Apr 2022 04:02:57 -0400", "topics": [], "sentiment": "Neutral", "type": "Article", "tickers": ["BTC"]}, {"news_url": "https://cointelegraph.com/news/one-fifth-of-global-bitcoin-hash-rate-is-now-controlled-by-listed-companies", "image_url": "https://crypto.snapi.dev/images/v1/k/c/840-ahr0chm6ly9zmy5jb2ludgvszwdyyxbolmnvbs91cgxvywrzlziwmjitmdqvm2y1zgqynzqtzwqyzc00mzrmlwe1ytutnmuwmtbizgjhywjhlmpwzw-126284.jpg", "title": "One-fifth of global Bitcoin hash rate is now controlled by listed companies", "text": "The total share of the Bitcoin hash rate owned by publicly traded companies has surged over the past year as a growing number of Bitcoin miners go public.", "source_name": "Cointelegraph", "date": "Thu, 07 Apr 2022 03:45:00 -0400", "topics": [], "sentiment": "Neutral", "type": "Article", "tickers": ["BTC"]}, {"news_url": "https://invezz.com/news/2022/04/07/microstrategy-ceo-says-bitcoin-btc-has-advantages-over-gold/", "image_url": "https://crypto.snapi.dev/images/v1/u/v/stock-microstrategy-126283.jpg", "title": "MicroStrategy CEO says Bitcoin (BTC) has advantages over gold", "text": "Michael Saylor is one of the most vocal Bitcoin bulls. Saylor's MicroStrategy is one of the largest Bitcoin holders, accumulating over 125,000 coins. The executive has now provided the top reasons he thinks that Bitcoin has superior features compared to gold. MicroStrategy's CEO is still bullish on Bitcoin During the Bitcoin 2022 conference that kicked [\u2026] The post MicroStrategy CEO says Bitcoin (BTC) has advantages over gold appeared first on Invezz.", "source_name": "Invezz", "date": "Thu, 07 Apr 2022 03:42:49 -0400", "topics": [], "sentiment": "Positive", "type": "Article", "tickers": ["BTC"]}, {"news_url": "https://www.benzinga.com/markets/cryptocurrency/22/04/26515759/former-cm-of-indias-most-populous-state-wants-crypto-to-be-taxed-at-50?SNAPI", "image_url": "https://crypto.snapi.dev/images/v1/a/a/annie-spratt-siuplmbexha-unsplash-126306.jpg", "title": "Prominent Indian Politician Wants Assets Like Bitcoin, Ethereum, Dogecoin To Be Taxed Even Heavier \u2014 At 50%", "text": "Amid the rising popularity of cryptocurrency in India, the former deputy chief minister and finance minister of India's most populous state Bihar, Sushil Kumar Modi, batted for a 50% tax on gains made from cryptocurrency in an interview with Forkast.", "source_name": "Benzinga", "date": "Thu, 07 Apr 2022 03:41:00 -0400", "topics": [], "sentiment": "Negative", "type": "Article", "tickers": ["BTC", "DOGE", "ETH"]}, {"news_url": "https://en.cryptonomist.ch/2022/04/07/bitcoin-43k-ethereum-3-2k-dogecoin-price-analyses/", "image_url": "https://crypto.snapi.dev/images/v1/w/n/trading-crypto-300x200-126287.jpg", "title": "Bitcoin (43k), Ethereum (3.2k) and Dogecoin Price Analyses", "text": "The Fear and Greed Index is 34 Fear and is -14 from Wednesday's reading of 48 Neutral.", "source_name": "The Cryptonomist", "date": "Thu, 07 Apr 2022 03:35:54 -0400", "topics": [], "sentiment": "Neutral", "type": "Article", "tickers": ["BTC", "DOGE", "ETH"]}, {"news_url": "https://cryptopotato.com/investors-piled-up-btc-in-march-as-jamie-dimon-fretted-over-unprecedented-risks-in-2022/", "image_url": "https://crypto.snapi.dev/images/v1/p/r/jamiedimon-126281.jpg", "title": "Investors Piled Up BTC in March as Jamie Dimon Fretted Over \u2018Unprecedented' Risks in 2022", "text": "Jamie Dimon sent out his 2022 letter to investors in JPM, calling out unprecedented risks in this year.", "source_name": "CryptoPotato", "date": "Thu, 07 Apr 2022 03:34:12 -0400", "topics": [], "sentiment": "Negative", "type": "Article", "tickers": ["BTC"]}, {"news_url": "https://coingape.com/?p=107536", "image_url": "https://crypto.snapi.dev/images/v1/s/l/sec-1024x681-126280.jpg", "title": "SEC's Case Against A Spot Bitcoin ETF Has Weakened- Grayscale CEO", "text": "Grayscale CEO Michael Sonnenshein said the SEC's argument against an exchange-traded fund (ETF) that directly tracks Bitcoin has \u201csignificantly weakened. He cited the regulator's recent approval of a Bitcoin futures ETF as a key factor behind his reasoning.", "source_name": "Coingape", "date": "Thu, 07 Apr 2022 03:31:26 -0400", "topics": ["regulations"], "sentiment": "Neutral", "type": "Article", "tickers": ["BTC"]}, {"news_url": "https://en.cryptonomist.ch/2022/04/07/blockchain-com-bitcoins-whitepaper-sculpture/", "image_url": "https://crypto.snapi.dev/images/v1/m/r/blockchaincom-300x200-126278.jpg", "title": "Blockchain.com: Bitcoin's whitepaper in a 100-foot-tall sculpture", "text": "A tribute to Satoshi Nakamoto for Blockchain.com's new Miami office", "source_name": "The Cryptonomist", "date": "Thu, 07 Apr 2022 03:21:46 -0400", "topics": [], "sentiment": "Neutral", "type": "Article", "tickers": ["BTC"]}, {"news_url": "https://blockchain.news/news/solana-nfts-go-live-on-opensea", "image_url": "https://crypto.snapi.dev/images/v1/d/e/20ab81d8adf5a6d97e0bbea7a9f910fdeb64d3b7e74d108f42831038aa730184-126277.jpg", "title": "Solana NFTs Go Live on OpenSea", "text": "Top non-fungible token (NFT) marketplace OpenSea's long-anticipated integration with Solana has finally gone live.", "source_name": "Blockchain News", "date": "Thu, 07 Apr 2022 03:15:00 -0400", "topics": ["NFT"], "sentiment": "Positive", "type": "Article", "tickers": ["SOL"]}, {"news_url": "https://dailyhodl.com/2022/04/06/5500000000-bitcoin-whale-dives-back-into-crypto-market-amassing-3241-btc-in-two-transfers-in-one-day/", "image_url": "https://crypto.snapi.dev/images/v1/d/r/richest-bitcoin-whale-entersjpgfit10242c600ssl1-126297.jpg", "title": "$5,500,000,000 Bitcoin Whale Dives Back Into Crypto Market, Amassing 3,241 BTC in One Day", "text": "The world's richest non-exchange Bitcoin (BTC) whale is once again diving into the market. The address, which holds over 120,000 Bitcoin worth around $5.5 billion, has added another 3,241 BTC as the flagship cryptocurrency floats at about 5% below its seven-day high. The whale, which is the third-richest overall after the wallets controlled by the [\u2026] The post $5,500,000,000 Bitcoin Whale Dives Back Into Crypto Market, Amassing 3,241 BTC in One Day appeared first on The Daily Hodl.", "source_name": "The Daily Hodl", "date": "Thu, 07 Apr 2022 03:04:29 -0400", "topics": ["whales"], "sentiment": "Neutral", "type": "Article", "tickers": ["BTC"]}, {"news_url": "https://coinpedia.org/price-analysis/top-reasons-why-bitcoin-btc-price-could-still-hit-50000-in-april/", "image_url": "https://crypto.snapi.dev/images/v1/c/b/crypto12-126275.jpg", "title": "Top Reasons Why Bitcoin(BTC) Price Could Still Hit $50,000 in April 2022!", "text": "It was the year 2020 when many felt the need for parallel money which secured the value of one's hard-earned money. And ever since then many agencies and nations went after the star crypto negatively and also positively. Now when Bitcoin is was on its way to going much beyond its ATH, multiple external factors \u2026", "source_name": "CoinPedia", "date": "Thu, 07 Apr 2022 03:01:00 -0400", "topics": [], "sentiment": "Neutral", "type": "Article", "tickers": ["BTC"]}, {"news_url": "https://www.coinbureau.com/news/lightning-labs-initiative-sees-stablecoin-support-on-the-bitcoin-network/", "image_url": "https://crypto.snapi.dev/images/v1/s/j/lightninglabsinitiativeseesstablecoinsupportonthebitcoinnetwork-1024x614-126273.jpg", "title": "Lightning Labs Initiative sees Stablecoin Support on the Bitcoin Network", "text": "Lightning Labs, the leading blockchain development company developing on the Lightning Network has created a new protocol that aims to allow for new tokens to be built on top of Bitcoin. On Tuesday, Olaoluwa Osuntokun, Lightning Labs' chief technology officer, wrote that he had designed a new protocol, dubbed Taro. \u201cTaro is a Taproot Asset [\u2026] The post Lightning Labs Initiative sees Stablecoin Support on the Bitcoin Network appeared first on Coin Bureau.", "source_name": "Coinbureau", "date": "Thu, 07 Apr 2022 02:52:59 -0400", "topics": ["stablecoins"], "sentiment": "Neutral", "type": "Article", "tickers": ["BTC"]}, {"news_url": "https://en.cryptonomist.ch/2022/04/07/opensea-supports-nft-solana-blockchain/", "image_url": "https://crypto.snapi.dev/images/v1/9/p/nft-opensea-300x200-126279.jpg", "title": "OpenSea now supports NFTs on Solana's blockchain", "text": "A big development for the NFT industry is coming: the OpenSea marketplace has announced that it will support the Solana blockchain in the near future", "source_name": "The Cryptonomist", "date": "Thu, 07 Apr 2022 02:50:45 -0400", "topics": ["NFT"], "sentiment": "Neutral", "type": "Article", "tickers": ["SOL"]}, {"news_url": "https://coinpedia.org/altcoin/cardano-to-replicate-ethereum-price-movement/", "image_url": "https://crypto.snapi.dev/images/v1/p/u/crypto11-126272.jpg", "title": "Cardano To Replicate Ethereum Price Movement! ADA Price is Heading To This Level", "text": "Today, the cryptocurrency market has sharply moved lower including the world's largest cryptocurrencies by market cap, Bitcoin, Ethereum, XRP, Solana, and Cardano among others. This has resulted in a global market cap tracing back around $2 trillion where Bitcoin price has dropped 5% over the last 24hrs along with Ethereum and its challengers, Cardano, and \u2026", "source_name": "CoinPedia", "date": "Thu, 07 Apr 2022 02:49:45 -0400", "topics": [], "sentiment": "Neutral", "type": "Article", "tickers": ["ADA", "ETH"]}, {"news_url": "https://www.cryptopolitan.com/bitcoin-binance-coin-filecoin-and-theta-network-daily-price-analyses-6-march-roundup/", "image_url": "https://crypto.snapi.dev/images/v1/5/o/roundup-1140-x-570-2022-mar-eth-126271.png", "title": "Bitcoin, Binance Coin, Filecoin, and\u00a0 Theta Network Daily Price Analyses \u2013 6 March Roundup", "text": "TL;DR Breakdown The global crypto market has continued to recede due to unfavorable conditions, losing 4.50%. Bitcoin continues to lower its value due to the recession, shedding 4.20%.", "source_name": "Cryptopolitan", "date": "Thu, 07 Apr 2022 02:42:27 -0400", "topics": [], "sentiment": "Neutral", "type": "Article", "tickers": ["BNB", "BTC", "FIL", "THETA"]}, {"news_url": "https://cointelegraph.com/news/mayor-unveils-miami-bull-statue-with-laser-eyes-to-kick-off-bitcoin-2022", "image_url": "https://crypto.snapi.dev/images/v1/r/7/840-ahr0chm6ly9zmy5jb2ludgvszwdyyxbolmnvbs91cgxvywrzlziwmjitmdqvmgu4otk3y2ytm2ezzs00y2mzltkxmmitzgyznmzjmtm3njg5lmpwzw-126265.jpg", "title": "Mayor unveils 'Miami Bull' statue with laser eyes to kick off Bitcoin 2022", "text": "The Bitcoin 2022 conference had a bullish opening with remarks from Bitcoin gear-laden Mayor Francis Suarez unveiling Miami's answer to the Charging Bull of Wall Street.", "source_name": "Cointelegraph", "date": "Thu, 07 Apr 2022 01:52:06 -0400", "topics": [], "sentiment": "Neutral", "type": "Article", "tickers": ["BTC"]}, {"news_url": "https://coinpedia.org/bitcoin/can-bitcoinbtc-price-surge-above-50k-by-mid-april-heres-what-traders-can-expect/", "image_url": "https://crypto.snapi.dev/images/v1/u/r/crypto10-126264.jpg", "title": "Can Bitcoin(BTC) Price Surge Above $50k by Mid-April ? Here's What Traders Can Expect", "text": "Bitcoin (BTC) has dropped 4% in the last 24 hours, although technical indicators suggest that support around $40,000-$43,000 could help to stabilize the week-long price drop. Meanwhile, alternative cryptocurrencies (altcoins) such as ether (ETH) fell 5%, RUNE fell 14%, and DOGE fell 11%.Despite the recent cryptocurrency downturn, the Luna Foundation Guard continues to accumulate bitcoin. \u2026", "source_name": "CoinPedia", "date": "Thu, 07 Apr 2022 01:30:00 -0400", "topics": [], "sentiment": "Neutral", "type": "Article", "tickers": ["BTC"]}], "total_pages": 42}