{"data": [{"news_url": "https://www.newsbtc.com/analysis/eth/ethereum-could-dive-below-3120/", "image_url": "https://crypto.snapi.dev/images/v1/4/h/shutterstock-146143109-126263.jpg", "title": "TA: Ethereum Topside Bias Vulnerable If ETH Dives Below $3,120", "text": "Ethereum extended losses below the $3,300 support zone against the US Dollar. ETH price even traded below $3,200 and might continue to move down.", "source_name": "NewsBTC", "date": "Thu, 07 Apr 2022 01:08:42 -0400", "topics": ["tanalysis"], "sentiment": "Negative", "type": "Article", "tickers": ["ETH"]}, {"news_url": "https://crypto.news/opensea-supports-solana-nft/", "image_url": "https://crypto.snapi.dev/images/v1/c/l/opensea-closing-in-on-support-for-solana-nfts-1-126262.jpg", "title": "OpenSea Now Supports Solana NFTs\u00a0", "text": "Solana, announced that it will now be integrated into OpenSea, the venture-backed marketplace. This integration will facilitate the availability of Solana-based NFTs on OpenSea's extensive market.", "source_name": "Crypto news", "date": "Thu, 07 Apr 2022 01:00:00 -0400", "topics": ["NFT"], "sentiment": "Neutral", "type": "Article", "tickers": ["SOL"]}, {"news_url": "https://coingape.com/?p=107531", "image_url": "https://crypto.snapi.dev/images/v1/w/3/crypto-bitcoin-126258.jpg", "title": "Bitcoin and Crypto Correct 5% As Market Braces for the Biggest Fed Rate Hike", "text": "Bitcoin (BTC) and the broader crypto market have corrected 5% as investors decide to turn risk-averse preparing for the biggest Fed rate hike. Earlier today, Bitcoin fell to a low of $42,700 before recovering back marginally.", "source_name": "Coingape", "date": "Thu, 07 Apr 2022 00:37:34 -0400", "topics": [], "sentiment": "Neutral", "type": "Article", "tickers": ["BTC"]}, {"news_url": "https://ambcrypto.com/xrp-holders-can-look-to-bid-at-these-two-support-levels/", "image_url": "https://crypto.snapi.dev/images/v1/n/5/pp-3-xrp-cover-e1649245219893-126257.jpg", "title": "XRP holders can look to bid at these two support levels", "text": "Disclaimer:\u00a0The findings of the following analysis are the sole opinions of the writer and should not be considered investment advice Bitcoin rallied as high as $48k last week before seeing a pullback to trade at $44.8k at the time of writing. Even though Bitcoin was back in a zone of demand, it was unclear if [\u2026]", "source_name": "AMBCrypto", "date": "Thu, 07 Apr 2022 00:30:08 -0400", "topics": [], "sentiment": "Neutral", "type": "Article", "tickers": ["XRP"]}, {"news_url": "https://cryptonews.com/news/bitcoin-and-ethereum-gain-bearish-momentum-altcoins-in-red.htm", "image_url": "https://crypto.snapi.dev/images/v1/h/w/bitcoin-lightning-126185-126255.jpg", "title": "Bitcoin and Ethereum Gain Bearish Momentum, Altcoins in Red", "text": "Bitcoin price remained in a bearish zone and declined below the USD 43,500 support. It is currently (04:07 UTC) down over 4% and is trading near USD 43,300.", "source_name": "Cryptonews", "date": "Thu, 07 Apr 2022 00:22:00 -0400", "topics": [], "sentiment": "Negative", "type": "Article", "tickers": ["BTC", "ETH"]}, {"news_url": "https://coinpedia.org/altcoin/long-term-bullish-outlook-for-ethereum-eth-solana-sol-and-avalanche-avax/", "image_url": "https://crypto.snapi.dev/images/v1/a/s/crypto8-126252.jpg", "title": "Long Term Bullish Outlook For Ethereum (ETH), Solana (SOL) and Avalanche (AVAX)", "text": "Following a spectacular surge throughout March, BTC has had a minor pullback ahead of the Bitcoin 2022 conference in Miami.BTC is experiencing a rare period of calm, but any substantial positive news from the world's largest bitcoin conference might enhance its value.\u00a0 Other major cryptocurrencies, such as Ethereum (ETH), Binance Coin (BNB), and Ripple (XRP), \u2026", "source_name": "CoinPedia", "date": "Wed, 06 Apr 2022 23:39:00 -0400", "topics": [], "sentiment": "Positive", "type": "Article", "tickers": ["AVAX", "ETH", "SOL"]}, {"news_url": "https://thecurrencyanalytics.com/bitcoin/bitcoin-pow-vs-pos-consensus-can-just-boast-about-green-credentials-40699.php", "image_url": "https://crypto.snapi.dev/images/v1/t/b/61d6b64695f1b90018377426formatjpeg-125641-126068-126249.jpg", "title": "Bitcoin PoW Vs. PoS Consensus Can Just Boast About Green Credentials", "text": "Catch up on the latest crypto market news at The Currency Analytics. No Plans for Selling Bitcoin Bitcoin in Balance Sheets Bitcoin Vs.", "source_name": "The Currency Analytics", "date": "Wed, 06 Apr 2022 23:26:19 -0400", "topics": [], "sentiment": "Neutral", "type": "Article", "tickers": ["BTC"]}, {"news_url": "https://www.benzinga.com/markets/cryptocurrency/22/04/26515144/did-gang-violence-force-el-salvador-president-to-call-off-bitcoin-conference-appearance?SNAPI", "image_url": "https://crypto.snapi.dev/images/v1/3/d/47980632231-b7dd9184f9-k-126256.jpg", "title": "Did Gang Violence Force El Salvador President To Call Off Bitcoin Conference Appearance?", "text": "El Salvador's President Nayib Bukele said he is canceling his participation in the upcoming Bitcoin (CRYPTO: BTC) conference due to \u201cunforeseen circumstances\u201d in his home country.", "source_name": "Benzinga", "date": "Wed, 06 Apr 2022 23:26:00 -0400", "topics": [], "sentiment": "Neutral", "type": "Article", "tickers": ["BTC"]}, {"news_url": "https://www.newsbtc.com/analysis/btc/bitcoin-could-drop-to-42k/", "image_url": "https://crypto.snapi.dev/images/v1/q/w/shutterstock-649452289-126247.jpg", "title": "TA: Bitcoin Prints Bearish Pattern, Why BTC Could Drop To $42K", "text": "Bitcoin extended decline below the $45,000 support against the US Dollar. BTC remains at a risk of a move towards the $42,000 support zone.", "source_name": "NewsBTC", "date": "Wed, 06 Apr 2022 23:08:10 -0400", "topics": ["tanalysis"], "sentiment": "Negative", "type": "Article", "tickers": ["BTC"]}, {"news_url": "https://blockchain.news/news/goldman-sachs-sets-to-offer-otc-ether-options-trading", "image_url": "https://crypto.snapi.dev/images/v1/f/x/4b1a43c3730cbf44e88253b53c629b7cb9543469ad1ae29d98f1b36edb6e20ac-126245.jpg", "title": "Goldman Sachs Sets to Offer OTC Ether Options Trading", "text": "Goldman Sachs has disclosed that it would introduce over-the-counter (OTC) Ether options trading for its clients, citing increasing demands.", "source_name": "Blockchain News", "date": "Wed, 06 Apr 2022 22:45:54 -0400", "topics": [], "sentiment": "Positive", "type": "Article", "tickers": ["ETH"]}, {"news_url": "https://coinmarketcap.com/alexandria/article/podcast-bitcoin-2022-begins-nayib-bukele-news-crypto-salaries-btc-rewards-adoption-trends", "image_url": "https://crypto.snapi.dev/images/v1/0/e/c35e6747f85e4f0489d57e3f56f056f8-126237.png", "title": "Podcast: Bitcoin 2022 Begins! Nayib Bukele News, Crypto Salaries, BTC Rewards, Adoption trends", "text": "Wednesday was Industry Day at Bitcoin 2022 \u2014 and Miami's mayor kicked off the conference by unveiling a statue of a bull with laser eyes.", "source_name": "CoinMarketCap", "date": "Wed, 06 Apr 2022 21:32:09 -0400", "topics": ["podcast"], "sentiment": "Neutral", "type": "Article", "tickers": ["BTC"]}, {"news_url": "https://www.forbes.com/sites/billybambrough/2022/04/06/2-trillion-crypto-crash-warning-sudden-shock-tanks-the-price-of-bitcoin-ethereum-bnb-luna-xrp-solana-cardano-avalanche-and-dogecoin/", "image_url": "https://crypto.snapi.dev/images/v1/q/a/2-trillion-crypto-crash-warning-sudden-shock-tanks-the-price-of-bitcoin-ethereum-bnb-luna-xrp-solana-cardano-avalanche-and-dogecoin-126236.jpg", "title": "$2 Trillion Crypto Crash Warning: Sudden Shock Tanks The Price Of Bitcoin, Ethereum, BNB, Luna, XRP, Solana, Cardano, Avalanche And Dogecoin", "text": "Bitcoin and major cryptocurrencies, including ethereum, BNB, luna, XRP, solana, cardano and avalanche, have suddenly moved sharply lower, wiping around $200 billion from the combined crypto market...", "source_name": "Forbes", "date": "Wed, 06 Apr 2022 21:30:07 -0400", "topics": [], "sentiment": "Negative", "type": "Article", "tickers": ["ADA", "AVAX", "BNB", "BTC", "DOGE", "ETH", "LUNA", "SOL", "XRP"]}, {"news_url": "https://cointelegraph.com/news/why-the-bitcoin-mid-halving-price-slump-will-play-out-differently-this-time", "image_url": "https://crypto.snapi.dev/images/v1/u/n/840-ahr0chm6ly9zmy5jb2ludgvszwdyyxbolmnvbs91cgxvywrzlziwmjitmdqvngywmtjknjmtmzrhny00zdi0lwfiogetztnkmzk4mmuyzjqwlmpwzw-126232.jpg", "title": "Why the Bitcoin \u2018mid-halving' price slump will play out differently this time", "text": "The $50,000 resistance level seems to be the line in the sand that separates certainty from doubt that Bitcoin has cast off the four-year cycle trend according to Santiment.", "source_name": "Cointelegraph", "date": "Wed, 06 Apr 2022 20:55:19 -0400", "topics": [], "sentiment": "Negative", "type": "Article", "tickers": ["BTC"]}, {"news_url": "https://www.benzinga.com/markets/cryptocurrency/22/04/26514778/bitcoin-ethereum-decline-dogecoin-plunges-how-will-feds-hawkishness-affect-the-apex-coin?SNAPI", "image_url": "https://crypto.snapi.dev/images/v1/c/h/bitcoin-new-concept-virtual-money-graphics-digital-background-gold-coin-with-image-letter-b-mining-blockchain-technology-close-up-126239.jpg", "title": "Bitcoin, Ethereum Decline, Dogecoin Plunges: How Will Fed's Hawkishness Affect The Apex Coin?", "text": "Bitcoin traded below the psychologically important $45,000 mark on Wednesday evening as the global cryptocurrency market cap declined 3.5% to $2 trillion.", "source_name": "Benzinga", "date": "Wed, 06 Apr 2022 20:41:00 -0400", "topics": [], "sentiment": "Negative", "type": "Article", "tickers": ["BTC", "DOGE", "ETH"]}, {"news_url": "https://beincrypto.com/bryan-solstin-us-senate-candidate-i-will-make-bitcoin-legal-tender/", "image_url": "https://crypto.snapi.dev/images/v1/e/p/bic-interview-bryan-solstin-enjpegoptimal-126225.jpeg", "title": "Bryan Solstin, US Senate Candidate: I Will Make Bitcoin Legal Tender", "text": "Bryan Solstin, an aerospace engineer and a developer, is running for the U.S. Senate on a platform of making Bitcoin legal tender. The post Bryan Solstin, US Senate Candidate: I Will Make Bitcoin Legal Tender appeared first on BeInCrypto.", "source_name": "BeInCrypto", "date": "Wed, 06 Apr 2022 20:06:57 -0400", "topics": [], "sentiment": "Positive", "type": "Article", "tickers": ["BTC"]}, {"news_url": "https://www.cryptopolitan.com/polkadot-price-analysis-2022-04-06/", "image_url": "https://crypto.snapi.dev/images/v1/9/u/m-b-m-zzoa5g8hspi-unsplash-1140x815-126223.jpeg", "title": "Polkadot price analysis: DOT declines below $22 support level to set opportunity for new uptrend", "text": "TL;DR Breakdown Polkadot price analysis shows price declining more than 8 percent Price flipped support barrier at $22.50 to provide opportunity for upturn A bearish close below $20 could however [\u2026]", "source_name": "Cryptopolitan", "date": "Wed, 06 Apr 2022 19:56:20 -0400", "topics": ["tanalysis"], "sentiment": "Negative", "type": "Article", "tickers": ["DOT"]}, {"news_url": "https://www.financemagnates.com/cryptocurrency/news/bitpay-now-supports-bitcoin-lightning-network-payments/", "image_url": "https://crypto.snapi.dev/images/v1/y/k/bitpay-id-180ebdc0-0b1c-4bd0-bb5a-0e38c7aeb3e4-size900-126222.jpg", "title": "BitPay Now Supports Bitcoin Lightning Network Payments", "text": "BitPay, a major crypto payment service provider, stated on Wednesday that it would add support for Bitcoin Lightning Network Lightning Network The Lightning Network is a second-layer payment protocol that operates on top of a blockchain-based cryptocurrency. It enables fast transactions among participating nodes and has been touted as a solution to the Bitcoin scalability problem.This framework features a peer-to-peer (P2P) system for making micropayments of cryptocurrency via a network of bidirectional payment channels without delegating custody of funds.Transactions on the Lightning Network are only added to the blockchain when the two parties that are involved in a payment channel open or close the channel.", "source_name": "FinanceMagnates", "date": "Wed, 06 Apr 2022 19:50:00 -0400", "topics": [], "sentiment": "Positive", "type": "Article", "tickers": ["BTC"]}, {"news_url": "https://cryptonews.com/news/best-cryptos-for-staking-earn-rewards-with-ethereum-eth-cardano-ada-calyx-token-clx.htm", "image_url": "https://crypto.snapi.dev/images/v1/p/r/unnamed-126220.jpg", "title": "Best Cryptos For Staking - Earn Rewards With Ethereum (ETH), Cardano (ADA) & Calyx Token (CLX)", "text": "Disclaimer: The text below is an advertorial article that was not written by Cryptonews.com journalists.", "source_name": "Cryptonews", "date": "Wed, 06 Apr 2022 19:42:00 -0400", "topics": [], "sentiment": "Positive", "type": "Article", "tickers": ["ADA", "CLX", "ETH"]}, {"news_url": "https://coingape.com/?p=107460", "image_url": "https://crypto.snapi.dev/images/v1/b/w/data-reveals-easiest-way-to-win-bitcoin-race-126212.jpg", "title": "Bitcoin Transaction Fees Hits Decade Lows; Is Bitcoin Ready For Another Bull Run?", "text": "Bitcoin has suffered criticisms for having high transaction fees, but that may be changing. Despite price volatility, Bitcoin transaction fees in terms of sats/vbyte have just hit a decade low going by newly disclosed data.", "source_name": "Coingape", "date": "Wed, 06 Apr 2022 19:09:39 -0400", "topics": [], "sentiment": "Neutral", "type": "Article", "tickers": ["BTC"]}, {"news_url": "https://decrypt.co/97139/solana-nfts-opensea-trading-live", "image_url": "https://crypto.snapi.dev/images/v1/x/1/opensea-solana-logos-gid-6-126211.png", "title": "Solana NFTs Can Now Be Traded on OpenSea", "text": "At long last, Solana support is finally live on OpenSea\u2014in beta mode.", "source_name": "Decrypt", "date": "Wed, 06 Apr 2022 19:05:37 -0400", "topics": ["NFT"], "sentiment": "Positive", "type": "Article", "tickers": ["SOL"]}, {"news_url": "https://www.youtube.com/watch?v=R16T5twUWAs", "image_url": "https://crypto.snapi.dev/images/v1/3/j/miamis-bitcoin-2022-126213.jpg", "title": "Miami's Bitcoin 2022", "text": "Ledger CEO and Chairman Pascal Gauthier joins Emily Chang and Bloomberg's Sonali Basak to talk about what is going on at the Bitcoin 2022 conference underway in Miami. They also talk about their new hardware wallet, the Ledger Nano S Plus, which has a focus on protecting NFT users' digital assets.", "source_name": "Bloomberg Technology", "date": "Wed, 06 Apr 2022 19:02:15 -0400", "topics": [], "sentiment": "Neutral", "type": "Video", "tickers": ["BTC"]}, {"news_url": "https://www.newsbtc.com/news/bitcoin/bitcoin-exchange-traded-products-near-1-of-total-btc-supply/", "image_url": "https://crypto.snapi.dev/images/v1/3/5/btc-126207.jpeg", "title": "Bitcoin Exchange Traded Products Near 1% Of Total BTC Supply", "text": "Bitcoin exchange traded products (ETPs) have had a good month in March. BTC assets under management had grown exponentially in this one-month period to touch a new all-time high.", "source_name": "NewsBTC", "date": "Wed, 06 Apr 2022 19:00:13 -0400", "topics": [], "sentiment": "Neutral", "type": "Article", "tickers": ["BTC"]}, {"news_url": "https://www.dailyfx.com/forex/fundamental/daily_briefing/daily_pieces/asia_am_briefing/2022/04/06/Bitcoin-Slides-Ahead-of-APAC-Trade-as-Australias-Trade-Balance-Nears.html", "image_url": "https://crypto.snapi.dev/images/v1/p/9/bitcoin-on-100-dollar-bill-125790-125860-126215.jpg", "title": "Bitcoin Slides Ahead of APAC Trade as Australia's Trade Balance Nears", "text": "Bitcoin fell versus the US Dollar overnight after the FOMC minutes and new Russian sanctions extended the market's risk-off move. Australia's February trade balance is in focus for APAC traders.", "source_name": "DailyFX", "date": "Wed, 06 Apr 2022 19:00:00 -0400", "topics": [], "sentiment": "Negative", "type": "Article", "tickers": ["BTC"]}, {"news_url": "https://crypto.news/ethereum-gas-fees-90-november-merge/", "image_url": "https://crypto.snapi.dev/images/v1/3/t/eth-gas-fees-126208.jpg", "title": "Ethereum Gas Fees Have Dropped 90% since November as the Merge Approaches", "text": "Crypto markets have closely watched Ethereum 2.0 developments as it plans to introduce a major upgrade in June 2022. In the run-up to the \u2018Merge,' reducing the ETH fee has been one of the key positive developments.", "source_name": "Crypto news", "date": "Wed, 06 Apr 2022 19:00:00 -0400", "topics": [], "sentiment": "Neutral", "type": "Article", "tickers": ["ETH"]}, {"news_url": "https://www.youtube.com/watch?v=Gu79daL4Yk8", "image_url": "https://crypto.snapi.dev/images/v1/q/n/exploring-the-intersection-of-bitcoin-and-politics-126635.jpg", "title": "Exploring the Intersection of Bitcoin and Politics", "text": "In Washington and across the globe, the crypto industry is increasingly in the crosshairs of regulators. This week on \"Community Crypto,\" host Isaiah Jackson takes a close look at the evolving world of crypto and politics with Aarika Rhodes, a pro-bitcoin U.S. congressional candidate for California's 32nd District seeking to unseat Congressman Brad Sherman (D-Calif.", "source_name": "Coindesk", "date": "Wed, 06 Apr 2022 18:40:14 -0400", "topics": [], "sentiment": "Neutral", "type": "Video", "tickers": ["BTC"]}, {"news_url": "https://invezz.com/news/2022/04/06/bitcoin-supply-drying-up-as-whales-accumulate/", "image_url": "https://crypto.snapi.dev/images/v1/x/g/93215311-s-126199.jpg", "title": "Bitcoin supply drying up as whales accumulate", "text": "Last Friday, we hit a milestone as the 19th millionth bitcoin was mined. In block 730002, SBI Crypto was the lucky miner who wrote their name in the history books. The reward was 6.32 bitcoins, or about $280,000 at current prices. Over 90% of bitcoins have now been mined, with the remaining two million to [\u2026] The post Bitcoin supply drying up as whales accumulate appeared first on Invezz.", "source_name": "Invezz", "date": "Wed, 06 Apr 2022 18:19:35 -0400", "topics": ["whales"], "sentiment": "Neutral", "type": "Article", "tickers": ["BTC"]}, {"news_url": "https://investorplace.com/2022/04/why-bitcoin-may-gain-more-mainstream-adoption-as-it-matures/", "image_url": "https://crypto.snapi.dev/images/v1/y/p/crypto2-126197.jpg", "title": "Why Bitcoin May Gain More Mainstream Adoption As It Matures", "text": "If the future growth of Bitcoin is less volatile, it may mean that BTC will receive more trust from mainstream investors.", "source_name": "Investorplace", "date": "Wed, 06 Apr 2022 18:13:54 -0400", "topics": [], "sentiment": "Positive", "type": "Article", "tickers": ["BTC"]}, {"news_url": "https://www.newsbtc.com/news/ethereum/how-cosmos-could-outgrow-ethereum-making-the-case/", "image_url": "https://crypto.snapi.dev/images/v1/c/6/depositphotos-47194105-s-2019-126194.jpg", "title": "How Cosmos Could Outgrow Ethereum, Making The Case", "text": "In a couple of months, Ethereum should fully deploy its Proof-of-Stake (PoS) capabilities with \u201cThe Merge\u201d. The network continues to dominate the decentralized finance (DeFi) and non-fungible token (NFT) sector, some of the most important innovative trends in the crypto industry.", "source_name": "NewsBTC", "date": "Wed, 06 Apr 2022 18:04:55 -0400", "topics": [], "sentiment": "Neutral", "type": "Article", "tickers": ["ATOM", "ETH"]}, {"news_url": "https://dailyhodl.com/2022/04/06/heres-why-shark-tank-billionaire-mark-cuban-is-bullish-on-ethereum-over-coming-months-report/", "image_url": "https://crypto.snapi.dev/images/v1/v/1/cuban-bullish-on-ethjpgfit10242c600ssl1-126210.jpg", "title": "Here's Why Shark Tank Billionaire Mark Cuban Is Bullish On Ethereum Over Coming Months: Report", "text": "Shark Tank investor and billionaire Mark Cuban is predicting that leading smart contract platform Ethereum (ETH) will surge on the back of big developments in the near future. In a new interview with Fortune, the business magnate reveals that he's \u201cvery bullish\u201d on Ethereum because of its upcoming merge, which will see it switch from [\u2026] The post Here's Why Shark Tank Billionaire Mark Cuban Is Bullish On Ethereum Over Coming Months: Report appeared first on The Daily Hodl.", "source_name": "The Daily Hodl", "date": "Wed, 06 Apr 2022 18:01:47 -0400", "topics": [], "sentiment": "Positive", "type": "Article", "tickers": ["ETH"]}, {"news_url": "https://crypto.news/bitcoin-bear-btc-45k-level/", "image_url": "https://crypto.snapi.dev/images/v1/w/l/generic-crypto-tumble-crash-illo-126191.jpg", "title": "Bitcoin Bear Run on the Cards As BTC Goes Below the $45K Level", "text": "Bitcoin's price entered a correction zone after peaking above $48,000 towards the end of March. Considering its strong price action from around March 22, it was an inevitable pullback, which temporarily pushed it below $45,000.", "source_name": "Crypto news", "date": "Wed, 06 Apr 2022 18:00:00 -0400", "topics": [], "sentiment": "Negative", "type": "Article", "tickers": ["BTC"]}, {"news_url": "https://www.cryptoglobe.com/latest/2022/04/one-eth-could-be-worth-over-6000-following-ethereums-upcoming-upgrade-says-bloomberg-intelligence/", "image_url": "https://crypto.snapi.dev/images/v1/r/0/executium-wxi-bqzxrjy-unsplash-126189.jpg", "title": "One $ETH Could Be Worth Over $6,000 Following Ethereum's Upcoming Upgrade, Says Bloomberg Intelligence", "text": "Ethereum ($ETH) could be worth over $6,000 according to a discount cash-flow valuation model, as Ethereum's upcoming major upgrade is set to convert the cryptocurrency into an \u201cequity-like instrument.\u201d According to a report by Bloomberg Intelligence, Ethereum's upcoming \u201cMerge\u201d upgrade that will move the network from a Proof-of-Work consensus algorithm to a Proof-of-Stake one where [\u2026]", "source_name": "CryptoGlobe", "date": "Wed, 06 Apr 2022 17:50:00 -0400", "topics": ["upgrade"], "sentiment": "Positive", "type": "Article", "tickers": ["ETH"]}, {"news_url": "https://cryptoslate.com/bitpay-integrates-lightning-network-to-enable-low-cost-bitcoin-transactions/", "image_url": "https://crypto.snapi.dev/images/v1/t/k/bitcoin-lightning-126185.jpg", "title": "BitPay integrates Lightning Network to enable low-cost Bitcoin transactions", "text": "Major cryptocurrency payment service provider BitPay has added support for the Lightning Network (LN), Bitcoin's (BTC) Layer-2 scalability solution, granting users access to a faster and cheaper method of transacting their BTC. The post BitPay integrates Lightning Network to enable low-cost Bitcoin transactions appeared first on CryptoSlate.", "source_name": "CryptoSlate", "date": "Wed, 06 Apr 2022 17:31:16 -0400", "topics": [], "sentiment": "Positive", "type": "Article", "tickers": ["BTC"]}, {"news_url": "https://ambcrypto.com/report-bitcoin-fees-at-all-time-lows-but-heres-why-its-important-this-time/", "image_url": "https://crypto.snapi.dev/images/v1/r/x/kanchanara-bibricg3kjg-unsplash-2-126186.jpg", "title": "Report: Bitcoin fees at \u2018all-time lows' but here's why it's important this time", "text": "You might have heard a lot of Ethereum users complaining about fees, but what about Bitcoiners?\u00a0It's probably a rare occurrence, and according to a new report, might become even more of an anomaly in the future.", "source_name": "AMBCrypto", "date": "Wed, 06 Apr 2022 17:30:26 -0400", "topics": [], "sentiment": "Neutral", "type": "Article", "tickers": ["BTC"]}, {"news_url": "https://www.coindesk.com/policy/2022/04/06/sec-approves-teucriums-bitcoin-futures-etf/", "image_url": "https://crypto.snapi.dev/images/v1/d/q/psbnn3uv5ffdpcw2mtjnpxo5te-126187.jpg", "title": "SEC Approves Teucrium's Bitcoin Futures ETF", "text": "Teucrium's approval may hint at a future spot bitcoin ETF approval.", "source_name": "Coindesk", "date": "Wed, 06 Apr 2022 17:30:00 -0400", "topics": ["futures", "regulations"], "sentiment": "Positive", "type": "Article", "tickers": ["BTC"]}, {"news_url": "https://cryptoticker.io/en/bitcoin-price-will-do-this-next-beware-of-those-levels/", "image_url": "https://crypto.snapi.dev/images/v1/2/j/bitcoin-price-7-126184.jpg", "title": "Bitcoin Price will do THIS next: BEWARE of those levels!", "text": "Despite the current down crypto market, Bitcoin is still considered up. The recent events that made cryptocurrencies crash like the Ukraine war took a heavy toll on the market.", "source_name": "CryptoTicker", "date": "Wed, 06 Apr 2022 17:29:44 -0400", "topics": [], "sentiment": "Neutral", "type": "Article", "tickers": ["BTC"]}, {"news_url": "https://bitcoinmagazine.com/business/tennessee-titans-become-first-nfl-team-to-accept-bitcoin", "image_url": "https://crypto.snapi.dev/images/v1/4/3/football-sports-126180.png", "title": "Tennessee Titans Become First NFL Team To Accept Bitcoin", "text": "The Tennessee Titans are the first NFL team to accept bitcoin for large and recurring purchases, and intend to expand the functionality to micro purchases.", "source_name": "Bitcoin Magazine", "date": "Wed, 06 Apr 2022 17:25:26 -0400", "topics": [], "sentiment": "Positive", "type": "Article", "tickers": ["BTC"]}, {"news_url": "https://crypto.news/goldman-sachs-otc-ether-trading/", "image_url": "https://crypto.snapi.dev/images/v1/w/k/scaling-solutions-emerge-as-ethereum-gas-fees-remain-high-126175.jpg", "title": "Goldman Sachs Planning to Offer OTC Ether Options Trading\u00a0", "text": "Multinational investment banking giant Goldman Sachs has revealed intentions to introduce OTC Ether options trading, following a surge in demand from clients for the second largest cryptocurrency by market capitalization. Wall Street Bank Looking to Trade ETH Options According to\u2026", "source_name": "Crypto news", "date": "Wed, 06 Apr 2022 17:00:00 -0400", "topics": [], "sentiment": "Positive", "type": "Article", "tickers": ["ETH"]}, {"news_url": "https://www.coindesk.com/business/2022/04/06/grayscale-shuffles-mixed-crypto-funds-adds-avax-dot-atom-drops-sushi-snx/", "image_url": "https://crypto.snapi.dev/images/v1/6/x/f3wwt43yr5eixp7hsxbf3lnrgm-126171.jpeg", "title": "Grayscale Shuffles Mixed Crypto Funds: Adds AVAX, DOT, ATOM; Drops SUSHI, SNX", "text": "The asset manager announced changes to a trio of diversified crypto funds.", "source_name": "Coindesk", "date": "Wed, 06 Apr 2022 16:35:00 -0400", "topics": [], "sentiment": "Neutral", "type": "Article", "tickers": ["ATOM", "AVAX", "SNX", "SUSHI", "DOT"]}, {"news_url": "https://cointelegraph.com/news/ethereum-traders-eye-the-61-8-fib-level-if-eth-fails-to-hold-the-3-2k-support", "image_url": "https://crypto.snapi.dev/images/v1/i/w/840-ahr0chm6ly9zmy5jb2ludgvszwdyyxbolmnvbs91cgxvywrzlziwmjitmdqvyjdmmmvhodmtodnlny00mdhilwfkmjmtowewmdy2nde0mti3lmpwzw-126170.jpg", "title": "Ethereum traders eye the 61.8% Fib level if ETH fails to hold the $3.2K support", "text": "ETH sold-off alongside the rest of the crypto market, leading analysts to warn of a drop to $2,900 if the current support at $3,200 fails.", "source_name": "Cointelegraph", "date": "Wed, 06 Apr 2022 16:35:00 -0400", "topics": [], "sentiment": "Neutral", "type": "Article", "tickers": ["ETH"]}, {"news_url": "https://bitcoinmagazine.com/business/for-bitcoin-to-grow-barriers-to-retail-adoption-must-be-overcome", "image_url": "https://crypto.snapi.dev/images/v1/o/b/bitcoin-volatility-cover-125798-126063-126167.jpg", "title": "For Bitcoin To Grow, Barriers To Retail Adoption Must Be Overcome", "text": "At Bitcoin 2022, a panel of experts discussed accelerating retail involvement in BTC and how to on-board 100 million people.", "source_name": "Bitcoin Magazine", "date": "Wed, 06 Apr 2022 16:19:49 -0400", "topics": [], "sentiment": "Neutral", "type": "Article", "tickers": ["BTC"]}, {"news_url": "https://www.theblockcrypto.com/linked/140920/microbt-unveils-new-series-of-whatsminer-bitcoin-mining-rigs", "image_url": "https://crypto.snapi.dev/images/v1/t/a/20211213-evolution-of-bitcoin-mining-800x450-126166.jpg", "title": "MicroBT unveils new series of Whatsminer bitcoin mining rigs", "text": "A new generation of Whatsminer rigs was announced on Wednesday during the Bitcoin 2022 conference in Miami. The post MicroBT unveils new series of Whatsminer bitcoin mining rigs appeared first on The Block.", "source_name": "The Block", "date": "Wed, 06 Apr 2022 16:18:47 -0400", "topics": ["mining"], "sentiment": "Neutral", "type": "Article", "tickers": ["BTC"]}, {"news_url": "https://insidebitcoins.com/news/ethereum-price-prediction-eth-usd-dives-below-3400", "image_url": "https://crypto.snapi.dev/images/v1/a/r/crypto1-126165.jpg", "title": "Ethereum Price Prediction: ETH/USD Dives below $3400", "text": "Ethereum Price Prediction \u2013 April 6 The Ethereum price prediction sees a 4.78% price fall within a few hours of trading as it drops back [...]", "source_name": "Inside Bitcoins", "date": "Wed, 06 Apr 2022 16:14:08 -0400", "topics": ["tanalysis"], "sentiment": "Negative", "type": "Article", "tickers": ["ETH"]}, {"news_url": "https://u.today/next-bitcoin-rocket-stage-to-be-ignited-in-2024-says-veteran-trader-peter-brandt?SNAPI", "image_url": "https://crypto.snapi.dev/images/v1/5/x/6607-0-126163.jpg", "title": "Next Bitcoin \"Rocket Stage\" to Be Ignited in 2024, Says Veteran Trader Peter Brandt", "text": "Veteran trader Peter Brandt believes that the price of the largest cryptocurrency could explode again in 2024", "source_name": "UToday", "date": "Wed, 06 Apr 2022 16:10:00 -0400", "topics": [], "sentiment": "Neutral", "type": "Article", "tickers": ["BTC"]}, {"news_url": "https://dailyhodl.com/2022/04/06/ethereum-significantly-undervalued-while-terra-solana-and-one-other-eth-rival-all-show-positive-signals-bloomberg-analyst/", "image_url": "https://crypto.snapi.dev/images/v1/b/7/terra-solana-altcoin-positivejpgfit10242c600ssl1-126161.jpg", "title": "Ethereum Significantly Undervalued While Terra, Solana and Additional ETH Rival Show Positive Signals: Bloomberg Analyst", "text": "Commodity analysts from Bloomberg say that Ethereum (ETH) is significantly undervalued and that three of its biggest competitors are all showing solid potential. In the latest Crypto Outlook report, Bloomberg strategist Mike McGlone says that based on a discounted cash flow model, which attempts to estimate the value of an investment based on projections of [\u2026] The post Ethereum Significantly Undervalued While Terra, Solana and Additional ETH Rival Show Positive Signals: Bloomberg Analyst appeared first on The Daily Hodl.", "source_name": "The Daily Hodl", "date": "Wed, 06 Apr 2022 16:00:37 -0400", "topics": [], "sentiment": "Positive", "type": "Article", "tickers": ["ETH", "LUNA", "SOL"]}, {"news_url": "https://dailyhodl.com/2022/04/06/heres-why-the-coming-mid-halving-point-for-bitcoin-could-be-different-according-to-analytics-firm-santiment/", "image_url": "https://crypto.snapi.dev/images/v1/n/x/mid-halving-point-bitcoinjpgfit10242c600ssl1-126162.jpg", "title": "Here's Why the Coming Mid-Halving Point for Bitcoin Could Be Different, According to Analytics Firm Santiment", "text": "A leading crypto analytics firm says that Bitcoin (BTC) struggled through a long-lasting bear market during the last cycle after hitting its mid-halving correction point in July 2018. In a new analysis, crypto intelligence firm Santiment notes BTC is now fast approaching another mid-halving correction on April 11, a part of the leading digital asset's [\u2026] The post Here's Why the Coming Mid-Halving Point for Bitcoin Could Be Different, According to Analytics Firm Santiment appeared first on The Daily Hodl.", "source_name": "The Daily Hodl", "date": "Wed, 06 Apr 2022 15:55:00 -0400", "topics": [], "sentiment": "Neutral", "type": "Article", "tickers": ["BTC"]}, {"news_url": "https://bitcoinmagazine.com/culture/nick-szabo-bitcoin-secures-itself-and-doesnt-ask-for-permission", "image_url": "https://crypto.snapi.dev/images/v1/u/y/the-history-and-symbolism-behind-bitcoins-logo-126157.jpg", "title": "Nick Szabo: Bitcoin Secures Itself and Doesn't Ask for Permission", "text": "Szabo explained the history of philosophical and technical work by the Cypherpunks that led up to the invention of Bitcoin at the Bitcoin 2022 conference.", "source_name": "Bitcoin Magazine", "date": "Wed, 06 Apr 2022 15:34:36 -0400", "topics": [], "sentiment": "Positive", "type": "Article", "tickers": ["BTC"]}, {"news_url": "https://news.bitcoin.com/research-shows-19-of-bitcoins-hashrate-is-managed-by-publicly-listed-companies/", "image_url": "https://crypto.snapi.dev/images/v1/w/x/shutterstock-1938979222-126156.jpg", "title": "Research Shows 19% of Bitcoin's Hashrate Is Managed by Publicly Listed Companies", "text": "According to findings stemming from a report published by Arcane Research, Bitcoin's hashrate is steadily going public as an increasing share is deployed by publicly listed companies. Current data shows that the publicly listed miners' share of Bitcoin's hashrate is roughly 19% today, up 3% since January 2021. Publicly Listed Bitcoin Miners Continue to Grow, [\u2026]", "source_name": "Bitcoin", "date": "Wed, 06 Apr 2022 15:30:15 -0400", "topics": [], "sentiment": "Neutral", "type": "Article", "tickers": ["BTC"]}, {"news_url": "https://www.youtube.com/watch?v=Hb4I1JF5X7k", "image_url": "https://crypto.snapi.dev/images/v1/k/s/bitcoin-2022-kicks-off-in-miami-crypto-prices-plunge-and-defi-with-bitcoin-cnbc-crypto-world-126153.jpg", "title": "Bitcoin 2022 kicks off in Miami, crypto prices plunge, and DeFi with bitcoin: CNBC Crypto World", "text": "CNBC Crypto World features the latest news and daily trading updates from the digital currency markets and provides viewers with a look at what's ahead with high-profile interviews, explainers, and unique stories from the ever-changing crypto industry. On today's show, CNBC's MacKenzie Sigalos breaks down how North America's largest bitcoin conference, Bitcoin 2022, has changed over the years.", "source_name": "CNBC Television", "date": "Wed, 06 Apr 2022 15:22:59 -0400", "topics": [], "sentiment": "Negative", "type": "Video", "tickers": ["BTC"]}, {"news_url": "https://www.theblockcrypto.com/linked/140992/el-salvador-president-nayib-bukele-cancels-bitcoin-2022-appearance", "image_url": "https://crypto.snapi.dev/images/v1/s/1/bitcoin20whale-id-b67f04b9-6d2c-4357-a69f-b4b45d2e8942-size900-125796-126151.jpg", "title": "El Salvador president Nayib Bukele cancels Bitcoin 2022 appearance", "text": "El Salvador's president Nayib Bukele canceled his April 7 appearance at the Bitcoin 2022 conference in Miami, citing \"unforeseen circumstances\" in his home country.\u00a0 The post El Salvador president Nayib Bukele cancels Bitcoin 2022 appearance appeared first on The Block.", "source_name": "The Block", "date": "Wed, 06 Apr 2022 15:20:46 -0400", "topics": [], "sentiment": "Neutral", "type": "Article", "tickers": ["BTC"]}, {"news_url": "https://cointelegraph.com/news/price-analysis-4-6-btc-eth-bnb-sol-xrp-ada-luna-avax-dot-doge", "image_url": "https://crypto.snapi.dev/images/v1/r/d/840-ahr0chm6ly9zmy5jb2ludgvszwdyyxbolmnvbs91cgxvywrzlziwmjitmdqvztrknmjmotctngjmmi00njiyltgzmzctnge3zge2mwm2yje5lmpwzw-126152.jpg", "title": "Price analysis 4/6: BTC, ETH, BNB, SOL, XRP, ADA, LUNA, AVAX, DOT, DOGE", "text": "BTC and select altcoins dropped far below their strong support levels, a clear sign that the recent bullish momentum has weakened.", "source_name": "Cointelegraph", "date": "Wed, 06 Apr 2022 15:20:19 -0400", "topics": ["tanalysis"], "sentiment": "Neutral", "type": "Article", "tickers": ["ADA", "AVAX", "BNB", "BTC", "DOGE", "ETH", "LUNA", "SOL", "XRP", "DOT"]}, {"news_url": "https://cryptodaily.co.uk/2022/04/iotex-launches-iopay-20-a-multichain-wallet-that-also-supports-ethereum-bnb-and-polygon", "image_url": "https://crypto.snapi.dev/images/v1/5/x/binance-coin-bnb-110990-114209-126150.png", "title": "IoTeX launches IoPay 2.0, a multichain wallet that also supports Ethereum, BNB and Polygon", "text": "IoTeX has launched IoPay 2.0, its revolutionary multichain wallet that is one of the most user-friendly in the crypto and blockchain space after months of highly successful beta testing to ensure security, reliability and functionality. It allows users to seamlessly switch over 13,000 different digital assets and across crypto accounts from IoTeX, Ethereum, BNB Chain and Polygon.", "source_name": "Crypto Daily", "date": "Wed, 06 Apr 2022 15:15:00 -0400", "topics": [], "sentiment": "Positive", "type": "Article", "tickers": ["BNB", "ETH", "IOTX", "MATIC"]}, {"news_url": "https://www.cryptopolitan.com/proshares-short-btc-strategy-etf/", "image_url": "https://crypto.snapi.dev/images/v1/h/1/andre-francois-mckenzie-jrjhtbj-pgu-unsplash-1-126147.jpg", "title": "ProShares files to register a Short Bitcoin Strategy ETF with SEC", "text": "TL;DR Breakdown ProShares has filed for a new Short Bitcoin Strategy exchange-traded fund. The registration statement has been submitted to the Securities and Exchange Commission.", "source_name": "Cryptopolitan", "date": "Wed, 06 Apr 2022 15:06:07 -0400", "topics": ["regulations"], "sentiment": "Neutral", "type": "Article", "tickers": ["BTC"]}, {"news_url": "https://bitcoinist.com/bitcoin-hashrate-publicly-companies-spikes-19/", "image_url": "https://crypto.snapi.dev/images/v1/9/s/brian-wangenheim-op92ppqgu-4-unsplash-630x420-126143.jpg", "title": "Bitcoin Hashrate Controlled By Publicly-Listed Companies Spikes To 19%", "text": "Data shows the share of the bitcoin hashrate in control of publicly-listed mining companies has shot up to 19% recently. Public Mining Companies' Share Of Bitcoin Hashrate Spikes To 19% As per the latest weekly report from Arcane Research, the amount of BTC hashrate controlled by publicly-listed companies has observed a sharp increase over the [\u2026]", "source_name": "Bitcoinist", "date": "Wed, 06 Apr 2022 15:00:35 -0400", "topics": [], "sentiment": "Positive", "type": "Article", "tickers": ["BTC"]}, {"news_url": "https://www.newsbtc.com/news/bitcoin/bitcoin-trading-volume-remain-at-low-levels/", "image_url": "https://crypto.snapi.dev/images/v1/4/f/kanchanara-4kjjezdyo3m-unsplash-3-scaled-126142.jpg", "title": "Bitcoin Trading Volume Continues To Remain At Low Levels", "text": "Data shows the Bitcoin trading volume has continued to remain at low levels this week, weakening the latest rally in the crypto's price. Bitcoin Spot Trading Volume Has Recently Stabilized At Low Values As per the latest weekly report from Arcane Research, the BTC spot volume has continued to stabilize at relatively low values this week.", "source_name": "NewsBTC", "date": "Wed, 06 Apr 2022 15:00:03 -0400", "topics": [], "sentiment": "Negative", "type": "Article", "tickers": ["BTC"]}, {"news_url": "https://cryptoslate.com/marathon-digital-to-relocate-bitcoin-mining-facility-to-carbon-neutral-energy-sources/", "image_url": "https://crypto.snapi.dev/images/v1/y/u/image-2022-04-06-235457255-126141.png", "title": "Marathon Digital to relocate Bitcoin mining facility to carbon neutral energy sources", "text": "Bitcoin miner Marathon Digital Holdings plans to relocate its coal-powered Hardin mining facility in the US state of Montana to a more sustainable location. The post Marathon Digital to relocate Bitcoin mining facility to carbon neutral energy sources appeared first on CryptoSlate.", "source_name": "CryptoSlate", "date": "Wed, 06 Apr 2022 14:57:16 -0400", "topics": ["mining"], "sentiment": "Neutral", "type": "Article", "tickers": ["BTC"]}, {"news_url": "https://www.benzinga.com/markets/cryptocurrency/22/04/26504786/feds-seize-34m-in-bitcoin-from-hacker-selling-data-on-dark-web?SNAPI", "image_url": "https://crypto.snapi.dev/images/v1/g/v/bitcoin-gb55025aca-1920-15-126160.jpg", "title": "Feds Seize $34M In Bitcoin From Hacker Selling Data On Dark Web", "text": "United States prosecutors confiscated about $34 million in cryptocurrency from a Florida man who sold stolen account credentials for services such as Netflix Inc. (NASDAQ: NFLX), HBO and Uber Technologies Inc. (NYSE:", "source_name": "Benzinga", "date": "Wed, 06 Apr 2022 14:55:00 -0400", "topics": [], "sentiment": "Negative", "type": "Article", "tickers": ["BTC"]}, {"news_url": "https://u.today/heres-when-bitcoin-may-go-to-the-moon-according-to-mike-novogratz?SNAPI", "image_url": "https://crypto.snapi.dev/images/v1/u/h/48843848438383-126139.jpg", "title": "Here's When Bitcoin May Go to the Moon, According to Mike Novogratz", "text": "Galaxy Digital CEO Mike Novogratz is convinced that the price of Bitcoin could eventually hit $1 million", "source_name": "UToday", "date": "Wed, 06 Apr 2022 14:47:00 -0400", "topics": [], "sentiment": "Positive", "type": "Article", "tickers": ["BTC"]}, {"news_url": "https://decrypt.co/97104/bitcoin-ethereum-drop-interest-rate-fears-crypto-market-loses-130-billion", "image_url": "https://crypto.snapi.dev/images/v1/3/v/shutterstock-1012491031-gid-1-126138.jpg", "title": "Bitcoin, Ethereum Drop on Interest Rate Fears as Crypto Market Loses $130 Billion", "text": "Bitcoin and Ethereum were down 5% and 8%, respectively. Other coins were hit harder.", "source_name": "Decrypt", "date": "Wed, 06 Apr 2022 14:37:07 -0400", "topics": [], "sentiment": "Negative", "type": "Article", "tickers": ["BTC", "ETH"]}, {"news_url": "https://bitcoinmagazine.com/industry-events/the-financialization-of-bitcoin-mining", "image_url": "https://crypto.snapi.dev/images/v1/6/d/img-4496jpeg-126132.png", "title": "The Financialization Of Bitcoin Mining", "text": "Bitcoin mining is increasingly done on a large scale by corporations which operate very differently compared to small miners.", "source_name": "Bitcoin Magazine", "date": "Wed, 06 Apr 2022 14:35:12 -0400", "topics": ["mining"], "sentiment": "Neutral", "type": "Article", "tickers": ["BTC"]}, {"news_url": "https://ambcrypto.com/is-your-feed-filling-up-with-buy-the-dip-mentions-heres-what-you-need-to-know/", "image_url": "https://crypto.snapi.dev/images/v1/v/x/bitcoin-dipping-125827-126128.jpg", "title": "Bitcoin [BTC]: Feed filled with \u2018Buy The Dip' mentions? What you need to know", "text": "The king coin emerged triumphant as it flipped the previously rock-hard 45k resistance level into a comfortable cushion. However, things are getting precarious as Bitcoin was only trading at $45,426.56, having fallen by 2.64% in the past 24 hours, and dropping by 4.13% in the last week.", "source_name": "AMBCrypto", "date": "Wed, 06 Apr 2022 14:30:41 -0400", "topics": [], "sentiment": "Positive", "type": "Article", "tickers": ["BTC"]}, {"news_url": "https://decrypt.co/97101/terra-adds-230-million-to-push-bitcoin-reserve-to-1-6-billion", "image_url": "https://crypto.snapi.dev/images/v1/x/n/terra-luna-trading-price-gid-1-126124.jpeg", "title": "Terra Adds $230 Million to Push Bitcoin Reserve to $1.6 Billion", "text": "Terra founder Do Kwon has said he wants to grow that sum to $10 billion.", "source_name": "Decrypt", "date": "Wed, 06 Apr 2022 14:15:05 -0400", "topics": [], "sentiment": "Neutral", "type": "Article", "tickers": ["BTC", "LUNA"]}, {"news_url": "https://cryptopotato.com/bitpay-launches-bitcoin-lightning-network-payment-support/", "image_url": "https://crypto.snapi.dev/images/v1/j/3/lightning-network-min-126122.jpg", "title": "BitPay Launches Bitcoin Lightning Network Payment Support", "text": "All Bitpay merchants can now accept lightning network payments from wallets like Strike and CashApp.", "source_name": "CryptoPotato", "date": "Wed, 06 Apr 2022 14:11:01 -0400", "topics": [], "sentiment": "Positive", "type": "Article", "tickers": ["BTC"]}, {"news_url": "https://investorplace.com/2022/04/7-cryptos-to-buy-that-are-better-than-doge/", "image_url": "https://crypto.snapi.dev/images/v1/5/z/840-ahr0chm6ly9zmy5jb2ludgvszwdyyxbolmnvbs91cgxvywrzlziwmjitmdmvmmy5m2m4n2qtyte1mi00yzy5ltkymjitmmnkmduwyzu4odqxlmpwzw-122441-126121.jpg", "title": "7 Cryptos to Buy That Are Better Than DOGE", "text": "What are the best cryptos to buy on the resurgence of the digital money market? Consider adding these seven to your portfolio.", "source_name": "Investorplace", "date": "Wed, 06 Apr 2022 14:08:11 -0400", "topics": [], "sentiment": "Positive", "type": "Article", "tickers": ["ADA", "BNB", "BTC", "ETH", "LINK", "LUNA", "XRP"]}, {"news_url": "https://www.theblockcrypto.com/post/140923/investor-kevin-oleary-touts-proactive-regulation-and-policy-at-bitcoin-2022", "image_url": "https://crypto.snapi.dev/images/v1/q/x/image-from-ios-600x450-126120.jpg", "title": "Investor Kevin O'Leary touts proactive regulation and policy at Bitcoin 2022", "text": "Investor and Shark Tank personality Kevin O'Leary gave a decidedly pro-policy message during his keynote at Bitcoin 2022. The post Investor Kevin O'Leary touts proactive regulation and policy at Bitcoin 2022 appeared first on The Block.", "source_name": "The Block", "date": "Wed, 06 Apr 2022 14:05:44 -0400", "topics": ["regulations"], "sentiment": "Positive", "type": "Article", "tickers": ["BTC"]}, {"news_url": "https://cryptoslate.com/skybridge-founder-scaramucci-says-bitcoin-still-heading-to-500000/", "image_url": "https://crypto.snapi.dev/images/v1/7/d/image-2022-04-06-215949090-126116.png", "title": "SkyBridge founder Scaramucci says Bitcoin still heading to $500,000", "text": "Despite dipping below $41,000, Anthony Scaramuucci, the founder of SkyBridge Capital, a 17-year-old \u201calternative assets\u201d investment firm, still believes the price of Bitcoin will hit $500,000 per coin. The post SkyBridge founder Scaramucci says Bitcoin still heading to $500,000 appeared first on CryptoSlate.", "source_name": "CryptoSlate", "date": "Wed, 06 Apr 2022 14:01:21 -0400", "topics": [], "sentiment": "Positive", "type": "Article", "tickers": ["BTC"]}, {"news_url": "https://www.newsbtc.com/news/bitcoin/the-last-time-this-bitcoin-indicator-turned-bullish-it-saw-a-65-hike-will-it-happen-again/", "image_url": "https://crypto.snapi.dev/images/v1/7/w/bitcoin-cycle-peak-blaze-of-glory-istock-892707272-126115.jpeg", "title": "The Last Time This Bitcoin Indicator Turned Bullish It Saw a 65% Hike, Will It Happen Again?", "text": "Bitcoin was rejected as it approached the high area around its current levels. The first crypto by market cap could return to previous lows as it continues to trade in a tight range.", "source_name": "NewsBTC", "date": "Wed, 06 Apr 2022 14:00:42 -0400", "topics": [], "sentiment": "Positive", "type": "Article", "tickers": ["BTC"]}, {"news_url": "https://news.bitcoin.com/luna-foundation-purchases-5040-btc-terras-reserves-rise-to-35767-bitcoin/", "image_url": "https://crypto.snapi.dev/images/v1/r/n/luna-foundation-purchases-5040-btc-terras-reserves-rise-to-35767-bitcoin-126117.jpg", "title": "Luna Foundation Purchases 5,040 BTC, Terra Reserves Rise to 35,767 Bitcoin", "text": "On April 6, onchain data shows the Luna Foundation Guard's (LFG) bitcoin wallet has added 5,040 bitcoin to its reserves. The added funds were worth roughly $221 million at the time of settlement. LFG managed to purchase the bitcoins while bitcoin lost 3.9% against the U.S. dollar during the last 24 hours. LFG Buys the [\u2026]", "source_name": "Bitcoin", "date": "Wed, 06 Apr 2022 14:00:09 -0400", "topics": [], "sentiment": "Positive", "type": "Article", "tickers": ["BTC", "LUNA"]}, {"news_url": "https://bitcoinmagazine.com/business/examining-the-state-of-the-bitcoin-mining-asic-market", "image_url": "https://crypto.snapi.dev/images/v1/b/y/bitcoin-mining-asic-security-126101.png", "title": "Examining The State Of The Bitcoin Mining ASIC Market", "text": "During Bitcoin 2022, bitcoin mining insiders discussed the state of the ASIC mining rig market, a major driving force for the industry.", "source_name": "Bitcoin Magazine", "date": "Wed, 06 Apr 2022 13:52:00 -0400", "topics": ["mining"], "sentiment": "Neutral", "type": "Article", "tickers": ["BTC"]}, {"news_url": "https://www.fool.com/investing/2022/04/06/solana-makes-another-leap/", "image_url": "https://crypto.snapi.dev/images/v1/s/o/solana-price-analysis-2022-01-30-119406-121181-123197-126112.png", "title": "Solana Makes Another Leap", "text": "Solana is set to go head to head with Ethereum.", "source_name": "The Motley Fool", "date": "Wed, 06 Apr 2022 13:49:17 -0400", "topics": [], "sentiment": "Neutral", "type": "Article", "tickers": ["SOL"]}, {"news_url": "https://news.bitcoin.com/biggest-movers-sol-slips-over-10-as-rune-waves-down-nearly-20/", "image_url": "https://crypto.snapi.dev/images/v1/c/q/shutterstock-1289394487-126100.jpg", "title": "Biggest Movers: SOL Slips Over 10%, as RUNE, WAVES Down Nearly 20%", "text": "Global crypto markets were trading nearly 6% lower as of writing this, with SOL one of the biggest crypto's to fall during the session. While falling by over 12% on the day, RUNE and WAVES fell by as much as 20% on Thursday. WAVES WAVES was easily one of the biggest gainers in March, as [\u2026]", "source_name": "Bitcoin", "date": "Wed, 06 Apr 2022 13:35:31 -0400", "topics": [], "sentiment": "Negative", "type": "Article", "tickers": ["RUNE", "SOL", "WAVES"]}, {"news_url": "https://cointelegraph.com/news/bitcoin-price-drops-to-43-5k-but-data-and-btc-s-market-structure-project-strength", "image_url": "https://crypto.snapi.dev/images/v1/m/b/840-ahr0chm6ly9zmy5jb2ludgvszwdyyxbolmnvbs91cgxvywrzlziwmjitmdqvzgrlytuyyjktyju0oc00nzayltlinzatytczowu2y2jmotjklmpwzw-126096.jpg", "title": "Bitcoin price drops to $43.5K, but data and BTC's market structure project strength", "text": "BTC price took a sharp tumble below a key support level, but data shows today's dip could be another buying opportunity for bulls.", "source_name": "Cointelegraph", "date": "Wed, 06 Apr 2022 13:19:34 -0400", "topics": [], "sentiment": "Negative", "type": "Article", "tickers": ["BTC"]}, {"news_url": "https://thecurrencyanalytics.com/bitcoin/bitcoin-volcano-crypto-bulls-and-the-3000-pound-charging-bull-at-the-miami-conference-2022-40696.php", "image_url": "https://crypto.snapi.dev/images/v1/g/7/bitcoin-volcano-crypto-bulls-and-the-3000-pound-charging-bull-at-the-miami-conference-2022-126094.jpg", "title": "Bitcoin Volcano Crypto Bulls and the 3000-pound Charging Bull at the Miami Conference 2022", "text": "Catch up on the latest crypto market news at The Currency Analytics. Miami has already gained recognition as the hub for blockchain technology.", "source_name": "The Currency Analytics", "date": "Wed, 06 Apr 2022 13:19:23 -0400", "topics": [], "sentiment": "Positive", "type": "Article", "tickers": ["BTC"]}, {"news_url": "https://bitcoinmagazine.com/business/kevin-oleary-spigots-of-capital-coming-to-bitcoin", "image_url": "https://crypto.snapi.dev/images/v1/u/v/kevin-oleary-bitcoin-2022-keynote-126093.jpg", "title": "Kevin O'Leary Sees Regulation, 'Spigots Of Capital' Coming To Bitcoin", "text": "Mr. Wonderful takes the main stage at Bitcoin 2022 to talk about Bitcoin regulation and its benefits to bringing institutions into the space.", "source_name": "Bitcoin Magazine", "date": "Wed, 06 Apr 2022 13:16:24 -0400", "topics": ["regulations"], "sentiment": "Neutral", "type": "Article", "tickers": ["BTC"]}, {"news_url": "https://www.cryptopolitan.com/ethereum-price-analysis-2022-04-06/", "image_url": "https://crypto.snapi.dev/images/v1/f/a/ethereum-price-analysis-2022-04-06-126090.png", "title": "Ethereum price analysis: ETH tests $3,200, ready to break lower?", "text": "TL;DR Breakdown Ethereum price analysis is bearish today. ETH/USD spiked to $3,300 overnight.", "source_name": "Cryptopolitan", "date": "Wed, 06 Apr 2022 13:13:15 -0400", "topics": ["tanalysis"], "sentiment": "Negative", "type": "Article", "tickers": ["ETH"]}, {"news_url": "https://cryptoslate.com/lightning-labs-announces-a-new-protocol-to-bring-new-use-cases-to-bitcoin/", "image_url": "https://crypto.snapi.dev/images/v1/h/a/image-2022-04-06-205455507-126083.png", "title": "Lightning Labs announces a new protocol to bring new use cases to Bitcoin", "text": "Lightning Labs, the company behind the Lightning Network, has developed a new protocol that can help introduce more use cases to the Bitcoin network, the company's CTO Olaoluwa Osuntokun announced April 5, noting that he designed the protocol, dubbed Taro. The post Lightning Labs announces a new protocol to bring new use cases to Bitcoin appeared first on CryptoSlate.", "source_name": "CryptoSlate", "date": "Wed, 06 Apr 2022 13:01:18 -0400", "topics": [], "sentiment": "Neutral", "type": "Article", "tickers": ["BTC"]}, {"news_url": "https://www.dcforecasts.com/bitcoin-news/taproot-taro-protocol-will-bring-low-fee-stablecoins-to-bitcoin/", "image_url": "https://crypto.snapi.dev/images/v1/a/d/altcoinsscom-1024x536-126085.png", "title": "Taproot Taro Protocol Will Bring Low-Fee Stablecoins To Bitcoin", "text": "Taproot Taro protocol will bring low-fee stablecoins to Bitcoin and faster asset transfers to the Bitcoin lightning network as we can see more today in our latest Bitcoin news. Bitcoin is getting a boost thanks to the new Taproot-enabled protocol dubbed Taproot Asset Representation Overlay, TARO, which is an open-source protocol powered by the Lightning [\u2026]", "source_name": "DCForecasts", "date": "Wed, 06 Apr 2022 13:01:11 -0400", "topics": ["stablecoins"], "sentiment": "Neutral", "type": "Article", "tickers": ["BTC"]}, {"news_url": "https://bitcoinist.com/microstrategy-deepens-its-bitcoin-bet-with-4167-btc-purchase/", "image_url": "https://crypto.snapi.dev/images/v1/k/v/microstrategy-126084.jpeg", "title": "MicroStrategy Deepens Its Bitcoin Bet With 4,167 BTC Purchase", "text": "MicroStrategy has proved it is not slowing down anytime soon when it comes to buying bitcoin. Not long after news broke that the firm had taken a $200 million loan to purchase bitcoin, it has made its first announcement that it has purchased BTC presumably using the loan it had secured earlier.", "source_name": "Bitcoinist", "date": "Wed, 06 Apr 2022 13:00:14 -0400", "topics": [], "sentiment": "Positive", "type": "Article", "tickers": ["BTC"]}, {"news_url": "https://www.newsbtc.com/analysis/btc/the-bitcoin-resistance-level-that-just-wont-budge/", "image_url": "https://crypto.snapi.dev/images/v1/2/t/bitcoin-2-126082.jpeg", "title": "The Bitcoin Resistance Level That Just Won't Budge", "text": "Bitcoin has hit a roadblock in its recent upward trajectory. After the digital asset had successfully broken above $47,000, it had been subsequently beaten down by the bears.", "source_name": "NewsBTC", "date": "Wed, 06 Apr 2022 13:00:08 -0400", "topics": [], "sentiment": "Neutral", "type": "Article", "tickers": ["BTC"]}, {"news_url": "https://www.coindesk.com/business/2022/04/06/xrp-army-drives-bumper-sales-in-ripple-stock-despite-sec-probe/", "image_url": "https://crypto.snapi.dev/images/v1/a/e/6h75zu3smvgotkdaqmkt4y275m-126081.jpeg", "title": "XRP Army Drives Bumper Sales in Ripple Stock Despite SEC Probe", "text": "Since launching two years ago, tech equity platform Linqto has sold some $50 million in private shares of Ripple.", "source_name": "Coindesk", "date": "Wed, 06 Apr 2022 12:57:00 -0400", "topics": ["regulations"], "sentiment": "Positive", "type": "Article", "tickers": ["XRP"]}, {"news_url": "https://www.fool.com/investing/2022/04/06/why-solana-polkadot-and-cardano-are-down-big-today/", "image_url": "https://crypto.snapi.dev/images/v1/c/r/crypto2021-id-e55899ff-17ab-4b9f-97be-f1e0931aa33c-size900-120691-122368-124173-126106.jpg", "title": "Why Solana, Polkadot, and Cardano Are Down Big Today", "text": "The crypto market got hit on multiple fronts today.", "source_name": "The Motley Fool", "date": "Wed, 06 Apr 2022 12:55:34 -0400", "topics": [], "sentiment": "Negative", "type": "Article", "tickers": ["ADA", "DOT", "SOL"]}, {"news_url": "https://www.youtube.com/watch?v=Tbw0IWwL5t4", "image_url": "https://crypto.snapi.dev/images/v1/2/w/miami-cryptocurrency-community-booms-as-bitcoin-2022-gets-underway-126088.jpg", "title": "Miami cryptocurrency community booms as Bitcoin 2022 gets underway", "text": "CNBC's Kate Rooney reports on the Bitcoin 2022 conference in Miami.", "source_name": "CNBC Television", "date": "Wed, 06 Apr 2022 12:54:29 -0400", "topics": [], "sentiment": "Neutral", "type": "Video", "tickers": ["BTC"]}, {"news_url": "https://www.dcforecasts.com/bitcoin-news/bitcoin-on-crypto-exchanges-reached-multi-year-lows/", "image_url": "https://crypto.snapi.dev/images/v1/0/x/bitcoin-mining-operations-gid-4-125877-126074.jpg", "title": "Bitcoin On Crypto Exchanges Reached Multi-Year Lows", "text": "Bitcoin on crypto exchanges reached a multi-year low with over 96,000 coins moving off the exchanges every month according to the data from Glassnode as we are reading more in today's latest bitcoin news. Bitcoin on crypto exchanges that is behind held there reached new lows and it is being held by accumulation addresses.", "source_name": "DCForecasts", "date": "Wed, 06 Apr 2022 12:51:23 -0400", "topics": [], "sentiment": "Neutral", "type": "Article", "tickers": ["BTC"]}, {"news_url": "https://cryptopotato.com/this-is-why-mark-cuban-is-very-bullish-on-ethereum-2-0/", "image_url": "https://crypto.snapi.dev/images/v1/p/0/mark-cuban-126070.jpg", "title": "This is Why Mark Cuban is \u2018Very Bullish' on Ethereum 2.0", "text": "Ethereum's transition to ETH 2.0 should make the protocol less harmful to the environment and turn ether into a deflationary asset, Mark Cuban argued.", "source_name": "CryptoPotato", "date": "Wed, 06 Apr 2022 12:45:50 -0400", "topics": [], "sentiment": "Positive", "type": "Article", "tickers": ["ETH"]}, {"news_url": "https://cointelegraph.com/news/proshares-files-with-sec-for-short-bitcoin-strategy-etf", "image_url": "https://crypto.snapi.dev/images/v1/a/0/840-ahr0chm6ly9zmy5jb2ludgvszwdyyxbolmnvbs91cgxvywrzlziwmjitmdqvotdmytg0y2mtyzu2nc00zdbjlwjlotutogm3mjkzmme5zdc5lmpwzw-126072.jpg", "title": "ProShares files with SEC for Short Bitcoin Strategy ETF", "text": "The exchange-traded fund will be based on daily investment results corresponding to the inverse of the return of the CME Bitcoin Futures Contracts Index for a day.", "source_name": "Cointelegraph", "date": "Wed, 06 Apr 2022 12:45:00 -0400", "topics": ["regulations"], "sentiment": "Negative", "type": "Article", "tickers": ["BTC"]}, {"news_url": "https://bitcoinmagazine.com/industry-events/bitcoin-market-never-sleeps", "image_url": "https://crypto.snapi.dev/images/v1/k/k/markets-never-sleep-126069.png", "title": "Bitcoin, The Market That Never Sleeps", "text": "A fundamental aspect of Bitcoin is the constant operation and global accessibility.", "source_name": "Bitcoin Magazine", "date": "Wed, 06 Apr 2022 12:40:03 -0400", "topics": [], "sentiment": "Neutral", "type": "Article", "tickers": ["BTC"]}, {"news_url": "https://u.today/solana-now-supported-by-opensea?SNAPI", "image_url": "https://crypto.snapi.dev/images/v1/k/v/13904-126071.jpg", "title": "Solana Now Supported by OpenSea", "text": "Flagship NFT marketplace OpenSea has finally integrated Solana after months of anticipation", "source_name": "UToday", "date": "Wed, 06 Apr 2022 12:40:00 -0400", "topics": [], "sentiment": "Positive", "type": "Article", "tickers": ["SOL"]}, {"news_url": "https://www.trustnodes.com/2022/04/06/bitcoin-and-stocks-dip-on-fed-and-russia-oil-sanctions-speculation", "image_url": "https://crypto.snapi.dev/images/v1/b/z/61d6b64695f1b90018377426formatjpeg-125641-126068.jpg", "title": "Bitcoin and Stocks Dip on Fed and Russia Oil Sanctions Speculation", "text": "Bitcoin fell just below $44,000 on line with Nasdaq and other stocks that are seeing red for the past two days after a green Monday opening. Bitcoin started falling on.", "source_name": "Trustnodes", "date": "Wed, 06 Apr 2022 12:37:33 -0400", "topics": ["paywall"], "sentiment": "Negative", "type": "Article", "tickers": ["BTC"]}, {"news_url": "https://www.thecryptoupdates.com/goldman-sachs-is-planning-to-provide-over-the-counter-ethereum-options/", "image_url": "https://crypto.snapi.dev/images/v1/j/p/goldman-sachs-plans-to-expand-website-800x500-1-480x320-126066.jpg", "title": "Goldman Sachs is Planning to Provide Over-the-counter Ethereum Options", "text": "Ethereum (ETH) options will soon be traded over-the-counter at Goldman Sachs Group Inc. The decision to offer Ethereum OTC options trading is based on growing...", "source_name": "TCU", "date": "Wed, 06 Apr 2022 12:31:19 -0400", "topics": [], "sentiment": "Positive", "type": "Article", "tickers": ["ETH"]}, {"news_url": "https://www.youtube.com/watch?v=Bog9GhqkycU", "image_url": "https://crypto.snapi.dev/images/v1/v/i/why-us-lawmakers-are-considering-legislation-on-el-salvadors-btc-adoption-126073.jpg", "title": "Why US Lawmakers Are Considering Legislation on El Salvador's BTC Adoption", "text": "A new bill titled the Accountability for Cryptocurrency in El Salvador (ACES) Act has been presented in the U.S. House of Representatives by a bipartisan group of regulators. \u201cThe Hash\u201d panel discusses the legislation's intention to protect the U.S. economy from El Salvador's bitcoin adoption while also touching on concerns raised by global financial institutions like the International Monetary Fund (IMF).", "source_name": "Coindesk", "date": "Wed, 06 Apr 2022 12:30:01 -0400", "topics": ["regulations"], "sentiment": "Neutral", "type": "Video", "tickers": ["BTC"]}, {"news_url": "https://cryptobriefing.com/miami-unveils-wall-street-bull-clone-ahead-bitcoin-2022/?utm_source=main_feed&utm_medium=rss", "image_url": "https://crypto.snapi.dev/images/v1/q/j/bitcoin-2022-bull-statue-cover-838x440-126064.png", "title": "Miami Unveils Wall Street Bull Clone Ahead of Bitcoin 2022", "text": "Miami now has its own take on Wall Street's iconic Charging Bull statue. The installation, dubbed Miami Bull, was unveiled ahead of Bitcoin 2022.", "source_name": "Crypto Briefing", "date": "Wed, 06 Apr 2022 12:29:49 -0400", "topics": [], "sentiment": "Neutral", "type": "Article", "tickers": ["BTC"]}, {"news_url": "https://www.dcforecasts.com/bitcoin-news/public-btc-miners-dominance-surges-sixfold-in-a-year/", "image_url": "https://crypto.snapi.dev/images/v1/t/g/bitcoin-volatility-cover-125798-126063.jpg", "title": "Public BTC Miners Dominance Surges Sixfold In A Year", "text": "Public BTC miners dominance surged by six times in one year and nearly 20% of the hash rate is produced by public mining companies, marking an increase of 3% from 2021 as we are reading more in today's latest Bitcoin news. The dominance of the public BTC miners over the network hash rate increased by [\u2026]", "source_name": "DCForecasts", "date": "Wed, 06 Apr 2022 12:28:52 -0400", "topics": ["mining"], "sentiment": "Positive", "type": "Article", "tickers": ["BTC"]}, {"news_url": "https://bitcoinist.com/taro-send-any-asset-through-lightning-network/", "image_url": "https://crypto.snapi.dev/images/v1/v/n/taro-blog-post-visual-design-graphic-2-491x420-126062.jpg", "title": "Taro, Issue & Send Any Asset Through Bitcoin's Lightning Network. Do We Need It?", "text": "The Taro protocol is the first big announcement to come out of the Bitcoin 2022 conference. With \u201cbitcoinizing the dollar\u201d as its target and Lightning Labs behind it, the news blew up in Bitcoin-Twitter after being strategically released the night before the event of the year kicks off.", "source_name": "Bitcoinist", "date": "Wed, 06 Apr 2022 12:26:12 -0400", "topics": [], "sentiment": "Neutral", "type": "Article", "tickers": ["BTC"]}, {"news_url": "https://cryptonews.com/news/once-fed-pauses-bitcoin-going-moon-novogratz-says.htm", "image_url": "https://crypto.snapi.dev/images/v1/n/e/snapshot-126057.jpg", "title": "Once the Fed Pauses, Bitcoin is \u2018Going to the Moon,' Novogratz Says", "text": "Bitcoin (BTC) is \u201ctrading really well\u201d considering the recent interest rate hikes in the US, and once the Federal Reserve (Fed) puts its tightening on pause, bitcoin is \u201cgoing to the moon,\u201d Galaxy Digital CEO Mike Novogratz said.", "source_name": "Cryptonews", "date": "Wed, 06 Apr 2022 12:11:00 -0400", "topics": [], "sentiment": "Positive", "type": "Article", "tickers": ["BTC"]}, {"news_url": "https://coinpedia.org/ethereum/ethereum-eth-price-hitting-4k-is-imminent-in-april/", "image_url": "https://crypto.snapi.dev/images/v1/7/h/ethereum-logo-3e-300x200-125843-126051.jpg", "title": "Ethereum HODLers Can Expect Huge Gains In April, ETH Price Hitting $4k Is Imminent", "text": "For a long time, Ethereum has been struggling to break between the $3,525 and $3,530 resistance levels. In recent days, the altcoin did reach $3,525 and began retracing. The price also fell below the support level of $3,450, $3,420, and $3,400 before dropping below $3,300. At press time ETH price is changing hands at $3,335 \u2026", "source_name": "CoinPedia", "date": "Wed, 06 Apr 2022 12:04:00 -0400", "topics": [], "sentiment": "Positive", "type": "Article", "tickers": ["ETH"]}, {"news_url": "https://cryptopotato.com/miami-mayor-wants-to-integrate-bitcoin-into-every-aspect-of-society/", "image_url": "https://crypto.snapi.dev/images/v1/z/q/photo-2021-06-04-16-42-11-126050.jpg", "title": "Miami Mayor Wants to Integrate Bitcoin Into \u201cEvery Aspect of Society\u201d", "text": "The politician thinks Bitcoin should be an acceptable means of payment for chocolate at the average convenience store, starting this year.", "source_name": "CryptoPotato", "date": "Wed, 06 Apr 2022 12:02:41 -0400", "topics": [], "sentiment": "Positive", "type": "Article", "tickers": ["BTC"]}, {"news_url": "https://ambcrypto.com/the-ripple-connection-in-genslers-plan-to-collaborate-with-cftc-on-crypto-regulation/", "image_url": "https://crypto.snapi.dev/images/v1/v/4/frederic-koberl-x-0hw-kacgi-unsplash-126049.jpg", "title": "The Ripple connection in Gensler's plan to collaborate with CFTC on crypto regulation", "text": "SEC Chair Gary Gensler revealed the collaborative crypto regulation plans through a speech delivered during the Penn Law Capital Markets Association's annual conference on 4 April. The speech underscored the importance of regulators in ensuring financial stability, investor protection, fair, orderly, and efferent markets.", "source_name": "AMBCrypto", "date": "Wed, 06 Apr 2022 12:00:08 -0400", "topics": ["regulations"], "sentiment": "Neutral", "type": "Article", "tickers": ["XRP"]}, {"news_url": "https://cryptodaily.co.uk/2022/04/btc-usd-stops-triggered-during-quick-pullback-sally-ho-technical-analysis-7-april-2022-btc-bitcoin", "image_url": "https://crypto.snapi.dev/images/v1/x/a/untitled-design-1-124853-125352-125863-126048.png", "title": "BTC/USD Stops Triggered During Quick Pullback: Sally Ho's Technical Analysis 7 April 2022 BTC", "text": "Bitcoin (BTC/USD) remained volatile early in the Asian session as the pair continued to orbit the 45000 figure after sharply depreciating to the 44411 area from the 47200 level, with that selling pressure intensifying just below the 76.4% retracement of the depreciating range from 48240 to 44232.86.\u00a0 Significant Stops were also elected below the 45178.55 area, representing the 23.6% retracement of the same depreciating range.", "source_name": "Crypto Daily", "date": "Wed, 06 Apr 2022 12:00:00 -0400", "topics": ["tanalysis"], "sentiment": "Negative", "type": "Article", "tickers": ["BTC"]}, {"news_url": "https://u.today/bitcoin-sucked-from-exchanges-to-2018-lows-while-institutions-are-buying-the-dip?SNAPI", "image_url": "https://crypto.snapi.dev/images/v1/r/l/13899-126045.jpg", "title": "Bitcoin Sucked from Exchanges to 2018 Lows, While Institutions Are Buying the Dip", "text": "Bitcoin balance on exchanges has dropped to 2018 level, according to Glassnode", "source_name": "UToday", "date": "Wed, 06 Apr 2022 11:52:00 -0400", "topics": ["institutions"], "sentiment": "Positive", "type": "Article", "tickers": ["BTC"]}, {"news_url": "https://insidebitcoins.com/news/vantage-bank-enables-more-bitcoin-adoption-through-btc-saving-plans", "image_url": "https://crypto.snapi.dev/images/v1/m/i/vantage-bank-enables-more-bitcoin-adoption-through-btc-saving-plans-126043.jpg", "title": "Vantage Bank Enables More Bitcoin Adoption Through BTC Saving Plans", "text": "Texas-based bank Vantage Bank has joined the long list of banking institutions that are embracing Bitcoin and cryptocurrencies as demand for digital assets soars. The [...]", "source_name": "Inside Bitcoins", "date": "Wed, 06 Apr 2022 11:46:26 -0400", "topics": [], "sentiment": "Positive", "type": "Article", "tickers": ["BTC"]}, {"news_url": "https://cryptoslate.com/crypto-follows-stock-market-sell-off-as-bitcoin-drops-below-44k/", "image_url": "https://crypto.snapi.dev/images/v1/z/e/crypto-bitcoin-selloff-126030.jpg", "title": "Crypto follows stock market sell off as Bitcoin drops below $44k", "text": "Continued global unrest may be crucial in a sell-off affecting both stocks and crypto. The post Crypto follows stock market sell off as Bitcoin drops below $44k appeared first on CryptoSlate.", "source_name": "CryptoSlate", "date": "Wed, 06 Apr 2022 11:39:17 -0400", "topics": [], "sentiment": "Negative", "type": "Article", "tickers": ["BTC"]}], "total_pages": 42}