{"data": [{"news_url": "https://investorplace.com/2022/04/snoop-doggs-latest-project-puts-ethereum-dominance-in-doubt/", "image_url": "https://crypto.snapi.dev/images/v1/n/y/crypto2-131362.jpg", "title": "Snoop Dogg's Latest Project Puts Ethereum Dominance in Doubt", "text": "Rapper and crypto investor Snoop Dogg recently announced an NFT project running on Cardano rather than Ethereum. Should ETH-USD be worried?", "source_name": "Investorplace", "date": "Wed, 20 Apr 2022 12:46:35 -0400", "topics": [], "sentiment": "Negative", "type": "Article", "tickers": ["ETH"]}, {"news_url": "https://www.newsbtc.com/news/ripple/the-ceo-of-ripple-says-bitcoin-tribalism-is-holding-back-the-crypto-industry/", "image_url": "https://crypto.snapi.dev/images/v1/v/6/ripple-131359.jpg", "title": "The CEO Of Ripple Says Bitcoin Tribalism Is Holding Back The Crypto Industry", "text": "As one of the most influential people in the crypto space, the CEO of Ripple says he owns Bitcoin and other cryptocurrencies. But to him, only promoting Bitcoin will stop industry growth.", "source_name": "NewsBTC", "date": "Wed, 20 Apr 2022 12:30:45 -0400", "topics": [], "sentiment": "Negative", "type": "Article", "tickers": ["BTC"]}, {"news_url": "https://www.forbes.com/sites/rufaskamau/2022/04/20/the-scale-and-challenges-facing-bitcoin-adoption-in-africa-today/", "image_url": "https://crypto.snapi.dev/images/v1/q/6/the-scale-and-challenges-facing-bitcoin-adoption-in-africa-today-131358.jpg", "title": "The Scale And Challenges Facing Bitcoin Adoption In Africa Today", "text": "Africa is lagging behind in terms of achieving this goal due to a lack of regulation, a lack of trust, major regulatory bodies banning digital currencies, and a lack of cryptocurrency education.", "source_name": "Forbes", "date": "Wed, 20 Apr 2022 12:25:59 -0400", "topics": [], "sentiment": "Positive", "type": "Article", "tickers": ["BTC"]}, {"news_url": "https://www.youtube.com/watch?v=wytriLrUW-k", "image_url": "https://crypto.snapi.dev/images/v1/f/t/crypto-bitcoin-hovers-around-41k-ethereum-dips-131357.jpg", "title": "Crypto: Bitcoin hovers around $41K, ethereum dips", "text": "#Crypto #Bitcoin #Ethereum Yahoo Finance's Brian Cheung breaks down the latest in the crypto markets. Don't Miss: Valley of Hype: The Culture That Built Elizabeth Holmes WATCH HERE: https://youtu.be/Sb179GLPNYE Watch the 2021 Berkshire Hathaway Annual Shareholders Meeting on YouTube: https://youtu.be/gx-OzwHpM9k Subscribe to Yahoo Finance: https://yhoo.it/2fGu5Bb About Yahoo Finance: At Yahoo Finance, you get free stock quotes, up-to-date news, portfolio management resources, international market data, social interaction and mortgage rates that help you manage your financial life.", "source_name": "Yahoo Finance", "date": "Wed, 20 Apr 2022 12:21:36 -0400", "topics": [], "sentiment": "Neutral", "type": "Video", "tickers": ["BTC", "ETH"]}, {"news_url": "https://investorplace.com/2022/04/cathie-wood-says-bitcoin-is-worth-1-million-can-it-get-there/", "image_url": "https://crypto.snapi.dev/images/v1/3/n/3nhtr-131348.", "title": "Cathie Wood Says Bitcoin is Worth $1 Million. Can It Get There?", "text": "Can Bitcoin get to $1 million by 2030? Potentially.", "source_name": "Investorplace", "date": "Wed, 20 Apr 2022 12:07:36 -0400", "topics": [], "sentiment": "Positive", "type": "Article", "tickers": ["BTC"]}, {"news_url": "https://www.youtube.com/watch?v=-arQClPMWRs", "image_url": "https://crypto.snapi.dev/images/v1/s/1/is-bitcoin-an-inflation-hedge-or-currency-131346.jpg", "title": "Is Bitcoin an Inflation Hedge or Currency?", "text": "Providence Financial and Insurance Services Founder Anthony Saccaro shares his bitcoin price outlook, discussing BTC's use as an inflation hedge and a currency while noting its growing correlation with the stock market. Plus, why Goldman Sachs is speculating the possibility of a recession within the next two years and what this means for crypto.", "source_name": "Coindesk", "date": "Wed, 20 Apr 2022 12:00:00 -0400", "topics": [], "sentiment": "Neutral", "type": "Video", "tickers": ["BTC"]}, {"news_url": "https://cointelegraph.com/news/btc-and-eth-will-break-all-time-highs-in-2022-celsius-ceo", "image_url": "https://crypto.snapi.dev/images/v1/u/h/840-ahr0chm6ly9zmy5jb2ludgvszwdyyxbolmnvbs91cgxvywrzlziwmjitmdqvztmwotewzmqtnjc0zc00zde5lwewmzqtngy4yza5mdk1nza0lmpwzw-131345.jpg", "title": "BTC and ETH will break all-time highs in 2022 \u2014 Celsius CEO", "text": "Celsius Network CEO Alex Mashinsky shared his insights on the Bitcoin and Ether markets at Paris Blockchain Week Summit.", "source_name": "Cointelegraph", "date": "Wed, 20 Apr 2022 12:00:00 -0400", "topics": [], "sentiment": "Positive", "type": "Article", "tickers": ["BTC", "ETH"]}, {"news_url": "https://cryptodaily.co.uk/2022/04/btc-usd-trying-to-reverse-recent-malaise-sally-ho-technical-analysis-21-april-2022-btc-bitcoin", "image_url": "https://crypto.snapi.dev/images/v1/3/c/ethereum-id-186b9a46-6926-40c1-a5bb-18950dadcba6-size900-131098-131343.jpg", "title": "BTC/USD Trying to Reverse Recent Malaise: Sally Ho's Technical Analysis 21 April 2022 BTC", "text": "Bitcoin (BTC/USD) worked to retain recent gains early in the Asian session as the pair recently reclaimed the 41000 figure following strong buying activity that emerged around the 38550 level, right around a downside price objective related to selling pressure that strengthened around the 59249.77 area in late 2021.\u00a0 Traders encountered technical resistance around the 41268.44 area during the ascent, representing a test of a downside price objective related to selling pressure that emerged around the 47469.40 and 44000 levels.", "source_name": "Crypto Daily", "date": "Wed, 20 Apr 2022 12:00:00 -0400", "topics": ["tanalysis"], "sentiment": "Positive", "type": "Article", "tickers": ["BTC"]}, {"news_url": "https://www.dcforecasts.com/bitcoin-news/btc-outflows-from-crypto-funds-hit-73m-after-feds-policies/", "image_url": "https://crypto.snapi.dev/images/v1/8/c/bitcoin-crypto-investment-gid-4-131023-131326.jpeg", "title": "BTC Outflows From Crypto Funds Hit $73M After FED's Policies", "text": "The BTC outflows from crypto funds reached $73 million after the recent FED policies and month to date, the outflows total $196 million so let's have a look at today's Bitcoin news. The mix of profit-taking and the new investment products contributed to the net outflow of BTC and across all institutional investment products last [\u2026]", "source_name": "DCForecasts", "date": "Wed, 20 Apr 2022 11:20:25 -0400", "topics": [], "sentiment": "Neutral", "type": "Article", "tickers": ["BTC"]}, {"news_url": "https://investorplace.com/2022/04/ethereum-will-make-new-highs-sooner-rather-than-later/", "image_url": "https://crypto.snapi.dev/images/v1/3/n/nenad-novakovic-l2qb-rg5nm0-unsplash-130768-131325.jpg", "title": "Ethereum Will Make New Highs Sooner Rather Than Later", "text": "Crypto doubters continue to smite the opportunity Ethereum bulls are building, profitable opportunities exist even under tough conditions.", "source_name": "Investorplace", "date": "Wed, 20 Apr 2022 11:18:52 -0400", "topics": [], "sentiment": "Positive", "type": "Article", "tickers": ["ETH"]}, {"news_url": "https://www.cryptopolitan.com/ethereum-price-analysis-2022-04-20/", "image_url": "https://crypto.snapi.dev/images/v1/2/7/ethereum-price-analysis-2022-04-20-131324.png", "title": "Ethereum price analysis: ETH rejected above $3,140, retracement next?\u00a0", "text": "TL;DR Breakdown Ethereum price analysis is bearish today. ETH/USD set another local higher low at $3,080.", "source_name": "Cryptopolitan", "date": "Wed, 20 Apr 2022 11:08:23 -0400", "topics": ["tanalysis"], "sentiment": "Negative", "type": "Article", "tickers": ["ETH"]}, {"news_url": "https://coingape.com/?p=109556", "image_url": "https://crypto.snapi.dev/images/v1/y/l/ethereum-logo-portrait-black-gray-131320.png", "title": "Ethereum Price Prediction: ETH Price Meets 200-day EMA Near $3,150; Time To Hold?", "text": "ETH price erased all the prior gains and retraced lower in the later trading session. ETH Bulls took the charge with the support of good volumes since Monday as a result ETH prices scaled up remarkably.", "source_name": "Coingape", "date": "Wed, 20 Apr 2022 10:51:04 -0400", "topics": [], "sentiment": "Positive", "type": "Article", "tickers": ["ETH"]}, {"news_url": "https://insidebitcoins.com/news/bitcoin-price-prediction-for-today-april-20-btc-usd-recovers-above-42000", "image_url": "https://crypto.snapi.dev/images/v1/e/g/bitcoin3-e1649222892640-131192-131318.jpeg", "title": "Bitcoin Price Prediction for Today April 20: BTC/USD Recovers Above $42,000", "text": "The Bitcoin price prediction is currently trading above the 9-day moving average after the first digital asset recovers from $41,000. BTC/USD Long-term Trend: Ranging (Daily [.", "source_name": "Inside Bitcoins", "date": "Wed, 20 Apr 2022 10:46:37 -0400", "topics": ["tanalysis"], "sentiment": "Positive", "type": "Article", "tickers": ["BTC"]}, {"news_url": "https://u.today/ripple-ceo-speaks-out-against-polarization-in-crypto?SNAPI", "image_url": "https://crypto.snapi.dev/images/v1/d/d/8938-131316.jpg", "title": "Ripple CEO Speaks Out Against Polarization in Crypto", "text": "Ripple CEO Brad Garlinghouse believes that maximalism is harmful for the cryptocurrency industry", "source_name": "UToday", "date": "Wed, 20 Apr 2022 10:44:00 -0400", "topics": [], "sentiment": "Neutral", "type": "Article", "tickers": ["XRP"]}, {"news_url": "https://coinpedia.org/bitcoin/ideal-time-for-traders-to-buy-bitcoin/", "image_url": "https://crypto.snapi.dev/images/v1/p/q/bitcoin-btcanalysis-struggle-131068-131310.jpg", "title": "Ideal Time For Traders To Buy Bitcoin, BTC Price Might Hit $45k In Coming Week", "text": "For two days Bitcoin is experiencing a winning streak in these two days Bitcoin price has gained more than 2%. When we look at month-to-date the world's largest cryptocurrency is down by more than 9% and off by more than 10% when we see year-to-date. As of today, the flagship currency has successfully regained the \u2026", "source_name": "CoinPedia", "date": "Wed, 20 Apr 2022 10:36:00 -0400", "topics": [], "sentiment": "Positive", "type": "Article", "tickers": ["BTC"]}, {"news_url": "https://news.bitcoin.com/bitcoin-ethereum-technical-analysis-eth-breaks-resistance-to-hit-9-day-high/", "image_url": "https://crypto.snapi.dev/images/v1/q/g/shutterstock-1068566612-131309.jpg", "title": "Bitcoin, Ethereum Technical Analysis: ETH Breaks Resistance to Hit 9-Day High", "text": "Bitcoin and ETH both rose to nine-day highs on Wednesday, as bulls continued to push prices higher following yesterday's rebound. BTC moved into the $42,000 level after breaking a key resistance point, while ETH also climbed beyond its own ceiling of $3,150. Bitcoin BTC rose for a third session on Wednesday, as bulls continued to [\u2026]", "source_name": "Bitcoin", "date": "Wed, 20 Apr 2022 10:34:15 -0400", "topics": ["tanalysis"], "sentiment": "Positive", "type": "Article", "tickers": ["BTC", "ETH"]}, {"news_url": "https://coinfomania.com/ripple-ceo-bitcoin-maximalism-taking-crypto-backward/", "image_url": "https://crypto.snapi.dev/images/v1/b/e/best-cryptocurrencies-to-buy-now-131102-131315.jpg", "title": "Ripple CEO Claims Bitcoin Maximalism is Taking Crypto Backward", "text": "Ripple CEO Brad Garlinghouse revealed in a recent interview with CNBC that tribalism around Bitcoin (BTC) and other cryptocurrencies is hindering the growth of the entire crypto industry. Garlinghouse: Bitcoin Tribalism Is Not Healthy According to Garlinghouse, tribalism is not healthy and he believes that holding a particular digital asset will not hamper the growth of another and that all can grow.", "source_name": "Coinfomania", "date": "Wed, 20 Apr 2022 10:34:11 -0400", "topics": [], "sentiment": "Negative", "type": "Article", "tickers": ["BTC"]}, {"news_url": "https://finbold.com/bitcoin-is-on-track-to-revisit-45000-or-even-50000-says-crypto-trading-expert/?SNAPI", "image_url": "https://crypto.snapi.dev/images/v1/s/h/bitcoin-is-on-track-to-revisit-45000-or-even-50000-says-crypto-trading-expert-131307.jpg", "title": "Bitcoin is on track to revisit $45,000 or even $50,000, says crypto trading expert", "text": "Bitcoin (BTC) returned to trade in the green on Wednesday, April 20, after previously trading in the red for the.", "source_name": "Finbold", "date": "Wed, 20 Apr 2022 10:31:48 -0400", "topics": [], "sentiment": "Positive", "type": "Article", "tickers": ["BTC"]}, {"news_url": "https://tokenpost.com/Australias-first-Bitcoin-EFT-to-launch-next-week-9584", "image_url": "https://crypto.snapi.dev/images/v1/t/k/20220420237e111c127e3723b-131327.jpg", "title": "Australia's first Bitcoin EFT to launch next week", "text": "Australian financial regulators have finally greenlit the countrys first Bitcoin (BTC) exchange-traded fund (ETF), which is scheduled to start trading next week. Some estimate that the new product could lure in as much as $1 billion in investments.", "source_name": "Tokenpost", "date": "Wed, 20 Apr 2022 10:24:26 -0400", "topics": [], "sentiment": "Positive", "type": "Article", "tickers": ["BTC"]}, {"news_url": "https://cryptobriefing.com/polygon-eyes-breakout/?utm_source=main_feed&utm_medium=rss", "image_url": "https://crypto.snapi.dev/images/v1/5/0/kyber-heads-to-polygon-cover-838x440-131317.png", "title": "Ethereum's Top Scaling Solution Is Eyeing a Breakout", "text": "Whales have been accumulating MATIC, which could help the token stage a bullish breakout.\u00a0\u00a0", "source_name": "Crypto Briefing", "date": "Wed, 20 Apr 2022 10:15:07 -0400", "topics": [], "sentiment": "Positive", "type": "Article", "tickers": ["ETH"]}, {"news_url": "https://cointelegraph.com/news/btc-price-hits-10-day-high-as-trader-says-42k-is-where-bitcoin-gets-interesting", "image_url": "https://crypto.snapi.dev/images/v1/m/s/840-ahr0chm6ly9zmy5jb2ludgvszwdyyxbolmnvbs91cgxvywrzlziwmjitmdqvmdiynjk2ntitytjlzi00yzywlthkyjutothlm2nln2nmmzbilmpwzw-131282.jpg", "title": "BTC price hits 10-day high as trader says $42K is where Bitcoin 'gets interesting'", "text": "Brisk gains encounter resistance at $42,000, but stock markets may be to blame.", "source_name": "Cointelegraph", "date": "Wed, 20 Apr 2022 10:07:42 -0400", "topics": [], "sentiment": "Positive", "type": "Article", "tickers": ["BTC"]}, {"news_url": "https://beincrypto.com/the-bitcoin-lightning-network-blazes-a-trail-to-a-bright-future/", "image_url": "https://crypto.snapi.dev/images/v1/9/j/1-million-holders-36-130532-130937-131304.png", "title": "Bitcoin Lightning Network Blazes a Trail to a Bright Future", "text": "The Bitcoin Lightning Network has reported a doubling in unique channels and a 400% increase in payment volume, according to a report. The post Bitcoin Lightning Network Blazes a Trail to a Bright Future appeared first on BeInCrypto.", "source_name": "BeInCrypto", "date": "Wed, 20 Apr 2022 10:00:00 -0400", "topics": [], "sentiment": "Positive", "type": "Article", "tickers": ["BTC"]}, {"news_url": "https://cryptoticker.io/en/bitcoin-reach-50000-heres-your-answer/", "image_url": "https://crypto.snapi.dev/images/v1/8/b/kanchanara-drgxo-ujt2u-unsplash-2-129618-130007-130594-131272.jpg", "title": "Bitcoin reach $50,000? $100,000? $200,000?", "text": "The question remains as to what to specifically expect from a future Bitcoin. Can Bitcoin reach 50000?", "source_name": "CryptoTicker", "date": "Wed, 20 Apr 2022 09:42:53 -0400", "topics": [], "sentiment": "Neutral", "type": "Article", "tickers": ["BTC"]}, {"news_url": "https://decrypt.co/98273/bitcoin-ethereum-stage-rebound-as-defi-protocols-aave-luna-rally", "image_url": "https://crypto.snapi.dev/images/v1/b/m/shutterstock-778670602-gid-5-131274.jpg", "title": "Bitcoin, Ethereum Stage Rebound as DeFi Protocols AAVE, LUNA Rally", "text": "Bitcoin and Ethereum, the two largest cryptocurrencies by market cap, recovered 3% this morning after starting the week in free fall.", "source_name": "Decrypt", "date": "Wed, 20 Apr 2022 09:42:21 -0400", "topics": [], "sentiment": "Positive", "type": "Article", "tickers": ["AAVE", "BTC", "ETH", "LUNA"]}, {"news_url": "https://ambcrypto.com/bitcoin-a-new-kind-of-low-after-btcs-correlation-with-tech-stock-hits-fever-pitch/", "image_url": "https://crypto.snapi.dev/images/v1/0/g/ruben-hanssen-ekpm4gsykpm-unsplash-2-1-131269.jpg", "title": "Bitcoin: A new kind of \u2018low' after BTC's correlation with tech stock hits fever pitch\u00a0", "text": "After days of clinging to the $40k mark for dear life, it appears that Bitcoin is finally making a recovery. As if on cue, most of the top 30 cryptos also found their way into greener pastures.", "source_name": "AMBCrypto", "date": "Wed, 20 Apr 2022 09:30:06 -0400", "topics": [], "sentiment": "Neutral", "type": "Article", "tickers": ["BTC"]}, {"news_url": "https://news.bitcoin.com/makerdao-plans-to-integrate-ethereum-l2-solution-starknet-to-lower-dai-transaction-costs/", "image_url": "https://crypto.snapi.dev/images/v1/q/z/shutterstock-1205994289-131270.jpg", "title": "Makerdao Plans to Integrate Ethereum L2 Solution Starknet to Lower DAI Transaction Costs", "text": "The decentralized finance (defi) project Makerdao has announced its plans to support the zero-knowledge (ZK) rollup solution Starknet in order to make DAI transactions faster and network costs cheaper. Starknet will be integrated into the defi protocol on April 28, 2022, as part of Makerdao's multichain strategy expansion. Makerdao's Multichain Strategy Expansion Grows With Starknet [\u2026]", "source_name": "Bitcoin", "date": "Wed, 20 Apr 2022 09:30:04 -0400", "topics": ["stablecoins"], "sentiment": "Positive", "type": "Article", "tickers": ["ETH", "MKR"]}, {"news_url": "https://www.trustnodes.com/2022/04/20/bitcoin-crosses-42000", "image_url": "https://crypto.snapi.dev/images/v1/f/l/bitcoin3-e1649222892640-129554-130102-130415-130728-131268.jpeg", "title": "Bitcoin Crosses $42,000", "text": "Bitcoin has risen above $42,000 following an Easters dip that briefly sent it down to $38,500. That's still a higher low since January 24th as the crypto attempts to recover.", "source_name": "Trustnodes", "date": "Wed, 20 Apr 2022 09:28:39 -0400", "topics": ["paywall"], "sentiment": "Positive", "type": "Article", "tickers": ["BTC"]}, {"news_url": "https://cryptopotato.com/following-the-2-day-spike-to-42k-is-local-bottom-confirmed-bitcoin-price-analysis/", "image_url": "https://crypto.snapi.dev/images/v1/k/g/bitcoin19-0-130145-130744-131267.jpg", "title": "Following the 2-Day Spike to $42K, Is Local Bottom Confirmed? (Bitcoin Price Analysis)", "text": "Last week, the 50-day and 100-day moving average lines went through a bullish crossover, but instead of holding the price, Bitcoin sharply dropped to lower levels. The good news is that the price quickly recovered, and even broke above the 100-day moving average, currently facing the crucial 50-day moving average line.", "source_name": "CryptoPotato", "date": "Wed, 20 Apr 2022 09:24:33 -0400", "topics": ["tanalysis"], "sentiment": "Positive", "type": "Article", "tickers": ["BTC"]}, {"news_url": "https://thecurrencyanalytics.com/bitcoin/russia-is-bringing-the-benefits-of-non-custodial-wallets-for-bitcoin-btc-holders-to-limelight-40993.php", "image_url": "https://crypto.snapi.dev/images/v1/o/w/russia-is-bringing-the-benefits-of-non-custodial-wallets-for-bitcoin-btc-holders-to-limelight-131265.jpg", "title": "Russia Is Bringing the Benefits of Non-Custodial Wallets For Bitcoin (BTC) holders to Limelight", "text": "Catch up on the latest crypto market news at The Currency Analytics. The news about Russia putting an end to non-custodial wallets is only going to be bullish for cryptocurrency holders.", "source_name": "The Currency Analytics", "date": "Wed, 20 Apr 2022 09:08:01 -0400", "topics": [], "sentiment": "Positive", "type": "Article", "tickers": ["BTC"]}, {"news_url": "https://cryptopotato.com/the-indicator-that-predicted-historical-bitcoin-price-corrections-flashed-again/", "image_url": "https://crypto.snapi.dev/images/v1/g/8/bitcoin-dark-cover-131258.jpg", "title": "The Indicator That Predicted Historical Bitcoin Price Corrections Flashed Again", "text": "The declining BTC network activity could lead to another price drop for the asset, argued analysts from CryptoQuant.", "source_name": "CryptoPotato", "date": "Wed, 20 Apr 2022 08:54:01 -0400", "topics": [], "sentiment": "Negative", "type": "Article", "tickers": ["BTC"]}, {"news_url": "https://www.youtube.com/watch?v=4e14HQepvH8", "image_url": "https://crypto.snapi.dev/images/v1/8/q/pexels-karolina-grabowska-5980567-131079-131259.jpg", "title": "What's Driving UST and LUNA's Rise? Bitcoin Volatility Hits 17-Month Low", "text": "Terra's LUNA has outperformed the wider crypto market with an over 20% bump over the past two days, pushing prices to over $96. Law Professor Ryan Clements of the University of Calgary joins \"First Mover\" to share his thoughts about LUNA coin's rise.", "source_name": "Coindesk", "date": "Wed, 20 Apr 2022 08:46:45 -0400", "topics": [], "sentiment": "Positive", "type": "Video", "tickers": ["BTC", "LUNA"]}, {"news_url": "https://www.fool.com/investing/2022/04/20/can-solana-reach-1000/", "image_url": "https://crypto.snapi.dev/images/v1/s/o/solana-price-analysis-2022-01-30-119406-121181-123197-126112-131254.png", "title": "Can Solana Reach $1,000?", "text": "It's all about the digital economy for Solana.", "source_name": "The Motley Fool", "date": "Wed, 20 Apr 2022 08:45:00 -0400", "topics": [], "sentiment": "Neutral", "type": "Article", "tickers": ["SOL"]}, {"news_url": "https://cryptoverze.com/here-comes-bitcoin-backed-mortgages/", "image_url": "https://crypto.snapi.dev/images/v1/r/z/bitcoin20h20d-id-b1adbe4f-05c1-4a02-ae5c-88dcdc44166a-size900-131087-131251.jpg", "title": "Here comes Bitcoin-Backed Mortgages", "text": "Bitcoin may soon be used as collateral for home purchases as crypto startups try to crack the $2.6 trillion mortgage market. In March, a startup company called Milo offered mortgages backed by cryptocurrency. CEO Josip Rupena told Barron's that the company has pre-approved more than 700 potential borrowers and made between $5 million to $10...", "source_name": "Cryptoverze", "date": "Wed, 20 Apr 2022 08:42:46 -0400", "topics": [], "sentiment": "Neutral", "type": "Article", "tickers": ["BTC"]}, {"news_url": "https://www.newsbtc.com/news/bitcoin-bounces-back-past-40000/", "image_url": "https://crypto.snapi.dev/images/v1/b/l/bitcoin-5-131248.jpg", "title": "Bitcoin Bounces Back Past $40,000, But May Struggle To Maintain Position", "text": "Bitcoin managed to recover from the $38K price zone and is now trading over the $40K mark, indicating that the bulls have made a rally against the bears. Though the largest cryptocurrency in terms of market capitalization has lost 10% in the last two weeks, BTC is gradually recovering.", "source_name": "NewsBTC", "date": "Wed, 20 Apr 2022 08:32:56 -0400", "topics": [], "sentiment": "Positive", "type": "Article", "tickers": ["BTC"]}, {"news_url": "https://bitcoinmagazine.com/markets/australias-first-spot-bitcoin-etf-to-launch-next-week", "image_url": "https://crypto.snapi.dev/images/v1/i/g/bitcoin-price-surge-may-not-be-trade-war-but-whales-131241.jpg", "title": "Australia's First Spot Bitcoin ETF To Launch Next Week", "text": "21Shares is set to become the first issuer to launch a spot bitcoin ETF in Australia after Cosmos announced its de-facto fund of funds.", "source_name": "Bitcoin Magazine", "date": "Wed, 20 Apr 2022 08:16:10 -0400", "topics": [], "sentiment": "Positive", "type": "Article", "tickers": ["BTC"]}, {"news_url": "https://www.fool.com/investing/2022/04/20/why-ethereums-merge-delay-is-terrible-news/", "image_url": "https://crypto.snapi.dev/images/v1/e/t/ethereum-6-130721-131243.jpg", "title": "Why Ethereum's \"Merge\" Delay Is Terrible News", "text": "The \"merge\" is supposed to bring much-needed upgrades like lower costs and faster speeds to the Ethereum blockchain.", "source_name": "The Motley Fool", "date": "Wed, 20 Apr 2022 08:15:00 -0400", "topics": [], "sentiment": "Negative", "type": "Article", "tickers": ["ETH"]}, {"news_url": "https://www.trustnodes.com/2022/04/20/ethereum-second-layers-take-the-stage", "image_url": "https://crypto.snapi.dev/images/v1/z/w/all-eth-l2s-in-one-stage-amsterdam-2022-131240.jpg", "title": "Ethereum Second Layers Take the Stage", "text": "All prominent ethereum second layer (L2) projects have gathered in one stage for the first time in Amsterdam at an ongoing two-day technical conference dedicated to Ethereum L2 Scaling. Representatives.", "source_name": "Trustnodes", "date": "Wed, 20 Apr 2022 08:14:23 -0400", "topics": ["paywall"], "sentiment": "Neutral", "type": "Article", "tickers": ["ETH"]}, {"news_url": "https://finbold.com/heres-why-bitcoin-is-a-solution-to-inflation-according-to-m-saylor/?SNAPI", "image_url": "https://crypto.snapi.dev/images/v1/c/m/heres-why-bitcoin-is-a-solution-to-inflation-according-to-m-saylor-131237.jpg", "title": "Here's why Bitcoin is a solution to inflation, according to M. Saylor", "text": "Michael Saylor is a well-known proponent of Bitcoin (BTC), and one of his primary reasons in support of the flagship.", "source_name": "Finbold", "date": "Wed, 20 Apr 2022 08:07:35 -0400", "topics": [], "sentiment": "Neutral", "type": "Article", "tickers": ["BTC"]}, {"news_url": "https://beincrypto.com/bitcoins-30-day-correlation-to-tech-stocks-reaches-july-2020-highs/", "image_url": "https://crypto.snapi.dev/images/v1/d/1/13940-1-131097-131245.jpg", "title": "Bitcoin's 30-Day Correlation to Tech Stocks Reaches July 2020 Highs", "text": "Bitcoin's 30-day correlation with tech stocks has climbed to its highest point since Jul 2020, and its correlation to the S&P 500 is also at high levels. The post Bitcoin's 30-Day Correlation to Tech Stocks Reaches July 2020 Highs appeared first on BeInCrypto.", "source_name": "BeInCrypto", "date": "Wed, 20 Apr 2022 08:00:00 -0400", "topics": [], "sentiment": "Positive", "type": "Article", "tickers": ["BTC"]}, {"news_url": "https://cryptonews.com/news/bitcoin-and-ethereum-keep-inching-higher-sol-and-luna-accelerate.htm", "image_url": "https://crypto.snapi.dev/images/v1/6/b/btc-130575-131230.png", "title": "Bitcoin and Ethereum Keep Inching Higher, SOL and LUNA Accelerate", "text": "Bitcoin price gained pace for a move above USD 41,500 and is currently (11:47 UTC) testing the USD 42,000 level. BTC is up over 3% in a day and 4% in a week.", "source_name": "Cryptonews", "date": "Wed, 20 Apr 2022 07:59:00 -0400", "topics": [], "sentiment": "Positive", "type": "Article", "tickers": ["BTC", "ETH", "LUNA", "SOL"]}, {"news_url": "https://ambcrypto.com/sec-v-ripple-how-did-agencys-estabrook-notes-win-affect-xrp/", "image_url": "https://crypto.snapi.dev/images/v1/4/z/nicolas-j-leclercq-1jkipika8fc-unsplash-131209.jpg", "title": "SEC v. Ripple \u2013 How did agency's \u2018Estabrook Notes' win affect XRP", "text": "Ripple Labs, the San Francisco-based fintech firm, has maintained its offensive attacks against the SEC amidst the ongoing lawsuit. However, it might be time for its supporters to put some hard brakes on that \u201cwinning\u201d sentiment.", "source_name": "AMBCrypto", "date": "Wed, 20 Apr 2022 07:30:39 -0400", "topics": ["regulations"], "sentiment": "Neutral", "type": "Article", "tickers": ["XRP"]}, {"news_url": "https://cryptobriefing.com/optimism-about-drop-token-ethereum/?utm_source=main_feed&utm_medium=rss", "image_url": "https://crypto.snapi.dev/images/v1/e/t/ethereaumexecutium-jduhqmpy8q0-unsplash-130961-131227.jpg", "title": "Is Optimism About to Drop a Token on Ethereum?", "text": "The network has said its next chapter will be driven by \u201ccommunity ownership and governance.\u201d", "source_name": "Crypto Briefing", "date": "Wed, 20 Apr 2022 07:30:02 -0400", "topics": [], "sentiment": "Positive", "type": "Article", "tickers": ["ETH"]}, {"news_url": "https://coinpedia.org/price-analysis/third-largest-bitcoin-whales-switches-to-accumulation-mode-is-this-the-right-time-to-stack-btc/", "image_url": "https://crypto.snapi.dev/images/v1/t/i/op-ed-in-defense-of-bitcoin-a-response-to-nouriel-roubini-131043-131206.jpg", "title": "Third-Largest Bitcoin Whale Switches to Accumulation Mode! Is This the Right Time to Stack BTC?", "text": "Bitcoin (BTC) Price May Smash a New ATH Soon! Bitcoin nowadays is keeping the crypto-verse very inquisitive with its sudden trend reversals. Yes, the star crypto still maintains its trend within the healthy ranges and displays significant changes of materializing a strong uptrend very soon. Interestingly, the BTC price after quite a long time is \u2026", "source_name": "CoinPedia", "date": "Wed, 20 Apr 2022 07:21:31 -0400", "topics": ["whales"], "sentiment": "Neutral", "type": "Article", "tickers": ["BTC"]}, {"news_url": "https://www.cryptopolitan.com/solana-price-analysis-2022-04-20/", "image_url": "https://crypto.snapi.dev/images/v1/n/r/sol-3-131204.jpg", "title": "Solana price analysis: SOL moves positively towards $110", "text": "TL;DR Breakdown Solana price analysis is bullish today. The strongest resistance is present at $137.8.", "source_name": "Cryptopolitan", "date": "Wed, 20 Apr 2022 07:18:59 -0400", "topics": ["tanalysis"], "sentiment": "Positive", "type": "Article", "tickers": ["SOL"]}, {"news_url": "https://markets.businessinsider.com/news/currencies/bitcoin-lovers-tribalism-hurting-crypto-industry-ripple-ceo-brad-garlinghouse-2022-4", "image_url": "https://crypto.snapi.dev/images/v1/2/9/6238c4f8d199330018a35d2cformatjpeg-131163.jpg", "title": "Bitcoin lovers' 'tribalism' is hurting the whole crypto industry and keeping regulators on the case, Ripple CEO says", "text": "Bitcoin maximalism has led to fractured representation when it comes to lobbying US lawmakers, Brad Garlinghouse said.", "source_name": "Business Insider", "date": "Wed, 20 Apr 2022 07:06:00 -0400", "topics": ["regulations"], "sentiment": "Negative", "type": "Article", "tickers": ["BTC"]}, {"news_url": "https://coinpedia.org/bitcoin/bitcoin-bull-run-is-temporary/", "image_url": "https://crypto.snapi.dev/images/v1/l/k/crypto4-131202.jpg", "title": "Bitcoin (BTC) Price Regains $41,500 Level! But This Bull Run Is Only Temporary, Here Is Why", "text": "Bullish Bitcoin! Today, April 20, Bitcoin has acquired the $41,500 level after facing the deep bottom where the price even saw dropping to $38,000 in the week. This strong performance and the consistent price gains are surely pointing toward a fresh bull run in the coming days. After almost a one-month low, Bitcoin has bounced \u2026", "source_name": "CoinPedia", "date": "Wed, 20 Apr 2022 07:05:16 -0400", "topics": [], "sentiment": "Positive", "type": "Article", "tickers": ["BTC"]}, {"news_url": "https://cryptonews.com/news/bitcoin-tribalism-hurts-entire-market-ripple-ceo-says.htm", "image_url": "https://crypto.snapi.dev/images/v1/o/l/586e55cda0-131199.jpg", "title": "Bitcoin & Crypto \u2018Tribalism' Hurts Entire Market, Ripple CEO Says", "text": "The \u201ctribalism\u201d that has formed around bitcoin (BTC) and other cryptoassets is becoming a problem for the entire crypto market, according to Brad Garlinghouse, CEO of the XRP-affiliated American fintech firm Ripple.", "source_name": "Cryptonews", "date": "Wed, 20 Apr 2022 07:01:00 -0400", "topics": [], "sentiment": "Negative", "type": "Article", "tickers": ["BTC"]}, {"news_url": "https://coingape.com/?p=109440", "image_url": "https://crypto.snapi.dev/images/v1/r/e/bitcoin3-e1649222892640-131192.jpeg", "title": "Bitcoin (BTC) Realized Price Near 200-Week Moving Avg, What's Next?", "text": "Bitcoin (BTC) is currently moving sideways near the $41,000 level after rebounding from the strong support level in the last two days. With Bitcoin investors being skeptical over whether to buy at current levels or wait for a further dip, PlanB, the creator of the popular Stock-to-Flow (S2F) model, noted that the token's realized price The post Bitcoin (BTC) Realized Price Near 200-Week Moving Avg, What's Next?", "source_name": "Coingape", "date": "Wed, 20 Apr 2022 06:48:43 -0400", "topics": [], "sentiment": "Neutral", "type": "Article", "tickers": ["BTC"]}, {"news_url": "https://www.dcforecasts.com/bitcoin-news/first-btc-and-eth-etfs-will-soon-debut-in-australia-report/", "image_url": "https://crypto.snapi.dev/images/v1/o/w/shutterstock-6972713861-gid-5-129669-130181-130742-131188.jpg", "title": "First BTC And ETH ETFs Will Soon Debut In Australia: Report", "text": "The first BTC and ETH ETFs will soon debut in Australia while US investors are still waiting for the SEC to approve one so let's read more in our latest Crypto news. The ETFs 21Shares Bitcoin ETF and ETFs 21Shares ETH NFT will track the crypto prices in Australian dollars.", "source_name": "DCForecasts", "date": "Wed, 20 Apr 2022 06:35:14 -0400", "topics": [], "sentiment": "Positive", "type": "Article", "tickers": ["BTC", "ETH"]}, {"news_url": "https://investorplace.com/2022/04/4-robinhood-cryptos-to-buy-now-that-you-can-comp-matic-shib-sol/", "image_url": "https://crypto.snapi.dev/images/v1/c/r/crypto3-131216.jpg", "title": "4 Robinhood Cryptos to Buy Now That You Can", "text": "As the global crypto market now exceeds trading on the New York Stock Exchange, you can't afford to ignore these new Robinhood cryptos.", "source_name": "Investorplace", "date": "Wed, 20 Apr 2022 06:30:43 -0400", "topics": [], "sentiment": "Positive", "type": "Article", "tickers": ["COMP", "MATIC", "SHIB", "SOL"]}, {"news_url": "https://www.dcforecasts.com/bitcoin-news/imf-warned-russia-can-use-btc-mining-to-evade-sanctions/", "image_url": "https://crypto.snapi.dev/images/v1/h/o/moscow-red-square-russia-travel-vacation-6a3958-1024-131176.jpg", "title": "IMF Warned Russia Can Use BTC Mining To Evade Sanctions", "text": "IMF warned Russia can use BTC mining in order to avoid sanctions because the country has significant energy resources to put towards mining as per the report that we have today in our latest cryptocurrency news. The International Monetary Fund \u2013 IMF Warned Russia can use BTC mining to evade sanctions that were levied in [\u2026]", "source_name": "DCForecasts", "date": "Wed, 20 Apr 2022 06:26:48 -0400", "topics": ["mining"], "sentiment": "Neutral", "type": "Article", "tickers": ["BTC"]}, {"news_url": "https://bitcoinist.com/60-minutes-overtime-the-bitcoin-beach-wallet/", "image_url": "https://crypto.snapi.dev/images/v1/t/g/60minutesovertime-578x420-131170.png", "title": "National TV Exposure: \u201c60 Minutes Overtime,\u201d About The Bitcoin Beach Wallet", "text": "As it turns out, the \u201c60 Minutes\u201d report on Bitcoin Beach that we recently covered had a hidden segment. The title is \u201cThe tech behind the Bitcoin Beach Wallet,\u201d and the \u201c60 Minutes\u201d website describes it as \u201cA small town in El Salvador is fostering a Bitcoin economy, in part, because the technology meets local [\u2026]", "source_name": "Bitcoinist", "date": "Wed, 20 Apr 2022 06:19:17 -0400", "topics": [], "sentiment": "Neutral", "type": "Article", "tickers": ["BTC"]}, {"news_url": "https://finbold.com/ripple-ceo-tribalism-around-bitcoin-is-pulling-back-the-crypto-industry/?SNAPI", "image_url": "https://crypto.snapi.dev/images/v1/i/p/ripple-ceo-22tribalism22-around-bitcoin-is-pulling-back-the-crypto-industry-131167.jpg", "title": "Ripple CEO: \u201cTribalism\u201d around Bitcoin is pulling back the crypto industry", "text": "CEO of blockchain firm Ripple has stated that the \u201ctribalism\u201d around Bitcoin and other cryptocurrencies is preventing the whole space.", "source_name": "Finbold", "date": "Wed, 20 Apr 2022 06:15:19 -0400", "topics": [], "sentiment": "Negative", "type": "Article", "tickers": ["BTC"]}, {"news_url": "https://thenewscrypto.com/despite-recent-volatility-bitcoin-btc-prices-trading-at-yearly-average/?SNAPI", "image_url": "https://crypto.snapi.dev/images/v1/2/w/whatsapp-image-2022-04-02-at-41431-pm-131166.jpeg", "title": "Despite Recent Volatility Bitcoin (BTC) Prices Trading at Yearly Average", "text": "Coinglass data also reveals that the majority of tokens have negative financing rates. The price of Bitcoin has increased by", "source_name": "TheNewsCrypto", "date": "Wed, 20 Apr 2022 06:15:00 -0400", "topics": [], "sentiment": "Negative", "type": "Article", "tickers": ["BTC"]}, {"news_url": "https://invezz.com/news/2022/04/20/can-the-nba-nft-collection-boost-eth-value/", "image_url": "https://crypto.snapi.dev/images/v1/e/t/ethereum-is-making-preparations-for-another-rally-740x416-131180.jpg", "title": "Can the NBA NFT collection boost ETH value?", "text": "Ethereum ETH/USD is the second-largest cryptocurrency in terms of market capitalization as well as overall adoption. Due to its smart-contract functionality, Ethereum is one of the first blockchain networks to be truly adapted for the development of decentralized applications (dApps) as well as non-fungible tokens (NFTs). All of this has contributed to the growth of [\u2026] The post Can the NBA NFT collection boost ETH value? appeared first on Invezz.", "source_name": "Invezz", "date": "Wed, 20 Apr 2022 06:14:14 -0400", "topics": ["NFT"], "sentiment": "Positive", "type": "Article", "tickers": ["ETH"]}, {"news_url": "https://cryptopotato.com/ripple-ceo-bitcoin-tribalism-holds-the-entire-crypto-market-back/", "image_url": "https://crypto.snapi.dev/images/v1/l/y/bradgarlinghouse2-min-131157.jpg", "title": "Ripple CEO: Bitcoin Tribalism Holds the Entire Crypto Market Back", "text": "Investors should not be bitcoin maximalists but diversify with other assets as \"all boats can rise,\" opined Brad Garlinghouse.", "source_name": "CryptoPotato", "date": "Wed, 20 Apr 2022 05:44:38 -0400", "topics": [], "sentiment": "Negative", "type": "Article", "tickers": ["BTC"]}, {"news_url": "https://cryptoslate.com/5-innovative-bitcoin-privacy-wallets-in-2022/", "image_url": "https://crypto.snapi.dev/images/v1/9/f/bitcoin-privacy-131154.jpg", "title": "5 innovative Bitcoin privacy wallets in 2022", "text": "Bitcoin wallets are necessary tools for purchasing, trading, and selling Bitcoin and other cryptocurrencies. The post 5 innovative Bitcoin privacy wallets in 2022 appeared first on CryptoSlate.", "source_name": "CryptoSlate", "date": "Wed, 20 Apr 2022 05:31:17 -0400", "topics": [], "sentiment": "Positive", "type": "Article", "tickers": ["BTC"]}, {"news_url": "https://cointelegraph.com/news/bitcoin-buy-signal-excites-as-dollar-gold-extend-losses-btc-price-heads-past-41-5k", "image_url": "https://crypto.snapi.dev/images/v1/l/1/840-ahr0chm6ly9zmy5jb2ludgvszwdyyxbolmnvbs91cgxvywrzlziwmjitmdqvyjg2mjgznwutmtq1yy00mgvmlwi3mtmtnzk5mdjjzgy3ymu0lmpwzw-131155.jpg", "title": "Bitcoin 'buy' signal excites as dollar, gold extend losses, BTC price heads past $41.5K", "text": "Nothing stands in the way of Bitcoin's latest renaissance, even as gold tumbles and the U.S. dollar checks its progress.", "source_name": "Cointelegraph", "date": "Wed, 20 Apr 2022 05:28:53 -0400", "topics": [], "sentiment": "Positive", "type": "Article", "tickers": ["BTC"]}, {"news_url": "https://www.cryptopolitan.com/polkadot-price-analysis-2022-04-20/", "image_url": "https://crypto.snapi.dev/images/v1/k/z/dot-2-300x153-1-131151.jpg", "title": "Polkadot price analysis: DOT gains value at $19.06", "text": "TL;DR Breakdown Polkadot price analysis shows a bullish trend DOT prices have increased by 5.54 percent Current resistance for DOT prices is seen at the $20 level Recent Polkadot price.", "source_name": "Cryptopolitan", "date": "Wed, 20 Apr 2022 05:24:02 -0400", "topics": ["tanalysis"], "sentiment": "Positive", "type": "Article", "tickers": ["DOT"]}, {"news_url": "https://coinpedia.org/ripple/xrp-primed-for-a-10-downswing-court-denies-ripples-motion-to-quash-secs-experts-report/", "image_url": "https://crypto.snapi.dev/images/v1/l/b/crypto19-131143.jpg", "title": "XRP Primed for a 10% Downswing! Court Denies Ripple's Motion to Quash SEC's Expert's Report!", "text": "Judge NetBurn Allows SEC to Re-Depose An SEC expert, Dr Albert Metz had concluded earlier that Ripple Lab is able to influence the XRP price with various announcements and news. And hence SEC is now keen on the report filed by the expert that can tackle the company. Therefore, Ripple had filed a motion to \u2026", "source_name": "CoinPedia", "date": "Wed, 20 Apr 2022 05:21:52 -0400", "topics": ["regulations"], "sentiment": "Neutral", "type": "Article", "tickers": ["XRP"]}, {"news_url": "https://dailyhodl.com/2022/04/20/quant-analyst-plan-b-says-bitcoin-currently-presenting-best-opportunity-for-bulls-in-entire-history-of-btc/", "image_url": "https://crypto.snapi.dev/images/v1/y/l/entire-history-of-btcjpgw1024-131140.jpg", "title": "Quant Analyst Plan B Says Bitcoin Currently Presenting Best Opportunity for Bulls in Entire History of BTC", "text": "The pseudonymous crypto analyst Plan B says that, barring a black swan event, all the indicators point to a bright future for Bitcoin (BTC) in the coming months. In a YouTube interview with Blockware Intelligence, the quantitative analyst lays out the case for why he thinks numerous Bitcoin metrics look so positive. \u201cAt the risk [\u2026] The post Quant Analyst Plan B Says Bitcoin Currently Presenting Best Opportunity for Bulls in Entire History of BTC appeared first on The Daily Hodl.", "source_name": "The Daily Hodl", "date": "Wed, 20 Apr 2022 05:15:35 -0400", "topics": [], "sentiment": "Positive", "type": "Article", "tickers": ["BTC"]}, {"news_url": "https://blockchain.news/news/solana-based-defi-protocol-delta-one-raises-9.1m-in-seed-funding", "image_url": "https://crypto.snapi.dev/images/v1/d/g/b90940862bc10eb3c84dce032c9a2e0736309db50e8bdac6b379cf230508d348-131139.jpg", "title": "Solana-based Defi Protocol Delta One Raises $9.1M in Seed Funding", "text": "Defi protocol Delta One on the Solana blockchain has announced that it has raised $9.1 million in a seed round led by Alameda Research and Ship Capital.", "source_name": "Blockchain News", "date": "Wed, 20 Apr 2022 05:15:00 -0400", "topics": [], "sentiment": "Positive", "type": "Article", "tickers": ["SOL"]}, {"news_url": "https://coinpedia.org/altcoin/time-for-traders-to-short-sol-near-dao/", "image_url": "https://crypto.snapi.dev/images/v1/w/6/crypto12-129030-131134.jpg", "title": "Time For Traders To Short SOL, NEAR & DAO! Watch These Potential Low Levels", "text": "The cryptocurrency market is waving green. Bitcoin has reclaimed the $41,000 level after yesterday's $40,000 claim. Barring USDC, XRP, TerraUSd, and a few others, every other cryptocurrency is experiencing a bull run. With this, the global cryptocurrency market has surged by 1.42% over the last 24hrs trading at $1.92 trillion. On the contrary, one of \u2026", "source_name": "CoinPedia", "date": "Wed, 20 Apr 2022 05:00:00 -0400", "topics": [], "sentiment": "Negative", "type": "Article", "tickers": ["SOL", "DAO", "NEAR"]}, {"news_url": "https://www.cryptopolitan.com/solana-based-undead-apes-nft-project-rugs/", "image_url": "https://crypto.snapi.dev/images/v1/z/e/solana-based-undead-apes-nft-project-rugs-1-131132.png", "title": "Solana-based Undead Apes NFT project rugs, FP tanks 70%", "text": "TL;DR Breakdown: Solana-based Undead Apes NFT was Rugged late Tuesday. The floor price of its collections declined over 70% shortly after the incident.", "source_name": "Cryptopolitan", "date": "Wed, 20 Apr 2022 04:57:16 -0400", "topics": ["NFT"], "sentiment": "Negative", "type": "Article", "tickers": ["SOL"]}, {"news_url": "https://coingape.com/?p=109400", "image_url": "https://crypto.snapi.dev/images/v1/4/d/crypto-bitcoin-131127.jpg", "title": "Bitcoin's (BTC) Recovery May Only Be Temporary, Futures Market Shows", "text": "Bitcoin (BTC) bounced back from a one-month low this week, regaining a key support level as sentiment improved. But forward trades of the token showed little bullish sentiment, indicating that it may be set for more losses.", "source_name": "Coingape", "date": "Wed, 20 Apr 2022 04:46:00 -0400", "topics": ["futures"], "sentiment": "Neutral", "type": "Article", "tickers": ["BTC"]}, {"news_url": "https://cryptodaily.co.uk/2022/04/bitcoin-and-ethereum-etfs-set-to-hit-australian-markets-as-early-as-next-week", "image_url": "https://crypto.snapi.dev/images/v1/8/a/australia-btc-131128.jpg", "title": "Bitcoin and Ethereum ETFs Set To Hit Australian Markets As Early As Next Week", "text": "The Australian markets look set for their first taste of cryptocurrency, with two Spot Bitcoin Exchange Traded Funds (ETFs) and one Ethereum Exchange Traded Fund (ETF) going live as early as next week. The ETFs are a result of a partnership between Swiss-based 21Shares, and Australian ETF Securities.", "source_name": "Crypto Daily", "date": "Wed, 20 Apr 2022 04:45:00 -0400", "topics": [], "sentiment": "Neutral", "type": "Article", "tickers": ["BTC", "ETH"]}, {"news_url": "https://coingape.com/?p=109389", "image_url": "https://crypto.snapi.dev/images/v1/t/t/artboard-e28093-34-1-131125.png", "title": "Ripple Vs SEC: Commission Scores Small Win As XRP Motion Is Denied", "text": "In a recent judgment, the court denied Ripple's motion to disregard a report stating that the crypto firm was technically able to manipulate XRP's price. Ripple sought to strike the report from Dr. Albert Metz, a U.S.\u00a0 Securities and Exchange Commission (SEC) expert.", "source_name": "Coingape", "date": "Wed, 20 Apr 2022 04:37:57 -0400", "topics": ["regulations"], "sentiment": "Negative", "type": "Article", "tickers": ["XRP"]}, {"news_url": "https://cryptopotato.com/bitcoin-taps-9-day-high-baycs-apecoin-soars-30-market-watch/", "image_url": "https://crypto.snapi.dev/images/v1/i/i/apecoin-high-131124.png", "title": "Bitcoin Taps 9-Day High, BAYC's ApeCoin Soars 30% (Market Watch)", "text": "ApeCoin has soared the most on a 24-hour scale and currently exceeds $16. Bitcoin and some altcoins have produced minor daily increases.", "source_name": "CryptoPotato", "date": "Wed, 20 Apr 2022 04:37:36 -0400", "topics": [], "sentiment": "Positive", "type": "Article", "tickers": ["APE", "BTC"]}, {"news_url": "https://en.cryptonomist.ch/2022/04/20/bitcoin-41k-ethereum-3-1k-apecoin-price-analyses/", "image_url": "https://crypto.snapi.dev/images/v1/9/l/trading-crypto-4-300x200-131130.jpeg", "title": "Bitcoin (41K), Ethereum (3.1K), Apecoin Price Analyses", "text": "The Fear and Greed Index is 27 Fear and is level with yesterday's reading of 27.", "source_name": "The Cryptonomist", "date": "Wed, 20 Apr 2022 04:26:04 -0400", "topics": [], "sentiment": "Neutral", "type": "Article", "tickers": ["APE", "BTC", "ETH"]}, {"news_url": "https://beincrypto.com/bitcoin-btc-rebounds-local-high-41760-slight-pullback/", "image_url": "https://crypto.snapi.dev/images/v1/r/f/bic-btc-on-chain-analysisjpgoptimal-131120.jpg", "title": "Bitcoin (BTC) Rebounds to Local High Of $41,760 Before Slight Pullback", "text": "Bitcoin (BTC) increased considerably on April 18 and 19, suggesting that the correction that's been ongoing since the beginning of the month might have come to an end. The post Bitcoin (BTC) Rebounds to Local High Of $41,760 Before Slight Pullback appeared first on BeInCrypto.", "source_name": "BeInCrypto", "date": "Wed, 20 Apr 2022 04:19:11 -0400", "topics": [], "sentiment": "Positive", "type": "Article", "tickers": ["BTC"]}, {"news_url": "https://cryptonews.com/news/imf-deal-dead-and-so-is-bitcoin-bond-issuance-claim-bukele-critics.htm", "image_url": "https://crypto.snapi.dev/images/v1/l/u/n-media-library-original-897-598-131119.jpg", "title": "IMF Deal \u2018Dead' and So Is Bitcoin Bond Issuance, Claim Bukele Critics", "text": "The former Governor of the Salvadoran central bank, the Central Reserve Bank, claims that negotiations with the International Monetary Fund (IMF) are \u201cpractically dead\u201d \u2013 and says investors are \u201cnot interested\u201d in the delayed bitcoin (BTC) bonds issuance President Nayib Bukele wants to use to pay for his Bitcoin City project.", "source_name": "Cryptonews", "date": "Wed, 20 Apr 2022 04:07:00 -0400", "topics": [], "sentiment": "Negative", "type": "Article", "tickers": ["BTC"]}, {"news_url": "https://www.cryptopolitan.com/ripple-price-analysis-2022-04-20/", "image_url": "https://crypto.snapi.dev/images/v1/d/r/xrp-131118.jpg", "title": "Ripple price analysis: Bearish swing results in price correcting down to $0.766", "text": "TL;DR Breakdown Ripple price analysis is bearish today. Strong resistance is present at $0.781.", "source_name": "Cryptopolitan", "date": "Wed, 20 Apr 2022 04:06:03 -0400", "topics": ["tanalysis"], "sentiment": "Negative", "type": "Article", "tickers": ["XRP"]}, {"news_url": "https://cryptoslate.com/the-satoshi-nakamoto-bitcoin-fairy-tale-remains-a-stumbling-block-for-many/", "image_url": "https://crypto.snapi.dev/images/v1/p/h/bitcoin-mystery-131114.jpg", "title": "The Satoshi Nakamoto Bitcoin fairy tale remains a stumbling block for many", "text": "The founder of the In Bitcoin We Trust website, Sylvain Saurel, posted an intriguing article about people's fear of the leading cryptocurrency. The post The Satoshi Nakamoto Bitcoin fairy tale remains a stumbling block for many appeared first on CryptoSlate.", "source_name": "CryptoSlate", "date": "Wed, 20 Apr 2022 04:01:16 -0400", "topics": [], "sentiment": "Negative", "type": "Article", "tickers": ["BTC"]}, {"news_url": "https://coinmarketcap.com/alexandria/article/bitcoin-news-el-salvador-s-volcano-bonds-dead-after-lack-of-interest-economist-claims", "image_url": "https://crypto.snapi.dev/images/v1/b/e/7d307e4edcb241b5aa073c9e71738dda-131113.jpg", "title": "Bitcoin News: El Salvador's Volcano Bonds 'Dead' After Lack of Interest, Economist Claims", "text": "Two Salvadoran economists believe Nayib Bukele's ambitious bonds are unlikely to launch \u2014 and say repeated delays prove the government has realized \"there is not enough interest.\"", "source_name": "CoinMarketCap", "date": "Wed, 20 Apr 2022 03:46:51 -0400", "topics": [], "sentiment": "Negative", "type": "Article", "tickers": ["BTC"]}, {"news_url": "https://bitcoinist.com/from-the-ground-bitcoin-2022-tweets-general-public/", "image_url": "https://crypto.snapi.dev/images/v1/o/v/fpxoze-aqaqj64g-574x420-131112.jpg", "title": "From The Ground: The Bitcoin 2022 Conference In Tweets From The General Public", "text": "It's time to close our Bitcoin 2022 coverage with the most fun people of all, the general public. How did they experience bitcoin's biggest event of the year?", "source_name": "Bitcoinist", "date": "Wed, 20 Apr 2022 03:46:05 -0400", "topics": [], "sentiment": "Neutral", "type": "Article", "tickers": ["BTC"]}, {"news_url": "https://dailyhodl.com/2022/04/20/crypto-analyst-unveils-massive-target-for-ethereum-rival-solana-predicts-rallies-for-avalanche-and-terra/", "image_url": "https://crypto.snapi.dev/images/v1/u/n/unveils-target-rivaljpgw1024-131144.jpg", "title": "Crypto Analyst Unveils Massive Target for Ethereum Rival Solana, Predicts Rallies for Avalanche and Terra", "text": "A popular crypto strategist and is unveiling his huge long-term price target for Ethereum (ETH) competitor Solana (SOL) while predicting surges for Avalanche (AVAX) and Terra (LUNA).", "source_name": "The Daily Hodl", "date": "Wed, 20 Apr 2022 03:04:50 -0400", "topics": [], "sentiment": "Positive", "type": "Article", "tickers": ["AVAX", "LUNA", "SOL"]}, {"news_url": "https://ambcrypto.com/avalanche-polkadot-near-protocol-price-analysis-20-april/", "image_url": "https://crypto.snapi.dev/images/v1/b/d/pa-1-cover-11-e1650426677978-131104.jpg", "title": "Avalanche, Polkadot, NEAR Protocol Price Analysis: 20 April", "text": "Bitcoin faced resistance from the $41.5k level and has been trading sideways the previous day. Its swift move past the $40k mark has seen the altcoin market assume a bullish outlook as well.", "source_name": "AMBCrypto", "date": "Wed, 20 Apr 2022 03:00:34 -0400", "topics": ["tanalysis"], "sentiment": "Neutral", "type": "Article", "tickers": ["AVAX", "DOT", "NEAR"]}, {"news_url": "https://en.cryptonomist.ch/2022/04/20/ethereum-foundation-assets-99-in-eth/", "image_url": "https://crypto.snapi.dev/images/v1/v/i/10234-300x200-131106.jpg", "title": "Ethereum Foundation assets 99% in ETH", "text": "Assets and future prospects of the Ethereum Foundation", "source_name": "The Cryptonomist", "date": "Wed, 20 Apr 2022 02:59:54 -0400", "topics": [], "sentiment": "Neutral", "type": "Article", "tickers": ["ETH"]}, {"news_url": "https://insidebitcoins.com/news/5-next-cryptocurrency-to-explode-april-2022-week-4", "image_url": "https://crypto.snapi.dev/images/v1/b/9/best-cryptocurrencies-to-buy-now-131102.jpg", "title": "5 Next Cryptocurrency to Explode \u2013 April 2022 Week 4", "text": "The cryptocurrency market has posted some more modest gains after a bad weekend. Its total cap is up to $2.02 trillion, representing a 2% rise [.", "source_name": "Inside Bitcoins", "date": "Wed, 20 Apr 2022 02:48:58 -0400", "topics": [], "sentiment": "Positive", "type": "Article", "tickers": ["APE", "BLOCK", "BTC", "SAND", "XRP"]}, {"news_url": "https://ambcrypto.com/btc-lightning-network-2022-stat-invokes-the-aid-of-bulls/", "image_url": "https://crypto.snapi.dev/images/v1/1/8/toufik-tabikh-2wh869865gs-unsplash-2-131100.jpg", "title": "BTC Lightning Network April 2022 stat invokes the aid of bulls", "text": "Bitcoin might be the coin that defined the crypto industry as we know it today, but the Bitcoin Lightning Network could be the solution that brings Bitcoin micro-payments to those outside the crypto sector. But with multiple market crashes since early December 2021, what is the state of the Lightning Network (LN), really?", "source_name": "AMBCrypto", "date": "Wed, 20 Apr 2022 02:30:34 -0400", "topics": [], "sentiment": "Positive", "type": "Article", "tickers": ["BTC"]}, {"news_url": "https://www.financemagnates.com/cryptocurrency/news/etf-securities-partners-with-21shares-to-launch-btc-and-ethereum-etfs-in-australia/", "image_url": "https://crypto.snapi.dev/images/v1/6/q/ethereum-id-186b9a46-6926-40c1-a5bb-18950dadcba6-size900-131098.jpg", "title": "ETF Securities Partners with 21Shares to Launch BTC and Ethereum ETFs in Australia", "text": "ETF Securities, one of the leading ETF providers, announced yesterday that it has partnered with 21Shares for the launch of Bitcoin and Ethereum exchange-traded funds (ETFs) in Australia. The details provided by the companies mentioned that ETFS 21Shares Bitcoin ETF is the first Australian ETF to invest directly in Bitcoin.", "source_name": "FinanceMagnates", "date": "Wed, 20 Apr 2022 02:26:00 -0400", "topics": [], "sentiment": "Positive", "type": "Article", "tickers": ["BTC", "ETH"]}, {"news_url": "https://u.today/bitcoin-mirroring-2018-bear-market-with-long-bearish-streak?SNAPI", "image_url": "https://crypto.snapi.dev/images/v1/g/6/13940-1-131097.jpg", "title": "Bitcoin Mirroring 2018 Bear Market with Long Bearish Streak", "text": "The Bitcoin price is down 13% since the start of the year after failed attempts to end the bearish streak", "source_name": "UToday", "date": "Wed, 20 Apr 2022 02:25:00 -0400", "topics": [], "sentiment": "Negative", "type": "Article", "tickers": ["BTC"]}, {"news_url": "https://coinpedia.org/bitcoin/top-reasons-why-bitcoin-btc-will-not-drop-below-30k/", "image_url": "https://crypto.snapi.dev/images/v1/v/w/crypto15-131094.jpg", "title": "Top Reasons Why Bitcoin (BTC) Will Not Drop below $30k!", "text": "According to new research, Bitcoin's collapse to $25,000 or below is unlikely due to hodlers searching for all-time highs rather than speculative traders. Popular analyst \u201cRoot\u201d stated in a series of tweets on April 19 that there is \u201cno actual rationale\u201d for a sharp drop in Bitcoin (BTC).\u00a0 In this halving cycle, Bitcoin has yet \u2026", "source_name": "CoinPedia", "date": "Wed, 20 Apr 2022 02:13:01 -0400", "topics": [], "sentiment": "Neutral", "type": "Article", "tickers": ["BTC"]}, {"news_url": "https://beincrypto.com/ripple-xrp-trading-volume-sinks-436-billion-quarterly-low/", "image_url": "https://crypto.snapi.dev/images/v1/z/8/xrp-131095.png", "title": "Ripple (XRP) Trading Volume Sinks By $436 Billion in Quarterly Low", "text": "Ripple (XRP) recorded a trading volume of $203 billion in the first quarter of 2022. This was $436 billion below the first-quarter volume of 2021.", "source_name": "BeInCrypto", "date": "Wed, 20 Apr 2022 01:56:45 -0400", "topics": [], "sentiment": "Negative", "type": "Article", "tickers": ["XRP"]}, {"news_url": "https://www.newsbtc.com/analysis/eth/ethereum-consolidates-3130/", "image_url": "https://crypto.snapi.dev/images/v1/t/k/shutterstock-729876625-131089.jpg", "title": "TA: Ethereum Consolidates Gains, Indicators Suggest More Upsides", "text": "Ethereum gained pace above the $3,050 resistance against the US Dollar. ETH price could continue higher if there is a clear move above the $3,120 resistance.", "source_name": "NewsBTC", "date": "Wed, 20 Apr 2022 01:48:06 -0400", "topics": ["tanalysis"], "sentiment": "Positive", "type": "Article", "tickers": ["ETH"]}, {"news_url": "https://cointelegraph.com/news/australia-s-first-bitcoin-etf-could-attract-1-billion-after-launch-next-week", "image_url": "https://crypto.snapi.dev/images/v1/b/x/840-ahr0chm6ly9zmy5jb2ludgvszwdyyxbolmnvbs91cgxvywrzlziwmjitmdqvzwfjndjkztatzwqymy00nmnmlwi5zdaty2q4ndmyzjywnwjklmpwzw-131088.jpg", "title": "Australia's first Bitcoin ETF could attract $1 billion after launch next week", "text": "Australian investors will be able to trade its first Bitcoin spot ETF starting next week when the Cosmos Asset Management Bitcoin ETF launches on ASX Clear.", "source_name": "Cointelegraph", "date": "Wed, 20 Apr 2022 01:31:03 -0400", "topics": [], "sentiment": "Positive", "type": "Article", "tickers": ["BTC"]}, {"news_url": "https://www.financemagnates.com/cryptocurrency/news/weekly-institutional-bitcoin-outflows-reach-73-million/", "image_url": "https://crypto.snapi.dev/images/v1/t/j/bitcoin20h20d-id-b1adbe4f-05c1-4a02-ae5c-88dcdc44166a-size900-131087.jpg", "title": "Weekly Institutional Bitcoin Outflows Reach $73 Million", "text": "For the second consecutive week, Bitcoin (BTC) investment products took a major hit as outflows reached $73 million. Overall, outflows from all crypto investment products stood at $97 million last week amid a drop in the market cap of digital assets.", "source_name": "FinanceMagnates", "date": "Wed, 20 Apr 2022 01:30:00 -0400", "topics": ["institutions"], "sentiment": "Neutral", "type": "Article", "tickers": ["BTC"]}, {"news_url": "https://www.cnbc.com/2022/04/20/bitcoin-tribalism-holding-the-crypto-industry-back-ripple-ceo-says.html", "image_url": "https://crypto.snapi.dev/images/v1/a/z/107048261-1650367793280-gettyimages-1236003591-milken-conference-2021-131085.jpeg", "title": "Bitcoin 'tribalism' is holding the crypto industry back, Ripple CEO says", "text": "\"Tribalism\" around bitcoin and other cryptocurrencies is holding back the entire $2 trillion market, Ripple CEO Brad Garlinghouse has said.", "source_name": "CNBC", "date": "Wed, 20 Apr 2022 01:13:46 -0400", "topics": [], "sentiment": "Negative", "type": "Article", "tickers": ["BTC"]}, {"news_url": "https://blockchain.news/news/australia-first-bitcoin-etf-to-launch-on-apr-27", "image_url": "https://crypto.snapi.dev/images/v1/v/g/a0e1e26418b1c2135d07f6d1a2102766443e6d8ecc31ae99b4281c473f1b1547-131083.jpg", "title": "Australia's First Bitcoin ETF to Launch on Apr 27", "text": "Australia's first bitcoin ETF will be listed on the Cboe stock exchange next week, The Australian Financial Review reported on Tuesday.", "source_name": "Blockchain News", "date": "Wed, 20 Apr 2022 01:05:00 -0400", "topics": [], "sentiment": "Positive", "type": "Article", "tickers": ["BTC"]}, {"news_url": "https://blockchain.news/news/australia-first-bitcoin-etf-to-launch-next-week-on-apr-27", "image_url": "https://crypto.snapi.dev/images/v1/9/p/8ca1983345a5c033f8b3e197699eac99c3bb2f3373bb99d1090774dfbf24d623-131082.jpg", "title": "Australia's First Bitcoin ETF to Launch Next Week on Apr 27", "text": "Australia's first bitcoin ETF will be listed on the Cboe stock exchange next week, The Australian Financial Review reported on Tuesday.", "source_name": "Blockchain News", "date": "Wed, 20 Apr 2022 01:05:00 -0400", "topics": [], "sentiment": "Positive", "type": "Article", "tickers": ["BTC"]}, {"news_url": "https://www.newsbtc.com/news/bitcoin/whales-accumulate-through-the-dip-as-bitcoin-repositions-to-40k/", "image_url": "https://crypto.snapi.dev/images/v1/a/f/pexels-karolina-grabowska-5980567-131079.jpg", "title": "Whales Accumulate Through The Dip As Bitcoin Repositions To $40K", "text": "Volatility remains one of the characteristics of Bitcoin that could easily change the holding stance of investors. To some, a downward movement will mark their period of massive accumulation and expansion of their holdings.", "source_name": "NewsBTC", "date": "Wed, 20 Apr 2022 00:20:55 -0400", "topics": ["whales"], "sentiment": "Neutral", "type": "Article", "tickers": ["BTC"]}, {"news_url": "https://cryptonews.com/news/bitcoin-and-ethereum-consolidate-gains-snx-and-ape-rally.htm", "image_url": "https://crypto.snapi.dev/images/v1/n/p/crypto14-130494-131078.jpg", "title": "Bitcoin and Ethereum Consolidate Gains, SNX and APE Rally", "text": "Bitcoin price remained well bid above the USD 40,500 level. BTC extended gains above the USD 41,200 resistance, spiked above USD 41,600, and is currently (04:07 UTC) consolidating gains near USD 41,400. BTC is up almost 2% in a day and 3% in a week.", "source_name": "Cryptonews", "date": "Wed, 20 Apr 2022 00:19:00 -0400", "topics": [], "sentiment": "Positive", "type": "Article", "tickers": ["BTC", "ETH", "SNX", "APE"]}, {"news_url": "https://cryptopotato.com/russia-could-mine-bitcoin-and-other-cryptocurrencies-to-evade-sanctions-imf-warns/", "image_url": "https://crypto.snapi.dev/images/v1/2/s/russiabitcoin-min-131077.jpg", "title": "Russia Could Mine Bitcoin and Other Cryptocurrencies to Evade Sanctions, IMF Warns", "text": "The IMF believes sanctions have a good purpose, but now it is worried that Russia could mine Bitcoin to overcome the effects of those measures.", "source_name": "CryptoPotato", "date": "Wed, 20 Apr 2022 00:05:56 -0400", "topics": [], "sentiment": "Negative", "type": "Article", "tickers": ["BTC"]}, {"news_url": "https://dailyhodl.com/2022/04/19/a-new-era-of-mass-adoption-shopify-to-bring-bitcoin-to-a-quarter-of-global-population/", "image_url": "https://crypto.snapi.dev/images/v1/m/g/crypto-change-international-paymentsjpgw1024-131074.jpg", "title": "A New Era of Mass Adoption \u2013 Shopify To Bring Bitcoin to a Quarter of Global Population", "text": "Strike's partnership with Shopify, Blackhawk Network and NCR allows people to use Bitcoin in a much more mainstream way, ditching traditional payment system monopolists. Payment network Strike has announced integrations with Shopify, alternative payment processor Blackhawk Network and point-of-sale provider NCR, making it easier for global merchants to accept BTC payments. Bitcoin Lightning Network, a [\u2026] The post A New Era of Mass Adoption \u2013 Shopify To Bring Bitcoin to a Quarter of Global Population appeared first on The Daily Hodl.", "source_name": "The Daily Hodl", "date": "Tue, 19 Apr 2022 23:40:54 -0400", "topics": [], "sentiment": "Positive", "type": "Article", "tickers": ["BTC"]}, {"news_url": "https://www.newsbtc.com/analysis/btc/bitcoin-price-upside-break-above-41-5k/", "image_url": "https://crypto.snapi.dev/images/v1/o/r/bitcoin-btcanalysis-struggle-131068.jpg", "title": "TA: Why Bitcoin Price Eyes Crucial Upside Break Above $41.5K", "text": "Bitcoin extended its recovery above the $41,400 against the US Dollar. BTC could rally further if there is a clear close above the $41,500 and $41,800.", "source_name": "NewsBTC", "date": "Tue, 19 Apr 2022 23:08:09 -0400", "topics": ["tanalysis"], "sentiment": "Positive", "type": "Article", "tickers": ["BTC"]}, {"news_url": "https://bitcoinmagazine.com/business/energy-costs-hurt-bitcoin-mining-profits", "image_url": "https://crypto.snapi.dev/images/v1/p/a/gold-mining-131065.png", "title": "The Rising Cost Of Energy Impacts Bitcoin Mining Profitability", "text": "The relationship between energy prices, hash rate, difficulty and the bitcoin price will be extremely important as the price of energy rises.", "source_name": "Bitcoin Magazine", "date": "Tue, 19 Apr 2022 22:30:00 -0400", "topics": ["mining"], "sentiment": "Negative", "type": "Article", "tickers": ["BTC"]}, {"news_url": "https://coinpedia.org/ethereum/will-ethereum-eth-price-hit-5k-in-q2-this-is-what-traders-can-expect/", "image_url": "https://crypto.snapi.dev/images/v1/f/8/kanchanara-7cma9zl5ddk-unsplash-e1649941266896-129322-131064.jpg", "title": "Will Ethereum (ETH) Price Hit $5k In Q2 ? This is What Traders Can Expect", "text": "Bitcoin made a U-turn, briefly touching $41,000 before stabilizing at $40,000 levels. Not only did Bitcoin rise by nearly 4%, but the whole global cryptocurrency market did as well, with all major crypto coins rallying on the day. Against the US Dollar, Ethereum has recently battled to hold above the $3,150 support level. The price \u2026", "source_name": "CoinPedia", "date": "Tue, 19 Apr 2022 22:17:13 -0400", "topics": [], "sentiment": "Positive", "type": "Article", "tickers": ["ETH"]}, {"news_url": "https://coinpedia.org/ripple/ripple-vs-sec-lawsuit-will-it-be-a-win-win-in-the-ripple-vs-sec-case-heres-why/", "image_url": "https://crypto.snapi.dev/images/v1/t/e/4tmampj1-us-judge-denies-request-to-add-xrp-holders-as-intervenors-in-secs-lawsuit-against-ripple-127836-131059.webp", "title": "Ripple Vs SEC Lawsuit: Will it Be a Win-Win in the Ripple vs SEC Case? Here's Why", "text": "This week, the U.S. Securities and Exchange Commission (SEC) vs. Ripple lawsuit is set to reach a summary judgment. Many rumors and guesses about the case's conclusion have already surfaced on the internet.\u00a0 An attorney representing XRP token holders in the dispute, John Deaton, has proposed scenarios in which both parties can win. While recent \u2026", "source_name": "CoinPedia", "date": "Tue, 19 Apr 2022 22:12:12 -0400", "topics": ["regulations"], "sentiment": "Positive", "type": "Article", "tickers": ["XRP"]}, {"news_url": "https://bitcoinmagazine.com/markets/bitcoin-continues-to-flow-out-of-exchanges", "image_url": "https://crypto.snapi.dev/images/v1/d/s/coinbase-131055.jpg", "title": "Bitcoin Continues To Flow Out Of Exchanges", "text": "Bitcoin is quickly leaving exchanges at a rate not seen in years, with almost 80,000 bitcoin being moved off platforms over the last 30 days.", "source_name": "Bitcoin Magazine", "date": "Tue, 19 Apr 2022 21:30:00 -0400", "topics": [], "sentiment": "Neutral", "type": "Article", "tickers": ["BTC"]}, {"news_url": "https://investorplace.com/2022/04/forget-apecoin-buy-these-3-cryptos-instead/", "image_url": "https://crypto.snapi.dev/images/v1/m/y/crypto15-130337-131048.jpg", "title": "Forget ApeCoin! Buy These 3 Cryptos Instead.", "text": "Apecoin seems to be very volatile and it is not a good long-term investment. These 3 investments are likely to be more profitable.", "source_name": "Investorplace", "date": "Tue, 19 Apr 2022 20:37:57 -0400", "topics": [], "sentiment": "Positive", "type": "Article", "tickers": ["ETH", "SCRT", "XMR"]}], "total_pages": 42}