{"data": [{"news_url": "https://www.cryptopolitan.com/bitcoin-price-analysis-2022-04-13/", "image_url": "https://crypto.snapi.dev/images/v1/z/1/bitcoin-price-analysis-2022-04-13-128862.png", "title": "Bitcoin price analysis: BTC swiftly spikes back above $41,000, targets $42,000 next?", "text": "TL;DR Breakdown Bitcoin price analysis is bullish today. BTC/USD continued to consolidate overnight.", "source_name": "Cryptopolitan", "date": "Wed, 13 Apr 2022 12:17:14 -0400", "topics": ["tanalysis"], "sentiment": "Positive", "type": "Article", "tickers": ["BTC"]}, {"news_url": "https://cointelegraph.com/news/mark-yusko-explains-the-real-problem-with-fed-policy-and-why-bitcoin-matters", "image_url": "https://crypto.snapi.dev/images/v1/j/y/840-ahr0chm6ly9zmy5jb2ludgvszwdyyxbolmnvbs91cgxvywrzlziwmjitmdqvzwu3y2y5ztetotk4ny00ntywlwe5zguty2e3ntg3njvjmzk3lmpwzw-128865.jpg", "title": "Mark Yusko explains the real problem with Fed policy \u2014 and why Bitcoin matters", "text": "The founder of Morgan Creek Capital explains how the Federal Reserve is destroying your purchasing power and why it could get a lot worse.", "source_name": "Cointelegraph", "date": "Wed, 13 Apr 2022 12:15:00 -0400", "topics": [], "sentiment": "Negative", "type": "Article", "tickers": ["BTC"]}, {"news_url": "https://coingape.com/?p=108552", "image_url": "https://crypto.snapi.dev/images/v1/q/h/ethereum-whales-eth-price-128858.webp", "title": "Ethereum Price Prediction: ETH Price Hovers Below 50-day EMA; Is $3,300 Possible?", "text": "ETH price makes significant moves on Wednesday, the price manages to gather some upside momentum following the downswing since April 4. Although, the price found strong support around $2,950, but still faces challenges below the critical moving averages.", "source_name": "Coingape", "date": "Wed, 13 Apr 2022 12:00:05 -0400", "topics": [], "sentiment": "Neutral", "type": "Article", "tickers": ["ETH"]}, {"news_url": "https://cryptodaily.co.uk/2022/04/btc-usd-sentiment-remains-pressured-sally-ho-technical-analysis-14-april-2022-btc-bitcoin", "image_url": "https://crypto.snapi.dev/images/v1/u/f/phase-of-lifetime-btcjpgfit10242c600ssl1-128507-128859.jpg", "title": "BTC/USD Sentiment Remains Pressured: Sally Ho's Technical Analysis 14 April 2022 BTC", "text": "Bitcoin (BTC/USD) sought fresh technical sentiment early in the Asian session as the pair continued to orbit the psychologically-important 40000 figure after trading as low as the 39250 area.\u00a0 Traders are waiting to see if BTC/USD can test and sustain a break of the 40394.16 level, a short-term hurdle that represents the 78.6% retracement of the depreciating range from 40705.68 to 39250.", "source_name": "Crypto Daily", "date": "Wed, 13 Apr 2022 12:00:00 -0400", "topics": ["tanalysis"], "sentiment": "Negative", "type": "Article", "tickers": ["BTC"]}, {"news_url": "https://cointelegraph.com/news/brazilian-senate-announces-incoming-approval-of-the-bitcoin-law", "image_url": "https://crypto.snapi.dev/images/v1/7/r/840-ahr0chm6ly9zmy5jb2ludgvszwdyyxbolmnvbs91cgxvywrzlziwmjitmdqvmjblztlmngitnjlhzi00zjnmlwiwyjutodk2mdkzmwe4ndi2lmpwzw-128852.jpg", "title": "Brazilian Senate announces incoming approval of the \u2018Bitcoin law'", "text": "The law will allow the President of Brazil to designate or create a regulatory agency to oversee the crypto market.", "source_name": "Cointelegraph", "date": "Wed, 13 Apr 2022 11:45:00 -0400", "topics": [], "sentiment": "Neutral", "type": "Article", "tickers": ["BTC"]}, {"news_url": "https://cryptobriefing.com/it-wont-be-in-june-ethereum-foundation-member-hints-at-merge-delay/?utm_source=main_feed&utm_medium=rss", "image_url": "https://crypto.snapi.dev/images/v1/3/p/eth-cover-838x440-128846.png", "title": "\u201cIt Won't Be in June\u201d: Ethereum Foundation Member Hints at Merge Delay", "text": "Despite previous announcements citing a Q2 2022 release, Tim Beiko believes \"the Merge\" will take a \u201cfew months\u201d longer than planned.", "source_name": "Crypto Briefing", "date": "Wed, 13 Apr 2022 11:38:21 -0400", "topics": [], "sentiment": "Neutral", "type": "Article", "tickers": ["ETH"]}, {"news_url": "https://investorplace.com/2022/04/solana-has-a-reason-for-investors-to-buy-but-not-robinhood/", "image_url": "https://crypto.snapi.dev/images/v1/i/w/solana-could-become-the-e28098visa-of-crypto-bank-of-america-strategist-says-125480-128842.jpg", "title": "Buy Solana, But Not Because It's on Robinhood", "text": "Solana is aiming to be a competitor to Ethereum with its use features. That's far more compelling than its listing on Robinhood.", "source_name": "Investorplace", "date": "Wed, 13 Apr 2022 11:30:26 -0400", "topics": [], "sentiment": "Positive", "type": "Article", "tickers": ["SOL"]}, {"news_url": "https://www.youtube.com/watch?v=2ZQPJXeLaWo", "image_url": "https://crypto.snapi.dev/images/v1/l/9/ethereum-merge-no-longer-expected-in-june-btcs-4-year-halving-cycle-may-be-dead-and-more-128861.jpg", "title": "Ethereum Merge No Longer Expected in June, BTC's 4-Year Halving Cycle May Be Dead and More", "text": "\"The Hash\" hosts discuss today's top stories including why Ethereum core developer Tim Beiko thinks the merge will be later than expected, bitcoin's 4-year halving cycle might be coming to an end, and crypto mining in small Argentinian town. Site: https://www.coindesk.com Twitter: https://www.twitter.com/coindesk LinkedIn: https://www.linkedin.com/company/3104779/admin Instagram: https://www.instagram.com/coindesk Facebook: https://www.facebook.com/CoinDesk Newsletters: https://www.coindesk.com/newsletters CoinDesk Podcast Network: https://open.spotify.com/show/2jyIhkvAQhed8AWDZiPpSP Markets Daily Crypto Roundup: https://open.spotify.com/show/7sDXM8BlxsUqzL2IqmLqwE CoinDesk is the leading digital media, events and information services company for the crypto asset and blockchain technology community.", "source_name": "Coindesk", "date": "Wed, 13 Apr 2022 11:23:17 -0400", "topics": [], "sentiment": "Negative", "type": "Video", "tickers": ["BTC", "ETH"]}, {"news_url": "https://www.cryptopolitan.com/ethereum-price-analysis-2022-04-13/", "image_url": "https://crypto.snapi.dev/images/v1/q/7/ethereum-price-analysis-2022-04-13-128824.png", "title": "Ethereum price analysis: ETH retests upside at $3,100 with another rejection\u00a0", "text": "TL;DR Breakdown Ethereum price analysis is bearish today. ETH/USD fails to breach the $2,950 previous low.", "source_name": "Cryptopolitan", "date": "Wed, 13 Apr 2022 11:18:20 -0400", "topics": ["tanalysis"], "sentiment": "Positive", "type": "Article", "tickers": ["ETH"]}, {"news_url": "https://en.cryptonomist.ch/2022/04/13/72-traders-waiting-spot-bitcoin-etfs/", "image_url": "https://crypto.snapi.dev/images/v1/e/x/etf-bitcoin-300x200-128849.jpeg", "title": "72% of traders are waiting for spot Bitcoin ETFs", "text": "The need for the issuance of new financial products, in particular Bitcoin ETFs, is growing by leaps and bounds", "source_name": "The Cryptonomist", "date": "Wed, 13 Apr 2022 11:13:48 -0400", "topics": [], "sentiment": "Neutral", "type": "Article", "tickers": ["BTC"]}, {"news_url": "https://u.today/xrpl-proposes-update-to-allow-issued-tokens-to-be-used-in-payment-channels-beside-xrp?SNAPI", "image_url": "https://crypto.snapi.dev/images/v1/z/h/14056-128823.jpg", "title": "XRPL Proposes Update to Allow Issued Tokens to Be Used in Payment Channels Beside XRP", "text": "XRP Ledger's escrow feature allows sending conditional XRP payments", "source_name": "UToday", "date": "Wed, 13 Apr 2022 11:12:00 -0400", "topics": [], "sentiment": "Neutral", "type": "Article", "tickers": ["XRP"]}, {"news_url": "https://bitcoinmagazine.com/markets/fis-to-launch-bitcoin-crypto-trading", "image_url": "https://crypto.snapi.dev/images/v1/z/y/binance-opens-fiat-deposits-for-nigerians-128821.jpg", "title": "Fintech Giant FIS To Launch Institutional Bitcoin, Crypto Trading", "text": "The world's largest processing and payments company FIS has partnered with Fireblocks to allow institutional access to Bitcoin and other cryptocurrencies.", "source_name": "Bitcoin Magazine", "date": "Wed, 13 Apr 2022 11:09:53 -0400", "topics": ["institutions"], "sentiment": "Positive", "type": "Article", "tickers": ["BTC"]}, {"news_url": "https://cryptonews.com/news/ethereum-developer-says-merge-delayed-until-few-months-after-june.htm", "image_url": "https://crypto.snapi.dev/images/v1/q/a/webp-net-resizeimage-128820.jpg", "title": "Ethereum Developer Says Merge Delayed Until a \u2018Few Months After' June", "text": "Tim Beiko, a leading Ethereum (ETH) developer working on the blockchain's transition to proof-of-stake (PoS) \u2013 known as The Merge \u2013 has said the major network upgrade will not be completed in June.", "source_name": "Cryptonews", "date": "Wed, 13 Apr 2022 11:06:00 -0400", "topics": [], "sentiment": "Neutral", "type": "Article", "tickers": ["ETH"]}, {"news_url": "https://cryptobriefing.com/bitcoin-shows-red-flags-as-whales-sell-en-masse/?utm_source=main_feed&utm_medium=rss", "image_url": "https://crypto.snapi.dev/images/v1/7/n/bull-bear-struggle-838x440-128844.png", "title": "Bitcoin Shows Red Flags as Whales Sell En Masse", "text": "Bitcoin is threatening to break below support after recording a spike in selling pressure from large whales.", "source_name": "Crypto Briefing", "date": "Wed, 13 Apr 2022 11:01:00 -0400", "topics": ["whales"], "sentiment": "Negative", "type": "Article", "tickers": ["BTC"]}, {"news_url": "https://crypto.news/terra-another-100-million-worth-bitcoin/", "image_url": "https://crypto.snapi.dev/images/v1/y/r/terra-luna-a-new-defi-leader-128856.jpg", "title": "Terra Scoops Up Another $100 Million Worth Of Bitcoin", "text": "Terraform Labs CEO, and co-founder Do Kwon has taken to social media to announce that the Luna Foundation Guard (LFG) has bought even more bitcoin (BTC). Why Terra is On a Recent BTC Buying Spree The LFG is a Singapore-based\u2026", "source_name": "Crypto news", "date": "Wed, 13 Apr 2022 11:00:00 -0400", "topics": [], "sentiment": "Positive", "type": "Article", "tickers": ["BTC", "LUNA"]}, {"news_url": "https://cryptonews.com/news/it-safe-use-bitcoin-for-online-casinos.htm", "image_url": "https://crypto.snapi.dev/images/v1/u/h/is-it-safe-to-use-bitcoin-for-online-casinos-128818.jpg", "title": "Is It Safe to Use Bitcoin for Online Casinos?", "text": "Disclaimer: The text below is an advertorial article that was not written by Cryptonews.com journalists.", "source_name": "Cryptonews", "date": "Wed, 13 Apr 2022 10:49:00 -0400", "topics": [], "sentiment": "Neutral", "type": "Article", "tickers": ["BTC"]}, {"news_url": "https://cointelegraph.com/news/bitcoin-bounces-to-near-41k-after-crypto-sentiment-gauge-hits-6-week-lows", "image_url": "https://crypto.snapi.dev/images/v1/p/k/840-ahr0chm6ly9zmy5jb2ludgvszwdyyxbolmnvbs91cgxvywrzlziwmjitmdqvyjc4m2m5njutnzliyi00zdnmlwewnzmtmgizyzmxywq1yjbjlmpwzw-128817.jpg", "title": "Bitcoin bounces to near $41K after crypto sentiment gauge hits 6-week lows", "text": "A spike higher on Wednesday's Wall Street open is not enough to rescue the trend, one trader warns.", "source_name": "Cointelegraph", "date": "Wed, 13 Apr 2022 10:43:20 -0400", "topics": [], "sentiment": "Positive", "type": "Article", "tickers": ["BTC"]}, {"news_url": "https://u.today/bitcoin-fails-to-break-45000-resistance-7-times-in-row-technical-analysis?SNAPI", "image_url": "https://crypto.snapi.dev/images/v1/y/u/14053-128813.jpg", "title": "Bitcoin Fails to Break $45,000 Resistance 7 Times in Row: Technical Analysis", "text": "Bitcoin struggling to get to new highs since the beginning of the year", "source_name": "UToday", "date": "Wed, 13 Apr 2022 10:24:00 -0400", "topics": ["tanalysis"], "sentiment": "Negative", "type": "Article", "tickers": ["BTC"]}, {"news_url": "https://coinpedia.org/price-analysis/ripple-price-prediction-where-will-xrp-price-reach-out-in-the-next-24-to-48-hours/", "image_url": "https://crypto.snapi.dev/images/v1/8/b/ripple-price-analysis-2022-04-10-127510-128799.png", "title": "Ripple Price Prediction: Where Will XRP Price Reach Out in the Next 24 to 48 Hours?", "text": "The XRP price in recent times has bottomed hard since the February trade as the stocks and the cryptocurrency market fell to their knees. The asset is now trading below 23% of its monthly highs and below 47% from the 2021 highs. Moreover, the global crypto market cap has also depleted by 0.21%, standing at \u2026", "source_name": "CoinPedia", "date": "Wed, 13 Apr 2022 10:08:00 -0400", "topics": [], "sentiment": "Neutral", "type": "Article", "tickers": ["XRP"]}, {"news_url": "https://bitcoinmagazine.com/technical/blockstream-core-lightning-bitcoin-rebrand", "image_url": "https://crypto.snapi.dev/images/v1/s/s/bitcoin-lightning-network-128797.png", "title": "Core Lightning: How Blockstream's Implementation Rebrand Speaks To Its Long-Term Vision For Bitcoin", "text": "Now called Core Lightning, Blockstream's Lightning Network implementation seeks to be Bitcoin's interoperable, specification-focused standard.", "source_name": "Bitcoin Magazine", "date": "Wed, 13 Apr 2022 10:04:38 -0400", "topics": [], "sentiment": "Neutral", "type": "Article", "tickers": ["BTC"]}, {"news_url": "https://u.today/chinese-central-banks-bodies-ban-btc-eth-for-nft-settlement-call-for-strict-control-of-nft-space?SNAPI", "image_url": "https://crypto.snapi.dev/images/v1/4/5/14052-128787.jpg", "title": "Chinese Central Bank's Bodies Ban BTC, ETH for NFT Settlement, Call for Strict Control of NFT Space", "text": "Three associations regulated by China's central bank launch initiative to take control of NFT space in China, which excludes using top three cryptos for payment", "source_name": "UToday", "date": "Wed, 13 Apr 2022 09:46:00 -0400", "topics": ["NFT"], "sentiment": "Negative", "type": "Article", "tickers": ["BTC", "ETH"]}, {"news_url": "https://investorplace.com/2022/04/7-cryptos-to-watch-macroeconomic-headwinds-hit-blockchain/", "image_url": "https://crypto.snapi.dev/images/v1/e/b/eb22-128811.jpg", "title": "7 Cryptos to Watch as Macroeconomic Headwinds Hit the Blockchain", "text": "With analysts digesting macroeconomic headwinds, cryptos are getting a taste of volatility. Still, it may be worth holding for now.", "source_name": "Investorplace", "date": "Wed, 13 Apr 2022 09:45:40 -0400", "topics": [], "sentiment": "Positive", "type": "Article", "tickers": ["ADA", "BNB", "BTC", "DOGE", "ETH", "USDT", "XRP"]}, {"news_url": "https://finbold.com/number-of-bitcoin-whales-falls-around-5-in-4-days-is-a-further-btc-price-decrease-imminent/?SNAPI", "image_url": "https://crypto.snapi.dev/images/v1/v/x/number-of-bitcoin-whales-falls-around-5-in-4-days-is-a-further-btc-price-decrease-imminent-128785.jpg", "title": "Number of Bitcoin whales falls around 5% in 4 days; Is a further BTC price decrease imminent?", "text": "As the overall value of the cryptocurrency market drops back below the $2 trillion capitalization and the price of Bitcoin.", "source_name": "Finbold", "date": "Wed, 13 Apr 2022 09:44:33 -0400", "topics": ["whales"], "sentiment": "Negative", "type": "Article", "tickers": ["BTC"]}, {"news_url": "https://coinmarketcap.com/alexandria/article/study-claims-that-bitcoin-fans-have-dark-tetrad-traits", "image_url": "https://crypto.snapi.dev/images/v1/1/2/52361630fa7345d8b93491fc52c6fd06-128802.jpg", "title": "Study Claims That Bitcoin Fans Have \"Dark Tetrad\" Traits", "text": "A study in Personality and Individual Differences claims to have found a correlation between tendencies like psychopathy and narcissism and investing in crypto.", "source_name": "CoinMarketCap", "date": "Wed, 13 Apr 2022 09:35:50 -0400", "topics": [], "sentiment": "Negative", "type": "Article", "tickers": ["BTC"]}, {"news_url": "https://news.bitcoin.com/bitcoin-ethereum-technical-analysis-btc-moves-below-40000-some-anticipating-drop-to-30000/", "image_url": "https://crypto.snapi.dev/images/v1/1/c/shutterstock-1730059264-128781.jpg", "title": "Bitcoin, Ethereum Technical Analysis: BTC Moves Below $40,000, Some Anticipating Drop to $30,000", "text": "After a boost on Tuesday, following the release of U.S. inflation data, bitcoin prices were once again lower on Wednesday. BTC has mainly traded below $40,000 during the session, with ETH continuing to hover above the $3,000 level. Bitcoin Following a slight rebound in price during yesterday's session, BTC fell below $40,000 earlier today, and [\u2026]", "source_name": "Bitcoin", "date": "Wed, 13 Apr 2022 09:33:59 -0400", "topics": ["tanalysis"], "sentiment": "Negative", "type": "Article", "tickers": ["BTC"]}, {"news_url": "https://cryptodaily.co.uk/2022/04/ethereum-merge-trials-successfully-on-shadow-fork", "image_url": "https://crypto.snapi.dev/images/v1/a/r/ethereum-eth-128776.jpg", "title": "Ethereum Merge Trials Successfully On Shadow Fork", "text": "Ethereum's upgrade from a PoW mechanism to PoS successfully completed the essential Merge testing stage, which was trialed on a shadow fork.\u00a0 Shadow Fork Testing Successful The shadow fork is a private mainnet staging area where The Merge trial was conducted.", "source_name": "Crypto Daily", "date": "Wed, 13 Apr 2022 09:30:00 -0400", "topics": ["upgrade"], "sentiment": "Positive", "type": "Article", "tickers": ["ETH"]}, {"news_url": "https://coingape.com/?p=108539", "image_url": "https://crypto.snapi.dev/images/v1/u/l/xrp-logo-featured-e1649338133335-128775.png", "title": "XRP Price Prediction XRP Correction Tags 0.618 Fibonacci Retracement", "text": "On March 28th, the Ripple(XRP) price turned down from the $0.93 high and breached a dynamic support trendline on April 5th. The sustained selling tumbled the altcoin by 15% and plummeted to the $0.618 FIB level.", "source_name": "Coingape", "date": "Wed, 13 Apr 2022 09:28:53 -0400", "topics": [], "sentiment": "Negative", "type": "Article", "tickers": ["XRP"]}, {"news_url": "https://www.investingcube.com/solana-price-prediction-sol-to-retest-95-unless-this-happens-cryptocurrencies/", "image_url": "https://crypto.snapi.dev/images/v1/4/r/shutterstock-1923595874-1024x576-1-128770.jpg", "title": "Solana Price Prediction: SOL to Retest $95 Unless This Happens", "text": "What is the forecast for Solana price as its price retreats? We explain what to expect now that it has continued being under pressure.", "source_name": "InvestingCube", "date": "Wed, 13 Apr 2022 09:18:19 -0400", "topics": [], "sentiment": "Negative", "type": "Article", "tickers": ["SOL"]}, {"news_url": "https://en.cryptonomist.ch/2022/04/13/will-ethereum-rise-above-10000/", "image_url": "https://crypto.snapi.dev/images/v1/e/w/ethereum-price-10000-300x200-128784.jpg", "title": "Will Ethereum rise above $10,000?", "text": "Could the price of ETH round-up by the end of the current cycle and hit $10,000?", "source_name": "The Cryptonomist", "date": "Wed, 13 Apr 2022 09:07:38 -0400", "topics": [], "sentiment": "Positive", "type": "Article", "tickers": ["ETH"]}, {"news_url": "https://www.cryptopolitan.com/4000-bitcoin-whales-are-extremely-bullish/", "image_url": "https://crypto.snapi.dev/images/v1/e/i/bitcoin-g9f30817c1-1280-1-1-128766.jpg", "title": "Data shows Bitcoin whales are extremely bullish, made 4,000 txs exceeding $1 million", "text": "TL;DR Breakdown Bitcoin whales' activities are indicating an incoming Bitcoin price reversal. The mega investors are carrying out a colossal number of transactions daily.", "source_name": "Cryptopolitan", "date": "Wed, 13 Apr 2022 09:02:58 -0400", "topics": ["whales"], "sentiment": "Positive", "type": "Article", "tickers": ["BTC"]}, {"news_url": "https://decrypt.co/97709/ethereum-merge-pushed-to-q3-as-final-chapter-of-proof-of-work-looms", "image_url": "https://crypto.snapi.dev/images/v1/k/b/shutterstock-2112528782-gid-1-128764.jpg", "title": "Ethereum Merge Pushed to Q3 As 'Final Chapter' of Proof-of-Work Looms", "text": "The Ethereum 2.0 upgrade that will see the network switch to proof-of-stake will come \u2018in the few months after' June, according to devs.", "source_name": "Decrypt", "date": "Wed, 13 Apr 2022 08:54:26 -0400", "topics": [], "sentiment": "Positive", "type": "Article", "tickers": ["ETH"]}, {"news_url": "https://www.investingcube.com/bitcoin-price-prediction-what-federal-regulations-means-for-btc/", "image_url": "https://crypto.snapi.dev/images/v1/g/a/shutterstock-1311823757-128763.jpg", "title": "Bitcoin Price Prediction: What Federal Regulations Means for BTC", "text": "On April 11, the Bitcoin price slid to below $40,000 for the first time since March 16 after a drop of 6 percent on that day.", "source_name": "InvestingCube", "date": "Wed, 13 Apr 2022 08:50:23 -0400", "topics": ["regulations"], "sentiment": "Neutral", "type": "Article", "tickers": ["BTC"]}, {"news_url": "https://coinpedia.org/price-analysis/ethereum-eth-price-eyes-at-a-20-upswing-will-it-achieve-3500-before-the-weekend/", "image_url": "https://crypto.snapi.dev/images/v1/a/g/crypto3-128762.jpg", "title": "Ethereum (ETH) Price Eye's at a 20% Upswing! Will it Achieve $3500 Before the End of the Week?", "text": "The second-largest crypto, Ethereum is finally following the star crypto and consolidating strongly around $3000 for a pretty long time. Despite BTC's price slumping below $40,000, the ETH price maintained its trend above $3000. However, after a brief plunge below these levels, the price appears primed to regain the lost levels above $3500 very soon.\u00a0 \u2026", "source_name": "CoinPedia", "date": "Wed, 13 Apr 2022 08:50:01 -0400", "topics": [], "sentiment": "Positive", "type": "Article", "tickers": ["ETH"]}, {"news_url": "https://coinpedia.org/bitcoin/bitcoin-traders-expect-btc-price-to-recover/", "image_url": "https://crypto.snapi.dev/images/v1/p/b/bitcoin-canada-128130-128280-128757.jpg", "title": "Can Bitcoin Traders Expect BTC Price To Recover Anytime Soon?", "text": "From 2021 highs at $65,000, Bitcoin has fallen to as low as below $40,000 level. Currently, Bitcoin is trading at $39,867 with a drop of 1.17% over the last 24hrs. After the recent decline to $36,000, Bitcoin did bounce back to over $47,000 before sliding again to the current price. The possible economic recession and \u2026", "source_name": "CoinPedia", "date": "Wed, 13 Apr 2022 08:45:39 -0400", "topics": [], "sentiment": "Positive", "type": "Article", "tickers": ["BTC"]}, {"news_url": "https://cryptoverze.com/investing-in-solana-could-boost-your-crypto-portfolio/", "image_url": "https://crypto.snapi.dev/images/v1/1/z/sol-1-127355-128756.jpg", "title": "Investing in Solana could boost your crypto portfolio.", "text": "With a market cap of $37 billion, Solana ( SOL 0.64% ) is the sixth-largest cryptocurrency with a price increase of almost 15,000% since its launch in 2017. The fast-growing asset is still in its early stages of reaching its long-term potential. Why Solana? This cryptocurrency is one of several next-generation cryptocurrencies being dubbed \u201cEthereum...", "source_name": "Cryptoverze", "date": "Wed, 13 Apr 2022 08:45:06 -0400", "topics": [], "sentiment": "Positive", "type": "Article", "tickers": ["SOL"]}, {"news_url": "https://cryptopotato.com/bexplus-exchange-offers-100-deposit-bonus-for-ada-doge-btc-eth-usdt-xrp/", "image_url": "https://crypto.snapi.dev/images/v1/s/l/bexplus-128754.jpg", "title": "Bexplus Exchange Offers 100% Deposit Bonus For ADA, DOGE, BTC, ETH, USDT, XRP", "text": "[PRESS RELEASE \u2013 Please Read Disclaimer] To help traders earn more cryptocurrency, leading crypto derivatives exchange Bexplus has launched a 100% deposit bonus promotion to all traders. If you deposit 1 BTC, 2 BTC will be credited to your account.", "source_name": "CryptoPotato", "date": "Wed, 13 Apr 2022 08:43:29 -0400", "topics": [], "sentiment": "Neutral", "type": "Article", "tickers": ["ADA", "BTC", "DOGE", "ETH", "USDT", "XRP"]}, {"news_url": "https://www.fool.com/investing/2022/04/13/how-this-company-just-mined-1134-bitcoins-in-march/", "image_url": "https://crypto.snapi.dev/images/v1/a/n/andre-francois-mckenzie-jrjhtbj-pgu-unsplash-e1649755235592-128556-128752.jpg", "title": "How This Company Just Mined 1,134 Bitcoins in March", "text": "Core Scientific is ramping up its Bitcoin production and increasing its leadership in the field.", "source_name": "The Motley Fool", "date": "Wed, 13 Apr 2022 08:30:00 -0400", "topics": ["bitcoin"], "sentiment": "Neutral", "type": "Article", "tickers": ["BTC"]}, {"news_url": "https://www.financemagnates.com/cryptocurrency/news/bitcoin-millionaire-sends-5100-btc-to-unknown-wallet/", "image_url": "https://crypto.snapi.dev/images/v1/q/k/bitcoin-id-4d4cad72-bb7a-40ec-9a8f-39c08a331e44-size900-128742.jpg", "title": "Bitcoin Millionaire Sends 5,100 BTC to Unknown Wallet", "text": "Leading Bitcoin network indicators remained weak in the last few days amid a drop in interest from retail and institutional BTC investors. However, some large crypto addresses are still executing multi-million dollars Bitcoin transactions.", "source_name": "FinanceMagnates", "date": "Wed, 13 Apr 2022 08:27:00 -0400", "topics": [], "sentiment": "Neutral", "type": "Article", "tickers": ["BTC"]}, {"news_url": "https://cryptoverze.com/among-the-4-new-tokens-added-to-robinhood-are-shiba-inu-and-solana/", "image_url": "https://crypto.snapi.dev/images/v1/k/7/14016-128233-128739.jpg", "title": "Among the 4 new tokens added to Robinhood are Shiba Inu and Solana", "text": "Four popular cryptocurrencies, including Shiba Inu and Solana, have been listed on Robinhood, according to the website. A Robinhood confirmed the offerings in a blog post. Tokens SHIB, SOL, MATIC from Polygon, and COMP from Compound have been added to Robinhood Crypto, the platform's crypto-focused trading platform. In the past hour, Shib prices rose by...", "source_name": "Cryptoverze", "date": "Wed, 13 Apr 2022 08:25:08 -0400", "topics": [], "sentiment": "Neutral", "type": "Article", "tickers": ["SHIB", "SOL"]}, {"news_url": "https://cointelegraph.com/news/stablecoins-are-the-perfect-trojan-horse-for-bitcoin-says-tether-cto", "image_url": "https://crypto.snapi.dev/images/v1/o/a/840-ahr0chm6ly9zmy5jb2ludgvszwdyyxbolmnvbs91cgxvywrzlziwmjitmdqvnda3ogfjyjutmtfjns00yzg4ltgyywutzmqwzwvkztkwmtmylmpwzw-128738.jpg", "title": "Stablecoins are the perfect trojan horse for Bitcoin, says Tether CTO", "text": "Bitfinex and Tether CTO, Paolo Ardoino spoke to Cointelegraph about cryptocurrency adoption in Europe.", "source_name": "Cointelegraph", "date": "Wed, 13 Apr 2022 08:22:37 -0400", "topics": ["stablecoins"], "sentiment": "Positive", "type": "Article", "tickers": ["BTC"]}, {"news_url": "https://cryptonews.com/news/bitcoin-and-ethereum-struggle-to-recover-shib-trims-gains.htm", "image_url": "https://crypto.snapi.dev/images/v1/m/h/what-next-for-bitcoin-prices-as-they-struggle-close-to-40000-128043-128729.jpg", "title": "Bitcoin and Ethereum Struggle to Recover, SHIB Trims Gains", "text": "Bitcoin price attempted a recovery wave above the USD 40,500 level. However, BTC struggled to gain strength for a clear move. It is currently (11:51 UTC) trading near USD 39,900 and remains at risk of more downsides below USD 39,500.", "source_name": "Cryptonews", "date": "Wed, 13 Apr 2022 08:04:00 -0400", "topics": [], "sentiment": "Neutral", "type": "Article", "tickers": ["BTC", "ETH", "SHIB"]}, {"news_url": "https://bitcoinmagazine.com/business/zebedee-and-fumb-gaming-partner-for-online-bitcoin-mining-simulator", "image_url": "https://crypto.snapi.dev/images/v1/w/u/video-game-vr-128723.png", "title": "ZEBEDEE And Fumb Gaming Partner For Online Bitcoin Mining Simulator", "text": "\u201cBitcoin Miner\u201d is an idle mobile gaming app that allows users to passively earn real bitcoin and learn about mining bitcoin by managing a mining simulation.", "source_name": "Bitcoin Magazine", "date": "Wed, 13 Apr 2022 08:00:00 -0400", "topics": ["mining"], "sentiment": "Neutral", "type": "Article", "tickers": ["BTC"]}, {"news_url": "https://www.dcforecasts.com/ripple-news/ripple-labs-claims-to-have-a-big-win-in-the-sec-case/", "image_url": "https://crypto.snapi.dev/images/v1/q/k/xrp-coin-126733-128721.jpg", "title": "Ripple Labs Claims To Have A Big Win In The SEC Case", "text": "Ripple Labs claims to have a big win in the SEC case as the Judge denied the SEC's motion to review documents that could not be material to the prosecution so let's read more in today's latest Ripple news. Ripple Labs claims to have made a small victory in the SEC case after a judge [\u2026]", "source_name": "DCForecasts", "date": "Wed, 13 Apr 2022 07:58:34 -0400", "topics": ["regulations"], "sentiment": "Positive", "type": "Article", "tickers": ["XRP"]}, {"news_url": "https://coinpedia.org/bitcoin/bitcoin-bulls-vs-bitcoin-bears-at-40000-will-bulls-succeed-to-uplift-the-btc-pricr-above-42000/", "image_url": "https://crypto.snapi.dev/images/v1/e/j/golden-bitcoin-dollar-128526-128720.jpg", "title": "Bitcoin Bulls Vs Bitcoin Bears At $40,000! Will Bulls Succeed to Uplift the BTC price Above $42,000?", "text": "Bitcoin price is hovering around the same levels for a pretty long time and the current consolidation points toward a notable uptrend. As the crypto space is trying to recover hard from the previous day's loss, the ber still appears to maintain an upper hand. Therefore, the popular assets may witness another plunge in the \u2026", "source_name": "CoinPedia", "date": "Wed, 13 Apr 2022 07:51:48 -0400", "topics": [], "sentiment": "Neutral", "type": "Article", "tickers": ["BTC"]}, {"news_url": "https://investorplace.com/2022/04/4-ethereum-killers-to-buy-if-youre-an-eth-bear/", "image_url": "https://crypto.snapi.dev/images/v1/c/r/crypto17-128761.jpg", "title": "4 Ethereum Killers to Buy if You're an ETH Bear", "text": "There are many potential heirs to Ethereum's throne. This list focuses on the best ETH killers there currently are and why.", "source_name": "Investorplace", "date": "Wed, 13 Apr 2022 07:51:03 -0400", "topics": [], "sentiment": "Positive", "type": "Article", "tickers": ["ADA", "DOT", "EOS", "SOL"]}, {"news_url": "https://www.dcforecasts.com/bitcoin-news/bitcoin-managed-to-recover-40k-amid-wider-market-slump/", "image_url": "https://crypto.snapi.dev/images/v1/j/s/andre-francois-mckenzie-jrjhtbj-pgu-unsplash-e1649755235592-128556-128712.jpg", "title": "Bitcoin Managed To Recover $40K Amid Wider Market Slump", "text": "Bitcoin managed to recover $40K amid the wider market slump and ETH also recovered a key level even as the global market cap dropped further overnight so let's read more in today's latest Bitcoin news. BTC rallied to reclaim the $40K price point following a crash that saw it drop 15% in one day.", "source_name": "DCForecasts", "date": "Wed, 13 Apr 2022 07:50:35 -0400", "topics": [], "sentiment": "Positive", "type": "Article", "tickers": ["BTC"]}, {"news_url": "https://dailyhodl.com/2022/04/13/will-the-us-dollar-decide-bitcoins-next-move-analyst-benjamin-cowen-looks-at-btcs-connection-to-usd/", "image_url": "https://crypto.snapi.dev/images/v1/o/s/dollar-decide-bitcoinjpegw1024-128702.jpg", "title": "Will the US Dollar Decide Bitcoin's Next Move? Analyst Benjamin Cowen Looks at BTC's Connection to USD", "text": "Popular crypto analyst Benjamin Cowen says Bitcoin (BTC) traders should pay close attention to the US dollar index (DXY). In a new YouTube update, Cowen tells his 725,000 subscribers that bullishness for the DXY tends to be bad for Bitcoin. According to data from MarketWatch, the dollar index has been on a relatively steady uptrend [\u2026] The post Will the US Dollar Decide Bitcoin's Next Move? Analyst Benjamin Cowen Looks at BTC's Connection to USD appeared first on The Daily Hodl.", "source_name": "The Daily Hodl", "date": "Wed, 13 Apr 2022 07:45:52 -0400", "topics": [], "sentiment": "Neutral", "type": "Article", "tickers": ["BTC"]}, {"news_url": "https://u.today/331-million-xrp-shifted-by-ripple-and-exchanges-including-odl-bridge-bought-by-ex-binance-cfo?SNAPI", "image_url": "https://crypto.snapi.dev/images/v1/c/e/14045-128674.jpg", "title": "331 Million XRP Shifted by Ripple and Exchanges, Including ODL Bridge Bought by Ex-Binance CFO", "text": "As the crypto market goes green, exchanges have moved nearly 332 million XRP with Ripple participating in these transactions in the past two days", "source_name": "UToday", "date": "Wed, 13 Apr 2022 07:32:00 -0400", "topics": [], "sentiment": "Positive", "type": "Article", "tickers": ["XRP"]}, {"news_url": "https://www.fool.com/investing/2022/04/13/could-bitcoin-100x-this-billionaire-investor-think/", "image_url": "https://crypto.snapi.dev/images/v1/b/i/bitcoin-climbs-above-crucial-40000-mark-as-fed-ponders-interest-rate-hike-128128-128557-128716.jpg", "title": "Could Bitcoin 100x? This Billionaire Investor Thinks So", "text": "Paypal co-Founder Peter Thiel thinks Bitcoin could still make you rich. Here's why.", "source_name": "The Motley Fool", "date": "Wed, 13 Apr 2022 07:30:00 -0400", "topics": [], "sentiment": "Neutral", "type": "Article", "tickers": ["BTC"]}, {"news_url": "https://www.dcforecasts.com/dogecoin-news/robinhood-added-shib-comp-sol-and-matic-to-its-platform/", "image_url": "https://crypto.snapi.dev/images/v1/t/3/robinhood-128658.png", "title": "Robinhood Added SHIB, COMP, SOL and MATIC To Its Platform", "text": "Robinhood added SHIB, COMP, SOL, and MATIC to its trading platform however at the time, there hasn't been an official announcement of the listing so let's read more today in our latest altcoin news today. Robinhood added SHIB, alongside Compound's COMP and Solana's SOL token to its platform and although there hasn't been an announcement [\u2026]", "source_name": "DCForecasts", "date": "Wed, 13 Apr 2022 07:27:24 -0400", "topics": [], "sentiment": "Neutral", "type": "Article", "tickers": ["COMP", "MATIC", "SHIB", "SOL"]}, {"news_url": "https://ambcrypto.com/inside-lbanks-bitcoin-miami-exhibition-sponsorship-and-satellite-event/", "image_url": "https://crypto.snapi.dev/images/v1/l/e/lbank-128655.jpg", "title": "Inside LBank's Bitcoin Miami Exhibition, sponsorship, and satellite event", "text": "Global crypto exchange, LBank, joined Bitcoin Miami 2022 as a first-time sponsor and exhibitor, attracting more than 500 attendees to their satellite event, and announcing their many ambitions in the United States.\u00a0 As one of the biggest crypto events in the US, Bitcoin Miami 2022 gathered over 35,000 attendees, making it the biggest Bitcoin gathering [\u2026]", "source_name": "AMBCrypto", "date": "Wed, 13 Apr 2022 07:15:20 -0400", "topics": [], "sentiment": "Neutral", "type": "Article", "tickers": ["BTC"]}, {"news_url": "https://crypto.news/altcoin-watch-shib-sol-matic-comp-soar-robinhood-listing/", "image_url": "https://crypto.snapi.dev/images/v1/a/r/solsolana-dotpolkadot-and-adacardano-lead-altcoins-charge-as-2021-closes-its-curtains-128792.jpg", "title": "Altcoin Watch: SHIB, SOL, MATIC, and COMP Prices Soar after Robinhood Listing", "text": "Several major altcoins experienced rapid growth following their listing on the Robinhood platform. Most investors positively perceive their price and capitalization growth potential.", "source_name": "Crypto news", "date": "Wed, 13 Apr 2022 07:00:00 -0400", "topics": [], "sentiment": "Positive", "type": "Article", "tickers": ["COMP", "MATIC", "SHIB", "SOL"]}, {"news_url": "https://coingape.com/?p=108450", "image_url": "https://crypto.snapi.dev/images/v1/x/v/bitcoin-whales-128644.jpg", "title": "Bitcoin (BTC) Whale Trade Suggests Recovery From $40k, Here's Why", "text": "Bitcoin (BTC) has fallen sharply from its 2022 highs, and is currently languishing in a trading pattern seen for most of the year. But the token's relatively lower valuation is attracting dip buying by long-term traders with large holdings.", "source_name": "Coingape", "date": "Wed, 13 Apr 2022 06:54:16 -0400", "topics": ["whales"], "sentiment": "Positive", "type": "Article", "tickers": ["BTC"]}, {"news_url": "https://ambcrypto.com/robinhoods-new-sol-mate-goes-shopping-in-search-of-liquidity/", "image_url": "https://crypto.snapi.dev/images/v1/x/c/piggybank-sk-ziqvkgsk-unsplash-2-128639.jpg", "title": "Robinhood's new SOL-mate goes shopping in search of liquidity", "text": "A lot of cryptocurrencies might think they're too cool for the centralized crowd, but a little mainstream acceptance can be nice, and four crypto assets discovered just that as they were listed on the trading platform Robinhood. These were Shiba Inu [SHIB], Solana [SOL], Polygon [MATIC], and Compound [COMP].", "source_name": "AMBCrypto", "date": "Wed, 13 Apr 2022 06:30:10 -0400", "topics": [], "sentiment": "Neutral", "type": "Article", "tickers": ["SOL"]}, {"news_url": "https://cryptonews.com/news/lukewarm-reaction-from-xrp-as-ripple-claims-another-big-win-against-the-us-sec.htm", "image_url": "https://crypto.snapi.dev/images/v1/a/d/adobestock-lumerb-11-128640.jpg", "title": "Lukewarm Reaction from XRP as Ripple Claims Another \u2018Big Win' Against the US SEC", "text": "The price of XRP, the coin associated with the American fintech firm Ripple, rose modestly today after news of what one lawyer called \u201ca very big win for Ripple\u201d in an ongoing court battle against the US Securities and Exchange Commission (SEC).", "source_name": "Cryptonews", "date": "Wed, 13 Apr 2022 06:30:00 -0400", "topics": ["regulations"], "sentiment": "Positive", "type": "Article", "tickers": ["XRP"]}, {"news_url": "https://cryptobriefing.com/polkadot-kusama-flash-buy-signals/?utm_source=main_feed&utm_medium=rss", "image_url": "https://crypto.snapi.dev/images/v1/g/q/shutterstock-1827607955-838x440-128643.png", "title": "Polkadot, Kusama Flash Buy Signals", "text": "Polkadot and Kusama are showing an optimistic outlook as buy signals appear.", "source_name": "Crypto Briefing", "date": "Wed, 13 Apr 2022 06:20:24 -0400", "topics": [], "sentiment": "Positive", "type": "Article", "tickers": ["DOT", "KSM"]}, {"news_url": "https://www.fool.com/investing/2022/04/13/should-you-buy-ethereum-before-or-after-the-merge/", "image_url": "https://crypto.snapi.dev/images/v1/e/t/ethereum-price-analysis-2022-04-12-128328-128706.png", "title": "Should You Buy Ethereum Before or After \"The Merge\"?", "text": "Ethereum is about to change its fundamental code again, and this update is a big one. Should this event change your investment plans?", "source_name": "The Motley Fool", "date": "Wed, 13 Apr 2022 06:17:00 -0400", "topics": [], "sentiment": "Neutral", "type": "Article", "tickers": ["ETH"]}, {"news_url": "https://www.financemagnates.com/cryptocurrency/news/ripple-lawyer-claims-a-very-big-win-against-sec-in-court/", "image_url": "https://crypto.snapi.dev/images/v1/k/d/ripple20xrp-id-7601d6ca-738a-466a-9f3e-7a436088a1b7-size900-128637.jpg", "title": "Ripple Lawyer Claims \u201ca Very Big Win\u201d against SEC in Court", "text": "The legal battle between Ripple and the Securities and Exchange Commission (SEC) continues, but the blockchain company claimed a major win against the financial regulator.", "source_name": "FinanceMagnates", "date": "Wed, 13 Apr 2022 06:14:00 -0400", "topics": ["regulations"], "sentiment": "Positive", "type": "Article", "tickers": ["XRP"]}, {"news_url": "https://coingape.com/?p=108443", "image_url": "https://crypto.snapi.dev/images/v1/i/3/luna-foundation-guard-lfg-bitcoin-btc-128636.webp", "title": "Terra's Additional 2508 Bitcoin Buy Fails To Stimulate Prices, Here's Why", "text": "Terra community The Luna Foundation Guard (LFG) on Wednesday added about 2508 bitcoins worth over $100 million to its Bitcoin treasury. The latest buy has increased the LFG's wallet address holding to 42,406.92 BTC.", "source_name": "Coingape", "date": "Wed, 13 Apr 2022 06:13:40 -0400", "topics": [], "sentiment": "Negative", "type": "Article", "tickers": ["BTC", "LUNA"]}, {"news_url": "https://beincrypto.com/determining-bitcoins-btc-correlation-to-the-dollar-index/", "image_url": "https://crypto.snapi.dev/images/v1/p/k/btc-dxy-spjpgoptimal-128635.jpg", "title": "Determining Bitcoin's (BTC) Correlation to the Dollar Index and the S&P 500", "text": "In this article, Be[in]Crypto takes a look at the price movement of Bitcoin (BTC), the dollar index (DXY), and the S&P 500 (SPX). The post Determining Bitcoin's (BTC) Correlation to the Dollar Index and the S&P 500 appeared first on BeInCrypto.", "source_name": "BeInCrypto", "date": "Wed, 13 Apr 2022 06:00:00 -0400", "topics": [], "sentiment": "Neutral", "type": "Article", "tickers": ["BTC"]}, {"news_url": "https://coingape.com/?p=108463", "image_url": "https://crypto.snapi.dev/images/v1/d/a/solana-128625.jpg", "title": "Solana Price Prediction: An Inverted Hammer Candlestick Indicates A 38% Upside", "text": "Sol price is consolidating below the critical moving averages since April 9. Currently, the sol buyers are making efforts to make a comeback, but face upside challenges.", "source_name": "Coingape", "date": "Wed, 13 Apr 2022 05:34:54 -0400", "topics": [], "sentiment": "Positive", "type": "Article", "tickers": ["SOL"]}, {"news_url": "https://finbold.com/celsius-ceo-recession-to-hit-the-u-s-next-year-sell-stocks-and-buy-more-bitcoins/?SNAPI", "image_url": "https://crypto.snapi.dev/images/v1/3/2/celsius-ceo-recession-to-hit-the-us-next-year-sell-stocks-and-buy-more-bitcoins-2-128619.jpg", "title": "Celsius CEO: Recession to hit the U.S. next year \u2013 sell stocks and \u2018buy more Bitcoins'", "text": "In light of the Federal Reserve's aggressive tightening policies, which are exerting significant pressure on the United States economy, some.", "source_name": "Finbold", "date": "Wed, 13 Apr 2022 05:08:23 -0400", "topics": ["bitcoin"], "sentiment": "Neutral", "type": "Article", "tickers": ["BTC"]}, {"news_url": "https://www.cryptopolitan.com/binance-coin-price-analysis-2022-04-13/", "image_url": "https://crypto.snapi.dev/images/v1/l/5/binance-coin-price-analysis-2022-03-10-128615.png", "title": "Binance Coin price analysis: BNB holds above $415 amid BTC's retreat to $40,140", "text": "TL;DR Breakdown Binance Coin price analysis shows a positive market sentiment BNB is facing resistance at the $420.34 level The key support level lies at $406.64 The Binance coin price [\u2026]", "source_name": "Cryptopolitan", "date": "Wed, 13 Apr 2022 04:52:58 -0400", "topics": ["tanalysis"], "sentiment": "Neutral", "type": "Article", "tickers": ["BNB", "BTC"]}, {"news_url": "https://cointelegraph.com/news/bitcoin-price-levels-to-watch-as-terra-buys-2-5k-btc-to-nearly-match-tesla", "image_url": "https://crypto.snapi.dev/images/v1/o/2/840-ahr0chm6ly9zmy5jb2ludgvszwdyyxbolmnvbs91cgxvywrzlziwmjitmdqvnzezn2u0nzmtzwviyy00m2zhltgzmtgtyzm1njiwyzbkogmxlmpwzw-128614.jpg", "title": "Bitcoin price levels to watch as Terra buys 2.5K BTC to nearly match Tesla", "text": "Things are looking precarious for Bitcoin this week, with concrete rebound predictions absent for the short term.", "source_name": "Cointelegraph", "date": "Wed, 13 Apr 2022 04:51:39 -0400", "topics": [], "sentiment": "Positive", "type": "Article", "tickers": ["BTC", "LUNA"]}, {"news_url": "https://cryptopotato.com/bitcoin-struggles-at-40k-shiba-inu-soared-to-2-month-highs-amid-robinhood-listing-market-watch/", "image_url": "https://crypto.snapi.dev/images/v1/5/9/shibainuath-128613.jpg", "title": "Bitcoin Struggles at $40K, Shiba Inu Soared to 2-Month Highs Amid Robinhood Listing (Market Watch)", "text": "Shiba Inu skyrocketed to a two-month high at $0.00003, while bitcoin continues to struggle around $40,000.", "source_name": "CryptoPotato", "date": "Wed, 13 Apr 2022 04:47:17 -0400", "topics": [], "sentiment": "Neutral", "type": "Article", "tickers": ["BTC", "SHIB"]}, {"news_url": "https://coinpedia.org/price-analysis/bitcoin-ethereum-cardano-ripple-price-analysis-for-today-13-april-2022/", "image_url": "https://crypto.snapi.dev/images/v1/b/x/crypto2021-id-e55899ff-17ab-4b9f-97be-f1e0931aa33c-size900-120691-122368-124173-126106-128609.jpg", "title": "Bitcoin, Ethereum, Cardano, Ripple Price Analysis For Today: 13 April 2022", "text": "The crypto space is currently undergoing a notable change from the previous day's trend as most of the crypto assets are trying to stabalize a significant uptrend. As most of the altcoins are trading in the green zone, the present-day trade may also witness a healthy consolidation or a minor recovery from the previous day's \u2026", "source_name": "CoinPedia", "date": "Wed, 13 Apr 2022 04:33:00 -0400", "topics": ["tanalysis"], "sentiment": "Neutral", "type": "Article", "tickers": ["ADA", "BTC", "ETH", "XRP"]}, {"news_url": "https://u.today/terra-buys-additional-100-million-worth-of-bitcoin?SNAPI", "image_url": "https://crypto.snapi.dev/images/v1/2/z/14037-128608.jpg", "title": "Terra Buys Additional $100 Million Worth of Bitcoin", "text": "Terra's Luna Foundation Guard continues to increase its Bitcoin reserves, but its recent purchases have failed to move the market", "source_name": "UToday", "date": "Wed, 13 Apr 2022 04:32:00 -0400", "topics": [], "sentiment": "Positive", "type": "Article", "tickers": ["BTC", "LUNA"]}, {"news_url": "https://cryptodaily.co.uk/2022/04/bitcoin-inflection-point-janet-yellen-acknowledges-crypto-s-disruptive-potential", "image_url": "https://crypto.snapi.dev/images/v1/s/z/janet-yellen-btc-128610.jpg", "title": "Bitcoin Inflection Point? Janet Yellen Acknowledges Crypto's Disruptive Potential", "text": "The US Treasury Secretary Janet Yellen gave a speech about digital assets at the American University, Washington DC, and spoke about the digital assets policy, innovation, and regulation. She acknowledged crypto and its wide-ranging potential but also threw her backing behind sovereign money.", "source_name": "Crypto Daily", "date": "Wed, 13 Apr 2022 04:30:00 -0400", "topics": [], "sentiment": "Positive", "type": "Article", "tickers": ["BTC"]}, {"news_url": "https://blockonomi.com/ethereums-merge-is-so-close-as-first-mainnet-shadow-fork-goes-live/", "image_url": "https://crypto.snapi.dev/images/v1/i/m/ethereum-1-1024x682-128605.jpg", "title": "Ethereum's Merge Is So Close As First Mainnet Shadow Fork Goes Live", "text": "On Monday, April 11, Ethereum developers conducted the first Proof-of-Stake test on the Ethereum blockchain. This deployment was named \u201cmainnet shadow fork\u201d by Ethereum developer Marius van der Wijden.", "source_name": "Blockonomi", "date": "Wed, 13 Apr 2022 04:29:49 -0400", "topics": ["upgrade"], "sentiment": "Neutral", "type": "Article", "tickers": ["ETH"]}, {"news_url": "https://cryptopotato.com/acala-anchor-join-forces-to-unite-terra-and-polkadot-defi-ecosystems/", "image_url": "https://crypto.snapi.dev/images/v1/x/o/polkadot-terra-128604.jpg", "title": "Acala, Anchor Join Forces to Unite Terra and Polkadot DeFi Ecosystems", "text": "Anchor has announced integration with Anchor Protocol to enhance the decentralized stablecoin space of Terra and Polkadot ecosystems.\u00a0", "source_name": "CryptoPotato", "date": "Wed, 13 Apr 2022 04:17:42 -0400", "topics": [], "sentiment": "Positive", "type": "Article", "tickers": ["DOT", "LUNA"]}, {"news_url": "https://www.newsbtc.com/news/company/foresight-ventures-guided-early-stage-builders-on-their-web3-journey-as-bitcoin-2022-sponsor/", "image_url": "https://crypto.snapi.dev/images/v1/k/g/picture74-128595.jpg", "title": "Foresight Ventures Guided Early-Stage Builders on Their Web3 Journey as Bitcoin 2022 Sponsor", "text": "More than 30,000 crypto enthusiasts flocked to Miami for industry's flagship annual conference Bitcoin 2022 in Miami was a rousing success as expected, with tens of thousands of crypto enthusiasts and industry luminaries descending on the city for the annual event, and Foresight Ventures was there for every thrilling moment as an event sponsor. Foresight Ventures had a number of goals it set out to achieve during the conference, including forming new partnerships and playing a part in guiding the next generation of Web3 companies toward success.", "source_name": "NewsBTC", "date": "Wed, 13 Apr 2022 04:01:57 -0400", "topics": [], "sentiment": "Neutral", "type": "Article", "tickers": ["BTC"]}, {"news_url": "https://beincrypto.com/bitcoin-btc-struggles-sustain-rebound-rally-above-40000/", "image_url": "https://crypto.snapi.dev/images/v1/b/l/bic-btc-onchain-analysis-128601.jpg", "title": "Bitcoin (BTC) Struggles to Sustain Rebound Rally Above $40,000", "text": "Bitcoin (BTC) rebounded at a minor diagonal support level near $40,000 but could still test the primary support zone between $37,000 and $38,000. The post Bitcoin (BTC) Struggles to Sustain Rebound Rally Above $40,000 appeared first on BeInCrypto.", "source_name": "BeInCrypto", "date": "Wed, 13 Apr 2022 04:00:00 -0400", "topics": [], "sentiment": "Negative", "type": "Article", "tickers": ["BTC"]}, {"news_url": "https://cryptonews.com/news/luna-foundation-guard-buys-additional-usd-100m-in-bitcoin-now-holds-btc-424k.htm", "image_url": "https://crypto.snapi.dev/images/v1/y/3/adobestock-mahoa-creative-11-128594.jpg", "title": "Luna Foundation Guard Buys Additional USD 100M in Bitcoin, Now Holds BTC 42.4K", "text": "The Luna Foundation Guard (LFG), a nonprofit organization established in the Republic of Singapore dedicated to creating a reserve protocol for the algorithmic stablecoin UST, has purchased an additional USD 100m worth of bitcoin (BTC), increasing its total holdings to just over BTC 42,400 (USD 1.7m).", "source_name": "Cryptonews", "date": "Wed, 13 Apr 2022 03:58:00 -0400", "topics": [], "sentiment": "Positive", "type": "Article", "tickers": ["BTC", "LUNA"]}, {"news_url": "https://thecurrencyanalytics.com/altcoins/defi-economy-looking-forward-to-ethereum-merge-40861.php", "image_url": "https://crypto.snapi.dev/images/v1/8/b/defi-economy-looking-forward-to-ethereum-merge-128592.jpg", "title": "Defi Economy Looking Forward to Ethereum Merge", "text": "Catch up on the latest crypto market news at The Currency Analytics. Curiosity is brewing with the coming of Ethereum \u201cMerge.", "source_name": "The Currency Analytics", "date": "Wed, 13 Apr 2022 03:51:49 -0400", "topics": [], "sentiment": "Neutral", "type": "Article", "tickers": ["ETH"]}, {"news_url": "https://en.cryptonomist.ch/2022/04/13/bitcoin-40k-ethereum-3k-xrp-price-analyses/", "image_url": "https://crypto.snapi.dev/images/v1/5/r/bitcoin-ethereum-red-cover-128111-128599.jpg", "title": "Bitcoin (40k), Ethereum (3k), XRP Price Analyses", "text": "The Fear and Greed Index is 25 Extreme Fear and is +5 from Tuesday's reading of 20 Extreme Fear.", "source_name": "The Cryptonomist", "date": "Wed, 13 Apr 2022 03:51:13 -0400", "topics": [], "sentiment": "Neutral", "type": "Article", "tickers": ["BTC", "ETH", "XRP"]}, {"news_url": "https://blockchain.news/news/ripple-scores-a-big-win-against-the-sec-as-court-denies-secs-motion", "image_url": "https://crypto.snapi.dev/images/v1/k/m/ccd7fbc35101d8a2fa8515738f68485f9cfdedd45e0b3058545af8a68710fea8-128590.jpg", "title": "Ripple Scores a Big Win against the SEC as Court Denies SEC's Motion", "text": "The ongoing legal battle between the United States Securities and Exchange Commission (SEC) and blockchain payments firm Ripple Labs Inc may be nearing its end, as Judge Sarah Netburn has denied the regulator's motion for Reconsideration of the DPP Ruling.", "source_name": "Blockchain News", "date": "Wed, 13 Apr 2022 03:45:55 -0400", "topics": ["regulations"], "sentiment": "Positive", "type": "Article", "tickers": ["XRP"]}, {"news_url": "https://insidebitcoins.com/news/5-next-cryptocurrency-to-explode-april-2022-week-3", "image_url": "https://crypto.snapi.dev/images/v1/x/i/1200z740-1608811627-2020-12-24-12-07-07-ea077f31541eeb7e11fb64dd813a0125-128579.jpg", "title": "5 Next Cryptocurrency to Explode \u2013 April 2022 Week 3", "text": "The cryptocurrency market has regained some ground after a few bad days. Its total cap stands at $1.97 trillion, up by 1.8% in the past [.", "source_name": "Inside Bitcoins", "date": "Wed, 13 Apr 2022 03:11:59 -0400", "topics": [], "sentiment": "Neutral", "type": "Article", "tickers": ["ADA", "LBLOCK", "LRC", "MATIC", "XRP"]}, {"news_url": "https://www.cryptopolitan.com/bitcoin-binance-coin-quant-and-enjin-daily-price-analyses-12-april-roundup/", "image_url": "https://crypto.snapi.dev/images/v1/y/v/840-ahr0chm6ly9zmy5jb2ludgvszwdyyxbolmnvbs91cgxvywrzlziwmjitmdmvndbhotu4zdgtmmflos00mje5ltgzogitnmmznjvjmdm3otc0lmpwzw-116124-119497-128567.jpg", "title": "Bitcoin, Binance Coin, Quant, and Enjin Daily Price Analyses \u2013 12 April Roundup", "text": "TL;DR Breakdown The global crypto market has improved much over the last 24 hours, adding 1.23%. Bitcoin has finally been able to turn bullish, adding 0.08% in 24 hours.", "source_name": "Cryptopolitan", "date": "Wed, 13 Apr 2022 02:35:43 -0400", "topics": [], "sentiment": "Neutral", "type": "Article", "tickers": ["BNB", "BTC", "ENJ", "QNT"]}, {"news_url": "https://www.cryptopolitan.com/polkadot-price-analysis-2022-04-13/", "image_url": "https://crypto.snapi.dev/images/v1/h/t/dot-7-1-2-128563.jpg", "title": "Polkadot price analysis: DOT prices correct higher while bulls defend the $17.00 support", "text": "TL;DR Breakdown Polkadot price analysis shows an uptrend DOT prices have set key support at the $17.0 level Polkadot prices are facing resistance at $18.00 Polkadot price analysis shows the [\u2026]", "source_name": "Cryptopolitan", "date": "Wed, 13 Apr 2022 02:21:30 -0400", "topics": ["tanalysis"], "sentiment": "Positive", "type": "Article", "tickers": ["DOT"]}, {"news_url": "https://crypto.news/ethereums-shadow-fork-network-merge/", "image_url": "https://crypto.snapi.dev/images/v1/i/g/eth-128560.jpg", "title": "Ethereum's Shadow Fork Sees Success as the Network Prepares for the Merge", "text": "Following yesterday's mainnet shadow fork, Ethereum is inching closer to becoming a proof-of-stake (PoS) consensus network. Meanwhile, the price of Ethereum has started to stabilize following a week of volatility.", "source_name": "Crypto news", "date": "Wed, 13 Apr 2022 02:00:00 -0400", "topics": ["upgrade"], "sentiment": "Positive", "type": "Article", "tickers": ["ETH"]}, {"news_url": "https://coinpedia.org/bitcoin/bitcoin-btc-price-will-not-drop-below-30k/", "image_url": "https://crypto.snapi.dev/images/v1/c/u/bitcoin-climbs-above-crucial-40000-mark-as-fed-ponders-interest-rate-hike-128128-128557.jpg", "title": "Bitcoin (BTC) Price Will Not Drop Below $30K, This is The Potential Low Traders Can Expect", "text": "Cryptocurrency values have stabilized today after a steep drop in the previous sessions. As traders bought the current slump, the crypto market was able to hold some gains. Inflation in the United States has reached four-decade highs, thanks to a strong jump in the consumer price index. The rise in crude oil prices also dampened \u2026", "source_name": "CoinPedia", "date": "Wed, 13 Apr 2022 01:34:02 -0400", "topics": [], "sentiment": "Neutral", "type": "Article", "tickers": ["BTC"]}, {"news_url": "https://ambcrypto.com/record-btc-nasdaq-correlation-downplayed-by-dip/", "image_url": "https://crypto.snapi.dev/images/v1/q/r/andre-francois-mckenzie-jrjhtbj-pgu-unsplash-e1649755235592-128556.jpg", "title": "Record BTC-NASDAQ correlation downplayed by dip", "text": "The fears of a crypto crash are growing in the community with a bear run dominating the market. At press time, Bitcoin was trading at $39,986, down by about 2.15% over the last day.", "source_name": "AMBCrypto", "date": "Wed, 13 Apr 2022 01:30:58 -0400", "topics": [], "sentiment": "Neutral", "type": "Article", "tickers": ["BTC"]}, {"news_url": "https://www.newsbtc.com/analysis/eth/ethereum-steadies-above-3k-2/", "image_url": "https://crypto.snapi.dev/images/v1/6/x/shutterstock-519464068-128555.jpg", "title": "TA: Ethereum Steadies Above $3K, Why Upsides Could be Capped", "text": "Ethereum is attempting an upside correction above $3,000 against the US Dollar. ETH price must clear $3,130 and the 100 hourly SMA to continue higher.", "source_name": "NewsBTC", "date": "Wed, 13 Apr 2022 01:28:06 -0400", "topics": ["tanalysis"], "sentiment": "Positive", "type": "Article", "tickers": ["ETH"]}, {"news_url": "https://bitcoinist.com/ethereum-devs-launch-shadow-fork-ahead-merge/", "image_url": "https://crypto.snapi.dev/images/v1/h/q/shubham-dhage-gejhvrh-cga-unsplash-640x360-128553.jpg", "title": "Ethereum Devs Launch Their First Mainnet \u201cShadow Fork\u201d Ahead Of Merge", "text": "The Ethereum Foundation continues to edge closer to the transition to the proof-of-stake (PoS) model. On Monday, Ethereum's first mainnet Shadow Fork went live.", "source_name": "Bitcoinist", "date": "Wed, 13 Apr 2022 01:00:18 -0400", "topics": ["upgrade"], "sentiment": "Neutral", "type": "Article", "tickers": ["ETH"]}, {"news_url": "https://thecurrencyanalytics.com/altcoins/nfts-to-flip-tokens-to-stake-yields-to-farm-trades-to-make-bitcoin-market-here-forever-40858.php", "image_url": "https://crypto.snapi.dev/images/v1/o/m/bitcoin-btc-buy-the-fear-sell-the-pump-decoupling-from-stocks-is-bleak-now-3-128551.jpg", "title": "NFTs to Flip Tokens to Stake Yields to Farm Trades to Make Bitcoin Market Here Forever", "text": "Catch up on the latest crypto market news at The Currency Analytics. White House is warning that the new inflation numbers for March are going to be \u201cextremely elevated\u201d.", "source_name": "The Currency Analytics", "date": "Wed, 13 Apr 2022 00:43:58 -0400", "topics": ["NFT"], "sentiment": "Neutral", "type": "Article", "tickers": ["BTC"]}, {"news_url": "https://cointelegraph.com/news/ripple-scores-a-very-big-win-in-sec-case", "image_url": "https://crypto.snapi.dev/images/v1/l/n/840-ahr0chm6ly9zmy5jb2ludgvszwdyyxbolmnvbs91cgxvywrzlziwmjitmdqvzwi2ytrkzwmtywi3mc00nda0lwjhztytodzimtvjmmrkntqylmpwzw-128550.jpg", "title": "Ripple scores 'a very big win' in SEC case", "text": "Ripple Labs was able to gain a victory against the SEC in its ongoing securities fraud case. The judge on the case denied the SEC's motion to review certain documents that may not be material to the prosecution.", "source_name": "Cointelegraph", "date": "Wed, 13 Apr 2022 00:39:32 -0400", "topics": ["regulations"], "sentiment": "Positive", "type": "Article", "tickers": ["XRP"]}, {"news_url": "https://cryptonews.com/news/bitcoin-and-ethereum-consolidate-losses-shib-surges.htm", "image_url": "https://crypto.snapi.dev/images/v1/x/d/image-2022-04-11-205120226-127886-128218-128549.png", "title": "Bitcoin and Ethereum Consolidate Losses, SHIB Surges", "text": "Bitcoin price retested the USD 39,200 support zone. BTC remained supported and climbed above USD 40,000. It is currently (04:28 UTC) consolidating losses below USD 40,100 and facing many hurdles on the upside near USD 41,200. BTC is up less than 1% in a day.", "source_name": "Cryptonews", "date": "Wed, 13 Apr 2022 00:39:00 -0400", "topics": [], "sentiment": "Neutral", "type": "Article", "tickers": ["BTC", "ETH", "SHIB"]}, {"news_url": "https://ambcrypto.com/ethereum-does-merge-test-behind-it-mean-more-upside-for-eth-ahead/", "image_url": "https://crypto.snapi.dev/images/v1/h/3/eth-6851390-1280-1-e1649772047872-128547.jpg", "title": "Ethereum: Does Merge test behind it mean more upside for ETH ahead", "text": "Ethereum's price, at press time, was picturing an interesting setup after its latest crash. ETH seemed to be hovering above a crucial support area, one that prevented a further increase in selling pressure by absorbing it.", "source_name": "AMBCrypto", "date": "Wed, 13 Apr 2022 00:30:56 -0400", "topics": [], "sentiment": "Positive", "type": "Article", "tickers": ["ETH"]}, {"news_url": "https://news.bitcoin.com/terras-cross-chain-bridge-now-supports-solana-avalanche-fantom-moonbeam-osmosis/", "image_url": "https://crypto.snapi.dev/images/v1/g/f/shutterstock-2101420633-128548.jpg", "title": "Terra's Cross-Chain Bridge Now Supports Solana, Avalanche, Fantom, Moonbeam, Osmosis", "text": "Terra Bridge, the cross-chain bridge protocol now supports Solana, Fantom, Moonbeam, Osmosis, and Avalanche according to Terraform Labs CEO Do Kwon. \u201cEasiest way to move funds in crypto,\u201d the Terraform Labs CEO explained in a tweet. Terra Bridge Adds 5 New Chains On April 12, 2022, Terraform Labs co-founder Do Kwon told his 352,800 Twitter [\u2026]", "source_name": "Bitcoin", "date": "Wed, 13 Apr 2022 00:30:54 -0400", "topics": [], "sentiment": "Neutral", "type": "Article", "tickers": ["AVAX", "FTM", "GLMR", "LUNA", "OSMO", "SOL"]}, {"news_url": "https://ambcrypto.com/what-btc-etfs-second-highest-weekly-outflows-of-2022-hint-at/", "image_url": "https://crypto.snapi.dev/images/v1/u/a/bitcoin-gc2a6914f3-1280-128541.jpg", "title": "What BTC ETFs second-highest weekly outflows of 2022 hint at", "text": "Bitcoin has the highest demand out of all the crypto assets in the world. However, this week, it was surprising to see that the king coin was first in line to bear the brunt of investors' panic exit.", "source_name": "AMBCrypto", "date": "Tue, 12 Apr 2022 23:30:30 -0400", "topics": [], "sentiment": "Neutral", "type": "Article", "tickers": ["BTC"]}, {"news_url": "https://coingape.com/?p=108431", "image_url": "https://crypto.snapi.dev/images/v1/t/a/webpnet-resizeimage-1-min-1024x683-128540.png", "title": "U.S. Inflation for March Spikes to 8.5%, Has Bitcoin (BTC) and Crypto Already Priced In?", "text": "On Tuesday, April 12, the U.S. Labor Department released the inflation numbers for March 2022 which stood at 8.5%, the highest in four decades since 1982. The crypto market had already anticipated this event entering into a steep correction earlier on Monday.", "source_name": "Coingape", "date": "Tue, 12 Apr 2022 23:30:16 -0400", "topics": [], "sentiment": "Positive", "type": "Article", "tickers": ["BTC"]}, {"news_url": "https://coinpedia.org/price-analysis/this-is-when-bitcoin-traders-can-expect-fresh-rally-heres-what-next-for-btc-price/", "image_url": "https://crypto.snapi.dev/images/v1/v/b/vbtc23-128539.", "title": "This Is When Bitcoin Traders Can Expect Fresh Rally, Here's What Next for BTC Price", "text": "After Bitcoin (BTC) fell below $40,000 for a second trading day while the United States grappled with the crisis, extreme panic reigned once more in the cryptocurrency community. On the lower time frames, Bitcoin is currently trading slightly below $40,000 and is struggling to establish bullish momentum.", "source_name": "CoinPedia", "date": "Tue, 12 Apr 2022 23:20:55 -0400", "topics": [], "sentiment": "Neutral", "type": "Article", "tickers": ["BTC"]}, {"news_url": "https://coinpedia.org/price-analysis/will-ethereum-stay-above-3k-in-coming-days-breakout-or-fakeout-whats-next-for-eth-price/", "image_url": "https://crypto.snapi.dev/images/v1/y/i/ethereum5-127415-128537.jpg", "title": "Will Ethereum Stay Above $3K In Coming Days ? Breakout or FakeOut : What's Next For ETH Price?", "text": "Bitcoin may struggle to rebound over $41,000, Ethereum is experiencing difficulties, and ADA has broken through a critical support level on the daily chart. Crypto markets have essentially erased all of their gains achieved during a strong run in late March due to recent losses. From a peak of $3,550 earlier this month, ETH has \u2026", "source_name": "CoinPedia", "date": "Tue, 12 Apr 2022 23:17:29 -0400", "topics": [], "sentiment": "Neutral", "type": "Article", "tickers": ["ETH"]}, {"news_url": "https://www.newsbtc.com/analysis/btc/bitcoin-short-term-recovery-to-41-3k/", "image_url": "https://crypto.snapi.dev/images/v1/j/a/bitcoin-inflation-128062-128536.jpg", "title": "TA: Bitcoin Technical Indicators Suggest Short-Term Recovery To $41.3K", "text": "Bitcoin is consolidating above the $39,250 support zone against the US Dollar. BTC could recover if it manages to clear the $40,250 resistance zone.", "source_name": "NewsBTC", "date": "Tue, 12 Apr 2022 23:08:33 -0400", "topics": ["tanalysis"], "sentiment": "Positive", "type": "Article", "tickers": ["BTC"]}, {"news_url": "https://blockchain.news/news/robinhood-rolls-out-tokens-offerings-adding-sol-shib-matic-comp", "image_url": "https://crypto.snapi.dev/images/v1/v/d/eb2f49e70d9121649e14bb1ce2ab95763a63d2920d2162f951995bbd7a94fa92-128528.jpg", "title": "Robinhood Rolls Out Tokens Offerings, Adding SOL, SHIB, MATIC & COMP", "text": "To meet customer requests for a broader selection of cryptocurrencies, American financial services company Robinhood has listed Shiba Inu, Solana, Polygon and Compound.", "source_name": "Blockchain News", "date": "Tue, 12 Apr 2022 22:00:49 -0400", "topics": [], "sentiment": "Positive", "type": "Article", "tickers": ["COMP", "MATIC", "SHIB", "SOL"]}, {"news_url": "https://bitcoinmagazine.com/markets/bitcoin-price-falls-as-interest-rates-rise", "image_url": "https://crypto.snapi.dev/images/v1/a/z/bitcoin-price-and-bitcoin-mining-asic-128524.png", "title": "Bitcoin Price Falls As Interest Rates Rise", "text": "Rising interest rates may seem bullish for the bitcoin price, but a credit market unwind and hawkish central bank means a market selloff in the short term.", "source_name": "Bitcoin Magazine", "date": "Tue, 12 Apr 2022 21:30:00 -0400", "topics": [], "sentiment": "Negative", "type": "Article", "tickers": ["BTC"]}, {"news_url": "https://cointelegraph.com/news/no-bitcoin-mozilla-will-only-accept-proof-of-stake-crypto-donations", "image_url": "https://crypto.snapi.dev/images/v1/d/a/840-ahr0chm6ly9zmy5jb2ludgvszwdyyxbolmnvbs91cgxvywrzlziwmjitmdqvzju1mwrinmutyty1ns00ywrilwjhmjktmdi3zwy5nmu3zgu1lmpwzw-128523.jpg", "title": "No Bitcoin: Mozilla will only accept Proof of Stake crypto donations", "text": "The company has decided to begin accepting PoS crypto again after an outcry against Bitcoin forced it to suspend such donations earlier this year.", "source_name": "Cointelegraph", "date": "Tue, 12 Apr 2022 21:08:30 -0400", "topics": [], "sentiment": "Neutral", "type": "Article", "tickers": ["BTC"]}, {"news_url": "https://cryptoslate.com/bitcoin-lightning-payment-volume-increased-400-in-a-year-heres-why/", "image_url": "https://crypto.snapi.dev/images/v1/u/g/bitcoin-inflation-ig-128521.jpg", "title": "Bitcoin Lightning payment volume increased 400% in a year, here's why", "text": "Bitcoin's \u201cscaling solution\u201d for fast payments, the Lightning Network, is becoming increasingly popular around the globe. The post Bitcoin Lightning payment volume increased 400% in a year, here's why appeared first on CryptoSlate.", "source_name": "CryptoSlate", "date": "Tue, 12 Apr 2022 21:01:16 -0400", "topics": [], "sentiment": "Positive", "type": "Article", "tickers": ["BTC"]}, {"news_url": "https://www.benzinga.com/markets/cryptocurrency/22/04/26606044/bitcoin-ethereum-dogecoin-jump-after-inflation-data-will-a-softer-fed-propel-apex-coin-fur?SNAPI", "image_url": "https://crypto.snapi.dev/images/v1/w/f/golden-bitcoin-dollar-128526.jpg", "title": "Bitcoin, Ethereum, Dogecoin Jump After Inflation Data: Will A Softer Fed Propel Apex Coin Further?", "text": "Bitcoin and Ethereum traded above key psychological levels of $40,000 and $3,000, respectively, on Tuesday evening, as the global cryptocurrency market cap rose 1.9% to $1.9 trillion.", "source_name": "Benzinga", "date": "Tue, 12 Apr 2022 20:26:00 -0400", "topics": [], "sentiment": "Positive", "type": "Article", "tickers": ["BTC", "DOGE", "ETH"]}, {"news_url": "https://thecurrencyanalytics.com/altcoins/bitcoin-on-ethereum-btc-on-defi-with-wbtc-hbtc-renbtc-sbtc-imbtc-tbtc-pbtc-obtc-40852.php", "image_url": "https://crypto.snapi.dev/images/v1/e/q/bitcoin-on-ethereum-btc-on-defi-with-wbtc-hbtc-renbtc-sbtc-imbtc-tbtc-pbtc-obtc-128513.jpg", "title": "Bitcoin on Ethereum: BTC on Defi with WBTC, HBTC, renBTC, sBTC, imBTC, TBTC, pBTC, oBTC", "text": "Catch up on the latest crypto market news at The Currency Analytics. Wrapped tokens follow the centralized model, but instead of relying entirely on one institution, they rely on a consortium of\u2026 The post Bitcoin on Ethereum: BTC on Defi with WBTC, HBTC, renBTC, sBTC, imBTC, TBTC, pBTC, oBTC appeared first on Cryptocurrency News.", "source_name": "The Currency Analytics", "date": "Tue, 12 Apr 2022 20:00:19 -0400", "topics": [], "sentiment": "Neutral", "type": "Article", "tickers": ["BTC", "ETH"]}], "total_pages": 42}