{"data": [{"news_url": "https://www.fool.com/investing/2022/04/22/why-ethereum-and-dogecoin-investors-lost-money-tod/", "image_url": "https://crypto.snapi.dev/images/v1/c/r/crypto-3-124579-129048-129157-132352.jpg", "title": "Why Ethereum and Dogecoin Investors Lost Money Today", "text": "Investors were cautious about a looming interest rate hike.", "source_name": "The Motley Fool", "date": "Fri, 22 Apr 2022 18:53:42 -0400", "topics": [], "sentiment": "Negative", "type": "Article", "tickers": ["DOGE", "ETH"]}, {"news_url": "https://dailyhodl.com/2022/04/22/top-crypto-analyst-issues-warnings-for-bitcoin-chainlink-and-the-sandbox-here-are-his-targets/", "image_url": "https://crypto.snapi.dev/images/v1/h/a/sandbox-bitcoin-chainlinkjpgw1024-132331.jpg", "title": "Top Crypto Analyst Issues Warnings for Bitcoin, Chainlink and The Sandbox \u2013 Here Are His Targets", "text": "A widely-followed analyst is pessimistic about the trajectory of the wider crypto market and three digital assets in particular. Starting with Bitcoin (BTC), pseudonymous crypto analyst Capo tells his 258,900 Twitter followers that he expects the flagship cryptocurrency to retrace by 50% from current levels. Capo also says that the prices of altcoins will fall [\u2026] The post Top Crypto Analyst Issues Warnings for Bitcoin, Chainlink and The Sandbox \u2013 Here Are His Targets appeared first on The Daily Hodl.", "source_name": "The Daily Hodl", "date": "Fri, 22 Apr 2022 18:05:00 -0400", "topics": [], "sentiment": "Negative", "type": "Article", "tickers": ["BTC", "LINK", "SAND"]}, {"news_url": "https://insidebitcoins.com/news/ethereum-price-prediction-for-today-april-22-eth-usd-slips-below-3000", "image_url": "https://crypto.snapi.dev/images/v1/t/s/crypto10-132329.jpg", "title": "Ethereum Price Prediction for Today, April 22: ETH/USD Slips Below $3000", "text": "The Ethereum price prediction continues to approach the crucial support within the channel but the coin may hit the critical support level of $2800. ETH/USD [.", "source_name": "Inside Bitcoins", "date": "Fri, 22 Apr 2022 17:55:41 -0400", "topics": ["tanalysis"], "sentiment": "Negative", "type": "Article", "tickers": ["ETH"]}, {"news_url": "https://www.newsbtc.com/analysis/btc/time-vs-price-bitcoin-correction/", "image_url": "https://crypto.snapi.dev/images/v1/b/k/bitcoin-time-price-istock-1012845488-132323.jpeg", "title": "Time Vs Price: Why This Bitcoin Correction Was The Most Painful Yet", "text": "Bitcoin price continues to move sideways in an increasingly tightening trading range to the dismay of cryptocurrency investors. The bearish sentiment across the space is among the most prominent in years \u2014 potentially more bearish than the 2018 bear market.", "source_name": "NewsBTC", "date": "Fri, 22 Apr 2022 17:16:03 -0400", "topics": [], "sentiment": "Negative", "type": "Article", "tickers": ["BTC"]}, {"news_url": "https://cointelegraph.com/news/us-treasury-dept-sanctions-3-ethereum-addresses-allegedly-linked-to-north-korea", "image_url": "https://crypto.snapi.dev/images/v1/w/5/840-ahr0chm6ly9zmy5jb2ludgvszwdyyxbolmnvbs91cgxvywrzlziwmjitmdqvnmmxztniy2itnjgwmy00yjzkltgwmtgtyta4othmmjnmn2q3lmpwzw-132324.jpg", "title": "US Treasury Dept sanctions 3 Ethereum addresses allegedly linked to North Korea", "text": "The government department hinted that the addresses were added to the list in an effort to stop North Korea from evading sanctions imposed by the United States and United Nations.", "source_name": "Cointelegraph", "date": "Fri, 22 Apr 2022 17:14:11 -0400", "topics": ["regulations"], "sentiment": "Negative", "type": "Article", "tickers": ["ETH"]}, {"news_url": "https://bitcoinmagazine.com/culture/bitcoin-beach-spawns-offshoot", "image_url": "https://crypto.snapi.dev/images/v1/z/9/orange-wave-132319.jpg", "title": "Bitcoin Beach Spawns A Fast-Growing Offshoot In Costa Rica \u2014 Bitcoin Jungle", "text": "The popular location project is a model to be replicated for areas seeking to seize the opportunities Bitcoin offers.", "source_name": "Bitcoin Magazine", "date": "Fri, 22 Apr 2022 17:00:00 -0400", "topics": [], "sentiment": "Positive", "type": "Article", "tickers": ["BTC"]}, {"news_url": "https://www.coindesk.com/business/2022/04/22/scaramuccis-skybridge-starts-investment-vehicle-for-bitcoin-mining/", "image_url": "https://crypto.snapi.dev/images/v1/z/b/ibml6ye7ondsdc2ptk2uqmk7m4-132717.jpeg", "title": "Scaramucci's SkyBridge Starts Fund for Bitcoin Mining", "text": "The fund has $7 million already booked and was created for a second investment in bitcoin miner Genesis Digital, a source said.", "source_name": "Coindesk", "date": "Fri, 22 Apr 2022 16:57:00 -0400", "topics": ["mining"], "sentiment": "Neutral", "type": "Article", "tickers": ["BTC"]}, {"news_url": "https://www.youtube.com/watch?v=FlNKG6-XHGs", "image_url": "https://crypto.snapi.dev/images/v1/u/a/how-bitcoin-can-help-you-curb-inflation-132318.jpg", "title": "How bitcoin can help you curb inflation", "text": "Okcoin CEO Hong Fang argues bitcoin has a strong investment value as inflation risks continue in the market. #FOXBusiness Subscribe to Fox Business!", "source_name": "Fox Business", "date": "Fri, 22 Apr 2022 16:45:00 -0400", "topics": [], "sentiment": "Positive", "type": "Video", "tickers": ["BTC"]}, {"news_url": "https://www.coindesk.com/coindesk/2022/04/22/kevin-oleary-on-clean-bitcoin-mining-the-elon-musk-twitter-conundrum/", "image_url": "https://crypto.snapi.dev/images/v1/v/3/mh75zvug25fpngoikne5qy4yx4-132718.jpg", "title": "Kevin O'Leary on Clean Bitcoin Mining, the Elon Musk-Twitter Conundrum", "text": "The future of the crypto mining industry is likely nuclear and hydro, the \u201cShark Tank\u201d co-host said on CoinDesk TV's \u201cFirst Mover.\u201d", "source_name": "Coindesk", "date": "Fri, 22 Apr 2022 16:45:00 -0400", "topics": ["mining"], "sentiment": "Neutral", "type": "Article", "tickers": ["BTC"]}, {"news_url": "https://news.bitcoin.com/bitso-to-offset-carbon-emissions-from-the-trading-platforms-btc-eth-erc20-transactions/", "image_url": "https://crypto.snapi.dev/images/v1/i/l/jjjop78-132313.jpg", "title": "Bitso to Offset Carbon Emissions From the Trading Platform's BTC, ETH, ERC20 Transactions", "text": "On Friday, the Latin American cryptocurrency platform Bitso announced that the company plans to offset carbon emissions from its bitcoin and ERC20 token transactions carried out on the platform. Bitso is partnering with the carbon offset platform Moss.Earth in order to curb the crypto company's environmental impact. Bitso to Offset Crypto Transaction Carbon Emissions by [\u2026]", "source_name": "Bitcoin", "date": "Fri, 22 Apr 2022 16:30:52 -0400", "topics": [], "sentiment": "Neutral", "type": "Article", "tickers": ["BTC", "ERC20", "ETH"]}, {"news_url": "https://ambcrypto.com/btc-these-indicators-signal-hodl-behavior-but-a-decisive-daily-close/", "image_url": "https://crypto.snapi.dev/images/v1/h/x/morgan-baudusseau-jwgfewjnpr8-unsplash-132311.jpg", "title": "BTC: These indicators signal HODL behavior, but a decisive daily close\u2026", "text": "Bitcoin fell under the $41K mark on 21 April, at press time, it was down by 4.27% over the last day. In fact, the whole cryptocurrency market retreated to $1.88 trillion mark.", "source_name": "AMBCrypto", "date": "Fri, 22 Apr 2022 16:30:22 -0400", "topics": [], "sentiment": "Neutral", "type": "Article", "tickers": ["BTC"]}, {"news_url": "https://cointelegraph.com/news/price-analysis-4-22-btc-eth-bnb-xrp-sol-ada-luna-avax-doge-dot", "image_url": "https://crypto.snapi.dev/images/v1/q/s/840-ahr0chm6ly9zmy5jb2ludgvszwdyyxbolmnvbs91cgxvywrzlziwmjitmdqvngy4ywfknzatyjm3ny00zdjhlwjhy2qtnzdimgixmzi1odmzlmpwzw-132306.jpg", "title": "Price analysis 4/22: BTC, ETH, BNB, XRP, SOL, ADA, LUNA, AVAX, DOGE, DOT", "text": "Bitcoin and altcoins continue to bounce off underlying support areas, raising the chance that a sharp down-side move could occur.", "source_name": "Cointelegraph", "date": "Fri, 22 Apr 2022 16:05:00 -0400", "topics": ["tanalysis"], "sentiment": "Neutral", "type": "Article", "tickers": ["ADA", "AVAX", "BNB", "BTC", "DOGE", "ETH", "LUNA", "SOL", "XRP", "DOT"]}, {"news_url": "https://dailyhodl.com/2022/04/22/crypto-analyst-warns-hes-an-ethereum-eth-bear-now-bull-later-examines-a-stalling-bitcoin-btc/", "image_url": "https://crypto.snapi.dev/images/v1/j/1/eth-bear-bull-laterjpgw1024-132304.jpg", "title": "Crypto Analyst Warns He's an Ethereum (ETH) \u2018Bear Now, Bull Later,' Examines a Stalling Bitcoin (BTC)", "text": "A leading crypto trader warns Ethereum (ETH) holders that ETH may fall further before rising even stronger. In a series of tweets, Justin Bennett\u00a0explains to his 100,300 Twitter followers what to expect from leading cryptos by market cap Bitcoin (BTC) and ETH over the coming months. \u201cETH bear now, bull later.\u201d As the trader's chart [\u2026] The post Crypto Analyst Warns He's an Ethereum (ETH) \u2018Bear Now, Bull Later,' Examines a Stalling Bitcoin (BTC) appeared first on The Daily Hodl.", "source_name": "The Daily Hodl", "date": "Fri, 22 Apr 2022 15:55:52 -0400", "topics": [], "sentiment": "Negative", "type": "Article", "tickers": ["BTC", "ETH"]}, {"news_url": "https://www.theblockcrypto.com/linked/143129/silk-road-founder-ross-ulbricht-agrees-to-use-3-billion-in-stolen-btc-to-pay-debt-to-us-government", "image_url": "https://crypto.snapi.dev/images/v1/x/6/20211130-bitcoin-miner-lawsuit-800x450-132303.jpg", "title": "Silk Road founder Ross Ulbricht agrees to use $3 billion in stolen BTC to pay debt to US government", "text": "Ulbricht is waiving any rights he had to that bitcoin stolen from Silk Road and is using it to pay his debt to the government. The post Silk Road founder Ross Ulbricht agrees to use $3 billion in stolen BTC to pay debt to US government appeared first on The Block.", "source_name": "The Block", "date": "Fri, 22 Apr 2022 15:45:17 -0400", "topics": [], "sentiment": "Neutral", "type": "Article", "tickers": ["BTC"]}, {"news_url": "https://www.youtube.com/watch?v=Xa4MmYNJZVk", "image_url": "https://crypto.snapi.dev/images/v1/r/f/bitcoin2-131928-132296.jpg", "title": "What's Moving Bitcoin's Price?", "text": "Coin Metrics research analyst Kyle Waters discusses his take on the potential factors moving BTC as it remains rangebound. Plus, insights into the latest data on bitcoin's realized market cap, block fullness and fees, activity heat map and daily active wallets.", "source_name": "Coindesk", "date": "Fri, 22 Apr 2022 15:30:02 -0400", "topics": [], "sentiment": "Neutral", "type": "Video", "tickers": ["BTC"]}, {"news_url": "https://www.youtube.com/watch?v=jI9gTKUiOEA", "image_url": "https://crypto.snapi.dev/images/v1/v/f/bitwises-cio-talks-ethereums-rally-potential-and-twitter-plans-usdc-payments-cnbc-crypto-world-132294.jpg", "title": "Bitwise's CIO talks ethereum's rally potential and Twitter plans USDC payments: CNBC Crypto World", "text": "CNBC Crypto World features the latest news and daily trading updates from the digital currency markets and provides viewers with a look at what's ahead with high-profile interviews, explainers, and unique stories from the ever-changing crypto industry. On today's show, Matt Hougan, CIO of Bitwise Investments, discusses the state of crypto markets and why Ethereum could outperform bitcoin in 2022.", "source_name": "CNBC Television", "date": "Fri, 22 Apr 2022 15:07:21 -0400", "topics": [], "sentiment": "Positive", "type": "Video", "tickers": ["ETH", "USDC"]}, {"news_url": "https://www.theblockcrypto.com/post/143112/here-are-russian-oligarch-oleg-deripaskas-ties-to-the-newly-sanctioned-bitcoin-mining-company", "image_url": "https://crypto.snapi.dev/images/v1/a/0/shutterstock-648198472-675x450-132291.jpg", "title": "Here are Russian oligarch Oleg Deripaska's ties to the newly sanctioned bitcoin mining company", "text": "BitRiver's operations in Irkutsk may have drawn Treasury's ire due to ties to energy companies founded by the Russian billionaire. The post Here are Russian oligarch Oleg Deripaska's ties to the newly sanctioned bitcoin mining company appeared first on The Block.", "source_name": "The Block", "date": "Fri, 22 Apr 2022 15:05:29 -0400", "topics": ["mining"], "sentiment": "Negative", "type": "Article", "tickers": ["BTC"]}, {"news_url": "https://www.newsbtc.com/news/bitcoin/bitcoin-big-drop-soon-historical-trend-say-yes/", "image_url": "https://crypto.snapi.dev/images/v1/r/t/zdenek-machacek-hztya2tqqb8-unsplash-scaled-132288.jpg", "title": "Is Bitcoin Gonna See Another Big Drop Soon? Historical Trend May Say Yes", "text": "Historical trend of the 200-day and 600-day MAs may suggest Bitcoin could observe another big drop in the near future. Current Bitcoin Pattern Has Historically Lead To A Big Drop In The Price As pointed out by an analyst in a CryptoQuant post, the current Bitcoin price looks to be squeezed between the 200-day and 600-day MA curves.", "source_name": "NewsBTC", "date": "Fri, 22 Apr 2022 15:00:49 -0400", "topics": [], "sentiment": "Negative", "type": "Article", "tickers": ["BTC"]}, {"news_url": "https://bitcoinist.com/quant-explains-why-bitcoin-bear-market-different/", "image_url": "https://crypto.snapi.dev/images/v1/q/0/melina-kiefer-v6zbdvjksk0-unsplash-336x420-132289.jpg", "title": "Quant Explains Why This Bitcoin Bear Market Is Different From Others", "text": "A quant has explained using on-chain data why the current Bitcoin bear market looks to be different from the previous ones. Quant Suggests This Bitcoin Bear Market Is Unlike The Rest As explained by an analyst in a CryptoQuant post, the exchange reserve continuing to trend down since the price all-time high isn't typical of [\u2026]", "source_name": "Bitcoinist", "date": "Fri, 22 Apr 2022 15:00:11 -0400", "topics": [], "sentiment": "Negative", "type": "Article", "tickers": ["BTC"]}, {"news_url": "https://crypto.news/metamask-ethereum-dapps-services-down-infura-faces/", "image_url": "https://crypto.snapi.dev/images/v1/h/l/bitcoin-stocks-trading-gid-4-130998-131500-132307.jpeg", "title": "Metamask and Ethereum Dapps Services Down As Infura Faces Outage", "text": "Moments ago, reports emerged that Metamask and other Ethereum-based Dapps were inaccessible because of a service outage. The outage was caused by issues on APIs connecting Infura Network and Ethereum blockchain.", "source_name": "Crypto news", "date": "Fri, 22 Apr 2022 15:00:00 -0400", "topics": [], "sentiment": "Negative", "type": "Article", "tickers": ["ETH", "MSKT"]}, {"news_url": "https://www.fool.com/investing/2022/04/22/why-bitcoin-is-falling-today/", "image_url": "https://crypto.snapi.dev/images/v1/b/i/bitcoin-4-131893-132287.jpeg", "title": "Why Bitcoin Is Falling Today", "text": "Federal Reserve Chairman Jerome Powell's comments yesterday sent the price of Bitcoin tumbling today.", "source_name": "The Motley Fool", "date": "Fri, 22 Apr 2022 14:47:00 -0400", "topics": [], "sentiment": "Negative", "type": "Article", "tickers": ["BTC"]}, {"news_url": "https://bitcoinmagazine.com/culture/bitcoin-self-sovereignty-using-seedsigner", "image_url": "https://crypto.snapi.dev/images/v1/s/r/bitcoin-in-palestine-132280.jpg", "title": "First-Class Bitcoin Self-Sovereignty Using SeedSigner", "text": "How an open-source Bitcoin signing device can change lives. SeedSigner provides an alternative for people to use bitcoin in economically oppressed countries.", "source_name": "Bitcoin Magazine", "date": "Fri, 22 Apr 2022 14:30:00 -0400", "topics": [], "sentiment": "Neutral", "type": "Article", "tickers": ["BTC"]}, {"news_url": "https://www.theblockcrypto.com/linked/143132/ofac-sanctions-three-more-ethereum-addresses-tied-to-600-million-ronin-attack", "image_url": "https://crypto.snapi.dev/images/v1/3/k/211115-hacker-general-800x450-132278.jpg", "title": "OFAC sanctions three more Ethereum addresses tied to $600 million Ronin attack", "text": "The US government is continuing to issue sanctions tied to last month's headline-generating attack on Axie Infinity's Ronin sidechain, which resulted in the theft of more than $600 million worth of crypto. The post OFAC sanctions three more Ethereum addresses tied to $600 million Ronin attack appeared first on The Block.", "source_name": "The Block", "date": "Fri, 22 Apr 2022 14:23:09 -0400", "topics": [], "sentiment": "Negative", "type": "Article", "tickers": ["ETH", "RON"]}, {"news_url": "https://cryptoslate.com/the-next-bitcoin-halving-is-2-years-away-here-is-why-it-matters/", "image_url": "https://crypto.snapi.dev/images/v1/i/m/image-2022-04-22-181956814-132276.png", "title": "The next Bitcoin halving is 2 years away, here is why it matters", "text": "Online debate around the upcoming Bitcoin (BTC) halving event is heating up. The post The next Bitcoin halving is 2 years away, here is why it matters appeared first on CryptoSlate.", "source_name": "CryptoSlate", "date": "Fri, 22 Apr 2022 14:16:17 -0400", "topics": [], "sentiment": "Neutral", "type": "Article", "tickers": ["BTC"]}, {"news_url": "https://dailyhodl.com/2022/04/22/billionaire-mark-cuban-reveals-massive-ethereum-position-says-bitcoin-maximalists-are-wrong-about-true-upside-in-crypto-markets/", "image_url": "https://crypto.snapi.dev/images/v1/n/b/cuban-reveals-massivejpgw1024-132269.jpg", "title": "Billionaire Mark Cuban Reveals Massive Ethereum Position, Says Bitcoin Maximalists Are Wrong About True Upside in Crypto Markets", "text": "Billionaire Mark Cuban is weighing in on what he believes is the true value and function of each sector within the cryptocurrency realm. In a new interview with the Scott Hilton YouTube channel, the entrepreneur says that while Bitcoin will always function as a store of value, he disagrees with maximalists who view BTC as [\u2026] The post Billionaire Mark Cuban Reveals Massive Ethereum Position, Says Bitcoin Maximalists Are Wrong About True Upside in Crypto Markets appeared first on The Daily Hodl.", "source_name": "The Daily Hodl", "date": "Fri, 22 Apr 2022 14:05:40 -0400", "topics": [], "sentiment": "Positive", "type": "Article", "tickers": ["BTC", "ETH"]}, {"news_url": "https://www.newsbtc.com/news/bitcoin/bitcoin-under-pressure-near-40k-here-are-2-reasons-why-that-could-change-soon/", "image_url": "https://crypto.snapi.dev/images/v1/c/d/shutter-speed-reobwi7hncu-unsplash-2-scaled-132264.jpg", "title": "Bitcoin Under Pressure Near $40K, Here Are 2 Reasons Why That Could Change Soon", "text": "Bitcoin remains rangebound in the high $30,000 to low $40,000 areas. The first crypto by market cap has seen its volatility reduce as several factors contribute to the slowdown across the sector.", "source_name": "NewsBTC", "date": "Fri, 22 Apr 2022 14:00:38 -0400", "topics": [], "sentiment": "Negative", "type": "Article", "tickers": ["BTC"]}, {"news_url": "https://insidebitcoins.com/news/ukraine-bans-bitcoin-purchases-with-local-currency-as-martial-law-takes-effect", "image_url": "https://crypto.snapi.dev/images/v1/c/4/ukraine-btc-featured-1024x640-132263.jpg", "title": "Ukraine bans Bitcoin purchases with local currency as martial law takes effect", "text": "The National Bank of Ukraine (NBU) is still taking measures to ensure no capital outflows following the negative economic effects caused by the Russian invasion. [...]", "source_name": "Inside Bitcoins", "date": "Fri, 22 Apr 2022 13:57:47 -0400", "topics": [], "sentiment": "Negative", "type": "Article", "tickers": ["BTC"]}, {"news_url": "https://coingape.com/?p=110080", "image_url": "https://crypto.snapi.dev/images/v1/v/h/ethereum-movies-132261.jpg", "title": "Ethereum Price Prediction: ETH Price Consolidates Below $3,000; More Downside On the Offer?", "text": "ETH price extends the losses as the U.S trading session begins. The price is struggling below the $3,000 mark for the previous two sessions.", "source_name": "Coingape", "date": "Fri, 22 Apr 2022 13:37:07 -0400", "topics": [], "sentiment": "Negative", "type": "Article", "tickers": ["ETH"]}, {"news_url": "https://www.coindesk.com/policy/2022/04/22/sanctioning-an-ether-address-isnt-stopping-transactions/", "image_url": "https://crypto.snapi.dev/images/v1/i/8/10158-132234-132724.jpg", "title": "Sanctioning an Ether Address Isn't Stopping Transactions", "text": "The operators of a crypto wallet added to the U.S. sanctions list continue to offload their funds.", "source_name": "Coindesk", "date": "Fri, 22 Apr 2022 13:20:00 -0400", "topics": [], "sentiment": "Neutral", "type": "Article", "tickers": ["ETH"]}, {"news_url": "https://www.newsbtc.com/news/bitcoin/what-sell-pressure-bitcoin-exchange-reserves-hit-4-year-low/", "image_url": "https://crypto.snapi.dev/images/v1/l/7/btc-1-132249.jpeg", "title": "What Sell Pressure? Bitcoin Exchange Reserves Hit 4-Year Low", "text": "Bitcoin has started a recent downtrend that is threatening its position above the coveted $40,000 level. This is presumed to be caused by major sell-offs in the market.", "source_name": "NewsBTC", "date": "Fri, 22 Apr 2022 13:00:26 -0400", "topics": [], "sentiment": "Neutral", "type": "Article", "tickers": ["BTC"]}, {"news_url": "https://cryptonews.com/news/ethereums-merge-could-lower-demand-for-bitcoin-but-regulatory-technical-challenges-persist.htm", "image_url": "https://crypto.snapi.dev/images/v1/p/3/adobestock-132471990-min-132250.jpg", "title": "Ethereum's Merge Could Lower Demand for Bitcoin but Regulatory & Technical Challenges Persist", "text": "Ethereum's (ETH) transition to proof-of-stake (PoS), known as The Merge, will likely lead some current bitcoin (BTC) holders to move part of their capital to ETH, one industry insider argues. Others, meanwhile, say that despite a yield on ETH being attractive, regulatory scrutiny means more uncertainty lies ahead for ethereum investors.", "source_name": "Cryptonews", "date": "Fri, 22 Apr 2022 13:00:00 -0400", "topics": ["tanalysis", "regulations"], "sentiment": "Negative", "type": "Article", "tickers": ["BTC", "ETH"]}, {"news_url": "https://www.cryptopolitan.com/bitcoin-price-analysis-2022-04-22/", "image_url": "https://crypto.snapi.dev/images/v1/i/0/bitcoin-price-analysis-2022-04-22-1-132247.png", "title": "Bitcoin price analysis: BTC continues to decline, tests $39,200 previous support", "text": "TL;DR Breakdown Bitcoin price analysis is bullish today. BTC/USD declined by almost 9 percent from the previous high.", "source_name": "Cryptopolitan", "date": "Fri, 22 Apr 2022 12:46:37 -0400", "topics": ["tanalysis"], "sentiment": "Negative", "type": "Article", "tickers": ["BTC"]}, {"news_url": "https://www.youtube.com/watch?v=uV8vu1k-et4", "image_url": "https://crypto.snapi.dev/images/v1/b/9/bitcoin20h20d-id-b1adbe4f-05c1-4a02-ae5c-88dcdc44166a-size900-131087-131251-131810-132285.jpg", "title": "Bitcoin Price Extends Pullback, The Case for LFG's Bitcoin 'Reserve'", "text": "\"All About Bitcoin\" host Christine Lee speaks to CoinDesk Managing Editor for Markets Brad Keoun for a look at this week's major events impacting the bitcoin markets. Plus, an examination into the Luna Foundation Guard's bitcoin reserve plan with CoinDesk Reporter Krisztian Sandor.", "source_name": "Coindesk", "date": "Fri, 22 Apr 2022 12:41:39 -0400", "topics": [], "sentiment": "Negative", "type": "Video", "tickers": ["BTC"]}, {"news_url": "https://cryptobriefing.com/ethereum-service-provider-infura-goes-down-again/?utm_source=main_feed&utm_medium=rss", "image_url": "https://crypto.snapi.dev/images/v1/e/d/ethereum-cover-838x440-132243.jpeg", "title": "Ethereum Service Provider Infura Suffers Another Outage", "text": "The key Ethereum service provider Infura went down again today.", "source_name": "Crypto Briefing", "date": "Fri, 22 Apr 2022 12:34:10 -0400", "topics": [], "sentiment": "Negative", "type": "Article", "tickers": ["ETH"]}, {"news_url": "https://cryptopotato.com/ukrainian-central-bank-bans-bitcoin-purchases-using-national-currency/", "image_url": "https://crypto.snapi.dev/images/v1/v/y/ukraine-1-132242.jpg", "title": "Ukrainian Central Bank Bans Bitcoin Purchases Using National Currency", "text": "Ukraine is trying to prevent outflows of Ukrainian capital through \u201cquasi cash\u201d purchases \u2013 which include cryptocurrencies.\u00a0", "source_name": "CryptoPotato", "date": "Fri, 22 Apr 2022 12:30:40 -0400", "topics": [], "sentiment": "Negative", "type": "Article", "tickers": ["BTC"]}, {"news_url": "https://www.youtube.com/watch?v=DDWAinp2es0", "image_url": "https://crypto.snapi.dev/images/v1/5/4/lightning-labs-co-founder-on-taro-protocol-future-of-bitcoin-lightning-network-132245.jpg", "title": "Lightning Labs Co-Founder on Taro Protocol, Future of Bitcoin Lightning Network", "text": "Lightning Labs Co-founder and CTO Olaoluwa Osuntokun, also known on social media as \"roasbeef,\u201d shares insights into the Lightning Network's latest Taproot-powered \"Taro\" protocol aiming to bring stablecoins to Bitcoin. Plus, a wider conversation on Lightning Network's use cases and adoption.", "source_name": "Coindesk", "date": "Fri, 22 Apr 2022 12:30:03 -0400", "topics": [], "sentiment": "Neutral", "type": "Video", "tickers": ["BTC"]}, {"news_url": "https://cointelegraph.com/news/bitcoin-follows-fresh-us-stocks-dive-as-analysis-expects-btc-price-to-take-37-5k-liquidity", "image_url": "https://crypto.snapi.dev/images/v1/e/6/840-ahr0chm6ly9zmy5jb2ludgvszwdyyxbolmnvbs91cgxvywrzlziwmjitmdqvmjaymjgxndmtnmm1ny00mdy5ltg4ntktyzkwndniywq2zjfjlmpwzwc-132238.jpeg", "title": "Bitcoin follows fresh US stocks dive as analysis 'expects' BTC price to take $37.5K liquidity", "text": "It's looking like a dismal end to the week for both crypto and equities alike with losses increasing.", "source_name": "Cointelegraph", "date": "Fri, 22 Apr 2022 12:15:11 -0400", "topics": [], "sentiment": "Negative", "type": "Article", "tickers": ["BTC"]}, {"news_url": "https://decrypt.co/98457/metamask-ethereum-apps-down-infura-outage", "image_url": "https://crypto.snapi.dev/images/v1/k/8/shutterstock-1937030407-gid-2-132237.jpg", "title": "MetaMask, Ethereum Apps Down as Infura Suffers Outage", "text": "Decentralized apps and services are widely impacted this morning due to shared infrastructure from Infura.", "source_name": "Decrypt", "date": "Fri, 22 Apr 2022 12:14:37 -0400", "topics": [], "sentiment": "Negative", "type": "Article", "tickers": ["ETH", "MSKT"]}, {"news_url": "https://u.today/ethereum-slips-below-3k-as-crypto-market-turns-red?SNAPI", "image_url": "https://crypto.snapi.dev/images/v1/y/x/10158-132234.jpg", "title": "Ethereum Slips Below $3K as Crypto Market Turns Red", "text": "Macroeconomic factors continue to exert pressure on Bitcoin, Ethereum and other cryptocurrencies, preventing them from surging higher", "source_name": "UToday", "date": "Fri, 22 Apr 2022 12:08:00 -0400", "topics": [], "sentiment": "Negative", "type": "Article", "tickers": ["ETH"]}, {"news_url": "https://www.youtube.com/watch?v=51f_yQ_Uprc", "image_url": "https://crypto.snapi.dev/images/v1/t/i/btc-volatility-slips-to-17-month-low-132230.jpg", "title": "BTC Volatility Slips to 17-Month Low", "text": "GlobalBlock Market Analyst Marcus Sotiriou discusses the current state of the crypto markets as investors eye bitcoin's next support and resistance levels. Plus, a conversation on consumer strength mitigating the risk of an impending recession, optimism despite a possible Fed rate hike, and altcoins like Cosmos.", "source_name": "Coindesk", "date": "Fri, 22 Apr 2022 12:01:38 -0400", "topics": [], "sentiment": "Neutral", "type": "Video", "tickers": ["BTC"]}, {"news_url": "https://cryptodaily.co.uk/2022/04/btc-usd-weaker-after-failing-to-break-43395-sally-ho-technical-analysis-23-april-2022-btc-bitcoin", "image_url": "https://crypto.snapi.dev/images/v1/j/i/kanchanara-4kjjezdyo3m-unsplash-4-scaled-131834-132090-132227.jpg", "title": "BTC/USD Weaker After Failing to Break 43395: Sally Ho's Technical Analysis 23 April 2022 BTC", "text": "Bitcoin (BTC/USD) worked to safeguard some of its recent gains early in the Asian session as the pair backed away from recent highs around the 43109.47 area, a move higher that represented a test of the 50% retracement of the depreciating range from 48240 to 38550.\u00a0 Stops were elected below the 41367.75, 40829.74, and 40291.72 areas during the retreat, representing the 38.2%, 50%, and 61.8% retracements of the recent appreciating range from 38550 to 43109.47.", "source_name": "Crypto Daily", "date": "Fri, 22 Apr 2022 12:00:00 -0400", "topics": ["tanalysis"], "sentiment": "Negative", "type": "Article", "tickers": ["BTC"]}, {"news_url": "https://insidebitcoins.com/news/bitcoin-price-prediction-for-today-april-22-btc-dips-below-40000-level", "image_url": "https://crypto.snapi.dev/images/v1/u/n/crypto4-132221.jpg", "title": "Bitcoin Price Prediction for Today, April 22: BTC Dips Below $40,000 Level", "text": "The Bitcoin price prediction shows that BTC is back under $40,000 after sliding from the monthly high of $43,000 level. BTC/USD Long-term Trend: Ranging (Daily [.", "source_name": "Inside Bitcoins", "date": "Fri, 22 Apr 2022 11:38:08 -0400", "topics": ["tanalysis"], "sentiment": "Negative", "type": "Article", "tickers": ["BTC"]}, {"news_url": "https://ambcrypto.com/ethereum-heres-what-is-behind-significant-spikes-in-eths-social-volumes/", "image_url": "https://crypto.snapi.dev/images/v1/2/y/zoltan-tasi-unxmhzcqjxg-unsplash-132213.jpg", "title": "Ethereum: Here's what is behind significant spikes in ETH's social volumes", "text": "Bitcoin\u2018s ongoing correction\u00a0has had a repercussion on the entire cryptocurrency market. Ethereum, the largest altcoin suffered the same fate.", "source_name": "AMBCrypto", "date": "Fri, 22 Apr 2022 11:30:12 -0400", "topics": [], "sentiment": "Positive", "type": "Article", "tickers": ["ETH"]}, {"news_url": "https://coingape.com/?p=110033", "image_url": "https://crypto.snapi.dev/images/v1/v/m/solana-min-132209.png", "title": "Solana Price Prediction: SOL Price Trapped in Consolidation, But Indicators Favor Sellers", "text": "The Solana(SOL) price has been resonating between the $110 and $100 level for nearly two weeks, indicating a no-trading zone. Furthermore, indicators reflect a sell signal which could bolster the $100 breakdown.", "source_name": "Coingape", "date": "Fri, 22 Apr 2022 11:14:10 -0400", "topics": [], "sentiment": "Negative", "type": "Article", "tickers": ["SOL"]}, {"news_url": "https://markets.businessinsider.com/news/currencies/ukraine-bitcoin-ban-local-currency-hyrvnia-capital-flight-russia-war-2022-4", "image_url": "https://crypto.snapi.dev/images/v1/h/n/6245c02b4829f10018e48974formatjpeg-132165.jpg", "title": "Ukraine's central bank is banning bitcoin purchases made with the hyrvnia to prevent capital from fleeing the war-ravaged country", "text": "The National Bank of Ukraine is also capping bitcoin purchases made with foreign currencies at $3,300 a month.", "source_name": "Business Insider", "date": "Fri, 22 Apr 2022 11:10:00 -0400", "topics": [], "sentiment": "Negative", "type": "Article", "tickers": ["BTC"]}, {"news_url": "https://www.dcforecasts.com/bitcoin-news/btc-firm-crusoe-energy-raised-505m-to-grow-gas-mining-business/", "image_url": "https://crypto.snapi.dev/images/v1/k/4/bitcoin-mining-1024x417-132202.jpeg", "title": "BTC Firm Crusoe Energy Raised $505M To Grow Gas Mining Business", "text": "BTC firm Crusoe energy managed to raise $505 million in order to grow its gas mining businesses and will use digital flare mitigation to repurpose the untapped natural gas into electricity for BTC mining as we can see more today in our latest Bitcoin news. The idea behind the company's operations is not to waste [\u2026]", "source_name": "DCForecasts", "date": "Fri, 22 Apr 2022 11:07:10 -0400", "topics": ["mining"], "sentiment": "Neutral", "type": "Article", "tickers": ["BTC"]}, {"news_url": "https://crypto.news/ethereum-3k-support-monthly-high/", "image_url": "https://crypto.snapi.dev/images/v1/f/e/scaling-solutions-emerge-as-ethereum-gas-fees-remain-high-132196.jpg", "title": "Ethereum Holds $3K Support as Unique Interactions Hit Monthly High", "text": "The second highest cryptocurrency by market cap, Ethereum, is down 3% but still above crucial support levels of $3,000. Santiment, an on-chain data provider, reports that Ethereum's address activity has picked up this week, with Wednesday's 592k unique interactions marking\u2026", "source_name": "Crypto news", "date": "Fri, 22 Apr 2022 11:00:00 -0400", "topics": [], "sentiment": "Positive", "type": "Article", "tickers": ["ETH"]}, {"news_url": "https://coinpedia.org/ethereum/ethereum-on-chain-metric-hints-bull-run/", "image_url": "https://crypto.snapi.dev/images/v1/j/b/eth-6-131778-132195.jpg", "title": "Ethereum On-Chain Metric Hints Bull Run, How Will ETH Price Perform Next?\ufffc", "text": "The year 2022 hasn't been in favor of the cryptocurrency market. The coins and tokens that were in a bull market in 2021, started a declining phase as they entered 2022. The global cryptocurrency market is thriving to find a sustainable gain since the start of the year. Along with Bitcoin, Ethereum has been trying \u2026", "source_name": "CoinPedia", "date": "Fri, 22 Apr 2022 11:00:00 -0400", "topics": [], "sentiment": "Positive", "type": "Article", "tickers": ["ETH"]}, {"news_url": "https://u.today/xrp-forms-important-pattern-showing-breakout-potential?SNAPI", "image_url": "https://crypto.snapi.dev/images/v1/y/u/14259-132185.jpg", "title": "XRP Forms Important Pattern, Showing Breakout Potential", "text": "XRP draws an important pattern as the first significant move on the market in months", "source_name": "UToday", "date": "Fri, 22 Apr 2022 10:47:00 -0400", "topics": [], "sentiment": "Positive", "type": "Article", "tickers": ["XRP"]}, {"news_url": "https://thecurrencyanalytics.com/altcoins/solana-sol-delta-one-protocol-for-the-smartest-capital-in-crypto-41030.php", "image_url": "https://crypto.snapi.dev/images/v1/k/x/solana-sol-delta-one-protocol-for-the-smartest-capital-in-crypto-132179.jpg", "title": "Solana (SOL) Delta One Protocol For the Smartest Capital in Crypto", "text": "Catch up on the latest crypto market news at The Currency Analytics. Delta One is a Solana Defi Protocol.", "source_name": "The Currency Analytics", "date": "Fri, 22 Apr 2022 10:38:40 -0400", "topics": [], "sentiment": "Positive", "type": "Article", "tickers": ["SOL"]}, {"news_url": "https://www.cryptopolitan.com/ethereum-price-analysis-2022-04-22/", "image_url": "https://crypto.snapi.dev/images/v1/s/b/ethereum-price-analysis-2022-04-22-132180.png", "title": "Ethereum price analysis: ETH retraces to $2,950, slow consolidation next?", "text": "TL;DR Breakdown Ethereum price analysis is neutral for today. ETH/USD dropped to $2,950 yesterday.", "source_name": "Cryptopolitan", "date": "Fri, 22 Apr 2022 10:38:01 -0400", "topics": ["tanalysis"], "sentiment": "Negative", "type": "Article", "tickers": ["ETH"]}, {"news_url": "https://coinpedia.org/ethereum/not-10k-ethereumeth-price-hit-to-this-level-by-the-end-of-2022/", "image_url": "https://crypto.snapi.dev/images/v1/o/z/crypto17-132175.jpg", "title": "Not $10k, Ethereum(ETH) Price Hit To This Level By the End of 2022?", "text": "Three Arrows Capital's co-founder released interesting data indicating that someone has initiated a big bet on Ethereum dec2022 calls, implying that Ethereum will hit $7,000 (strike price) by the end of the year. Professional traders favour options because they allow them to make a large profit in a short amount of time. A large call \u2026", "source_name": "CoinPedia", "date": "Fri, 22 Apr 2022 10:31:55 -0400", "topics": [], "sentiment": "Neutral", "type": "Article", "tickers": ["ETH"]}, {"news_url": "https://dailyhodl.com/2022/04/21/this-altcoin-is-the-biggest-threat-to-ethereum-eth-so-far-this-year-according-to-cryptocompare", "image_url": "https://crypto.snapi.dev/images/v1/v/d/cryptocompare-top-altcoinjpgw1024-132174.jpg", "title": "This Altcoin Is the Biggest Threat to Ethereum (ETH) So Far This Year, According to CryptoCompare", "text": "Blockchain market data provider CryptoCompare is revealing the most potent threat to Ethereum (ETH) in the decentralized finance landscape during the first quarter (Q1) of 2022. In a new report, CryptoCompare says that Ethereum is experiencing stagnant growth in the total value locked (TVL) \u2013 the amount of all staked crypto assets that are generating [\u2026] The post This Altcoin Is the Biggest Threat to Ethereum (ETH) So Far This Year, According to CryptoCompare appeared first on The Daily Hodl.", "source_name": "The Daily Hodl", "date": "Fri, 22 Apr 2022 10:30:17 -0400", "topics": [], "sentiment": "Negative", "type": "Article", "tickers": ["AVAX", "SOL"]}, {"news_url": "https://news.bitcoin.com/bitcoin-ethereum-technical-analysis-eth-btc-down-as-prices-fall-at-key-resistance-levels/", "image_url": "https://crypto.snapi.dev/images/v1/q/v/shutterstock-2082587002-132172.jpg", "title": "Bitcoin, Ethereum Technical Analysis: ETH, BTC Down as Prices Fall at Key Resistance Levels\u00a0\u00a0", "text": "Following recent back-to-back surges in price, both ETH and BTC were down during Friday's session. Bitcoin fell by almost 5% today, while ETH was down by a similar figure, with both retreating back towards levels of support. Bitcoin After a strong rebound in prices mid-week, the world's largest cryptocurrency was trading lower on Friday, as [\u2026]", "source_name": "Bitcoin", "date": "Fri, 22 Apr 2022 10:26:51 -0400", "topics": ["tanalysis"], "sentiment": "Neutral", "type": "Article", "tickers": ["BTC", "ETH"]}, {"news_url": "https://coingape.com/?p=109935", "image_url": "https://crypto.snapi.dev/images/v1/b/l/bitcoin-lobbying-132167.jpg", "title": "Bitcoin (BTC) A \u201cGood Indicator\u201d Of Retail Sentiment, Says Analyst", "text": "Bitcoin can be considered as a good indicator of retail sentiment, although it isn't the best, said JJ Kinahan, the chief market strategist at Tastyworks. Kinahan noted a recent decline in retail sentiment, which had likely seen several popular meme stocks lag Bitcoin.", "source_name": "Coingape", "date": "Fri, 22 Apr 2022 10:24:22 -0400", "topics": [], "sentiment": "Neutral", "type": "Article", "tickers": ["BTC"]}, {"news_url": "https://cointelegraph.com/news/nasdaq-has-dotcom-crash-deja-vu-says-trader-as-bitcoin-correlation-rises", "image_url": "https://crypto.snapi.dev/images/v1/m/a/840-ahr0chm6ly9zmy5jb2ludgvszwdyyxbolmnvbs91cgxvywrzlziwmjitmdqvnjuzzwezy2itownlns00nzu3ltgxyzqtm2iyywiwnteymdixlmpwzw-132169.jpg", "title": "Nasdaq has dotcom crash 'deja vu' says trader as Bitcoin correlation rises", "text": "The Nasdaq 100 is looking increasingly like it did in the year 2000, warns Peter Brandt, and that has no positive implications for Bitcoin.", "source_name": "Cointelegraph", "date": "Fri, 22 Apr 2022 10:22:00 -0400", "topics": [], "sentiment": "Negative", "type": "Article", "tickers": ["BTC"]}, {"news_url": "https://u.today/microstrategy-ceo-suggests-using-bitcoin-to-eliminate-crypto-scam-bots-on-twitter?SNAPI", "image_url": "https://crypto.snapi.dev/images/v1/f/g/14255-132162.jpg", "title": "MicroStrategy CEO Suggests Using Bitcoin to Eliminate Crypto Scam Bots on Twitter", "text": "Prominent Bitcoin evangelist believes he knows how to solve the crypto scam issue on Twitter using BTC; the proposal goes to Elon Musk", "source_name": "UToday", "date": "Fri, 22 Apr 2022 10:06:00 -0400", "topics": [], "sentiment": "Neutral", "type": "Article", "tickers": ["BTC"]}, {"news_url": "https://coinpedia.org/price-analysis/attention-traders-this-altcoin-is-all-set-to-explode-by-more-than-26-very-soon/", "image_url": "https://crypto.snapi.dev/images/v1/s/o/sol-6-1-125775-127405-132160.jpg", "title": "Attention Traders! This Altcoin is all Set to Explode by More than 26% Very Soon", "text": "The Solana price since the beginning of April maintained a huge descending trend that dragged the price below the 3-digit figure. However, the recent flip uplifted the price above $100 which reached $110 and woefully followed by a drain close to the same levels. Interestingly, the recent swell in the buying pressure-assisted the price to \u2026", "source_name": "CoinPedia", "date": "Fri, 22 Apr 2022 10:04:00 -0400", "topics": [], "sentiment": "Neutral", "type": "Article", "tickers": ["SOL"]}, {"news_url": "https://www.crypto-reporter.com/press-releases/bitso-will-offset-carbon-emissions-of-all-bitcoin-and-erc-20-token-transactions-carried-out-in-its-platform-29858/", "image_url": "https://crypto.snapi.dev/images/v1/5/-/5-cryptocurrency-could-see-price-boom-this-weekend-131976-132158.jpg", "title": "Bitso will Offset Carbon Emissions of all Bitcoin and ERC-20 token Transactions Carried out in its Platform", "text": "Bitso, the leading cryptocurrency platform in Latin America, with more than 4 million users, is honoring Earth Day by partnering with the world's largest carbon offset platform, Moss.Earth. Through the partnership, Moss will offset all carbon emissions produced by all bitcoin and ERC-20 token transactions on Bitso, including ether, Tether, Chainlink, and Shiba Inu. This [\u2026]", "source_name": "Crypto Reporter", "date": "Fri, 22 Apr 2022 10:00:57 -0400", "topics": [], "sentiment": "Neutral", "type": "Article", "tickers": ["BTC"]}, {"news_url": "https://bitcoinmagazine.com/culture/home-bitcoin-mining-experts-talk-strategy", "image_url": "https://crypto.snapi.dev/images/v1/h/o/how-to-heat-your-home-with-bitcoin-mining-132214.png", "title": "Home Mining Experts Talk Strategy At Bitcoin 2022", "text": "A group of at-home bitcoin miners discussed strategies and things to consider for people who want to get started mining bitcoin in their own homes.", "source_name": "Bitcoin Magazine", "date": "Fri, 22 Apr 2022 10:00:00 -0400", "topics": ["mining"], "sentiment": "Neutral", "type": "Article", "tickers": ["BTC"]}, {"news_url": "https://www.investingcube.com/solana-price-prediction-heres-why-100-must-hold/", "image_url": "https://crypto.snapi.dev/images/v1/v/x/shutterstock-1551046811-1024x576-1-132150.jpg", "title": "Solana Price Prediction: Here's Why $100 Must Hold", "text": "Our Solana price prediction needs it to hold the $100 level. Currently, Sol price is trading at $102 and 61% below its ATH.", "source_name": "InvestingCube", "date": "Fri, 22 Apr 2022 09:58:48 -0400", "topics": [], "sentiment": "Neutral", "type": "Article", "tickers": ["SOL"]}, {"news_url": "https://bitcoinmagazine.com/markets/ukraine-bans-bitcoin-purchases-with-national-currency", "image_url": "https://crypto.snapi.dev/images/v1/m/t/ukraine2-132149.png", "title": "Ukraine Bans Bitcoin Purchases With National Currency Amid Martial Law", "text": "Ukraine's central bank is prohibiting BTC buys with the hryvnia in an attempt to prevent what it calls \u201cunproductive\u201d capital outflows.", "source_name": "Bitcoin Magazine", "date": "Fri, 22 Apr 2022 09:57:00 -0400", "topics": [], "sentiment": "Negative", "type": "Article", "tickers": ["BTC"]}, {"news_url": "https://cryptonews.com/news/bitcoin-price-forecast-for-2022-cut-once-again-as-break-only-above-usd-80k-now-expected.htm", "image_url": "https://crypto.snapi.dev/images/v1/b/h/adobestock-37807413-min-132147.jpeg", "title": "Bitcoin Price Forecast for 2022 Cut Once Again as Break 'Only' Above USD 80K Now Expected", "text": "The price of bitcoin (BTC) will hit a peak of USD 81,680 this year, before falling back to USD 65,185 by the end of the year, argued a panel of members from the fintech and crypto industry surveyed by comparison website Finder.com.", "source_name": "Cryptonews", "date": "Fri, 22 Apr 2022 09:53:00 -0400", "topics": [], "sentiment": "Negative", "type": "Article", "tickers": ["BTC"]}, {"news_url": "https://investorplace.com/2022/04/bitcoin-is-the-chief-coin-in-charge-of-a-digital-financial-revolution/", "image_url": "https://crypto.snapi.dev/images/v1/f/f/bitcoin-wallet-1-300x200-132002-132143.jpeg", "title": "Bitcoin Is the Chief Coin In Charge of a Digital Financial Revolution", "text": "In spite of the opinions of harsh critics Bitcoin is serving a great purpose. It is helping fintech take money to the next level.", "source_name": "Investorplace", "date": "Fri, 22 Apr 2022 09:35:57 -0400", "topics": [], "sentiment": "Neutral", "type": "Article", "tickers": ["BTC"]}, {"news_url": "https://ambcrypto.com/microstrategy-has-been-selling-btc-without-telling-no-one-decrypting-the-truth/", "image_url": "https://crypto.snapi.dev/images/v1/o/l/kristina-flour-bcjdbykwquw-unsplash-132131.jpg", "title": "\u2018MicroStrategy has been selling Bitcoin'- Decrypting the truth", "text": "MicroStrategy, a Bitcoin-accumulating business-intelligence software company is known for holding a total of 129,218 Bitcoin. This is valued at about $6 billion (at the current price).", "source_name": "AMBCrypto", "date": "Fri, 22 Apr 2022 09:30:16 -0400", "topics": [], "sentiment": "Negative", "type": "Article", "tickers": ["BTC"]}, {"news_url": "https://coingape.com/?p=109949", "image_url": "https://crypto.snapi.dev/images/v1/1/n/106885587-16214575182021-05-19t203912z-144465080-rc28jn9cpt2v-rtrmadp-0-crypto-currency-bitcoin-e1648649907834-132128.jpeg", "title": "Bitcoin (BTC) Outpaces Wall Street's Biggest Stocks, But There's A Catch", "text": "While Bitcoin (BTC) stuck to a tight trading level this year, the token fared much better than several major technology stocks. Year-to-date losses in technology giants such as Alphabet, Microsoft, Amazon and Meta were far more than those seen by BTC.", "source_name": "Coingape", "date": "Fri, 22 Apr 2022 09:25:46 -0400", "topics": [], "sentiment": "Positive", "type": "Article", "tickers": ["BTC"]}, {"news_url": "https://coingape.com/?p=109983", "image_url": "https://crypto.snapi.dev/images/v1/8/e/1024px-bitcoinsvg-132127.png", "title": "Bitcoin Price Analysis: BTC Price Trades Sideways Near $40,000; What's Next For Investors?", "text": "The largest currency starts its day on a flat note near $40,000 and slides into a very tight range with no meaningful price action. Although, the current price action attracts the buyers for the fresh upside positions.", "source_name": "Coingape", "date": "Fri, 22 Apr 2022 09:23:38 -0400", "topics": ["tanalysis"], "sentiment": "Negative", "type": "Article", "tickers": ["BTC"]}, {"news_url": "https://www.cryptopolitan.com/bitcoin-ethereum-dogecoin-and-polygon-matic-daily-price-analyses-22-april-morning-price-prediction/", "image_url": "https://crypto.snapi.dev/images/v1/x/u/roundup-1140-x-570-2022-mar-bnb-2-132126.png", "title": "Bitcoin, Ethereum, Dogecoin, and Polygon MATIC Daily Price Analyses \u2013 22 April Morning Price Prediction", "text": "TL;DR Breakdown The value of the global crypto market sees slight depreciation, shedding 3.84%, as there is a struggle for stability. Bitcoin continues to depreciate as the gains have turned to losses, shedding 4.40% over the last 24 hours.", "source_name": "Cryptopolitan", "date": "Fri, 22 Apr 2022 09:17:31 -0400", "topics": [], "sentiment": "Neutral", "type": "Article", "tickers": ["BTC", "DOGE", "ETH", "MATIC"]}, {"news_url": "https://u.today/someone-just-bet-17350-eth-contracts-on-ethereum-reaching-7000-by-end-of-2022?SNAPI", "image_url": "https://crypto.snapi.dev/images/v1/g/h/14249-132125.jpg", "title": "Someone Just Bet 17,350 ETH Contracts on Ethereum Reaching $7,000 by End of 2022", "text": "Massive bet on Ethereum was placed on options market", "source_name": "UToday", "date": "Fri, 22 Apr 2022 09:10:00 -0400", "topics": [], "sentiment": "Neutral", "type": "Article", "tickers": ["ETH"]}, {"news_url": "https://investorplace.com/2022/04/early-solana-investors-will-have-the-last-laugh/", "image_url": "https://crypto.snapi.dev/images/v1/o/f/solana-blockchain-130921-132121.png", "title": "Early Solana Investors Will Have the Last Laugh", "text": "Solana is a leader with a bright future brewing. The roads that these intrepid tokens are carving will be the future financial highways.", "source_name": "Investorplace", "date": "Fri, 22 Apr 2022 09:03:30 -0400", "topics": [], "sentiment": "Positive", "type": "Article", "tickers": ["SOL"]}, {"news_url": "https://finbold.com/commodity-expert-says-bitcoin-is-becoming-collateral-in-worlds-digital-shift/?SNAPI", "image_url": "https://crypto.snapi.dev/images/v1/m/k/commodity-expert-says-bitcoin-is-becoming-collateral-in-worlds-digital-shift-132115.jpg", "title": "Commodity expert says Bitcoin \u2018is becoming collateral' in world's digital shift", "text": "While Bitcoin (BTC) continues to trade above the $40,000 mark, after a recent drop from a weekly high of $42,878.", "source_name": "Finbold", "date": "Fri, 22 Apr 2022 08:59:53 -0400", "topics": [], "sentiment": "Negative", "type": "Article", "tickers": ["BTC"]}, {"news_url": "https://thecurrencyanalytics.com/altcoins/tribalism-from-xrp-advocates-towards-bitcoin-advocates-41026.php", "image_url": "https://crypto.snapi.dev/images/v1/u/g/tribalism-from-xrp-advocates-towards-bitcoin-advocates-132107.jpg", "title": "Tribalism From XRP Advocates Towards Bitcoin Advocates", "text": "Catch up on the latest crypto market news at The Currency Analytics. Brad Garlinghouse, Ripple CEO when talking to the CNBC stated, \u201cBitcoin Tribalism is Holding the Crypto Industry Back.", "source_name": "The Currency Analytics", "date": "Fri, 22 Apr 2022 08:48:13 -0400", "topics": [], "sentiment": "Neutral", "type": "Article", "tickers": ["BTC", "XRP"]}, {"news_url": "https://cryptobriefing.com/ukraine-blocking-bitcoin-buys-local-currency/?utm_source=main_feed&utm_medium=rss", "image_url": "https://crypto.snapi.dev/images/v1/5/g/ukraine-blocking-bitcoin-sales-cover-838x440-132106.png", "title": "Ukraine Blocking Bitcoin Buys in Local Currency", "text": "The National Bank of Ukraine has banned citizens from buying crypto assets in its local currency while the country is under martial law.", "source_name": "Crypto Briefing", "date": "Fri, 22 Apr 2022 08:46:46 -0400", "topics": [], "sentiment": "Negative", "type": "Article", "tickers": ["BTC"]}, {"news_url": "https://u.today/42-billion-in-bitcoin-shoveled-between-anon-wallets-as-btc-plunges-from-42800?SNAPI", "image_url": "https://crypto.snapi.dev/images/v1/0/o/14251-132104.jpg", "title": "$4.2 Billion in Bitcoin Shoveled between Anon Wallets as BTC Plunges from $42,800", "text": "Whales have transferred a record 88,272 Bitcoins between unknown addresses, while Bitcoin is plunging again", "source_name": "UToday", "date": "Fri, 22 Apr 2022 08:45:00 -0400", "topics": [], "sentiment": "Negative", "type": "Article", "tickers": ["BTC"]}, {"news_url": "https://www.fool.com/investing/2022/04/22/what-is-ethereums-difficulty-bomb-and-should-inves/", "image_url": "https://crypto.snapi.dev/images/v1/a/d/adobestock-331711140-131706-132102.jpg", "title": "What Is Ethereum's \"Difficulty Bomb\" and Should Investors Be Worried?", "text": "There's reason for investors to relax but one should definitely be aware of what's at stake.", "source_name": "The Motley Fool", "date": "Fri, 22 Apr 2022 08:25:00 -0400", "topics": [], "sentiment": "Neutral", "type": "Article", "tickers": ["ETH"]}, {"news_url": "https://cryptonews.com/news/bitcoin-and-ethereum-hold-downtrend-support-trx-and-dcr-trim-gains.htm", "image_url": "https://crypto.snapi.dev/images/v1/k/s/kanchanara-4kjjezdyo3m-unsplash-4-scaled-131834-132090.jpg", "title": "Bitcoin and Ethereum Hold Downtrend Support, TRX and DCR Trim Gains", "text": "Bitcoin price started a fresh decline below the USD 41,200 support zone and spiked below the USD 40,000 support before recovering. It is currently (11:49 UTC) consolidating near the USD 40,500 level. BTC is down almost 5% in a day, trimming its weekly gains to 1%.", "source_name": "Cryptonews", "date": "Fri, 22 Apr 2022 08:07:00 -0400", "topics": [], "sentiment": "Neutral", "type": "Article", "tickers": ["BTC", "ETH", "TRX", "DCR"]}, {"news_url": "https://coingape.com/?p=109929", "image_url": "https://crypto.snapi.dev/images/v1/x/g/xrp-logo-featured-e1649338133335-132079.png", "title": "Ripple Price Prediction: XRP Price Approaches Weekly Support Near $0.70; Hold or Exit?", "text": "XRP price continues to retrace lower for the third straight day. The price is currently under the short-term downside as it records a 12% fall since the previous week.", "source_name": "Coingape", "date": "Fri, 22 Apr 2022 08:01:11 -0400", "topics": [], "sentiment": "Neutral", "type": "Article", "tickers": ["XRP"]}, {"news_url": "https://coinpedia.org/price-analysis/bitcoinbtc-price-undergoes-a-harsh-rejection-yet-committed-to-hit-65000-in-the-next-couple-of-months/", "image_url": "https://crypto.snapi.dev/images/v1/n/n/kanchanara-drgxo-ujt2u-unsplash-2-129618-130007-130594-131272-131769-132081.jpg", "title": "Bitcoin(BTC) Price Undergoes a Harsh Rejection, Yet Committed to Hit $65,000 in the Next Couple of Months!", "text": "Bitcoin price still swings within the symmetrical triangle, very close to the apex of the consolidation. And hence a drastic move is much anticipated in the near future as the bears and the bulls are in a serious brawl right now. Moreover, the bears are expected to get exhausted very soon which may turn the \u2026", "source_name": "CoinPedia", "date": "Fri, 22 Apr 2022 08:01:10 -0400", "topics": [], "sentiment": "Negative", "type": "Article", "tickers": ["BTC"]}, {"news_url": "https://www.crypto-reporter.com/newsfeed/etc-group-launches-xrp-backed-etc-on-xetra-29841/", "image_url": "https://crypto.snapi.dev/images/v1/b/e/best-cryptocurrencies-to-buy-now-131102-132084.jpg", "title": "ETC Group Launches XRP-Backed ETC on Xetra", "text": "ETC Group adds XRP backed investment product to its expanding digital assets portfolio of Exchange Traded Cryptocurrencies (ETCs) in Europe which include BTCE, the world's most traded crypto Exchange Traded Product (ETP) LONDON--(BUSINESS WIRE)--#ripp...", "source_name": "Crypto Reporter", "date": "Fri, 22 Apr 2022 08:00:52 -0400", "topics": [], "sentiment": "Positive", "type": "Article", "tickers": ["ETC", "XRP"]}, {"news_url": "https://dailyhodl.com/2022/04/22/99-of-crypto-assets-are-securities-warns-bitcoin-btc-firebrand-michael-saylor/", "image_url": "https://crypto.snapi.dev/images/v1/6/q/assets-securities-firebrandjpgw1024-132064.jpg", "title": "99% of Crypto Assets Are Securities, Warns Bitcoin (BTC) Firebrand Michael Saylor", "text": "MicroStrategy CEO Michael Saylor is laying out what he believes to be the long-term use case for base layer cryptos like Bitcoin (BTC). In an interview with the Lex Friedman YouTube channel, the billionaire investor explains how the structure of layer-1 blockchains determines their ultimate function, which includes speed and security. \u201cIf you think about [\u2026] The post 99% of Crypto Assets Are Securities, Warns Bitcoin (BTC) Firebrand Michael Saylor appeared first on The Daily Hodl.", "source_name": "The Daily Hodl", "date": "Fri, 22 Apr 2022 07:45:56 -0400", "topics": [], "sentiment": "Negative", "type": "Article", "tickers": ["BTC"]}, {"news_url": "https://www.youtube.com/watch?v=_AutD9wmM3A", "image_url": "https://crypto.snapi.dev/images/v1/i/z/bitcoin-is-a-good-indicator-of-retail-trading-sentiment-says-tastyworks-jj-kinahan-132066.jpg", "title": "Bitcoin is a good indicator of retail trading sentiment, says Tastywork's JJ Kinahan", "text": "JJ Kinahan, chief market strategist at Tastyworks, joins CNBC's 'Squawk Box' to discuss bitcoin's performance against popular meme stocks, sentiment among retail investors and more.", "source_name": "CNBC Television", "date": "Fri, 22 Apr 2022 07:41:55 -0400", "topics": [], "sentiment": "Neutral", "type": "Video", "tickers": ["BTC"]}, {"news_url": "https://ambcrypto.com/after-mena-and-apac-this-is-the-region-ripple-could-be-looking-at-next/", "image_url": "https://crypto.snapi.dev/images/v1/s/n/mark-thompson-pmpzkrqytyi-unsplash-2-132052.jpg", "title": "After MENA and APAC, this is the region Ripple could be looking at next", "text": "Ripple, the San Francisco-based blockchain company, has admittedly seen more success and received warmer welcomes abroad than within the USA. So naturally, many investors and XRP-holders want to know where the company is looking at next to launch new projects and partnerships.", "source_name": "AMBCrypto", "date": "Fri, 22 Apr 2022 07:30:25 -0400", "topics": [], "sentiment": "Neutral", "type": "Article", "tickers": ["XRP"]}, {"news_url": "https://coinpedia.org/price-analysis/will-ethereum-eth-price-retest-2800-level-this-weekend/", "image_url": "https://crypto.snapi.dev/images/v1/6/d/kanchanara-7cma9zl5ddk-unsplash-e1649941266896-129322-130456-132051.jpg", "title": "Will Ethereum (ETH) Price Retest $2800 Level This Weekend Or Rebound Above $3100?", "text": "Today, the crypto market opened with a sharp decline where major cryptocurrencies have been bleeding red. Bitcoin has dropped to the $40,000 level and Ethereum, the second-largest crypto by market cap has seen a decline towards the $3,00 level leading other altcoins too on a red note. At the time of reporting, Ethereum is changing \u2026", "source_name": "CoinPedia", "date": "Fri, 22 Apr 2022 07:29:32 -0400", "topics": [], "sentiment": "Neutral", "type": "Article", "tickers": ["ETH"]}, {"news_url": "https://coinpedia.org/bitcoin/bitcoin-btc-price-will-rally-25x/", "image_url": "https://crypto.snapi.dev/images/v1/y/z/e0d8f6ee09735503061550a9896938c1253c97ae14c7613312eec847c0c7eb4c-131955-132047.jpg", "title": "This is When Bitcoin (BTC) Price Will Rally 25x To Hit $1000k", "text": "The cryptocurrency space was all eyeing a more bull market as yesterday, 21st April the crypto market was all green with Bitcoin reclaiming $42,000. However, this bullish phase didn't last for long as the flagship currency tumbled back to the $40,000 level dragging all other cryptocurrencies on a bearish cycle. At the time of reporting \u2026", "source_name": "CoinPedia", "date": "Fri, 22 Apr 2022 07:23:00 -0400", "topics": [], "sentiment": "Positive", "type": "Article", "tickers": ["BTC"]}, {"news_url": "https://www.financemagnates.com/cryptocurrency/news/etc-group-expands-portfolio-with-xrp-backed-etc-on-xetra/", "image_url": "https://crypto.snapi.dev/images/v1/d/b/xrp-id-68bbbf0e-a5b3-4b17-980e-49592a85a6ac-size900-132046.jpg", "title": "ETC Group Expands Portfolio with XRP-Backed ETC on Xetra", "text": "To enhance its digital assets portfolio of exchange-traded cryptocurrencies (ETCs) in Europe, ETC Group, one of the largest providers of institutional-grade digital asset-backed securities, has recently announced the listing of XRPetc (ETC Group physical XRP) on Xetra.", "source_name": "FinanceMagnates", "date": "Fri, 22 Apr 2022 07:18:00 -0400", "topics": [], "sentiment": "Positive", "type": "Article", "tickers": ["XRP"]}, {"news_url": "https://www.cryptopolitan.com/polkadot-price-analysis-2022-04-22/", "image_url": "https://crypto.snapi.dev/images/v1/b/p/dot-3-1-132067.jpg", "title": "Polkadot price analysis: DOT prices retrace as the market stalls around $18.24", "text": "TL; DR Breakdown Polkadot price analysis reveals a downtrend Support for DOT prices is seen at the $20.0 level Polkadot prices are down by 4.99 percent Polkadot price analysis for today reveals DOT prices have retraced from the highs set around $19.37 as the market stalls. The general market trend is bearish, and it may.", "source_name": "Cryptopolitan", "date": "Fri, 22 Apr 2022 06:58:27 -0400", "topics": ["tanalysis"], "sentiment": "Negative", "type": "Article", "tickers": ["DOT"]}, {"news_url": "https://coinpedia.org/bitcoin/bitcoin-traders-placing-long-position/", "image_url": "https://crypto.snapi.dev/images/v1/e/c/pexels-photo-7788006-1000x600-131407-131924-132031.webp", "title": "Bitcoin Traders Placing Long Position, BTC Price Hitting $45k Is Imminent In Coming Week", "text": "Today, yet again the cryptocurrency market failed to keep up the bull run and dragged the global crypto market by 1.61% over the last 24hrs trading at $1.89 trillion. At present, the world's largest cryptocurrency by market cap is experiencing greater volatility around $40,000 levels. The king currency did claim the $41,500 level but couldn't \u2026", "source_name": "CoinPedia", "date": "Fri, 22 Apr 2022 06:43:29 -0400", "topics": [], "sentiment": "Positive", "type": "Article", "tickers": ["BTC"]}, {"news_url": "https://www.cryptopolitan.com/eu-officials-discuss-ban-on-btc-trading/", "image_url": "https://crypto.snapi.dev/images/v1/v/j/8fd274a3-c43d-42e7-908a-5acaeb79f5a1-132069.jpeg", "title": "EU officials discuss a potential ban on BTC trading", "text": "TL; DR Breakdown EU officials want to ban BTC trading The officials want to eliminate proof of work mining EU officials are yet to make a decision Officials of the European Union have communicated a likely ban on all trades of Bitcoin in line with the previous proposal of a ban on Proof of Work.", "source_name": "Cryptopolitan", "date": "Fri, 22 Apr 2022 06:38:45 -0400", "topics": [], "sentiment": "Negative", "type": "Article", "tickers": ["BTC"]}, {"news_url": "https://en.cryptonomist.ch/2022/04/22/ripple-industries-acquires-schumacher-electric/", "image_url": "https://crypto.snapi.dev/images/v1/v/v/ripple-industries-300x200-132065.jpeg", "title": "Ripple Industries acquires Schumacher Electric", "text": "It has nothing to do with the company that created the cryptocurrency XRP", "source_name": "The Cryptonomist", "date": "Fri, 22 Apr 2022 06:36:34 -0400", "topics": [], "sentiment": "Positive", "type": "Article", "tickers": ["XRP"]}, {"news_url": "https://www.theblockcrypto.com/post/142906/policy-scoop-with-aislinn-keely-a-roundup-of-the-policy-discussion-at-miamis-bitcoin-2022", "image_url": "https://crypto.snapi.dev/images/v1/n/i/policy-scoop-16x9-fireblocks-2-800x450-132016.jpg", "title": "Policy Scoop with Aislinn Keely: A roundup of the policy discussion at Miami's Bitcoin 2022", "text": "In this episode of Policy Scoop, The Block's Aislinn Keely chats with The Block Managing Editor Michael McSweeney about the key takeaways from the policy-related discussions at the Bitcoin 2022 conference in Miami, Florida. The post Policy Scoop with Aislinn Keely: A roundup of the policy discussion at Miami's Bitcoin 2022 appeared first on The Block.", "source_name": "The Block", "date": "Fri, 22 Apr 2022 06:00:19 -0400", "topics": [], "sentiment": "Neutral", "type": "Article", "tickers": ["BTC"]}, {"news_url": "https://www.dcforecasts.com/bitcoin-news/eu-regulators-consider-btc-trading-ban-to-enforce-the-mining-ban/", "image_url": "https://crypto.snapi.dev/images/v1/r/n/banned-1726366-960-720-132014.jpg", "title": "EU Regulators Consider BTC Trading Ban To Enforce The Mining Ban", "text": "The EU regulators consider BTC trading ban to enforce the mining ban in previously unseen documents that detailed the EU conversation around banning the number one cryptocurrency so let's read more in today's latest Bitcoin news. The EU officials discussed banning BTC in a debate on a ban proposal for the Proof of Work mining [\u2026]", "source_name": "DCForecasts", "date": "Fri, 22 Apr 2022 06:00:01 -0400", "topics": ["mining", "regulations"], "sentiment": "Negative", "type": "Article", "tickers": ["BTC"]}, {"news_url": "https://u.today/ripple-v-sec-attorney-jeremy-hogan-says-case-has-moved-so-far-so-good-despite-delays?SNAPI", "image_url": "https://crypto.snapi.dev/images/v1/v/u/14239-132012.jpg", "title": "Ripple v. SEC: Attorney Jeremy Hogan Says Case Has Moved \"So Far So Good\" Despite Delays", "text": "Attorney Jeremy Hogan believes that the Ripple v. SEC case has progressed", "source_name": "UToday", "date": "Fri, 22 Apr 2022 05:51:00 -0400", "topics": ["regulations"], "sentiment": "Neutral", "type": "Article", "tickers": ["XRP"]}, {"news_url": "https://insidebitcoins.com/news/5-top-web-3-crypto-for-high-profits-april-2022", "image_url": "https://crypto.snapi.dev/images/v1/d/z/5-top-web-132009.png", "title": "5 Top Web 3 Crypto For High Profits \u2013 April 2022", "text": "The tech space is buzzing with excitement over Web3 \u2013 the next evolution of the internet that focuses on improved user control and better data [...]", "source_name": "Inside Bitcoins", "date": "Fri, 22 Apr 2022 05:49:33 -0400", "topics": [], "sentiment": "Positive", "type": "Article", "tickers": ["AXS", "BLOCK", "ETH", "LINK", "SAND"]}, {"news_url": "https://cryptopotato.com/crypto-price-analysis-april-22-ethereum-ripple-cardano-luna-and-polygon/", "image_url": "https://crypto.snapi.dev/images/v1/o/l/img1-2-132000.jpg", "title": "Crypto Price Analysis April-22: Ethereum, Ripple, Cardano, Luna, and Polygon", "text": "This week, we take a closer look at Ethereum, Ripple, Cardano, Luna, and Polygon Ethereum (ETH) Despite a hopeful week when ETH appeared ready to break higher, the price action quickly turned around on Thursday, bringing ETH back on the key support at $2,980. The key resistance at $3,160 remains firm in place, and ETH [\u2026]", "source_name": "CryptoPotato", "date": "Fri, 22 Apr 2022 05:45:04 -0400", "topics": ["tanalysis"], "sentiment": "Neutral", "type": "Article", "tickers": ["ADA", "ETH", "LUNA", "MATIC", "XRP"]}, {"news_url": "https://cryptonews.com/news/ripple-xrp-solana-sol-seesaw-protocol-ssw-undergo-consolidation-could-generate-10x-gains.htm", "image_url": "https://crypto.snapi.dev/images/v1/f/n/wozl2-ihpiifjemagtbmgjuarrqfgmn9ua6qdsemfs4k3wdpxzeebuwgosgz3que7dfjjszr3mmouolzj-gnbyscphoxp5paeqrfbegaxn63blifyaqmwullf3n9uw-tni81jqi8-131993.jpg", "title": "Ripple (XRP), Solana (SOL), and Seesaw Protocol (SSW) Undergo Consolidation and Could Generate 10X Gains", "text": "Disclaimer: The text below is an advertorial article that was not written by Cryptonews.com journalists.", "source_name": "Cryptonews", "date": "Fri, 22 Apr 2022 05:40:00 -0400", "topics": [], "sentiment": "Positive", "type": "Article", "tickers": ["SOL", "SSW", "XRP"]}, {"news_url": "https://finbold.com/bitcoin-core-releases-update-to-potentially-natively-support-apple-silicon-m1-family-chips/?SNAPI", "image_url": "https://crypto.snapi.dev/images/v1/7/m/bitcoin-core-releases-update-to-potentially-natively-support-apple-silicon-m1-family-chips-131985.jpg", "title": "Bitcoin Core releases update to potentially natively support Apple Silicon (M1 family) chips", "text": "As technology in the cryptocurrency space continues to advance, so does the underlying software, including Bitcoin Core. In particular, Bitcoin.", "source_name": "Finbold", "date": "Fri, 22 Apr 2022 05:14:53 -0400", "topics": [], "sentiment": "Neutral", "type": "Article", "tickers": ["BTC"]}, {"news_url": "https://cointelegraph.com/news/bitcoin-retests-40k-after-stocks-sell-off-meets-fed-balance-sheet-bust", "image_url": "https://crypto.snapi.dev/images/v1/4/u/840-ahr0chm6ly9zmy5jb2ludgvszwdyyxbolmnvbs91cgxvywrzlziwmjitmdqvytazztuzndqtogqxoc00ngewltgzzwytzjrmzdg0mzuyymm4lmpwzw-131983.jpg", "title": "Bitcoin retests $40K after stocks sell-off meets Fed balance sheet bust", "text": "Macro-induced mayhem costs Bitcoin bulls dearly as Ethereum also loses key $3,000 support.", "source_name": "Cointelegraph", "date": "Fri, 22 Apr 2022 05:10:23 -0400", "topics": [], "sentiment": "Negative", "type": "Article", "tickers": ["BTC"]}, {"news_url": "https://cointelegraph.com/news/ukraine-bans-bitcoin-purchases-with-local-currency-amid-martial-law", "image_url": "https://crypto.snapi.dev/images/v1/1/4/840-ahr0chm6ly9zmy5jb2ludgvszwdyyxbolmnvbs91cgxvywrzlziwmjitmdqvngy1odhlzwytm2mymc00ztjkltg3zdctmjuym2ywnjlmymixlmpwzw-131984.jpg", "title": "Ukraine bans Bitcoin purchases with local currency amid martial law", "text": "Ukrainians are now allowed to buy Bitcoin only with foreign currency with a monthly cap of $3,300.", "source_name": "Cointelegraph", "date": "Fri, 22 Apr 2022 05:09:31 -0400", "topics": [], "sentiment": "Negative", "type": "Article", "tickers": ["BTC"]}, {"news_url": "https://beincrypto.com/ethereum-beacon-chain-adds-50k-new-validators-in-just-a-month/", "image_url": "https://crypto.snapi.dev/images/v1/s/t/bic-ethereum-2pt0-beacon-chainjpgoptimal-131982.jpg", "title": "Ethereum Beacon Chain Adds 50K New Validators in Just a Month", "text": "The Ethereum network has been experiencing strong growth in fundamentals with the addition of 50,000 validators since March. The post Ethereum Beacon Chain Adds 50K New Validators in Just a Month appeared first on BeInCrypto.", "source_name": "BeInCrypto", "date": "Fri, 22 Apr 2022 05:00:00 -0400", "topics": [], "sentiment": "Neutral", "type": "Article", "tickers": ["ETH"]}, {"news_url": "https://u.today/cardano-founder-takes-aim-at-bitcoin-mining-centralization?SNAPI", "image_url": "https://crypto.snapi.dev/images/v1/2/0/14232-131979.jpg", "title": "Cardano Founder Takes Aim at Bitcoin Mining Centralization", "text": "Cardano founder Charles Hoskinson has highlighted the centralization of Bitcoin mining in a recent tweet", "source_name": "UToday", "date": "Fri, 22 Apr 2022 05:00:00 -0400", "topics": ["mining"], "sentiment": "Neutral", "type": "Article", "tickers": ["BTC"]}], "total_pages": 42}