{"data": [{"news_url": "https://www.youtube.com/watch?v=tl6HK3BCUAQ", "image_url": "https://crypto.snapi.dev/images/v1/d/w/fidelity-to-offer-customers-the-option-to-put-bitcoin-in-their-portfolios-133733.jpg", "title": "Fidelity to offer customers the option to put bitcoin in their portfolios", "text": "CNBC's Kate Rooney joins Shep Smith to report that investment firm Fidelity plans to offer bitcoin as a 401(k) investment option.", "source_name": "CNBC Television", "date": "Tue, 26 Apr 2022 20:24:48 -0400", "topics": [], "sentiment": "Positive", "type": "Video", "tickers": ["BTC"]}, {"news_url": "https://www.cryptoglobe.com/latest/2022/04/doge-tesla-ceo-disagrees-that-a-dogecoin-ethereum-bridge-will-add-utility/", "image_url": "https://crypto.snapi.dev/images/v1/h/a/art-rachen-qf1xtsigpqm-unsplash-133732.jpg", "title": "$DOGE: Tesla CEO Disagrees That a \u2018Dogecoin-Ethereum Bridge' Will \u2018Add Utility'", "text": "Tesla and SpaceX CEO Elon Musk has dismissed the idea that a bridge between the Dogecoin ($DOGE) network and Ethereum ($ETH) is necessary for the meme-inspired cryptocurrency's utility to grow. Responding to a set of suggestions made by DOGE co-creator Billy Markus on social media, which included getting more businesses to accept DOGE payments\u00a0 and [\u2026]", "source_name": "CryptoGlobe", "date": "Tue, 26 Apr 2022 20:20:00 -0400", "topics": [], "sentiment": "Neutral", "type": "Article", "tickers": ["DOGE", "ETH"]}, {"news_url": "https://cryptonews.com/news/panamanian-mp-our-draft-crypto-law-is-different-from-el-salvadors-bitcoin-law.htm", "image_url": "https://crypto.snapi.dev/images/v1/p/a/adobestock-271566105-min-133731.jpg", "title": "Panamanian MP: Our Draft Crypto Law Is Different from El Salvador's Bitcoin Law", "text": "The MP architect of a draft Panamanian private member's bill that proposes allowing the use of crypto as a form of payment has claimed that there are key differences between his proposed law and the Bitcoin Law adopted in El Salvador last year.", "source_name": "Cryptonews", "date": "Tue, 26 Apr 2022 20:00:00 -0400", "topics": [], "sentiment": "Neutral", "type": "Article", "tickers": ["BTC"]}, {"news_url": "https://bitcoinmagazine.com/technical/adversarial-thinking-for-attacks-on-bitcoin", "image_url": "https://crypto.snapi.dev/images/v1/x/u/when-the-fork-forks-what-you-need-to-know-as-bitcoin-cash-goes-to-war-133730.jpg", "title": "Adversarial Thinking And Ways To Attack Bitcoin", "text": "A group of Bitcoin Core developers discussed various attack vectors for Bitcoin as well as ways to plan ahead and circumvent nefarious actors.", "source_name": "Bitcoin Magazine", "date": "Tue, 26 Apr 2022 20:00:00 -0400", "topics": [], "sentiment": "Negative", "type": "Article", "tickers": ["BTC"]}, {"news_url": "https://decrypt.co/98758/bitcoin-struggling-el-salvador-report", "image_url": "https://crypto.snapi.dev/images/v1/u/y/nayib-bukele-el-salvador-bitcoin-gid-4-133729.jpeg", "title": "Bitcoin Is Struggling to Take Off in El Salvador: Report", "text": "The National Bureau of Economic Research concludes that not many people in El Salvador are using Bitcoin, despite a law that compels businesses to accept it.", "source_name": "Decrypt", "date": "Tue, 26 Apr 2022 19:23:37 -0400", "topics": [], "sentiment": "Negative", "type": "Article", "tickers": ["BTC"]}, {"news_url": "https://www.cryptopolitan.com/polkadot-price-analysis-2022-04-26/", "image_url": "https://crypto.snapi.dev/images/v1/d/k/polkadot-price-analysis-price-elevates-to-2241-as-bulls-continue-scoring-high-133723.jpg", "title": "Polkadot price analysis: DOT faces severe sell-off as price heads to $14.50", "text": "TL;DR Breakdown Polkadot price analysis shows price down 6 percent over 24 hours Price reached the lowest point this month at $16.58 Bearish case could be invalidated with move up to $18.75 Polkadot price analysis continues to show bearish signs that only intensified over the past 24 hours. DOT lost 6 percent during the day's.", "source_name": "Cryptopolitan", "date": "Tue, 26 Apr 2022 18:36:39 -0400", "topics": ["tanalysis"], "sentiment": "Negative", "type": "Article", "tickers": ["DOT"]}, {"news_url": "https://insidebitcoins.com/news/ripple-price-prediction-for-today-april-26-xrp-falls-in-wider-range-bound-zones", "image_url": "https://crypto.snapi.dev/images/v1/b/8/4tmampj1-us-judge-denies-request-to-add-xrp-holders-as-intervenors-in-secs-lawsuit-against-ripple-131451-133721.webp", "title": "Ripple Price Prediction for Today, April 26: XRP Falls in Wider Range-Bound Zones", "text": "XRP Falls in Wider Range-Bound Zones \u2013 April 26Variant activities involving visible ups and downs have continued to happen in the Ripple XRP business dealings [...]", "source_name": "Inside Bitcoins", "date": "Tue, 26 Apr 2022 18:20:19 -0400", "topics": ["tanalysis"], "sentiment": "Negative", "type": "Article", "tickers": ["XRP"]}, {"news_url": "https://dailyhodl.com/2022/04/26/analyst-benjamin-cowen-details-massive-polkadot-dot-prediction-for-next-leg-up-heres-his-target/", "image_url": "https://crypto.snapi.dev/images/v1/f/6/cowen-massive-polkadot-predictionjpgw1024-133718.jpg", "title": "Analyst Benjamin Cowen Details Massive Polkadot (DOT) Prediction for Next Leg Up \u2013 Here's His Target", "text": "Popular crypto analyst Benjamin Cowen is unveiling a big prediction for Ethereum rival Polkadot (DOT) that he sees happening once markets turn bullish again. In an interview with Altcoin Daily, Cowen says that DOT could reasonably triple its previous all-time high of $55 in the event that the total cryptocurrency market cap reaches a ballpark [\u2026] The post Analyst Benjamin Cowen Details Massive Polkadot (DOT) Prediction for Next Leg Up \u2013 Here's His Target appeared first on The Daily Hodl.", "source_name": "The Daily Hodl", "date": "Tue, 26 Apr 2022 18:05:11 -0400", "topics": [], "sentiment": "Neutral", "type": "Article", "tickers": ["DOT"]}, {"news_url": "https://bitcoinist.com/ethereum-optimism-new-token-entire-airdrop-season/", "image_url": "https://crypto.snapi.dev/images/v1/c/y/ethereum-1-640x360-133717.jpeg", "title": "Ethereum's Optimism Unveils New Token With Entire Airdrop Season", "text": "Ethereum scalability solution Optimism revealed their governance token, called OP. This will mark the beginning of a transformation process for the Optimism ecosystem.", "source_name": "Bitcoinist", "date": "Tue, 26 Apr 2022 18:00:31 -0400", "topics": [], "sentiment": "Positive", "type": "Article", "tickers": ["ETH"]}, {"news_url": "https://bitcoinmagazine.com/culture/bitcoin-is-venice-scaling-layers", "image_url": "https://crypto.snapi.dev/images/v1/1/l/20220425-btcfinal-bitcoinvenicep7-133715.png", "title": "Bitcoin Is Venice: Scaling In Layers", "text": "Bitcoin enables \"natural\" scaling, including layered money \u00e0 la Lightning, which fulfills this only because of the base layer's functionality.", "source_name": "Bitcoin Magazine", "date": "Tue, 26 Apr 2022 18:00:00 -0400", "topics": [], "sentiment": "Neutral", "type": "Article", "tickers": ["BTC"]}, {"news_url": "https://insidebitcoins.com/news/ethereum-price-prediction-for-today-april-26-eth-price-drops-below-3000", "image_url": "https://crypto.snapi.dev/images/v1/a/r/crypto3-133712.jpg", "title": "Ethereum Price Prediction for Today, April 26: ETH Price Drops Below $3000", "text": "According to the daily chart, the Ethereum price prediction is currently down with a 5.71% price decline after touching the $3038 level. ETH/USD Market Key [.", "source_name": "Inside Bitcoins", "date": "Tue, 26 Apr 2022 17:51:32 -0400", "topics": ["tanalysis"], "sentiment": "Negative", "type": "Article", "tickers": ["ETH"]}, {"news_url": "https://bitcoinist.com/bitcoin-still-struggling-to-take-off-in-el-salvador/", "image_url": "https://crypto.snapi.dev/images/v1/m/p/118839832-bitcoinstorereuters-640x360-133711.jpg", "title": "Bitcoin Still Struggling To Take Off In El Salvador", "text": "El Salvador has become a hotbed for bitcoin adoption in recent months. As a result, it may come as a surprise that Bitcoin has failed to gain traction in the country, according to a recent survey.", "source_name": "Bitcoinist", "date": "Tue, 26 Apr 2022 17:49:45 -0400", "topics": [], "sentiment": "Negative", "type": "Article", "tickers": ["BTC"]}, {"news_url": "https://markets.businessinsider.com/news/currencies/bitcoin-fidelity-401k-michael-saylor-retirement-accounts-cryptocurrency-bonds-markets-2022-4", "image_url": "https://crypto.snapi.dev/images/v1/2/q/60ca262123393a00188e3872formatjpeg-133682.jpg", "title": "Michael Saylor calls bitcoin the 'perfect asset' for retirement accounts and safer than bonds as Fidelity moves to let investors put the crypto in their 401(k)", "text": "Bitcoin is \"less risky than bonds\" and other asset classes, MicroStrategy's CEO told CNBC following Fidelity's embrace of the cryptocurrency.", "source_name": "Business Insider", "date": "Tue, 26 Apr 2022 17:21:00 -0400", "topics": [], "sentiment": "Positive", "type": "Article", "tickers": ["BTC"]}, {"news_url": "https://thenewscrypto.com/mechanic-gets-paid-in-btc-for-lambo-repairs/?SNAPI", "image_url": "https://crypto.snapi.dev/images/v1/f/l/125680-133705.jpg", "title": "Mechanic Gets Paid in BTC for Lambo Repairs!", "text": "Mechanic JayFab gets BTC payments for repairing a Lamborghini Aventador.\u00a0 The Mechanic states it's his first retail transaction.", "source_name": "TheNewsCrypto", "date": "Tue, 26 Apr 2022 17:18:07 -0400", "topics": [], "sentiment": "Neutral", "type": "Article", "tickers": ["BTC"]}, {"news_url": "https://decrypt.co/98731/cleanspark-borrows-against-bitcoin-mining-rigs-to-get-35m-for-more-mining-rigs", "image_url": "https://crypto.snapi.dev/images/v1/a/t/bitcoin-miner-gid-4-133701.jpg", "title": "CleanSpark Borrows Against Bitcoin Mining Rigs to Get $35M for More Mining Rigs", "text": "The Las Vegas-based company and other Bitcoin miners like RIOT Blockchain, HIVE, and Bitfarms have had a rough start to 2022.", "source_name": "Decrypt", "date": "Tue, 26 Apr 2022 17:00:17 -0400", "topics": ["mining"], "sentiment": "Negative", "type": "Article", "tickers": ["BTC"]}, {"news_url": "https://crypto.news/el-salvador-nationals-bitcoin-new-study/", "image_url": "https://crypto.snapi.dev/images/v1/1/g/cryptocurrency-133345-133699.jpg", "title": "El Salvador Nationals Could \u2018Lean Back' on Bitcoin, New Study Shows", "text": "A study by the National Bureau of Economic Research (NBER) shows that cryptocurrency adoption in El Salvador is not as widespread as earlier thought. President Bukele Believes BTC Can Transform El Salvador In September 2021, El Salvador became the first\u2026", "source_name": "Crypto news", "date": "Tue, 26 Apr 2022 17:00:00 -0400", "topics": [], "sentiment": "Negative", "type": "Article", "tickers": ["BTC"]}, {"news_url": "https://bitcoinmagazine.com/business/the-current-state-of-public-bitcoin-mining", "image_url": "https://crypto.snapi.dev/images/v1/u/w/bitfarms-expands-bitcoin-mining-in-qubec-133697.jpg", "title": "The Current State Of Public Bitcoin Mining", "text": "The trend of falling hash price will force weaker miners to unplug, find more efficient energy sources and/or sell off machines or bitcoin holdings.", "source_name": "Bitcoin Magazine", "date": "Tue, 26 Apr 2022 17:00:00 -0400", "topics": ["mining"], "sentiment": "Neutral", "type": "Article", "tickers": ["BTC"]}, {"news_url": "https://www.pymnts.com/blockchain/bitcoin/2022/amid-regulatory-grumbling-fidelity-tests-waters-for-bitcoin-holdings-in-401k-plans/", "image_url": "https://crypto.snapi.dev/images/v1/f/i/fidelity-bitcoin-401k-plan-457x274-133696.jpg", "title": "Amid Regulatory Grumbling, Fidelity Tests Waters for Bitcoin Holdings in 401(K) Plans", "text": "Crypto may be coming to your retirement plan, and the regulators are not happy. The largest 401(k) provider, Fidelity, announced on April 26 that it will offer employers to option to allow 401(k) participants to invest up to 20% of their retirement savings account in bitcoin.", "source_name": "PYMNTS", "date": "Tue, 26 Apr 2022 16:54:54 -0400", "topics": ["regulations"], "sentiment": "Positive", "type": "Article", "tickers": ["BTC"]}, {"news_url": "https://www.youtube.com/watch?v=Gb2biCcqEWU", "image_url": "https://crypto.snapi.dev/images/v1/g/k/fidelity-investments-to-allow-investors-to-put-bitcoin-in-their-401ks-133695.jpg", "title": "Fidelity Investments to allow investors to put bitcoin in their 401(k)'s", "text": "#Fidelity #bitcoin #401K #YahooFinance Yahoo Finance anchor Rachelle Akuffo reports on Financial services firm Fidelity Investments announcing that retirement savers can now start putting cryptocurrency into their 401(k) accounts. Don't Miss: Valley of Hype: The Culture That Built Elizabeth Holmes WATCH HERE: https://youtu.be/Sb179GLPNYE Watch the 2021 Berkshire Hathaway Annual Shareholders Meeting on YouTube: https://youtu.be/gx-OzwHpM9k Subscribe to Yahoo Finance: https://yhoo.it/2fGu5Bb About Yahoo Finance: At Yahoo Finance, you get free stock quotes, up-to-date news, portfolio management resources, international market data, social interaction and mortgage rates that help you manage your financial life.", "source_name": "Yahoo Finance", "date": "Tue, 26 Apr 2022 16:54:22 -0400", "topics": [], "sentiment": "Positive", "type": "Video", "tickers": ["BTC"]}, {"news_url": "https://investorplace.com/2022/04/5-blue-chip-cryptos-to-buy-with-solid-positive-outlooks/", "image_url": "https://crypto.snapi.dev/images/v1/c/r/crypto1-133694.jpg", "title": "5 Blue-Chip Cryptos to Buy With Solid Positive Outlooks", "text": "Only the most well-established cryptos will survive, meaning blue-chip cryptos are the best bets to buy and hold for the long term.", "source_name": "Investorplace", "date": "Tue, 26 Apr 2022 16:48:01 -0400", "topics": [], "sentiment": "Positive", "type": "Article", "tickers": ["BNB", "BTC", "ETH", "UNI", "USDC"]}, {"news_url": "https://cointelegraph.com/news/ethereum-on-chain-data-hints-at-further-downside-for-eth-price", "image_url": "https://crypto.snapi.dev/images/v1/v/r/840-ahr0chm6ly9zmy5jb2ludgvszwdyyxbolmnvbs91cgxvywrzlziwmjitmdqvymrhmjvlotmty2qzns00ngfilweyndatzjczmdg0ytc1mjg4lmpwzwc-133688.jpeg", "title": "Ethereum on-chain data hints at further downside for ETH price", "text": "An assortment of on-chain and derivatives data signal that ETH price is unlikely to rally above $3,500 any time soon.", "source_name": "Cointelegraph", "date": "Tue, 26 Apr 2022 16:35:00 -0400", "topics": [], "sentiment": "Negative", "type": "Article", "tickers": ["ETH"]}, {"news_url": "https://www.youtube.com/watch?v=6pSCjCmJqpY", "image_url": "https://crypto.snapi.dev/images/v1/h/h/crypto-fort-worth-texas-becomes-first-us-city-to-mine-bitcoin-133689.jpg", "title": "Crypto: Fort Worth, Texas becomes first U.S. city to mine bitcoin", "text": "#Crypto #Texas #Bitcoin Yahoo Finance anchor David Hollerith reports on the news that one Texas city has decided to start mining its own bitcoin and how it's part of a plan to attract tech talent. Don't Miss: Valley of Hype: The Culture That Built Elizabeth Holmes WATCH HERE: https://youtu.be/Sb179GLPNYE Watch the 2021 Berkshire Hathaway Annual Shareholders Meeting on YouTube: https://youtu.be/gx-OzwHpM9k Subscribe to Yahoo Finance: https://yhoo.it/2fGu5Bb About Yahoo Finance: At Yahoo Finance, you get free stock quotes, up-to-date news, portfolio management resources, international market data, social interaction and mortgage rates that help you manage your financial life.", "source_name": "Yahoo Finance", "date": "Tue, 26 Apr 2022 16:33:34 -0400", "topics": [], "sentiment": "Positive", "type": "Video", "tickers": ["BTC"]}, {"news_url": "https://cryptopotato.com/flare-network-receives-grant-to-connect-bitcoin-with-algorand/", "image_url": "https://crypto.snapi.dev/images/v1/3/d/coins-g418d99234-1280-114949-133685.jpg", "title": "Flare Network Receives Grant to Connect Bitcoin With Algorand", "text": "The Algorand Foundation Bridges SupaGrant will enable Flare to develop a Bitcoin bridge that will help boost the Algorand ecosystem.\u00a0", "source_name": "CryptoPotato", "date": "Tue, 26 Apr 2022 16:31:16 -0400", "topics": [], "sentiment": "Neutral", "type": "Article", "tickers": ["ALGO", "BTC"]}, {"news_url": "https://insidebitcoins.com/news/bitcoin-price-prediction-for-today-april-26-btc-breaks-below-38000-support", "image_url": "https://crypto.snapi.dev/images/v1/j/t/crypto-bitcoin-133449-133683.jpg", "title": "Bitcoin Price Prediction for Today, April 26: BTC Breaks Below $38,000 Support", "text": "Following the $38,000 breakdown, the Bitcoin price prediction shows BTC dropping heavily after getting rejected at $40,817. BTC/USD Long-term Trend: Ranging (Daily Chart) Key levels: [.", "source_name": "Inside Bitcoins", "date": "Tue, 26 Apr 2022 16:28:37 -0400", "topics": ["tanalysis"], "sentiment": "Neutral", "type": "Article", "tickers": ["BTC"]}, {"news_url": "https://www.reuters.com/technology/bitcoin-last-down-51-3839136-2022-04-26/", "image_url": "https://crypto.snapi.dev/images/v1/x/p/bt3dv4i6bjnqbl3ji4hwyngsyq-133681.jpg", "title": "Bitcoin last down 5.1% at $38,391.36", "text": "Bitcoin dropped 5.1% to $38,391.36 on Tuesday, down $2,229.82 from its previous close.", "source_name": "Reuters", "date": "Tue, 26 Apr 2022 16:22:39 -0400", "topics": [], "sentiment": "Negative", "type": "Article", "tickers": ["BTC"]}, {"news_url": "https://decrypt.co/resources/what-is-optimism-using-rollups-to-help-scale-ethereum", "image_url": "https://crypto.snapi.dev/images/v1/v/x/eth-witnesses-surgingjpgw1024-132581-133678.jpg", "title": "What Is Optimism? Using Rollups to Help Scale Ethereum", "text": "Optimism helps Ethereum users save on gas fees by rolling up batches of transactions, using a technology known as optimistic rollups.", "source_name": "Decrypt", "date": "Tue, 26 Apr 2022 16:01:02 -0400", "topics": [], "sentiment": "Neutral", "type": "Article", "tickers": ["ETH"]}, {"news_url": "https://news.bitcoin.com/fort-worth-is-mining-bitcoin-in-city-hall-mayor-wants-to-transform-region-into-a-tech-friendly-city/", "image_url": "https://crypto.snapi.dev/images/v1/q/e/fortworth-133677.jpg", "title": "Fort Worth Is Mining Bitcoin in City Hall, Mayor Wants to Transform Region Into a Tech-Friendly City", "text": "On Tuesday, Fort Worth mayor Mattie Parker and Fort Worth revealed that the city is now the first U.S. city government in the country to mine bitcoin. According to the announcement, the city of Fort Worth has partnered with the Texas Blockchain Council to embark on the crypto mining endeavor. The City of Fort Worth [\u2026]", "source_name": "Bitcoin", "date": "Tue, 26 Apr 2022 16:00:42 -0400", "topics": ["mining"], "sentiment": "Positive", "type": "Article", "tickers": ["BTC"]}, {"news_url": "https://dailyhodl.com/2022/04/26/is-crypto-the-dark-horse-asset-class-during-recession-top-analyst-shows-bitcoin-chart-no-ones-talking-about/", "image_url": "https://crypto.snapi.dev/images/v1/1/p/crypto-the-dark-horsejpgw1024-133676.jpg", "title": "Is Crypto the Dark Horse Asset Class During Recession? Top Analyst Shows Bitcoin Chart No One's Talking About", "text": "Popular crypto trader Nicholas Merten thinks there is one crucial Bitcoin (BTC) chart that no one is talking about right now. In a new video session, the analyst tells his 515,000 YouTube subscribers that the Bitcoin against the stock market indices chart is displaying a long-term bullish pattern. Merten explains that conventional wisdom about Bitcoin [\u2026] The post Is Crypto the Dark Horse Asset Class During Recession? Top Analyst Shows Bitcoin Chart No One's Talking About appeared first on The Daily Hodl.", "source_name": "The Daily Hodl", "date": "Tue, 26 Apr 2022 16:00:42 -0400", "topics": [], "sentiment": "Positive", "type": "Article", "tickers": ["BTC"]}, {"news_url": "https://bitcoinist.com/solana-to-get-uncollateralized-borrowings-finally/", "image_url": "https://crypto.snapi.dev/images/v1/d/g/sol-1-127355-128756-133675.jpg", "title": "Solana To Get Uncollateralized Borrowings Finally", "text": "Institutional capital markets based on Maple Finance Blockchain Technologies have extended support to the Solana blockchain. It has utilised a $45 million fund that shall be used to encourage growth within the Solana (SOL) ecosystem.", "source_name": "Bitcoinist", "date": "Tue, 26 Apr 2022 16:00:04 -0400", "topics": [], "sentiment": "Neutral", "type": "Article", "tickers": ["SOL"]}, {"news_url": "https://decrypt.co/98722/ethereum-scaling-project-optimism-launches-dao-plans-airdrop-op-token", "image_url": "https://crypto.snapi.dev/images/v1/2/p/ethereum-skale-winklevoss-scaling-mainnet-gid-4-133672.jpg", "title": "Ethereum Scaling Project Optimism Launches DAO, Plans to Airdrop OP Token", "text": "The Optimism Collective will be tasked with not only governing the protocol but also funding public goods.", "source_name": "Decrypt", "date": "Tue, 26 Apr 2022 15:58:07 -0400", "topics": [], "sentiment": "Positive", "type": "Article", "tickers": ["ETH"]}, {"news_url": "https://www.cnbc.com/2022/04/26/why-employers-may-not-be-quick-to-jump-on-the-401k-bitcoin-bandwagon.html", "image_url": "https://crypto.snapi.dev/images/v1/o/4/106961292-1634319558732-gettyimages-1282125424-josef02079-133679.jpeg", "title": "Why employers may not be so quick to jump on the 401(k) bitcoin bandwagon", "text": "Fidelity Investments, the largest 401(k) administrator, said Tuesday it's offering a bitcoin investment to workplace retirement plans.", "source_name": "CNBC", "date": "Tue, 26 Apr 2022 15:55:14 -0400", "topics": [], "sentiment": "Positive", "type": "Article", "tickers": ["BTC"]}, {"news_url": "https://bitcoinist.com/bitcoin-beneath-key-support-level-whats-next/", "image_url": "https://crypto.snapi.dev/images/v1/a/7/a783099bdacd9e05e80f181b66ebfa58a89d748e37680e6419740312b3212fe9-133226-133670.jpg", "title": "Bitcoin Beneath Key Support Level; What's Next?", "text": "Bitcoin, the flagship cryptocurrency has remained below $40,000 over the past few days. The broader market correction has pushed altcoins to trade below their key support levels.", "source_name": "Bitcoinist", "date": "Tue, 26 Apr 2022 15:47:56 -0400", "topics": ["tanalysis"], "sentiment": "Negative", "type": "Article", "tickers": ["BTC"]}, {"news_url": "https://cointelegraph.com/news/altcoins-sell-off-as-bitcoin-price-drops-to-its-macro-level-support-at-38k", "image_url": "https://crypto.snapi.dev/images/v1/q/e/840-ahr0chm6ly9zmy5jb2ludgvszwdyyxbolmnvbs91cgxvywrzlziwmjitmdqvnddkmgmxmmutnde2nc00yju2lthkzjetotq4mdq1zmizmzewlmpwzwc-133668.jpeg", "title": "Altcoins sell-off as Bitcoin price drops to its \u2018macro level support' at $38K", "text": "BTC price fell below $38,000 as tech stocks sold off and traders cautiously watched to see if Bitcoin can hold its \u201cmacro level support\u201d zone.", "source_name": "Cointelegraph", "date": "Tue, 26 Apr 2022 15:46:26 -0400", "topics": [], "sentiment": "Negative", "type": "Article", "tickers": ["BTC"]}, {"news_url": "https://cointelegraph.com/news/ethereum-scaling-solution-optimism-upgrades-governance-structure", "image_url": "https://crypto.snapi.dev/images/v1/b/k/840-ahr0chm6ly9zmy5jb2ludgvszwdyyxbolmnvbs91cgxvywrzlziwmjitmdqvngy0mjbjnmetymjkyi00n2i3lwixyjatm2nhywq0ndfhyjlllmpwzwc-133669.jpeg", "title": "Ethereum scaling solution Optimism upgrades governance structure", "text": "Optimism Foundation will launch a governance token called OP to goverrn protocol and network parameters and incentivize adoption.", "source_name": "Cointelegraph", "date": "Tue, 26 Apr 2022 15:45:00 -0400", "topics": ["upgrade"], "sentiment": "Positive", "type": "Article", "tickers": ["ETH"]}, {"news_url": "https://cryptopotato.com/bitcoin-is-not-an-inflation-hedge-says-bank-of-canada-official/", "image_url": "https://crypto.snapi.dev/images/v1/i/x/boc-133667.jpg", "title": "Bitcoin is Not an Inflation Hedge, says Bank of Canada Official", "text": "Though blockchain technology sparks their interest, governors at the bank of Canada are not impressed with cryptocurrencies as a \u201cstable source of value\u201d.", "source_name": "CryptoPotato", "date": "Tue, 26 Apr 2022 15:30:54 -0400", "topics": [], "sentiment": "Negative", "type": "Article", "tickers": ["BTC"]}, {"news_url": "https://coingape.com/?p=110554", "image_url": "https://crypto.snapi.dev/images/v1/x/h/solana-2-133662.jpg", "title": "Solana Price Prediction: Is Current Consolidation in SOL Price Suspects Buying?", "text": "SOL price falters after witnessing gains in the previous session. The price has been stuck up in a short-term range for the past two weeks.", "source_name": "Coingape", "date": "Tue, 26 Apr 2022 15:27:33 -0400", "topics": [], "sentiment": "Neutral", "type": "Article", "tickers": ["SOL"]}, {"news_url": "https://coingape.com/?p=110550", "image_url": "https://crypto.snapi.dev/images/v1/a/p/artboard-e28093-42-1-132695-133659.png", "title": "Why Ethereum Merge Is Expected To Skyrocket Not Just ETH?", "text": "The Ethereum blockchain is working towards transitioning from being a proof-of-work blockchain to using a proof-of-stake consensus mechanism. The merge, as the point at which this permanent change will happen is dubbed, is going to benefit Bitcoin as well according to a new analysis.", "source_name": "Coingape", "date": "Tue, 26 Apr 2022 15:17:23 -0400", "topics": [], "sentiment": "Positive", "type": "Article", "tickers": ["ETH"]}, {"news_url": "https://markets.businessinsider.com/news/currencies/el-salvador-bitcoin-push-traction-locals-bukele-crypto-president-dollars-2022-4", "image_url": "https://crypto.snapi.dev/images/v1/b/k/626828f62bd7770018cefe61formatjpeg-133641.jpg", "title": "El Salvador's bitcoin experiment hasn't gained traction as locals continue to trust cash more than crypto, survey says", "text": "Despite President Nayib Bukele's bitcoin enthusiasm, the cryptocurrency hasn't gained great traction in El Salvador and most locals still use dollars.", "source_name": "Business Insider", "date": "Tue, 26 Apr 2022 15:10:00 -0400", "topics": [], "sentiment": "Negative", "type": "Article", "tickers": ["BTC"]}, {"news_url": "https://www.youtube.com/watch?v=eiN_fGg-12s", "image_url": "https://crypto.snapi.dev/images/v1/l/t/fort-worth-pilots-bitcoin-mine-and-dogecoin-whipsaws-after-elon-musk-buys-twitter-cnbc-crypto-world-133653.jpg", "title": "Fort Worth pilots bitcoin mine and dogecoin whipsaws after Elon Musk buys Twitter: CNBC Crypto World", "text": "CNBC Crypto World features the latest news and daily trading updates from the digital currency markets and provides viewers with a look at what's ahead with high-profile interviews, explainers, and unique stories from the ever-changing crypto industry. On today's show, Fort Worth Mayor Mattie Parker explains the city's decision to pilot a bitcoin mine.", "source_name": "CNBC Television", "date": "Tue, 26 Apr 2022 15:02:54 -0400", "topics": [], "sentiment": "Neutral", "type": "Video", "tickers": ["BTC", "DOGE"]}, {"news_url": "https://www.newsbtc.com/news/bitcoin/glassnode-data-bullish-bitcoin-crossover-recently/", "image_url": "https://crypto.snapi.dev/images/v1/c/j/hans-eiskonen-wn57csq7vzi-unsplash-scaled-133651.jpg", "title": "Glassnode Data Shows A Bullish Bitcoin Crossover Has Recently Occurred", "text": "Data from Glassnode reveals a crossover in the Bitcoin NVT price model has recently taken place, something that has historically been bullish for the crypto's price. Bitcoin NVT Price 28-Day Curve Has Crossed Above The 90-Day As per the latest weekly report from Glassnode, the BTC NVT price model has observed a bullish formation recently.", "source_name": "NewsBTC", "date": "Tue, 26 Apr 2022 15:00:13 -0400", "topics": [], "sentiment": "Positive", "type": "Article", "tickers": ["BTC"]}, {"news_url": "https://beincrypto.com/bitcoin-mining-council-publishes-q1-2022-survey-results/", "image_url": "https://crypto.snapi.dev/images/v1/a/j/asic-mining-133652.png", "title": "Bitcoin Mining Council Publishes Q1 2022 Survey Results, Confirming key Improvements", "text": "A recent Bitcoin Mining Council Survey shows that its constituent mining companies and other survey participants use 64.6% sustainable power to run their operations. The post Bitcoin Mining Council Publishes Q1 2022 Survey Results, Confirming key Improvements appeared first on BeInCrypto.", "source_name": "BeInCrypto", "date": "Tue, 26 Apr 2022 15:00:00 -0400", "topics": ["mining"], "sentiment": "Positive", "type": "Article", "tickers": ["BTC"]}, {"news_url": "https://u.today/ripple-is-operating-as-if-it-has-already-lost-says-ceo-brad-garlinghouse?SNAPI", "image_url": "https://crypto.snapi.dev/images/v1/c/m/8938-0-133647.jpg", "title": "Ripple Is Operating as if It Has Already Lost, Says CEO Brad Garlinghouse", "text": "Ripple CEO Brad Garlinghouse has suggested that the SEC's potential victory will have little impact on the company's business", "source_name": "UToday", "date": "Tue, 26 Apr 2022 14:50:00 -0400", "topics": [], "sentiment": "Negative", "type": "Article", "tickers": ["XRP"]}, {"news_url": "https://bitcoinist.com/bitcoin-mining-ranked-one-world-most-sustainable/", "image_url": "https://crypto.snapi.dev/images/v1/v/f/bitcoin-630x420-133633.jpg", "title": "Bitcoin Mining Ranked As One Of The World's Most Sustainable Industries, Survey Shows", "text": "The Bitcoin Mining Council published the first report for 2022 on the state of the network and one of its most controversial aspects, energy consumption. Gathered by a voluntary survey, the data from this report represents 50% of this cryptocurrency's network.", "source_name": "Bitcoinist", "date": "Tue, 26 Apr 2022 14:00:50 -0400", "topics": ["mining"], "sentiment": "Positive", "type": "Article", "tickers": ["BTC"]}, {"news_url": "https://news.bitcoin.com/bitcoin-miner-cleanspark-secures-35-million-in-financing-from-trinity-capital/", "image_url": "https://crypto.snapi.dev/images/v1/v/v/shutterstock-1892054101-133634.jpg", "title": "Bitcoin Miner Cleanspark Secures $35 Million in Financing from Trinity Capital", "text": "On Tuesday, the bitcoin mining and energy technology firm Cleanspark announced that it has secured $35 million in non-dilutive financing from Trinity Capital. According to the company, Cleanspark aims to leverage the funds for growth capital expenditures. Cleanspark to Bolster Growth Expenditures With $35 Million in Financing From Trinity Capital Cleanspark has revealed it has [\u2026]", "source_name": "Bitcoin", "date": "Tue, 26 Apr 2022 14:00:04 -0400", "topics": ["mining"], "sentiment": "Neutral", "type": "Article", "tickers": ["BTC"]}, {"news_url": "https://www.cnbc.com/2022/04/26/what-to-consider-before-adding-bitcoin-to-your-retirement-savings-.html", "image_url": "https://crypto.snapi.dev/images/v1/w/i/106689908-1599155190662-gettyimages-1187635362-cr-sime190920-205761-01-133632.jpeg", "title": "What to consider before adding bitcoin to your retirement savings", "text": "Some investors may soon be able to add cryptocurrencies to their 401(k) accounts.", "source_name": "CNBC", "date": "Tue, 26 Apr 2022 13:51:07 -0400", "topics": [], "sentiment": "Neutral", "type": "Article", "tickers": ["BTC"]}, {"news_url": "https://www.cryptopolitan.com/bitcoin-adoption-in-el-salvador-struggles/", "image_url": "https://crypto.snapi.dev/images/v1/w/w/bitcoin-1-2-133627.jpg", "title": "Bitcoin adoption in El Salvador struggles to gain traction, survey finds", "text": "TL;DR Breakdown According to an NBER study, Bitcoin's adoption in El Salvador has hit a snag. The study indicates that Salvadoran citizens do not trust the government or digital currency.", "source_name": "Cryptopolitan", "date": "Tue, 26 Apr 2022 13:50:18 -0400", "topics": [], "sentiment": "Negative", "type": "Article", "tickers": ["BTC"]}, {"news_url": "https://www.youtube.com/watch?v=JeAVrJ24MjU", "image_url": "https://crypto.snapi.dev/images/v1/n/f/fort-worth-mayor-breaks-down-citys-bitcoin-mining-pilot-project-133628.jpg", "title": "Fort Worth mayor breaks down city's bitcoin mining pilot project", "text": "CNBC Business News Mackenzie Sigalos sits down with Fort Worth Mayor Mattie Parker to discuss the city's potential decision to get into bitcoin mining. Check out the full story on CNBC.com's Crypto World, which publishes at 3 p.m.", "source_name": "CNBC Television", "date": "Tue, 26 Apr 2022 13:43:00 -0400", "topics": ["mining"], "sentiment": "Positive", "type": "Video", "tickers": ["BTC"]}, {"news_url": "https://www.investingcube.com/solana-price-prediction-how-current-sideways-market-is-likely-to-playout/", "image_url": "https://crypto.snapi.dev/images/v1/e/k/shutterstock-1013061979-133615.jpg", "title": "Solana Price Prediction: How Current Sideways Market is Likely to Playout", "text": "Solana prices have dropped by more than 30 per cent in April and is currently looking likely to finish the session below the opening price.", "source_name": "InvestingCube", "date": "Tue, 26 Apr 2022 13:42:42 -0400", "topics": [], "sentiment": "Neutral", "type": "Article", "tickers": ["SOL"]}, {"news_url": "https://www.theblockcrypto.com/linked/143635/ethereum-scaling-startup-optimism-confirms-governance-token-as-part-of-broader-shift", "image_url": "https://crypto.snapi.dev/images/v1/s/0/211203-ethereum-general2-800x450-133614.jpg", "title": "Ethereum scaling startup Optimism confirms governance token as part of broader shift", "text": "Optimism, the Ethereum scaling startup, said Tuesday that it will shift to a new governance structure powered in part by a dedicated token. The post Ethereum scaling startup Optimism confirms governance token as part of broader shift appeared first on The Block.", "source_name": "The Block", "date": "Tue, 26 Apr 2022 13:34:12 -0400", "topics": [], "sentiment": "Positive", "type": "Article", "tickers": ["ETH"]}, {"news_url": "https://www.altcoinbuzz.io/cryptocurrency-news/fidelity-will-enable-401k-investors-to-invest-in-bitcoin/", "image_url": "https://crypto.snapi.dev/images/v1/v/b/vbtc23-133626.", "title": "Fidelity Will Enable 401(k) Investors to Invest in Bitcoin", "text": "Fidelity Investments announced on Tuesday that individuals will be able to invest a portion of their retirement savings in Bitcoin. It will be possible through their 401(k) investment plans.", "source_name": "Altcoin Buzz", "date": "Tue, 26 Apr 2022 13:31:50 -0400", "topics": [], "sentiment": "Positive", "type": "Article", "tickers": ["BTC"]}, {"news_url": "https://ambcrypto.com/solana-sol-everything-about-the-bullish-signal-hinting-at-a-42-rally/", "image_url": "https://crypto.snapi.dev/images/v1/m/s/motorcross-6493527-1280-133612.jpg", "title": "Solana [SOL]: Everything about the bullish signal hinting at a 42% rally", "text": "Solana's price has been coiling up between two significant barriers, indicating a drain in volatility for the altcoin. As a result, the daily returns for SOL have been stuck below 6% for roughly two weeks with no signs of a breakout.", "source_name": "AMBCrypto", "date": "Tue, 26 Apr 2022 13:30:33 -0400", "topics": [], "sentiment": "Positive", "type": "Article", "tickers": ["SOL"]}, {"news_url": "https://decrypt.co/98708/microstrategy-to-offer-employees-bitcoin-retirement-plans", "image_url": "https://crypto.snapi.dev/images/v1/q/5/microstrategy-bitcoin-investment-gid-4-133611.jpg", "title": "MicroStrategy to Offer Employees Bitcoin Retirement Plans", "text": "The firm will be the first company to give employees the chance to add Bitcoin to 401(k) savings accounts.", "source_name": "Decrypt", "date": "Tue, 26 Apr 2022 13:26:15 -0400", "topics": [], "sentiment": "Positive", "type": "Article", "tickers": ["BTC"]}, {"news_url": "https://edition.cnn.com/2022/04/26/success/fidelity-bitcoin-401k/index.html", "image_url": "https://crypto.snapi.dev/images/v1/u/d/220424205458-bitcoin-mining-washington-watt-dnt-exlarge-169-133609.jpg", "title": "Fidelity will soon offer bitcoin as an option in 401(k)s", "text": "It's a big move given that Fidelity is the largest 401(k) plan provider in the United States, acting as custodian for 23,000 plans, which have 20.4 million participants. In total, those plans represent $2.7 trillion in assets under management.", "source_name": "CNN", "date": "Tue, 26 Apr 2022 13:18:24 -0400", "topics": [], "sentiment": "Positive", "type": "Article", "tickers": ["BTC"]}, {"news_url": "https://cointelegraph.com/news/city-of-fort-worth-votes-in-favor-of-bitcoin-mining-program", "image_url": "https://crypto.snapi.dev/images/v1/o/m/840-ahr0chm6ly9zmy5jb2ludgvszwdyyxbolmnvbs91cgxvywrzlziwmjitmdqvymqzzgnkngqtzdhjns00ytm3ltljmdqtytgymgmynjvmnwmzlmpwzw-133607.jpg", "title": "City of Fort Worth votes in favor of Bitcoin mining program", "text": "\"We are going to become the first city in the world to mine Bitcoin here on site at city hall,\" said Fort Worth Mayor Mattie Parker.", "source_name": "Cointelegraph", "date": "Tue, 26 Apr 2022 13:15:00 -0400", "topics": ["mining"], "sentiment": "Positive", "type": "Article", "tickers": ["BTC"]}, {"news_url": "https://insidebitcoins.com/news/bitcoin-price-prediction-for-today-april-26-btc-price-touches-38369-low", "image_url": "https://crypto.snapi.dev/images/v1/s/j/bitcoin-and-modern-soft-fork-activation-133176-133606.png", "title": "Bitcoin Price Prediction for Today, April 26: BTC Price Touches $38,369 Low", "text": "The Bitcoin price prediction loses traction after hitting $40,817; losses likely to continue in the near term as revealed by the daily chart. BTC/USD Long-term [.", "source_name": "Inside Bitcoins", "date": "Tue, 26 Apr 2022 13:04:16 -0400", "topics": ["tanalysis"], "sentiment": "Negative", "type": "Article", "tickers": ["BTC"]}, {"news_url": "https://www.newsbtc.com/news/bitcoin/bitcoin-401k-fidelity-investments-says-yes/", "image_url": "https://crypto.snapi.dev/images/v1/2/e/bitcoin-5-133600.jpeg", "title": "Bitcoin 401k? Fidelity Investments Says Yes", "text": "Bitcoin has gradually been finding its way into every part of society and its use as an investment vehicle has been the biggest part of it. There has been some pushback when it comes to using the cryptocurrencies in investment vehicles dominated by traditional finance but even this is starting to wane.", "source_name": "NewsBTC", "date": "Tue, 26 Apr 2022 13:00:37 -0400", "topics": [], "sentiment": "Positive", "type": "Article", "tickers": ["BTC"]}, {"news_url": "https://bitcoinist.com/cardano-ripple-make-most-popular-crypto-list-in-south-korea/", "image_url": "https://crypto.snapi.dev/images/v1/s/j/ripple-640x360-133601.png", "title": "Cardano, Ripple Make Most Popular Crypto List In South Korea", "text": "At this point, it can be truthfully said that crypto has now made its way into the mainstream. Bitcoin which used to only exist on a small part of the internet is now one of the most popular investment assets.", "source_name": "Bitcoinist", "date": "Tue, 26 Apr 2022 13:00:36 -0400", "topics": [], "sentiment": "Positive", "type": "Article", "tickers": ["ADA", "XRP"]}, {"news_url": "https://www.youtube.com/watch?v=ca9vvfQO0Kc", "image_url": "https://crypto.snapi.dev/images/v1/y/a/how-thndr-games-is-bring-play-to-earn-to-bitcoin-133605.jpg", "title": "How THNDR Games Is Bring Play-to-Earn to Bitcoin", "text": "THNDR Games CEO & Co-founder Desiree Dickerson discusses building play-to-earn games like SATSSS and Thunder Bay on the Bitcoin blockchain using the layer 2 Lightning Network. Dickerson explains the emphasis on mobile gaming for mass adoption and why the company has seen sizable popularity in Central and South American markets.", "source_name": "Coindesk", "date": "Tue, 26 Apr 2022 13:00:19 -0400", "topics": [], "sentiment": "Neutral", "type": "Video", "tickers": ["BTC"]}, {"news_url": "https://cryptonews.com/news/here-is-how-bip-199-could-kill-bitcoin-according-to-andreas-antonopoulos.htm", "image_url": "https://crypto.snapi.dev/images/v1/q/h/adobestock-297754917-min-133603.jpg", "title": "Here is How BIP-199 Could 'Kill' Bitcoin According to Andreas Antonopoulos", "text": "Bitcoin (BTC) educator, author, and entrepreneur Andreas Antonopoulos has voiced concern regarding a possible far-reaching consequence of the Bitcoin Improvement Proposal (BIP) 119 that he says could \"kill\" Bitcoin.", "source_name": "Cryptonews", "date": "Tue, 26 Apr 2022 13:00:00 -0400", "topics": [], "sentiment": "Negative", "type": "Article", "tickers": ["BTC"]}, {"news_url": "https://invezz.com/news/2022/04/26/bitcoin-price-forecast-after-an-aggressive-anti-crypto-speech-delivered-by-the-ecb/", "image_url": "https://crypto.snapi.dev/images/v1/f/a/09-133598.jpg", "title": "Bitcoin price forecast after an aggressive anti-crypto speech delivered by the ECB", "text": "The crypto community must have been astonished by ECB's Executive Board Member Fabio Panetta's speech at Columbia University in New York. Called \u201cFor a few cryptos more: the Wild West of crypto finance,\u201d the speech turns out to be one of the most aggressive any-crypto points of view expressed by a central banker to date. [\u2026] The post Bitcoin price forecast after an aggressive anti-crypto speech delivered by the ECB appeared first on Invezz.", "source_name": "Invezz", "date": "Tue, 26 Apr 2022 12:51:23 -0400", "topics": [], "sentiment": "Negative", "type": "Article", "tickers": ["BTC"]}, {"news_url": "https://www.crypto-reporter.com/newsfeed/fidelity-investments-advances-leading-position-as-digital-assets-provider-with-launch-of-industrys-first-of-its-kind-bitcoin-offering-for-401k-core-investment-lineup-30081/", "image_url": "https://crypto.snapi.dev/images/v1/c/r/cryptocurrency-133345-133487-133623.jpg", "title": "Fidelity Investments Advances Leading Position as Digital Assets Provider With Launch of Industry's First-of-Its-Kind Bitcoin Offering for 401(k) Core Investment Lineup", "text": "New Digital Assets Account Will Meet Growing Employer Demand to Offer 401(k) Investors Access to Bitcoin", "source_name": "Crypto Reporter", "date": "Tue, 26 Apr 2022 12:50:50 -0400", "topics": [], "sentiment": "Positive", "type": "Article", "tickers": ["BTC"]}, {"news_url": "https://invezz.com/news/2022/04/26/ethereum-health-check/", "image_url": "https://crypto.snapi.dev/images/v1/u/o/127836027-s-133597.jpg", "title": "Ethereum Health Check", "text": "One of the most descriptive metrics when looking on-chain is always net flows to exchanges. Net outflows is typically a bullish sign, with ETH leaving exchanges. On the converse, net inflows to exchanges often signals selling pressure. We have had net outflows from exchanges for nine consecutive days, although not on a level that is [\u2026] The post Ethereum Health Check appeared first on Invezz.", "source_name": "Invezz", "date": "Tue, 26 Apr 2022 12:46:39 -0400", "topics": [], "sentiment": "Neutral", "type": "Article", "tickers": ["ETH"]}, {"news_url": "https://www.forbes.com/sites/stevenehrlich/2022/04/26/what-you-should-know-before-investing-in-fidelitys-bitcoin-retirement-accounts/", "image_url": "https://crypto.snapi.dev/images/v1/x/d/what-you-should-know-before-investing-in-fidelitys-bitcoin-retirement-accounts-133594.jpg", "title": "What You Should Know Before Investing In Fidelity's Bitcoin Retirement Accounts", "text": "This morning crypto advocates and the crypto curious alike woke up to the news that asset management giant Fidelity will start allowing investors to put bitcoin into their 401(k) retirement savings accounts. However, it is important to read the fine print.", "source_name": "Forbes", "date": "Tue, 26 Apr 2022 12:33:00 -0400", "topics": [], "sentiment": "Neutral", "type": "Article", "tickers": ["BTC"]}, {"news_url": "https://ambcrypto.com/ethereum-fantom-pancakeswap-price-analysis-26-april/", "image_url": "https://crypto.snapi.dev/images/v1/m/0/untitled-design-58-133590.png", "title": "Ethereum, Fantom, PancakeSwap Price Analysis: 26 April", "text": "With Bitcoin clocking in a 4.65% 24-hour gain, at press time, domino effects are seen on multiple cryptos. To start with, Ethereum crossed above its 4-hour 20/50 EMA post its down-channel breakout.", "source_name": "AMBCrypto", "date": "Tue, 26 Apr 2022 12:30:44 -0400", "topics": ["tanalysis"], "sentiment": "Neutral", "type": "Article", "tickers": ["CAKE", "ETH", "FTM"]}, {"news_url": "https://decrypt.co/98704/fort-worth-city-council-unanimously-approves-mining-bitcoin-at-city-hall", "image_url": "https://crypto.snapi.dev/images/v1/c/w/bitcoin-mining-1-gid-4-133593.jpg", "title": "Fort Worth City Council Unanimously Approves Mining Bitcoin\u2014at City Hall", "text": "Three ASIC Antminer S9 rigs, donated by the Texas Blockchain Council, will run on a private network at Fort Worth City Hall.", "source_name": "Decrypt", "date": "Tue, 26 Apr 2022 12:30:06 -0400", "topics": ["mining"], "sentiment": "Positive", "type": "Article", "tickers": ["BTC"]}, {"news_url": "https://thenewscrypto.com/fidelity-investment-proposes-retirement-bitcoin-investment-plan-for-23k-firms/?SNAPI", "image_url": "https://crypto.snapi.dev/images/v1/g/c/mode-enters-partnership-with-heroes-to-pay-employees-in-bitcoin-133588.jpg", "title": "Fidelity Investment Proposes Retirement Bitcoin Investment Plan For 23K Firms", "text": "Investing in Bitcoin via a retirement savings account isn't a brand-new idea. Gray said that the business would add more", "source_name": "TheNewsCrypto", "date": "Tue, 26 Apr 2022 12:26:56 -0400", "topics": [], "sentiment": "Positive", "type": "Article", "tickers": ["BTC"]}, {"news_url": "https://www.investingcube.com/polkadot-price-prediction-more-selling-to-follow-targeting-17-07-cryptocurrencies/", "image_url": "https://crypto.snapi.dev/images/v1/8/p/shutterstock-1863639733-1024x576-1-133587.jpg", "title": "Polkadot Price Prediction: More Selling to Follow, Targeting 17.07", "text": "The Polkadot price predictions sees a further decline in price which will send the DOT/USDT pair towards the 17.07 support.", "source_name": "InvestingCube", "date": "Tue, 26 Apr 2022 12:23:14 -0400", "topics": [], "sentiment": "Negative", "type": "Article", "tickers": ["DOT"]}, {"news_url": "https://www.theblockcrypto.com/post/143448/founders-from-a16z-solana-and-more-back-new-billion-dollar-crypto-fund", "image_url": "https://crypto.snapi.dev/images/v1/j/0/money-800x450-133584.jpg", "title": "Founders from a16z, Solana and more back new billion-dollar crypto fund", "text": "Joe McCann has secured commitments from the likes of Marc Andreessen and Anatoly Yakovenko for his \"technology company with the mandate of a fund.\" The post Founders from a16z, Solana and more back new billion-dollar crypto fund appeared first on The Block.", "source_name": "The Block", "date": "Tue, 26 Apr 2022 12:22:19 -0400", "topics": [], "sentiment": "Positive", "type": "Article", "tickers": ["SOL"]}, {"news_url": "https://www.theblockcrypto.com/linked/143588/the-city-of-fort-worth-texas-votes-to-become-a-bitcoin-miner", "image_url": "https://crypto.snapi.dev/images/v1/n/9/211021-crypto-bitcoin-mining-general4-800x450-133583.jpg", "title": "The city of Fort Worth, Texas votes to become a bitcoin miner", "text": "The city council approved a resolution on Tuesday accepting a donation of three bitcoin mining machines. The post The city of Fort Worth, Texas votes to become a bitcoin miner appeared first on The Block.", "source_name": "The Block", "date": "Tue, 26 Apr 2022 12:18:24 -0400", "topics": ["mining"], "sentiment": "Neutral", "type": "Article", "tickers": ["BTC"]}, {"news_url": "https://insidebitcoins.com/news/bitcoin-price-prediction-for-today-april-26-btc-experiences-a-falling-force", "image_url": "https://crypto.snapi.dev/images/v1/0/v/cryptocurrency-132474-132818-132995-133581.jpg", "title": "Bitcoin Price Prediction for Today, April 26: BTC Experiences a Falling Force", "text": "Bitcoin Price Prediction \u2013 April 26The BTC/USD market operation has that the crypto-economic instrument experiences a falling force. Price is trading between $40,824 and $39,376 [.", "source_name": "Inside Bitcoins", "date": "Tue, 26 Apr 2022 12:17:35 -0400", "topics": ["tanalysis"], "sentiment": "Negative", "type": "Article", "tickers": ["BTC"]}, {"news_url": "https://bitcoinmagazine.com/markets/central-african-republic-launches-legal-framework-for-economic-use-of-bitcoin", "image_url": "https://crypto.snapi.dev/images/v1/j/m/img-6237-133579.png", "title": "Central African Republic Launches Legal Framework For Economic Use Of Bitcoin", "text": "The Central African Republic is establishing a legal framework that will allow the use of cryptocurrencies like bitcoin to be used in the economy.", "source_name": "Bitcoin Magazine", "date": "Tue, 26 Apr 2022 12:17:13 -0400", "topics": [], "sentiment": "Positive", "type": "Article", "tickers": ["BTC"]}, {"news_url": "https://www.youtube.com/watch?v=fJtbSJJwfdI", "image_url": "https://crypto.snapi.dev/images/v1/q/9/microstrategy-ceo-offers-bitcoin-in-401k-plan-133595.jpg", "title": "MicroStrategy CEO offers Bitcoin in 401(k) plan", "text": "Michael Saylor, MicroStrategy CEO, joins 'Squawk on the Street' to discuss offering Bitcoin as an option in the company's 401(k) plan.", "source_name": "CNBC Television", "date": "Tue, 26 Apr 2022 12:16:51 -0400", "topics": [], "sentiment": "Positive", "type": "Video", "tickers": ["BTC"]}, {"news_url": "https://bitcoinmagazine.com/business/fort-worth-texas-becomes-first-city-government-in-the-u-s-to-mine-bitcoin", "image_url": "https://crypto.snapi.dev/images/v1/f/k/image-from-ios-2-133576.jpg", "title": "Fort Worth, Texas Becomes First City Government In The U.S To Mine Bitcoin", "text": "The Texas Blockchain Council has donated three S9 bitcoin miners to Fort Worth, Texas for a six-month trial allowing the city to experience mining from within.", "source_name": "Bitcoin Magazine", "date": "Tue, 26 Apr 2022 12:11:18 -0400", "topics": [], "sentiment": "Positive", "type": "Article", "tickers": ["BTC"]}, {"news_url": "https://www.coindesk.com/business/2022/04/26/fort-worth-to-become-first-us-city-to-mine-bitcoin/", "image_url": "https://crypto.snapi.dev/images/v1/o/b/toghtirrbbh5xjhghuvdhyfshi-133577.jpg", "title": "Fort Worth to Become First US City to Mine Bitcoin", "text": "The Texas city will begin a pilot project with three Antminer S9 mining rigs following a vote by the city council on Tuesday.", "source_name": "Coindesk", "date": "Tue, 26 Apr 2022 12:09:00 -0400", "topics": [], "sentiment": "Positive", "type": "Article", "tickers": ["BTC"]}, {"news_url": "https://www.cnbc.com/2022/04/26/fort-worth-tx-the-first-city-in-the-us-to-mine-bitcoin.html", "image_url": "https://crypto.snapi.dev/images/v1/k/o/107051151-1650908605875-mayor-parker-with-mining-machines-in-data-center-2-133571.jpg", "title": "Fort Worth is the first city in the U.S. to mine bitcoin, and will run mining rigs out of city hall", "text": "Fort Worth is getting into the crypto mining business, albeit in a small way.", "source_name": "CNBC", "date": "Tue, 26 Apr 2022 12:01:54 -0400", "topics": ["mining"], "sentiment": "Positive", "type": "Article", "tickers": ["BTC"]}, {"news_url": "https://decrypt.co/98655/ethereum-defi-project-teller-facilitates-first-uncollateralized-mortgage-loan", "image_url": "https://crypto.snapi.dev/images/v1/c/q/house-gid-4-133572.jpeg", "title": "Ethereum DeFi Project Teller Facilitates First Uncollateralized Mortgage Loan", "text": "On-chain DeFi mortgages are here.", "source_name": "Decrypt", "date": "Tue, 26 Apr 2022 12:01:02 -0400", "topics": [], "sentiment": "Neutral", "type": "Article", "tickers": ["ETH"]}, {"news_url": "https://news.bitcoin.com/fidelitys-new-401k-product-lets-workers-add-up-to-20-in-bitcoin-to-their-retirement-plans/", "image_url": "https://crypto.snapi.dev/images/v1/1/m/shutterstock-1966580527-133567.jpg", "title": "Fidelity's New 401(k) Product Lets Workers Add Up to 20% in Bitcoin to Their Retirement Plans", "text": "The multinational financial services corporation based in Boston, Fidelity Investments, has revealed the firm is allowing people to add bitcoin into their 401(k) plan as long as the employer allows it. According to Fidelity's head of workplace retirement offerings, the company has seen \u201cgrowing interest from plan sponsors\u201d that wanted to add bitcoin to retirement [\u2026]", "source_name": "Bitcoin", "date": "Tue, 26 Apr 2022 12:00:09 -0400", "topics": [], "sentiment": "Positive", "type": "Article", "tickers": ["BTC"]}, {"news_url": "https://crypto.news/algorand-foundation-grant-partnership-flare-network-bitcoin-bridge/", "image_url": "https://crypto.snapi.dev/images/v1/e/z/flare-receives-algorand-foundation-supagrant-to-develop-bitcoin-bridge-133573.jpg", "title": "Algorand Foundation Announces Grant Partnership with Flare Network to Develop Bitcoin Bridge", "text": "Flare Network, an innovative Layer 1 blockchain that aims to connect all blockchain networks today announced it had received the Algorand Foundation SupaGrant to develop a Bitcoin bridge. Flare Network Receives Algorand Foundation SupaGrant In an announcement made today, the\u2026", "source_name": "Crypto news", "date": "Tue, 26 Apr 2022 12:00:00 -0400", "topics": [], "sentiment": "Positive", "type": "Article", "tickers": ["ALGO", "BTC", "FLR"]}, {"news_url": "https://cryptodaily.co.uk/2022/04/btc-usd-bulls-eyeing-42544-technical-hurdle-sally-ho-technical-analysis-27-april-2022-btc-bitcoin", "image_url": "https://crypto.snapi.dev/images/v1/w/n/4edad656-bddc-4ed3-b76f-c6b26358a315-132573-133167-133565.jpeg", "title": "BTC/USD Bulls Eyeing 42544 Technical Hurdle: Sally Ho's Technical Analysis 27 April 2022 BTC", "text": "Bitcoin (BTC/USD) sought to retain some of its recent gains early in the Asian session as the pair continued to battle back from its recent low around the 38210.24 area, a level reached after Stops were elected below the 38550 area. \u00a0Buying pressure slowed after BTC/USD tested the 40829.74 area, right around the 50% retracement of the appreciating range from 38550 to 43109.47.", "source_name": "Crypto Daily", "date": "Tue, 26 Apr 2022 12:00:00 -0400", "topics": ["tanalysis"], "sentiment": "Neutral", "type": "Article", "tickers": ["BTC"]}, {"news_url": "https://blockchain.news/news/texas-city-fort-worth-becomes-first-government-to-mine-bitcoin-in-the-us", "image_url": "https://crypto.snapi.dev/images/v1/k/5/7dbb46c32fb2eb7393dc555ba47ec96b83f939ef8d4f958962180441f0d85b05-133812.jpg", "title": "Texas City Fort Worth Becomes First Government to Mine Bitcoin in the US", "text": "Fort Worth, a City in Texas State, announced Tuesday to become the first city government to mine Bitcoin in the United States.", "source_name": "Blockchain News", "date": "Tue, 26 Apr 2022 12:00:00 -0400", "topics": [], "sentiment": "Neutral", "type": "Article", "tickers": ["BTC"]}, {"news_url": "https://u.today/more-bitcoin-and-ethereum-traders-are-in-profit-despite-pullback?SNAPI", "image_url": "https://crypto.snapi.dev/images/v1/e/s/13382-133562.jpg", "title": "More Bitcoin and Ethereum Traders Are in Profit Despite Pullback", "text": "Profitability of lead cryptocurrencies Bitcoin and Ethereum remains higher than average", "source_name": "UToday", "date": "Tue, 26 Apr 2022 11:56:00 -0400", "topics": [], "sentiment": "Neutral", "type": "Article", "tickers": ["BTC", "ETH"]}, {"news_url": "https://coinfomania.com/bitcoin-sustainable-energy-mix-tops-58-as-network-becomes-greener/", "image_url": "https://crypto.snapi.dev/images/v1/s/h/shutterstock-1504150955-133456-133561.jpg", "title": "Bitcoin Sustainable Energy Mix Tops 58% as Network Becomes Greener", "text": "A recent survey report by the Bitcoin Mining Council (BMC), a voluntary global group of bitcoin miners who are committed to the network and it's core principles, has revealed that Bitcoin mining is becoming more energy-efficient. Bitcoin Mining Becomes More Energy-Efficient The BMC's Q1 2022 Bitcoin Mining Data Review published on Monday pointed out that bitcoin mining operations accounted for an insignificant amount of global energy, about 16bps in the first quarter of 2022.", "source_name": "Coinfomania", "date": "Tue, 26 Apr 2022 11:34:58 -0400", "topics": [], "sentiment": "Positive", "type": "Article", "tickers": ["BTC"]}, {"news_url": "https://www.trustnodes.com/2022/04/26/bitcoin-back-under-40000-as-nasdaq-drops-3", "image_url": "https://crypto.snapi.dev/images/v1/j/d/crypto-bitcoin-132675-133132-133556.jpg", "title": "Bitcoin Back Under $40,000 as Nasdaq Drops 3%", "text": "Bitcoin dips as it follows a Nasdaq dive amid upcoming earnings and increased tensions with Russia.", "source_name": "Trustnodes", "date": "Tue, 26 Apr 2022 11:32:33 -0400", "topics": ["paywall"], "sentiment": "Negative", "type": "Article", "tickers": ["BTC"]}, {"news_url": "https://ambcrypto.com/a-bts-look-at-btc-bitcoin-with-rumors-of-it-being-accepted-as-legal-tender-in/", "image_url": "https://crypto.snapi.dev/images/v1/s/o/jeremy-bezanger-5hx1zpszt-k-unsplash-2-133555.jpg", "title": "A BTS look at BTC with rumors of it being accepted as legal tender in\u2026", "text": "At press time, the king coin was changing hands at $40,516.22 after rallying by 4.64% in the last 24 hours but slipping by 0.52% in the past week. If you're a new user, this might be a cause of excitement for you.", "source_name": "AMBCrypto", "date": "Tue, 26 Apr 2022 11:30:33 -0400", "topics": [], "sentiment": "Positive", "type": "Article", "tickers": ["BTC"]}, {"news_url": "https://u.today/no-negative-ethereum-issuance-days-noticed-since-february-1-deflation-postponed?SNAPI", "image_url": "https://crypto.snapi.dev/images/v1/r/y/adobestock-328049911-editorial-use-only-133553.jpeg", "title": "No Negative Ethereum Issuance Days Noticed Since February 1: Deflation Postponed?", "text": "Ethereum issuance remains positive for almost three months, which may be a problem for those who can't wait to see Ethereum becoming a deflationary asset", "source_name": "UToday", "date": "Tue, 26 Apr 2022 11:28:00 -0400", "topics": [], "sentiment": "Neutral", "type": "Article", "tickers": ["ETH"]}, {"news_url": "https://investorplace.com/2022/04/sol-crytpto-will-soar-over-the-next-several-years-with-the-growth-of-web-3-0/", "image_url": "https://crypto.snapi.dev/images/v1/k/n/sol-2-129125-130890-133554.jpg", "title": "Solana Crypto Looks Like a Good Bet for the Growth of Web 3.0", "text": "Solana crypto looks like a good bet for the growth of Web 3.0. SOL crypto is gaining popularity with Web 3.0 developers, which will push its price significantly higher over the next several years.", "source_name": "Investorplace", "date": "Tue, 26 Apr 2022 11:27:52 -0400", "topics": [], "sentiment": "Neutral", "type": "Article", "tickers": ["SOL"]}, {"news_url": "https://coinpedia.org/ethereum/ethereum-to-plunge-hard-eth-price-might-drop-to-this-level/", "image_url": "https://crypto.snapi.dev/images/v1/g/d/ethereum-price-analysis-2022-04-22-132180-132394-133548.png", "title": "Ethereum to Plunge Hard! ETH Price Might Drop To This Level", "text": "Ethereum price had tested $2,800 level in the recent days before managing to bounce back towards $2,950. The Ethereum bulls were quick enough to push the price back at $3,000 level. Hence the surge in buying activity has pushed the price above the $3,000 range. However, today though the currency is signaling green, it has \u2026", "source_name": "CoinPedia", "date": "Tue, 26 Apr 2022 11:21:08 -0400", "topics": [], "sentiment": "Negative", "type": "Article", "tickers": ["ETH"]}, {"news_url": "https://bitcoinmagazine.com/business/microstrategy-to-allow-employees-to-invest-in-bitcoin-as-part-of-401k-plan", "image_url": "https://crypto.snapi.dev/images/v1/d/h/microstrategy-buys-01-percent-of-all-bitcoin-133546.png", "title": "MicroStrategy To Allow Employees To Invest In Bitcoin As Part Of 401(k) Plan", "text": "Fidelity Investments has created a 401(k) allowing individuals to invest in bitcoin and MicroStrategy will be the first publicly traded employer to offer it.", "source_name": "Bitcoin Magazine", "date": "Tue, 26 Apr 2022 11:11:10 -0400", "topics": [], "sentiment": "Positive", "type": "Article", "tickers": ["BTC"]}, {"news_url": "https://cryptopotato.com/bitcoin-less-volatile-than-tesla-and-apple-for-the-past-2-years-claims-binance-ceo/", "image_url": "https://crypto.snapi.dev/images/v1/u/l/cp-featured-min-133545.jpg", "title": "Bitcoin Less Volatile Than Tesla and Apple for the Past 2 Years, Claims Binance CEO", "text": "\"If you look at the data, bitcoin's more stable than Tesla, bitcoin's more stable than Apple,\u201d Changpeng Zhao argued.", "source_name": "CryptoPotato", "date": "Tue, 26 Apr 2022 11:07:03 -0400", "topics": [], "sentiment": "Neutral", "type": "Article", "tickers": ["BTC"]}, {"news_url": "https://www.youtube.com/watch?v=QJpk9JS9W8M", "image_url": "https://crypto.snapi.dev/images/v1/d/d/btc-slips-below-40k-musk-confirms-twitter-acquisition-133550.jpg", "title": "BTC Slips Below $40K, Musk Confirms Twitter Acquisition", "text": "Dexterity Capital Managing Partner Michael Safai shares his bitcoin price outlook as it slips below $40,000 alongside the global equities markets. Plus, why Safai is optimistic about certain altcoins like Monero and Luna, and comments on Elon Musk reaching a deal with Twitter to purchase the platform for $44 billion.", "source_name": "Coindesk", "date": "Tue, 26 Apr 2022 11:06:10 -0400", "topics": [], "sentiment": "Negative", "type": "Video", "tickers": ["BTC"]}, {"news_url": "https://www.cryptopolitan.com/bitcoin-ethereum-mina-and-kava-daily-price-analyses-26-april-morning-price-prediction/", "image_url": "https://crypto.snapi.dev/images/v1/h/k/roundup-1140-x-570-2022-mar-allcoins-4-133544.png", "title": "Bitcoin, Ethereum, Mina, and Kava Daily Price Analyses \u2013 26 April Morning Price Prediction", "text": "TL;DR Breakdown The global crypto market has continued smoothly as gain flow remained undisturbed, adding 4.04% in 24 hours. Bitcoin has added further value after going through continuous dips, growing 4.46% in 24 hours.", "source_name": "Cryptopolitan", "date": "Tue, 26 Apr 2022 11:03:14 -0400", "topics": [], "sentiment": "Neutral", "type": "Article", "tickers": ["BTC", "ETH", "KAVA", "MINA"]}, {"news_url": "https://crypto.news/coinshares-ethereum-outflows-investors-altcoins/", "image_url": "https://crypto.snapi.dev/images/v1/w/r/eth-133542.jpg", "title": "CoinShares: Ethereum Outflows Continues as Investors Favor other Altcoins", "text": "CoinShares has revealed via its Digital Asset Fund Flows Weekly report released on April 25, 2022, that Ethereum has witnessed the third week of investment outflows totaling $16.9 million, with investors pumping funds into other promising altcoins, including Avalanche (AVAX),\u2026", "source_name": "Crypto news", "date": "Tue, 26 Apr 2022 11:00:00 -0400", "topics": [], "sentiment": "Neutral", "type": "Article", "tickers": ["ETH"]}, {"news_url": "https://bitcoinmagazine.com/business/bitcoin-startup-amboss-launches-unique-lightning-liquidity-marketplace", "image_url": "https://crypto.snapi.dev/images/v1/6/r/nodes-133540.jpg", "title": "Bitcoin Startup Amboss Launches Unique Lightning Liquidity Marketplace", "text": "Magma is a new Lightning liquidity marketplace by Amboss Technologies aiming to protect buyers and sellers with simple smart contracts and reputation features.", "source_name": "Bitcoin Magazine", "date": "Tue, 26 Apr 2022 11:00:00 -0400", "topics": [], "sentiment": "Positive", "type": "Article", "tickers": ["BTC"]}, {"news_url": "https://coingape.com/?p=110540", "image_url": "https://crypto.snapi.dev/images/v1/l/o/cryptocurrency-133536.jpg", "title": "Bitcoin Price Prediction: BTC Price Struggles Below $40,000; Is Sideways To Continue?", "text": "BTC price started the session on a green note and consolidates in a range between $40,200 and $40,800. The price failed to sustain the previous day's recovery gains as the bulls lack the conviction to record further gains.", "source_name": "Coingape", "date": "Tue, 26 Apr 2022 10:53:26 -0400", "topics": [], "sentiment": "Negative", "type": "Article", "tickers": ["BTC"]}, {"news_url": "https://www.youtube.com/watch?v=lRchqvP-jNY", "image_url": "https://crypto.snapi.dev/images/v1/b/x/crypto-dogecoin-surges-fidelity-to-allow-bitcoin-in-401k-retirement-plans-133538.jpg", "title": "Crypto: Dogecoin surges, Fidelity to allow bitcoin in 401(k) retirement plans", "text": "#crypto #Dogecoin #bitcoin #YahooFinance Yahoo Finance's Jennifer Schonberger discuses the surge in the price of dogecoin after news broke of Elon Musk's Twitter takeover and reports that financial services company Fidelity will allow bitcoin in 401(k) retirement plans. Don't Miss: Valley of Hype: The Culture That Built Elizabeth Holmes WATCH HERE: https://youtu.be/Sb179GLPNYE Watch the 2021 Berkshire Hathaway Annual Shareholders Meeting on YouTube: https://youtu.be/gx-OzwHpM9k Subscribe to Yahoo Finance: https://yhoo.it/2fGu5Bb About Yahoo Finance: At Yahoo Finance, you get free stock quotes, up-to-date news, portfolio management resources, international market data, social interaction and mortgage rates that help you manage your financial life.", "source_name": "Yahoo Finance", "date": "Tue, 26 Apr 2022 10:52:00 -0400", "topics": [], "sentiment": "Positive", "type": "Video", "tickers": ["BTC", "DOGE"]}, {"news_url": "https://markets.businessinsider.com/news/currencies/fidelity-bitcoin-401k-largest-retirement-plan-provider-cryptocurrency-2022-4", "image_url": "https://crypto.snapi.dev/images/v1/y/s/6267f19a0bd64800192c38a7formatjpeg-133462.jpg", "title": "Top retirement-plan provider Fidelity is offering a bitcoin option for its 401(k) plans as investor appetite for cryptocurrency grows", "text": "Fidelity Investments will introduce the bitcoin option later this year, becoming the largest 401(k) provider to offer crypto.", "source_name": "Business Insider", "date": "Tue, 26 Apr 2022 10:49:00 -0400", "topics": [], "sentiment": "Neutral", "type": "Article", "tickers": ["BTC"]}, {"news_url": "https://u.today/launch-of-australias-first-bitcoin-etf-gets-postponed?SNAPI", "image_url": "https://crypto.snapi.dev/images/v1/c/y/adobestock-2749329522-133531.jpeg", "title": "Launch of Australia's First Bitcoin ETF Gets Postponed", "text": "Cosmos Asset Management's Bitcoin ETF was scheduled to start trading on the Cboe stock trading platform", "source_name": "UToday", "date": "Tue, 26 Apr 2022 10:47:00 -0400", "topics": [], "sentiment": "Neutral", "type": "Article", "tickers": ["BTC"]}, {"news_url": "https://www.youtube.com/watch?v=8VHodq9edf4", "image_url": "https://crypto.snapi.dev/images/v1/f/w/840-ahr0chm6ly9zmy5jb2ludgvszwdyyxbolmnvbs91cgxvywrzlziwmjitmdqvnwy4zwi5mtgtyzq3my00mzu4ltlky2ytzdy3ntzhnmqzmtizlmpwzw-133300-133650.jpg", "title": "Anthony Scaramucci and FTX.US President Brett Harrison on Bitcoin Price, Mainstream Adoption & More", "text": "Live from the FTX and SALT Crypto Bahamas conference, \"All About Bitcoin\" anchor Christine Lee speaks to the hosts of the event \u2014 SkyBridge Capital Founder & Managing Partner Anthony Scaramucci and FTX.US President Brett Harrison \u2013 for their hot takes on the state of crypto markets, mainstream adoption, bitcoin mining and more. Site: https://www.coindesk.com Twitter: https://www.twitter.com/coindesk LinkedIn: https://www.linkedin.com/company/3104779/admin Instagram: https://www.instagram.com/coindesk Facebook: https://www.facebook.com/CoinDesk Newsletters: https://www.coindesk.com/newsletters CoinDesk Podcast Network: https://open.spotify.com/show/2jyIhkvAQhed8AWDZiPpSP Markets Daily Crypto Roundup: https://open.spotify.com/show/7sDXM8BlxsUqzL2IqmLqwE CoinDesk is the leading digital media, events and information services company for the crypto asset and blockchain technology community.", "source_name": "Coindesk", "date": "Tue, 26 Apr 2022 10:43:12 -0400", "topics": [], "sentiment": "Neutral", "type": "Video", "tickers": ["BTC"]}, {"news_url": "https://www.crowdfundinsider.com/2022/04/190317-fidelity-offers-first-of-its-kind-option-to-included-bitcoin-in-401k-retirement-plans/", "image_url": "https://crypto.snapi.dev/images/v1/g/q/crypto5-133543.jpg", "title": "Fidelity Offers \u201cFirst of its Kind\u201d Option to Included Bitcoin in 401K Retirement Plans", "text": "Fidelity has long had an interest in the emerging digital asset sector and today the company is taking it a step further by enabling users of its service to hold Bitcoin in 401K retirement plans. Fidelity's workplace Digital Assets Account (DAA) is said to be.", "source_name": "CrowdFundInsider", "date": "Tue, 26 Apr 2022 10:32:49 -0400", "topics": [], "sentiment": "Positive", "type": "Article", "tickers": ["BTC"]}, {"news_url": "https://cryptodaily.co.uk/2022/04/keep-your-cash-flowing-with-quitriam-finance-qtm-xrp-xrp-and-solana-sol", "image_url": "https://crypto.snapi.dev/images/v1/f/l/image2-38-133530.jpeg", "title": "Keep your cash flowing with Quitriam Finance (QTM), XRP (XRP) and Solana (SOL)", "text": "Regardless of the fact that the crypto market is crowded with new currencies, a handful stand out and are worth watching. These currencies are expected to dominate the market and reward investors because of their superior features and inventiveness.", "source_name": "Crypto Daily", "date": "Tue, 26 Apr 2022 10:30:00 -0400", "topics": [], "sentiment": "Neutral", "type": "Article", "tickers": ["QTM", "SOL", "XRP"]}], "total_pages": 42}