{"data": [{"news_url": "https://coinpedia.org/price-analysis/ripple-on-its-way-towards-the-victory-against-sec/", "image_url": "https://crypto.snapi.dev/images/v1/j/j/xrp-logo-featured-e1649338133335-128775-129196.png", "title": "Ripple on its Way Towards the Victory Against SEC, Will it Uplift the XRP Price Above $1 This Week?\u00a0", "text": "Biggest Win for Ripple Against SEC In a recent update, an action lawsuit was filed against the EX-SEC officials William Hinman and Jay Claton over mishandling the proceedings of the Ripple vs SEC case. The lawsuit was filed by Attorney Fred Rispoli and Shannon O'Leary who represents XRP investors on 11 April 2022. They claimed \u2026", "source_name": "CoinPedia", "date": "Thu, 14 Apr 2022 08:19:37 -0400", "topics": ["regulations"], "sentiment": "Positive", "type": "Article", "tickers": ["XRP"]}, {"news_url": "https://cryptoslate.com/latin-american-bitcoin-adoption-gathers-pace-as-brazil-makes-its-move/", "image_url": "https://crypto.snapi.dev/images/v1/u/w/image-2022-04-14-153937256-129175.png", "title": "Latin American Bitcoin adoption gathers pace as Brazil makes its move", "text": "A comprehensive regulatory framework for Bitcoin (BTC) and cryptocurrency in Brazil is moving closer to reality. The post Latin American Bitcoin adoption gathers pace as Brazil makes its move appeared first on CryptoSlate.", "source_name": "CryptoSlate", "date": "Thu, 14 Apr 2022 08:00:25 -0400", "topics": [], "sentiment": "Positive", "type": "Article", "tickers": ["BTC"]}, {"news_url": "https://beincrypto.com/xrp-falls-after-creating-bearish-pattern-multi-coin-analysis/", "image_url": "https://crypto.snapi.dev/images/v1/5/e/xrp-129211.png", "title": "XRP Falls After Creating Bearish Pattern: Multi-Coin Analysis", "text": "Be[in]Crypto takes a look at the price movement for seven different cryptocurrencies, including XRP, which is trading inside a support area. The post XRP Falls After Creating Bearish Pattern: Multi-Coin Analysis appeared first on BeInCrypto.", "source_name": "BeInCrypto", "date": "Thu, 14 Apr 2022 08:00:00 -0400", "topics": [], "sentiment": "Negative", "type": "Article", "tickers": ["XRP"]}, {"news_url": "https://bitcoinmagazine.com/business/stimulus-check-returns-on-bitcoin-mining", "image_url": "https://crypto.snapi.dev/images/v1/f/m/money-funnel-to-bitcoin-miner-129176.png", "title": "Two Years Later, Stimulus Check Investment Proves Value Of Bitcoin Mining", "text": "Two years since the U.S. sent COVID-19 stimulus checks to taxpayers, investment in bitcoin mining stocks has generated significant returns.", "source_name": "Bitcoin Magazine", "date": "Thu, 14 Apr 2022 08:00:00 -0400", "topics": ["mining"], "sentiment": "Positive", "type": "Article", "tickers": ["BTC"]}, {"news_url": "https://cryptonews.com/news/bitcoin-and-ethereum-face-key-breakout-zone-doge-jumps-on-musk-news.htm", "image_url": "https://crypto.snapi.dev/images/v1/6/h/crypto-3-124579-129048-129157.jpg", "title": "Bitcoin and Ethereum Face Key Breakout Zone, DOGE Jumps on Musk News", "text": "Bitcoin price gained pace after it cleared the USD 40,500 resistance zone. BTC even surpassed the USD 41,200 resistance before correcting lower. It is currently (11:10 UTC) trading near USD 41,000 and is up 3% in a day.", "source_name": "Cryptonews", "date": "Thu, 14 Apr 2022 07:49:00 -0400", "topics": [], "sentiment": "Positive", "type": "Article", "tickers": ["BTC", "DOGE", "ETH"]}, {"news_url": "https://www.theblockresearch.com/layer-by-layer-issue-28-near-cosmos-and-solana-141891", "image_url": "https://crypto.snapi.dev/images/v1/5/g/20210723-layer-by-layer-research-797x450-129156.jpg", "title": "Layer by Layer Issue 28: NEAR, Cosmos, and Solana", "text": "Quick Take In this weekly series, we dive into some of the most interesting data and developments across the Layer 1 blockchain landscape, from DeFi and bridges to network activity and funding L1 teams continue to raise record amounts of capital to fund ecosystem development. Meanwhile, networks are undergoing major upgrades, with some facing significant issues along the way This week, we take a look at NEAR, Cosmos, and Solana\u00a0\u00a0", "source_name": "The Block", "date": "Thu, 14 Apr 2022 07:48:28 -0400", "topics": [], "sentiment": "Neutral", "type": "Article", "tickers": ["ATOM", "SOL", "NEAR"]}, {"news_url": "https://coingape.com/?p=108643", "image_url": "https://crypto.snapi.dev/images/v1/u/g/xjzqjxbdgrkkxfjn62csbyr63u-129141.jpg", "title": "Bitcoin Price Prediction: BTC Price Trades Near Weekly Support; Aims For $45,000 Next", "text": "BTC's price shows a lack of momentum after locking gains for the past two sessions. The price consolidates in the price range with modest movement.", "source_name": "Coingape", "date": "Thu, 14 Apr 2022 07:42:06 -0400", "topics": [], "sentiment": "Neutral", "type": "Article", "tickers": ["BTC"]}, {"news_url": "https://u.today/heres-what-portended-ethereum-bounceback-above-3100-santiment?SNAPI", "image_url": "https://crypto.snapi.dev/images/v1/4/b/14065-0-129139.jpg", "title": "Here's What Portended Ethereum Bounceback Above $3,100: Santiment", "text": "Santiment has shared data that shows which prerequisites occurred before Ethereum recovered above $3,100", "source_name": "UToday", "date": "Thu, 14 Apr 2022 07:40:00 -0400", "topics": [], "sentiment": "Neutral", "type": "Article", "tickers": ["ETH"]}, {"news_url": "https://www.youtube.com/watch?v=nfmaRfxHJy0", "image_url": "https://crypto.snapi.dev/images/v1/n/r/a-look-at-el-salvadors-crypto-experiment-after-making-bitcoin-its-national-currency-129143.jpg", "title": "A look at El Salvador's crypto experiment after making bitcoin its national currency", "text": "It's been a little more than seven months since El Salvador made bitcoin its national currency. NBC's Gadi Schwartz joins 'Squawk Box' to break down how well the cryptocurrency works and whether anyone uses it.", "source_name": "CNBC Television", "date": "Thu, 14 Apr 2022 07:37:07 -0400", "topics": [], "sentiment": "Neutral", "type": "Video", "tickers": ["BTC"]}, {"news_url": "https://en.cryptonomist.ch/2022/04/14/china-bitcoin-miners-under-attack/", "image_url": "https://crypto.snapi.dev/images/v1/w/8/cina-bitcoin-mining-1-300x200-129138.jpeg", "title": "China: Bitcoin miners under attack", "text": "The reaction of Chinese miners to the news of the total Bitcoin ban of a while ago", "source_name": "The Cryptonomist", "date": "Thu, 14 Apr 2022 07:21:37 -0400", "topics": ["mining"], "sentiment": "Negative", "type": "Article", "tickers": ["BTC"]}, {"news_url": "https://coinpedia.org/ethereum/eth-price-to-hit-3200-by-weekend/", "image_url": "https://crypto.snapi.dev/images/v1/o/r/ethereum-1-640x360-127907-129132.jpeg", "title": "Ethereum HODLers Can Expect Strong Recovery, ETH Price To Hit $3200 By Weekend", "text": "The leading altcoin and second-largest cryptocurrency by market cap had faced a strong pull of 11% priced at $3030 in the past week. It's just not Ethereum or Bitcoin, the whole crypto market was trading to and fro creating a sense of fear among investors and traders. Meanwhile, now Ethereum has risen above the $3,050 \u2026", "source_name": "CoinPedia", "date": "Thu, 14 Apr 2022 07:11:52 -0400", "topics": [], "sentiment": "Positive", "type": "Article", "tickers": ["ETH"]}, {"news_url": "https://cryptopotato.com/ethereums-merge-will-occur-later-than-june-2022-says-developer-report/", "image_url": "https://crypto.snapi.dev/images/v1/u/e/dark-ethereum-129129.jpg", "title": "Ethereum's Merge Will Occur Later Than June 2022, Says Developer (Report)", "text": "Ethereum's leading developer - Tim Beiko - predicted the shift to Ethereum 2.0 will occur in a few months after June 2022.", "source_name": "CryptoPotato", "date": "Thu, 14 Apr 2022 07:01:24 -0400", "topics": [], "sentiment": "Neutral", "type": "Article", "tickers": ["ETH"]}, {"news_url": "https://crypto.news/polkadot-bears-price-slump/", "image_url": "https://crypto.snapi.dev/images/v1/j/u/polkadot-129213.jpg", "title": "Polkadot Eyes Retracement after Bears Witness Recent Price Slump", "text": "Polkadot price has taken a dive below a major trend line, indicating a potential bearish phase. The $18 DOT price retests the broken level and may face stiff resistance.", "source_name": "Crypto news", "date": "Thu, 14 Apr 2022 07:00:00 -0400", "topics": [], "sentiment": "Negative", "type": "Article", "tickers": ["DOT"]}, {"news_url": "https://beincrypto.com/bitcoin-lightning-network-adoption-balloons-driven-by-host-of-integrations/", "image_url": "https://crypto.snapi.dev/images/v1/a/x/bitcoin-lightning-1jpgoptimal-129137.jpg", "title": "Bitcoin Lightning Network Adoption Balloons Driven by Host of Integrations", "text": "Six years ago when the\u00a0Lightning Network\u00a0was conceived, it was hard to imagine that the network's usage would prove so popular. The post Bitcoin Lightning Network Adoption Balloons Driven by Host of Integrations appeared first on BeInCrypto.", "source_name": "BeInCrypto", "date": "Thu, 14 Apr 2022 07:00:00 -0400", "topics": [], "sentiment": "Positive", "type": "Article", "tickers": ["BTC"]}, {"news_url": "https://www.cryptopolitan.com/solana-price-analysis-2022-04-14-2/", "image_url": "https://crypto.snapi.dev/images/v1/l/t/sol-2-129125.jpg", "title": "Solana price analysis: SOL illustrates bearish dynamics at $105.1", "text": "TL;DR Breakdown Solana price analysis is bearish today. The strongest resistance is present at $138.6.", "source_name": "Cryptopolitan", "date": "Thu, 14 Apr 2022 06:44:46 -0400", "topics": ["tanalysis"], "sentiment": "Negative", "type": "Article", "tickers": ["SOL"]}, {"news_url": "https://ambcrypto.com/xrp-axie-infinity-sushiswap-price-analysis-14-april/", "image_url": "https://crypto.snapi.dev/images/v1/t/q/pa-1-cover-7-e1649920292500-129121.jpg", "title": "XRP, Axie Infinity, SushiSwap Price Analysis: 14 April", "text": "XRP has seen a low timeframe shift in momentum toward the bullish side, but the market structure remained bearish for XRP and some altcoins. The bounce in the price of Bitcoin the previous day spurred many tokens in the altcoin market to post some gains in recent hours.", "source_name": "AMBCrypto", "date": "Thu, 14 Apr 2022 06:30:23 -0400", "topics": ["tanalysis"], "sentiment": "Neutral", "type": "Article", "tickers": ["AXS", "SUSHI", "XRP"]}, {"news_url": "https://www.benzinga.com/markets/cryptocurrency/22/04/26630092/nexo-ceo-predicts-bitcoin-will-hit-100k-within-a-year-sees-short-term-headwinds-cnbc?SNAPI", "image_url": "https://crypto.snapi.dev/images/v1/i/9/bitcoin-2868703-1920-129136.jpg", "title": "Nexo CEO Predicts Bitcoin Will Hit $100K Within A Year, Sees Short-Term Headwinds: CNBC", "text": "CEO Antoni Trenchev of crypto lending firm Nexo expects Bitcoin to hit $100,000 within a year, CNBC reports.", "source_name": "Benzinga", "date": "Thu, 14 Apr 2022 06:24:00 -0400", "topics": [], "sentiment": "Positive", "type": "Article", "tickers": ["BTC"]}, {"news_url": "https://www.cryptopolitan.com/reopening-retail-access-to-bitcoin-mining-liquid-nft/", "image_url": "https://crypto.snapi.dev/images/v1/p/s/frame-1437-1200x600-129323.png", "title": "Reopening Retail Access to Bitcoin Mining: Liquid NFT", "text": "A revolutionary new opportunity is set to disrupt the Bitcoin mining industry, and the best news is that we can all be a part of it!\u00a0 In recent years we.", "source_name": "Cryptopolitan", "date": "Thu, 14 Apr 2022 06:00:00 -0400", "topics": ["mining", "NFT"], "sentiment": "Positive", "type": "Article", "tickers": ["BTC"]}, {"news_url": "https://beincrypto.com/ethereum-developer-announces-update-to-merge-timeline/", "image_url": "https://crypto.snapi.dev/images/v1/e/t/ethereum-merge-129203.jpg", "title": "Ethereum Developer Announces Update to \u2018Merge' Timeline", "text": "The long-awaited \u201cmerge\u201d on the Ethereum network will not be happening in June according to a lead developer. The post Ethereum Developer Announces Update to \u2018Merge' Timeline appeared first on BeInCrypto.", "source_name": "BeInCrypto", "date": "Thu, 14 Apr 2022 06:00:00 -0400", "topics": [], "sentiment": "Neutral", "type": "Article", "tickers": ["ETH"]}, {"news_url": "https://coingape.com/?p=108577", "image_url": "https://crypto.snapi.dev/images/v1/a/i/clayton-129115.jpg", "title": "Breaking: Former SEC Chair Clayton Slapped With Lawsuit Over Ripple", "text": "A class action lawsuit was filed against former\u00a0 SEC Chairman Jay Clayton and executive Bill Hinman over their alleged mismanagement of the Ripple (XRP) case. The lawsuit alleges the two violated federal regulations in their persecution of XRP.", "source_name": "Coingape", "date": "Thu, 14 Apr 2022 05:58:19 -0400", "topics": ["regulations"], "sentiment": "Negative", "type": "Article", "tickers": ["XRP"]}, {"news_url": "https://cryptoslate.com/acala-and-anchor-protocol-team-up-to-unite-terra-and-polkadot-ecosystems/", "image_url": "https://crypto.snapi.dev/images/v1/l/3/image-2022-04-14-142303204-129111.png", "title": "Acala, Anchor Protocol team up to unite Terra, Polkadot Ecosystems", "text": "Anchor Protocol, a savings and borrowing protocol built on Terra blockchain, entered a partnership with Acala, a DeFi network built on Polkadot, to increase liquidity and yield opportunities to both the Polkadot and Terra DeFi ecosystems. The post Acala, Anchor Protocol team up to unite Terra, Polkadot Ecosystems appeared first on CryptoSlate.", "source_name": "CryptoSlate", "date": "Thu, 14 Apr 2022 05:41:17 -0400", "topics": [], "sentiment": "Positive", "type": "Article", "tickers": ["ANC", "DOT", "LUNA"]}, {"news_url": "https://coinpedia.org/altcoin/altcoins-are-close-to-see-massive-crash/", "image_url": "https://crypto.snapi.dev/images/v1/h/1/golden-bitcoin-dollar-128526-129109.jpg", "title": "Altcoins Are Close To See Massive Crash As Bitcoin (BTC) Price Hovers Below Critical Support Level", "text": "After the recent drop, most cryptocurrencies are trading in positive territory. Bitcoin has gained $41,000 level along with Ethereum trading at $3,100 leading the altcoin rally. The global Cryptocurrency market too has popped up gaining 2.24% over the past 24hrs at $1.92 trillion. Altcoins To See A Sharp Decline As per analyst, altcoins are close \u2026", "source_name": "CoinPedia", "date": "Thu, 14 Apr 2022 05:39:00 -0400", "topics": ["tanalysis"], "sentiment": "Negative", "type": "Article", "tickers": ["BTC"]}, {"news_url": "https://en.cryptonomist.ch/2022/04/14/bitcoin-ethereum-ftx-ftt-price-analyses/", "image_url": "https://crypto.snapi.dev/images/v1/j/f/crypto2021-id-e55899ff-17ab-4b9f-97be-f1e0931aa33c-size900-120691-122368-124173-126106-128609-129114.jpg", "title": "Bitcoin, Ethereum, FTX [FTT] Price Analyses", "text": "Bitcoin's price [+2.66%] closed its daily candle worth $41,155", "source_name": "The Cryptonomist", "date": "Thu, 14 Apr 2022 05:38:33 -0400", "topics": [], "sentiment": "Neutral", "type": "Article", "tickers": ["BTC", "ETH", "FTT"]}, {"news_url": "https://blockchain.news/news/ethereum-unlikely-to-merge-in-junedespite-pow-undergoing", "image_url": "https://crypto.snapi.dev/images/v1/g/d/34c505391e46757fa4ce71faa46ab859c420f380099c435328783ef0b6b8a6cb-129103.jpg", "title": "Ethereum Unlikely to Merge in June, Despite PoW Undergoing", "text": "The much-anticipated merge will not occur in June as planned, according to Ethereum lead developer Tim Beiko.", "source_name": "Blockchain News", "date": "Thu, 14 Apr 2022 05:20:05 -0400", "topics": [], "sentiment": "Neutral", "type": "Article", "tickers": ["ETH"]}, {"news_url": "https://dailyhodl.com/2022/04/14/rich-dad-poor-dad-author-says-one-ethereum-competitor-is-just-getting-started-predicts-inflation-will-wipe-out-us-economy/", "image_url": "https://crypto.snapi.dev/images/v1/g/e/gensler-blockchain-changejpgw1024-129198.jpg", "title": "Rich Dad Poor Dad Author Says One Ethereum Competitor Is Just Getting Started, Predicts Inflation Will Wipe Out US Economy", "text": "The author of a personal finance book published over 20 years ago is diversifying his crypto portfolio while predicting a looming major market crisis. In a recent interview with Stansberry Research, Rich Dad Poor Dad author Robert Kiyosaki was asked\u00a0why he recently added Solana (SOL) to his portfolio. \u201cThe best deals are always done early. [\u2026] The post Rich Dad Poor Dad Author Says One Ethereum Competitor Is Just Getting Started, Predicts Inflation Will Wipe Out US Economy appeared first on The Daily Hodl.", "source_name": "The Daily Hodl", "date": "Thu, 14 Apr 2022 05:15:01 -0400", "topics": [], "sentiment": "Positive", "type": "Article", "tickers": ["SOL"]}, {"news_url": "https://www.financemagnates.com/cryptocurrency/news/btc-mining-becomes-more-competitive-hash-rate-hits-207-ehs/", "image_url": "https://crypto.snapi.dev/images/v1/z/3/bitcoin20mining-id-a351ac35-4cc2-4306-93ef-12b24de7ccfd-size900-129098.jpg", "title": "BTC Mining Becomes More Competitive, Hash Rate Hits 207 EH/s", "text": "Bitcoin (BTC) touched an all-time high of more than $68,000 in November last year. The price of the world's most valuable digital currency directly impacts its mining revenues.", "source_name": "FinanceMagnates", "date": "Thu, 14 Apr 2022 05:01:00 -0400", "topics": ["mining"], "sentiment": "Neutral", "type": "Article", "tickers": ["BTC"]}, {"news_url": "https://cryptodaily.co.uk/2022/04/billionaire-entrepreneur-dixon-tried-to-create-a-peoples-bank-in-2011-but-then-he-found-bitcoin", "image_url": "https://crypto.snapi.dev/images/v1/m/v/bank-9-129097.jpeg", "title": "Billionaire entrepreneur Dixon tried to create a people's bank in 2011 but then he found bitcoin", "text": "After a career in banking and finance, serial entrepreneur Simon Dixon became disillusioned with the banking system and tried to create his own fair bank for the people. He was not allowed to do so, but then he discovered bitcoin and started to invest in the infrastructure around it.", "source_name": "Crypto Daily", "date": "Thu, 14 Apr 2022 05:00:00 -0400", "topics": [], "sentiment": "Neutral", "type": "Article", "tickers": ["BTC"]}, {"news_url": "https://insidebitcoins.com/news/stablecoins-are-the-perfect-trojan-horse-for-bitcoin-says-tethers-paolo-ardoino", "image_url": "https://crypto.snapi.dev/images/v1/o/0/tether-cover-129092.jpg", "title": "Stablecoins Are The Perfect Trojan Horse For Bitcoin, Says Tether's Paolo Ardoino", "text": "Bitfinex and Tether chief technology officer Paolo Ardoino, while speaking about crypto adoption in Europe, says stablecoins are the perfect Trojans for Bitcoin. Ardoino was [.", "source_name": "Inside Bitcoins", "date": "Thu, 14 Apr 2022 04:54:23 -0400", "topics": ["stablecoins"], "sentiment": "Positive", "type": "Article", "tickers": ["BTC"]}, {"news_url": "https://beincrypto.com/bitcoin-btc-stalls-above-41000-rsi-macd-indicators-oversold/", "image_url": "https://crypto.snapi.dev/images/v1/q/n/bic-btc-fractals-similar-pattern-long-term-chartjpgoptimal-129094.jpg", "title": "Bitcoin (BTC) Stalls Above $41,000, RSI and MACD Indicators Extremely Oversold", "text": "Although Bitcoin (BTC) has been moving upwards since April 11 and reclaimed the $41,000 area on April 14, the long-term trend is still unclear. The post Bitcoin (BTC) Stalls Above $41,000, RSI and MACD Indicators Extremely Oversold appeared first on BeInCrypto.", "source_name": "BeInCrypto", "date": "Thu, 14 Apr 2022 04:49:00 -0400", "topics": ["tanalysis"], "sentiment": "Neutral", "type": "Article", "tickers": ["BTC"]}, {"news_url": "https://u.today/extreme-fear-persists-as-bitcoin-struggles-to-recover?SNAPI", "image_url": "https://crypto.snapi.dev/images/v1/o/i/14067-129087.jpg", "title": "Extreme Fear Persists as Bitcoin Struggles to Recover", "text": "Cryptocurrency traders remain fearful amid the market's muted recovery, according to a popular index", "source_name": "UToday", "date": "Thu, 14 Apr 2022 04:47:00 -0400", "topics": [], "sentiment": "Negative", "type": "Article", "tickers": ["BTC"]}, {"news_url": "https://cryptopotato.com/bitcoin-reclaims-40k-bitcoin-cash-skyrockets-13-market-watch/", "image_url": "https://crypto.snapi.dev/images/v1/v/e/vecteezy-fingers-holding-bitcoin-coin-with-a-blurred-background-2461912-129025-129190.jpg", "title": "Bitcoin Reclaims $40K: Bitcoin Cash Skyrockets 13% (Market Watch)", "text": "Bitcoin Cash leads the market-wide recovery attempts with a 13% increase. Bitcoin stands above $41,000.", "source_name": "CryptoPotato", "date": "Thu, 14 Apr 2022 04:41:18 -0400", "topics": [], "sentiment": "Positive", "type": "Article", "tickers": ["BTC"]}, {"news_url": "https://en.cryptonomist.ch/2022/04/14/ethereum-heading-ethereum-2-0-pos/", "image_url": "https://crypto.snapi.dev/images/v1/u/y/ethereum-pos-1-300x200-129086.jpeg", "title": "Ethereum heading for Ethereum 2.0, PoS in the air", "text": "Everyone is ready for Ethereum's long-awaited protocol changeover", "source_name": "The Cryptonomist", "date": "Thu, 14 Apr 2022 04:12:49 -0400", "topics": [], "sentiment": "Neutral", "type": "Article", "tickers": ["ETH"]}, {"news_url": "https://cryptopotato.com/terra-buys-another-100-million-worth-of-bitcoin/", "image_url": "https://crypto.snapi.dev/images/v1/m/0/terra-bitcoin-129078.jpg", "title": "Terra Buys Another $100 Million Worth of Bitcoin", "text": "Terra's bitcoin holdings are over $1.7 billion after another purchase of $100 million worth of BTC.", "source_name": "CryptoPotato", "date": "Thu, 14 Apr 2022 03:59:04 -0400", "topics": [], "sentiment": "Positive", "type": "Article", "tickers": ["BTC", "LUNA"]}, {"news_url": "https://coingape.com/?p=108576", "image_url": "https://crypto.snapi.dev/images/v1/p/o/ethereum-6851389-1280-e1648734894815-129075.jpg", "title": "Ethereum (ETH) Price Set For Strong Bullish Momentum, Here's Why", "text": "Ethereum's (ETH) price appeared to have bottomed out after sharp losses earlier this week, and is likely set for a bullish performance. Traders await a break above $3200 to confirm a strong bullish trend.", "source_name": "Coingape", "date": "Thu, 14 Apr 2022 03:48:08 -0400", "topics": [], "sentiment": "Positive", "type": "Article", "tickers": ["ETH"]}, {"news_url": "https://www.investingcube.com/ripple-price-prediction-dead-cat-bounce-detected-cryptocurrencies/", "image_url": "https://crypto.snapi.dev/images/v1/h/w/xrp-5-129068.jpg", "title": "Ripple Price Prediction: Dead Cat Bounce Detected", "text": "Ripple price has bounced back this week as investors react to signs that a settlement with the Securities and Exchange Commission will happen", "source_name": "InvestingCube", "date": "Thu, 14 Apr 2022 03:05:38 -0400", "topics": [], "sentiment": "Negative", "type": "Article", "tickers": ["XRP"]}, {"news_url": "https://cointelegraph.com/news/bitcoin-retains-41k-as-btc-exchange-withdrawals-match-record-levels", "image_url": "https://crypto.snapi.dev/images/v1/a/x/840-ahr0chm6ly9zmy5jb2ludgvszwdyyxbolmnvbs91cgxvywrzlziwmjitmdqvnde1mjjkyjetngm5ns00mdyyltk4zdutytdknmrhnmi5zdc2lmpwzw-129065.jpg", "title": "Bitcoin retains $41K as BTC exchange withdrawals match record levels", "text": "Bitcoin may be threatening lower levels but behind the scenes, demand is \"up only,\" data suggests.", "source_name": "Cointelegraph", "date": "Thu, 14 Apr 2022 02:51:32 -0400", "topics": [], "sentiment": "Positive", "type": "Article", "tickers": ["BTC"]}, {"news_url": "https://www.coinbureau.com/news/tether-usdt-makes-big-expansion-into-polkadot-universe/", "image_url": "https://crypto.snapi.dev/images/v1/v/r/tetherusdtmakesbigexpansionintopolkadotuniverse-1024x614-129064.jpg", "title": "Tether USDT Makes Big Expansion Into Polkadot Universe", "text": "Tether, the biggest stablecoin in the world by market cap, is making a move into the Polkadot ecosystem as it launches support on the Kusama network. Kusama is a sandbox for Polkadot developers and acts as DOT's canary network. It has a nearly identical codebase, and can be used to test out new network upgrades [\u2026] The post Tether USDT Makes Big Expansion Into Polkadot Universe appeared first on Coin Bureau.", "source_name": "Coinbureau", "date": "Thu, 14 Apr 2022 02:50:38 -0400", "topics": ["stablecoins"], "sentiment": "Positive", "type": "Article", "tickers": ["DOT", "USDT"]}, {"news_url": "https://coinpedia.org/bitcoin/bitcoin-btc-price-at-paramount-levels-it-may-either-extend-consolidation-or-ignite-a-10x-rally-soon/", "image_url": "https://crypto.snapi.dev/images/v1/g/t/bic-btc-onchain-analysis-128601-129062.jpg", "title": "Bitcoin (BTC) Price at Paramount Levels, It May Either Extend Consolidation or Ignite a 10X Rally Anytime from Now!", "text": "The crypto market after the recent slash recovery very quickly as most of the crypto assets is hovering close to their respective resistance levels. Moreover, BTC's price appears to have laid down a strong path toward the $50,000 level in the next couple of days. And on the other hand, the on-chain metrics also point \u2026", "source_name": "CoinPedia", "date": "Thu, 14 Apr 2022 02:41:32 -0400", "topics": [], "sentiment": "Positive", "type": "Article", "tickers": ["BTC"]}, {"news_url": "https://beincrypto.com/tether-launches-usdt-polkadots-kusama/", "image_url": "https://crypto.snapi.dev/images/v1/l/x/bic-tether-usdt-01jpgoptimal-129066.jpg", "title": "Tether Launches USDT on Polkadot's Kusama Network", "text": "Tether has launched USDT on Polkadot's Kusama network. The stablecoin is now available on several networks, and the company's executives believe that this will help decentralized application development.", "source_name": "BeInCrypto", "date": "Thu, 14 Apr 2022 02:30:43 -0400", "topics": ["stablecoins"], "sentiment": "Positive", "type": "Article", "tickers": ["DOT", "KSM", "USDT"]}, {"news_url": "https://www.cryptopolitan.com/bitcoin-binance-coin-stacks-and-neo-daily-price-analyses-13-april-roundup/", "image_url": "https://crypto.snapi.dev/images/v1/e/b/roundup-1140-x-570-2022-mar-allcoins-2-129060.png", "title": "Bitcoin, Binance Coin, Stacks, and Neo Daily Price Analyses \u2013 13 April Roundup", "text": "TL;DR Breakdown The global crypto market continues to grow in value, adding 2.79% in the last 24 hours. Bitcoin has been able to add a considerable amount to its value,.", "source_name": "Cryptopolitan", "date": "Thu, 14 Apr 2022 02:27:07 -0400", "topics": [], "sentiment": "Neutral", "type": "Article", "tickers": ["BNB", "BTC", "NEO"]}, {"news_url": "https://bitcoinist.com/indian-crypto-investors-in-panic-mode/", "image_url": "https://crypto.snapi.dev/images/v1/l/k/indian-crypto-129059.jpg", "title": "Indian crypto investors in panic mode as bitcoin exchanges deactivate transfer network", "text": "According to reports, two large Indian cryptocurrency exchanges have stopped deposits via a popular payment method, causing worry in a country where regulatory certainty is still lacking despite Bitcoin's enormous popularity. News sources disclosed that Indian crypto exchanges WazirX and CoinSwitch Kuber have disabled rupee deposits using the United Payment Interface (UPI) for the purpose [\u2026]", "source_name": "Bitcoinist", "date": "Thu, 14 Apr 2022 02:22:06 -0400", "topics": [], "sentiment": "Negative", "type": "Article", "tickers": ["BTC"]}, {"news_url": "https://bitcoinist.com/bitcoin-2022-peterson-alden-weinstein-stark/", "image_url": "https://crypto.snapi.dev/images/v1/2/y/bitcoin2022-3-129056.jpg", "title": "Bitcoin 2022 Recap, GA Day 2. Afternoon: Peterson, Alden, Weinstein, Stark & More", "text": "And here it is, the bitter end of the Bitcoin 2022 coverage. As we said in the previous post, the afternoon was disappointing, to say the least.", "source_name": "Bitcoinist", "date": "Thu, 14 Apr 2022 02:05:52 -0400", "topics": [], "sentiment": "Neutral", "type": "Article", "tickers": ["BTC"]}, {"news_url": "https://crypto.news/ethereum-is-slowly-starting-to-regain-its-loss-over-the-past-week/", "image_url": "https://crypto.snapi.dev/images/v1/1/8/eth-129049.jpg", "title": "Ethereum Is Slowly Starting to Regain Its Loss Over the Past Week", "text": "Ethereum price decreased by 2% to $3,041.25 in the last 24 hours, slumping 7.74% in the last seven days. On the other hand, the global cryptocurrency market capitalization has shrunk 1.18% over the last day to $1.86 trillion.", "source_name": "Crypto news", "date": "Thu, 14 Apr 2022 00:00:00 -0400", "topics": [], "sentiment": "Positive", "type": "Article", "tickers": ["ETH"]}, {"news_url": "https://cryptonews.com/news/bitcoin-and-ethereum-inch-higher-luna-and-avax-outperform.htm", "image_url": "https://crypto.snapi.dev/images/v1/7/b/crypto-3-124579-129048.jpg", "title": "Bitcoin and Ethereum Inch Higher, LUNA and AVAX Outperform", "text": "Bitcoin price formed a base above the USD 39,500 zone. As a result, BTC started a steady upward move above the USD 40,500 resistance. It is currently (03:39 UTC) showing positive signs above USD 41,300 and might eye a move above the USD 42,000 resistance zone. BTC is up 3% in a day, trimming its weekly losses to 4%.", "source_name": "Cryptonews", "date": "Wed, 13 Apr 2022 23:56:00 -0400", "topics": [], "sentiment": "Neutral", "type": "Article", "tickers": ["AVAX", "BTC", "ETH", "LUNA"]}, {"news_url": "https://blockchain.news/news/microstrategy-holds-over-129k-bitocins-data-shows", "image_url": "https://crypto.snapi.dev/images/v1/c/2/c298badb14f9a428a11e6443033fa5c0c8a22d9d1a6807d163215c89f367e068-129044.jpg", "title": "MicroStrategy Holds over 129K Bitcoin, Data Shows", "text": "Data shows MicroStrategy holds over 129,00 Bitcoins (BTC) with a total value of approximately $5.8 billion.", "source_name": "Blockchain News", "date": "Wed, 13 Apr 2022 23:30:00 -0400", "topics": [], "sentiment": "Positive", "type": "Article", "tickers": ["BTC"]}, {"news_url": "https://cointelegraph.com/news/cashapp-and-chivo-help-drive-lightning-payment-volume-up-400", "image_url": "https://crypto.snapi.dev/images/v1/8/4/840-ahr0chm6ly9zmy5jb2ludgvszwdyyxbolmnvbs91cgxvywrzlziwmjitmdqvmtg3zjzjzwytnte3yy00ognklwfhytqtntg1mtc2zdnlmwjjlmpwzw-129043.jpg", "title": "Cash App and Chivo help drive Lightning payment volume up 400%", "text": "Bitcoin's layer 2 scaling solution, the Lightning Network, has seen payment volume increase by over 400% as real adoption grows.", "source_name": "Cointelegraph", "date": "Wed, 13 Apr 2022 23:15:06 -0400", "topics": [], "sentiment": "Positive", "type": "Article", "tickers": ["BTC"]}, {"news_url": "https://cointelegraph.com/news/zone-of-heavy-opportunity-analysts-tip-bitcoin-will-stage-a-comeback", "image_url": "https://crypto.snapi.dev/images/v1/q/h/840-ahr0chm6ly9zmy5jb2ludgvszwdyyxbolmnvbs91cgxvywrzlziwmjitmdqvnji0ywvimtctztbimy00mjy5lweyyzmtzdbkzmzmzmvinguzlmpwzw-129040.jpg", "title": "\u2018Zone of heavy opportunity': Analysts tip Bitcoin will stage a comeback", "text": "The largest crypto by market cap is showing signs of a turnaround over the past 24 hours which analysts are saying could be the beginning of an upswing.", "source_name": "Cointelegraph", "date": "Wed, 13 Apr 2022 22:51:50 -0400", "topics": [], "sentiment": "Positive", "type": "Article", "tickers": ["BTC"]}, {"news_url": "https://www.newsbtc.com/analysis/btc/bitcoin-price-could-recovery-above-41-5k/", "image_url": "https://crypto.snapi.dev/images/v1/e/8/shutterstock-1311823757-128763-129039.jpg", "title": "TA: Why Bitcoin Price Could Eye Strong Recovery Above $41.5K", "text": "Bitcoin is correcting losses and trading above $41,000 against the US Dollar. BTC could gain bullish momentum above $41,350 and $41,500.", "source_name": "NewsBTC", "date": "Wed, 13 Apr 2022 22:48:57 -0400", "topics": ["tanalysis"], "sentiment": "Positive", "type": "Article", "tickers": ["BTC"]}, {"news_url": "https://cointelegraph.com/news/ethereum-merge-a-few-months-after-june-dev-clears-up-what-s-going-on", "image_url": "https://crypto.snapi.dev/images/v1/6/z/840-ahr0chm6ly9zmy5jb2ludgvszwdyyxbolmnvbs91cgxvywrzlziwmjitmdqvywqyztdiywytowi0zi00zju5ltg4mzetymmzothmy2u3y2nilmpwzw-129032.jpg", "title": "Ethereum Merge a 'few months after' June: Dev clears up what's going on", "text": "\u201cIt won't be June, but likely in the few months after. No firm date yet, but we're definitely in the final chapter of PoW on Ethereum,\u201d said developer Tim Beiko.", "source_name": "Cointelegraph", "date": "Wed, 13 Apr 2022 22:07:57 -0400", "topics": [], "sentiment": "Neutral", "type": "Article", "tickers": ["ETH"]}, {"news_url": "https://coinpedia.org/news/this-crypto-bull-bets-on-avax-matic-and-sol-heres-what-his-portfolio-looks-like/", "image_url": "https://crypto.snapi.dev/images/v1/g/s/crypto12-129030.jpg", "title": "This Crypto Bull Bets On AVAX, MATIC and SOL. Here's What His Portfolio Looks Like", "text": "Shark Tank's Kevin O'Leary is a crypto bull, with cryptocurrencies accounting for 20% of his running companies' assets. The millionaire owns 32 cryptocurrencies and has stated that he is bullish on Avalanche, Solana, and MATIC. O'Leary's crypto bets Kevin O'Leary, a Canadian entrepreneur and investor, told Cointelegraph in an interview at Bitcoin Miami that he \u2026", "source_name": "CoinPedia", "date": "Wed, 13 Apr 2022 21:53:56 -0400", "topics": [], "sentiment": "Positive", "type": "Article", "tickers": ["AVAX", "MATIC", "SOL"]}, {"news_url": "https://coinpedia.org/uncategorized/this-is-why-bitcoin-btc-price-can-still-hit-50k-by-april-end/", "image_url": "https://crypto.snapi.dev/images/v1/i/f/bitcoin-canada-128130-128280-129027.jpg", "title": "This Is Why Bitcoin (BTC) Price Can Still Hit $50k by April End", "text": "During the previous 24 hours, bulls have reclaimed control of the market. Bitcoin, the market leader, increased by 4.5 percent and is trading above the $41,000 level. Ethereum, which has gained more than three percent, is struggling\u00a0 to stay above $3,000, as its price was also lower than yesterday's high. The rest of the major \u2026", "source_name": "CoinPedia", "date": "Wed, 13 Apr 2022 21:31:59 -0400", "topics": [], "sentiment": "Neutral", "type": "Article", "tickers": ["BTC"]}, {"news_url": "https://www.benzinga.com/markets/cryptocurrency/22/04/26627273/ethereum-merge-postponed-from-june-no-firm-date-yet?SNAPI", "image_url": "https://crypto.snapi.dev/images/v1/z/4/pexels-jievani-8175569-129038.jpg", "title": "Ethereum Merge Postponed From June: \u2018No Firm Date Yet'", "text": "The much-anticipated Merge event on the Ethereum (CRYPTO: ETH) blockchain appears to have been pushed back by \u201ca few months.\u201d", "source_name": "Benzinga", "date": "Wed, 13 Apr 2022 21:30:00 -0400", "topics": [], "sentiment": "Neutral", "type": "Article", "tickers": ["ETH"]}, {"news_url": "https://cryptoslate.com/ethereums-merge-will-no-longer-happen-in-june-new-date-unknown/", "image_url": "https://crypto.snapi.dev/images/v1/a/l/ethereum-merge-129022.jpg", "title": "Ethereum's Merge will no longer happen in June, new date unknown", "text": "Ethereum's highly anticipated transition to a Proof of Stake (PoS) consensus that is anticipated to be live in June is set to be shifted to an unknown date, this was revealed by Tim Beiko, one of the lead developers on the project. The post Ethereum's Merge will no longer happen in June, new date unknown appeared first on CryptoSlate.", "source_name": "CryptoSlate", "date": "Wed, 13 Apr 2022 21:01:18 -0400", "topics": [], "sentiment": "Neutral", "type": "Article", "tickers": ["ETH"]}, {"news_url": "https://www.newsbtc.com/news/ethereum-at-3028-where-is-the-next-critical-support-level-for-eth/", "image_url": "https://crypto.snapi.dev/images/v1/1/m/shubham-dhage-26peyrqpbh8-unsplash-129021.jpg", "title": "Ethereum At $3028, Where Is The Next Critical Support Level For ETH?", "text": "Ethereum was priced at $3030 and the altcoin king noted a sharp decline of 11% in the past week. Major cryptocurrencies are all on a downtrend, after breaking past their immediate support levels.", "source_name": "NewsBTC", "date": "Wed, 13 Apr 2022 21:00:40 -0400", "topics": ["tanalysis"], "sentiment": "Neutral", "type": "Article", "tickers": ["ETH"]}, {"news_url": "https://bitcoinmagazine.com/markets/bitcoin-is-the-safe-asset-with-a-high-cpi-print", "image_url": "https://crypto.snapi.dev/images/v1/x/9/satoshiprinter-129020.png", "title": "Bitcoin Is The Safe Asset With Consumer Price Index At 8.5%", "text": "The Consumer Price Index hit an elevated rate of 8.5%. The addressable market for an immutable asset like bitcoin with its limited supply is above $100 trillion.", "source_name": "Bitcoin Magazine", "date": "Wed, 13 Apr 2022 21:00:00 -0400", "topics": [], "sentiment": "Positive", "type": "Article", "tickers": ["BTC"]}, {"news_url": "https://www.benzinga.com/markets/cryptocurrency/22/04/26627009/bitcoin-ethereum-dogecoin-hold-firm-is-the-second-largest-crypto-set-to-rally-soon?SNAPI", "image_url": "https://crypto.snapi.dev/images/v1/3/w/vecteezy-fingers-holding-bitcoin-coin-with-a-blurred-background-2461912-129025.jpg", "title": "Bitcoin, Ethereum, Dogecoin Hold Firm: Is The Second-Largest Crypto Set To Rally Soon?", "text": "Bitcoin and other major coins were trading in the green on Wednesday evening as the global cryptocurrency market cap rose 2.25% to $1.9 trillion.", "source_name": "Benzinga", "date": "Wed, 13 Apr 2022 20:15:00 -0400", "topics": [], "sentiment": "Positive", "type": "Article", "tickers": ["BTC", "DOGE", "ETH"]}, {"news_url": "https://www.cryptopolitan.com/ripple-price-analysis-2022-04-13/", "image_url": "https://crypto.snapi.dev/images/v1/s/1/austin-distel-dfjjmvhwh-8-unsplash-1140x815-129015.jpeg", "title": "Ripple price analysis: XRP aiming for $1 after gaining in momentum in SEC lawsuit", "text": "TL;DR Breakdown Ripple price analysis shows price shot up more than 3 percent over past 24 hours Ripple Labs gained momentum in lawsuit vs SEC after judge offered access to.", "source_name": "Cryptopolitan", "date": "Wed, 13 Apr 2022 19:46:05 -0400", "topics": ["tanalysis", "regulations"], "sentiment": "Positive", "type": "Article", "tickers": ["XRP"]}, {"news_url": "https://www.newsbtc.com/news/bitcoin/outflows-rock-bitcoin-ethereum-in-wake-of-price-decline/", "image_url": "https://crypto.snapi.dev/images/v1/e/m/btc-and-eth-129005.jpeg", "title": "Outflows Rock Bitcoin, Ethereum In Wake Of Price Decline", "text": "Bitcoin and Ethereum had led the market in the recent price decline. It has led to a lot of profit-taking on the part of investors that want to avoid incurring more losses in the long term.", "source_name": "NewsBTC", "date": "Wed, 13 Apr 2022 19:00:54 -0400", "topics": [], "sentiment": "Negative", "type": "Article", "tickers": ["BTC", "ETH"]}, {"news_url": "https://cryptonews.com/news/russia-only-industrial-players-may-be-allowed-to-mine-bitcoin-crypto.htm", "image_url": "https://crypto.snapi.dev/images/v1/v/x/4045455a66-media-library-original-900-600-129007.jpg", "title": "Russia: Only Industrial Players May Be Allowed to Mine Bitcoin & Crypto", "text": "The chief architect of Russia's crypto legislation has suggested that only industrial miners could be allowed to continue operating after the country unveils its long-awaited legislation for the Bitcoin (BTC) & crypto sector in this aggressor state.", "source_name": "Cryptonews", "date": "Wed, 13 Apr 2022 19:00:00 -0400", "topics": [], "sentiment": "Neutral", "type": "Article", "tickers": ["BTC"]}, {"news_url": "https://ambcrypto.com/xrp-which-way-to-move-investors-may-consider-these-options/", "image_url": "https://crypto.snapi.dev/images/v1/t/k/untitled-design-26-128997.png", "title": "XRP: Which way to move? Investors may consider these options", "text": "XRP finally saw a bearish crossover of the 20 EMA with the 50 EMA on its daily chart as the alt finds renewed selling pressure. Since breaking out of its long-term down-channel (white) in February, the Point of Control (POC, red) saw a fierce clash between the buyers and sellers.", "source_name": "AMBCrypto", "date": "Wed, 13 Apr 2022 18:30:31 -0400", "topics": [], "sentiment": "Neutral", "type": "Article", "tickers": ["XRP"]}, {"news_url": "https://insidebitcoins.com/news/ethereum-price-prediction-for-today-april-13-eth-usd-reclaims-3000-level", "image_url": "https://crypto.snapi.dev/images/v1/a/0/crypto8-128995.jpg", "title": "Ethereum Price Prediction for Today April 13: ETH/USD Reclaims $3000 Level", "text": "The Ethereum price prediction may gain ground towards $3500 as the recovery above $3200 could help to mitigate any incoming pressure. ETH/USD Market Key Levels: [.", "source_name": "Inside Bitcoins", "date": "Wed, 13 Apr 2022 18:15:54 -0400", "topics": ["tanalysis"], "sentiment": "Neutral", "type": "Article", "tickers": ["ETH"]}, {"news_url": "https://www.fool.com/investing/2022/04/13/why-bitcoin-and-ethereum-were-rising-on-wednesday/", "image_url": "https://crypto.snapi.dev/images/v1/e/b/eb22-128811-128987.jpg", "title": "Why Bitcoin and Ethereum Were Rising on Wednesday", "text": "A rising stock market and ballooning inflation combine to push top cryptos upward.", "source_name": "The Motley Fool", "date": "Wed, 13 Apr 2022 17:37:35 -0400", "topics": [], "sentiment": "Positive", "type": "Article", "tickers": ["BTC", "ETH"]}, {"news_url": "https://bitcoinmagazine.com/culture/bitcoin-2022-was-revolutionary", "image_url": "https://crypto.snapi.dev/images/v1/z/z/bitcoin-2022-miami-bull-128983.jpg", "title": "Bitcoin 2022: Welcome To The Revolution", "text": "One plebs journey across the largest Bitcoin event of all time, finding signal and the pulse of an ongoing revolution.", "source_name": "Bitcoin Magazine", "date": "Wed, 13 Apr 2022 17:30:00 -0400", "topics": [], "sentiment": "Neutral", "type": "Article", "tickers": ["BTC"]}, {"news_url": "https://insidebitcoins.com/news/bitcoin-price-prediction-for-today-april-13-btc-usd-heads-to-42000-level", "image_url": "https://crypto.snapi.dev/images/v1/g/v/crypto6-128980.jpg", "title": "Bitcoin Price Prediction for Today April 13: BTC/USD Heads to $42,000 Level", "text": "The Bitcoin price prediction retested the $39,550 support level as it is now rising, but it must stay above $42,000 for a steady increase. BTC/USD [.", "source_name": "Inside Bitcoins", "date": "Wed, 13 Apr 2022 17:19:17 -0400", "topics": ["tanalysis"], "sentiment": "Neutral", "type": "Article", "tickers": ["BTC"]}, {"news_url": "https://ambcrypto.com/bitcoins-whales-are-buying-the-dip-and-this-is-what-it-means/", "image_url": "https://crypto.snapi.dev/images/v1/8/q/bitcoin-5773755-1280-1-e1649854689680-128971.jpg", "title": "Bitcoin's whales are buying the dip and this is what it means", "text": "Bitcoin's price looks like it is in a rut after the recent crash that began on 5 April. This downswing confirms an ongoing consolidation that, fortunately, forecasts that a short-term uptrend is likely for BTC.", "source_name": "AMBCrypto", "date": "Wed, 13 Apr 2022 17:00:18 -0400", "topics": ["whales"], "sentiment": "Positive", "type": "Article", "tickers": ["BTC"]}, {"news_url": "https://decrypt.co/resources/what-merge-ethereum-move-proof-stake", "image_url": "https://crypto.snapi.dev/images/v1/w/l/shutterstock-1921083944-gid-2-128007-128967.jpg", "title": "What Is \u2018The Merge'? Ethereum's Move to Proof of Stake", "text": "The Ethereum mainnet is due to merge with the Beacon Chain in 2022, completing the blockchain's transition from proof of work to proof of stake.", "source_name": "Decrypt", "date": "Wed, 13 Apr 2022 16:48:10 -0400", "topics": [], "sentiment": "Neutral", "type": "Article", "tickers": ["ETH"]}, {"news_url": "https://u.today/bitcoin-price-could-10x-in-two-years-peter-brandt-says?SNAPI", "image_url": "https://crypto.snapi.dev/images/v1/i/s/2706-0-128964.jpg", "title": "Bitcoin Price Could 10X in Two Years, Peter Brandt Says", "text": "Prominent trader Peter Brandt believes that the Bitcoin price could 10x from where it is sitting right now", "source_name": "UToday", "date": "Wed, 13 Apr 2022 16:42:00 -0400", "topics": [], "sentiment": "Positive", "type": "Article", "tickers": ["BTC"]}, {"news_url": "https://insidebitcoins.com/news/bitcoin-price-prediction-for-today-april-13-btc-may-bounce-from-40000-level", "image_url": "https://crypto.snapi.dev/images/v1/j/w/vbtc23-128539-128959.jpg", "title": "Bitcoin Price Prediction for Today April 13: BTC May Bounce From $40,000 Level", "text": "BTC Price Recover above $40K as it May Bounce From $40,000 \u2013 April 13, 2022 On August 11, BTC/USD slumped to $39,223 low as it [...]", "source_name": "Inside Bitcoins", "date": "Wed, 13 Apr 2022 16:02:35 -0400", "topics": [], "sentiment": "Positive", "type": "Article", "tickers": ["BTC"]}, {"news_url": "https://dailyhodl.com/2022/04/13/analyst-who-called-may-2021-crypto-collapse-says-case-for-135000-bitcoin-in-play/", "image_url": "https://crypto.snapi.dev/images/v1/y/4/case-for-135-bitcoinjpgw1024-128958.jpg", "title": "Analyst Who Called May 2021 Crypto Collapse Says Case for $135,000 Bitcoin in Play", "text": "The analyst who called the May 2021 crypto market collapse says there's now a case to be made for Bitcoin (BTC) to rally its way to the $135,000 level. The closely followed pseudonymous analyst known as Dave the Wave tells his 96,000 Twitter followers that based on one theory, BTC could top out roughly 229% [\u2026] The post Analyst Who Called May 2021 Crypto Collapse Says Case for $135,000 Bitcoin in Play appeared first on The Daily Hodl.", "source_name": "The Daily Hodl", "date": "Wed, 13 Apr 2022 16:00:55 -0400", "topics": [], "sentiment": "Positive", "type": "Article", "tickers": ["BTC"]}, {"news_url": "https://bitcoinmagazine.com/business/pristine-collateral-with-bitcoin-backed-mortgages", "image_url": "https://crypto.snapi.dev/images/v1/3/m/bitcoin-grow-128956.jpg", "title": "Bitcoin-Backed Mortgages And Pristine Collateral Discussed At Bitcoin 2022", "text": "Bitcoin as an asset is a perfect form of collateral and will likely be used to provide financial backing for mortgages and other forms of debt.", "source_name": "Bitcoin Magazine", "date": "Wed, 13 Apr 2022 16:00:00 -0400", "topics": [], "sentiment": "Neutral", "type": "Article", "tickers": ["BTC"]}, {"news_url": "https://dailyhodl.com/2022/04/13/altcoins-close-to-being-obliterated-as-bitcoin-holds-on-to-historically-critical-support-level-crypto-analyst/", "image_url": "https://crypto.snapi.dev/images/v1/j/j/bitcoin-holds-on-historicallyjpgw1024-128954.jpg", "title": "Altcoins Close to Being \u2018Obliterated' As Bitcoin Holds On to Historically Critical Support Level: Crypto Analyst", "text": "A widely followed crypto analyst is warning traders that altcoins are close to being eviscerated as leading digital asset Bitcoin (BTC) gets close to dipping below key support levels. Kevin Svenson tells his 101,000 Twitter followers that while Bitcoin and Ethereum face downside risk, altcoins stand to take the brunt of a further market correction. [\u2026] The post Altcoins Close to Being \u2018Obliterated' As Bitcoin Holds On to Historically Critical Support Level: Crypto Analyst appeared first on The Daily Hodl.", "source_name": "The Daily Hodl", "date": "Wed, 13 Apr 2022 15:55:43 -0400", "topics": ["tanalysis"], "sentiment": "Neutral", "type": "Article", "tickers": ["BTC"]}, {"news_url": "https://news.bitcoin.com/ethereum-dev-says-the-merge-could-be-delayed-a-few-months-strongly-suggests-not-investing-in-eth-mining-rigs/", "image_url": "https://crypto.snapi.dev/images/v1/s/h/shutterstock-1984794599-128947.jpg", "title": "Ethereum Dev Says The Merge Could Be Delayed a Few Months, \u2018Strongly Suggests' Not Investing in ETH Mining Rigs", "text": "According to Ethereum developer Tim Beiko, The Merge is likely to be pushed to the third quarter of 2022. Despite the delay, Beiko also said he \u201cstrongly suggests not investing more in mining equipment at this point.\u201d The Merge May be Delayed, Ethereum Hashrate Taps New ATH Four days ago, Bitcoin.com News reported on ethereum [\u2026]", "source_name": "Bitcoin", "date": "Wed, 13 Apr 2022 15:30:38 -0400", "topics": ["mining"], "sentiment": "Neutral", "type": "Article", "tickers": ["ETH"]}, {"news_url": "https://cryptopotato.com/mexican-senator-proposes-cbdc-legislation-after-promising-bitcoin-legal-tender-bill/", "image_url": "https://crypto.snapi.dev/images/v1/i/f/mexico-128943.jpg", "title": "Mexican Senator Proposes CBDC Legislation After Promising Bitcoin Legal Tender Bill", "text": "Senator Kempis, who appeared at this year's Bitcoin Conference, wants digital currency in Mexico to be issued by the central bank.\u00a0", "source_name": "CryptoPotato", "date": "Wed, 13 Apr 2022 15:24:23 -0400", "topics": ["regulations"], "sentiment": "Positive", "type": "Article", "tickers": ["BTC"]}, {"news_url": "https://www.youtube.com/watch?v=gOCmljjJUBs", "image_url": "https://crypto.snapi.dev/images/v1/l/w/ethereum-128020-128949.jpg", "title": "Blockchain Brawlers earns $357M in one week, Ethereum merge delayed: CNBC Crypto World", "text": "CNBC Crypto World features the latest news and daily trading updates from the digital currency markets and provides viewers with a look at what's ahead with high-profile interviews, explainers, and unique stories from the ever-changing crypto industry. On today's show, Worldwide Asset eXchange CEO William Quigley explains the Blockchain Brawlers game, and how its blockchain network differs from the one exploited in the $600 million Axie Infinity hack.", "source_name": "CNBC Television", "date": "Wed, 13 Apr 2022 15:23:54 -0400", "topics": [], "sentiment": "Neutral", "type": "Video", "tickers": ["ETH"]}, {"news_url": "https://decrypt.co/97752/metamask-institutional-adds-ethereum-gnosis-safe-custody-options-for-daos-and-defi", "image_url": "https://crypto.snapi.dev/images/v1/n/s/metamask-logo-e1649877080553-gid-7-128942.png", "title": "MetaMask Institutional Adds Ethereum Gnosis Safe, Custody Options for DAOs and DeFi", "text": "The institutional version of ConsenSys's MetaMask can now be used for Gnosis Safe, Hex Trust, Parfin, and GK8.", "source_name": "Decrypt", "date": "Wed, 13 Apr 2022 15:23:24 -0400", "topics": ["institutions"], "sentiment": "Positive", "type": "Article", "tickers": ["ETH", "GNO", "MSKT"]}, {"news_url": "https://investorplace.com/2022/04/ethereum-merge-looks-toward-q3-rollout-after-another-delay/", "image_url": "https://crypto.snapi.dev/images/v1/t/i/crypto1-128938.jpg", "title": "Ethereum Merge Looks Toward Q3 Rollout After Another Delay", "text": "The Ethereum Merge just got pushed back once again, with developers looking at a Q3 timeline for deployment.", "source_name": "Investorplace", "date": "Wed, 13 Apr 2022 15:12:29 -0400", "topics": [], "sentiment": "Negative", "type": "Article", "tickers": ["ETH"]}, {"news_url": "https://bitcoinmagazine.com/markets/pro-bitcoin-mexican-senator-proposes-cbdc-legislation", "image_url": "https://crypto.snapi.dev/images/v1/o/w/mexicos-proposed-crypto-laws-create-new-barriers-for-exchanges-128937.jpg", "title": "Pro-Bitcoin Mexican Senator Proposes CBDC Legislation", "text": "Senator Kempis' draft bill calls for a central bank digital currency to be legal tender in Mexico and claims state intervention is native to human rights.", "source_name": "Bitcoin Magazine", "date": "Wed, 13 Apr 2022 15:11:28 -0400", "topics": ["regulations"], "sentiment": "Positive", "type": "Article", "tickers": ["BTC"]}, {"news_url": "https://bitcoinist.com/data-bitcoin-selling-on-binance-weakening-recently/", "image_url": "https://crypto.snapi.dev/images/v1/n/b/kanchanara-5ixvd22x22o-unsplash-631x420-128932.jpg", "title": "Data Shows Bitcoin Selling On Binance Has Been Weakening Recently", "text": "On-chain data shows Bitcoin selling on the crypto exchange Binance has started to weaken in recent weeks as outflows have shot up. Binance Has Observed Negative Bitcoin Netflows Recently As pointed out by an analyst in a CryptoQuant post, the world's largest crypto exchange by trading volume, Binance, has seen a decline in BTC dumping [\u2026]", "source_name": "Bitcoinist", "date": "Wed, 13 Apr 2022 15:00:47 -0400", "topics": [], "sentiment": "Negative", "type": "Article", "tickers": ["BTC"]}, {"news_url": "https://www.newsbtc.com/news/bitcoin/can-the-600-day-ma-support-line-push-bitcoin-again/", "image_url": "https://crypto.snapi.dev/images/v1/k/g/bitcoin-now-or-neverjpgfit10242c600ssl1-128481-128931.jpg", "title": "Can The 600-Day MA Support Line Push Bitcoin Again?", "text": "Charts show the Bitcoin 600-day moving average (MA) has once again met with the BTC price curve, will the line act as support for the crypto once again? Bitcoin Price Curve Is Once Again Touching The 600-Day MA As pointed out by an analyst in a CryptoQuant post, the BTC price has once more dropped down to the 600-day MA support line.", "source_name": "NewsBTC", "date": "Wed, 13 Apr 2022 15:00:32 -0400", "topics": [], "sentiment": "Neutral", "type": "Article", "tickers": ["BTC"]}, {"news_url": "https://cryptoslate.com/75-of-bitcoin-wallets-are-in-profit-despite-bearish-market/", "image_url": "https://crypto.snapi.dev/images/v1/b/y/image-2022-04-13-211700535-128930.png", "title": "75% of Bitcoin wallets are in profit despite bearish market", "text": "Available data from Glassnode shows that around 75% of wallets holding Bitcoin (BTC) are in profit despite the value of the flagship asset falling a long way from its ATH to below the $40k mark recently. The post 75% of Bitcoin wallets are in profit despite bearish market appeared first on CryptoSlate.", "source_name": "CryptoSlate", "date": "Wed, 13 Apr 2022 15:00:28 -0400", "topics": [], "sentiment": "Positive", "type": "Article", "tickers": ["BTC"]}, {"news_url": "https://crypto.news/ethereum-2-merge-june-project-developer/", "image_url": "https://crypto.snapi.dev/images/v1/a/t/scaling-solutions-emerge-as-ethereum-gas-fees-remain-high-128941.jpg", "title": "Ethereum 2 Merge Not Happening in June, Project Developer Says", "text": "Earlier this week, Tim Beiko tweeted that Ethereum 2 merge is unlikely to happen in June. However, he mentioned that the transition would occur a few months after June.", "source_name": "Crypto news", "date": "Wed, 13 Apr 2022 15:00:00 -0400", "topics": [], "sentiment": "Neutral", "type": "Article", "tickers": ["ETH"]}, {"news_url": "https://www.crypto-reporter.com/newsfeed/bigg-digital-assets-inc-treasury-now-exceeds-575-bitcoins-29369/", "image_url": "https://crypto.snapi.dev/images/v1/8/4/840-ahr0chm6ly9zmy5jb2ludgvszwdyyxbolmnvbs91cgxvywrzlziwmjitmdqvnjg4mzhknguty2zkzi00ymjjltg5ntatyje0m2zhn2exotg3lmpwzw-128499-128935.jpg", "title": "BIGG Digital Assets Inc. Treasury Now Exceeds 575 Bitcoins", "text": "VANCOUVER, British Columbia, April 13, 2022 (GLOBE NEWSWIRE) -- BIGG Digital Assets Inc. (\"BIGG'' or the \"Company\")(CSE: BIGG; OTCQX: BBKCF; WKN: A2PS9W), owner of Netcoins (Netcoins.ca) (\u201cNetcoins\u201d), the online cryptocurrency brokerage that makes it...", "source_name": "Crypto Reporter", "date": "Wed, 13 Apr 2022 14:59:41 -0400", "topics": ["bitcoin", "regulations"], "sentiment": "Neutral", "type": "Article", "tickers": ["BTC"]}, {"news_url": "https://dailyhodl.com/2022/04/13/is-bitcoin-following-an-early-90s-stock-market-pattern-crypto-analysts-make-bullish-case-for-btc/", "image_url": "https://crypto.snapi.dev/images/v1/j/r/bitcoin-early-90sjpegw1024-128928.jpg", "title": "Is Bitcoin Following an Early 90s Stock Market Pattern? Crypto Analysts Make Bullish Case for BTC", "text": "Crypto analysts are theorizing the latest Bitcoin (BTC) correction could be part of a longer-term pattern that precedes major price appreciation. In a new tweet, the popular pseudonymous analyst TechDev shows his 383,000 Twitter followers a chart bearing striking similarities between the Dow Jones Industrial Average (DJI) in 1991 and Bitcoin today. Both charts show [\u2026] The post Is Bitcoin Following an Early 90s Stock Market Pattern? Crypto Analysts Make Bullish Case for BTC appeared first on The Daily Hodl.", "source_name": "The Daily Hodl", "date": "Wed, 13 Apr 2022 14:45:34 -0400", "topics": [], "sentiment": "Positive", "type": "Article", "tickers": ["BTC"]}, {"news_url": "https://www.youtube.com/watch?v=XwgnWdc6UPY", "image_url": "https://crypto.snapi.dev/images/v1/6/a/840-ahr0chm6ly9zmy5jb2ludgvszwdyyxbolmnvbs91cgxvywrzlziwmjitmdqvndyyztm1m2utyzlhms00zgi1lwizn2ity2rhnjlmnze2ytzjlmpwzw-128303-128929.jpg", "title": "From a crypto investor standpoint, we're still in growth mode, says BlockTower's Bucella", "text": "Michael Bucella, BlockTower partner, joins 'The Exchange' to discuss crypto. He says, medium- to long-term investment is a great area to accumulate, but in the near term it'll be choppy.", "source_name": "CNBC Television", "date": "Wed, 13 Apr 2022 14:45:02 -0400", "topics": [], "sentiment": "Positive", "type": "Video", "tickers": ["BTC", "ETH", "MATIC", "SOL"]}, {"news_url": "https://bitcoinmagazine.com/markets/brazil-bitcoin-bill-moves-forward", "image_url": "https://crypto.snapi.dev/images/v1/j/a/snapcard-ceo-2016-will-be-a-humongous-year-for-bitcoin-in-brazil-128920.jpg", "title": "Brazil Is Now One Step Closer To Regulating Bitcoin", "text": "The country is favoring a single Bitcoin and cryptocurrency legislation in an effort to enact it by the first half of 2022.", "source_name": "Bitcoin Magazine", "date": "Wed, 13 Apr 2022 14:23:06 -0400", "topics": ["regulations"], "sentiment": "Neutral", "type": "Article", "tickers": ["BTC"]}, {"news_url": "https://decrypt.co/97740/luna-foundation-guard-adds-another-100-million-in-bitcoin-to-back-terra", "image_url": "https://crypto.snapi.dev/images/v1/j/k/terra-ust-luna-gid-5-128919.png", "title": "Luna Foundation Guard Adds Another $100 Million in Bitcoin to Back Terra", "text": "The nonprofit is converting stablecoin reserves from LUNA into BTC.", "source_name": "Decrypt", "date": "Wed, 13 Apr 2022 14:14:15 -0400", "topics": [], "sentiment": "Positive", "type": "Article", "tickers": ["BTC", "LUNA"]}, {"news_url": "https://www.newsbtc.com/news/bitcoin/bitcoin-mimics-market-sentiment/", "image_url": "https://crypto.snapi.dev/images/v1/c/u/bitcoin-market-cycle-istock-1201823658-128915.jpeg", "title": "Bitcoin Mimics Textbook Market Sentiment Cycle, What Happens When Confidence Returns?", "text": "Markets are cyclical and go through alternating periods of positive and negative sentiment, with price action following the tone across the market. Although these changes appear to be difficult to predict, Bitcoin price is currently following a textbook market sentiment cycle chart from the book The Nature of Risk.", "source_name": "NewsBTC", "date": "Wed, 13 Apr 2022 14:07:56 -0400", "topics": [], "sentiment": "Neutral", "type": "Article", "tickers": ["BTC"]}, {"news_url": "https://beincrypto.com/around-60-of-bitcoin-holders-are-in-profit/", "image_url": "https://crypto.snapi.dev/images/v1/a/u/bitcoin-holing-128917.png", "title": "Around 60% of Bitcoin Holders Are in Profit Despite the Current Bearish Price Action", "text": "Looks like the Bitcoin plunge isn't as bad as the holders witnessed in the past cycles as majority of holders remain in profit. The post Around 60% of Bitcoin Holders Are in Profit Despite the Current Bearish Price Action appeared first on BeInCrypto.", "source_name": "BeInCrypto", "date": "Wed, 13 Apr 2022 14:01:00 -0400", "topics": [], "sentiment": "Positive", "type": "Article", "tickers": ["BTC"]}, {"news_url": "https://coingape.com/?p=108543", "image_url": "https://crypto.snapi.dev/images/v1/7/b/bitcoin-whalepg-128904.jpg", "title": "Bitcoin Whale Activity At A Staggering Level", "text": "Bitcoin whales often set the trend of the crypto market with their activity, marking tops and bottoms. The class of investors may be doing just that at the moment according to data from Santiment.", "source_name": "Coingape", "date": "Wed, 13 Apr 2022 13:45:14 -0400", "topics": ["whales"], "sentiment": "Neutral", "type": "Article", "tickers": ["BTC"]}, {"news_url": "https://www.cryptopolitan.com/bitcoin-ethereum-bitcoin-sv-and-chiliz-daily-price-analyses-13-april-morning-pirce-prediction/", "image_url": "https://crypto.snapi.dev/images/v1/k/i/roundup-1140-x-570-2022-mar-allcoins-2-128905.png", "title": "Bitcoin, Ethereum, Bitcoin SV, and Chiliz Daily Price Analyses \u2013 13 April Morning Pirce Prediction", "text": "TL;DR Breakdown The global crypto market fluctuates in value, shedding 1.79% over the last 24 hours. Bitcoin changes direction soon after it turns bullish, depreciating 0.86% in 24 hours.", "source_name": "Cryptopolitan", "date": "Wed, 13 Apr 2022 13:45:04 -0400", "topics": [], "sentiment": "Neutral", "type": "Article", "tickers": ["BSV", "BTC", "CHZ", "ETH"]}, {"news_url": "https://bitcoinist.com/robinhood-trading-platform-lists-shib-sol/", "image_url": "https://crypto.snapi.dev/images/v1/n/n/robinhood-630x420-128899.jpg", "title": "Robinhood Trading Platform Lists SHIB, SOL Alongside COMP and MATIC", "text": "American financial service company Robinhood lists four new cryptocurrencies on its trading platform. These include dog-themed Shiba Inu coin (SHIB), Ethereum killer Solana (SOL), finance token Compound (COMP), and Polygon (MATIC).", "source_name": "Bitcoinist", "date": "Wed, 13 Apr 2022 13:33:09 -0400", "topics": [], "sentiment": "Positive", "type": "Article", "tickers": ["COMP", "MATIC", "SHIB", "SOL"]}, {"news_url": "https://cointelegraph.com/news/price-analysis-4-13-btc-eth-bnb-sol-xrp-ada-luna-avax-dot-doge", "image_url": "https://crypto.snapi.dev/images/v1/w/u/840-ahr0chm6ly9zmy5jb2ludgvszwdyyxbolmnvbs91cgxvywrzlziwmjitmdqvzmuzotqxnmetnmm0os00mtuylweyodmtnzbjmdiwyzhhzjrklmpwzw-128896.jpg", "title": "Price analysis 4/13: BTC, ETH, BNB, SOL, XRP, ADA, LUNA, AVAX, DOT, DOGE", "text": "Bitcoin and altcoins are attempting a recovery, but the bulls are likely to encounter stiff resistance at higher levels.", "source_name": "Cointelegraph", "date": "Wed, 13 Apr 2022 13:29:06 -0400", "topics": ["tanalysis"], "sentiment": "Neutral", "type": "Article", "tickers": ["ADA", "AVAX", "BNB", "BTC", "DOGE", "ETH", "LUNA", "SOL", "XRP", "DOT"]}, {"news_url": "https://cointelegraph.com/news/xrp-price-bounces-to-0-72-but-still-risks-new-lows-in-april-here-s-why", "image_url": "https://crypto.snapi.dev/images/v1/s/3/840-ahr0chm6ly9zmy5jb2ludgvszwdyyxbolmnvbs91cgxvywrzlziwmjitmdqvzdu4zju0zjytm2zizc00nge3ltk0ogutytnkzji0mzy4yzc2lmpwzw-128895.jpg", "title": "XRP price bounces to $0.72 but still risks new lows in April \u2014 here's why", "text": "XRP risks plunging to $0.50 in April as it breaks out of a classic bearish continuation structure.", "source_name": "Cointelegraph", "date": "Wed, 13 Apr 2022 13:15:00 -0400", "topics": [], "sentiment": "Positive", "type": "Article", "tickers": ["XRP"]}, {"news_url": "https://www.dcforecasts.com/bitcoin-news/btc-mining-competition-surges-despite-drop-in-on-chain-activity/", "image_url": "https://crypto.snapi.dev/images/v1/9/f/33378320138-620e66e3fd-b-128892.jpg", "title": "BTC Mining Competition Surges Despite Drop In On-Chain Activity", "text": "BTC mining competition surges despite the recent drop in on-chain activity and the transaction count and fees are both down so let's read more in today's latest Bitcoin news. Bitcoin's rising hash power flies in the face of the bear market according to the data from Glassnode.", "source_name": "DCForecasts", "date": "Wed, 13 Apr 2022 13:06:38 -0400", "topics": ["mining"], "sentiment": "Positive", "type": "Article", "tickers": ["BTC"]}, {"news_url": "https://dailyhodl.com/2022/04/13/here-are-two-bullish-scenarios-for-bitcoin-after-failed-btc-breakout-according-to-top-crypto-analyst/", "image_url": "https://crypto.snapi.dev/images/v1/7/u/bullish-scenarios-for-btcjpegw1024-128884.jpg", "title": "Here Are Two Bullish Scenarios for Bitcoin After Failed BTC Breakout, According to Top Crypto Analyst", "text": "A top crypto strategist is unveiling two possible scenarios where bulls can regain control of Bitcoin (BTC) after a failed breakout above $44,000. In a new strategy session, pseudonymous crypto analyst Cred says that momentum is on the side of the bears after Bitcoin failed to sustain its rally despite a \u201cflurry of public buying.\u201d [\u2026] The post Here Are Two Bullish Scenarios for Bitcoin After Failed BTC Breakout, According to Top Crypto Analyst appeared first on The Daily Hodl.", "source_name": "The Daily Hodl", "date": "Wed, 13 Apr 2022 12:55:26 -0400", "topics": [], "sentiment": "Positive", "type": "Article", "tickers": ["BTC"]}, {"news_url": "https://investorplace.com/2022/04/xrp-price-predictions-where-will-ripples-latest-sec-win-take-the-xrp-crypto/", "image_url": "https://crypto.snapi.dev/images/v1/w/t/xrp-4-128094-128883.jpg", "title": "XRP Price Predictions: Where Will Ripple's Latest SEC Win Take the XRP Crypto?", "text": "XRP (XRP) is moving Wednesday after Ripple claimed another win in its SEC lawsuit and we're checking out price predictions for the crypto.", "source_name": "Investorplace", "date": "Wed, 13 Apr 2022 12:46:15 -0400", "topics": ["regulations"], "sentiment": "Positive", "type": "Article", "tickers": ["XRP"]}, {"news_url": "https://investorplace.com/2022/04/ethereum-could-see-a-huge-gain-in-76-days-when-proof-of-stake-is-implemented/", "image_url": "https://crypto.snapi.dev/images/v1/p/n/crypto16-128881.jpg", "title": "Ethereum Countdown: 76 Days Until Ethereum Becomes a Proof of Stake Blockchain", "text": "76 days until Ethereum becomes a proof of stake blockchain. Ethereum could get a massive boost when the blockchain changes to ETH2 and proof-of-stake validation and cuts its rewards to miners.", "source_name": "Investorplace", "date": "Wed, 13 Apr 2022 12:45:43 -0400", "topics": [], "sentiment": "Neutral", "type": "Article", "tickers": ["ETH"]}, {"news_url": "https://www.youtube.com/watch?v=cofuAVZ2za4", "image_url": "https://crypto.snapi.dev/images/v1/0/f/bitcoin-climbs-above-crucial-40000-mark-as-fed-ponders-interest-rate-hike-128128-128557-128934.jpg", "title": "Bitcoin Jumps Above $41k Rising With Nasdaq and S&P 500", "text": "\"All About Bitcoin\" host Christine Lee speaks to CoinDesk Markets Reporter Damanick Dantes as bitcoin soaring above $41,000 in broader market rally. Plus, how BitPay is boosting bitcoin payments via Lightning Network-enabled wallets.", "source_name": "Coindesk", "date": "Wed, 13 Apr 2022 12:32:54 -0400", "topics": [], "sentiment": "Positive", "type": "Video", "tickers": ["BTC"]}, {"news_url": "https://news.bitcoin.com/luna-foundation-buys-2508-bitcoin-for-100-million-stash-is-only-495-btc-away-from-teslas-balance/", "image_url": "https://crypto.snapi.dev/images/v1/q/4/shutterstock-2142393107-128876.jpg", "title": "Luna Foundation Buys 2,508 Bitcoin for $100 Million, Stash Is Only 495 BTC Away From Tesla's Balance", "text": "On April 13, Terra's Luna Foundation Guard (LFG) acquired 2,508.94 bitcoin worth close to $100 million at the time of settlement. The purchase follows the 4,130 bitcoin LFG scooped up three days ago, and LFG's wallet is now just over 495 bitcoin away from surpassing Tesla's bitcoin treasury stash. Luna Foundation Adds More Bitcoin to [\u2026]", "source_name": "Bitcoin", "date": "Wed, 13 Apr 2022 12:30:00 -0400", "topics": [], "sentiment": "Positive", "type": "Article", "tickers": ["BTC", "LUNA"]}, {"news_url": "https://u.today/ethereums-developer-shares-new-timeline-of-its-merge?SNAPI", "image_url": "https://crypto.snapi.dev/images/v1/p/i/14065-128875.jpg", "title": "Ethereum's Developer Shares New Timeline of Its Merge", "text": "Seasoned Ethereum (ETH) developer Tim Beiko shared his views on much-anticipated PoW/PoS merge", "source_name": "UToday", "date": "Wed, 13 Apr 2022 12:29:00 -0400", "topics": [], "sentiment": "Neutral", "type": "Article", "tickers": ["ETH"]}], "total_pages": 42}