{"data": [{"news_url": "https://finbold.com/labor-department-has-grave-concerns-over-fidelitys-plan-to-allow-bitcoin-into-401k-accounts/?SNAPI", "image_url": "https://crypto.snapi.dev/images/v1/r/a/raphael-wild-gd0ou6fgsnk-unsplash-630x420-134593-134796.jpg", "title": "Labor Department has \u2018grave concerns' over Fidelity's plan to allow Bitcoin into 401(k) accounts", "text": "According to a senior administrator at the U.S. Labor Department, the proposal by Fidelity Investments to enable clients to put.", "source_name": "Finbold", "date": "Fri, 29 Apr 2022 04:26:30 -0400", "topics": [], "sentiment": "Negative", "type": "Article", "tickers": ["BTC"]}, {"news_url": "https://u.today/120-million-worth-of-shorts-liquidated-as-bitcoin-teases-return-to-40000?SNAPI", "image_url": "https://crypto.snapi.dev/images/v1/t/z/14397-134781.jpg", "title": "$120 Million Worth of Shorts Liquidated as Bitcoin Teases Return to $40,000", "text": "As market got a chance at recovery, massive volume of short orders were liquidated", "source_name": "UToday", "date": "Fri, 29 Apr 2022 04:24:00 -0400", "topics": [], "sentiment": "Negative", "type": "Article", "tickers": ["BTC"]}, {"news_url": "https://en.cryptonomist.ch/2022/04/29/btcs-price-predictable/", "image_url": "https://crypto.snapi.dev/images/v1/a/e/futuristic-3d-rendering-bitcoin-sign-purple-background-1-300x200-134779.jpg", "title": "Is BTC's Price Even Predictable?", "text": "Which main factors influence Bitcoin's price?", "source_name": "The Cryptonomist", "date": "Fri, 29 Apr 2022 04:10:23 -0400", "topics": [], "sentiment": "Neutral", "type": "Article", "tickers": ["BTC"]}, {"news_url": "https://en.cryptonomist.ch/2022/04/29/singularitynet-bridge-between-ethereum-cardano/", "image_url": "https://crypto.snapi.dev/images/v1/x/r/singularitynet-300x153-134780.jpg", "title": "SingularityNET, new bridge between Ethereum and Cardano", "text": "This will allow AGIX and NTX tokens to be converted from Ethereum to Cardano, and vice versa", "source_name": "The Cryptonomist", "date": "Fri, 29 Apr 2022 03:59:24 -0400", "topics": [], "sentiment": "Neutral", "type": "Article", "tickers": ["ADA", "ETH", "AGI"]}, {"news_url": "https://cryptonews.com/news/goldman-sachs-confirms-it-granted-a-lender-a-bitcoin-backed-loan.htm", "image_url": "https://crypto.snapi.dev/images/v1/w/e/adobestock-yurii-kibalnik-1-1-134772.jpg", "title": "Goldman Sachs Confirms It Granted a Lender a Bitcoin-backed Loan", "text": "The American investment banking heavyweight Goldman Sachs has granted a customer a cash loan backed by bitcoin (BTC).", "source_name": "Cryptonews", "date": "Fri, 29 Apr 2022 03:47:00 -0400", "topics": [], "sentiment": "Neutral", "type": "Article", "tickers": ["BTC"]}, {"news_url": "https://news.bitcoin.com/riot-blockchain-is-constructing-a-1-gw-bitcoin-mining-facility-in-navarro-county-texas/", "image_url": "https://crypto.snapi.dev/images/v1/1/m/shutterstock-2137386257-134769.jpg", "title": "Riot Blockchain Is Constructing a 1 GW Bitcoin Mining Facility in Navarro County, Texas", "text": "The publicly listed bitcoin miner Riot Blockchain has announced the company has started development on a 1 gigawatt (GW) bitcoin mining facility in Navarro County, Texas. The development of 400 megawatts (MW) of capacity has been initiated on the 265-acre site and the team hopes to have bitcoin mining and hosting capabilities online by next [\u2026]", "source_name": "Bitcoin", "date": "Fri, 29 Apr 2022 03:30:09 -0400", "topics": ["mining"], "sentiment": "Neutral", "type": "Article", "tickers": ["BTC"]}, {"news_url": "https://beincrypto.com/bitcoin-btc-briefly-jumps-above-40000-before-rejection/", "image_url": "https://crypto.snapi.dev/images/v1/w/j/bic-btc-onchain-analysisjpgoptimal-134766.jpg", "title": "Bitcoin (BTC) Briefly Jumps Above $40,000 Before Rejection", "text": "Bitcoin (BTC) has reclaimed an important short-term horizontal level but is trading in a bearish pattern, from which it could break down. The post Bitcoin (BTC) Briefly Jumps Above $40,000 Before Rejection appeared first on BeInCrypto.", "source_name": "BeInCrypto", "date": "Fri, 29 Apr 2022 03:21:56 -0400", "topics": [], "sentiment": "Neutral", "type": "Article", "tickers": ["BTC"]}, {"news_url": "https://coinpedia.org/bitcoin/bitcoin-btc-price-may-drop-by-50-to-hit-25000-soon-deadly-death-cross-is-round-the-corner/", "image_url": "https://crypto.snapi.dev/images/v1/d/u/crypto1-134763.jpg", "title": "Bitcoin (BTC) Price May Drop by 50% to Hit $25,000 Soon! Deadly Death Cross is Round the Corner", "text": "Bitcoin price after it slashed from $44K, began its rebound along an uptrend line. The price sliced through the trend line and ignited a significant bearish trend. Moreover, each attempt of the price regaining the levels failed, hence stuck up in a deep bearish well.\u00a0 A huge possibility of the BTC price shedding more than \u2026", "source_name": "CoinPedia", "date": "Fri, 29 Apr 2022 03:11:17 -0400", "topics": [], "sentiment": "Negative", "type": "Article", "tickers": ["BTC"]}, {"news_url": "https://dailyhodl.com/2022/04/29/mysterious-bitcoin-whale-acquires-more-than-70000000-in-btc-in-just-one-week/", "image_url": "https://crypto.snapi.dev/images/v1/6/d/mysterious-bitcoin-whale-1jpgw1024-134762.jpg", "title": "Mysterious Bitcoin Whale Acquires More Than $71,000,000 in BTC in Just One Week", "text": "The third-largest Bitcoin (BTC) whale in the crypto world continues to feast as it makes more massive purchases of BTC. Data-tracking website BitInfoCharts says that this same whale is the biggest non-exchange entity in existence and has acquired a staggering 1,800 BTC in the past seven days. With Bitcoin currently trading for $39,854, the whale's [\u2026] The post Mysterious Bitcoin Whale Acquires More Than $71,000,000 in BTC in Just One Week appeared first on The Daily Hodl.", "source_name": "The Daily Hodl", "date": "Fri, 29 Apr 2022 03:04:50 -0400", "topics": ["whales"], "sentiment": "Positive", "type": "Article", "tickers": ["BTC"]}, {"news_url": "https://www.coindesk.com/policy/2022/04/29/us-labor-department-has-grave-concerns-about-fidelitys-plan-for-bitcoin-in-401k-retirement-plans-wall-street-journal-reports/", "image_url": "https://crypto.snapi.dev/images/v1/o/5/c5eotarbxjdklp7r7f5h6gbefq-134760.png", "title": "US Labor Department Has \u2018Grave Concerns' About Fidelity's Plan for Bitcoin in 401(k) Retirement Plans, Wall Street Journal Reports", "text": "The Labor Department is scheduled to meet with Fidelity to express concerns.", "source_name": "Coindesk", "date": "Fri, 29 Apr 2022 02:44:00 -0400", "topics": [], "sentiment": "Negative", "type": "Article", "tickers": ["BTC"]}, {"news_url": "https://bitcoinist.com/panama-follows-el-salvador-as-it-plans-to-adopt-bitcoin-and-other-crypto-like-xdc-network-as-legal-tender/", "image_url": "https://crypto.snapi.dev/images/v1/w/y/panama-canal-g276b58885-1920-629x420-134755.jpg", "title": "Panama Follows El Salvador as it Plans to Adopt Bitcoin and other crypto like XDC Network as Legal Tender", "text": "Cryptocurrency adoption throughout the world is growing quickly. Panama follows in the footsteps of other Central American countries like El Salvador, Lugano, and Honduras Prospera.", "source_name": "Bitcoinist", "date": "Fri, 29 Apr 2022 02:33:14 -0400", "topics": [], "sentiment": "Positive", "type": "Article", "tickers": ["BTC", "XDC"]}, {"news_url": "https://ambcrypto.com/report-ethereum-still-wears-the-nft-crown-but-could-solana-be-next-in-line/", "image_url": "https://crypto.snapi.dev/images/v1/q/k/gabriela-gomez-3nxyodgx254-unsplash-2-134754.jpg", "title": "Report: Ethereum still wears the NFT crown, but could Solana be next in line", "text": "Despite the NFT boom of 2021 making it clear that apes and punks are here to stay \u2013 at least for a little while longer \u2013 NFTs are still a source of furious debate and analysis in the crypto community. Are they investments meant to be flipped, or the digital versions of designer art?", "source_name": "AMBCrypto", "date": "Fri, 29 Apr 2022 02:30:14 -0400", "topics": ["NFT"], "sentiment": "Positive", "type": "Article", "tickers": ["ETH", "SOL"]}, {"news_url": "https://cryptopotato.com/goldman-sachs-offers-its-first-bitcoin-backed-loan/", "image_url": "https://crypto.snapi.dev/images/v1/d/3/goldmanbitcoin-134752.jpg", "title": "Goldman Sachs Offers Its First Bitcoin-Backed Loan", "text": "Wall Street banking giant Goldman Sachs has announced its first-ever lending facility that has been backed by Bitcoin.", "source_name": "CryptoPotato", "date": "Fri, 29 Apr 2022 02:18:45 -0400", "topics": [], "sentiment": "Neutral", "type": "Article", "tickers": ["BTC"]}, {"news_url": "https://cryptodaily.co.uk/2022/04/portal-partners-up-with-mintlayer-to-boost-defi-on-bitcoin", "image_url": "https://crypto.snapi.dev/images/v1/8/j/portal-and-mintlayer-partnership-134748.jpg", "title": "Portal Partners With Mintlayer To Boost DeFi on Bitcoin", "text": "The Decentralized Finance (DeFi) market has grown to become a space worth more than $200 billion. Yet it continues to explode as developers find an innovative method to involve the participation of users from every corner of the crypto space.", "source_name": "Crypto Daily", "date": "Fri, 29 Apr 2022 01:47:16 -0400", "topics": [], "sentiment": "Positive", "type": "Article", "tickers": ["BTC"]}, {"news_url": "https://coinpedia.org/bitcoin/bitcoin-btc-price-to-likely-crash-below-30k-if-this-scenario-plays-out/", "image_url": "https://crypto.snapi.dev/images/v1/b/q/crypto17-134746.jpg", "title": "Bitcoin (BTC) Price To Likely Crash Below $30k If This Scenario Plays Out", "text": "Bitcoin's price was displaying an intriguing but severely bearish configuration, which had already been violated. As a result, investors should be cautious when it comes to BTC and altcoins, as a continuation of this trend could result in significant sell-offs. Bitcoin appeared to be forming a bear flag, which is a bearish continuation pattern. The \u2026", "source_name": "CoinPedia", "date": "Fri, 29 Apr 2022 01:36:46 -0400", "topics": [], "sentiment": "Negative", "type": "Article", "tickers": ["BTC"]}, {"news_url": "https://coinpedia.org/altcoin/this-is-when-you-should-buy-xrp-for-decent-gains/", "image_url": "https://crypto.snapi.dev/images/v1/g/q/xrp-131118-133476-134743.jpg", "title": "XRP Price Analysis: This is When You Should Buy XRP For Decent Gains", "text": "XRP has had a bad week, with a 13 percent drop in the last seven days. It has found support at $0.63 and now appears to be on the verge of entering a rally that might take it all the way to major resistance at $0.70, which served as support in early April. Because it \u2026", "source_name": "CoinPedia", "date": "Fri, 29 Apr 2022 00:49:38 -0400", "topics": ["tanalysis"], "sentiment": "Positive", "type": "Article", "tickers": ["XRP"]}, {"news_url": "https://coingape.com/?p=110863", "image_url": "https://crypto.snapi.dev/images/v1/f/e/bitcoin-donation-ukraine-134741.png", "title": "Finland Shall Be Selling \u20ac75 million Worth of Confiscated Bitcoins to Support Ukraine", "text": "Ever since Russia announced its invasion of Ukraine, the invaded country has been receiving strong donations in crypto to fund its war effort. Joining recently is the Nordic country of Finland which has vowed to donate \u201ctens of millions\u201d of Euros earned through the sale of confiscated Bitcoins.", "source_name": "Coingape", "date": "Fri, 29 Apr 2022 00:44:11 -0400", "topics": ["bitcoin"], "sentiment": "Neutral", "type": "Article", "tickers": ["BTC"]}, {"news_url": "https://cryptodaily.co.uk/2022/04/solana-ventures-invests-500k-ygg-sea", "image_url": "https://crypto.snapi.dev/images/v1/h/l/ygg-andm-solana-ventures-collaborate-134739.png", "title": "Solana Ventures Invests $500K in YGG SEA To Bolster GameFi in Southeast Asia", "text": "The gaming industry is one of the most successful and quickly growing industries, and along with it, the crypto space is growing just as quickly. Combine these two, and what you get is looking to become the next big thing since, with the explosion of NFTs and Metaverse, it already has the attention of crypto leaders.", "source_name": "Crypto Daily", "date": "Fri, 29 Apr 2022 00:35:47 -0400", "topics": [], "sentiment": "Positive", "type": "Article", "tickers": ["SOL"]}, {"news_url": "https://blockchain.news/news/investment-giant-goldman-sachs-offers-the-first-bitcoin-backed-lending-loan", "image_url": "https://crypto.snapi.dev/images/v1/v/5/bitcoincover-134534-134740.jpg", "title": "Investment Giant Goldman Sachs Offers the First Bitcoin-backed Lending Loan", "text": "Goldman Sachs announced to offer the first bitcoin-backed lending loan, lenders might make use of the bitcoin they own as cash collateral for this loan.", "source_name": "Blockchain News", "date": "Fri, 29 Apr 2022 00:35:00 -0400", "topics": [], "sentiment": "Positive", "type": "Article", "tickers": ["BTC"]}, {"news_url": "https://cryptonews.com/news/bitcoin-and-ethereum-remain-supported-bnb-moves-higher.htm", "image_url": "https://crypto.snapi.dev/images/v1/7/g/crypto15-130644-134725.jpg", "title": "Bitcoin and Ethereum Remain Supported, BNB Moves Higher", "text": "Bitcoin price started a fresh upside correction from the USD 38,500 zone and was able to surpass the USD 39,500 resistance level. It is currently (04:00 UTC) consolidating and eyeing an upside break above the USD 40,000 resistance. BTC is almost unchanged in a day and down almost 3% in a week.", "source_name": "Cryptonews", "date": "Fri, 29 Apr 2022 00:13:00 -0400", "topics": [], "sentiment": "Neutral", "type": "Article", "tickers": ["BNB", "BTC", "ETH"]}, {"news_url": "https://crypto.news/fort-worth-is-now-the-first-city-hosting-btc-mining-rigs-in-the-u-s/", "image_url": "https://crypto.snapi.dev/images/v1/s/x/belgian-mp-becomes-first-european-politician-to-accept-salary-in-bitcoin-134724.jpg", "title": "Fort Worth is Now the First City Hosting BTC Mining Rigs in the U.S.", "text": "After authorizing the plan to begin mining bitcoin as part of a new pilot project on Tuesday, Fort Worth has teamed up with Texas Blockchain Council(TBC) to put the plan of BTC Mining rigs into action.", "source_name": "Crypto news", "date": "Fri, 29 Apr 2022 00:00:00 -0400", "topics": ["mining"], "sentiment": "Positive", "type": "Article", "tickers": ["BTC"]}, {"news_url": "https://www.thecryptoupdates.com/if-bitcoin-does-not-transition-to-pos-no-one-will-use-it-solana-co-founder/", "image_url": "https://crypto.snapi.dev/images/v1/o/u/bitcoin-480x320-134722.jpeg", "title": "If Bitcoin does not transition to PoS, no one will use it: Solana, Co-Founder", "text": "Watcher Guru recently tweeted and shared the statement of Solanas's co-founder, Anatoly Yakovenko, who said that nobody will use Bitcoin until and unless it moves...", "source_name": "TCU", "date": "Thu, 28 Apr 2022 23:49:38 -0400", "topics": [], "sentiment": "Negative", "type": "Article", "tickers": ["BTC"]}, {"news_url": "https://coingape.com/?p=110860", "image_url": "https://crypto.snapi.dev/images/v1/r/q/bitcoin-mining2-134721.jpg", "title": "The 30-Day Drop in Bitcoin (BTC) Exchange Balance Hints At Upcoming Bull Run", "text": "Over the last week, the world's largest cryptocurrency Bitcoin (BTC) has flipped the $40,000 into resistance. As of press time, BTC is trading at $39,509 with a market cap of $751 billion.", "source_name": "Coingape", "date": "Thu, 28 Apr 2022 23:45:58 -0400", "topics": [], "sentiment": "Positive", "type": "Article", "tickers": ["BTC"]}, {"news_url": "https://cryptoslate.com/you-can-now-get-a-bitcoin-backed-mortgage-without-a-credit-score/", "image_url": "https://crypto.snapi.dev/images/v1/c/7/bitcoin-morgage-134719.jpg", "title": "You can now get a Bitcoin backed mortgage without a credit score", "text": "The Miami-based startup, Milo Credit, is offering Bitcoin-backed mortgages to allow people to purchase homes without selling their coins. The post You can now get a Bitcoin backed mortgage without a credit score appeared first on CryptoSlate.", "source_name": "CryptoSlate", "date": "Thu, 28 Apr 2022 23:31:16 -0400", "topics": [], "sentiment": "Neutral", "type": "Article", "tickers": ["BTC"]}, {"news_url": "https://www.newsbtc.com/analysis/btc/bitcoin-trengthening-case-decent-increase-40k/", "image_url": "https://crypto.snapi.dev/images/v1/y/j/shutterstock-638895124-134717.jpg", "title": "TA: Bitcoin Key Indicators Suggest Strengthening Case For Decent Increase", "text": "Bitcoin is showing positive signs above $39,500 against the US Dollar. BTC must clear $40,250 to continue higher in the near term.", "source_name": "NewsBTC", "date": "Thu, 28 Apr 2022 23:08:23 -0400", "topics": ["tanalysis"], "sentiment": "Positive", "type": "Article", "tickers": ["BTC"]}, {"news_url": "https://coingape.com/?p=110853", "image_url": "https://crypto.snapi.dev/images/v1/z/3/ethereum-whales-eth-price-134714.webp", "title": "S&P 500 Spike Triggers Ether To Surge Past $2,930", "text": "The crypto market has persisted in tracking the stock market closely. The trend has been recently noted in the market performance of Ethereum, the second-largest crypto by market cap.", "source_name": "Coingape", "date": "Thu, 28 Apr 2022 22:46:07 -0400", "topics": [], "sentiment": "Positive", "type": "Article", "tickers": ["ETH"]}, {"news_url": "https://crypto.news/bitcoin-millionaire-addresses-rise-steadily-in-past-2-months-as-ukraine-russia-feud-continues/", "image_url": "https://crypto.snapi.dev/images/v1/t/q/belgian-mp-becomes-first-european-politician-to-accept-salary-in-bitcoin-134706.jpg", "title": "Bitcoin Millionaire Addresses Rise Steadily in Past 2 Months as Ukraine-Russia Feud Continues", "text": "According to data tracker Santiment Feed, Bitcoin millionaire addresses have been rising amid the ongoing war in the past two months. The rise is majorly attributed to Bitcoin's resilient nature.", "source_name": "Crypto news", "date": "Thu, 28 Apr 2022 22:00:00 -0400", "topics": [], "sentiment": "Positive", "type": "Article", "tickers": ["BTC"]}, {"news_url": "https://www.newsbtc.com/news/bitcoin/bitcoin-nears-psychological-barrier-heres-what-to-look-out-for/", "image_url": "https://crypto.snapi.dev/images/v1/o/t/cryptocurrency-134705.jpg", "title": "Bitcoin Nears Psychological Barrier, Here's What To Look Out For", "text": "The cryptocurrency market has had another wild week, with the price of Bitcoin (BTC) hitting a new multi-month low of $37,700. The stock market also experienced a significant sell-off, owing to investor concerns over the size of the Federal Reserve's next rate hike.", "source_name": "NewsBTC", "date": "Thu, 28 Apr 2022 21:50:35 -0400", "topics": [], "sentiment": "Negative", "type": "Article", "tickers": ["BTC"]}, {"news_url": "https://thecurrencyanalytics.com/altcoins/ethereum-foundation-eth-holding-fiat-in-treasury-triggers-criticism-41120.php", "image_url": "https://crypto.snapi.dev/images/v1/h/c/ethereum-foundation-eth-holding-fiat-in-treasury-triggers-criticism-134704.jpg", "title": "Ethereum Foundation (ETH) Holding Fiat in Treasury Triggers Criticism", "text": "Catch up on the latest crypto market news at The Currency Analytics. Ethereum Foundation has been made fun of for holding some of its treasury in Fiat currency.", "source_name": "The Currency Analytics", "date": "Thu, 28 Apr 2022 21:49:54 -0400", "topics": ["regulations"], "sentiment": "Negative", "type": "Article", "tickers": ["ETH"]}, {"news_url": "https://cryptoslate.com/was-the-cia-behind-bitcoin-creator-satoshi-nakamotos-disappearance/", "image_url": "https://crypto.snapi.dev/images/v1/e/9/image-2022-04-28-205627511-134703.png", "title": "Was the CIA behind Bitcoin creator Satoshi Nakamoto's \u2018disappearance'?", "text": "Pete Rizzo, Editor at Bitcoin Magazine, made a tenuous link between Bitcoin developer Gavin Andresen's visit to the CIA in June 2011 and the disappearance of Satoshi Nakamoto. The post Was the CIA behind Bitcoin creator Satoshi Nakamoto's \u2018disappearance'?", "source_name": "CryptoSlate", "date": "Thu, 28 Apr 2022 21:31:17 -0400", "topics": [], "sentiment": "Neutral", "type": "Article", "tickers": ["BTC"]}, {"news_url": "https://bitcoinmagazine.com/culture/bitcoin-speaks-to-the-human-condition", "image_url": "https://crypto.snapi.dev/images/v1/i/t/img-7073-134702.png", "title": "Bitcoin Speaks To The Human Condition", "text": "Bitcoin will succeed not just because it is the best monetary technology, but because it is the money most aligned to principles fundamental to human nature.", "source_name": "Bitcoin Magazine", "date": "Thu, 28 Apr 2022 21:30:00 -0400", "topics": [], "sentiment": "Neutral", "type": "Article", "tickers": ["BTC"]}, {"news_url": "https://coinpedia.org/altcoin/bitcoinbtc-solana-sol-apecoin-ape-price-to-have-a-bouncy-run-in-coming-weeks/", "image_url": "https://crypto.snapi.dev/images/v1/n/u/crypto9-134701.jpg", "title": "Bitcoin(BTC), Solana (SOL) & Apecoin (APE) Price To Have a Bouncy Run in Coming Weeks", "text": "A closely followed crypto analyst who is pseudonymously known as Altcoin Sherpa, is taking a close look at charts to analyze the performance of Bitcoin, Solana, and ApeCoin. The crypto trader, Altcoin Sherpa took to Twitter to inform his 174,200 followers that if Bitcoin's higher low trends are maintained which takes us back towards late \u2026", "source_name": "CoinPedia", "date": "Thu, 28 Apr 2022 21:24:20 -0400", "topics": [], "sentiment": "Positive", "type": "Article", "tickers": ["APE", "BTC", "SOL"]}, {"news_url": "https://www.forbes.com/sites/cbovaird/2022/04/28/bitcoin-climbs-above-40000-but-struggles-to-stay-above-that-level/", "image_url": "https://crypto.snapi.dev/images/v1/l/e/bitcoin-climbs-above-40000-but-struggles-to-stay-above-that-level-134699.jpg", "title": "Bitcoin Climbs Above $40,000 But Struggles To Stay Above That Level", "text": "Bitcoin prices broke above $40,000, but they quickly retreated, before repeating this process multiple times. Analysts comment on what's next for the digital currency.", "source_name": "Forbes", "date": "Thu, 28 Apr 2022 21:07:02 -0400", "topics": [], "sentiment": "Positive", "type": "Article", "tickers": ["BTC"]}, {"news_url": "https://cointelegraph.com/news/goldman-sachs-offers-first-bitcoin-backed-loan-as-wall-street-embraces-crypto", "image_url": "https://crypto.snapi.dev/images/v1/3/n/840-ahr0chm6ly9zmy5jb2ludgvszwdyyxbolmnvbs91cgxvywrzlziwmjitmdqvowy2mtq0zdgtnti0mi00nti4lweyotitzdm0mdhkowu4zju2lmpwzw-134696.jpg", "title": "Goldman Sachs offers first Bitcoin-backed loan as Wall Street embraces crypto", "text": "Goldman Sachs has offered its first Bitcoin-backed loan, showing further signs of increased interest in cryptocurrency from Wall St institutions.", "source_name": "Cointelegraph", "date": "Thu, 28 Apr 2022 20:42:56 -0400", "topics": [], "sentiment": "Positive", "type": "Article", "tickers": ["BTC"]}, {"news_url": "https://ambcrypto.com/how-btc-eth-and-usdt-whales-are-reacting-to-russias-invasion-of-ukraine/", "image_url": "https://crypto.snapi.dev/images/v1/s/9/flavio-gasperini-gjkptkhni6y-unsplash-2-e1651153132377-134695.jpg", "title": "How BTC, ETH, and USDT whales are reacting to Russia's invasion of Ukraine", "text": "The economic side-effects of the Russia-Ukraine War impacted not just food and fuel worldwide, but also the performance of stocks across sectors. Furthermore, the war triggered the entry of new players in the crypto market.", "source_name": "AMBCrypto", "date": "Thu, 28 Apr 2022 20:30:34 -0400", "topics": ["whales"], "sentiment": "Neutral", "type": "Article", "tickers": ["BTC", "ETH", "USDT"]}, {"news_url": "https://cryptoticker.io/en/bitcoin-price-falls-below-40k-time-to-buy-btc/", "image_url": "https://crypto.snapi.dev/images/v1/f/g/bitcoin-network-134319-134693.png", "title": "Bitcoin Price falls below 40k, time to Buy BTC?", "text": "In this article, we look into the opportunity of buying Bitcoin at a price below $40,000, and try to assess where prices are headed towards.", "source_name": "CryptoTicker", "date": "Thu, 28 Apr 2022 20:05:27 -0400", "topics": [], "sentiment": "Negative", "type": "Article", "tickers": ["BTC"]}, {"news_url": "https://beincrypto.com/goldman-sachs-offers-its-first-bitcoin-backed-loan/", "image_url": "https://crypto.snapi.dev/images/v1/6/d/untitled-design-30-1-e1651189424521-134684.png", "title": "Goldman Sachs Offers First \u2018Bitcoin-Backed' Loan; Crypto-Backed Real Estate is Now a Thing.", "text": "On Thursday, Goldman Sachs offered its first bitcoin-backed loan to a borrower who was able to use their BTC as collateral for a cash loan. The post Goldman Sachs Offers First \u2018Bitcoin-Backed' Loan; Crypto-Backed Real Estate is Now a Thing.", "source_name": "BeInCrypto", "date": "Thu, 28 Apr 2022 19:45:42 -0400", "topics": [], "sentiment": "Positive", "type": "Article", "tickers": ["BTC"]}, {"news_url": "https://www.dcforecasts.com/altcoin-news/el-salvadors-chivo-wallet-is-not-widely-used-study-finds/", "image_url": "https://crypto.snapi.dev/images/v1/m/f/el-salvador-134771.png", "title": "El Salvador's Chivo Wallet Is Not Widely Used Study Finds", "text": "El Salvador's Chivo wallet is not widely used as the new study finds, despite the high initial interest so let's read more today in our latest cryptocurrency news. The usage for Bitcoin transactions is low and concentrated among certain demographic as the study shows that El Salvador's Chivo wallet is now being widely used in [\u2026]", "source_name": "DCForecasts", "date": "Thu, 28 Apr 2022 19:32:03 -0400", "topics": [], "sentiment": "Neutral", "type": "Article", "tickers": ["BTC"]}, {"news_url": "https://coinfomania.com/solanas-degods-nft-project-acquires-professional-basketball-team/", "image_url": "https://crypto.snapi.dev/images/v1/s/o/sol-8-133394-134688.jpg", "title": "Solana's DeGods NFT Project Acquires Professional Basketball Team", "text": "DeGods, the biggest NFT project on the Solana network by market cap, confirmed today that it has acquired one of the basketball teams in Big3, a professional basketball league founded by rapper and actor, Ice Cube. Earlier this month, Big3 revealed plans to fractionalize team ownership by issuing NFTs for each of the 12 teams in the league.", "source_name": "Coinfomania", "date": "Thu, 28 Apr 2022 19:13:19 -0400", "topics": ["NFT"], "sentiment": "Positive", "type": "Article", "tickers": ["SOL"]}, {"news_url": "https://www.newsbtc.com/news/bitcoin/number-of-bitcoin-millionaires-on-the-rise-as-accumulation-continues/", "image_url": "https://crypto.snapi.dev/images/v1/q/l/bitcoin-whales-134680.jpeg", "title": "Number Of Bitcoin Millionaires On The Rise As Accumulation Continues", "text": "Bitcoin millionaires are now a widely understood term. This has grown from the massive surge in the price of the digital asset which has continued to decrease the number of BTC required to be a millionaire.", "source_name": "NewsBTC", "date": "Thu, 28 Apr 2022 19:00:41 -0400", "topics": [], "sentiment": "Positive", "type": "Article", "tickers": ["BTC"]}, {"news_url": "https://insidebitcoins.com/news/ethereum-price-prediction-for-today-april-28-eth-price-could-break-above-3000", "image_url": "https://crypto.snapi.dev/images/v1/e/3/crypto-community-with-80-historical-accuracy-sets-ethereum-price-for-may-31-2022-133959-134679.jpg", "title": "Ethereum Price Prediction for Today, April 28: ETH Price Could Break Above $3000", "text": "The Ethereum price prediction shows that ETH could be ready for the uptrend, and it may fundamentally break above $3000 respectively. ETH/USD Market Key Levels: [.", "source_name": "Inside Bitcoins", "date": "Thu, 28 Apr 2022 18:57:44 -0400", "topics": ["tanalysis"], "sentiment": "Positive", "type": "Article", "tickers": ["ETH"]}, {"news_url": "https://www.cryptopolitan.com/ripple-price-analysis-2022-04-28/", "image_url": "https://crypto.snapi.dev/images/v1/7/7/ripple-price-analysis-2022-02-13-1-134678.png", "title": "Ripple price analysis: XRP struggles to recover as price approaches $0.6 support", "text": "TL;DR Breakdown Ripple price analysis shows price continuing to decline Descending triangle deepens as price heads towards $0.5 24-hour trading volume dropped 18 percent to signal bearish market trend Ripple price continues to show an extremely bearish outlook, as price deepens towards the lowest point since 22 February, 2022. The descending triangle pattern deepened to.", "source_name": "Cryptopolitan", "date": "Thu, 28 Apr 2022 18:56:53 -0400", "topics": ["tanalysis"], "sentiment": "Negative", "type": "Article", "tickers": ["XRP"]}, {"news_url": "https://www.thecryptoupdates.com/goldman-sachs-has-issued-its-first-bitcoin-backed-loan/", "image_url": "https://crypto.snapi.dev/images/v1/z/v/gold-480x320-134676.jpg", "title": "Goldman Sachs Has Issued its First Bitcoin-Backed Loan", "text": "In a tweet, Bitcoin Magazine, a bitcoin and crypto news page, broke the news that Goldman Sachs has issued its first bitcoin-backed loan. BREAKING: Goldman...", "source_name": "TCU", "date": "Thu, 28 Apr 2022 18:53:29 -0400", "topics": [], "sentiment": "Positive", "type": "Article", "tickers": ["BTC"]}, {"news_url": "https://www.youtube.com/watch?v=b78GM2bRu8I", "image_url": "https://crypto.snapi.dev/images/v1/x/i/fidelity-will-offer-bitcoin-inclusion-in-its-401k-accounts-134677.jpg", "title": "Fidelity Will Offer Bitcoin Inclusion in its 401(k) Accounts", "text": "U.S.-based financial services firm Fidelity Investments will allow investors to put bitcoin (BTC) into their 401(k) retirement savings accounts later this year, bringing crypto exposure to traditional investors. \u201cThe Hash\u201d group discusses the impact this could have on crypto-native firms like NYDIG and Coinbase, bitcoin's use case as an inflation hedge and best practices for investing in crypto.", "source_name": "Coindesk", "date": "Thu, 28 Apr 2022 18:45:00 -0400", "topics": [], "sentiment": "Positive", "type": "Video", "tickers": ["BTC"]}, {"news_url": "https://dailyhodl.com/2022/04/28/top-analyst-benjamin-cowen-issues-crypto-alert-warns-risk-of-severe-bitcoin-sell-off-rising/", "image_url": "https://crypto.snapi.dev/images/v1/b/t/altcoin-markets-remainjpgw1024-134672.jpg", "title": "Top Analyst Benjamin Cowen Issues Crypto Alert, Warns Risk of Severe Bitcoin Sell-Off Rising", "text": "Popular crypto analyst Benjamin Cowen says the historical performance of Bitcoin (BTC) suggests that investing in altcoins right now remains risky. In a new strategy session, Cowen tells his 729,000 YouTube subscribers that the price movement of Bitcoin in 2018 hints at what would happen to the altcoins market if the benchmark cryptocurrency continues to [\u2026] The post Top Analyst Benjamin Cowen Issues Crypto Alert, Warns Risk of Severe Bitcoin Sell-Off Rising appeared first on The Daily Hodl.", "source_name": "The Daily Hodl", "date": "Thu, 28 Apr 2022 18:05:11 -0400", "topics": [], "sentiment": "Negative", "type": "Article", "tickers": ["BTC"]}, {"news_url": "https://insidebitcoins.com/news/bitcoin-price-prediction-for-today-april-28-btc-may-stabilize-above-40000-level", "image_url": "https://crypto.snapi.dev/images/v1/8/w/crypto5-134666.jpg", "title": "Bitcoin Price Prediction for Today, April 28: BTC May Stabilize Above $40,000 Level", "text": "The Bitcoin price prediction shows that BTC is trading at $40,229 as the coin seems to be preparing for another upward movement. BTC/USD Long-term Trend: [.", "source_name": "Inside Bitcoins", "date": "Thu, 28 Apr 2022 17:44:22 -0400", "topics": ["tanalysis"], "sentiment": "Positive", "type": "Article", "tickers": ["BTC"]}, {"news_url": "https://news.bitcoin.com/whale-watching-a-deep-dive-into-the-portfolios-of-the-worlds-largest-ethereum-whales/", "image_url": "https://crypto.snapi.dev/images/v1/r/f/dddffetherwhales-134663.jpg", "title": "Whale Watching: A Deep Dive Into the Portfolios of the World's Largest Ethereum Whales", "text": "While there's a number of bitcoin whales that often get caught by blockchain parsers and written about in media reports, ethereum whales get a lot less attention. According to statistics in 2022, there are a lot more ethereum whales than holders with large sums of bitcoin. In fact, while the top 100 richest bitcoin addresses [\u2026]", "source_name": "Bitcoin", "date": "Thu, 28 Apr 2022 17:30:08 -0400", "topics": ["whales"], "sentiment": "Neutral", "type": "Article", "tickers": ["ETH"]}, {"news_url": "https://www.youtube.com/watch?v=vnuywrUBf9M", "image_url": "https://crypto.snapi.dev/images/v1/q/l/840-ahr0chm6ly9zmy5jb2ludgvszwdyyxbolmnvbs91cgxvywrzlziwmjitmdqvodu5nwi0ytetmzqwnc00yzlilweyzjqtodu2nja4mtdjmzcxlmpwzw-134464-134665.jpg", "title": "Study: 60% Of Salvadorans Quit Chivo Wallet After Receiving BTC Incentive", "text": "According to a report published by the U.S. National Bureau of Economic Research, only four out of 10 Salvadorans who downloaded the state-run bitcoin (BTC) wallet Chivo said they still use it after obtaining the $30 bitcoin incentive. \u201cThe Hash\u201d group discusses the global narrative of bitcoin adoption and the political neutrality of its technology.", "source_name": "Coindesk", "date": "Thu, 28 Apr 2022 17:30:04 -0400", "topics": [], "sentiment": "Positive", "type": "Video", "tickers": ["BTC"]}, {"news_url": "https://www.theblockcrypto.com/linked/144238/goldman-sachs-offers-bitcoin-backed-loan-bloomberg", "image_url": "https://crypto.snapi.dev/images/v1/2/d/20210305-goldman-sachs-800x450-134658.png", "title": "Goldman Sachs offers bitcoin-backed loan: Bloomberg", "text": "The banking giant offered a lending facility with bitcoin as collateral, according to a report. The post Goldman Sachs offers bitcoin-backed loan: Bloomberg appeared first on The Block.", "source_name": "The Block", "date": "Thu, 28 Apr 2022 17:25:40 -0400", "topics": [], "sentiment": "Positive", "type": "Article", "tickers": ["BTC"]}, {"news_url": "https://www.theblockcrypto.com/linked/144226/bitcoin-miner-argo-saw-a-291-revenue-increase-in-2021", "image_url": "https://crypto.snapi.dev/images/v1/i/d/20211026-argo-mining-london-3-800x450-134651.jpg", "title": "Bitcoin miner Argo saw a 291% revenue increase in 2021", "text": "The company, which has bicoin mining centers in Canada and in the US, announced its 2021 results. The post Bitcoin miner Argo saw a 291% revenue increase in 2021 appeared first on The Block.", "source_name": "The Block", "date": "Thu, 28 Apr 2022 17:12:51 -0400", "topics": ["mining"], "sentiment": "Positive", "type": "Article", "tickers": ["BTC"]}, {"news_url": "https://www.youtube.com/watch?v=o7l3-QUQVtw", "image_url": "https://crypto.snapi.dev/images/v1/v/p/crypto-institutional-investors-explore-bitcoin-at-bahamas-conference-134655.jpg", "title": "Crypto: Institutional investors explore bitcoin at Bahamas conference", "text": "#crypto #bitcoin #Bahamas #YahooFinance Yahoo Finance's David Hollerith breaks down the latest from the crypto Bahamas conference. Don't Miss: Valley of Hype: The Culture That Built Elizabeth Holmes WATCH HERE: https://youtu.be/Sb179GLPNYE Watch the 2021 Berkshire Hathaway Annual Shareholders Meeting on YouTube: https://youtu.be/gx-OzwHpM9k Subscribe to Yahoo Finance: https://yhoo.it/2fGu5Bb About Yahoo Finance: At Yahoo Finance, you get free stock quotes, up-to-date news, portfolio management resources, international market data, social interaction and mortgage rates that help you manage your financial life.", "source_name": "Yahoo Finance", "date": "Thu, 28 Apr 2022 17:09:50 -0400", "topics": ["institutions"], "sentiment": "Neutral", "type": "Video", "tickers": ["BTC"]}, {"news_url": "https://bitcoinmagazine.com/business/goldman-sachs-offers-its-first-bitcoin-backed-loan-report", "image_url": "https://crypto.snapi.dev/images/v1/9/9/goldman-sachs-could-have-a-crypto-custody-service-in-the-works-134648.jpg", "title": "Goldman Sachs Offers Its First Bitcoin-Backed Loan: Report", "text": "Goldman has reportedly offered its first ever lending facility backed by BTC as the Wall Street giant deepens its Bitcoin offerings.", "source_name": "Bitcoin Magazine", "date": "Thu, 28 Apr 2022 17:04:27 -0400", "topics": [], "sentiment": "Positive", "type": "Article", "tickers": ["BTC"]}, {"news_url": "https://www.cryptoninjas.net/2022/04/28/solana-sol-available-on-margin-trading-platform-evolve-markets/", "image_url": "https://crypto.snapi.dev/images/v1/e/v/evolve-markets-sol-134649.jpg", "title": "Solana (SOL) accounts now available on margin trading platform Evolve\u00a0Markets", "text": "Evolve Markets, a crypto-denominated margin trading platform, announced today that\u00a0Solana (SOL)\u00a0accounts and deposits are now available on\u00a0its web trading app and\u00a0MetaTrader 5. SOL accounts enable a new, super-fast deposit option for traders.", "source_name": "CryptoNinjas", "date": "Thu, 28 Apr 2022 16:54:13 -0400", "topics": [], "sentiment": "Positive", "type": "Article", "tickers": ["SOL"]}, {"news_url": "https://ambcrypto.com/why-ethereum-may-be-preparing-to-revisit-4000-level/", "image_url": "https://crypto.snapi.dev/images/v1/p/j/ethereum-g7b22f5152-1280-134641.jpg", "title": "Why Ethereum [ETH] may be preparing to revisit $4,000 level", "text": "Ethereum price is hovering inside a compact trading range for the third month. The recent developments suggest that a move outside the upper limit could soon arrive and push ETH to significant barriers.", "source_name": "AMBCrypto", "date": "Thu, 28 Apr 2022 16:30:57 -0400", "topics": [], "sentiment": "Positive", "type": "Article", "tickers": ["ETH"]}, {"news_url": "https://u.today/goldman-debuts-bitcoin-backed-loan?SNAPI", "image_url": "https://crypto.snapi.dev/images/v1/a/x/ukraine-crypto-gid-1-134295-134636.jpg", "title": "Goldman Debuts Bitcoin-Backed Loan", "text": "Goldman Sachs has extended its cryptocurrency push by offering a Bitcoin-backed loan", "source_name": "UToday", "date": "Thu, 28 Apr 2022 16:10:00 -0400", "topics": [], "sentiment": "Positive", "type": "Article", "tickers": ["BTC"]}, {"news_url": "https://investorplace.com/2022/04/solana-is-a-long-term-gem-trying-to-find-support/", "image_url": "https://crypto.snapi.dev/images/v1/y/g/crypto3-134635.jpg", "title": "Solana Is a Long-Term Gem Trying to Find Support", "text": "Solana is down more than 60% from its all-time high, but investors may want to look at this as a buying opportunity right now.", "source_name": "Investorplace", "date": "Thu, 28 Apr 2022 16:05:00 -0400", "topics": [], "sentiment": "Positive", "type": "Article", "tickers": ["SOL"]}, {"news_url": "https://dailyhodl.com/2022/04/28/heres-a-realistic-target-if-bitcoin-crashes-according-to-analyst-who-accurately-called-may-2021-collapse/", "image_url": "https://crypto.snapi.dev/images/v1/c/s/realistic-target-crashesjpgw1024-134631.jpg", "title": "Here's a Realistic Target if Bitcoin Crashes, According to Analyst Who Accurately Called May 2021 Collapse", "text": "The crypto analyst who predicted the May 2021 market collapse is warning that Bitcoin (BTC) could be due for a notable dip even while he remains long-term bullish on BTC. Popular pseudonymous analyst Dave the Wave provides his 97,500 Twitter followers with a Bitcoin chart dating back to the summer of 2020, highlighting price capitulations [\u2026] The post Here's a Realistic Target if Bitcoin Crashes, According to Analyst Who Accurately Called May 2021 Collapse appeared first on The Daily Hodl.", "source_name": "The Daily Hodl", "date": "Thu, 28 Apr 2022 16:00:22 -0400", "topics": [], "sentiment": "Negative", "type": "Article", "tickers": ["BTC"]}, {"news_url": "https://dailyhodl.com/2022/04/28/top-crypto-analyst-dives-into-the-bitcoin-btc-doldrums-evaluates-apecoin-ape-and-one-ethereum-eth-rival/", "image_url": "https://crypto.snapi.dev/images/v1/c/r/crypto10-134294-134630.jpg", "title": "Top Crypto Analyst Dives Into the Bitcoin (BTC) Doldrums, Evaluates ApeCoin (APE) and One Ethereum (ETH) Rival", "text": "A widely-followed crypto analyst is looking at Bitcoin (BTC) against the US Dollar Index (DXY) while waiting for two popular altcoins to drop in price. In a new tweet, Micha\u00ebl van de Poppe\u00a0tells\u00a0his 588,800 followers that\u00a0BTC\u00a0needs to break through $40,000 to continue moving up. \u201cTo me, this is still the area to break on Bitcoin. [\u2026] The post Top Crypto Analyst Dives Into the Bitcoin (BTC) Doldrums, Evaluates ApeCoin (APE) and One Ethereum (ETH) Rival appeared first on The Daily Hodl.", "source_name": "The Daily Hodl", "date": "Thu, 28 Apr 2022 15:55:00 -0400", "topics": [], "sentiment": "Neutral", "type": "Article", "tickers": ["APE", "BTC", "ETH"]}, {"news_url": "https://coingape.com/?p=110850", "image_url": "https://crypto.snapi.dev/images/v1/m/b/1024px-bitcoinsvg-134625.png", "title": "BTC Price Prediction: RSI Bullish Divergence Aims For $45,000; Are You Buying?", "text": "BTC price extends the previous session's gains amid positive sentiments in the markets. Today the price opened higher relative to the last day's closing session, thus forming a green candlestick.", "source_name": "Coingape", "date": "Thu, 28 Apr 2022 15:46:47 -0400", "topics": [], "sentiment": "Positive", "type": "Article", "tickers": ["BTC"]}, {"news_url": "https://insidebitcoins.com/news/city-of-fort-worth-partners-to-set-up-a-bitcoin-mining-program", "image_url": "https://crypto.snapi.dev/images/v1/i/m/city-of-fort-worth-partners-to-set-up-a-bitcoin-mining-program-134622.jpg", "title": "City Of Fort Worth Partners To Set Up A Bitcoin Mining Program", "text": "Fort Worth, Texas has announced a partnership with the Texas Blockchain Council for the launch of a Bitcoin mining pilot program. The resolution was approved [.", "source_name": "Inside Bitcoins", "date": "Thu, 28 Apr 2022 15:40:38 -0400", "topics": ["mining"], "sentiment": "Positive", "type": "Article", "tickers": ["BTC"]}, {"news_url": "https://decrypt.co/98962/panama-regulate-bitcoin-crypto-daos", "image_url": "https://crypto.snapi.dev/images/v1/0/b/panama-gid-1-134623.jpeg", "title": "Panama Passes Law to Regulate Bitcoin, Legally Recognize DAOs", "text": "The law will regulate the use of cryptocurrencies such as BTC in the Central American country, as well as provide a legal framework for DAOs and STOs.", "source_name": "Decrypt", "date": "Thu, 28 Apr 2022 15:40:02 -0400", "topics": ["regulations"], "sentiment": "Positive", "type": "Article", "tickers": ["BTC"]}, {"news_url": "https://insidebitcoins.com/news/solana-daos-to-receive-notifications-through-calls-and-texts", "image_url": "https://crypto.snapi.dev/images/v1/q/3/solana-price-up-134-to-3048-where-to-buy-sol-134619.jpg", "title": "Solana DAOs to receive notifications through calls and texts", "text": "Solana decentralized autonomous organizations (DAOs) are pushing harder to foster governance voting. The Notifi Network is planning to boost the rate of participation in governance [.", "source_name": "Inside Bitcoins", "date": "Thu, 28 Apr 2022 15:36:21 -0400", "topics": [], "sentiment": "Neutral", "type": "Article", "tickers": ["SOL"]}, {"news_url": "https://bitcoinmagazine.com/business/panama-assembly-passes-bill-regulating-bitcoin-crypto", "image_url": "https://crypto.snapi.dev/images/v1/j/y/23082021-one-year-since-launch-invictus-capitals-bitcoin-alpha-reaps-benefits-release-image-3-134617.jpg", "title": "Panama Assembly Passes Bill Regulating Bitcoin, Crypto", "text": "After the president's signature, the bill will regulate the usage of bitcoin as payment in the country.", "source_name": "Bitcoin Magazine", "date": "Thu, 28 Apr 2022 15:33:25 -0400", "topics": ["regulations"], "sentiment": "Positive", "type": "Article", "tickers": ["BTC"]}, {"news_url": "https://cointelegraph.com/news/bitcoin-is-40-down-from-its-ath-but-on-chain-analysts-say-it-s-starting-to-bottom-out", "image_url": "https://crypto.snapi.dev/images/v1/4/h/840-ahr0chm6ly9zmy5jb2ludgvszwdyyxbolmnvbs91cgxvywrzlziwmjitmdqvmza2ntdjowmtmjq0zc00ogi3ltljmtgtoduzotbiogm5nwfklmpwzw-134618.jpg", "title": "Bitcoin is 40%+ down from its ATH, but on-chain analysts say it's \u2018starting to bottom out'", "text": "Analysts say BTC's weakness is exacerbated by institutional investors exiting futures markets, but on-chain data hints that Bitcoin is in an early bottoming process.", "source_name": "Cointelegraph", "date": "Thu, 28 Apr 2022 15:32:22 -0400", "topics": [], "sentiment": "Negative", "type": "Article", "tickers": ["BTC"]}, {"news_url": "https://ambcrypto.com/with-bitcoin-options-set-to-expire-the-new-support-resistance-levels-are/", "image_url": "https://crypto.snapi.dev/images/v1/n/o/raphael-wild-6im1u7ses6k-unsplash-2-134611.jpg", "title": "With Bitcoin options set to expire, the new support, resistance levels are\u2026", "text": "At press time, Bitcoin didn't seem like it had plans to leave behind its $39k identity any time soon and most of the top 20 cryptos were in the red. However, 28 and 29 April are crucial days for the crypto market.", "source_name": "AMBCrypto", "date": "Thu, 28 Apr 2022 15:30:44 -0400", "topics": [], "sentiment": "Neutral", "type": "Article", "tickers": ["BTC"]}, {"news_url": "https://insidebitcoins.com/news/dubai-real-estate-developer-accepts-bitcoin-and-ether-for-luxury-houses", "image_url": "https://crypto.snapi.dev/images/v1/3/m/dubai-flag-134610.png", "title": "Dubai real estate developer accepts Bitcoin and Ether for luxury houses", "text": "DAMAC Properties, a real estate developer, based in Dubai, has announced plans to accept Bitcoin and Ethereum for its luxury homes. DAMAC Properties was created [.", "source_name": "Inside Bitcoins", "date": "Thu, 28 Apr 2022 15:29:18 -0400", "topics": [], "sentiment": "Positive", "type": "Article", "tickers": ["BTC", "ETH"]}, {"news_url": "https://www.crypto-reporter.com/news/fidelity-to-offer-401k-investors-to-access-bitcoin-30115/", "image_url": "https://crypto.snapi.dev/images/v1/f/i/fidelity-2-134614.jpg", "title": "Fidelity to offer 401(k) investors to access bitcoin", "text": "The largest retirement plan provider could make cryptocurrency even more mainstream Fidelity Investments plans to allow the retirement savers to put money into 401(k) accounts if employers give their consent. Later this year the option will become available to 23,000 companies who use Fidelity to administer their employees retirement accounts with $2.7 trillion in assets [\u2026]", "source_name": "Crypto Reporter", "date": "Thu, 28 Apr 2022 15:27:35 -0400", "topics": [], "sentiment": "Neutral", "type": "Article", "tickers": ["BTC"]}, {"news_url": "https://insidebitcoins.com/news/michael-saylor-says-bitcoin-is-an-ideal-asset-for-retirement", "image_url": "https://crypto.snapi.dev/images/v1/h/l/michael-j-saylor-134608.jpg", "title": "Michael Saylor says Bitcoin is an ideal asset for retirement", "text": "Michael Saylor has said that Bitcoin is the best asset for retirement. Saylor was referring to the recent announcement by Fidelity that it would include [.", "source_name": "Inside Bitcoins", "date": "Thu, 28 Apr 2022 15:24:58 -0400", "topics": [], "sentiment": "Positive", "type": "Article", "tickers": ["BTC"]}, {"news_url": "https://coinmarketcap.com/alexandria/article/podcast-ukraine-is-receiving-its-biggest-bitcoin-donation-ever", "image_url": "https://crypto.snapi.dev/images/v1/a/k/f5798eb13c7346b193e6c68306ca427b-134605.png", "title": "Podcast: Ukraine is Receiving Its Biggest Bitcoin Donation Ever", "text": "Also today \u2014 Ronin Network gives us new details on how it plans to beef up security after falling victim to a record-breaking hack.", "source_name": "CoinMarketCap", "date": "Thu, 28 Apr 2022 15:21:30 -0400", "topics": ["podcast"], "sentiment": "Positive", "type": "Article", "tickers": ["BTC"]}, {"news_url": "https://www.youtube.com/watch?v=lQsAAfxWguY", "image_url": "https://crypto.snapi.dev/images/v1/h/a/bitcoin-rises-snowden-gets-into-crypto-and-paxos-ceo-on-stablecoin-risks-cnbc-crypto-world-134604.jpg", "title": "Bitcoin rises, Snowden gets into crypto and Paxos CEO on stablecoin risks: CNBC Crypto World", "text": "CNBC Crypto World features the latest news and daily trading updates from the digital currency markets and provides viewers with a look at what's ahead with high-profile interviews, explainers, and unique stories from the ever-changing crypto industry. On today's show, Paxos co-founder and CEO Charles Cascarilla explains how the USDP stablecoin is regulated and how it differs from other stablecoins around the globe.", "source_name": "CNBC Television", "date": "Thu, 28 Apr 2022 15:15:23 -0400", "topics": ["stablecoins"], "sentiment": "Positive", "type": "Video", "tickers": ["BTC", "PAX"]}, {"news_url": "https://www.newsbtc.com/news/bitcoin/bitcoin-trades-above-40k-once-again-will-this-time-be-different/", "image_url": "https://crypto.snapi.dev/images/v1/u/d/bitcoin-8-134597.jpg", "title": "Bitcoin Trades Above $40K Once Again, Will This Time Be Different?", "text": "Bitcoin has returned to the $40,000 levels as it bounced back from the high area of around $30,000. The first crypto by market cap managed to hold off the bears and retraced some of this week's losses.", "source_name": "NewsBTC", "date": "Thu, 28 Apr 2022 15:04:02 -0400", "topics": [], "sentiment": "Neutral", "type": "Article", "tickers": ["BTC"]}, {"news_url": "https://www.newsbtc.com/news/bitcoin/quant-similarities-current-summer-2020-bitcoin-markets/", "image_url": "https://crypto.snapi.dev/images/v1/s/p/andre-francois-mckenzie-igyibhdntpe-unsplash-1-scaled-134592.jpg", "title": "Quant Explains Similarities Between Current And Summer 2020 Bitcoin Markets", "text": "A quant has pointed out some similarities between the current and summer 2020 Bitcoin markets through on-chain data. Bitcoin Exchange Supply Shock Ratio Has Rapidly Risen Recently As explained by an analyst in a CryptoQuant post, there seem to be some similarities between the current market trend and that during the summer of 2020.", "source_name": "NewsBTC", "date": "Thu, 28 Apr 2022 15:00:45 -0400", "topics": [], "sentiment": "Neutral", "type": "Article", "tickers": ["BTC"]}, {"news_url": "https://bitcoinist.com/bitcoin-supply-in-loss-highest-value-covid-crash/", "image_url": "https://crypto.snapi.dev/images/v1/p/n/raphael-wild-gd0ou6fgsnk-unsplash-630x420-134593.jpg", "title": "Bitcoin Supply In Loss Reaches Highest Value Since COVID Crash", "text": "On-chain data shows the amount of Bitcoin supply in loss has now risen to the highest value since the COVID-19 crash. Bitcoin Supply In Loss Now Measures Around 7.6M BTC As pointed out by an analyst in a CryptoQuant post, the BTC supply in loss hasn't shown such high values since the first half of [\u2026]", "source_name": "Bitcoinist", "date": "Thu, 28 Apr 2022 15:00:42 -0400", "topics": [], "sentiment": "Positive", "type": "Article", "tickers": ["BTC"]}, {"news_url": "https://www.youtube.com/watch?v=MRQNmQuAtPQ", "image_url": "https://crypto.snapi.dev/images/v1/m/f/lido-cover-838x440-133333-134585.jpg", "title": "TikTok's Kayla Kilbride scoops up ethereum in CNBC Stock Draft", "text": "CNBC's 2022 Stock Draft gets underway where guests pick stocks they believe will outperform in the coming year.", "source_name": "CNBC Television", "date": "Thu, 28 Apr 2022 14:47:18 -0400", "topics": [], "sentiment": "Positive", "type": "Video", "tickers": ["ETH"]}, {"news_url": "https://dailyhodl.com/2022/04/28/central-african-republic-becomes-second-nation-ever-to-adopt-bitcoin-btc-as-legal-tender/", "image_url": "https://crypto.snapi.dev/images/v1/q/s/african-republic-tenderjpgw1024-134581.jpg", "title": "Central African Republic Becomes Second Nation Ever To Adopt Bitcoin (BTC) As Legal Tender", "text": "An African country has become the second nation on Earth to accept Bitcoin (BTC) and other crypto assets as legal currency. Following in the footsteps of Latin American nation El Salvador, the Central African Republic (CAR) has announced it has become the first African nation in the world to legally support cryptocurrencies. In a recent [\u2026] The post Central African Republic Becomes Second Nation Ever To Adopt Bitcoin (BTC) As Legal Tender appeared first on The Daily Hodl.", "source_name": "The Daily Hodl", "date": "Thu, 28 Apr 2022 14:41:00 -0400", "topics": [], "sentiment": "Positive", "type": "Article", "tickers": ["BTC"]}, {"news_url": "https://www.youtube.com/watch?v=xkVUetAf_sU", "image_url": "https://crypto.snapi.dev/images/v1/t/8/bitcoin-daily-crypto-real-estate-134217-134391-134591.jpeg", "title": "Bitcoin Holding Support, Resistance At $43K", "text": "Live from Crypto Bahamas, host Christine Lee is joined by Genesis CEO Michael Moro and CEO of crypto mining company Hut8 Jaime Leverton in this episode of \"All About Bitcoin\" Site: https://www.coindesk.com Twitter: https://www.twitter.com/coindesk LinkedIn: https://www.linkedin.com/company/3104779/admin Instagram: https://www.instagram.com/coindesk Facebook: https://www.facebook.com/CoinDesk Newsletters: https://www.coindesk.com/newsletters CoinDesk Podcast Network: https://open.spotify.com/show/2jyIhkvAQhed8AWDZiPpSP Markets Daily Crypto Roundup: https://open.spotify.com/show/7sDXM8BlxsUqzL2IqmLqwE CoinDesk is the leading digital media, events and information services company for the crypto asset and blockchain technology community.", "source_name": "Coindesk", "date": "Thu, 28 Apr 2022 14:40:35 -0400", "topics": [], "sentiment": "Positive", "type": "Video", "tickers": ["BTC"]}, {"news_url": "https://coinfomania.com/former-coinbase-engineer-donates-1m-to-fund-bitcoin-dev/", "image_url": "https://crypto.snapi.dev/images/v1/g/a/gain-134307-134344-134583.jpeg", "title": "Former Coinbase Engineer Donates $1M to Fund Bitcoin Development", "text": "Brink, an independent non-profit organization, has received $1 million from a former Coinbase engineer, Craig Hammell, to support Bitcoin development. Announcing the donation in a tweet, Brink noted that the sum will be used to provide support to independent open-source Bitcoin developers.", "source_name": "Coinfomania", "date": "Thu, 28 Apr 2022 14:21:34 -0400", "topics": [], "sentiment": "Positive", "type": "Article", "tickers": ["BTC"]}, {"news_url": "https://dailyhodl.com/2022/04/28/ygg-sea-partners-with-solana-ventures-to-supercharge-game-development-in-southeast-asia/", "image_url": "https://crypto.snapi.dev/images/v1/j/q/ygg-sea-industry-announcement-featured-image-templatejpgw500-134571.jpg", "title": "YGG SEA Partners With Solana Ventures To Supercharge Game Development in Southeast Asia", "text": "April 28, 2022 \u2013 Taipei, Taiwan YGG SEA has formed a new partnership with Solana Ventures, the investment arm of Solana Labs, that will bolster the Yield Guild Games subDAO's operations in Southeast Asia. This exclusive strategic agreement will lead to the provision of resources to the region's game developers and broader gaming community. The [\u2026] The post YGG SEA Partners With Solana Ventures To Supercharge Game Development in Southeast Asia appeared first on The Daily Hodl.", "source_name": "The Daily Hodl", "date": "Thu, 28 Apr 2022 13:49:47 -0400", "topics": [], "sentiment": "Positive", "type": "Article", "tickers": ["SOL"]}, {"news_url": "https://www.newsbtc.com/news/solana/solana-stumbles-at-100-level-as-bulls-recover-the-market/", "image_url": "https://crypto.snapi.dev/images/v1/u/i/106938067-1631027368110-gettyimages-1234805892-porzycki-solanaph210821-npoa2-scaled-134569.jpeg", "title": "Solana Stumbles At $100 Level As Bulls Recover The Market", "text": "A pricing analysis of Solana indicates As bulls attempt to regain the market, SOL prices begin the daily trading chart in a horizontal trend. As the market encounters resistance at the $100.5 level, solana prices are trading close to $100.", "source_name": "NewsBTC", "date": "Thu, 28 Apr 2022 13:49:00 -0400", "topics": [], "sentiment": "Negative", "type": "Article", "tickers": ["SOL"]}, {"news_url": "https://cointelegraph.com/news/27k-max-pain-bitcoin-price-is-ultimate-buy-the-dip-opportunity-says-research", "image_url": "https://crypto.snapi.dev/images/v1/k/i/840-ahr0chm6ly9zmy5jb2ludgvszwdyyxbolmnvbs91cgxvywrzlziwmjitmdqvy2fjzgyzyjmtnty5os00yme0ltgzmtktywm4mtezndmwzdljlmpwzw-134568.jpg", "title": "$27K 'max pain' Bitcoin price is ultimate buy-the-dip opportunity, says research", "text": "It may not happen, but a crash to $27,000 would be the chance for many investors to \"go all in\" on BTC.", "source_name": "Cointelegraph", "date": "Thu, 28 Apr 2022 13:43:39 -0400", "topics": [], "sentiment": "Positive", "type": "Article", "tickers": ["BTC"]}, {"news_url": "https://news.bitcoin.com/central-africa-republic-has-adopted-bitcoin-as-reference-currency-office-of-presidency/", "image_url": "https://crypto.snapi.dev/images/v1/s/o/shutterstock-1461998222-134567.jpg", "title": "Central African Republic Has Adopted Bitcoin as Reference Currency \u2014 Office of the Presidency", "text": "Following the confusion that surrounded initial reports, a senior staffer in the Central African Republic (CAR)'s presidency has now confirmed that bitcoin will become the country's reference currency. First Country in Africa to Officially Adopt Bitcoin A press statement supposedly issued by the office of the Presidency of the Central African Republic (CAR) appeared to [\u2026]", "source_name": "Bitcoin", "date": "Thu, 28 Apr 2022 13:30:20 -0400", "topics": [], "sentiment": "Positive", "type": "Article", "tickers": ["BTC"]}, {"news_url": "https://www.cryptopolitan.com/bitcoin-price-analysis-2022-04-28/", "image_url": "https://crypto.snapi.dev/images/v1/0/t/bitcoin-price-analysis-2022-04-28-134564.png", "title": "Bitcoin price analysis: BTC rejects upside above $40,000, further decline incoming?", "text": "TL;DR Breakdown Bitcoin price analysis is bearish today. BTC/USD continued to retrace yesterday.", "source_name": "Cryptopolitan", "date": "Thu, 28 Apr 2022 13:24:46 -0400", "topics": ["tanalysis"], "sentiment": "Negative", "type": "Article", "tickers": ["BTC"]}, {"news_url": "https://www.dcforecasts.com/bitcoin-news/riot-blockchain-will-build-private-electricity-station-for-btc-miners/", "image_url": "https://crypto.snapi.dev/images/v1/5/h/bitcoingold-min-133934-134086-134552.jpg", "title": "Riot Blockchain Will Build Private Electricity Station For BTC Miners", "text": "Riot Blockchain will build a private electricity station for BTC miners in Texas that will supply up to 1.7 gigawatts of energy so let's read more today in our latest Bitcoin news. Bitcoin mining is a very energy-intensive activity but this will not be a problem for Riot Blockcahin since the US mining company decided [\u2026]", "source_name": "DCForecasts", "date": "Thu, 28 Apr 2022 13:14:11 -0400", "topics": ["mining"], "sentiment": "Neutral", "type": "Article", "tickers": ["BTC"]}, {"news_url": "https://u.today/new-altcoins-severely-underperforming-bitcoin?SNAPI", "image_url": "https://crypto.snapi.dev/images/v1/y/t/9f9d6f30-8e6e-4b04-9373-ce8b5a7e84a6-134521.jpeg", "title": "New Altcoins Severely Underperforming Bitcoin", "text": "According to Jump Trading data, the crypto king continues to rule the roost despite losing its speculative luster", "source_name": "UToday", "date": "Thu, 28 Apr 2022 13:11:00 -0400", "topics": [], "sentiment": "Negative", "type": "Article", "tickers": ["BTC"]}, {"news_url": "https://www.dcforecasts.com/bitcoin-news/central-african-republic-made-bitcoin-a-legal-tender-officially/", "image_url": "https://crypto.snapi.dev/images/v1/c/4/car-134549.png", "title": "Central African Republic Made Bitcoin A Legal Tender Officially", "text": "The Central African Republic made Bitcoin a legal tender officially and El Salvador is no longer the only country to recognize BTC As a national currency so let's read more in today's latest Bitcoin news. The Central African Republic officially become the world's second country to adopt BTC as a legal tender according to the [\u2026]", "source_name": "DCForecasts", "date": "Thu, 28 Apr 2022 13:09:14 -0400", "topics": [], "sentiment": "Positive", "type": "Article", "tickers": ["BTC"]}, {"news_url": "https://coingape.com/?p=110848", "image_url": "https://crypto.snapi.dev/images/v1/z/5/ethereum-movies-134545.jpg", "title": "Ethereum Price Prediction: ETH Price Struggles Below $3,000; Hold or Exit?", "text": "ETH price looks in gains for the second straight day on Thursday. The price lost nearly 6% on Tuesday as it briefly tested the lows around $2,800.", "source_name": "Coingape", "date": "Thu, 28 Apr 2022 13:05:02 -0400", "topics": [], "sentiment": "Negative", "type": "Article", "tickers": ["ETH"]}, {"news_url": "https://bitcoinist.com/bitcoin-prediction-el-salvadors-president-abandoned/", "image_url": "https://crypto.snapi.dev/images/v1/o/7/nayib-bukele-630x420-134540.jpeg", "title": "Here's The Bitcoin Prediction El Salvador's President Had To Abandon", "text": "El Salvador's president Nayib Bukele has made himself and the country a force to be reckoned with after it became the first sovereign nation to accept bitcoin as a legal tender. During the course of its bitcoin agenda so far, the President has made some major predictions with regard to the cryptocurrency in 2022.", "source_name": "Bitcoinist", "date": "Thu, 28 Apr 2022 13:00:48 -0400", "topics": [], "sentiment": "Negative", "type": "Article", "tickers": ["BTC"]}, {"news_url": "https://www.fool.com/investing/stock-market/market-sectors/financials/cryptocurrency-stocks/solana/", "image_url": "https://crypto.snapi.dev/images/v1/z/t/urlhttps3a2f2fgfoolcdncom2feditorial2fimages2f6730972fsunshiningthroughcloudsjpgw700opresize-134557.jpg", "title": "What Is Solana (SOL)?", "text": "This ultra-fast cryptocurrency was one of the most successful investments of 2021.", "source_name": "The Motley Fool", "date": "Thu, 28 Apr 2022 12:59:13 -0400", "topics": [], "sentiment": "Neutral", "type": "Article", "tickers": ["SOL"]}, {"news_url": "https://www.reuters.com/world/africa/bitcoin-adoption-by-central-african-republic-baffles-cryptoverse-2022-04-28/", "image_url": "https://crypto.snapi.dev/images/v1/c/c/xw2txyeqfznpvkyubo65kacffu-134544.jpg", "title": "Analysis: Bitcoin adoption by Central African Republic baffles cryptoverse", "text": "Central African Republic's adoption of bitcoin, while many of the world's largest economies stay wary of it, has puzzled the cryptocurrency world and residents of the gold and diamond-producing country, and prompted caution from the IMF.", "source_name": "Reuters", "date": "Thu, 28 Apr 2022 12:58:57 -0400", "topics": [], "sentiment": "Positive", "type": "Article", "tickers": ["BTC"]}, {"news_url": "https://www.dcforecasts.com/bitcoin-news/finland-will-donate-seized-btc-to-help-ukraine-report/", "image_url": "https://crypto.snapi.dev/images/v1/2/u/ukraine-134537.png", "title": "Finland Will Donate Seized BTC To Help Ukraine: Report", "text": "Finland will donate seized BTC to help Ukrainians and the gathered funds could be worth as much as $77 million according to the reports so let's read more today in our latest Bitcoin news. The BTC seized in the various criminal investigations could be worth about $77 million and Finland will donate seized funds to [\u2026]", "source_name": "DCForecasts", "date": "Thu, 28 Apr 2022 12:52:27 -0400", "topics": [], "sentiment": "Positive", "type": "Article", "tickers": ["BTC"]}, {"news_url": "https://beincrypto.com/bitcoin-btc-on-chain-analysis-nvt-shows-undervaluation-with-lowest-reading-since-2018/", "image_url": "https://crypto.snapi.dev/images/v1/d/t/bitcoin-btcjpgoptimal-134536.jpg", "title": "Bitcoin (BTC) On-Chain Analysis: NVT Shows Undervaluation With Lowest Reading Since 2018", "text": "A look at on-chain indicators, more specifically the NVT\u00a0in order to determine if the\u00a0Bitcoin (BTC) network is valued correctly. The post Bitcoin (BTC) On-Chain Analysis: NVT Shows Undervaluation With Lowest Reading Since 2018 appeared first on BeInCrypto.", "source_name": "BeInCrypto", "date": "Thu, 28 Apr 2022 12:46:00 -0400", "topics": [], "sentiment": "Positive", "type": "Article", "tickers": ["BTC"]}, {"news_url": "https://cryptopotato.com/bitcoin-will-lose-users-if-it-doesnt-adopt-proof-of-stake-says-solana-co-founder/", "image_url": "https://crypto.snapi.dev/images/v1/r/u/bitcoincover-134534.jpg", "title": "Bitcoin Will Lose Users if it Doesn't Adopt Proof-of-Stake, Says Solana Co-Founder", "text": "Solana's co-founder said that most of the networks will eventually move to the PoS model and Bitcoin should too.", "source_name": "CryptoPotato", "date": "Thu, 28 Apr 2022 12:40:04 -0400", "topics": [], "sentiment": "Negative", "type": "Article", "tickers": ["BTC"]}, {"news_url": "https://cryptobriefing.com/bitcoin-ethereum-flash-buy-signals-on-low-liquidity/?utm_source=main_feed&utm_medium=rss", "image_url": "https://crypto.snapi.dev/images/v1/b/m/bitcoin-ethereum-cover-838x440-134530.png", "title": "Bitcoin, Ethereum Flash Buy Signals on Low Liquidity", "text": "Bitcoin and Ethereum hang by a thread while a particular technical indicator points to a rebound.\u00a0", "source_name": "Crypto Briefing", "date": "Thu, 28 Apr 2022 12:26:17 -0400", "topics": [], "sentiment": "Positive", "type": "Article", "tickers": ["BTC", "ETH"]}, {"news_url": "https://www.theblockcrypto.com/linked/144151/oklahoma-lawmakers-advance-bitcoin-mining-legislation", "image_url": "https://crypto.snapi.dev/images/v1/0/w/20201117-mining-daily-800x450-134520.jpg", "title": "Oklahoma lawmakers advance bitcoin mining legislation", "text": "The lower chamber of Oklahoma's state legislature approved a bitcoin mining-focused bill this week. The post Oklahoma lawmakers advance bitcoin mining legislation appeared first on The Block.", "source_name": "The Block", "date": "Thu, 28 Apr 2022 12:09:25 -0400", "topics": ["mining", "regulations"], "sentiment": "Neutral", "type": "Article", "tickers": ["BTC"]}, {"news_url": "https://www.theblockresearch.com/energy-companies-bitcoin-mining-entry-143486", "image_url": "https://crypto.snapi.dev/images/v1/y/0/20220426-energy-crypto-research-800x450-134528.jpg", "title": "An Updated Look at Energy Companies' Bitcoin Mining Entry", "text": "Quick Take Several companies with deep energy backgrounds became publicly traded bitcoin mining firms in 2021. They have successfully scaled up the operations over last year with ongoing expansion plans across the U.S. In this piece, we take an updated look at their mining strategies and growth so far and how they catch up with industry incumbents.", "source_name": "The Block", "date": "Thu, 28 Apr 2022 12:00:06 -0400", "topics": ["mining"], "sentiment": "Neutral", "type": "Article", "tickers": ["BTC"]}, {"news_url": "https://crypto.news/bybit-cryptocurrency-exchange-bitcoin-brazil/", "image_url": "https://crypto.snapi.dev/images/v1/w/o/bybit-wins-the-best-cryptocurrency-market-exchange-award-at-cryptocurrency-world-expo-2022-134527.jpg", "title": "Bybit Cryptocurrency Exchange Opens Shop in Bitcoin-Friendly Brazil", "text": "Bybit cryptocurrency has announced its expansion into crypto-friendly Brazil, and its dedicated team is now on the ground to offer residents secure crypto trading and earning services. Brazilians will now be able to enjoy Bybit's full suite of products and\u2026", "source_name": "Crypto news", "date": "Thu, 28 Apr 2022 12:00:00 -0400", "topics": [], "sentiment": "Positive", "type": "Article", "tickers": ["BTC"]}, {"news_url": "https://cryptodaily.co.uk/2022/04/btc-usd-finds-technical-support-above-38455-sally-ho-technical-analysis-29-april-2022-btc-bitcoin", "image_url": "https://crypto.snapi.dev/images/v1/t/b/bitcoin-g4f0164430-1280-134218-134362-134516.jpg", "title": "BTC/USD Finds Technical Support Above 38435: Sally Ho's Technical Analysis 29 April 2022 BTC", "text": "Bitcoin (BTC/USD) attempted to add to intraweek gains early in the Asian session as the pair looked to gain more of a foothold above the 38500 area following bids that emerged around the 37700 area earlier this week.\u00a0 Buying pressure strengthened around the 38440 level, representing a test of the 23.6% retracement of the recent depreciating range from 40817.16 to 37700.", "source_name": "Crypto Daily", "date": "Thu, 28 Apr 2022 12:00:00 -0400", "topics": ["tanalysis"], "sentiment": "Negative", "type": "Article", "tickers": ["BTC"]}, {"news_url": "https://www.youtube.com/watch?v=yq9ODyMqSsQ", "image_url": "https://crypto.snapi.dev/images/v1/a/o/150334526-m-134452-134513.jpg", "title": "Crypto Bahamas 2022: Bitcoin price predictions and digital trends in focus", "text": "#crypto #CryptoBahamas #bitcoin #YahooFinance Yahoo Finance reporter David Hollerith joins the Live show from the 2022 Crypto Bahamas conference to discuss bitcoin price predictions and digital trends. Don't Miss: Valley of Hype: The Culture That Built Elizabeth Holmes WATCH HERE: https://youtu.be/Sb179GLPNYE Watch the 2021 Berkshire Hathaway Annual Shareholders Meeting on YouTube: https://youtu.be/gx-OzwHpM9k Subscribe to Yahoo Finance: https://yhoo.it/2fGu5Bb About Yahoo Finance: At Yahoo Finance, you get free stock quotes, up-to-date news, portfolio management resources, international market data, social interaction and mortgage rates that help you manage your financial life.", "source_name": "Yahoo Finance", "date": "Thu, 28 Apr 2022 11:48:46 -0400", "topics": [], "sentiment": "Neutral", "type": "Video", "tickers": ["BTC"]}, {"news_url": "https://www.dcforecasts.com/bitcoin-news/argo-btc-miner-raised-hashrate-tanks-to-intel-mining-chips/", "image_url": "https://crypto.snapi.dev/images/v1/c/y/intel-134507.png", "title": "Argo BTC Miner Raised Hashrate Tanks To Intel Mining Chips", "text": "The Argo BTC miner raised the hashrate thanks to the intel mining chips and the miner sees a 2022 hashrate at 5.5 EH/s from the previous 3.7 EH/s so let's read more today in our latest Bitcoin news. The ARGO BTC miner raised the 2022 hash rate by almost 50% from the previous guidance of [\u2026]", "source_name": "DCForecasts", "date": "Thu, 28 Apr 2022 11:30:39 -0400", "topics": ["mining"], "sentiment": "Negative", "type": "Article", "tickers": ["BTC"]}, {"news_url": "https://www.cryptopolitan.com/ethereum-price-analysis-2022-04-28/", "image_url": "https://crypto.snapi.dev/images/v1/9/a/ethereum-price-analysis-2022-04-28-134505.png", "title": "Ethereum price analysis: ETH continues to retrace, finds resistance at $2,950", "text": "TL;DR Breakdown Ethereum price analysis is bullish today. ETH/USD continued higher overnight.", "source_name": "Cryptopolitan", "date": "Thu, 28 Apr 2022 11:28:36 -0400", "topics": ["tanalysis"], "sentiment": "Negative", "type": "Article", "tickers": ["ETH"]}], "total_pages": 42}