{"data": [{"news_url": "https://www.dcforecasts.com/bitcoin-news/flare-network-acquired-a-grant-to-connect-btc-with-algorand/", "image_url": "https://crypto.snapi.dev/images/v1/d/g/flare-networks-133976.png", "title": "Flare Network Acquired A Grant To Connect BTC With Algorand", "text": "Flare network acquired a grant to connect BTC with Algorand which will help boost the Algorand ecosystem so let's read more about it in our latest Bitcoin news. The EVM-Compatible layer-1 protocol Flare network acquired a grant to connect BTC with Algorand via the Bridge SupaGrant.", "source_name": "DCForecasts", "date": "Wed, 27 Apr 2022 10:16:41 -0400", "topics": [], "sentiment": "Neutral", "type": "Article", "tickers": ["BTC", "FLR"]}, {"news_url": "https://www.dcforecasts.com/bitcoin-news/texas-fort-worth-is-the-first-us-city-to-start-mining-btc/", "image_url": "https://crypto.snapi.dev/images/v1/v/j/bitcoin-mining-133974.jpeg", "title": "Texas Fort Worth Is The First US City To Start Mining BTC", "text": "Texas Fort Worth is the first US City that will start mining BTC and three Bitmain Antminer S9 mining rigs will operate daily outside of the city hall to mine the number one cryptocurrency so let's read more today in our latest Bitcoin news. Texas Fort Worth is a crypto-friendly city that will start mining [\u2026]", "source_name": "DCForecasts", "date": "Wed, 27 Apr 2022 10:12:52 -0400", "topics": ["mining"], "sentiment": "Neutral", "type": "Article", "tickers": ["BTC"]}, {"news_url": "https://www.cryptoglobe.com/latest/2022/04/ripple-ceo-says-demand-for-his-firms-xrp-powered-odl-product-has-skyrocketed/", "image_url": "https://crypto.snapi.dev/images/v1/8/x/brad-garlinghouse-at-swell-2021-133973.jpg", "title": "Ripple CEO Says Demand for His Firm's $XRP-Powered ODL Product Has \u201cSkyrocketed\u201d", "text": "On Tuesday (April 26), Brad Garlinghouse, CEO of Californian FinTech firm Ripple, talked about his company's court battle with the U.S. Securities and Exchange Commission (SEC), which is arguing that $XRP is an unregistered security, as well as how $XRP is being used outside the U.S. As you may remember, on 22 December 2020, the [\u2026]", "source_name": "CryptoGlobe", "date": "Wed, 27 Apr 2022 10:10:32 -0400", "topics": [], "sentiment": "Positive", "type": "Article", "tickers": ["XRP"]}, {"news_url": "https://www.investingcube.com/crypto-etp-issuer-21-shares-lists-bitcoin-and-gold-etp-in-swiss-exchange/", "image_url": "https://crypto.snapi.dev/images/v1/p/c/crypto10-133967.jpg", "title": "Crypto ETP Issuer, 21 Shares Lists Bitcoin and Gold ETP In Swiss Exchange", "text": "21Shares AG, the world's largest issuer of crypto ETPs, has listed anew cryptocurrency ETP on the SIX Swiss Exchange . The product will trade under 21Shares ByteTree BOLD ETP (BOLD).", "source_name": "InvestingCube", "date": "Wed, 27 Apr 2022 10:04:01 -0400", "topics": [], "sentiment": "Neutral", "type": "Article", "tickers": ["BTC"]}, {"news_url": "https://u.today/ripple-names-new-companies-to-start-making-nfts-on-xrp-ledger-using-250-million-creator-fund?SNAPI", "image_url": "https://crypto.snapi.dev/images/v1/s/w/14356-133968.jpg", "title": "Ripple Names New Companies to Start Making NFTs on XRP Ledger Using $250 Million Creator Fund", "text": "Ripple has unveiled the final teams of NFT makers to join the company's Creator Fund that offers $250 million of funding", "source_name": "UToday", "date": "Wed, 27 Apr 2022 10:04:00 -0400", "topics": ["NFT"], "sentiment": "Neutral", "type": "Article", "tickers": ["XRP"]}, {"news_url": "https://www.dcforecasts.com/bitcoin-news/doge-plunges-12-as-bitcoin-dumps-to-6-week-low-analysis/", "image_url": "https://crypto.snapi.dev/images/v1/g/t/cryptocurrency-market-overview-source-quantify-crypto-14-133965.png", "title": "DOGE Plunges 12% As Bitcoin Dumps To 6-Week Low: Analysis", "text": "DOGE plunges 12% as Bitcoin dumps to a 6-week low since its voyage above $40K didn't last long as we can see more today in our latest cryptocurrency news. Doge is in the deep red as of today and Bitcoin soared above $40,000 but then reversed its trajectory and dumped to a six-week low below [\u2026]", "source_name": "DCForecasts", "date": "Wed, 27 Apr 2022 10:02:19 -0400", "topics": [], "sentiment": "Negative", "type": "Article", "tickers": ["BTC", "DOGE"]}, {"news_url": "https://coinmarketcap.com/alexandria/article/bitcoin-news-chivo-wallet-use-has-plummeted-in-el-salvador-report-claims", "image_url": "https://crypto.snapi.dev/images/v1/l/1/f7ae1f6177e94711aa0af6cce7fad741-133964.png", "title": "Bitcoin News: Chivo Wallet Use Has Plummeted in El Salvador, Report Claims", "text": "El Salvador adopted Bitcoin as legal tender back in September 2021 \u2014 eight months on, it's claimed just 20% of businesses accept BTC as a payment method.", "source_name": "CoinMarketCap", "date": "Wed, 27 Apr 2022 10:02:15 -0400", "topics": [], "sentiment": "Negative", "type": "Article", "tickers": ["BTC"]}, {"news_url": "https://www.trustnodes.com/2022/04/27/former-french-colony-declares-bitcoin-legal-tender", "image_url": "https://crypto.snapi.dev/images/v1/6/y/faustin-archange-cfa-president-133962.png", "title": "Former French Colony Declares Bitcoin Legal Tender", "text": "One of the poorest country in the world makes the loudest noise in joining El Salvador to declare bitcoin as legal tender. \u201cThe adoption of bitcoin as an official currency.", "source_name": "Trustnodes", "date": "Wed, 27 Apr 2022 09:58:59 -0400", "topics": ["paywall"], "sentiment": "Positive", "type": "Article", "tickers": ["BTC"]}, {"news_url": "https://cryptopotato.com/starlay-finance-a-polkadot-lending-protocol-sets-ido-date-for-april-28/", "image_url": "https://crypto.snapi.dev/images/v1/1/6/starlay-finance-133961.jpg", "title": "Starlay Finance, a Polkadot Lending Protocol, Sets IDO Date for April 28", "text": "[PRESS RELEASE \u2013 Please Read Disclaimer] Starlay Finance is a fast-rising lending protocol on Astar Network powering a novel model for quick and easy borrowing and depositing assets. Currently, the project has a valuation of over $400TVL in about two months, earning it the No.1 lending protocol spot on Polkadot.", "source_name": "CryptoPotato", "date": "Wed, 27 Apr 2022 09:56:19 -0400", "topics": ["IDO"], "sentiment": "Neutral", "type": "Article", "tickers": ["DOT"]}, {"news_url": "https://www.dcforecasts.com/bitcoin-news/bitcoin-remains-less-volatile-than-tesla-and-apple-binance-ceo/", "image_url": "https://crypto.snapi.dev/images/v1/5/h/bitcoin20legal20tender-id-4c8178db-5221-431e-ad0c-0b576bf06bdb-size900-133817-133960.jpg", "title": "Bitcoin Remains Less Volatile Than Tesla And Apple: Binance CEO", "text": "Bitcoin remains less volatile than Tesla and Apple stocks according to the Binance CEO Changpeng Zhao, as we can see more today In our latest Bitcoin news today. If you take a look at the data, Bitcoin remains less volatile than Tesla and apple and Zhao also said that the exchange will have good news [\u2026]", "source_name": "DCForecasts", "date": "Wed, 27 Apr 2022 09:55:36 -0400", "topics": [], "sentiment": "Negative", "type": "Article", "tickers": ["BTC"]}, {"news_url": "https://en.cryptonomist.ch/2022/04/27/ethereum-optimism-launches-governance-token/", "image_url": "https://crypto.snapi.dev/images/v1/w/q/optimism-300x200-133970.jpeg", "title": "Ethereum, Optimism launches OP governance token", "text": "It will be distributed soon with an initial airdrop", "source_name": "The Cryptonomist", "date": "Wed, 27 Apr 2022 09:55:29 -0400", "topics": [], "sentiment": "Positive", "type": "Article", "tickers": ["ETH"]}, {"news_url": "https://finbold.com/crypto-community-with-80-historical-accuracy-sets-ethereum-price-for-may-31-2022/?SNAPI", "image_url": "https://crypto.snapi.dev/images/v1/r/n/crypto-community-with-80-historical-accuracy-sets-ethereum-price-for-may-31-2022-133959.jpg", "title": "Crypto community with 80% historical accuracy sets Ethereum price for May 31, 2022", "text": "Ethereum (ETH) may have been trading bearishly for the past week, along with the general cryptocurrency market, but the crypto.", "source_name": "Finbold", "date": "Wed, 27 Apr 2022 09:53:34 -0400", "topics": [], "sentiment": "Neutral", "type": "Article", "tickers": ["ETH"]}, {"news_url": "https://news.bitcoin.com/bitcoin-ethereum-technical-analysis-btc-slips-below-40000-yet-again-following-brief-rebound-on-tuesday/", "image_url": "https://crypto.snapi.dev/images/v1/x/i/shutterstock-1973276057-133953.jpg", "title": "Bitcoin, Ethereum Technical Analysis: BTC Slips Below $40,000 yet Again, Following Brief Rebound on Tuesday\u00a0", "text": "Following a brief rally on Tuesday, BTC once again dropped below the $40,000 level during today's session. Wednesday's selloff has seen prices fall by as much as 4%, whilst ETH also declined by the same amount. Bitcoin The world's largest cryptocurrency moved lower on Wednesday, following a brief rally during yesterday's trading session. Following a [\u2026]", "source_name": "Bitcoin", "date": "Wed, 27 Apr 2022 09:43:58 -0400", "topics": ["tanalysis"], "sentiment": "Neutral", "type": "Article", "tickers": ["BTC", "ETH"]}, {"news_url": "https://coinmarketcap.com/alexandria/article/fort-worth-becomes-first-city-in-u-s-to-mine-bitcoin-as-new-york-starts-clampdown", "image_url": "https://crypto.snapi.dev/images/v1/9/j/3bb3c6de011143079e356050cc69081c-133951.jpeg", "title": "Fort Worth Becomes First City in U.S. to Mine Bitcoin, as New York Starts Clampdown", "text": "Three S9 Bitcoin mining machines are going to operate 24 hours a day in a climate-controlled data center within Fort Worth City Hall.", "source_name": "CoinMarketCap", "date": "Wed, 27 Apr 2022 09:40:41 -0400", "topics": [], "sentiment": "Neutral", "type": "Article", "tickers": ["BTC"]}, {"news_url": "https://www.theblockcrypto.com/post/143738/central-african-republic-adds-bitcoin-as-legal-currency-afp", "image_url": "https://crypto.snapi.dev/images/v1/q/y/210930-bitcoin-funding-general-800x450-133950.jpg", "title": "Central African Republic adds bitcoin as legal currency: AFP", "text": "The landlocked African nation joins El Salvador as the second country to adopt bitcoin as a legal currency. The post Central African Republic adds bitcoin as legal currency: AFP appeared first on The Block.", "source_name": "The Block", "date": "Wed, 27 Apr 2022 09:31:31 -0400", "topics": [], "sentiment": "Neutral", "type": "Article", "tickers": ["BTC"]}, {"news_url": "https://cryptodaily.co.uk/2022/04/decentralized-launchpad-vent-finance-is-going-multi-chain-adds-ethereum-and-bsc-networks", "image_url": "https://crypto.snapi.dev/images/v1/w/x/44444-1-133946.png", "title": "Decentralized Launchpad, Vent Finance Is Going Multi-chain, Adds Ethereum and BSC Networks", "text": "Image source: Vent Finance Decentralized crowdfunding ecosystem, Vent Finance is adding Binance Smart Chain (BSC) and Ethereum blockchain networks to its ecosystem in a bid to become a full-scale multi-chain IDO launchpad. Having connected its ecosystem to Polygon and Cardano in the past, the Vent launchpad will now be available to all participants and project creators across three blockchains, the statement from the team reads.", "source_name": "Crypto Daily", "date": "Wed, 27 Apr 2022 09:30:00 -0400", "topics": [], "sentiment": "Neutral", "type": "Article", "tickers": ["BSC", "ETH"]}, {"news_url": "https://cryptonews.com/news/nobody-big-enough-manipulate-bitcoin-but-altcoins-offer-superior-returns-panteras-morehead-says.htm", "image_url": "https://crypto.snapi.dev/images/v1/w/f/911e3d9dd6-133947.jpg", "title": "\u2018Nobody Big Enough' to Manipulate Bitcoin, but Altcoins Offer Superior Returns, Pantera's Morehead Says", "text": "Around USD 70bn is traded in the bitcoin (BTC) market every day, meaning that the market is too large for any single actor to manipulate, crypto hedge fund Pantera Capital's CEO Dan Morehead said, explaining his firm's strategy of focusing on altcoin investing.", "source_name": "Cryptonews", "date": "Wed, 27 Apr 2022 09:28:00 -0400", "topics": [], "sentiment": "Positive", "type": "Article", "tickers": ["BTC"]}, {"news_url": "https://cryptopotato.com/worlds-first-etp-with-combined-bitcoin-gold-exposure-launches-on-six-swiss-exchange/", "image_url": "https://crypto.snapi.dev/images/v1/h/j/bitcoingold-min-133934.jpg", "title": "World's First ETP With Combined Bitcoin, Gold Exposure Launches on SIX Swiss Exchange", "text": "For the first time in its history, the new ETP, unveiled by 21Shares and ByteTree Asset Management, will bet on bitcoin and gold.", "source_name": "CryptoPotato", "date": "Wed, 27 Apr 2022 09:15:55 -0400", "topics": [], "sentiment": "Positive", "type": "Article", "tickers": ["BTC"]}, {"news_url": "https://coinpedia.org/price-analysis/what-traders-can-expect-from-the-bitcoinbtc-price-for-the-upcoming-24-to-48-hours/", "image_url": "https://crypto.snapi.dev/images/v1/x/s/crypto8-133935.jpg", "title": "What Traders Can Expect from the Bitcoin(BTC) Price for the Upcoming 24 to 48 Hours?", "text": "Bitcoin price again dropped off $39,000 a couple of times when it attempted a \u2018V-shaped' recovery from the recent losses. The bulls here are not attempting to push the price beyond $40,000 nor allowing it to drop below $38,500 for a long time. And hence it can be speculated that the BTC price may eventually \u2026", "source_name": "CoinPedia", "date": "Wed, 27 Apr 2022 09:15:48 -0400", "topics": [], "sentiment": "Neutral", "type": "Article", "tickers": ["BTC"]}, {"news_url": "https://finbold.com/central-african-republic-officially-adopts-bitcoin-as-legal-tender/?SNAPI", "image_url": "https://crypto.snapi.dev/images/v1/x/x/central-african-republic-officially-adopts-bitcoin-as-legal-tender-133931.jpg", "title": "Central African Republic officially adopts Bitcoin as legal tender", "text": "The Central African Republic (CAR) has officially adopted Bitcoin as legal tender, according to the president's office, making it the.", "source_name": "Finbold", "date": "Wed, 27 Apr 2022 09:12:26 -0400", "topics": [], "sentiment": "Positive", "type": "Article", "tickers": ["BTC"]}, {"news_url": "https://cointelegraph.com/news/ex-bitmex-ceo-explains-how-bitcoin-will-hit-1-million-by-2030", "image_url": "https://crypto.snapi.dev/images/v1/5/p/840-ahr0chm6ly9zmy5jb2ludgvszwdyyxbolmnvbs91cgxvywrzlziwmjitmdqvotuzntdkmmetndk0yy00njk0ltk0zdetnjhkyzhjogm2zmy1lmpwzw-133928.jpg", "title": "Ex-BitMEX CEO explains how Bitcoin will hit $1 million by 2030", "text": "The European Union \"is finished,\" Arthur Hayes says, while yield curve control will put the U.S. in a \"doom loop.\"", "source_name": "Cointelegraph", "date": "Wed, 27 Apr 2022 09:10:18 -0400", "topics": [], "sentiment": "Positive", "type": "Article", "tickers": ["BTC"]}, {"news_url": "https://u.today/1153-million-xrp-sent-by-ripple-and-large-exchanges-to-this-destination?SNAPI", "image_url": "https://crypto.snapi.dev/images/v1/e/g/14351-133927.jpg", "title": "115.3 Million XRP Sent by Ripple and Large Exchanges to This Destination", "text": "Ripple giant has taken part in moving a staggering amount of XRP tokens, sending crypto to these platforms", "source_name": "UToday", "date": "Wed, 27 Apr 2022 09:07:00 -0400", "topics": [], "sentiment": "Neutral", "type": "Article", "tickers": ["XRP"]}, {"news_url": "https://crypto-economy.com/worlds-first-combined-btc-gold-etp-launches-on-six/", "image_url": "https://crypto.snapi.dev/images/v1/n/r/hot-air-balloon-2411851-1280-e1651056497938-134282.jpg", "title": "World's First Combined BTC, Gold ETP Launches on SIX", "text": "The first ever exchange traded product (ETP) combining Bitcoin (BTC) and Gold launches on Europe's 3rd biggest stock exchange, SIX Swiss Exchange. The European Union...", "source_name": "Crypto Economy", "date": "Wed, 27 Apr 2022 09:05:55 -0400", "topics": [], "sentiment": "Positive", "type": "Article", "tickers": ["BTC"]}, {"news_url": "https://www.theblockcrypto.com/linked/143683/bitcoin-miner-foundry-acquires-web3-firm-upstate-interactive", "image_url": "https://crypto.snapi.dev/images/v1/t/b/20211005-acquisitions-800x450-133925.jpg", "title": "Bitcoin miner Foundry acquires web3 firm Upstate Interactive", "text": "The two New York-based companies previously worked together to launch Foundry's staking business. The post Bitcoin miner Foundry acquires web3 firm Upstate Interactive appeared first on The Block.", "source_name": "The Block", "date": "Wed, 27 Apr 2022 09:01:15 -0400", "topics": ["mining"], "sentiment": "Positive", "type": "Article", "tickers": ["BTC"]}, {"news_url": "https://cryptodaily.co.uk/2022/04/meet-fort-worth-the-first-us-city-to-mine-bitcoin", "image_url": "https://crypto.snapi.dev/images/v1/c/s/bitcoin-mining-fort-worth-133920.jpg", "title": "Meet Fort Worth \u2013 The First US City To Mine Bitcoin", "text": "Fort Worth, Texas, has become the first US city to mine Bitcoin after three mining machines were donated to the city by the Texas Blockchain Council.\u00a0 Fort Worth Starts BTC Mining The Bitcoin mining program was unanimously approved by the city councilors of Fort Worth on Tuesday.", "source_name": "Crypto Daily", "date": "Wed, 27 Apr 2022 08:52:00 -0400", "topics": [], "sentiment": "Neutral", "type": "Article", "tickers": ["BTC"]}, {"news_url": "https://www.youtube.com/watch?v=yxdFcWK4tx4", "image_url": "https://crypto.snapi.dev/images/v1/a/c/bitcoin-vs-gold-goldman-sachs-133819-133919.jpg", "title": "Bitcoin Trading Below $40K After 5% Decline, Framework Ventures Doubling Down on Web 3 Gaming", "text": "Live from Salt/FTX Crypto Bahamas: \"First Mover\" host Christine Lee is joined by CoinFund President Chris Perkins with a look at crypto markets and Mary-Catherine Lader of Uniswap discusses the company's Swap Widget launch. Plus, Vance Spencer, Framework Ventures Co-Founder, shares his investment strategy in Web 3 gaming and DeFi.", "source_name": "Coindesk", "date": "Wed, 27 Apr 2022 08:51:48 -0400", "topics": [], "sentiment": "Negative", "type": "Video", "tickers": ["BTC"]}, {"news_url": "https://www.youtube.com/watch?v=Y_OafW08eAM", "image_url": "https://crypto.snapi.dev/images/v1/m/2/anthony-scaramucci-breaks-down-bitcoins-correlation-with-tech-stocks-133916.jpg", "title": "Anthony Scaramucci breaks down bitcoin's correlation with tech stocks", "text": "Anthony Scaramucci, Skybridge Capital founder, joins CNBC's 'Squawk Box' to break down moves in crypto and Fidelity's recent decision to allow retirement savers to place bitcoin in their portfolio.", "source_name": "CNBC Television", "date": "Wed, 27 Apr 2022 08:38:21 -0400", "topics": [], "sentiment": "Neutral", "type": "Video", "tickers": ["BTC"]}, {"news_url": "https://ambcrypto.com/assessing-if-bitcoin-investors-stacking-sats-amid-bearish-conundrum/", "image_url": "https://crypto.snapi.dev/images/v1/w/q/kanchanara-7e3qgnto66m-unsplash-2-1-133910.jpg", "title": "Assessing if Bitcoin investors are stacking sats amid bearish conundrum", "text": "With Bitcoin trading at $38,487.33\u00a0at press time, you'd think that investors would be sick of the king coin's seeming refusal to climb above the $40k mark \u2013 and stay there. However, a look at the data suggests this might not be the case.", "source_name": "AMBCrypto", "date": "Wed, 27 Apr 2022 08:30:47 -0400", "topics": [], "sentiment": "Negative", "type": "Article", "tickers": ["BTC"]}, {"news_url": "https://finbold.com/ethereums-role-in-digitization-of-finance-may-support-further-price-appreciation-says-commodities-expert/?SNAPI", "image_url": "https://crypto.snapi.dev/images/v1/n/m/ethereums-role-in-digitization-of-finance-may-support-further-price-appreciation-says-commodities-expert-133909.jpg", "title": "Ethereum's role in digitization of finance \u2018may support further price appreciation,'\u00a0says commodities expert", "text": "Ethereum (ETH) looks to be following the general direction of the cryptocurrency market lately, and with Bitcoin's (BTC) recent drop.", "source_name": "Finbold", "date": "Wed, 27 Apr 2022 08:29:36 -0400", "topics": [], "sentiment": "Positive", "type": "Article", "tickers": ["ETH"]}, {"news_url": "https://cryptonews.com/news/bitcoin-and-ethereum-struggle-to-recover-higher-doge-dives-ape-gains.htm", "image_url": "https://crypto.snapi.dev/images/v1/s/b/10-top-reddit-cryptos-to-invest-now-2022-133120-133411-133908.jpg", "title": "Bitcoin and Ethereum Struggle to Recover Higher, DOGE Dives, APE Gains", "text": "Bitcoin price formed a base above the USD 38,000 level and recovered above the USD 38,700 level. It is currently (12:03 PM UTC) trading around USD 39,000 and is facing a strong resistance near USD 39,200. BTC is down almost 4% in a day and 6% in a week.", "source_name": "Cryptonews", "date": "Wed, 27 Apr 2022 08:17:00 -0400", "topics": [], "sentiment": "Neutral", "type": "Article", "tickers": ["BTC", "DOGE", "ETH", "APE"]}, {"news_url": "https://cryptobriefing.com/central-african-republic-introduces-bitcoin-legal-tender/?utm_source=main_feed&utm_medium=rss", "image_url": "https://crypto.snapi.dev/images/v1/h/p/central-african-republic-bitcoin-cover-838x440-133906.png", "title": "Central African Republic Introduces Bitcoin as Legal Tender", "text": "The Central African Republic now recognizes Bitcoin as an official currency, a statement from the president's office has confirmed.", "source_name": "Crypto Briefing", "date": "Wed, 27 Apr 2022 08:14:45 -0400", "topics": [], "sentiment": "Positive", "type": "Article", "tickers": ["BTC"]}, {"news_url": "https://www.fool.com/investing/2022/04/27/1-cryptocurrency-with-5400-upside-cathie-wood/", "image_url": "https://crypto.snapi.dev/images/v1/e/t/ethereum-g79df02de7-1280-133174-133907.jpg", "title": "1 Cryptocurrency With 5,400% Upside, According to Cathie Wood", "text": "Ark Invest says Ethereum investors could see big gains over the next decade.", "source_name": "The Motley Fool", "date": "Wed, 27 Apr 2022 08:10:00 -0400", "topics": [], "sentiment": "Positive", "type": "Article", "tickers": ["ETH"]}, {"news_url": "https://coinpedia.org/price-analysis/ethereum-price-prediction-this-is-when-eth-price-may-range-back-above-3000/", "image_url": "https://crypto.snapi.dev/images/v1/l/n/crypto3-133897.jpg", "title": "Ethereum Price Prediction! This is When ETH Price May Range Back Above $3000", "text": "The crypto space just witnessed a sigh of relief as Bitcoin attempted to range beyond $39,000, but very quickly, the gains were slashed which dragged the price below again. This impacted the entire market and Ethereum is also facing tough times with the bears. They are trying to restrict the ETH price below $3900 but \u2026", "source_name": "CoinPedia", "date": "Wed, 27 Apr 2022 08:07:15 -0400", "topics": [], "sentiment": "Neutral", "type": "Article", "tickers": ["ETH"]}, {"news_url": "https://www.coindesk.com/business/2022/04/27/bitcoin-miner-blockmetrix-raises-20m-in-debt-from-bankprov-and-crosstower/", "image_url": "https://crypto.snapi.dev/images/v1/n/q/rvh3bukxt5cz3es7f655ynvbqq-133899.jpg", "title": "Bitcoin Miner Blockmetrix Raises $20M in Debt From BankProv and CrossTower", "text": "The proceeds will go toward buying more mining machines and investing in joint infrastructure ventures.", "source_name": "Coindesk", "date": "Wed, 27 Apr 2022 08:00:00 -0400", "topics": ["mining"], "sentiment": "Neutral", "type": "Article", "tickers": ["BTC"]}, {"news_url": "https://bitcoinist.com/5-btc-in-grants-the-human-rights-foundation/", "image_url": "https://crypto.snapi.dev/images/v1/0/j/bitcoindevelopmentfund-640x276-133891.jpg", "title": "Who And Why Received The 5 BTC In Grants From The Human Rights Foundation?", "text": "For the second quarter of 2012, the Human Rights Foundation's Bitcoin Development Fund distributed 500 million satoshis in grants. The receiving projects came from \u201cCuba, Turkey, Pakistan, Ghana, Venezuela, Burma, and beyond,\u201d according to Chief Strategy Officer Alex Gladstein.", "source_name": "Bitcoinist", "date": "Wed, 27 Apr 2022 07:56:33 -0400", "topics": [], "sentiment": "Neutral", "type": "Article", "tickers": ["BTC"]}, {"news_url": "https://coingape.com/?p=110610", "image_url": "https://crypto.snapi.dev/images/v1/x/b/russian-bitcoin-mining-e1648446044307-133886.jpeg", "title": "Bitcoin Mining Difficulty To Hit ATH Soon, What Does It Mean?", "text": "Bitcoin mining difficulty is expected to jump 4.51% to hit a record high of 29.50 T in the next few hours as adoption increases. The current difficulty on the entire Bitcoin network is 28.23 T and the hashrate is 219.65 EH/s.", "source_name": "Coingape", "date": "Wed, 27 Apr 2022 07:49:16 -0400", "topics": ["mining"], "sentiment": "Positive", "type": "Article", "tickers": ["BTC"]}, {"news_url": "https://dailyhodl.com/2022/04/27/4200000000000-asset-management-giant-set-to-offer-bitcoin-401-k-plans-this-year-report/", "image_url": "https://crypto.snapi.dev/images/v1/b/7/fidelity-set-offerjpgw1024-133884.jpg", "title": "$4,200,000,000,000 Asset Management Giant Set To Offer Bitcoin 401 (k) Plans This Year: Report", "text": "A new report says that asset management giant Fidelity Investments will allow participants of its company-sponsored retirement accounts to put a portion of their savings into Bitcoin (BTC). According to the New York Times, Fidelity plans to launch digital asset accounts, enabling holders of 401 (k) plans to invest in the flagship cryptocurrency if their [\u2026] The post $4,200,000,000,000 Asset Management Giant Set To Offer Bitcoin 401 (k) Plans This Year: Report appeared first on The Daily Hodl.", "source_name": "The Daily Hodl", "date": "Wed, 27 Apr 2022 07:45:18 -0400", "topics": [], "sentiment": "Positive", "type": "Article", "tickers": ["BTC"]}, {"news_url": "https://thenewscrypto.com/bitcoin-btc-prices-plummet-following-stock-and-equities-fall/?SNAPI", "image_url": "https://crypto.snapi.dev/images/v1/m/k/mode-enters-partnership-with-heroes-to-pay-employees-in-bitcoin-133883.jpg", "title": "Bitcoin (BTC) Prices Plummet Following Stock and Equities Fall", "text": "Weak results from key technology corporations fueled the most recent fall in the Nasdaq. Investors also sold down Microsoft shares", "source_name": "TheNewsCrypto", "date": "Wed, 27 Apr 2022 07:45:00 -0400", "topics": [], "sentiment": "Negative", "type": "Article", "tickers": ["BTC"]}, {"news_url": "https://coinpedia.org/bitcoin/this-is-the-reason-why-bitcoin-btc-price-is-hovering-below-40k/", "image_url": "https://crypto.snapi.dev/images/v1/x/h/crypto-bitcoin-132675-133132-133362-133876.jpg", "title": "This is The Reason Why Bitcoin (BTC) Price Is Hovering Below $40k", "text": "As the Cryptocurrency market continues with its volatility, investors move cautiously with their investment decisions. Today, Bitcoin has sunk below its key support level of $40,000 mark. This downfall has impacted the whole Cryptocurrency space. This price action has resulted in the global cryptocurrency market cap plunging by 3.41% over the last 24hrs positioned at \u2026", "source_name": "CoinPedia", "date": "Wed, 27 Apr 2022 07:30:31 -0400", "topics": [], "sentiment": "Neutral", "type": "Article", "tickers": ["BTC"]}, {"news_url": "https://www.coindesk.com/layer2/2022/04/27/so-what-if-the-ethereum-foundation-holds-fiat/", "image_url": "https://crypto.snapi.dev/images/v1/s/o/hrkgiw62abay3e2dlldettqily-133878.jpg", "title": "So What if the Ethereum Foundation Holds Fiat?", "text": "The Ethereum Foundation disclosed in an annual report that nearly 20% of its treasury is made up of non-crypto investments.", "source_name": "Coindesk", "date": "Wed, 27 Apr 2022 07:30:00 -0400", "topics": [], "sentiment": "Neutral", "type": "Article", "tickers": ["ETH"]}, {"news_url": "https://decrypt.co/98795/bitcoin-mining-moratorium-passes-vote-in-new-york-state-assembly", "image_url": "https://crypto.snapi.dev/images/v1/k/o/bitcoin-mining-farm-gid-5-133877.jpg", "title": "Bitcoin Mining Moratorium Passes Vote in New York State Assembly", "text": "The New York State Assembly passed a two-year moratorium on crypto mining activity on Tuesday evening. Now, the bill is headed to the state's Senate.", "source_name": "Decrypt", "date": "Wed, 27 Apr 2022 07:29:03 -0400", "topics": ["mining"], "sentiment": "Negative", "type": "Article", "tickers": ["BTC"]}, {"news_url": "https://u.today/ethereum-might-be-on-bottom-according-to-this-metric-intotheblock?SNAPI", "image_url": "https://crypto.snapi.dev/images/v1/g/5/14339-133866.jpg", "title": "Ethereum Might Be on Bottom According to This Metric: IntoTheBlock", "text": "Ethereum might be bottoming out on the market as profitability of the asset dips below 70%", "source_name": "UToday", "date": "Wed, 27 Apr 2022 07:07:00 -0400", "topics": [], "sentiment": "Negative", "type": "Article", "tickers": ["ETH"]}, {"news_url": "https://cointelegraph.com/news/purpose-bitcoin-etf-adds-1-1k-btc-as-data-hints-investors-want-to-buy-the-dip", "image_url": "https://crypto.snapi.dev/images/v1/e/m/840-ahr0chm6ly9zmy5jb2ludgvszwdyyxbolmnvbs91cgxvywrzlziwmjitmdqvnwyzntmwzwitmwjjms00ytvklwezzmmtzdiznwflzwizywvjlmpwzw-133865.jpg", "title": "Purpose Bitcoin ETF adds 1.1K BTC as data hints investors want to 'buy the dip'", "text": "The world's flagship Bitcoin spot ETF is back buying Bitcoin after spending four weeks reducing its holdings.", "source_name": "Cointelegraph", "date": "Wed, 27 Apr 2022 07:01:26 -0400", "topics": [], "sentiment": "Positive", "type": "Article", "tickers": ["BTC"]}, {"news_url": "https://crypto.news/starlay-finance-the-leading-polkadot-lending-protocol-announces-28th-april-for-its-ido-event/", "image_url": "https://crypto.snapi.dev/images/v1/1/c/starlay-finance-the-leading-polkadot-lending-protocol-announces-28th-april-for-its-ido-event-133999.jpg", "title": "Starlay Finance, the Leading Polkadot Lending Protocol, Announces 28th April for Its IDO Event\u00a0", "text": "Starlay Finance is a fast-rising lending protocol on Astar Network powering a novel model for quick and easy borrowing and depositing assets. Currently, the project has a valuation of over $400TVL in about two months, earning it the No.1 lending\u2026", "source_name": "Crypto news", "date": "Wed, 27 Apr 2022 07:00:00 -0400", "topics": ["IDO"], "sentiment": "Positive", "type": "Article", "tickers": ["DOT"]}, {"news_url": "https://insidebitcoins.com/news/5-next-cryptos-to-buy-for-10x-returns-april-2022-week-4", "image_url": "https://crypto.snapi.dev/images/v1/c/r/crypto-133868.jpg", "title": "5 Next Cryptos To Buy For 10\u00d7 Returns \u2013 April 2022 Week 4", "text": "Large-cap assets like Bitcoin and Ethereum are posting low gains given their colossal market caps. Given this, investors are on the hunt for lower-cap alternatives [.", "source_name": "Inside Bitcoins", "date": "Wed, 27 Apr 2022 06:58:54 -0400", "topics": [], "sentiment": "Positive", "type": "Article", "tickers": ["DOT", "LBLOCK", "SOL", "UNI", "YFI"]}, {"news_url": "https://cryptonews.com/news/as-bitcoin-keeps-tanking-arthur-hayes-joins-chorus-of-usd-1m-btc-predictors-and-warns-of-the-doom-loop.htm", "image_url": "https://crypto.snapi.dev/images/v1/j/x/f7f838d163-133863.jpg", "title": "As Bitcoin Keeps Tanking, Arthur Hayes Joins Chorus of USD 1m BTC Predictors and Warns of 'The Doom Loop'", "text": "With the price of bitcoin (BTC) falling lower, former BitMEX CEO Arthur Hayes is joining the ranks of the most bullish bitcoin proponents, with a USD 1m price prediction as part of what he calls \u201cthe doom loop\u201d that started with sanctioning Russia over its invasion of Ukraine.", "source_name": "Cryptonews", "date": "Wed, 27 Apr 2022 06:56:00 -0400", "topics": [], "sentiment": "Negative", "type": "Article", "tickers": ["BTC"]}, {"news_url": "https://www.fool.com/investing/2022/04/27/got-500-2-top-cryptocurrencies-to-buy-for-the-long/", "image_url": "https://crypto.snapi.dev/images/v1/e/t/ethereum-g79df02de7-1280-133174-133861.jpg", "title": "Got $500? 2 Top Cryptocurrencies to Buy for the Long Haul", "text": "Ethereum and Ripple could make excellent long-term investments.", "source_name": "The Motley Fool", "date": "Wed, 27 Apr 2022 06:50:00 -0400", "topics": [], "sentiment": "Positive", "type": "Article", "tickers": ["ETH", "XRP"]}, {"news_url": "https://en.cryptonomist.ch/2022/04/27/australia-launch-its-first-spot-bitcoin-etf/", "image_url": "https://crypto.snapi.dev/images/v1/q/p/australia-etf-bitcoin-300x200-133898.jpeg", "title": "Australia and the launch of its first spot Bitcoin ETF", "text": "The example of Canada with its spot funds has set the standard", "source_name": "The Cryptonomist", "date": "Wed, 27 Apr 2022 06:49:00 -0400", "topics": [], "sentiment": "Positive", "type": "Article", "tickers": ["BTC"]}, {"news_url": "https://koinpost.com/2022/04/27/mintable-launches-industry-changing-gas-free-minting-service-on-ethereum/", "image_url": "https://crypto.snapi.dev/images/v1/e/t/ethereum-price-analysis-2022-04-22-132180-132394-133860.png", "title": "Mintable Launches Industry Changing Gas Free Minting Service on Ethereum", "text": "Singapore, Singapore, 27th April, 2022, Chainwire The newest service tailored towards enterprises from Mintable is a gas-free minting product called Mintology.\u00a0 Mintable is a technology\u2026", "source_name": "Koinpost", "date": "Wed, 27 Apr 2022 06:48:31 -0400", "topics": [], "sentiment": "Neutral", "type": "Article", "tickers": ["ETH"]}, {"news_url": "https://cryptobriefing.com/dual-bitcoin-gold-etp-to-start-trading-in-europe/?utm_source=main_feed&utm_medium=rss", "image_url": "https://crypto.snapi.dev/images/v1/n/j/shutterstock-1078021478-838x440-133857.png", "title": "Dual Bitcoin-Gold ETP to Start Trading in Europe", "text": "The new ETP outperformed both the S&P 500 and the NASDAQ 100 in backtesting.\u00a0", "source_name": "Crypto Briefing", "date": "Wed, 27 Apr 2022 06:47:14 -0400", "topics": [], "sentiment": "Neutral", "type": "Article", "tickers": ["BTC"]}, {"news_url": "https://cryptonews.com/news/another-bitcoin-solo-miner-wins-the-block-race.htm", "image_url": "https://crypto.snapi.dev/images/v1/x/c/adobestock-amixstudio-1-1-133855.jpg", "title": "Another Bitcoin Solo Miner Wins the Block Race", "text": "A solo Bitcoin (BTC) miner with a hashrate capacity of 60 terahashes per second (TH/s) has added a new block to the Bitcoin blockchain, registering the block reward of BTC 6.25 (USD 244,074).", "source_name": "Cryptonews", "date": "Wed, 27 Apr 2022 06:36:00 -0400", "topics": ["mining"], "sentiment": "Positive", "type": "Article", "tickers": ["BTC"]}, {"news_url": "https://www.forbes.com/sites/rufaskamau/2022/04/27/how-stagflation-could-trigger-global-bitcoin-adoption/", "image_url": "https://crypto.snapi.dev/images/v1/e/h/how-stagflation-could-trigger-global-bitcoin-adoption-133847.jpg", "title": "How Stagflation Could Trigger Global Bitcoin Adoption", "text": "It is a period where central banks experience a zugzwang situation where monetary tools meant to control rising inflation lead to higher unemployment and lower economic production.", "source_name": "Forbes", "date": "Wed, 27 Apr 2022 06:19:20 -0400", "topics": [], "sentiment": "Positive", "type": "Article", "tickers": ["BTC"]}, {"news_url": "https://cointelegraph.com/news/21shares-launches-hybrid-bitcoin-and-gold-etp-to-enable-inflation-hedge", "image_url": "https://crypto.snapi.dev/images/v1/g/l/840-ahr0chm6ly9zmy5jb2ludgvszwdyyxbolmnvbs91cgxvywrzlziwmjitmdqvn2i4oguxzmetzdrjni00zdqwltkyyjetzgm3y2riytkymte3lmpwzw-133844.jpg", "title": "21Shares launches hybrid Bitcoin and gold ETP to enable inflation hedge", "text": "Launched in cooperation with ByteTree, the new BOLD ETP by 21Shares comprises 18.5% of BTC and 81.5% of gold at launch.", "source_name": "Cointelegraph", "date": "Wed, 27 Apr 2022 06:15:00 -0400", "topics": [], "sentiment": "Positive", "type": "Article", "tickers": ["BTC"]}, {"news_url": "https://cryptonews.com/news/marvelous-money-making-opportunities-with-these-new-cryptocurrency-tokens-calyx-token-clx-solana-sol-and-parody-coin-paro.htm", "image_url": "https://crypto.snapi.dev/images/v1/u/2/unnamed-19-133838.jpg", "title": "Marvelous Money-making opportunities with these New Cryptocurrency Tokens: Calyx Token (CLX), Solana (SOL), and Parody Coin (PARO)", "text": "Disclaimer: The text below is an advertorial article that was not written by Cryptonews.com journalists.", "source_name": "Cryptonews", "date": "Wed, 27 Apr 2022 06:14:00 -0400", "topics": [], "sentiment": "Positive", "type": "Article", "tickers": ["CLX", "PARO", "SOL"]}, {"news_url": "https://coinpedia.org/ethereum/ethereum-to-continue-downtrend-this-on-chain-metric-points-steeper-correction-for-eth-price/", "image_url": "https://crypto.snapi.dev/images/v1/y/w/artboard-e28093-42-1-132695-133659-133828.png", "title": "Ethereum To Continue Downtrend, This On-Chain Metric Points Steeper Correction For ETH Price!", "text": "The second-largest cryptocurrency, Ethereum, had found a little grip around the $3000 level a couple of days before. However, that didn't last long as the lead altcoin slipped from $3,030 and spiked below $2,800. Currently, the Ethereum price is trying to gain an upside correction. At the press time, ETH price is valued at $2,881 \u2026", "source_name": "CoinPedia", "date": "Wed, 27 Apr 2022 06:06:19 -0400", "topics": [], "sentiment": "Negative", "type": "Article", "tickers": ["ETH"]}, {"news_url": "https://coinmarketcap.com/alexandria/article/central-african-republic-bitcoin-adopted-as-legal-tender-confusion-over-what-crypto-bill-means", "image_url": "https://crypto.snapi.dev/images/v1/r/h/486280a2a5704fc593f4b717657d0c7a-133822.jpg", "title": "Central African Republic: Bitcoin Adopted as Legal Tender? Confusion over What Crypto Bill Means", "text": "A finance minister says the CAR is not following in El Salvador's footsteps by adopting Bitcoin as legal tender \u2014 but a news release suggests otherwise.", "source_name": "CoinMarketCap", "date": "Wed, 27 Apr 2022 05:40:57 -0400", "topics": [], "sentiment": "Neutral", "type": "Article", "tickers": ["BTC"]}, {"news_url": "https://www.thecryptoupdates.com/big-news-new-york-state-assembly-bans-bitcoin-mining/", "image_url": "https://crypto.snapi.dev/images/v1/o/s/28673-new-york-to-vote-on-crypto-mining-bill-could-become-the-first-us-state-to-ban-bitcoin-mining-480x320-133821.jpg", "title": "Big News: New York State Assembly Bans Bitcoin Mining", "text": "The Bitcoin News Twitter page Bitcoin Archive recently broke the news that the New York State Assembly has passed a bill banning Bitcoin mining. It...", "source_name": "TCU", "date": "Wed, 27 Apr 2022 05:36:57 -0400", "topics": ["mining"], "sentiment": "Negative", "type": "Article", "tickers": ["BTC"]}, {"news_url": "https://coingape.com/?p=110601", "image_url": "https://crypto.snapi.dev/images/v1/k/3/bitcoin-vs-gold-goldman-sachs-133819.jpg", "title": "This Upcoming ETF Hedges Both Bitcoin And Gold Against Inflation", "text": "Fund manager 21Shares is set to launch a new exchange-traded product (ETP) that will track both Bitcoin and Gold under one instrument. The ETP is set to begin trading on the SIX Swiss Exchange this week.", "source_name": "Coingape", "date": "Wed, 27 Apr 2022 05:35:19 -0400", "topics": [], "sentiment": "Neutral", "type": "Article", "tickers": ["BTC"]}, {"news_url": "https://www.fool.com/investing/2022/04/27/2-reasons-buy-ethereum-now-1-reason-to-wait/", "image_url": "https://crypto.snapi.dev/images/v1/e/t/ethereum-movies-132261-133841.jpg", "title": "2 Great Reasons to Buy Ethereum Now, and 1 Reason to Wait", "text": "Is Ethereum right for you?", "source_name": "The Motley Fool", "date": "Wed, 27 Apr 2022 05:30:00 -0400", "topics": [], "sentiment": "Neutral", "type": "Article", "tickers": ["ETH"]}, {"news_url": "https://invezz.com/news/2022/04/27/ethereum-alternatives-you-wont-want-to-miss/", "image_url": "https://crypto.snapi.dev/images/v1/f/p/ethereums-cryptokitties-makers-launch-playground-for-dapp-developers-133816.jpg", "title": "Ethereum alternatives you won't want to miss", "text": "Ethereum's on-chain data hit a further downside for the price of Ether (ETH), its native cryptocurrency token. ETH's price is unlikely to rally above $3,500 soon. Ethereum's value decreased by 3% in the last 24 hours alone. According to data from CoinMetrics, there are currently 564.644K daily active addresses on average, which is a 4% [\u2026] The post Ethereum alternatives you won't want to miss appeared first on Invezz.", "source_name": "Invezz", "date": "Wed, 27 Apr 2022 05:29:58 -0400", "topics": [], "sentiment": "Neutral", "type": "Article", "tickers": ["ETH"]}, {"news_url": "https://www.financemagnates.com/cryptocurrency/first-african-country-is-a-step-closer-to-adopting-bitcoin/", "image_url": "https://crypto.snapi.dev/images/v1/x/u/bitcoin20legal20tender-id-4c8178db-5221-431e-ad0c-0b576bf06bdb-size900-133817.jpg", "title": "First African Country Is a Step Closer to Adopting Bitcoin", "text": "Central African Republic (CAR) passed a bill that formerly adopts Bitcoin as legal tender. This means that cryptocurrencies may be recognized as means of payments.", "source_name": "FinanceMagnates", "date": "Wed, 27 Apr 2022 05:27:00 -0400", "topics": [], "sentiment": "Neutral", "type": "Article", "tickers": ["BTC"]}, {"news_url": "https://www.thecryptoupdates.com/an-american-politician-says-that-criticizing-proof-of-work-means-targeting-btc/", "image_url": "https://crypto.snapi.dev/images/v1/c/f/01-12-2022-warren-davidson-480x320-133813.webp", "title": "An American Politician Says That Criticizing Proof-of-Work Means Targeting BTC", "text": "Leading American politician and former military officer Warren Davidson tweeted, showing his unacceptance of the tweet from the World Economic Forum on Bitcoin. The tweet...", "source_name": "TCU", "date": "Wed, 27 Apr 2022 05:10:11 -0400", "topics": [], "sentiment": "Negative", "type": "Article", "tickers": ["BTC"]}, {"news_url": "https://www.newsbtc.com/news/bitcoin/institutional-investors-bearish-on-bitcoin-ethereum-heres-what-theyre-buying/", "image_url": "https://crypto.snapi.dev/images/v1/x/3/institutional-investors-133809.jpeg", "title": "Institutional Investors Bearish On Bitcoin, Ethereum. Here's What They're Buying", "text": "Bitcoin and Ethereum have always been at the forefront for institutional investors. This is with good reasons too as not only are these the largest cryptocurrencies by market cap, but they are also the most popular with the best prospects.", "source_name": "NewsBTC", "date": "Wed, 27 Apr 2022 05:00:32 -0400", "topics": ["institutions"], "sentiment": "Negative", "type": "Article", "tickers": ["BTC", "ETH"]}, {"news_url": "https://cryptodaily.co.uk/2022/04/bitcoin-moving-to-greener-pastures-60-percent-of-mining-is-now-sustainable", "image_url": "https://crypto.snapi.dev/images/v1/q/s/bitcoin-mining-green-133811.jpg", "title": "Bitcoin Moving To Greener Pastures? 60% Of Mining Is Now Sustainable", "text": "Bitcoin is finally moving away from what many consider its Achilles heel, its reliance on non-renewable sources of energy. According to the Bitcoin Mining Council's latest quarterly survey, the bitcoin mining industry is increasing its dependence on electricity from sustainable sources, significantly reducing its dependence on non-renewables.", "source_name": "Crypto Daily", "date": "Wed, 27 Apr 2022 04:56:00 -0400", "topics": ["mining"], "sentiment": "Positive", "type": "Article", "tickers": ["BTC"]}, {"news_url": "https://cryptopotato.com/rollercoaster-bitcoin-dumped-to-6-week-low-dogecoin-plunges-12-market-watch/", "image_url": "https://crypto.snapi.dev/images/v1/6/w/red-light-133806.jpg", "title": "Rollercoaster: Bitcoin Dumped to 6-Week Low, Dogecoin Plunges 12% (Market Watch)", "text": "Bitcoin's voyage above $40,000 didn't last long as the asset dumped to a six-week low shortly after. Dogecoin is also deep in the red.", "source_name": "CryptoPotato", "date": "Wed, 27 Apr 2022 04:54:46 -0400", "topics": [], "sentiment": "Negative", "type": "Article", "tickers": ["BTC", "DOGE"]}, {"news_url": "https://u.today/bitcoin-predicted-to-hit-1-million-in-eight-years-by-arthur-hayes?SNAPI", "image_url": "https://crypto.snapi.dev/images/v1/t/8/14329-133805.jpg", "title": "Bitcoin Predicted to Hit $1 Million in Eight Years by Arthur Hayes", "text": "Arthur Hayes predicts that Bitcoin farm-to-table economies will start sprouting all over the globe", "source_name": "UToday", "date": "Wed, 27 Apr 2022 04:52:00 -0400", "topics": [], "sentiment": "Neutral", "type": "Article", "tickers": ["BTC"]}, {"news_url": "https://cointelegraph.com/news/bitcoin-rebounds-off-6-week-lows-amid-warning-of-brutal-btc-price-bull-trap", "image_url": "https://crypto.snapi.dev/images/v1/m/k/840-ahr0chm6ly9zmy5jb2ludgvszwdyyxbolmnvbs91cgxvywrzlziwmjitmdqvoduynzjlnzutmgewns00owqzlwflngytyje0ndmwogrkmjq4lmpwzw-133801.jpg", "title": "Bitcoin rebounds off 6-week lows amid warning of 'brutal' BTC price bull trap", "text": "As the U.S. dollar challenges March 2020 highs, all bets are off when it comes to fresh Bitcoin price strength.", "source_name": "Cointelegraph", "date": "Wed, 27 Apr 2022 04:36:02 -0400", "topics": [], "sentiment": "Positive", "type": "Article", "tickers": ["BTC"]}, {"news_url": "https://tokenpost.com/Brazils-Bitcoin-bill-gets-approval-from-Senate-9591", "image_url": "https://crypto.snapi.dev/images/v1/o/w/2022042786031b2e89548f6b6-133814.jpg", "title": "Brazil's Bitcoin bill gets approval from Senate", "text": "Brazil just became the latest country to regulate its crypto industry. The countrys Senate just passed a bill, also known as the Bitcoin bill, that will regulate digital currencies in the country.", "source_name": "Tokenpost", "date": "Wed, 27 Apr 2022 04:14:08 -0400", "topics": [], "sentiment": "Positive", "type": "Article", "tickers": ["BTC"]}, {"news_url": "https://www.coindesk.com/business/2022/04/27/worlds-first-combined-bitcoin-gold-etp-listed-on-six/", "image_url": "https://crypto.snapi.dev/images/v1/w/x/n25q4gfaarek3kr7duum5n52pm-133797.jpg", "title": "World's First Combined Bitcoin, Gold ETP Listed on SIX", "text": "The product has been developed by ETP issuer 21Shares and cryptoasset data provider ByteTree Asset Management.", "source_name": "Coindesk", "date": "Wed, 27 Apr 2022 04:07:00 -0400", "topics": [], "sentiment": "Neutral", "type": "Article", "tickers": ["BTC"]}, {"news_url": "https://cryptonews.com/news/2-in-10-people-in-el-salvador-still-using-governments-chivo-bitcoin-app-survey.htm", "image_url": "https://crypto.snapi.dev/images/v1/i/i/adobestock-pincasso-1-1-133796.jpg", "title": "2 in 10 People in El Salvador Still Using Government's Chivo Bitcoin App \u2013 Survey", "text": "A survey has found that Salvadorans are using the state-run Chivo bitcoin (BTC) app and wallet sparingly if at all, with most simply downloading it to receive a USD 30 worth of bitcoin as a golden hello before returning to using the dollar.", "source_name": "Cryptonews", "date": "Wed, 27 Apr 2022 04:04:00 -0400", "topics": [], "sentiment": "Neutral", "type": "Article", "tickers": ["BTC"]}, {"news_url": "https://en.cryptonomist.ch/2022/04/27/elon-musk-how-bitcoin-ethereum-dogecoin-price/", "image_url": "https://crypto.snapi.dev/images/v1/3/n/prezzi-bitcoin-300x200-133808.jpeg", "title": "Elon Musk and how Bitcoin, Ethereum, Dogecoin Price are impacted by Twitter story", "text": "The Fear and Greed Index is 21 Extreme Fear and is -6 from yesterday's reading of 27 Fear.", "source_name": "The Cryptonomist", "date": "Wed, 27 Apr 2022 03:55:05 -0400", "topics": [], "sentiment": "Neutral", "type": "Article", "tickers": ["BTC", "DOGE", "ETH"]}, {"news_url": "https://en.cryptonomist.ch/2022/04/27/city-texas-will-mine-bitcoin/", "image_url": "https://crypto.snapi.dev/images/v1/p/3/texas-bitcoin-300x200-133794.jpeg", "title": "A city in Texas will mine Bitcoin", "text": "It will be done with three ASICs in the city's data centre", "source_name": "The Cryptonomist", "date": "Wed, 27 Apr 2022 03:49:26 -0400", "topics": [], "sentiment": "Neutral", "type": "Article", "tickers": ["BTC"]}, {"news_url": "https://www.cryptopolitan.com/polkadot-price-analysis-2022-04-27/", "image_url": "https://crypto.snapi.dev/images/v1/e/y/doti-768x391-1-133791.jpg", "title": "Polkadot price analysis: DOT prices recover at the $17.14 level as bulls step up to the plate", "text": "TL;DR Breakdown Polkadot price analysis shows a bearish trend DOT/USD prices are currently trading above the $17 level Major support for DOT prices is set at $16.5 Today Polkadot price analysis shows a slight recovery towards the $17.0 level as DOT prices had fallen below the $17.0 level yesterday. The prices had lost the upward.", "source_name": "Cryptopolitan", "date": "Wed, 27 Apr 2022 03:44:26 -0400", "topics": ["tanalysis"], "sentiment": "Positive", "type": "Article", "tickers": ["DOT"]}, {"news_url": "https://beincrypto.com/bitcoin-btc-negates-recent-gains-with-bearish-candlestick/", "image_url": "https://crypto.snapi.dev/images/v1/6/o/crypto-bitcoin-132675-133132-133362-133787.jpg", "title": "Bitcoin (BTC) Negates Recent Gains With Bearish Candlestick", "text": "Despite the Bitcoin (BTC) price action being firmly bearish, technical indicators suggest a significant rebound could occur soon. The post Bitcoin (BTC) Negates Recent Gains With Bearish Candlestick appeared first on BeInCrypto.", "source_name": "BeInCrypto", "date": "Wed, 27 Apr 2022 03:39:08 -0400", "topics": [], "sentiment": "Negative", "type": "Article", "tickers": ["BTC"]}, {"news_url": "https://www.financemagnates.com/cryptocurrency/news/ethereum-investment-products-see-large-weekly-outflows/", "image_url": "https://crypto.snapi.dev/images/v1/4/d/ethereum-id-186b9a46-6926-40c1-a5bb-18950dadcba6-size900-133788.jpg", "title": "Ethereum Investment Products See Large Weekly Outflows", "text": "Last week, outflows from crypto investment products slowed down a little bit amid a marginal recovery in sentiment among institutional crypto investors. However, Ethereum, the world's second-most dominant digital asset, witnessed significant outflows worth $16.9 million.", "source_name": "FinanceMagnates", "date": "Wed, 27 Apr 2022 03:39:00 -0400", "topics": [], "sentiment": "Neutral", "type": "Article", "tickers": ["ETH"]}, {"news_url": "https://coinpedia.org/altcoin/polkadot-dot-price-to-surge-3x/", "image_url": "https://crypto.snapi.dev/images/v1/3/a/crypto13-133786.jpg", "title": "Polkadot (DOT) Price To Surge 3x If Bitcoin (BTC) Price Find Pace At This Range", "text": "The month of April has been very harsh on the cryptocurrency market. Since the start of the month, the cryptocurrencies are struggling to find a stable bull run and with this the global cryptocurrency market has plunged by 4.48% over the last 24hrs. Along Bitcoin, the Altcoins too have been dragged where most of these \u2026", "source_name": "CoinPedia", "date": "Wed, 27 Apr 2022 03:31:52 -0400", "topics": [], "sentiment": "Neutral", "type": "Article", "tickers": ["BTC", "DOT"]}, {"news_url": "https://www.cryptopolitan.com/bitcoin-binance-coin-loopring-and-kyber-network-daily-price-analyses-26-april-roundup/", "image_url": "https://crypto.snapi.dev/images/v1/j/5/roundup-1140-x-570-2022-mar-allcoins-4-133785.png", "title": "Bitcoin, Binance Coin, Loopring, and Kyber Network Daily Price Analyses \u2013 26 April Roundup", "text": "TL;DR Breakdown The global crypto market has taken a sharp turn, shedding 4.98% over the last 24 hours. The changes in the market have affected Bitcoin badly as it shed 5.24% in 24 hours.", "source_name": "Cryptopolitan", "date": "Wed, 27 Apr 2022 03:11:22 -0400", "topics": [], "sentiment": "Neutral", "type": "Article", "tickers": ["BNB", "BTC", "KNC", "LRC"]}, {"news_url": "https://en.cryptonomist.ch/2022/04/27/fidelity-pension-plans-bitcoin/", "image_url": "https://crypto.snapi.dev/images/v1/l/a/fidelity-bitcoin-1-300x200-133790.jpeg", "title": "Fidelity, pension plans in Bitcoin", "text": "You will now be able to add Bitcoin to your retirement plan assets", "source_name": "The Cryptonomist", "date": "Wed, 27 Apr 2022 03:07:42 -0400", "topics": [], "sentiment": "Neutral", "type": "Article", "tickers": ["BTC"]}, {"news_url": "https://cryptoslate.com/a-response-to-the-claim-dark-tetrad-personality-types-are-drawn-to-bitcoin/", "image_url": "https://crypto.snapi.dev/images/v1/y/h/dark-tetrad-bitcoin-133784.jpg", "title": "A response to the claim \u201cdark tetrad\u201d personality types are drawn to Bitcoin", "text": "Researchers from the Queensland University of Technology recently published a study on the dark tetrad personality and cryptocurrency attitudes. The post A response to the claim \u201cdark tetrad\u201d personality types are drawn to Bitcoin appeared first on CryptoSlate.", "source_name": "CryptoSlate", "date": "Wed, 27 Apr 2022 03:01:16 -0400", "topics": [], "sentiment": "Neutral", "type": "Article", "tickers": ["BTC"]}, {"news_url": "https://coingape.com/?p=110563", "image_url": "https://crypto.snapi.dev/images/v1/d/g/bitcoin-4k-concepts-gold-coins-bitcoin-sign-e1647505245366-133782.jpg", "title": "Bitcoin's (BTC) Latest Tumble Below $40k Was Triggered By This", "text": "Bitcoin (BTC) slumped on Wednesday, sinking below a key support level and triggering mass liquidations across the crypto market. The token's latest slump appears to be directly tied to a drop in major U.S. technology stocks.", "source_name": "Coingape", "date": "Wed, 27 Apr 2022 02:45:37 -0400", "topics": [], "sentiment": "Negative", "type": "Article", "tickers": ["BTC"]}, {"news_url": "https://coinpedia.org/bitcoin/bloodbath-in-crypto-space-is-imminent-will-bitcoin-btc-price-stand-above-all-odds-to-reach-50000/", "image_url": "https://crypto.snapi.dev/images/v1/g/z/crypto12-133781.jpg", "title": "Bloodbath in Crypto Space is Imminent, Will Bitcoin(BTC) Price Stand Above All Odds to Reach $50,000?", "text": "Bitcoin price again registered one of the steepest bearish candles in the previous day after being rejected at $40,000. The price corrected more than 6% and still finding strong bullish support to recover from the losses. Despite the bearish trend, the price holds above the trend line manifesting its strength. The strength of the USD, \u2026", "source_name": "CoinPedia", "date": "Wed, 27 Apr 2022 02:45:18 -0400", "topics": [], "sentiment": "Neutral", "type": "Article", "tickers": ["BTC"]}, {"news_url": "https://cryptopotato.com/texas-fort-worth-becomes-the-first-us-city-that-mines-bitcoin/", "image_url": "https://crypto.snapi.dev/images/v1/5/m/bitcoin-fort-worth-133780.jpg", "title": "Texas' Fort Worth Becomes the First US City that Mines Bitcoin", "text": "Three Bitmain Antminer S9 mining rigs will operate 24/7 outside Fort Worth's city hall to mine bitcoin.", "source_name": "CryptoPotato", "date": "Wed, 27 Apr 2022 02:36:55 -0400", "topics": ["mining"], "sentiment": "Neutral", "type": "Article", "tickers": ["BTC"]}, {"news_url": "https://blockchain.news/news/fidelity-offers-bitcoin-portfolio-options-to-retirement-investment-via-microstrategy", "image_url": "https://crypto.snapi.dev/images/v1/k/g/215f88cff892a3fd86e92b1af91b2ee8d631af4d740ecb238c72cc8464fcf46f-133777.jpg", "title": "Fidelity Offers Bitcoin Portfolio Options to Retirement Investment via MicroStrategy", "text": "America's largest retirement savings plans 401(k) provider, Fidelity Investments, is set to permit the allocation of some of its client's funds into Bitcoin, a move it said was based on popular demand.", "source_name": "Blockchain News", "date": "Wed, 27 Apr 2022 02:30:30 -0400", "topics": [], "sentiment": "Positive", "type": "Article", "tickers": ["BTC"]}, {"news_url": "https://www.coindesk.com/business/2022/04/27/six-of-10-salvadorans-quit-using-the-chivo-wallet-after-getting-the-bitcoin-incentive-study-shows/", "image_url": "https://crypto.snapi.dev/images/v1/w/n/5ab7iv7ybjflpaennnggq2r464-133776.jpg", "title": "Six of 10 Salvadorans Quit Using the Chivo Wallet After Getting the Bitcoin Incentive, Study Shows", "text": "\u201cMost users who used Chivo after spending the $30 bonus do not engage with the app intensively,\u201d the U.S. National Bureau of Economic Research reported.", "source_name": "Coindesk", "date": "Wed, 27 Apr 2022 02:11:00 -0400", "topics": [], "sentiment": "Neutral", "type": "Article", "tickers": ["BTC"]}, {"news_url": "https://www.youtube.com/watch?v=gsDiBQIpWbM", "image_url": "https://crypto.snapi.dev/images/v1/e/h/fidelity-to-allow-bitcoin-in-401k-accounts-report-133775.jpg", "title": "Fidelity to allow bitcoin in 401(k) accounts: Report", "text": "Domain Money founder and CEO Adam Dell argues the move is a 'great developmen't for the crypto industry. Subscribe to Fox Business!", "source_name": "Fox Business", "date": "Wed, 27 Apr 2022 02:00:08 -0400", "topics": [], "sentiment": "Positive", "type": "Video", "tickers": ["BTC"]}, {"news_url": "https://crypto.news/fort-worth-to-become-the-first-u-s-city-to-commence-bitcoin-mining/", "image_url": "https://crypto.snapi.dev/images/v1/9/t/belgian-mp-becomes-first-european-politician-to-accept-salary-in-bitcoin-133774.jpg", "title": "Fort Worth to Become the First U.S. City to Commence Bitcoin Mining", "text": "The city of Fort Worth, Texas is getting into the bitcoin mining business in an effort to position itself as a leader in the crypto industry. The city will conduct a six-month trial period to gain industry knowledge and position itself as a major mining center.", "source_name": "Crypto news", "date": "Wed, 27 Apr 2022 02:00:00 -0400", "topics": ["mining"], "sentiment": "Neutral", "type": "Article", "tickers": ["BTC"]}, {"news_url": "https://beincrypto.com/fort-worth-pioneering-us-city-led-bitcoin-mining-trial/", "image_url": "https://crypto.snapi.dev/images/v1/b/n/bic-artwork-bitcoin-miningjpgoptimal-133773.jpg", "title": "Fort Worth Pioneering US City-Led Bitcoin Mining Trial", "text": "Fort Worth, Texas, is looking to gain a first-mover advantage as it sets up three computers to mine bitcoin in the information wing of city hall. The post Fort Worth Pioneering US City-Led Bitcoin Mining Trial appeared first on BeInCrypto.", "source_name": "BeInCrypto", "date": "Wed, 27 Apr 2022 01:56:49 -0400", "topics": ["mining"], "sentiment": "Neutral", "type": "Article", "tickers": ["BTC"]}, {"news_url": "https://cointelegraph.com/news/new-york-state-assembly-passes-ban-on-new-btc-mines-that-don-t-use-green-power", "image_url": "https://crypto.snapi.dev/images/v1/g/f/840-ahr0chm6ly9zmy5jb2ludgvszwdyyxbolmnvbs91cgxvywrzlziwmjitmdqvm2uzmwvhy2utyzniys00ntfhlwjkngytywrmm2zkytm1njhhlmpwzw-133765.jpg", "title": "New York State Assembly passes ban on new BTC mines that don't use green power", "text": "The bill will now be carried with support to the Senate for passing before a final sign-off into law by Governor Hochul.", "source_name": "Cointelegraph", "date": "Wed, 27 Apr 2022 00:29:31 -0400", "topics": ["mining"], "sentiment": "Negative", "type": "Article", "tickers": ["BTC"]}, {"news_url": "https://www.newsbtc.com/analysis/eth/ethereum-revisits-2-8k/", "image_url": "https://crypto.snapi.dev/images/v1/m/m/shutterstock-146143109-133762.jpg", "title": "TA: Ethereum Revisits $2.8K, Why Upsides Might Be Limited", "text": "Ethereum started another decline from the $3,030 resistance against the US Dollar. ETH even spiked below $2,800 and currently attempting an upside correction.", "source_name": "NewsBTC", "date": "Wed, 27 Apr 2022 00:28:50 -0400", "topics": ["tanalysis"], "sentiment": "Positive", "type": "Article", "tickers": ["ETH"]}, {"news_url": "https://cryptonews.com/news/bitcoin-tests-usd-38k-ethereum-struggles-altcoins-in-red.htm", "image_url": "https://crypto.snapi.dev/images/v1/k/4/crypto13-133786-133761.jpg", "title": "Bitcoin Tests USD 38K, Ethereum Struggles, Altcoins in Red", "text": "Bitcoin price struggled to extend gains above the USD 40,500 level and started a sharp decline below the USD 39,000 level. It even spiked below USD 38,000 and is currently (04:09 UTC) consolidating losses near USD 38,400. BTC is down 5% in a day and almost 8% in a week.", "source_name": "Cryptonews", "date": "Wed, 27 Apr 2022 00:22:00 -0400", "topics": [], "sentiment": "Negative", "type": "Article", "tickers": ["BTC", "ETH"]}, {"news_url": "https://coingape.com/?p=110558", "image_url": "https://crypto.snapi.dev/images/v1/f/x/bitcoin-crash-pyth-network-133759.jpeg", "title": "Bitcoin (BTC) and Crypto Market Tank 5% Once Again But \u2018Buy the Dip' Interest Spikes", "text": "Bitcoin and the broader cryptocurrency market have once again entered a sharp correction after a brutal sell-off on Wall Street on Tuesday, April 26. The world's largest cryptocurrency has failed to hold above $40,000 and is currently down 5.30% trading at a price of $38,403 with a market cap of $730 billion.", "source_name": "Coingape", "date": "Wed, 27 Apr 2022 00:01:14 -0400", "topics": [], "sentiment": "Positive", "type": "Article", "tickers": ["BTC"]}, {"news_url": "https://coinpedia.org/bitcoin/bitcoin-price-changing-gears-fake-rally-or-actual-bounce-whats-next/", "image_url": "https://crypto.snapi.dev/images/v1/z/4/crypto8-133757.jpg", "title": "Bitcoin Price Changing Gears ! Fake Rally Or Actual Bounce?", "text": "The majority of cryptocurrencies continued their losses on Tuesday, following stock market drops. Over the last two weeks, Bitcoin (BTC) has been in a decline as traders wait for a definitive move over or below the $40,000 price barrier. Altcoins have been in and out of popularity during the last month, suggesting market players' unease. \u2026", "source_name": "CoinPedia", "date": "Tue, 26 Apr 2022 23:56:00 -0400", "topics": [], "sentiment": "Neutral", "type": "Article", "tickers": ["BTC"]}, {"news_url": "https://dailyhodl.com/2022/04/26/market-sentiment-is-not-as-strong-as-on-chain-activity-an-overall-sentiment-analysis-for-the-current-state-of-bitcoin/", "image_url": "https://crypto.snapi.dev/images/v1/q/h/bitcoin-10x-woodjpgw1024-133751.jpg", "title": "Market Sentiment Is Not As Strong as On-Chain Activity \u2013 An Overall Sentiment Analysis for the Current State of Bitcoin", "text": "Market sentiment is the public interest in the underlying assets and the behavior of traders on derivatives markets. Thanks to sentiment analysis, one can identify the attitude of long-term investors as they always sell during the uptrend to short-term speculators and buy the dips with a statistically positive expectation. On the contrary, the crowd psyche [\u2026] The post Market Sentiment Is Not As Strong as On-Chain Activity \u2013 An Overall Sentiment Analysis for the Current State of Bitcoin appeared first on The Daily Hodl.", "source_name": "The Daily Hodl", "date": "Tue, 26 Apr 2022 23:40:43 -0400", "topics": [], "sentiment": "Neutral", "type": "Article", "tickers": ["BTC"]}, {"news_url": "https://www.newsbtc.com/analysis/btc/bitcoin-resumes-downtrend-39k/", "image_url": "https://crypto.snapi.dev/images/v1/d/s/shutterstock-271682210-133747.jpg", "title": "TA: Bitcoin Resumes Downtrend, Why Upsides Remain Capped", "text": "Bitcoin failed to gain pace above $40,700 and declined against the US Dollar. BTC traded to a new weekly low and might struggle to climb above $39,200.", "source_name": "NewsBTC", "date": "Tue, 26 Apr 2022 23:08:57 -0400", "topics": ["tanalysis"], "sentiment": "Negative", "type": "Article", "tickers": ["BTC"]}, {"news_url": "https://news.bitcoin.com/mining-report-shows-bitcoins-electricity-consumption-decreased-by-25-in-q1-2022/", "image_url": "https://crypto.snapi.dev/images/v1/l/a/shutterstock-713670139-133741.jpg", "title": "Mining Report Shows Bitcoin's Electricity Consumption Decreased by 25% in Q1 2022", "text": "At the end of May last year, Tesla's Elon Musk convinced bitcoin industry leaders to form a Bitcoin Mining Council (BMC) and in mid-July, the BMC launched its public services and website. On April 25, 2022, the organization published a report that discusses the bitcoin mining industry's improvements in sustainable energy use during the first [\u2026]", "source_name": "Bitcoin", "date": "Tue, 26 Apr 2022 22:00:58 -0400", "topics": ["mining"], "sentiment": "Negative", "type": "Article", "tickers": ["BTC"]}, {"news_url": "https://crypto.news/fidelitys-401k-account-will-include-bitcoin-investments-for-retirees/", "image_url": "https://crypto.snapi.dev/images/v1/x/q/fidelity-filed-with-the-us-sec-to-create-a-pair-of-etfs-that-will-track-companies-engaged-in-the-metaverse-and-cryptocurrency-industries-133740.jpg", "title": "Fidelity's 401(k) Account Will Include Bitcoin Investments for Retirees", "text": "Fidelity Investments, a financial services business, has announced that it will allow investors to add Bitcoin (BTC) to their 401(k) accounts for retirees, making it the first retirement plan provider to do so.", "source_name": "Crypto news", "date": "Tue, 26 Apr 2022 22:00:00 -0400", "topics": [], "sentiment": "Positive", "type": "Article", "tickers": ["BTC"]}, {"news_url": "https://cointelegraph.com/news/brazil-s-senate-approves-bitcoin-law-to-regulate-cryptocurrencies", "image_url": "https://crypto.snapi.dev/images/v1/d/y/840-ahr0chm6ly9zmy5jb2ludgvszwdyyxbolmnvbs91cgxvywrzlziwmjitmdqvnda2m2m5y2ytm2jlzi00ytqwltgzowmtotdjztyxodi5ythhlmpwzw-133739.jpg", "title": "Brazil's Senate approves 'Bitcoin law' to regulate cryptocurrencies", "text": "It's a historic day for cryptocurrencies in Brazil, as the Senate has finally approved the country's first bill aimed at regulating the crypto market. The bill still needs to be approved in the Chamber of Deputies and then sanctioned by President Jair Bolsonaro.", "source_name": "Cointelegraph", "date": "Tue, 26 Apr 2022 21:58:22 -0400", "topics": ["regulations"], "sentiment": "Neutral", "type": "Article", "tickers": ["BTC"]}, {"news_url": "https://coinpedia.org/ripple/ripple-vs-sec-lawsuit-ahead-of-a-bout-on-friday-issue-heats-up/", "image_url": "https://crypto.snapi.dev/images/v1/y/g/crypto6-133738.jpg", "title": "Ripple Vs SEC Lawsuit \u2013 Ahead of a Bout On Friday, Issue Heats up", "text": "The struggle for SEC emails has continued in recent updates to the Ripple-SEC litigation, with another filing due this Friday. The SEC's move to extend and redact the speech records' assertion of attorney-client privilege is due this Friday, April 29. SEC's motion to renew the assertion of attorney-client privilege over & redact the speech documents \u2026", "source_name": "CoinPedia", "date": "Tue, 26 Apr 2022 21:52:23 -0400", "topics": ["regulations"], "sentiment": "Neutral", "type": "Article", "tickers": ["XRP"]}, {"news_url": "https://www.newsbtc.com/news/ethereum/will-the-ethereum-merge-skyrocket-eth/", "image_url": "https://crypto.snapi.dev/images/v1/q/z/qz6w7efc5jaytacyqmonsqpbki-133735.jpg", "title": "Will The Ethereum Merge Skyrocket ETH?", "text": "The Ethereum Merge is the most critical aspect of the ETH 2.0 upgrade, since it will convert from a proof-of-work to a proof-of-stake system. The move from proof-of-work to proof-of-stake consensus is the focus of the upgrade.", "source_name": "NewsBTC", "date": "Tue, 26 Apr 2022 21:24:47 -0400", "topics": [], "sentiment": "Positive", "type": "Article", "tickers": ["ETH"]}, {"news_url": "https://decrypt.co/98765/buenos-aires-mayor-touts-plan-that-permits-tax-payments-in-bitcoin", "image_url": "https://crypto.snapi.dev/images/v1/c/i/argentina-crypto-taxes-gid-7-133734.jpg", "title": "Buenos Aires Mayor Touts Plan That Permits Tax Payments in Bitcoin", "text": "Allowing residents to pay taxes with cryptocurrencies is but one part of Mayor Horacio Rodriguez Larreta's vision for improving government.", "source_name": "Decrypt", "date": "Tue, 26 Apr 2022 20:43:35 -0400", "topics": ["taxes"], "sentiment": "Positive", "type": "Article", "tickers": ["BTC"]}], "total_pages": 42}