{"data": [{"news_url": "https://cointelegraph.com/news/bitcoin-plumbs-april-lows-as-us-dollar-strength-hits-highest-since-may-2020", "image_url": "https://crypto.snapi.dev/images/v1/6/j/840-ahr0chm6ly9zmy5jb2ludgvszwdyyxbolmnvbs91cgxvywrzlziwmjitmdqvnwu0nzgwy2utyjk2ni00nwnilwfmmdqtmjhmodmzote0mtnhlmpwzw-127007.jpg", "title": "Bitcoin plumbs April lows as US dollar strength hits highest since May 2020", "text": "USD reaches 23-month highs while the Russian ruble joins in on the surprise gains.", "source_name": "Cointelegraph", "date": "Fri, 08 Apr 2022 10:16:10 -0400", "topics": [], "sentiment": "Negative", "type": "Article", "tickers": ["BTC"]}, {"news_url": "https://coinpedia.org/altcoin/will-these-altcoins-surge-amidst-increased-institutional-demands/", "image_url": "https://crypto.snapi.dev/images/v1/v/i/crypto15-127005.jpg", "title": "Will These Altcoins Surge Amidst Increased Institutional Demands?", "text": "The recent weakness in the cryptocurrency market has largely mirrored stock market movements. Today though the cryptocurrencies opened the Friday market on a slight bullish note, but looks like the day will be ended on sluggish price performance. The Bitcoin which was up by 1% in the early hours today, has now tumbled down by \u2026", "source_name": "CoinPedia", "date": "Fri, 08 Apr 2022 10:15:11 -0400", "topics": ["institutions"], "sentiment": "Positive", "type": "Article", "tickers": ["ADA", "MATIC", "SOL", "UNI"]}, {"news_url": "https://cryptopotato.com/darleygo-mythical-play-to-earn-horse-racing-game-on-solana/", "image_url": "https://crypto.snapi.dev/images/v1/n/b/img1-darleygo-127004.jpg", "title": "DarleyGo: Mythical Play-to-Earn Horse Racing Game on Solana", "text": "The gaming industry is expanding aggressively, thanks to blockchain-based play-to-earn (P2E) games that have become popular in recent times. Now more than ever, millions of people are spending their time playing games and engaging in the metaverse because, unlike in the past, they get to earn monetary rewards while gaming.", "source_name": "CryptoPotato", "date": "Fri, 08 Apr 2022 10:14:31 -0400", "topics": [], "sentiment": "Neutral", "type": "Article", "tickers": ["SOL"]}, {"news_url": "https://coinmarketcap.com/alexandria/article/bitcoin-2022-lightning-legal-tender-retail-revolution-seven-things-we-learned-on-day-one", "image_url": "https://crypto.snapi.dev/images/v1/z/1/efb125b657334b009bec748f7f6a35c0-127003.png", "title": "Bitcoin 2022: Lightning, Legal Tender, Retail Revolution \u2014 Seven Things We Learned on Day One", "text": "The first day of Bitcoin 2022's main conference did deliver some bullish news for investors \u2014 with new features that'll make it easier and cheaper to spend and save BTC.", "source_name": "CoinMarketCap", "date": "Fri, 08 Apr 2022 10:11:29 -0400", "topics": [], "sentiment": "Positive", "type": "Article", "tickers": ["BTC"]}, {"news_url": "https://coingape.com/?p=107852", "image_url": "https://crypto.snapi.dev/images/v1/j/q/ethereum-whale-127001.jpg", "title": "Ethereum Price Prediction: ETH Price Struggles Below $3,300; Is Time To Long?", "text": "ETH price treads water with no clear directional bias. The formation of a \u2018Doji' candlestick indicates a tug of war between bulls and bears.", "source_name": "Coingape", "date": "Fri, 08 Apr 2022 10:06:42 -0400", "topics": [], "sentiment": "Negative", "type": "Article", "tickers": ["ETH"]}, {"news_url": "https://bitcoinist.com/bitcoin-2022-how-the-industrys-brightest-minds-value-btc/", "image_url": "https://crypto.snapi.dev/images/v1/i/w/valuing-bitcoin-istock-1314199360-630x420-126996.jpeg", "title": "Bitcoin 2022: How The Industry's Brightest Minds Value BTC", "text": "All this week in Miami is Bitcoin week. Vice City has been turned into a crypto hub, with the Miami Beach Convention Center acting as the center of it all.", "source_name": "Bitcoinist", "date": "Fri, 08 Apr 2022 10:03:34 -0400", "topics": [], "sentiment": "Neutral", "type": "Article", "tickers": ["BTC"]}, {"news_url": "https://cryptonews.com/news/april-is-historically-very-strong-month-for-btc-avax-luna-show-potential-say-exchanges-analysts.htm", "image_url": "https://crypto.snapi.dev/images/v1/t/r/adobestock-maria-marganingsih-11-126995.jpg", "title": "April is Historically \u2018Very Strong Month' for BTC; AVAX & LUNA Show Potential - Say Exchanges, Analysts", "text": "April has historically been one of the strongest months for the crypto market, with bitcoin (BTC) rising by 46% on average, according to major crypto exchange Kraken. However, there are also other ecosystems to look out for, with Avalanche (AVAX) and Terra (LUNA) being among the most promising, argued crypto trading platform ByBit and the on-chain analytics platform Nansen.\u00a0", "source_name": "Cryptonews", "date": "Fri, 08 Apr 2022 10:00:00 -0400", "topics": [], "sentiment": "Positive", "type": "Article", "tickers": ["AVAX", "BTC", "LUNA"]}, {"news_url": "https://cryptopotato.com/ethereum-vs-defi-1-0-in-the-last-year-which-was-the-better-investment/", "image_url": "https://crypto.snapi.dev/images/v1/q/v/ethereum-price-analysis-2022-04-04-125046-125356-126990.png", "title": "Ethereum vs DeFi 1.0 In the Last Year: Which Was The Better Investment?", "text": "A closer look into how Ethereum performed compared to DeFi 1.0 protocols like Aave, Chainlink, Uniswap, and others.", "source_name": "CryptoPotato", "date": "Fri, 08 Apr 2022 09:55:05 -0400", "topics": [], "sentiment": "Neutral", "type": "Article", "tickers": ["ETH"]}, {"news_url": "https://www.investingcube.com/bitcoin-price-prediction-48k-rejection-delays-golden-cross/", "image_url": "https://crypto.snapi.dev/images/v1/2/a/bitcoin-id-4d4cad72-bb7a-40ec-9a8f-39c08a331e44-size900-126810-126973.jpg", "title": "Bitcoin Price Prediction: 48k Rejection Delays Golden Cross", "text": "Our Bitcoin price prediction suggests that the price could soar to 51k as soon as the ongoing correction ends.", "source_name": "InvestingCube", "date": "Fri, 08 Apr 2022 09:50:36 -0400", "topics": [], "sentiment": "Negative", "type": "Article", "tickers": ["BTC"]}, {"news_url": "https://www.trustnodes.com/2022/04/08/galaxy-bitcoin-fund-raises-200-million", "image_url": "https://crypto.snapi.dev/images/v1/p/n/galaxy-digital-bitcoin-abstract-126970.png", "title": "Galaxy Bitcoin Fund Raises $200 Million", "text": "Close to $200 million has been raised by the Galaxy Bitcoin Fund and the Galaxy Institutional Bitcoin Fund, both entities revealed in a filing. The Galaxy Bitcoin Fund raised $80,755,875.", "source_name": "Trustnodes", "date": "Fri, 08 Apr 2022 09:44:55 -0400", "topics": ["paywall"], "sentiment": "Neutral", "type": "Article", "tickers": ["BTC"]}, {"news_url": "https://www.coindesk.com/business/2022/04/08/first-mover-americas-bitcoin-eyes-weekly-loss-ahead-of-us-cpi/", "image_url": "https://crypto.snapi.dev/images/v1/a/w/re2b5ywrurf55cb4jcrl43aktq-126971.jpg", "title": "First Mover Americas: Bitcoin Eyes Weekly Loss Ahead of US CPI", "text": "The latest moves in crypto markets in context for April 8, 2022.", "source_name": "Coindesk", "date": "Fri, 08 Apr 2022 09:43:00 -0400", "topics": [], "sentiment": "Negative", "type": "Article", "tickers": ["BTC"]}, {"news_url": "https://en.cryptonomist.ch/2022/04/08/shopify-will-soon-accept-payments-bitcoin/", "image_url": "https://crypto.snapi.dev/images/v1/i/f/shopify-300x200-126998.jpg", "title": "Shopify will soon accept payments in Bitcoin", "text": "The e-commerce giant Shopify is ready to support the Bitcoin Lightning Network thanks to a partnership with Strike", "source_name": "The Cryptonomist", "date": "Fri, 08 Apr 2022 09:37:52 -0400", "topics": [], "sentiment": "Positive", "type": "Article", "tickers": ["BTC"]}, {"news_url": "https://www.pymnts.com/blockchain/bitcoin/2022/shopify-strike-to-allow-bitcoin-payments/", "image_url": "https://crypto.snapi.dev/images/v1/e/c/ecommerce-bitcoin-payments-457x274-126985.jpg", "title": "Shopify, Strike to Allow Bitcoin Payments", "text": "Payments network Strike announced its integration with Canadian eCommerce platform Shopify, which will allow global merchants to accept bitcoin payments, according to a Thursday (April 7) press release. The integration aims to make things easier for merchants by allowing them to accept the digital currency in the form of U.S. dollars and save on processing [\u2026]", "source_name": "PYMNTS", "date": "Fri, 08 Apr 2022 09:31:06 -0400", "topics": [], "sentiment": "Positive", "type": "Article", "tickers": ["BTC"]}, {"news_url": "https://ambcrypto.com/grayscale-slams-the-gavel-avax-dot-join-the-family-snx-sushi-cast-out/", "image_url": "https://crypto.snapi.dev/images/v1/g/a/ashley-jurius-1zvftjgeodk-unsplash-2-126966.jpg", "title": "Grayscale slams the gavel; AVAX & DOT join the family, SNX & SUSHI cast out", "text": "Though crypto is said to be decentralized, Grayscale's recognition of crypto assets certainly help define the trajectories of coin or token prices. However, more than just new product additions, asset removals are also key in understanding what institutional investors want \u2013 or don't want.", "source_name": "AMBCrypto", "date": "Fri, 08 Apr 2022 09:30:26 -0400", "topics": [], "sentiment": "Neutral", "type": "Article", "tickers": ["AVAX", "SNX", "SUSHI", "DOT"]}, {"news_url": "https://www.coindesk.com/tech/2022/04/08/ethereum-gas-usage-rose-in-march-as-ether-ran-to-35k/", "image_url": "https://crypto.snapi.dev/images/v1/d/9/yylkxneu5vb5rkvwsfrfyecnme-126967.jpg", "title": "Ethereum Gas Usage Rose in March as Ether Ran to $3.5K", "text": "ERC20 token generation last month was 125% above February's levels, even as developers continue to build new projects on other blockchains.", "source_name": "Coindesk", "date": "Fri, 08 Apr 2022 09:28:00 -0400", "topics": [], "sentiment": "Positive", "type": "Article", "tickers": ["ETH"]}, {"news_url": "https://coingape.com/?p=107846", "image_url": "https://crypto.snapi.dev/images/v1/z/a/bitcoin-price-prediction-1-126965.jpg", "title": "Bitcoin Price Prediction: BTC Lost Its $45000 Support; What Next?", "text": "The Bitcoin(BTC) price witnessed high volatility last week, restricting the coin movement between the $48160 and $45000 levels. However, the bear wrestled control from bulls during the consolidation and gave a strong breakdown from the bottom support($45000).", "source_name": "Coingape", "date": "Fri, 08 Apr 2022 09:25:31 -0400", "topics": [], "sentiment": "Negative", "type": "Article", "tickers": ["BTC"]}, {"news_url": "https://insidebitcoins.com/news/5-top-crypto-to-buy-for-long-term-returns-april-2022-week-2", "image_url": "https://crypto.snapi.dev/images/v1/b/e/top-coins-to-watch-2021-126964.jpeg", "title": "5 Top Crypto To Buy For Long-Term Returns April 2022 Week 2", "text": "Hodling is one of the most trusted crypto trading strategies. Investors looking to enjoy gains understand that holding for the long term will be more [.", "source_name": "Inside Bitcoins", "date": "Fri, 08 Apr 2022 09:22:02 -0400", "topics": [], "sentiment": "Positive", "type": "Article", "tickers": ["LBLOCK", "BNB", "BTC", "LUNA", "SAND"]}, {"news_url": "https://www.dcforecasts.com/bitcoin-news/ufc-fighters-are-now-able-to-receive-bonuses-in-bitcoin-report/", "image_url": "https://crypto.snapi.dev/images/v1/y/j/bitcoin-2868703-960-720-126963.jpg", "title": "UFC Fighters Are Now Able To Receive Bonuses In Bitcoin: Report", "text": "UFC fighters are now able to receive bonuses in Bitcoin thanks to the latest partnership with Crypto.com so let's read more in our latest Bitcoin news today. The ultimate fighting championship will pay its fighter bonuses in Bitcoin thanks to the new partnership with crypto exchange Crypto.com.", "source_name": "DCForecasts", "date": "Fri, 08 Apr 2022 09:21:38 -0400", "topics": [], "sentiment": "Positive", "type": "Article", "tickers": ["BTC"]}, {"news_url": "https://www.investingcube.com/polkadot-price-prediction-17-8-possible-by-next-week/", "image_url": "https://crypto.snapi.dev/images/v1/l/s/shutterstock-1901987842-1024x576-1-126962.jpg", "title": "Polkadot Price Prediction: $17.8 Possible by Next Week", "text": "Our Polkadot price prediction suggests that the Dot price could correct to $17.8 before making aiming another higher move.", "source_name": "InvestingCube", "date": "Fri, 08 Apr 2022 09:17:38 -0400", "topics": [], "sentiment": "Negative", "type": "Article", "tickers": ["DOT"]}, {"news_url": "https://coingape.com/?p=107829", "image_url": "https://crypto.snapi.dev/images/v1/y/b/bitcoin-mining-e1647520817120-126961.jpg", "title": "Bitcoin Miner Applied Blockchain Files For Nasdaq IPO", "text": "Crypto miner Applied Blockchain filed for an initial public offering on Friday, with plans to list on the Nasdaq. The firm joins a growing list of crypto entities looking to gain access to bigger capital markets through a public listing.", "source_name": "Coingape", "date": "Fri, 08 Apr 2022 09:15:37 -0400", "topics": ["mining"], "sentiment": "Neutral", "type": "Article", "tickers": ["BTC"]}, {"news_url": "https://u.today/savvy-trader-peter-brandt-reveals-when-he-will-add-bitcoin-laser-eyes-to-his-twitter-avatar?SNAPI", "image_url": "https://crypto.snapi.dev/images/v1/u/m/13947-126958.jpg", "title": "Savvy Trader Peter Brandt Reveals When He Will Add Bitcoin \"Laser Eyes\" to His Twitter Avatar", "text": "Peter Brandt has disclosed a condition on which he will add Bitcoiner's \"laser eyes\" to his Twitter picture, here's what needs to happen", "source_name": "UToday", "date": "Fri, 08 Apr 2022 09:10:00 -0400", "topics": [], "sentiment": "Neutral", "type": "Article", "tickers": ["BTC"]}, {"news_url": "https://cryptoverze.com/a-look-at-why-ethereums-coming-merger-matters-for-cryptocurrency-eth/", "image_url": "https://crypto.snapi.dev/images/v1/1/t/ethereum-gd44a78242-1920-125714-126955.jpg", "title": "A look at why Ethereum's coming merger matters for cryptocurrency (ETH)", "text": "Ethereum is a computer program, which uses the blockchain technology to create a digital ledger to record transactions. The developers who work on improving the Ethereum software release periodic updates, but none have been as major as the one expected this year. Named \u201cthe Merge,\u201d miners were replaced with stakers.\u00a0 The Merge will be a...", "source_name": "Cryptoverze", "date": "Fri, 08 Apr 2022 09:05:11 -0400", "topics": [], "sentiment": "Neutral", "type": "Article", "tickers": ["ETH"]}, {"news_url": "https://en.cryptonomist.ch/2022/04/08/bitcoin-mining-green-norway-us/", "image_url": "https://crypto.snapi.dev/images/v1/t/i/btc-mining-green-300x200-126999.jpg", "title": "Bitcoin mining: it's green in Norway and the US", "text": "The energy used for Bitcoin mining is heading towards a more green and sustainable transition.", "source_name": "The Cryptonomist", "date": "Fri, 08 Apr 2022 08:59:40 -0400", "topics": ["mining"], "sentiment": "Neutral", "type": "Article", "tickers": ["BTC"]}, {"news_url": "https://markets.businessinsider.com/news/currencies/peter-thiel-warren-buffett-bitcoin-price-crypto-keynote-miami-2022-4", "image_url": "https://crypto.snapi.dev/images/v1/g/3/5f3a68f8e89ebf001f045221formatjpeg-126926.jpg", "title": "Peter Thiel calls Warren Buffett an enemy of bitcoin \u2014 and says the investor's criticism of crypto is weighing on its price", "text": "Buffett's dismissal of bitcoin as a worthless delusion, and his refusal to own crypto, have slowed its adoption and price gains, Thiel said.", "source_name": "Business Insider", "date": "Fri, 08 Apr 2022 08:58:00 -0400", "topics": [], "sentiment": "Negative", "type": "Article", "tickers": ["BTC"]}, {"news_url": "https://u.today/xrp-lawsuit-jeremy-hogan-speaks-on-expectations-as-ripple-defendants-file-answers-by-april-8?SNAPI", "image_url": "https://crypto.snapi.dev/images/v1/7/z/13953-126949.jpg", "title": "XRP Lawsuit: Jeremy Hogan Speaks on Expectations as Ripple Defendants File Answers by April 8", "text": "Ripple defendants' answers are due on April 8", "source_name": "UToday", "date": "Fri, 08 Apr 2022 08:55:00 -0400", "topics": [], "sentiment": "Neutral", "type": "Article", "tickers": ["XRP"]}, {"news_url": "https://www.dcforecasts.com/bitcoin-news/mexicos-third-richest-ricardo-salinas-has-60-liquid-portfolio-in-btc/", "image_url": "https://crypto.snapi.dev/images/v1/u/e/dmitry-demidko-gohvuwwn-he-unsplash-2-630x420-126653-126951.jpg", "title": "Mexico's Third Richest Ricardo Salinas Has 60% Liquid Portfolio In BTC", "text": "Mexico's third richest Ricardo Salinas has up to 60% liquid portfolio in BTC and upped his holdings over the past three years so let's read more in our latest Bitcoin news. The Mexican billionaire said that 60% of his liquid investment portfolio is in BTC.", "source_name": "DCForecasts", "date": "Fri, 08 Apr 2022 08:54:44 -0400", "topics": [], "sentiment": "Positive", "type": "Article", "tickers": ["BTC"]}, {"news_url": "https://www.fool.com/investing/2022/04/08/heres-my-top-cryptocurrency-to-buy-and-hold-foreve/", "image_url": "https://crypto.snapi.dev/images/v1/t/e/tezos-lh3hanw8rtu-unsplash-e1648629670545-123386-126972.jpg", "title": "Here's My Top Cryptocurrency to Buy and Hold Forever", "text": "Solana could help supercharge your crypto portfolio.", "source_name": "The Motley Fool", "date": "Fri, 08 Apr 2022 08:45:00 -0400", "topics": [], "sentiment": "Positive", "type": "Article", "tickers": ["SOL"]}, {"news_url": "https://news.bitcoin.com/250-bitcoin-from-2009-moved-after-12-4-years-rare-btc-mined-over-a-2-day-span/", "image_url": "https://crypto.snapi.dev/images/v1/b/e/shutterstock-1149992993-126940.jpg", "title": "250 Bitcoin From 2009 Moved After 12.4 Years \u2014 Rare BTC Mined Over a 2-Day Span", "text": "On April 7th and 8th, 2022, approximately five bitcoin block rewards mined in 2009 were spent in a concession of transfers. The last time a 2009 block was spent was 1.10 years ago on May 20, 2020. The 250 bitcoin from the latest 2009 spends sat idle for 12.4 years, and the coins were worth [\u2026]", "source_name": "Bitcoin", "date": "Fri, 08 Apr 2022 08:34:35 -0400", "topics": [], "sentiment": "Neutral", "type": "Article", "tickers": ["BTC"]}, {"news_url": "https://cryptonews.com/news/bitcoin-and-ethereum-fluctuate-near-pauses.htm", "image_url": "https://crypto.snapi.dev/images/v1/r/c/10-126929.jpg", "title": "Bitcoin and Ethereum Fluctuate, NEAR Pauses", "text": "Bitcoin price is trading in a range above the USD 43,000 level. BTC is currently (11:55 UTC) moving below USD 43,500 while a move above USD 44,000 is a must for a decent increase. BTC is now down almost 1% in a day.", "source_name": "Cryptonews", "date": "Fri, 08 Apr 2022 08:08:00 -0400", "topics": [], "sentiment": "Neutral", "type": "Article", "tickers": ["BTC", "ETH", "NEAR"]}, {"news_url": "https://coinidol.com/ripple-decline-0-69/", "image_url": "https://crypto.snapi.dev/images/v1/y/g/3a9e96e8a9dcbdd35244522a70484ad8-126933.jpg", "title": "Ripple Fails to Sustain Above $0.80, Risks Further Decline to $0.69", "text": "The price of Ripple (XRP) has fallen into the bearish trend zone. On April 6, the bears broke below the moving averages as the altcoin fell above $0.75. Bulls bought the dips, but the upward correction got stuck below the 50-day line SMA.", "source_name": "Coin Idol", "date": "Fri, 08 Apr 2022 08:07:00 -0400", "topics": [], "sentiment": "Negative", "type": "Article", "tickers": ["XRP"]}, {"news_url": "https://thecurrencyanalytics.com/altcoins/ripple-insights-on-competitive-corporate-advantage-with-cryptocurrency-40717.php", "image_url": "https://crypto.snapi.dev/images/v1/t/r/ripple-insights-on-competitive-corporate-advantage-with-cryptocurrency-126925.jpg", "title": "Ripple Insights on Competitive Corporate Advantage with Cryptocurrency", "text": "Catch up on the latest crypto market news at The Currency Analytics. As cryptocurrency is growing in popularity and impact, it is becoming important for financial institutions and other businesses to understand\u2026 The post Ripple Insights on Competitive Corporate Advantage with Cryptocurrency appeared first on Cryptocurrency News.", "source_name": "The Currency Analytics", "date": "Fri, 08 Apr 2022 08:00:36 -0400", "topics": [], "sentiment": "Neutral", "type": "Article", "tickers": ["XRP"]}, {"news_url": "https://beincrypto.com/little-atlas-is-building-irl-metaverse-on-solana/", "image_url": "https://crypto.snapi.dev/images/v1/k/q/image-from-ios-1jpgoptimal-126932.jpg", "title": "Little Atlas Is Building IRL Metaverse on Solana", "text": "Little Atlas is a unique NFT project that breaks up the world map into millions of NFTs that anyone can own, trade and use as social advertising space as part of a massive open social graph.\u00a0 Anyone can use the Little Atlas web app to mint and own virtual land NFTs (called tiles), which they \u2026 Continued The post Little Atlas Is Building IRL Metaverse on Solana appeared first on BeInCrypto.", "source_name": "BeInCrypto", "date": "Fri, 08 Apr 2022 08:00:00 -0400", "topics": [], "sentiment": "Neutral", "type": "Article", "tickers": ["SOL"]}, {"news_url": "https://cryptopotato.com/we-see-btc-at-1-million-michael-saylor-and-cathie-wood-at-bitcoin-2022-in-miami/", "image_url": "https://crypto.snapi.dev/images/v1/w/c/saylor-wood-126920.jpg", "title": "We See BTC at $1 Million: Michael Saylor and Cathie Wood at Bitcoin 2022 in Miami", "text": "Billionaire tech investors Cathie Wood and Michael Saylor explained why they believe that the future is bright for Bitcoin adoption.", "source_name": "CryptoPotato", "date": "Fri, 08 Apr 2022 07:52:21 -0400", "topics": [], "sentiment": "Positive", "type": "Article", "tickers": ["BTC"]}, {"news_url": "https://coinpedia.org/bitcoin/bitcoin-price-might-surge-above-45k-on-april-11th/", "image_url": "https://crypto.snapi.dev/images/v1/g/l/crypto4-126914.jpg", "title": "Bitcoin Price Might Surge Above $45k On April 11th, Here's What BTC Traders Can Expect", "text": "After facing a freefall for a couple of weeks, it looks like Bitcoin bulls have bounced back trading above the $43,500 level. Since the decline from the $48,000 level, BTC Price is hovering between $43,000 and $45,000. On April 5, Bitcoin reached above $47,000, but the bears were quick enough to take over the market \u2026", "source_name": "CoinPedia", "date": "Fri, 08 Apr 2022 07:47:47 -0400", "topics": [], "sentiment": "Neutral", "type": "Article", "tickers": ["BTC"]}, {"news_url": "https://coinpedia.org/price-analysis/polkadot-dot-could-plunge-by-15-while-kusama-ksm-price-primed-for-a-15-upswing/", "image_url": "https://crypto.snapi.dev/images/v1/n/p/crypto3-126912.jpg", "title": "Polkadot(DOT) Price Could Plunge By 15% While Kusama(KSM) Price Primed for a 15% Upswing!", "text": "Despite the recent slash, the crypto market capitalization remains strong above $2 trillion. Mainly due to some of the assets exhibiting bullish momentum amidst the bearish momentum prevailing within the space. Kusama, the sister chain for Polkadot nowadays is displaying its capacity to lay down a strong uptrend towards the immediate resistance at $200. On \u2026", "source_name": "CoinPedia", "date": "Fri, 08 Apr 2022 07:47:20 -0400", "topics": [], "sentiment": "Neutral", "type": "Article", "tickers": ["DOT", "KSM"]}, {"news_url": "https://www.cryptopolitan.com/honduras-sez-accepts-bitcoin-as-legal-tender/", "image_url": "https://crypto.snapi.dev/images/v1/x/l/asia-126909.jpg", "title": "Honduras special economic zone recognizes Bitcoin as legal tender", "text": "TL;DR Breakdown The Pr\u00f3spera ZEDE economic zone in Honduras to make Bitcoin a de facto currency. The Central Bank of Honduras expresses apprehension about adopting cryptocurrencies.", "source_name": "Cryptopolitan", "date": "Fri, 08 Apr 2022 07:44:06 -0400", "topics": [], "sentiment": "Positive", "type": "Article", "tickers": ["BTC"]}, {"news_url": "https://www.dcforecasts.com/bitcoin-news/sec-approved-new-btc-futures-etf-but-how-is-this-one-different/", "image_url": "https://crypto.snapi.dev/images/v1/g/x/sec-880x400-1000x600-2-126905.jpg", "title": "SEC Approved New BTC Futures ETF But How Is This One Different?", "text": "SEC Approved new BTC futures ETF fourth in a row but it seems that this is a little different. How exactly, we find out in our latest Bitcoin news.", "source_name": "DCForecasts", "date": "Fri, 08 Apr 2022 07:39:33 -0400", "topics": ["futures", "regulations"], "sentiment": "Neutral", "type": "Article", "tickers": ["BTC"]}, {"news_url": "https://www.dcforecasts.com/altcoin-news/solana-tumbled-7-with-the-crypto-market-correction-underway/", "image_url": "https://crypto.snapi.dev/images/v1/c/y/solana-640x360-121751-123762-126904.jpeg", "title": "Solana Tumbled 7% With The Crypto Market Correction Underway", "text": "Solana tumbled 7% with the crypto market correction underway after the remarks from the FED spooked the investors and the rest of the coins dropped on the day so let's read more in today's latest altcoin news. Solana as the 7th biggest crypto by market cap dropped by 7% over the past 24 hours and [\u2026]", "source_name": "DCForecasts", "date": "Fri, 08 Apr 2022 07:32:31 -0400", "topics": [], "sentiment": "Negative", "type": "Article", "tickers": ["SOL"]}, {"news_url": "https://finbold.com/bitcoin-is-the-number-1-recurring-buy-asset-for-2022-more-than-aapl-and-tsla/?SNAPI", "image_url": "https://crypto.snapi.dev/images/v1/r/s/bitcoin-is-the-number-1-recurring-buy-asset-for-2022-more-than-aapl-and-tsla-126903.jpg", "title": "Bitcoin is the number 1 recurring buy asset for 2022 more than AAPL and TSLA", "text": "It has emerged that Bitcoin (BTC) is the most popular recurring purchase asset in 2022, surpassing leading companies such as.", "source_name": "Finbold", "date": "Fri, 08 Apr 2022 07:31:55 -0400", "topics": [], "sentiment": "Positive", "type": "Article", "tickers": ["BTC"]}, {"news_url": "https://www.dcforecasts.com/bitcoin-news/robinhood-will-use-lightning-network-for-btc-transactions/", "image_url": "https://crypto.snapi.dev/images/v1/a/l/altcoinsscom-1024x536-126918.png", "title": "Robinhood Will Use Lightning Network For BTC Transactions", "text": "Robinhood will use a lightning network for bitcoin transactions according to the latest announcement as the platform is taking the next steps into crypto investing so let's read more in today's latest Bitcoin news. Stock and crypto trading app Robinhood will use a lightning network for BTC transactions which will make the transactions faster.", "source_name": "DCForecasts", "date": "Fri, 08 Apr 2022 07:24:26 -0400", "topics": [], "sentiment": "Positive", "type": "Article", "tickers": ["BTC"]}, {"news_url": "https://coinidol.com/bitcoin-may-slide-40000/", "image_url": "https://crypto.snapi.dev/images/v1/h/x/34eb9fd43acbb5807a36e2a59646f6fb-126895.jpg", "title": "Bitcoin Hovers above the $43,000 Support, May Slide to $40,000 Low", "text": "Bitcoin (BTC) price has fallen below the $45,400 breakout level. This means that Bitcoin is likely to fall back to the psychological price level of $40,000. Today, the BTC price has fallen to a low of $43,547 as of press time.", "source_name": "Coin Idol", "date": "Fri, 08 Apr 2022 07:11:00 -0400", "topics": [], "sentiment": "Negative", "type": "Article", "tickers": ["BTC"]}, {"news_url": "https://coingape.com/?p=107785", "image_url": "https://crypto.snapi.dev/images/v1/g/n/altcoins1-126894.jpg", "title": "These Top Altcoins Are Expected To Surge On Institutional Demand", "text": "A recent crypto rally has largely favored altcoins, with most top tokens outpacing their bigger peers Bitcoin (BTC) and Ethereum (ETH). Institutional buying, which is a key factor behind the rally, could be set to balloon in the coming weeks.", "source_name": "Coingape", "date": "Fri, 08 Apr 2022 07:10:25 -0400", "topics": ["institutions"], "sentiment": "Neutral", "type": "Article", "tickers": ["ADA", "MATIC", "SOL", "UNI"]}, {"news_url": "https://cointelegraph.com/news/bitcoin-trader-eyes-38k-dip-as-cathie-wood-confirms-1m-btc-price-target-by-2030", "image_url": "https://crypto.snapi.dev/images/v1/x/p/840-ahr0chm6ly9zmy5jb2ludgvszwdyyxbolmnvbs91cgxvywrzlziwmjitmdqvm2m1zdi0nwutotrmys00odfmlwfkotctndm1odg1zgq0zdq0lmpwzw-126893.jpg", "title": "Bitcoin trader eyes $38K dip as Cathie Wood confirms $1M BTC price target by 2030", "text": "Short-term Bitcoin price action once again feels like a different animal to bulls' high-timeframe conviction.", "source_name": "Cointelegraph", "date": "Fri, 08 Apr 2022 07:02:35 -0400", "topics": [], "sentiment": "Negative", "type": "Article", "tickers": ["BTC"]}, {"news_url": "https://www.cryptopolitan.com/solana-price-analysis-2022-04-08/", "image_url": "https://crypto.snapi.dev/images/v1/e/l/sol-126892.jpg", "title": "Solana price analysis: SOL loses value at $116.6", "text": "TL;DR Breakdown Solana price analysis is bearish today. The strongest resistance is present at $142.", "source_name": "Cryptopolitan", "date": "Fri, 08 Apr 2022 07:02:10 -0400", "topics": ["tanalysis"], "sentiment": "Negative", "type": "Article", "tickers": ["SOL"]}, {"news_url": "https://www.cryptopolitan.com/shopify-merchants-accept-bitcoin-via-strike/", "image_url": "https://crypto.snapi.dev/images/v1/v/l/cc9d845d-8524-495a-b0b6-9806c739997c-126890.jpeg", "title": "Shopify merchants to accept Bitcoin payments via Strike partnership", "text": "TL; DR Breakdown Shopify merchants to accept Bitcoin payments The merchants will only accept dollar-backed BTC Bitcoin price still unmoved despite positive news Strike, a payment application out of Chicago [\u2026]", "source_name": "Cryptopolitan", "date": "Fri, 08 Apr 2022 06:59:52 -0400", "topics": [], "sentiment": "Positive", "type": "Article", "tickers": ["BTC"]}, {"news_url": "https://www.cryptoglobe.com/latest/2022/04/michael-saylor-biden-effectively-greenlit-bitcoin-with-his-recent-executive-order/", "image_url": "https://crypto.snapi.dev/images/v1/q/8/bitcoin-bull-in-miami-april-2022-126888.jpg", "title": "Michael Saylor: Biden Effectively Greenlit Bitcoin With His Recent Executive Order", "text": "On Thursday (April 7), Michael J. Saylor, Co-Founder, Chairman, and CEO of Nasdaq-listed business intelligence company\u00a0MicroStrategy Inc.\u00a0(NASDAQ: MSTR),\u00a0explained why he is more bullish than ever on Bitcoin. His comments were made while speaking with Catherine Wood \u2014 Founder, CIO, and CEO at\u00a0ARK Investment Management, LLC \u2014 in Miami, Florida on day two of the four-day [\u2026]", "source_name": "CryptoGlobe", "date": "Fri, 08 Apr 2022 06:52:02 -0400", "topics": [], "sentiment": "Neutral", "type": "Article", "tickers": ["BTC"]}, {"news_url": "https://www.benzinga.com/markets/cryptocurrency/22/04/26538722/warren-buffett-is-bitcoin-enemy-no-1-a-sociopathic-grandpa-from-omaha-says-peter-thiel?SNAPI", "image_url": "https://crypto.snapi.dev/images/v1/z/8/peter-thiel-51875325807-126922.jpeg", "title": "Warren Buffett Is \u2018Bitcoin Enemy No.1,' A \u2018Sociopathic Grandpa From Omaha,' Says Peter Thiel", "text": "Billionaire investor Peter Thiel took aim at Bitcoin's (CRYPTO: BTC) \u201cenemies\u201d in a speech on Thursday.", "source_name": "Benzinga", "date": "Fri, 08 Apr 2022 06:51:00 -0400", "topics": [], "sentiment": "Negative", "type": "Article", "tickers": ["BTC"]}, {"news_url": "https://cryptonews.com/news/bitcoin-lags-behind-ethereum-altcoins-despite-strike-robinhood-legal-tender-news.htm", "image_url": "https://crypto.snapi.dev/images/v1/b/i/bitcoin-gddc626c92-1920-126743-126915.jpg", "title": "Bitcoin Lags Behind Ethereum & Altcoins Despite Strike, Robinhood, and Legal Tender News", "text": "The bitcoin (BTC) price lagged behind ethereum (ETH) and other major altcoins today, despite a series of bullish news announcements coming from the Bitcoin 2022 conference in Miami, USA.", "source_name": "Cryptonews", "date": "Fri, 08 Apr 2022 06:48:00 -0400", "topics": [], "sentiment": "Negative", "type": "Article", "tickers": ["BTC"]}, {"news_url": "https://cointelegraph.com/news/shopify-bitcoin-payments-integration-triggers-legal-questions-from-the-community", "image_url": "https://crypto.snapi.dev/images/v1/q/t/840-ahr0chm6ly9zmy5jb2ludgvszwdyyxbolmnvbs91cgxvywrzlziwmjitmdqvmtk5odqyymytzdu2nc00mjmwltgwztatotqwndkwymmwyjuylmpwzw-126887.jpg", "title": "Shopify Bitcoin payments integration triggers legal questions from the community", "text": "Attorney Kevin Thompson thinks that the event will make regulators frustrated, leading to the creation of reporting requirements for Shopify.", "source_name": "Cointelegraph", "date": "Fri, 08 Apr 2022 06:45:03 -0400", "topics": [], "sentiment": "Negative", "type": "Article", "tickers": ["BTC"]}, {"news_url": "https://www.crypto-reporter.com/newsfeed/empire-token-takes-giant-leap-integrates-solana-29096/", "image_url": "https://crypto.snapi.dev/images/v1/s/o/sol-5-1-124050-126941.jpg", "title": "Empire Token Takes Giant Leap, Integrates Solana", "text": "Empire NFT Marketplace's Solana integration paves the way for faster and cheaper network transactionsABU DHABI, United Arab Emirates, April 08, 2022 (GLOBE NEWSWIRE) -- Empire Token announced earlier this week the launch of the Empire NFT Marketplace...", "source_name": "Crypto Reporter", "date": "Fri, 08 Apr 2022 06:28:37 -0400", "topics": [], "sentiment": "Positive", "type": "Article", "tickers": ["SOL"]}, {"news_url": "https://en.cryptonomist.ch/2022/04/08/bitcoins-stock-to-flow-model-apply-ethereum/", "image_url": "https://crypto.snapi.dev/images/v1/m/n/untitled-design-1-124853-125352-125863-126048-126393-126610-126873.png", "title": "Does Bitcoin's stock-to-flow model apply to Ethereum?", "text": "An accuracy analysis of the stock-to-flow model on Ethereum price predictions", "source_name": "The Cryptonomist", "date": "Fri, 08 Apr 2022 06:21:30 -0400", "topics": [], "sentiment": "Neutral", "type": "Article", "tickers": ["BTC"]}, {"news_url": "https://u.today/ripple-announces-new-release-to-support-advanced-nft-functionality-details?SNAPI", "image_url": "https://crypto.snapi.dev/images/v1/g/i/13944-126868.jpg", "title": "Ripple Announces New Release to Support Advanced NFT Functionality: Details", "text": "This amendment is now open for voting according to the XRP Ledger's amendment process", "source_name": "UToday", "date": "Fri, 08 Apr 2022 06:03:00 -0400", "topics": ["NFT"], "sentiment": "Positive", "type": "Article", "tickers": ["XRP"]}, {"news_url": "https://cryptoslate.com/honduras-adopts-bitcoin-as-legal-tender-but-theres-a-catch/", "image_url": "https://crypto.snapi.dev/images/v1/y/4/image-2022-04-08-142441165-126862.png", "title": "Honduras adopts Bitcoin as legal tender but there's a catch", "text": "Honduran officials announced on April 8 that the country will now accept Bitcoin (BTC) as legal tender but only in the special economic zone called Honduras Prospera. The post Honduras adopts Bitcoin as legal tender but there's a catch appeared first on CryptoSlate.", "source_name": "CryptoSlate", "date": "Fri, 08 Apr 2022 06:01:18 -0400", "topics": [], "sentiment": "Positive", "type": "Article", "tickers": ["BTC"]}, {"news_url": "https://invezz.com/news/2022/04/08/how-will-the-bitcoin-integration-with-shopify-shape-its-value/", "image_url": "https://crypto.snapi.dev/images/v1/q/a/bitcoin-032-126861.jpg", "title": "How will the Bitcoin integration with Shopify shape its value?", "text": "Bitcoin BTC/USD is the largest cryptocurrency in terms of market capitalization and has remained in the number one spot ever since its creation. The Bitcoin network is one of the largest networks to truly grasp the attention of the general population and, as such, is being integrated just about everywhere. Specifically, the Bitcoin Lightning Network [\u2026] The post How will the Bitcoin integration with Shopify shape its value? appeared first on Invezz.", "source_name": "Invezz", "date": "Fri, 08 Apr 2022 05:58:32 -0400", "topics": [], "sentiment": "Positive", "type": "Article", "tickers": ["BTC"]}, {"news_url": "https://cryptopotato.com/crypto-price-analysis-april-8-ethereum-cardano-solana-avalanche-and-luna/", "image_url": "https://crypto.snapi.dev/images/v1/m/h/copy-of-copy-of-copy-of-copy-of-copy-of-copy-of-copy-of-copy-of-13-126856.jpg", "title": "Crypto Price Analysis April-8: Ethereum, Cardano, Solana, Avalanche, and Luna", "text": "This week, we take\u00a0a closer look at Ethereum, Cardano, Solana, Avalanche, and Luna Ethereum (ETH) This past week, ETH has entered into a correction after reaching $3,582 (Bitstamp). The price dropped to $3,140, and in the process, the indicators have turned bearish.", "source_name": "CryptoPotato", "date": "Fri, 08 Apr 2022 05:49:56 -0400", "topics": ["tanalysis"], "sentiment": "Neutral", "type": "Article", "tickers": ["ADA", "AVAX", "ETH", "LUNA", "SOL"]}, {"news_url": "https://blockchain.news/news/shopify-inks-deal-with-strikeenabling-bitcoin-lightning-payments", "image_url": "https://crypto.snapi.dev/images/v1/y/a/a0c2135c9e0ffce4db88df5aaf358319270ab0f5988dd7423463c075028c058d-126851.jpg", "title": "Shopify Inks Deal with Strike, Enabling Bitcoin Lightning Payments", "text": "Merchants on Shopify, a global e-commerce giant, will have the option of receiving Bitcoin off-chain payment through the Bitcoin Lightning Network after sealing a deal with Strike.", "source_name": "Blockchain News", "date": "Fri, 08 Apr 2022 05:40:59 -0400", "topics": [], "sentiment": "Positive", "type": "Article", "tickers": ["BTC"]}, {"news_url": "https://finbold.com/15-crypto-experts-set-key-price-levels-for-mid-april-btc-eth-doge-ltc-xrp-sol/?SNAPI", "image_url": "https://crypto.snapi.dev/images/v1/s/e/15-crypto-experts-set-key-price-levels-for-mid-april-btc-eth-doge-ltc-xrp-sol-126853.jpg", "title": "15 crypto experts set key price levels for mid-April: BTC, ETH, DOGE, LTC, XRP, SOL", "text": "As the cryptocurrency market capitalization manages to get back above $2 trillion, although not retaining this position without struggle, experts.", "source_name": "Finbold", "date": "Fri, 08 Apr 2022 05:40:50 -0400", "topics": [], "sentiment": "Neutral", "type": "Article", "tickers": ["BTC", "DOGE", "ETH", "LTC", "SOL", "XRP"]}, {"news_url": "https://insidebitcoins.com/news/5-best-cryptocurrency-to-buy-for-the-weekend-rally-april-2022-week-2", "image_url": "https://crypto.snapi.dev/images/v1/q/t/5-best-cryptocurrency-to-buy-for-price-boom-this-weekend-126852.jpg", "title": "5 Best Cryptocurrency to Buy for the Weekend Rally April 2022 Week 2", "text": "The cryptocurrency market has rebounded slightly after two days of losses. At $2.13 trillion, its total cap has risen by 1.3% in the past 24 [.", "source_name": "Inside Bitcoins", "date": "Fri, 08 Apr 2022 05:39:32 -0400", "topics": [], "sentiment": "Positive", "type": "Article", "tickers": ["ADA", "BTC", "LBLOCK", "NEAR", "XRD"]}, {"news_url": "https://www.cryptopolitan.com/cash-app-users-can-invest-directly-into-bitcoin-opening-portals-for-tremendous-development/", "image_url": "https://crypto.snapi.dev/images/v1/3/f/cash-app-bitcoin-126850.png", "title": "Cash App users can invest directly into Bitcoin: Opening portals for tremendous development", "text": "TL;DR Breakdown Block-owned Cash App will allow the users to invest their paychecks in Bitcoin. The announcement of this revolutionary change in Cash App was made at the \u2018 Bitcoin [\u2026]", "source_name": "Cryptopolitan", "date": "Fri, 08 Apr 2022 05:37:14 -0400", "topics": [], "sentiment": "Positive", "type": "Article", "tickers": ["BTC"]}, {"news_url": "https://cryptopotato.com/strike-announces-integration-with-shopify-to-facilitate-bitcoin-payments-via-lightning-network/", "image_url": "https://crypto.snapi.dev/images/v1/p/g/shopify-126834.jpg", "title": "Strike Announces Integration With Shopify to Facilitate Bitcoin Payments Via Lightning Network", "text": "The latest integration will enable the Shopify merchants in the United States to receive faster and cheaper Bitcoin payments via a 'layer 2' scaling solution - Bitcoin Lightning Network.", "source_name": "CryptoPotato", "date": "Fri, 08 Apr 2022 05:29:43 -0400", "topics": [], "sentiment": "Positive", "type": "Article", "tickers": ["BTC"]}, {"news_url": "https://blockchain.news/news/ethereum-scarcity-increases-as-net-daily-issuance-hits-a-2-month-low", "image_url": "https://crypto.snapi.dev/images/v1/f/z/52fdac684270fdd61ad7b41ea487d42e7cf6e8d9557c93fc8604080921fe191d-126821.jpg", "title": "Ethereum Scarcity Increases as Net Daily Issuance Hits a 2-Month Low", "text": "The daily net issuance in the Ethereum network continues to drop, signifying a supply deficit.", "source_name": "Blockchain News", "date": "Fri, 08 Apr 2022 05:10:57 -0400", "topics": [], "sentiment": "Neutral", "type": "Article", "tickers": ["ETH"]}, {"news_url": "https://cryptoslate.com/celsius-holds-more-bitcoin-than-any-other-company/", "image_url": "https://crypto.snapi.dev/images/v1/m/d/celcius-bitcoin-126819.jpg", "title": "Celsius holds more Bitcoin than any other company", "text": "MicroStrategy lost its reign as the company with the largest bitcoin holdings after Celsius announced that it now holds over 150,000 BTC. The post Celsius holds more Bitcoin than any other company appeared first on CryptoSlate.", "source_name": "CryptoSlate", "date": "Fri, 08 Apr 2022 05:01:16 -0400", "topics": [], "sentiment": "Neutral", "type": "Article", "tickers": ["CEL", "BTC"]}, {"news_url": "https://u.today/three-satoshi-era-btc-wallets-come-back-to-life-first-time-since-2009-moving-bitcoin?SNAPI", "image_url": "https://crypto.snapi.dev/images/v1/w/f/13941-126816.jpg", "title": "Three Satoshi-Era BTC Wallets Come Back to Life First Time Since 2009, Moving Bitcoin", "text": "Three wallets containing large amount of Bitcoin in USD have been activated after 12.4 years", "source_name": "UToday", "date": "Fri, 08 Apr 2022 04:49:00 -0400", "topics": [], "sentiment": "Neutral", "type": "Article", "tickers": ["BTC"]}, {"news_url": "https://finbold.com/ethereum-could-flip-bitcoin-in-three-years-according-to-galaxy-digital-trading-co-head/?SNAPI", "image_url": "https://crypto.snapi.dev/images/v1/j/4/ethereum-could-flip-bitcoin-in-three-years-according-to-galaxy-digital-trading-co-head-2-126815.jpg", "title": "Ethereum could flip Bitcoin in three years, according to Galaxy Digital Trading co-head", "text": "Ethereum (ETH) has been at the forefront of the cryptocurrency market's most recent upswing as the DeFi asset looks to.", "source_name": "Finbold", "date": "Fri, 08 Apr 2022 04:47:50 -0400", "topics": [], "sentiment": "Positive", "type": "Article", "tickers": ["ETH"]}, {"news_url": "https://www.cryptopolitan.com/polkadot-price-analysis-2022-04-08/", "image_url": "https://crypto.snapi.dev/images/v1/v/w/dot-7-1-126813.jpg", "title": "Polkadot price analysis: DOT/USD prices gain 0.17 percent after a brief consolidation", "text": "TL;DR Breakdown Polkadot price analysis is bullish DOT prices have faced resistance at $20.62 Support for Polkadot prices is present at $19.78 Polkadot price analysis shows the market has shifted [\u2026]", "source_name": "Cryptopolitan", "date": "Fri, 08 Apr 2022 04:43:45 -0400", "topics": ["tanalysis"], "sentiment": "Positive", "type": "Article", "tickers": ["DOT"]}, {"news_url": "https://www.financemagnates.com/cryptocurrency/news/ufc-athletes-to-receive-bitcoin-bonus/", "image_url": "https://crypto.snapi.dev/images/v1/p/u/bitcoin-id-4d4cad72-bb7a-40ec-9a8f-39c08a331e44-size900-126810.jpg", "title": "UFC Athletes to Receive Bitcoin Bonus", "text": "Crypto.com, a prominent cryptocurrency trading platform, has recently announced a collaboration with UFC to pay bonuses to UFC athletes through Bitcoin, the world's most valuable digital currency. Both companies have created new Fight Night Bonuses to reward UFC fighters.", "source_name": "FinanceMagnates", "date": "Fri, 08 Apr 2022 04:25:00 -0400", "topics": [], "sentiment": "Neutral", "type": "Article", "tickers": ["BTC"]}, {"news_url": "https://coinpedia.org/ethereum/heres-why-eth-price-will-rally-hard-in-coming-weeks/", "image_url": "https://crypto.snapi.dev/images/v1/f/9/crypto19-126809.jpg", "title": "Institutions Stacking Ethereum! Here's Why ETH Price Will Rally Hard In Coming Weeks", "text": "Since past few days, Ethereum bulls were having a tough time as the second-largest crypto by market cap was under a correction phase. However, ETH Price has managed to break through the $3,200 support line today. In mid-march, Ethereum did spike at $3,581 but couldn't stick on to the range for a long time and \u2026", "source_name": "CoinPedia", "date": "Fri, 08 Apr 2022 04:09:54 -0400", "topics": ["institutions"], "sentiment": "Positive", "type": "Article", "tickers": ["ETH"]}, {"news_url": "https://cointelegraph.com/news/water-great-idea-bitcoin-mining-heats-this-swimming-pool", "image_url": "https://crypto.snapi.dev/images/v1/q/9/840-ahr0chm6ly9zmy5jb2ludgvszwdyyxbolmnvbs91cgxvywrzlziwmjitmdqvnje3ndvjodityzblzc00ythilwjimgutotyzymiyzgmyzdljlmpwzw-126808.jpg", "title": "Water great idea! Bitcoin mining heats this swimming pool", "text": "A Bitcoin miner is heating his entire swimming pool so his kids can swim\u2013all while securing the Bitcoin network and making money.", "source_name": "Cointelegraph", "date": "Fri, 08 Apr 2022 04:05:02 -0400", "topics": ["mining"], "sentiment": "Positive", "type": "Article", "tickers": ["BTC"]}, {"news_url": "https://coingape.com/?p=107720", "image_url": "https://crypto.snapi.dev/images/v1/r/s/crypto-bitcoin-126807.jpg", "title": "Bitcoin (BTC) Price Is Set To Rally On These Two Key Factors", "text": "Bitcoin (BTC) is currently moving in the $43k-$45 range after plummeting from the $48k level within a week. On-chain data indicates a bullish divergence and a rise in whale activity at current levels.", "source_name": "Coingape", "date": "Fri, 08 Apr 2022 03:58:31 -0400", "topics": [], "sentiment": "Positive", "type": "Article", "tickers": ["BTC"]}, {"news_url": "https://www.benzinga.com/markets/cryptocurrency/22/04/26538182/its-all-being-led-by-bitcoin-serena-williams-partners-with-cash-app?SNAPI", "image_url": "https://crypto.snapi.dev/images/v1/u/e/7517318900-a2c1501c1f-o-126817.jpg", "title": "\u2018It's All Being Led By Bitcoin:' Serena Williams Partners With Cash App", "text": "Tennis superstar Serena Williams has partnered with Block Inc's (NASDAQ: SQ) Cash App to help build financial access to Bitcoin (CRYPTO: BTC).", "source_name": "Benzinga", "date": "Fri, 08 Apr 2022 03:46:00 -0400", "topics": [], "sentiment": "Positive", "type": "Article", "tickers": ["BTC"]}, {"news_url": "https://www.cryptopolitan.com/ripple-price-analysis-xrp-2022-04-07/", "image_url": "https://crypto.snapi.dev/images/v1/r/t/joshua-mayo-hasoyurgpmy-unsplash-1140x815-126803.jpeg", "title": "Ripple price analysis: XRP on the up with $0.93 resistance to be tested again", "text": "TL;DR Breakdown Ripple price analysis shows price moved up 2 percent over the past 24 hours XRP reverses trend after a 19 percent correction $0.93 resistance will be an expectation [\u2026]", "source_name": "Cryptopolitan", "date": "Fri, 08 Apr 2022 03:28:40 -0400", "topics": ["tanalysis"], "sentiment": "Positive", "type": "Article", "tickers": ["XRP"]}, {"news_url": "https://beincrypto.com/honduras-economic-zone-recognizes-bitcoin-legal-tender/", "image_url": "https://crypto.snapi.dev/images/v1/c/u/bic-latin-america-btc-adoptjpegoptimal-126799.jpeg", "title": "Honduras Economic Zone Recognizes Bitcoin As Legal Tender", "text": "The Honduras Pr\u00f3spera ZEDE special economic zone will make bitcoin legal tender and allow it to be used for payments within the jurisdiction. The post Honduras Economic Zone Recognizes Bitcoin As Legal Tender appeared first on BeInCrypto.", "source_name": "BeInCrypto", "date": "Fri, 08 Apr 2022 03:13:42 -0400", "topics": [], "sentiment": "Positive", "type": "Article", "tickers": ["BTC"]}, {"news_url": "https://dailyhodl.com/2022/04/08/is-that-you-satoshi-over-4300000-in-bitcoin-btc-suddenly-moves-after-lying-dormant-since-2009/", "image_url": "https://crypto.snapi.dev/images/v1/b/p/bitcion-suddenly-moves-satoshijpgfit10242c600ssl1-126798.jpg", "title": "Is That You, Satoshi? Over $4,300,000 in Bitcoin (BTC) Suddenly Moves After Lying Dormant Since 2009", "text": "Two giant Bitcoin (BTC) addresses are suddenly coming to life after 12 years of inactivity. Blockchain data monitoring tool BTCparser says that the two Bitcoin addresses which were previously active in 2009 have moved a combined 100 Bitcoin within minutes of each other, as Whale Alert tracks in a series of tweets. The older of [\u2026] The post Is That You, Satoshi? Over $4,300,000 in Bitcoin (BTC) Suddenly Moves After Lying Dormant Since 2009 appeared first on The Daily Hodl.", "source_name": "The Daily Hodl", "date": "Fri, 08 Apr 2022 03:04:11 -0400", "topics": [], "sentiment": "Neutral", "type": "Article", "tickers": ["BTC"]}, {"news_url": "https://insidebitcoins.com/news/bolt-to-accelerate-mainstream-bitcoin-adoption-with-wyre-acquisition", "image_url": "https://crypto.snapi.dev/images/v1/x/j/isp-partnership-1024x640-126797.jpg", "title": "Bolt To Accelerate Mainstream Bitcoin Adoption With Wyre Acquisition", "text": "Payments provider Bolt has announced plans to\u00a0acquire\u00a0cryptocurrency infrastructure provider Wyre to allow its customers to have more access to Bitcoin and the NFT space. The [...]", "source_name": "Inside Bitcoins", "date": "Fri, 08 Apr 2022 02:55:02 -0400", "topics": [], "sentiment": "Positive", "type": "Article", "tickers": ["BTC"]}, {"news_url": "https://insidebitcoins.com/news/ufc-championship-announced-bitcoin-bonus-for-upcoming-ppv-events", "image_url": "https://crypto.snapi.dev/images/v1/i/t/chris-weidman-anderson-silva-ufc-162-126796.jpg", "title": "UFC Championship Announced Bitcoin Bonus For Upcoming PPV Events", "text": "Ultimate Fighting Championship (UFC) has announced a new cryptocurrency bonus for its pay-per-view events. According to the announcement, the championship will distribute $60,000 worth of [.", "source_name": "Inside Bitcoins", "date": "Fri, 08 Apr 2022 02:51:54 -0400", "topics": [], "sentiment": "Positive", "type": "Article", "tickers": ["BTC"]}, {"news_url": "https://insidebitcoins.com/news/interplay-to-develop-the-defi-self-custody-of-btc-with-new-protocol", "image_url": "https://crypto.snapi.dev/images/v1/e/k/defi-meaning-crypto-126795.jpg", "title": "Interplay To Develop The DeFi Self-Custody Of BTC With New Protocol", "text": "The decentralized network Interplay wants to increase the security of user funds by introducing a new protocol for Bitcoin's reciprocal relationship with DeFi. The network [.", "source_name": "Inside Bitcoins", "date": "Fri, 08 Apr 2022 02:49:53 -0400", "topics": [], "sentiment": "Neutral", "type": "Article", "tickers": ["BTC"]}, {"news_url": "https://coinpedia.org/price-analysis/bitcoin-price-to-slide-down-to-41500-by-the-end-of-the-week/", "image_url": "https://crypto.snapi.dev/images/v1/c/k/crypto16-126793.jpg", "title": "Bitcoin price to Slide Down to $41,500 by the End of the Week, Has the Bearish Trend Initiated?", "text": "It appears that Bitcoin bears nowadays are busy trapping the bulls at a higher price. As the price after a slight rise falls down drastically and takes significant recovery time. Now when the BTC price was very close to hitting $50,000, the bears dragged the price to as low as $42,800. No doubt the bulls \u2026", "source_name": "CoinPedia", "date": "Fri, 08 Apr 2022 02:46:00 -0400", "topics": [], "sentiment": "Negative", "type": "Article", "tickers": ["BTC"]}, {"news_url": "https://ambcrypto.com/ethereum-what-the-future-holds-for-eth-as-it-breaks-out-of-a-descending-resistance/", "image_url": "https://crypto.snapi.dev/images/v1/j/a/pp-2-eth-cover-126787.jpg", "title": "Ethereum: What the future holds for ETH as it breaks out of a descending resistance", "text": "ETH recently entered a correction phase and has been trading within a descending wedge pattern for the last 2 days. However, it managed to break through its descending support line in the early morning hours in the 1-hour chart.", "source_name": "AMBCrypto", "date": "Fri, 08 Apr 2022 02:30:15 -0400", "topics": [], "sentiment": "Neutral", "type": "Article", "tickers": ["ETH"]}, {"news_url": "https://www.crypto-reporter.com/news/is-bitcoin-safe-for-you-to-use-29069/", "image_url": "https://crypto.snapi.dev/images/v1/b/i/bitcoin-12-126832.jpg", "title": "Is Bitcoin Safe for you to Use?", "text": "In recent months, the value of bitcoin has increased. It is gaining in popularity and drawing individuals from all walks of life. It has created a non-government and non-bank alternative to the money system. Since its inception in 2009, bitcoin has been used by a wide range of sectors. Even when playing at an online [\u2026]", "source_name": "Crypto Reporter", "date": "Fri, 08 Apr 2022 02:29:38 -0400", "topics": [], "sentiment": "Positive", "type": "Article", "tickers": ["BTC"]}, {"news_url": "https://cryptopotato.com/bitcoin-mining-is-going-to-save-the-world-kevin-oleary/", "image_url": "https://crypto.snapi.dev/images/v1/7/x/kevin-oleary-126784.jpg", "title": "Bitcoin Mining is Going to Save the World: Kevin O'Leary", "text": "The renown crypto bull considered regulations as the major catalyst for the wider adoption of cryptocurrency.", "source_name": "CryptoPotato", "date": "Fri, 08 Apr 2022 02:29:28 -0400", "topics": ["mining"], "sentiment": "Positive", "type": "Article", "tickers": ["BTC"]}, {"news_url": "https://invezz.com/news/2022/04/08/celsius-introduces-wrapped-bitcoin-on-polygon/", "image_url": "https://crypto.snapi.dev/images/v1/g/9/cesius-us-800x450-63291-126783.jpg", "title": "Celsius introduces wrapped Bitcoin on Polygon", "text": "Celsius, a world-leading cryptocurrency lending and borrowing platform, will soon offer Bitcoin (BTC/USD) as a wrapped asset through its DeFi arm CelsiusX, Invezz learned from a press release. Tokens are wrapped so they can be used across blockchains, which increases their liquidity and interoperability. The wrapped asset will be launched on the Polygon (MATIC/USD) network. [\u2026] The post Celsius introduces wrapped Bitcoin on Polygon appeared first on Invezz.", "source_name": "Invezz", "date": "Fri, 08 Apr 2022 02:28:33 -0400", "topics": [], "sentiment": "Neutral", "type": "Article", "tickers": ["BTC", "CEL", "MATIC"]}, {"news_url": "https://www.cryptopolitan.com/bitcoin-binance-coin-fantom-and-apecoin-daily-price-analyses-7-april-roundup/", "image_url": "https://crypto.snapi.dev/images/v1/b/w/roundup-1140-x-570-2022-mar-allcoins-1-126782.png", "title": "Bitcoin, Binance Coin, Fantom, and ApeCoin Daily Price Analyses \u2013 7 April Roundup", "text": "TL;DR Breakdown The global crypto market sees a comeback, bringing gains of 1.46% in 24 hours. Bitcoin is also back to gains, adding 0.60% in the last 24 hours.", "source_name": "Cryptopolitan", "date": "Fri, 08 Apr 2022 02:27:35 -0400", "topics": [], "sentiment": "Neutral", "type": "Article", "tickers": ["APE", "BNB", "BTC", "FTM"]}, {"news_url": "https://u.today/why-hasnt-bitcoin-reached-100000-yet-peter-thiel-says-warren-buffett-and-jamie-dimon-are-to-blame?SNAPI", "image_url": "https://crypto.snapi.dev/images/v1/u/9/13940-126781.jpg", "title": "Why Hasn't Bitcoin Reached $100,000 Yet? Peter Thiel Says Warren Buffett and Jamie Dimon Are to Blame", "text": "Paypal co-founder and venture capitalist Peter Thiel has slammed the top American financiers, accusing them of trying to hurt Bitcoin", "source_name": "UToday", "date": "Fri, 08 Apr 2022 02:26:00 -0400", "topics": [], "sentiment": "Negative", "type": "Article", "tickers": ["BTC"]}, {"news_url": "https://beincrypto.com/bitcoin-btc-technical-indicators-mixed-after-rally-breaks-down/", "image_url": "https://crypto.snapi.dev/images/v1/s/s/bic-btc-fractals-similar-pattern-long-term-chart-126791.jpg", "title": "Bitcoin (BTC) Technical Indicators Mixed After Rally Breaks Down", "text": "Bitcoin (BTC) has bounced at a confluence of short-term support levels near $43,000, which are expected to initiate a relief rally. The post Bitcoin (BTC) Technical Indicators Mixed After Rally Breaks Down appeared first on BeInCrypto.", "source_name": "BeInCrypto", "date": "Fri, 08 Apr 2022 02:24:04 -0400", "topics": ["tanalysis"], "sentiment": "Positive", "type": "Article", "tickers": ["BTC"]}, {"news_url": "https://coinpedia.org/bitcoin/this-indicator-hints-bitcoin-btc-price-is-poised-for-65-upswing-heres-how-and-when/", "image_url": "https://crypto.snapi.dev/images/v1/v/z/crypto14-126780.jpg", "title": "This Indicator Hints Bitcoin (BTC) Price Is Poised For 65% Upswing ! Here's How and When", "text": "Throughout the week, the price of bitcoin, Ethereum, and other cryptocurrencies has been on the down as unfavourable stories have left investors fearful of what is to come. As the week progresses, the Fed's words have helped to alleviate some tail risks. Expect a healthy trading day ahead, with cryptocurrencies possibly eking out gains for \u2026", "source_name": "CoinPedia", "date": "Fri, 08 Apr 2022 02:02:00 -0400", "topics": [], "sentiment": "Positive", "type": "Article", "tickers": ["BTC"]}, {"news_url": "https://cointelegraph.com/news/samson-mow-s-new-company-jan3-helping-build-bitcoin-city-in-el-salvador", "image_url": "https://crypto.snapi.dev/images/v1/v/s/840-ahr0chm6ly9zmy5jb2ludgvszwdyyxbolmnvbs91cgxvywrzlziwmjitmdqvzge5odbmmmqtmtq4os00yjcxltk0ndutm2m4yjrlzmvindg5lmpwzw-126778.jpg", "title": "Samson Mow's new company JAN3 helping build Bitcoin City in El Salvador", "text": "Bitcoin entrepreneur Samson Mow has launched a new company called JAN3, reportedly raising $21M in funding at a $100M valuation.", "source_name": "Cointelegraph", "date": "Fri, 08 Apr 2022 01:37:48 -0400", "topics": [], "sentiment": "Positive", "type": "Article", "tickers": ["BTC"]}, {"news_url": "https://www.newsbtc.com/analysis/eth/ethereum-corrects-losses-3325/", "image_url": "https://crypto.snapi.dev/images/v1/a/h/shutterstock-519464068-126775.jpg", "title": "TA: Ethereum Corrects Losses, Why 100 SMA Is The Key", "text": "Ethereum found bids near the $3,140 zone and corrected higher against the US Dollar. ETH price must clear $3,325 and the 100 hourly SMA to start a decent increase.", "source_name": "NewsBTC", "date": "Fri, 08 Apr 2022 01:28:12 -0400", "topics": ["tanalysis"], "sentiment": "Neutral", "type": "Article", "tickers": ["ETH"]}, {"news_url": "https://cointelegraph.com/news/lightning-to-strike-shopify-merchants-with-addition-of-btc-payments", "image_url": "https://crypto.snapi.dev/images/v1/m/m/840-ahr0chm6ly9zmy5jb2ludgvszwdyyxbolmnvbs91cgxvywrzlziwmjitmdqvotixyjy3zmutzge0ny00mgm3ltk3zdktyjg3odyxnzfhmze1lmpwzw-126774.jpg", "title": "Lightning to strike Shopify merchants with addition of BTC payments", "text": "Jack Mallers announced the new integration today at the Bitcoin 2022 conference and hopes to give more people access to what he sees as a better monetary system.", "source_name": "Cointelegraph", "date": "Fri, 08 Apr 2022 01:02:07 -0400", "topics": [], "sentiment": "Neutral", "type": "Article", "tickers": ["BTC"]}, {"news_url": "https://bitcoinist.com/peter-thiel-calls-warren-buffett/", "image_url": "https://crypto.snapi.dev/images/v1/u/t/thiel-640x360-126771.jpg", "title": "Peter Thiel Calls \u2018Enemy No. 1\u2032 Warren Buffett A \u2018Sociopathic Grandpa' During Bitcoin 2022 Miami", "text": "Disclaimer: The following article represents the views of the author, and may not necessarily reflect the views of Bitcoinist. Bitcoinist is an advocate of creative and financial freedom alike.", "source_name": "Bitcoinist", "date": "Fri, 08 Apr 2022 00:47:36 -0400", "topics": [], "sentiment": "Negative", "type": "Article", "tickers": ["BTC"]}, {"news_url": "https://bitcoinist.com/strike-to-integrate-bitcoin-lightning-with-shopify/", "image_url": "https://crypto.snapi.dev/images/v1/4/f/felix-mittermeier-zkx-dgmqink-unsplash-126769.jpg", "title": "Strike To Integrate Bitcoin Lightning With Shopify: Why It Matters", "text": "At the Bitcoin 2022 conference in Miami, the Bitcoin Lightning Network seems to be getting closer to mass adoption as large companies start to partner with Strike. The digital payments platform built on the BTC network announced that it will integrate with Shopify and partner with payment firm Blackhawk and NCR, the world's largest point-of-sale [\u2026]", "source_name": "Bitcoinist", "date": "Fri, 08 Apr 2022 00:21:36 -0400", "topics": [], "sentiment": "Positive", "type": "Article", "tickers": ["BTC"]}, {"news_url": "https://cryptonews.com/news/bitcoin-and-ethereum-try-to-recover-etc-and-near-rally.htm", "image_url": "https://crypto.snapi.dev/images/v1/h/5/crypto20-126590-126768.jpg", "title": "Bitcoin and Ethereum Try to Recover, ETC and NEAR Rally", "text": "Bitcoin price formed a base above the USD 43,000 level and moved above USD 43,500. It is currently (04:05 UTC) trading in a range near USD 43,600, with a key breakout zone near the USD 44,000 level.", "source_name": "Cryptonews", "date": "Fri, 08 Apr 2022 00:18:00 -0400", "topics": [], "sentiment": "Positive", "type": "Article", "tickers": ["BTC", "ETH", "ETC", "NEAR"]}, {"news_url": "https://blockchain.news/news/bitcoin-becomes-legal-tender-in-honduran-special-economic-zone", "image_url": "https://crypto.snapi.dev/images/v1/1/u/f7631d91097e47ac97d6675ed14a7c526a285fb9247d4b4e880adb30a5dc43e4-126766.jpg", "title": "Bitcoin Becomes Legal Tender in Honduran Special Economic Zone", "text": "Bitcoin and other cryptocurrencies have become legal tender in a special economic zone on an island on Honduras' Caribbean coast, officials said.", "source_name": "Blockchain News", "date": "Fri, 08 Apr 2022 00:15:00 -0400", "topics": [], "sentiment": "Positive", "type": "Article", "tickers": ["BTC"]}, {"news_url": "https://cryptopotato.com/being-only-pro-blockchain-is-an-anti-bitcoin-approach-paypal-ceo-peter-thiel-says/", "image_url": "https://crypto.snapi.dev/images/v1/a/x/peterthiel-126765.jpg", "title": "Being Only Pro-Blockchain is an Anti-Bitcoin Approach, PayPal CEO Peter Thiel Says", "text": "The CEO of PayPal, Peter Thiel, spoke at the Bitcoin 2022 summit. He argued that being just pro-blockchain is actually an anti-bitcoin mentality.", "source_name": "CryptoPotato", "date": "Thu, 07 Apr 2022 23:52:53 -0400", "topics": [], "sentiment": "Negative", "type": "Article", "tickers": ["BTC"]}, {"news_url": "https://coinmarketcap.com/alexandria/article/podcast-bitcoin-2022-big-announcements-on-day-one-of-the-main-event", "image_url": "https://crypto.snapi.dev/images/v1/g/v/39f17c50d16345988beb73a622dcf152-126762.png", "title": "Podcast: Bitcoin 2022! Big Announcements on Day One of the Main Event", "text": "We talk to Samson Mow, who has started a new company in his quest to help nation-states and cities embrace crypto.", "source_name": "CoinMarketCap", "date": "Thu, 07 Apr 2022 23:38:17 -0400", "topics": ["podcast"], "sentiment": "Neutral", "type": "Article", "tickers": ["BTC"]}, {"news_url": "https://www.crypto-reporter.com/newsfeed/strike-launches-shopify-integration-bringing-bitcoin-lighting-payments-to-merchants-29006/", "image_url": "https://crypto.snapi.dev/images/v1/s/t/strike-logo-black-126826.jpg", "title": "Strike Launches Shopify Integration Bringing Bitcoin Lighting Payments to Merchants", "text": "Strike enables low-cost, instant, global payments for merchants. CHICAGO--(BUSINESS WIRE)--Strike, the world's leading digital payments platform built on Bitcoin's Lightning Network, today announced its integration with Shopify, unlocking the ability ...", "source_name": "Crypto Reporter", "date": "Thu, 07 Apr 2022 23:35:46 -0400", "topics": [], "sentiment": "Positive", "type": "Article", "tickers": ["BTC"]}, {"news_url": "https://coingape.com/?p=107710", "image_url": "https://crypto.snapi.dev/images/v1/d/r/strike-shopify-bitcoin-payments-126760.webp", "title": "Strike Partners With E-Commerce Giant Shopify to Facilitate Bitcoin (BTC) Payments", "text": "Major news coming from the ongoing Bitcoin Conference 2022 in Miami! The digital payments platform Strike announced its integration with e-commerce giant Shopify to allow millions of merchants across the world to accept payments in Bitcoin.", "source_name": "Coingape", "date": "Thu, 07 Apr 2022 23:23:29 -0400", "topics": [], "sentiment": "Positive", "type": "Article", "tickers": ["BTC"]}, {"news_url": "https://www.newsbtc.com/analysis/eth/bitcoin-steadies-above-43k/", "image_url": "https://crypto.snapi.dev/images/v1/v/b/vbtc23-126758.", "title": "TA: Bitcoin Steadies Above $43K, Why BTC Could Recover Higher", "text": "Bitcoin is consolidating losses above the $43,000 support against the US Dollar. BTC could correct higher towards the $44,275 resistance or $44,850.", "source_name": "NewsBTC", "date": "Thu, 07 Apr 2022 23:08:21 -0400", "topics": ["tanalysis"], "sentiment": "Positive", "type": "Article", "tickers": ["BTC"]}, {"news_url": "https://blockchain.news/news/cashapp-accepts-users-to-invest-their-earnings-in-bitcoin", "image_url": "https://crypto.snapi.dev/images/v1/o/m/64efc13af1e1df3cad62eb4464a567ccb73a29a3cd1dc0055eb2b222528dfc93-126756.jpg", "title": "CashApp Accepts Users to Invest their Earnings in Bitcoin", "text": "CashApp, one of the world's most popular payment applications, has announced the integration of a new feature that will permit its users to convert their paycheck to Bitcoin automatically.", "source_name": "Blockchain News", "date": "Thu, 07 Apr 2022 22:55:39 -0400", "topics": [], "sentiment": "Positive", "type": "Article", "tickers": ["BTC"]}, {"news_url": "https://blockchain.news/analysis/bullish-weekly-opening-turned-sour-as-bitcoin-recorded-price-reversals", "image_url": "https://crypto.snapi.dev/images/v1/r/u/245cdfc15a599d799264268bb4baae51a46333bbdf9eeb71d4fe8d08cce20f35-126753.jpg", "title": "Bullish Weekly Opening Turned Sour as Bitcoin Recorded Price Reversals", "text": "Bitcoin's Price performance summary for the week.", "source_name": "Blockchain News", "date": "Thu, 07 Apr 2022 22:35:32 -0400", "topics": [], "sentiment": "Negative", "type": "Article", "tickers": ["BTC"]}, {"news_url": "https://coinpedia.org/bitcoin/bitcoin-at-crucial-levels-50k-or-36k-whats-next-for-btc-price/", "image_url": "https://crypto.snapi.dev/images/v1/u/m/btc-126357-126748.jpg", "title": "Bitcoin At Crucial Levels : $50k Or $36K What's Next For BTC Price?", "text": "Throughout the week, the price of Bitcoin, Ethereum, and other cryptocurrencies has been on the decline. Bitcoin's price has recently plummeted below the $45,000 support level. Similarly, most major altcoins may face difficulties in recouping losses. Near the $3,300 level, ETH may find resistance and XRP could continue to fall below the $0.75 support level. \u2026", "source_name": "CoinPedia", "date": "Thu, 07 Apr 2022 22:23:17 -0400", "topics": [], "sentiment": "Neutral", "type": "Article", "tickers": ["BTC"]}], "total_pages": 42}