{"data": [{"news_url": "https://www.benzinga.com/markets/cryptocurrency/22/04/26584459/ethereums-first-ever-shadow-fork-goes-live-why-its-significant?SNAPI", "image_url": "https://crypto.snapi.dev/images/v1/g/v/drawkit-illustrations-8iiudnrq87o-unsplash-128177.jpg", "title": "Ethereum's First-Ever \u2018Shadow Fork' Goes Live: Why It's Significant", "text": "The first-ever \u201cshadow fork\u201d of the Ethereum (CRYPTO: ETH) mainnet went live on Monday.", "source_name": "Benzinga", "date": "Tue, 12 Apr 2022 06:18:00 -0400", "topics": ["upgrade"], "sentiment": "Neutral", "type": "Article", "tickers": ["ETH"]}, {"news_url": "https://blockchain.news/news/first-shadow-fork-launches-on-ethereum-mainnet-transition-to-pos-gains-steam", "image_url": "https://crypto.snapi.dev/images/v1/s/8/02577f2b2d7a12198963f7da8667319cc1d349683e0ce55a2c23afc08ee45d1c-128151.jpg", "title": "First Shadow Fork Launches on Ethereum Mainnet,Transition to PoS Gains Steam", "text": "The move from proof-of-work (PoW) to proof-of-stake (PoS) known as the merge attained a landmark achievement after the first shadow fork went live on the Ethereum (ETH) mainnet.", "source_name": "Blockchain News", "date": "Tue, 12 Apr 2022 06:00:13 -0400", "topics": ["upgrade"], "sentiment": "Positive", "type": "Article", "tickers": ["ETH"]}, {"news_url": "https://en.cryptonomist.ch/2022/04/12/ethereum-ready-soar-after-switch-pos/", "image_url": "https://crypto.snapi.dev/images/v1/w/0/ethereum-pos-1-300x199-128179.jpg", "title": "Ethereum ready to soar after switch to PoS", "text": "On the impact that the Merge will have on the Ethereum ecosystem due to the move to a PoS protocol", "source_name": "The Cryptonomist", "date": "Tue, 12 Apr 2022 05:43:15 -0400", "topics": [], "sentiment": "Positive", "type": "Article", "tickers": ["ETH"]}, {"news_url": "https://www.benzinga.com/markets/cryptocurrency/22/04/26583811/ethereum-options-traders-bearish-bitcoin-traders-undecided-why-theres-more-to-the-story?SNAPI", "image_url": "https://crypto.snapi.dev/images/v1/n/l/rub-1-127782-127864-128164.jpeg", "title": "Ethereum Options Traders Bearish, Bitcoin Traders Undecided: Why There's More To The Story", "text": "Ethereum (CRYPTO: ETH) options traders appear to be bearish in the near term, while Bitcoin (CRYPTO: BTC) options traders are likely undecided, said Delphi Digital.", "source_name": "Benzinga", "date": "Tue, 12 Apr 2022 05:40:00 -0400", "topics": [], "sentiment": "Neutral", "type": "Article", "tickers": ["BTC", "ETH"]}, {"news_url": "https://finbold.com/bitcoin-climbs-above-crucial-40000-mark-as-fed-ponders-interest-rate-hike/?SNAPI", "image_url": "https://crypto.snapi.dev/images/v1/u/v/bitcoin-climbs-above-crucial-40000-mark-as-fed-ponders-interest-rate-hike-128128.jpg", "title": "Bitcoin climbs above crucial $40,000 mark as Fed ponders interest rate hike", "text": "Despite losing territory for seven of the previous eight days, Bitcoin (BTC) climbed back over $40,000 on Tuesday, April 12,.", "source_name": "Finbold", "date": "Tue, 12 Apr 2022 05:37:06 -0400", "topics": [], "sentiment": "Positive", "type": "Article", "tickers": ["BTC"]}, {"news_url": "https://coingape.com/?p=108327", "image_url": "https://crypto.snapi.dev/images/v1/m/r/bitcoin3-e1649222892640-128126.jpeg", "title": "BTC Long Squeeze: $385 Mln Positions Liquidated As Bitcoin Slumps", "text": "Bitcoin's (BTC) latest tumble appeared to have blindsided investors hoping that the cryptocurrency would find a bottom. Liquidations of long positions reached their highest level since late-January, as BTC extended its losses.", "source_name": "Coingape", "date": "Tue, 12 Apr 2022 05:35:24 -0400", "topics": [], "sentiment": "Negative", "type": "Article", "tickers": ["BTC"]}, {"news_url": "https://www.cryptopolitan.com/glassnode-70-of-wallet-in-unrealized-profits/", "image_url": "https://crypto.snapi.dev/images/v1/l/i/457482c7-33a9-41fb-8adc-bfeae589c4b7-128123.jpeg", "title": "Glassnode: 70% of Bitcoin wallets in unrealized profits", "text": "TL; DR Breakdown Glassnode says about 70% of wallets in profits despite the decline The firm says the current bear run is manageable Bitcoin could trade higher or lower in [\u2026]", "source_name": "Cryptopolitan", "date": "Tue, 12 Apr 2022 05:20:52 -0400", "topics": [], "sentiment": "Neutral", "type": "Article", "tickers": ["BTC"]}, {"news_url": "https://decrypt.co/97547/bitcoin-recovers-40000-amid-wider-crypto-market-slump", "image_url": "https://crypto.snapi.dev/images/v1/7/g/bitcoin-investment-top-crypto-gid-1-128124.jpg", "title": "Bitcoin Recovers $40,000 Amid Wider Crypto Market Slump", "text": "Bitcoin and Ethereum have both recovered key levels, even as the global crypto market cap slipped further overnight.", "source_name": "Decrypt", "date": "Tue, 12 Apr 2022 05:20:28 -0400", "topics": [], "sentiment": "Positive", "type": "Article", "tickers": ["BTC"]}, {"news_url": "https://dailyhodl.com/2022/04/12/analyst-predicts-shiba-inu-shib-moves-hard-this-cycle-says-one-ethereum-eth-rival-will-be-top-performer/", "image_url": "https://crypto.snapi.dev/images/v1/t/x/shiba-moves-hardjpgfit10242c600ssl1-128122.jpg", "title": "Analyst Predicts Shiba Inu (SHIB) Moves Hard This Cycle, Says One Ethereum (ETH) Rival Will Be Top Performer", "text": "A widely followed crypto analyst says that Dogecoin (DOGE) competitor Shiba Inu (SHIB) and one Ethereum (ETH) challenger will have strong rallies during this market cycle. The pseudonymous analyst Altcoin Sherpa tells his 172,000 Twitter followers that he's sitting tight on a stack of SHIB waiting for a price explosion. According to the trader's analysis, [\u2026] The post Analyst Predicts Shiba Inu (SHIB) Moves Hard This Cycle, Says One Ethereum (ETH) Rival Will Be Top Performer appeared first on The Daily Hodl.", "source_name": "The Daily Hodl", "date": "Tue, 12 Apr 2022 05:15:02 -0400", "topics": [], "sentiment": "Positive", "type": "Article", "tickers": ["ETH", "SHIB", "DOGE"]}, {"news_url": "https://coingape.com/?p=108308", "image_url": "https://crypto.snapi.dev/images/v1/p/o/ripple-vs-sec-128119.jpg", "title": "Just-In: Ripple Secures \u201cBig Win\u201d As Court Rejects SEC's Motion", "text": "The U.S. Securities and Exchange Commission's (SEC) motion for reconsideration of its deliberate process privilege (DPP) was rejected by the court. The court's decision has been considered a big win for Ripple in the nearly two-year long lawsuit.", "source_name": "Coingape", "date": "Tue, 12 Apr 2022 05:10:57 -0400", "topics": ["regulations"], "sentiment": "Positive", "type": "Article", "tickers": ["XRP"]}, {"news_url": "https://u.today/287-billion-shib-purchased-by-biggest-whale-on-ethereum-network?SNAPI", "image_url": "https://crypto.snapi.dev/images/v1/3/l/14006-128117.jpg", "title": "287 Billion SHIB Purchased by Biggest Whale on Ethereum Network", "text": "Whales grab more SHIB as price of token plunges", "source_name": "UToday", "date": "Tue, 12 Apr 2022 05:05:00 -0400", "topics": ["whales"], "sentiment": "Neutral", "type": "Article", "tickers": ["ETH", "SHIB"]}, {"news_url": "https://u.today/bitcoin-could-plunge-to-26k-if-this-pattern-plays-out?SNAPI", "image_url": "https://crypto.snapi.dev/images/v1/n/e/14007-128114.jpg", "title": "Bitcoin Could Plunge to $26K If This Pattern Plays Out", "text": "Bitcoin price could be on track to see a major drop to $26,000", "source_name": "UToday", "date": "Tue, 12 Apr 2022 04:47:00 -0400", "topics": [], "sentiment": "Negative", "type": "Article", "tickers": ["BTC"]}, {"news_url": "https://www.benzinga.com/markets/cryptocurrency/22/04/26583264/bitcoin-records-weekly-outflow-of-132m-the-largest-since-january?SNAPI", "image_url": "https://crypto.snapi.dev/images/v1/h/g/vecteezy-businessman-holding-golden-bitcoin-on-computer-trading-chart-5471454-786-128131.jpg", "title": "Bitcoin Records Weekly Outflow Of $132M \u2014 The Largest Since January", "text": "Bitcoin (CRYPTO: BTC) investment products saw the largest outflows since mid-January last week. What Happened: According to the most recent Digital Asset Fund Flows Weekly Report from CoinShares, Bitcoin funds recorded $132 million in outflows last week.", "source_name": "Benzinga", "date": "Tue, 12 Apr 2022 04:41:00 -0400", "topics": [], "sentiment": "Neutral", "type": "Article", "tickers": ["BTC"]}, {"news_url": "https://en.cryptonomist.ch/2022/04/12/bitcoin-39k-ethereum-2-9k-solana-price-analyses/", "image_url": "https://crypto.snapi.dev/images/v1/v/r/trading-bitcoin-1-300x200-128113.jpg", "title": "Bitcoin (39k), Ethereum (2.9k), Solana Price Analyses", "text": "The Fear and Greed Index is 20 Extreme Fear and is -12 from Monday's reading of 32 Fear.", "source_name": "The Cryptonomist", "date": "Tue, 12 Apr 2022 04:39:52 -0400", "topics": [], "sentiment": "Neutral", "type": "Article", "tickers": ["BTC", "ETH", "SOL"]}, {"news_url": "https://cryptopotato.com/for-the-first-time-since-march-btc-dipped-below-40k-eth-beneath-3k-market-watch/", "image_url": "https://crypto.snapi.dev/images/v1/s/f/bitcoin-ethereum-red-cover-128111.jpg", "title": "For the First Time Since March: BTC Dipped Below $40K, ETH Beneath $3K (Market Watch)", "text": "Once again, the crypto market has seen notable losses, with BTC and ETH leading the way to multi-week lows.", "source_name": "CryptoPotato", "date": "Tue, 12 Apr 2022 04:36:22 -0400", "topics": [], "sentiment": "Negative", "type": "Article", "tickers": ["BTC", "ETH"]}, {"news_url": "https://www.benzinga.com/markets/cryptocurrency/22/04/26584220/regulatory-hammer-gives-another-blow-to-bitcoin-ethereum-dogecoin-in-india?SNAPI", "image_url": "https://crypto.snapi.dev/images/v1/w/w/ewan-kennedy-0h0mvfkbynw-unsplash-1-128127.jpg", "title": "Regulatory Hammer Gives Another Blow To Bitcoin, Ethereum, Dogecoin In India", "text": "A shadow of fear and uncertainty in India's cryptocurrency ecosystem has brought the top exchanges in the country to their knees with trading volumes for the likes of Bitcoin (CRYPTO: BTC), Ethereum (CRYPTO: ETH), and", "source_name": "Benzinga", "date": "Tue, 12 Apr 2022 04:34:00 -0400", "topics": ["regulations"], "sentiment": "Negative", "type": "Article", "tickers": ["BTC", "DOGE", "ETH"]}, {"news_url": "https://coinpedia.org/ripple/big-win-for-ripple-sec-to-release-hinmans-email/", "image_url": "https://crypto.snapi.dev/images/v1/6/u/crypto8-128109.jpg", "title": "Ripple Vs SEC Lawsuit : Big Win For Ripple, SEC To Release Hinman's Email", "text": "The month of April didn't start off well for Crypto as along with Bitcoin, Ethereum, and other altcoins, XRP to0 has declined. Ripple is having a tough time since the day Ripple vs SEC case started and it's finding no end with the case being dragged for too long now. Court In Favor Of Ripple \u2026", "source_name": "CoinPedia", "date": "Tue, 12 Apr 2022 04:33:48 -0400", "topics": ["regulations"], "sentiment": "Positive", "type": "Article", "tickers": ["XRP"]}, {"news_url": "https://bitcoinist.com/this-is-how-hedonova-uses-structured-products-to-predict-bitcoin-prices/", "image_url": "https://crypto.snapi.dev/images/v1/2/r/hedonova-cover-art-640x384-128107.jpg", "title": "This Is How Hedonova Uses Structured Products To Predict Bitcoin Prices", "text": "In this article, we look at seven quantitative frameworks to value bitcoin. Market-Value-to-Realized-Value Ratio First conceptualized by Murad Mahmudov and David Puell in 2018.", "source_name": "Bitcoinist", "date": "Tue, 12 Apr 2022 04:19:38 -0400", "topics": [], "sentiment": "Neutral", "type": "Article", "tickers": ["BTC"]}, {"news_url": "https://blockchain.news/news/former-bitmex-ceo-arthur-predicts-30k-price-target-for-btc-by-june", "image_url": "https://crypto.snapi.dev/images/v1/o/c/fd4e65ae4911d6d058f9f81e8148894dd4d9cc7266d9ea9219ee23c88df24654-128103.jpg", "title": "Former BitMEX CEO Arthur Predicts $30K Price Target for BTC by June", "text": "In tandem with his call for a \u201ccrypto carnage\u201d that is underway in the second quarter, former BitMEX Chief Executive Officer, Arthur Hayes has predicted a price slump of $30,000 for Bitcoin (BTC) and $2,500 for Ethereum (ETH) by the end of June this year.", "source_name": "Blockchain News", "date": "Tue, 12 Apr 2022 04:00:04 -0400", "topics": [], "sentiment": "Neutral", "type": "Article", "tickers": ["BTC"]}, {"news_url": "https://www.cryptopolitan.com/polkadot-price-analysis-2022-04-12/", "image_url": "https://crypto.snapi.dev/images/v1/o/z/dot-1-128102.jpg", "title": "Polkadot price analysis: DOT/USD to decline further if the sellers break the $17.7 support", "text": "TL;DR Breakdown The Polkadot price analysis is strongly bearish. Resistance for DOT is present at the $19.7 level.", "source_name": "Cryptopolitan", "date": "Tue, 12 Apr 2022 03:58:17 -0400", "topics": ["tanalysis"], "sentiment": "Negative", "type": "Article", "tickers": ["DOT"]}, {"news_url": "https://cointelegraph.com/news/bitcoin-claws-back-40k-as-24-hour-crypto-liquidations-near-500m", "image_url": "https://crypto.snapi.dev/images/v1/a/n/840-ahr0chm6ly9zmy5jb2ludgvszwdyyxbolmnvbs91cgxvywrzlziwmjitmdqvndqyodjhytktnwzlmy00oduwlwexmdqtmwq2ztzimdrmzwzjlmpwzw-128101.jpg", "title": "Bitcoin claws back $40K as 24-hour crypto liquidations near $500M", "text": "Incoming CPI data is set to shock markets while Bitcoin traders are eyeing the event as a potential \"short-term bounce\" catalyst.", "source_name": "Cointelegraph", "date": "Tue, 12 Apr 2022 03:53:32 -0400", "topics": [], "sentiment": "Neutral", "type": "Article", "tickers": ["BTC"]}, {"news_url": "https://beincrypto.com/bitcoin-btc-rsi-falls-lowest-level-since-january/", "image_url": "https://crypto.snapi.dev/images/v1/3/i/bic-btc-fractals-similar-pattern-long-term-chartjpgoptimal-128104.jpg", "title": "Bitcoin (BTC) RSI Falls to Its Lowest Level Since January", "text": "Bitcoin (BTC) has yet to show any clear reversal signs since its March 28 local top. Indicator readings are oversold and BTC is trading at a confluence of Fibonacci and diagonal support levels.", "source_name": "BeInCrypto", "date": "Tue, 12 Apr 2022 03:52:59 -0400", "topics": [], "sentiment": "Negative", "type": "Article", "tickers": ["BTC"]}, {"news_url": "https://cryptonews.com/news/ethereum-devs-call-mainnet-shadow-fork-a-huge-success-propose-fixes-for-bugs.htm", "image_url": "https://crypto.snapi.dev/images/v1/m/p/pic1-128098.jpg", "title": "Ethereum Devs Call Mainnet Shadow Fork a 'Huge Success', Propose Fixes for Bugs", "text": "Ethereum (ETH) developers have described the first-ever shadow fork, designed to stress-test developers' assumptions on existing testnets and the mainnet, as successful. While several bugs and issues were found, the devs were quick to propose fixes.", "source_name": "Cryptonews", "date": "Tue, 12 Apr 2022 03:51:00 -0400", "topics": ["upgrade"], "sentiment": "Positive", "type": "Article", "tickers": ["ETH"]}, {"news_url": "https://en.cryptonomist.ch/2022/04/12/new-time-high-ethereum-hashrate/", "image_url": "https://crypto.snapi.dev/images/v1/6/0/ethereum-hashrate-1-300x200-128105.jpg", "title": "New all-time high for the Ethereum hashrate", "text": "Positive long-term correlation between Ethereum hashrate level and price", "source_name": "The Cryptonomist", "date": "Tue, 12 Apr 2022 03:49:45 -0400", "topics": [], "sentiment": "Positive", "type": "Article", "tickers": ["ETH"]}, {"news_url": "https://insidebitcoins.com/news/5-best-cheap-cryptocurrency-to-buy-april-2022-week-3", "image_url": "https://crypto.snapi.dev/images/v1/r/x/5-cheap-cryptocurrency-to-buy-for-short-term-profits-1-128097.jpg", "title": "5 Best Cheap Cryptocurrency to Buy April 2022 Week 3", "text": "The cryptocurrency market is on the slide, following in the footsteps of global markets. Its total cap is down to $1.95 trillion, representing a drop [.", "source_name": "Inside Bitcoins", "date": "Tue, 12 Apr 2022 03:47:42 -0400", "topics": [], "sentiment": "Positive", "type": "Article", "tickers": ["ADA", "BLOCK", "NEAR", "WAVES", "XRP"]}, {"news_url": "https://en.cryptonomist.ch/2022/04/12/ripple-victory-emails-of-sec-misconduct-revealed/", "image_url": "https://crypto.snapi.dev/images/v1/2/c/ripple-sec-1-300x200-128106.jpg", "title": "Ripple victory: emails of SEC misconduct revealed", "text": "Empower Oversight proves William Hinman acted with conflict of interest", "source_name": "The Cryptonomist", "date": "Tue, 12 Apr 2022 03:39:43 -0400", "topics": ["regulations"], "sentiment": "Neutral", "type": "Article", "tickers": ["XRP"]}, {"news_url": "https://dailyhodl.com/2022/04/12/crypto-insider-issues-stark-warning-for-bitcoin-ethereum-altcoins-and-stocks-says-wide-scale-carnage-incoming/", "image_url": "https://crypto.snapi.dev/images/v1/f/v/collapse-in-bitcoin-ethereumjpgfit10242c600ssl1-128095.jpg", "title": "Crypto Insider Issues Stark Warning for Bitcoin, Ethereum, Altcoins and Stocks, Says Wide-Scale Carnage Incoming", "text": "The co-founder of crypto exchange platform BitMEX thinks Bitcoin (BTC), Ethereum (ETH), altcoins and the stock market are hurtling toward a major price crash. In a new essay, Arthur Hayes says the Federal Reserve and other central banks around the world are combating inflation by tightening monetary conditions. According to Hayes, the hawkish stance of [\u2026] The post Crypto Insider Issues Stark Warning for Bitcoin, Ethereum, Altcoins and Stocks, Says Wide-Scale Carnage Incoming appeared first on The Daily Hodl.", "source_name": "The Daily Hodl", "date": "Tue, 12 Apr 2022 03:04:05 -0400", "topics": [], "sentiment": "Negative", "type": "Article", "tickers": ["BTC", "ETH"]}, {"news_url": "https://www.investingcube.com/ripple-price-prediction-is-the-xrp-dip-a-buy-or-a-sell-cryptocurrencies/", "image_url": "https://crypto.snapi.dev/images/v1/c/n/xrp-4-128094.jpg", "title": "Ripple Price Prediction: Is the XRP Dip a Buy or a Sell?", "text": "What is the outlook of the Ripple price? We explain why the XRP price has crashed hard and what to expect in the near term.", "source_name": "InvestingCube", "date": "Tue, 12 Apr 2022 03:02:34 -0400", "topics": [], "sentiment": "Neutral", "type": "Article", "tickers": ["XRP"]}, {"news_url": "https://www.coinbureau.com/news/nasdaq-survey-says-most-financial-advisors-want-a-spot-bitcoin-etf-before-allocating-to-crypto/", "image_url": "https://crypto.snapi.dev/images/v1/x/d/nasdaqsurveysaysmostfinancialadvisorswantaspotbitcoinetfbeforeallocatingtocrypto-1024x614-128093.jpg", "title": "Nasdaq Survey Says Most Financial Advisors Want a Spot Bitcoin ETF Before Allocating to Crypto", "text": "A recently conducted survey finds that the vast majority of financial advisors in the US are waiting for a spot exchange-traded fund (ETF) before they dive into crypto investments. Published by Nasdaq, the survey took responses from 500 financial advisors in the US who were already considering investing in cryptocurrencies. Of those surveyed, 72% said [\u2026] The post Nasdaq Survey Says Most Financial Advisors Want a Spot Bitcoin ETF Before Allocating to Crypto appeared first on Coin Bureau.", "source_name": "Coinbureau", "date": "Tue, 12 Apr 2022 02:52:05 -0400", "topics": [], "sentiment": "Neutral", "type": "Article", "tickers": ["BTC"]}, {"news_url": "https://coinpedia.org/bitcoin/bitcoin-hovering-around-40000-heres-what-traders-can-expect-in-the-upcoming-days-trade/", "image_url": "https://crypto.snapi.dev/images/v1/j/9/crypto5-128091.jpg", "title": "Bitcoin Hovering Around $40,000! Here's What Traders Can Expect in the Upcoming Day's Trade!", "text": "The crypto space witnessed yet another price slash some hours before as the star crypto slashed below the crucial $40,000 price zone. Moreover, the attempt for a strong rebound is also been challenged strongly by the bears.\u00a0 Even if the Bitcoin price attempts a flip, the asset is still primed to slash below $38,000 very \u2026", "source_name": "CoinPedia", "date": "Tue, 12 Apr 2022 02:39:33 -0400", "topics": [], "sentiment": "Neutral", "type": "Article", "tickers": ["BTC"]}, {"news_url": "https://ambcrypto.com/solana-eos-tezos-price-analysis-12-april/", "image_url": "https://crypto.snapi.dev/images/v1/r/s/pa-1-cover-5-e1649739079678-128090.jpg", "title": "Solana, EOS, Tezos Price Analysis: 12 April", "text": "The crypto market saw a huge wave of selling over the past two days. Bitcoin fell by nearly 10% from $43.3k to $39.8k, and Solana and Tezos also posted similar losses.", "source_name": "AMBCrypto", "date": "Tue, 12 Apr 2022 02:30:58 -0400", "topics": ["tanalysis"], "sentiment": "Neutral", "type": "Article", "tickers": ["EOS", "SOL", "XTZ"]}, {"news_url": "https://www.newsbtc.com/crypto/bitcoin-price-plummets-below-40000/", "image_url": "https://crypto.snapi.dev/images/v1/4/x/bitcoin-9-128089.png", "title": "Bitcoin Price Plummets Below $40,000 As Crypto Market Tallies $440 Million In Liquidations", "text": "Bitcoin fell 15% in the last 24 hours, plunging below $40,000 for the first time since middle of March. Meanwhile, Ethereum was down 14%, retreating below the $3,000 level for the first time since March 22.", "source_name": "NewsBTC", "date": "Tue, 12 Apr 2022 02:21:20 -0400", "topics": [], "sentiment": "Negative", "type": "Article", "tickers": ["BTC"]}, {"news_url": "https://u.today/ripple-scores-very-big-win-as-judge-denies-secs-motion-for-reconsideration-of-dpp-ruling?SNAPI", "image_url": "https://crypto.snapi.dev/images/v1/3/z/9291-128087.jpg", "title": "Ripple Scores \u201cVery Big Win\u201d as Judge Denies SEC's Motion for Reconsideration of DPP Ruling", "text": "The latest court ruling is a \u201cvery big win\u201d for Ripple against the SEC", "source_name": "UToday", "date": "Tue, 12 Apr 2022 02:11:00 -0400", "topics": ["regulations"], "sentiment": "Positive", "type": "Article", "tickers": ["XRP"]}, {"news_url": "https://www.cryptopolitan.com/bitcoin-binance-coin-celo-and-loopring-daily-price-analyses-11-march-roundup/", "image_url": "https://crypto.snapi.dev/images/v1/r/i/roundup-1140-x-570-2022-mar-dash-1-1-128084.png", "title": "Bitcoin, Binance Coin, Celo, and Loopring Daily Price Analyses \u2013 11 March Roundup", "text": "TL;DR Breakdown The global crypto market suffers losses, as it sheds 5.48% in the last 24 hours. Bitcoin has continued to decrease in value, losing 5.69% in 24 hours.", "source_name": "Cryptopolitan", "date": "Tue, 12 Apr 2022 01:50:08 -0400", "topics": [], "sentiment": "Neutral", "type": "Article", "tickers": ["BNB", "BTC", "CELO", "LRC"]}, {"news_url": "https://coinpedia.org/news/bitcoin-price-following-footsteps-of-nasdaq-100/", "image_url": "https://crypto.snapi.dev/images/v1/g/j/crypto3-128082.jpg", "title": "Bitcoin Price Following Footsteps Of Nasdaq 100, What Next For BTC Price?", "text": "The cryptocurrency market took a turn for the worst on April 11 as concerns about growing inflation and the possibility of a number of more interest rate hikes by the US Federal Reserve surfaced. As the correlation with the Nasdaq 100 reaches a key milestone, the price of bitcoin could see a trend reversal. Analysts \u2026", "source_name": "CoinPedia", "date": "Tue, 12 Apr 2022 01:26:32 -0400", "topics": [], "sentiment": "Neutral", "type": "Article", "tickers": ["BTC"]}, {"news_url": "https://www.reuters.com/business/cryptoverse-10-billion-reasons-bitcoin-could-become-reserve-currency-2022-04-12/", "image_url": "https://crypto.snapi.dev/images/v1/y/c/o2sclfektzpmlesuyuadtuagoq-128081.jpg", "title": "Cryptoverse: 10 billion reasons bitcoin could become a reserve currency", "text": "A crypto platform's pledge to amass $10 billion worth of bitcoin to back its own \"stablecoin\" is firing up the market. It's part of a wider movement to crown bitcoin as the reserve currency of a new age.", "source_name": "Reuters", "date": "Tue, 12 Apr 2022 01:15:26 -0400", "topics": [], "sentiment": "Neutral", "type": "Article", "tickers": ["BTC"]}, {"news_url": "https://coinpedia.org/price-analysis/polkadot-dot-price-to-drop-below-15/", "image_url": "https://crypto.snapi.dev/images/v1/x/5/crypto2-128080.jpg", "title": "Polkadot (DOT) Price to Drop Below $15! Here's When Traders Can Enter And Exit", "text": "Polkadot is extremely bearish, with the alt losing a lot of its value today. Furthermore, the crypto has maintained a gloomy yield since April 4. During early trade on Monday, all of the major cryptocurrencies were down, with Polkadot witnessing the highest drop. The coin's prices have been fluctuating for almost two months. Bulls were \u2026", "source_name": "CoinPedia", "date": "Tue, 12 Apr 2022 01:09:45 -0400", "topics": [], "sentiment": "Negative", "type": "Article", "tickers": ["DOT"]}, {"news_url": "https://www.newsbtc.com/analysis/ada/ethereum-breaks-key-support/", "image_url": "https://crypto.snapi.dev/images/v1/x/i/depositphotos-183063862-s-2019-128079.jpg", "title": "TA: Ethereum Breaks Key Support, Why Decline Isn't Over Yet", "text": "Ethereum gained bearish momentum below the $3,100 level against the US Dollar. ETH price extended decline and settled below the $3,000 support zone.", "source_name": "NewsBTC", "date": "Tue, 12 Apr 2022 01:08:57 -0400", "topics": ["tanalysis"], "sentiment": "Negative", "type": "Article", "tickers": ["ETH"]}, {"news_url": "https://cointelegraph.com/news/three-quarters-of-btc-addresses-still-in-profit-despite-market-decline-glassnode", "image_url": "https://crypto.snapi.dev/images/v1/t/z/840-ahr0chm6ly9zmy5jb2ludgvszwdyyxbolmnvbs91cgxvywrzlziwmjitmdqvnda1zgiwnzqtnjyxyi00ngjlltk0nzitymrjzdy3otgwodawlmpwzw-128077.jpg", "title": "Three-quarters of BTC addresses still in profit despite market decline: Glassnode", "text": "The report by Glassnode also revealed that up to 60% of the transaction volume is in what it calls \u201cprofit dominance\u201d, and long-term holders are the most likely to be in the green.", "source_name": "Cointelegraph", "date": "Tue, 12 Apr 2022 00:47:55 -0400", "topics": [], "sentiment": "Positive", "type": "Article", "tickers": ["BTC"]}, {"news_url": "https://cryptoslate.com/60-minutes-reports-on-how-bitcoin-is-building-a-circular-economy-in-el-zonte/", "image_url": "https://crypto.snapi.dev/images/v1/f/j/elzonte-bitcoin-128076.jpg", "title": "60 Minutes reports on how Bitcoin is building a circular economy in El Zonte", "text": "CBS News 60 Minutes recently ran a piece on El Zonte (aka Bitcoin Beach) in El Salvador. The post 60 Minutes reports on how Bitcoin is building a circular economy in El Zonte appeared first on CryptoSlate.", "source_name": "CryptoSlate", "date": "Tue, 12 Apr 2022 00:31:17 -0400", "topics": [], "sentiment": "Neutral", "type": "Article", "tickers": ["BTC"]}, {"news_url": "https://cryptonews.com/news/bitcoin-below-usd-40k-ethereum-loses-usd-3k-altcoins-dive.htm", "image_url": "https://crypto.snapi.dev/images/v1/u/z/crypto13-127997-128075.jpg", "title": "Bitcoin Below USD 40K, Ethereum Loses USD 3K, Altcoins Dive", "text": "Bitcoin price struggled to start a decent recovery wave above USD 42,500 and traded below USD 40,000. It is currently (04:08 UTC) trying to recover near USD 39,700 after testing almost USD 39,400.", "source_name": "Cryptonews", "date": "Tue, 12 Apr 2022 00:21:00 -0400", "topics": [], "sentiment": "Negative", "type": "Article", "tickers": ["BTC", "ETH"]}, {"news_url": "https://insidebitcoins.com/news/bitcoin-btc-price-prediction-btc-usd-slumps-below-40k-as-bitcoin-risks-further-decline-to-37k", "image_url": "https://crypto.snapi.dev/images/v1/g/m/kanchanara-y7bzimidwos-unsplash-1-scaled-127957-128071.jpg", "title": "Bitcoin (BTC) Price Prediction: BTC/USD Slumps Below $40K as Bitcoin Risks Further Decline to $37K", "text": "BTC Price Reaches Oversold Region as Bitcoin Risks Further Decline to $37K \u2013 April 12, 2022 BTC/USD has declined below the $40,000 psychological price level [...]", "source_name": "Inside Bitcoins", "date": "Tue, 12 Apr 2022 00:00:12 -0400", "topics": [], "sentiment": "Negative", "type": "Article", "tickers": ["BTC"]}, {"news_url": "https://bitcoinist.com/60-minutes-el-salvador-bitcoin-beach/", "image_url": "https://crypto.snapi.dev/images/v1/7/w/elsalvador-cover-2-127582-128065.jpg", "title": "The Legendary TV Show \u201c60 Minutes\u201d Turns Its Eye To El Salvador's Bitcoin Beach", "text": "It doesn't get much mainstream than CBS's \u201c60 Minutes.\u201d The legendary show debuted in 1968 and has been going strong ever since.", "source_name": "Bitcoinist", "date": "Mon, 11 Apr 2022 23:47:41 -0400", "topics": [], "sentiment": "Neutral", "type": "Article", "tickers": ["BTC"]}, {"news_url": "https://thecurrencyanalytics.com/bitcoin/bitcoin-btc-buy-the-fear-sell-the-pump-decoupling-from-stocks-is-bleak-now-40855.php", "image_url": "https://crypto.snapi.dev/images/v1/m/y/bitcoin-btc-buy-the-fear-sell-the-pump-decoupling-from-stocks-is-bleak-now-128064.jpg", "title": "Bitcoin (BTC) Buy the fear Sell the Pump Decoupling from Stocks is Bleak Now", "text": "Catch up on the latest crypto market news at The Currency Analytics. Bitcoin (BTC) supply and demand dynamics works like where HODLers accumulate at a discount, while buying off from panicking short-term\u2026 The post Bitcoin (BTC) Buy the fear Sell the Pump Decoupling from Stocks is Bleak Now appeared first on Cryptocurrency News.", "source_name": "The Currency Analytics", "date": "Mon, 11 Apr 2022 23:46:28 -0400", "topics": [], "sentiment": "Negative", "type": "Article", "tickers": ["BTC"]}, {"news_url": "https://coingape.com/?p=108282", "image_url": "https://crypto.snapi.dev/images/v1/u/y/polkadot-dot-parachain-128063.jpg", "title": "Polkadot Price Prediction: V-Top Reversal Leads DOT Price To $16", "text": "A V-top reversal from the $23 resistance slumped the Polkadot(DOT) price by 26%. The rising supply pressure pierced the $20 psychological support level and continued the charge to last quarter's support at $16.", "source_name": "Coingape", "date": "Mon, 11 Apr 2022 23:44:04 -0400", "topics": [], "sentiment": "Negative", "type": "Article", "tickers": ["DOT"]}, {"news_url": "https://cryptoslate.com/extraordinarily-elevated-inflation-expected-tomorrow-april-12-will-bitcoin-react/", "image_url": "https://crypto.snapi.dev/images/v1/d/n/bitcoin-inflation-128062.jpg", "title": "Extraordinarily elevated inflation expected tomorrow, April 12. Will Bitcoin react?", "text": "As Bitcoin drops into the $39,000 range for the first time since March 16, the White House has just announced. The post Extraordinarily elevated inflation expected tomorrow, April 12.", "source_name": "CryptoSlate", "date": "Mon, 11 Apr 2022 23:31:16 -0400", "topics": [], "sentiment": "Neutral", "type": "Article", "tickers": ["BTC"]}, {"news_url": "https://www.newsbtc.com/analysis/btc/bitcoin-dives-below-40k-2/", "image_url": "https://crypto.snapi.dev/images/v1/8/o/shutterstock-1610297188-128060.jpg", "title": "TA: Bitcoin Dives Below $40K, Why BTC Could Recover In Short-Term", "text": "Bitcoin gained bearish momentum and even declined below $40,000 against the US Dollar. BTC could recover if it manages to climb above the $40,000 pivot level.", "source_name": "NewsBTC", "date": "Mon, 11 Apr 2022 23:08:51 -0400", "topics": ["tanalysis"], "sentiment": "Negative", "type": "Article", "tickers": ["BTC"]}, {"news_url": "https://coinpedia.org/price-analysis/ethereum-eth-price-to-retest-2-6k-level-in-coming-days/", "image_url": "https://crypto.snapi.dev/images/v1/p/n/crypto20-128058.jpg", "title": "Ethereum (ETH) Price To Retest $2.6k Level In Coming Days", "text": "As the new trading week begins, the price of Ethereum has plummeted dramatically. The pair began the new trading session with a downward trend. Before a move to crucial levels, ETH appears to be in for another setback. On Monday, the price of Ethereum fell into the negative zone due to excessive volume.The price has \u2026", "source_name": "CoinPedia", "date": "Mon, 11 Apr 2022 22:58:19 -0400", "topics": [], "sentiment": "Negative", "type": "Article", "tickers": ["ETH"]}, {"news_url": "https://coinpedia.org/bitcoin/btc-price-drops-below-40k-time-to-buy-bitcoin-or-wait-for-more-dump/", "image_url": "https://crypto.snapi.dev/images/v1/s/u/bitcoin-g1926dcdb8-1920-127650-128057.jpg", "title": "BTC Price Drops Below $40K, Time to Buy Bitcoin or Wait for More Dump?", "text": "The cryptocurrency market has started the new week on a negative note, with the majority of altcoins trading in the red. The market capitalization has dropped to slightly over $1.9 trillion. Bitcoin has dropped below the $40k mark which was a crucial support and resistance. At this time, the only thing that matters is where \u2026", "source_name": "CoinPedia", "date": "Mon, 11 Apr 2022 22:53:16 -0400", "topics": [], "sentiment": "Negative", "type": "Article", "tickers": ["BTC"]}, {"news_url": "https://www.benzinga.com/markets/cryptocurrency/22/04/26582931/456m-in-crypto-liquidated-as-bitcoin-falls-to-39-400?SNAPI", "image_url": "https://crypto.snapi.dev/images/v1/p/q/kanchanara-9pcv2mb65y8-unsplash-128061.jpg", "title": "$456M In Crypto Liquidated As Bitcoin Falls To $39,400", "text": "Cryptocurrency markets saw a massive selloff on Monday, leading to large-scale liquidations across the board. What Happened: According to data from CoinGlass, more than $456 million was liquidated from 146,000 cryptocurrency traders in the last 24 hours.", "source_name": "Benzinga", "date": "Mon, 11 Apr 2022 22:19:00 -0400", "topics": [], "sentiment": "Negative", "type": "Article", "tickers": ["BTC"]}, {"news_url": "https://www.forbes.com/sites/billybambrough/2022/04/11/bitmex-founder-issues-serious-crypto-crash-warning-and-a-bleak-bitcoin-and-ethereum-price-prediction-as-bnb-xrp-solana-cardano-luna-and-avalanche-tumble/", "image_url": "https://crypto.snapi.dev/images/v1/j/w/bitmex-founder-issues-serious-crypto-crash-warning-and-a-bleak-bitcoin-and-ethereum-price-prediction-as-bnb-xrp-solana-cardano-luna-and-avalanche-tumb-128047.jpg", "title": "BitMEX Founder Issues Serious Crypto Crash Warning And A Bleak Bitcoin And Ethereum Price Prediction As BNB, XRP, Solana, Cardano, Luna And Avalanche Tumble", "text": "Arthur Hayes, the co-founder of crypto exchange BitMEX, fears the price of bitcoin and ethereum could fall much further...", "source_name": "Forbes", "date": "Mon, 11 Apr 2022 21:25:35 -0400", "topics": [], "sentiment": "Negative", "type": "Article", "tickers": ["ADA", "AVAX", "BNB", "BTC", "ETH", "LUNA", "SOL", "XRP"]}, {"news_url": "https://www.forbes.com/sites/cbovaird/2022/04/11/what-next-for-bitcoin-prices-as-they-struggle-close-to-40000/", "image_url": "https://crypto.snapi.dev/images/v1/z/k/what-next-for-bitcoin-prices-as-they-struggle-close-to-40000-128043.jpg", "title": "What Next For Bitcoin Prices As They Struggle Close To $40,000?", "text": "Bitcoin prices have been trading below $40,000 for the last several hours after declining earlier today. What's next for the cryptocurrency? Analysts offer their point of view.", "source_name": "Forbes", "date": "Mon, 11 Apr 2022 20:52:16 -0400", "topics": [], "sentiment": "Negative", "type": "Article", "tickers": ["BTC"]}, {"news_url": "https://thecurrencyanalytics.com/bitcoin/is-bitcoin-btc-the-pharoahs-money-that-dies-with-you-40837.php", "image_url": "https://crypto.snapi.dev/images/v1/x/2/rub-1-127782-127864-128041.jpeg", "title": "Is Bitcoin (BTC) the Pharoah's Money that Dies With You?", "text": "Catch up on the latest crypto market news at The Currency Analytics. Peter Schiff:\u00a0 Bitcoin isn't a hard money alternative to the dollar or any fiat currency.", "source_name": "The Currency Analytics", "date": "Mon, 11 Apr 2022 20:38:23 -0400", "topics": [], "sentiment": "Neutral", "type": "Article", "tickers": ["BTC"]}, {"news_url": "https://www.benzinga.com/markets/cryptocurrency/22/04/26582819/bitcoin-ethereum-dogecoin-recoil-on-fed-rate-hike-fears-why-this-analyst-thinks-there-is-s?SNAPI", "image_url": "https://crypto.snapi.dev/images/v1/p/l/worker-figures-helping-dig-coin-money-dollar-note-background-128048.jpg", "title": "Bitcoin, Ethereum, Dogecoin Recoil On Fed Rate Hike Fears: Why This Analyst Thinks There Is Still \u2018Massive Opportunity'", "text": "Bitcoin and Ethereum traded sharply lower on Monday evening as the global cryptocurrency market cap fell 5.9% to $1.8 trillion at press time.", "source_name": "Benzinga", "date": "Mon, 11 Apr 2022 20:27:00 -0400", "topics": [], "sentiment": "Positive", "type": "Article", "tickers": ["BTC", "DOGE", "ETH"]}, {"news_url": "https://bitcoinist.com/shanghai-tragedy-reminds-why-china-banned-bitcoin/", "image_url": "https://crypto.snapi.dev/images/v1/p/i/kin-li-e5idfdcg-ce-unsplash-630x420-128045.jpg", "title": "The Shanghai Tragedy Reminds Us Why China Banned Bitcoin", "text": "Disclaimer: The following op-ed represents the views of the author, and may not necessarily reflect the views of Bitcoinist. Bitcoinist is an advocate of creative and financial freedom alike.", "source_name": "Bitcoinist", "date": "Mon, 11 Apr 2022 19:59:00 -0400", "topics": [], "sentiment": "Negative", "type": "Article", "tickers": ["BTC"]}, {"news_url": "https://cointelegraph.com/news/bitcoin-price-dip-to-39-2k-places-btc-back-in-bear-market-territory", "image_url": "https://crypto.snapi.dev/images/v1/f/p/840-ahr0chm6ly9zmy5jb2ludgvszwdyyxbolmnvbs91cgxvywrzlziwmjitmdqvzjjkmjg3zjytogq3os00ntk3lwfkywutytkxmtm2mwixnda4lmpwzw-128033.jpg", "title": "Bitcoin price dip to $39.2K places BTC back in 'bear market' territory", "text": "Traders say the threat of a lengthy bear market is heightened after BTC price drops to $39,200.", "source_name": "Cointelegraph", "date": "Mon, 11 Apr 2022 19:50:38 -0400", "topics": [], "sentiment": "Negative", "type": "Article", "tickers": ["BTC"]}, {"news_url": "https://www.pymnts.com/cryptocurrency/2022/ark-invests-cathie-woods-bets-cash-app-will-win-bitcoin-payments/", "image_url": "https://crypto.snapi.dev/images/v1/c/a/cash-app-and-venmo-457x267-128035.jpg", "title": "Ark Invest's Cathie Woods Bets Cash App Will Win Bitcoin Payments", "text": "Bitcoin-friendly Ark Invest has sold off its PayPal holdings in favor of Cash App, and Bitcoin is behind the decision. Ark CEO Cathie Wood told CNBC at the Bitcoin 2022 conference in Miami that the \u201csingular focus of Bitcoin\u201d by Cash App creator Block, \u201cis critical here.", "source_name": "PYMNTS", "date": "Mon, 11 Apr 2022 19:36:43 -0400", "topics": [], "sentiment": "Positive", "type": "Article", "tickers": ["BTC"]}, {"news_url": "https://ambcrypto.com/solana-what-investors-need-to-be-wary-of-in-case-of-a-decline-hereon/", "image_url": "https://crypto.snapi.dev/images/v1/a/n/untitled-design-19-128030.png", "title": "Solana: What investors need to be wary of in case of a decline hereon", "text": "Solana's (SOL) recovery has been in line with most altcoins in the market that rallied after Bitcoin's revival from $37,700. While the sellers initiated a sell-off from the $136-mark, SOL saw an up-channel breakout.", "source_name": "AMBCrypto", "date": "Mon, 11 Apr 2022 19:30:20 -0400", "topics": [], "sentiment": "Negative", "type": "Article", "tickers": ["SOL"]}, {"news_url": "https://thecurrencyanalytics.com/altcoins/let-xrp-solve-the-real-payment-problems-bitcoin-payment-network-might-not-work-40824.php", "image_url": "https://crypto.snapi.dev/images/v1/e/g/let-xrp-solve-the-real-payment-problems-bitcoin-payment-network-might-not-work-128031.jpg", "title": "Let XRP solve the real payment problems Bitcoin Payment Network Might Not Work!", "text": "Catch up on the latest crypto market news at The Currency Analytics. Ran NeuNer had a serious question?", "source_name": "The Currency Analytics", "date": "Mon, 11 Apr 2022 19:30:16 -0400", "topics": [], "sentiment": "Positive", "type": "Article", "tickers": ["XRP"]}, {"news_url": "https://cryptobriefing.com/bitcoin-is-freedom-reflections-on-bitcoin-2022/?utm_source=main_feed&utm_medium=rss", "image_url": "https://crypto.snapi.dev/images/v1/5/n/bitcoin-bull-cover-1-838x440-128015.png", "title": "\u201cBitcoin Is Freedom\u201d: Reflections on Bitcoin 2022", "text": "Crypto Briefing attended Bitcoin 2022 in Miami to see what life is like among the world's most faithful Bitcoin believers.", "source_name": "Crypto Briefing", "date": "Mon, 11 Apr 2022 18:04:07 -0400", "topics": [], "sentiment": "Positive", "type": "Article", "tickers": ["BTC"]}, {"news_url": "https://dailyhodl.com/2022/04/11/institutions-take-profit-after-market-rally-but-solana-sol-and-cardano-ada-remain-resilient-coinshares/", "image_url": "https://crypto.snapi.dev/images/v1/h/g/solana-caradno-remain-resilientjpgfit10242c600ssl1-128017.jpg", "title": "Institutions Take Profit After Market Rally, but Solana (SOL) and Cardano (ADA) Remain Resilient: CoinShares", "text": "A leading digital assets manager says institutional profit-taking lead to heavy outflows in crypto investment products over the last week. In the latest Digital Asset Fund Flows Weekly report, CoinShares suggests\u00a0last week's heavy outflows of $134 million is a result of the previous week's market value appreciation. \u201cDigital asset investment products saw outflows totaling US$134m [\u2026] The post Institutions Take Profit After Market Rally, but Solana (SOL) and Cardano (ADA) Remain Resilient: CoinShares appeared first on The Daily Hodl.", "source_name": "The Daily Hodl", "date": "Mon, 11 Apr 2022 18:01:34 -0400", "topics": ["institutions"], "sentiment": "Positive", "type": "Article", "tickers": ["ADA", "SOL"]}, {"news_url": "https://investorplace.com/2022/04/which-crypto-has-the-most-potential-10-names-for-your-watch-list/", "image_url": "https://crypto.snapi.dev/images/v1/d/e/decentralized-exchange-78390-97329-128022.jpg", "title": "Which Crypto Has the Most Potential? 10 Names for Your Watch List.", "text": "With Bitcoin finally showing signs of life, these are the top 10 assets for speculators wondering which crypto has the most potential.", "source_name": "Investorplace", "date": "Mon, 11 Apr 2022 18:00:45 -0400", "topics": [], "sentiment": "Positive", "type": "Article", "tickers": ["AAVE", "CRV", "DGB", "DOT", "ENJ", "FIL", "FTM", "LBLOCK", "LINK", "XLM"]}, {"news_url": "https://crypto.news/ethereum-merge-2-12-return-matt-hougan/", "image_url": "https://crypto.snapi.dev/images/v1/h/r/scaling-solutions-emerge-as-ethereum-gas-fees-remain-high-128018.jpg", "title": "Ethereum Merge to Bring 2 Halvings and 12% Return, Matt Hougan", "text": "Matt Hougan, Bitwise Asset Management's Chief Investment official, stated that Ethereum's London hard fork upgrade is \u201cone of many largest crypto tales of this year.\u201d He also added that he is as bullish for \u201cthe merge\u201d alongside the exhausting fork.", "source_name": "Crypto news", "date": "Mon, 11 Apr 2022 18:00:00 -0400", "topics": [], "sentiment": "Neutral", "type": "Article", "tickers": ["ETH"]}, {"news_url": "https://www.forbes.com/sites/cbovaird/2022/04/11/bitcoin-prices-just-dropped-below-40000-to-reach-their-lowest-since-mid-march/", "image_url": "https://crypto.snapi.dev/images/v1/k/h/bitcoin-prices-just-dropped-below-40000-to-reach-their-lowest-since-mid-march-128012.jpg", "title": "Bitcoin Prices Just Dropped Below $40,000 To Reach Their Lowest Since Mid-March", "text": "Bitcoin prices stumbled today, repeatedly falling below $40,000 and trading below that level at the time of this writing. What caused this latest price weakness? Several analysts weigh in.", "source_name": "Forbes", "date": "Mon, 11 Apr 2022 17:37:40 -0400", "topics": [], "sentiment": "Negative", "type": "Article", "tickers": ["BTC"]}, {"news_url": "https://cryptoslate.com/former-sec-director-accused-of-corruption-how-might-this-affect-the-ripple-case/", "image_url": "https://crypto.snapi.dev/images/v1/r/g/sec-ripple-128008.jpg", "title": "Former SEC Director accused of corruption, how might this affect the Ripple case?", "text": "Whistleblower group Empower Oversight has released details of emails received in a freedom of information request related to the ongoing SEC vs. The post Former SEC Director accused of corruption, how might this affect the Ripple case?", "source_name": "CryptoSlate", "date": "Mon, 11 Apr 2022 17:31:17 -0400", "topics": ["regulations"], "sentiment": "Negative", "type": "Article", "tickers": ["XRP"]}, {"news_url": "https://cryptopotato.com/ethereum-launches-first-mainnet-shadow-fork-in-preparation-for-merge/", "image_url": "https://crypto.snapi.dev/images/v1/9/z/ethereum-128020.jpg", "title": "Ethereum Launches First Mainnet Shadow Fork in Preparation for Merge\u00a0", "text": "The shadow fork puts developers' assumptions about the existing mainnet and testnets through a stress test.\u00a0", "source_name": "CryptoPotato", "date": "Mon, 11 Apr 2022 17:30:59 -0400", "topics": ["upgrade"], "sentiment": "Positive", "type": "Article", "tickers": ["ETH"]}, {"news_url": "https://ambcrypto.com/why-ethereums-eth-next-stop-downward-is-2900/", "image_url": "https://crypto.snapi.dev/images/v1/s/p/ethereum-gdbbe56fd1-1280-e1649690776585-128009.jpg", "title": "Why Ethereum's [ETH] next stop downward is $2,900", "text": "Ethereum price showed a bullish future since mid-March. As it moved into the first week of April, ETH started to slow down its momentum, leading to a reversal.", "source_name": "AMBCrypto", "date": "Mon, 11 Apr 2022 17:30:47 -0400", "topics": [], "sentiment": "Negative", "type": "Article", "tickers": ["ETH"]}, {"news_url": "https://cointelegraph.com/news/kava-turns-bullish-as-ethereum-co-chain-launch-initiates-push-toward-evm-compatibility", "image_url": "https://crypto.snapi.dev/images/v1/7/n/840-ahr0chm6ly9zmy5jb2ludgvszwdyyxbolmnvbs91cgxvywrzlziwmjitmdqvzwfhoddmogutztyxos00zjyyltk2ntytnjiyymvmytcyzme0lmpwzw-128010.jpg", "title": "Kava turns bullish as Ethereum Co-Chain launch initiates push toward EVM compatibility", "text": "KAVA price continues to trend upward as excitement builds over the upcoming launch of Ethereum and Cosmos Co-Chains.", "source_name": "Cointelegraph", "date": "Mon, 11 Apr 2022 17:30:00 -0400", "topics": [], "sentiment": "Positive", "type": "Article", "tickers": ["ETH", "KAVA"]}, {"news_url": "https://decrypt.co/97493/ethereum-devs-testing-eth-2-upgrade-shadow-fork", "image_url": "https://crypto.snapi.dev/images/v1/z/x/shutterstock-1921083944-gid-2-128007.jpg", "title": "Ethereum Devs Now Testing ETH 2.0 Upgrade on 'Shadow Fork'", "text": "Ethereum devs have created a \"shadow fork\" of the mainnet to better test the merge that will transition the network to proof of stake.", "source_name": "Decrypt", "date": "Mon, 11 Apr 2022 17:18:42 -0400", "topics": ["upgrade"], "sentiment": "Positive", "type": "Article", "tickers": ["ETH"]}, {"news_url": "https://decrypt.co/97531/crypto-market-melts-down-bitcoin-drops-ethereum-loses", "image_url": "https://crypto.snapi.dev/images/v1/u/s/bitcoin-ethereum-tokens-gid-4-128005.png", "title": "Crypto Market Melts Down as Bitcoin Drops 15%, Ethereum Loses 14%", "text": "Bitcoin fell below $40,000, while Ethereum found itself just under $3,000.", "source_name": "Decrypt", "date": "Mon, 11 Apr 2022 17:11:27 -0400", "topics": [], "sentiment": "Negative", "type": "Article", "tickers": ["BTC", "ETH"]}, {"news_url": "https://www.youtube.com/watch?v=34gZeL0qth0", "image_url": "https://crypto.snapi.dev/images/v1/a/e/samson-mow-on-nation-state-bitcoin-adoption-btc-dominance-and-more-128001.jpg", "title": "Samson Mow on Nation-State Bitcoin Adoption, BTC Dominance, and More", "text": "Samson Mow, formerly of Blockstream, discusses his start-up business JAN3, and the company's ambitions to \u201caccelerate hyper-bitcoinization.\u201d He joins \u201cAll About Bitcoin\u201d host Christine Lee from the Bitcoin 2022 conference in Miami to describe his work with nation-states to adopt bitcoin into their financial systems, JAN3's involvement in El Salvador's Bitcoin City project, and Strike's announced partnership with Shopify.", "source_name": "Coindesk", "date": "Mon, 11 Apr 2022 17:00:03 -0400", "topics": [], "sentiment": "Positive", "type": "Video", "tickers": ["BTC"]}, {"news_url": "https://bitcoinmagazine.com/culture/mega-meetup-brings-bitcoin-users-together", "image_url": "https://crypto.snapi.dev/images/v1/p/r/img-6139-128000.png", "title": "Mega Meetup Brings Bitcoiners Together At Bitcoin 2022", "text": "A consortium of Bitcoin meetup groups from all over the world joined forces at Bitcoin 2022 to socialize and talk about strategies for growth.", "source_name": "Bitcoin Magazine", "date": "Mon, 11 Apr 2022 17:00:00 -0400", "topics": [], "sentiment": "Neutral", "type": "Article", "tickers": ["BTC"]}, {"news_url": "https://cointelegraph.com/news/eth-devs-implement-first-ever-shadow-fork-as-pos-testing-continues", "image_url": "https://crypto.snapi.dev/images/v1/8/4/840-ahr0chm6ly9zmy5jb2ludgvszwdyyxbolmnvbs91cgxvywrzlziwmjitmdqvnmywngiyndetotewmy00ytfjltk3nditmdi5m2e1zge3mzewlmpwzw-128003.jpg", "title": "ETH devs implement first-ever \u2018shadow fork' as PoS testing continues", "text": "The shadow fork, which is intended to test the next phase of Ethereum's configuration, has no impact on the existing mainnet.", "source_name": "Cointelegraph", "date": "Mon, 11 Apr 2022 17:00:00 -0400", "topics": ["upgrade"], "sentiment": "Neutral", "type": "Article", "tickers": ["ETH"]}, {"news_url": "https://www.youtube.com/watch?v=E9FN9ad3sp8", "image_url": "https://crypto.snapi.dev/images/v1/t/8/pushing-harder-for-a-pure-bitcoin-etf-127998.jpg", "title": "Pushing harder for a pure Bitcoin ETF", "text": "(OPTIMIZED VIDEO SPECIFIC DESCRIPTION) \u00bb Subscribe to CNBC TV: https://cnb.cx/SubscribeCNBCtelevision \u00bb Subscribe to CNBC: https://cnb.cx/SubscribeCNBC Turn to CNBC TV for the latest stock market news and analysis. From market futures to live price updates CNBC is the leader in business news worldwide.", "source_name": "CNBC Television", "date": "Mon, 11 Apr 2022 16:32:58 -0400", "topics": [], "sentiment": "Neutral", "type": "Video", "tickers": ["BTC"]}, {"news_url": "https://cryptopotato.com/another-439m-in-liquidations-as-btc-drops-below-40k/", "image_url": "https://crypto.snapi.dev/images/v1/y/8/bitcoin-cover-127994.jpg", "title": "Another $439M in Liquidations As BTC Drops Below $40k", "text": "Under threat of greater rate hikes from the Federal Reserve, Bitcoin is plunging to a monthly low, alongside stocks. Hundreds of millions of dollars in liquidations have been set off across the crypto market in the process.", "source_name": "CryptoPotato", "date": "Mon, 11 Apr 2022 16:31:33 -0400", "topics": [], "sentiment": "Negative", "type": "Article", "tickers": ["BTC"]}, {"news_url": "https://www.fool.com/investing/2022/04/11/bitcoin-could-be-worth-1000000-in-2030/", "image_url": "https://crypto.snapi.dev/images/v1/b/i/bitcoin-ge81804127-1280-127628-127996.jpg", "title": "Bitcoin Could be Worth $1,000,000 in 2030", "text": "Finance titan explains why she is all in on Bitcoin.", "source_name": "The Motley Fool", "date": "Mon, 11 Apr 2022 16:29:23 -0400", "topics": [], "sentiment": "Positive", "type": "Article", "tickers": ["BTC"]}, {"news_url": "https://investorplace.com/2022/04/7-crisis-proof-cryptos-to-buy-right-now/", "image_url": "https://crypto.snapi.dev/images/v1/c/r/crypto13-127997.jpg", "title": "7 Crisis-Proof Cryptos to Buy Right Now", "text": "Which cryptocurrencies are going to best recover from future volatility? Consider some of these crisis-proof cryptos.", "source_name": "Investorplace", "date": "Mon, 11 Apr 2022 16:05:52 -0400", "topics": [], "sentiment": "Positive", "type": "Article", "tickers": ["BNB", "BTC", "ETH", "MKR", "USDC", "XLM", "XRP"]}, {"news_url": "https://cryptonews.com/news/challenges-to-crypto-traders-as-lower-volatility-expected-solana-derivatives-wanted.htm", "image_url": "https://crypto.snapi.dev/images/v1/f/d/e92a64dcd6-127983.jpg", "title": "\u2018Challenges' to Crypto Traders as Lower Volatility Expected; Solana Derivatives Wanted", "text": "High volatility is necessary to attract traders to the crypto derivatives space, and institutions would most like to see new derivatives contracts backed by altcoins such as solana (SOL), polkadot (DOT), cardano (ADA) and stablecoins, a new report from the derivatives-focused analytics firm Acuiti has found.", "source_name": "Cryptonews", "date": "Mon, 11 Apr 2022 16:00:00 -0400", "topics": [], "sentiment": "Neutral", "type": "Article", "tickers": ["SOL"]}, {"news_url": "https://beincrypto.com/first-shadow-fork-goes-live-on-ethereum-ahead-of-proof-of-stake-testing/", "image_url": "https://crypto.snapi.dev/images/v1/b/l/eth-20-127981.png", "title": "First Shadow Fork Goes Live on Ethereum Ahead of Proof-of-Stake Testing", "text": "Today saw the first Ethereum mainnet shadow fork go live. The developers of the second-largest cryptocurrency in terms of market capitalization continue to transition the network to Proof-of-Stake (PoS).", "source_name": "BeInCrypto", "date": "Mon, 11 Apr 2022 16:00:00 -0400", "topics": ["upgrade"], "sentiment": "Positive", "type": "Article", "tickers": ["ETH"]}, {"news_url": "https://u.today/terra-dogecoin-cardano-log-double-digit-losses-as-ethereum-slips-below-3000?SNAPI", "image_url": "https://crypto.snapi.dev/images/v1/b/c/untitled-design-1-124853-127979.png", "title": "Terra, Dogecoin, Cardano Log Double-Digit Losses as Ethereum Slips Below $3,000", "text": "The cryptocurrency market is in the middle of a major correction, with top altcoins posting double-digit losses", "source_name": "UToday", "date": "Mon, 11 Apr 2022 15:59:00 -0400", "topics": [], "sentiment": "Negative", "type": "Article", "tickers": ["ADA", "DOGE", "ETH", "LUNA"]}, {"news_url": "https://www.youtube.com/watch?v=ELWkLKzmK2w", "image_url": "https://crypto.snapi.dev/images/v1/8/l/bitcoin-is-a-global-phenomenon-says-coindesks-parker-as-us-inflation-hedge-theory-falters-127976.jpg", "title": "'Bitcoin is a global phenomenon,' says CoinDesk's Parker, as U.S. inflation hedge theory falters", "text": "Emily Parker, CoinDesk executive director of global content, joins 'Power Lunch' to discuss cryptocurrencies' recent price action, what digital currencies have proven and more.", "source_name": "CNBC Television", "date": "Mon, 11 Apr 2022 15:43:55 -0400", "topics": [], "sentiment": "Neutral", "type": "Video", "tickers": ["BTC"]}, {"news_url": "https://cointelegraph.com/news/bitcoin-price-drops-to-39k-but-data-shows-leverage-traders-dreaming-of-50k", "image_url": "https://crypto.snapi.dev/images/v1/e/n/840-ahr0chm6ly9zmy5jb2ludgvszwdyyxbolmnvbs91cgxvywrzlziwmjitmdqvnty4yzqwn2utmtg4ys00mmqylwewntitogzkztdiztdlndjilmpwzw-127970.jpg", "title": "Bitcoin price drops to $39K, but data shows leverage traders dreaming of $50K", "text": "Multiple factors are pushing BTC price below $40,000, but derivatives data shows pro traders are neutral, and holding out hope for a quick trend reversal.", "source_name": "Cointelegraph", "date": "Mon, 11 Apr 2022 15:35:00 -0400", "topics": [], "sentiment": "Negative", "type": "Article", "tickers": ["BTC"]}, {"news_url": "https://cryptoslate.com/mallers-bitcoin-payment-demo-was-staged-but-chicago-store-will-accept-crypto-soon/", "image_url": "https://crypto.snapi.dev/images/v1/k/m/image-2022-04-11-234137367-127962.png", "title": "Mallers' Bitcoin payment demo was staged but Chicago store will accept crypto soon", "text": "The Chicago convenience store where Strike CEO Jack Mallers bought soda using Bitcoin (BTC) is currently unable to process crypto payments as demonstrated but plans to integrate them soon, a manager at the Galleria Market, Rhia Amin, told CryptoSlate on April 11. The post Mallers' Bitcoin payment demo was staged but Chicago store will accept crypto soon appeared first on CryptoSlate.", "source_name": "CryptoSlate", "date": "Mon, 11 Apr 2022 15:21:16 -0400", "topics": [], "sentiment": "Neutral", "type": "Article", "tickers": ["BTC"]}, {"news_url": "https://bitcoinist.com/bitcoin-2022-miami-renaissance-art-gallery/", "image_url": "https://crypto.snapi.dev/images/v1/m/e/bitcoin-rennaissanceistock-1074930000-640x420-127958.png", "title": "Bitcoin 2022 Miami: Renaissance Art Gallery Puts Rarity On Display", "text": "Bitcoin is digital only, lacking a tangible asset to hold in your hand in the real world. Although you know it exists, you can never see it.", "source_name": "Bitcoinist", "date": "Mon, 11 Apr 2022 15:00:44 -0400", "topics": [], "sentiment": "Neutral", "type": "Article", "tickers": ["BTC"]}, {"news_url": "https://www.newsbtc.com/news/bitcoin/on-chain-suggests-bitcoin-miners-behind-selloff/", "image_url": "https://crypto.snapi.dev/images/v1/5/x/kanchanara-y7bzimidwos-unsplash-1-scaled-127957.jpg", "title": "On-chain Data Suggests Bitcoin Miners Were Behind The Selloff", "text": "On-chain shows Bitcoin miner outflows have been elevated recently, suggesting miners were involved in the recent selloff that took the price of the crypto below $42k. Bitcoin Miner Outflows Spiked Up Before The Crash Below $42k As pointed out by an analyst in a CryptoQuant post, BTC miners seem to have been one of the sellers behind the price drop to $42k.", "source_name": "NewsBTC", "date": "Mon, 11 Apr 2022 15:00:44 -0400", "topics": ["mining"], "sentiment": "Negative", "type": "Article", "tickers": ["BTC"]}, {"news_url": "https://bitcoinist.com/crypto-futures-323m-liquidations-btc-plunges-41k/", "image_url": "https://crypto.snapi.dev/images/v1/c/t/thought-catalog-i0tdrp0fj6y-unsplash-560x420-127959.jpg", "title": "Crypto Futures Observe $323M In Liquidations As Bitcoin Plunges To $41k", "text": "As the Bitcoin price crashes to $41k today, the crypto futures market has observed more than $323 million in liquidations over the past 24 hours. More Than $323 Million In Crypto Futures Liquidate Over The Past Day In case anyone isn't aware of what futures \u201cliquidations\u201d are, it's best to take a brief look at [\u2026]", "source_name": "Bitcoinist", "date": "Mon, 11 Apr 2022 15:00:39 -0400", "topics": ["futures"], "sentiment": "Negative", "type": "Article", "tickers": ["BTC"]}, {"news_url": "https://bitcoinmagazine.com/business/nasdaq-finds-72-of-surveyed-financial-advisors-wanting-bitcoin-allocation", "image_url": "https://crypto.snapi.dev/images/v1/w/f/nasdaq-to-add-liquid-indices-tracking-value-of-btc-and-eth-127955.jpg", "title": "Majority of Financial Advisors Want To Increase Bitcoin Exposure: Nasdaq Survey", "text": "In a survey featuring 500 financial advisors, 72% want to invest more heavily in the ecosystem.", "source_name": "Bitcoin Magazine", "date": "Mon, 11 Apr 2022 14:57:38 -0400", "topics": [], "sentiment": "Positive", "type": "Article", "tickers": ["BTC"]}, {"news_url": "https://www.cryptopolitan.com/bitcoin-ethereum-eos-and-iota-daily-price-analyses-11-april-morning-price-prediction/", "image_url": "https://crypto.snapi.dev/images/v1/y/i/roundup-1140-x-570-2022-mar-dash-1-1-127954.png", "title": "Bitcoin, Ethereum, EOS, and IOTA Daily Price Analyses \u2013 11 April Morning Price Prediction", "text": "TL;DR Breakdown Being unable to see a rise, the global crypto market is shedding value, losing 4.41% in 24 hours. Bitcoin has suffered the same fate, losing 3.36% over the [\u2026]", "source_name": "Cryptopolitan", "date": "Mon, 11 Apr 2022 14:57:29 -0400", "topics": [], "sentiment": "Neutral", "type": "Article", "tickers": ["BTC", "EOS", "ETH", "MIOTA"]}, {"news_url": "https://www.youtube.com/watch?v=RJO3dPr9KGU", "image_url": "https://crypto.snapi.dev/images/v1/0/f/bitcoin-correction-differentjpgfit10242c600ssl1-127719-127960.jpg", "title": "Bitcoin Approaching Support Zone At $37K-$40K, Taro Protocol Brings New Assets to Bitcoin Network", "text": "David Nage of Digital Asset Management firm Arca provides his bitcoin price analysis as the digital gold heading towards $40K level. Plus, CoinDesk's George Kaloudis gives insights into the Taro protocol and what it can do for the bitcoin network in terms of scalability.", "source_name": "Coindesk", "date": "Mon, 11 Apr 2022 14:55:29 -0400", "topics": [], "sentiment": "Neutral", "type": "Video", "tickers": ["BTC"]}, {"news_url": "https://www.fool.com/investing/2022/04/11/why-polkadot-cardano-and-solana-all-dropped-today/", "image_url": "https://crypto.snapi.dev/images/v1/5/-/5-best-layer-1-cryptocurrency-to-buy-125821-127971.jpg", "title": "Why Polkadot, Cardano, and Solana All Dropped Today", "text": "The risk-off trade has hit once again.", "source_name": "The Motley Fool", "date": "Mon, 11 Apr 2022 14:54:05 -0400", "topics": [], "sentiment": "Negative", "type": "Article", "tickers": ["ADA", "DOT", "SOL"]}, {"news_url": "https://www.benzinga.com/markets/cryptocurrency/22/04/26578075/ethereum-follows-through-for-the-bears-heres-why-theres-still-danger-ahead?SNAPI", "image_url": "https://crypto.snapi.dev/images/v1/i/u/ethereum-red-127978.jpg", "title": "Ethereum Follows Through For The Bears: Here's Why There's Still Danger Ahead", "text": "Ethereum (CRYPTO: ETH) was falling over 5% lower on Monday, after making a clean break down from a bear flag pattern Benzinga called out on Saturday.", "source_name": "Benzinga", "date": "Mon, 11 Apr 2022 14:53:00 -0400", "topics": [], "sentiment": "Negative", "type": "Article", "tickers": ["ETH"]}, {"news_url": "https://dailyhodl.com/2022/04/11/bitcoin-whale-transactions-at-lowest-proportions-in-nearly-10-years-according-to-analytics-firm-santiment/", "image_url": "https://crypto.snapi.dev/images/v1/c/v/record-bitcoin-whalejpgfit10242c600ssl1-127961.jpg", "title": "Bitcoin Whale Transactions at Lowest Proportions in Nearly 10 Years, According to Analytics Firm Santiment", "text": "Blockchain analytics firm Santiment says that Bitcoin whales are being outnumbered by other crypto investors in terms of volume by a historical margin. The intelligence firm says that Bitcoin (BTC) transactions exceeding $100,000 are now at levels not seen in nearly a decade. \u201cA new [Santiment] study shows that Bitcoin whale transactions (any transaction exceeding [\u2026] The post Bitcoin Whale Transactions at Lowest Proportions in Nearly 10 Years, According to Analytics Firm Santiment appeared first on The Daily Hodl.", "source_name": "The Daily Hodl", "date": "Mon, 11 Apr 2022 14:45:22 -0400", "topics": ["whales"], "sentiment": "Negative", "type": "Article", "tickers": ["BTC"]}, {"news_url": "https://bitcoinist.com/bitcoin-2022-recap-thiel-salinas-keiser-mallers/", "image_url": "https://crypto.snapi.dev/images/v1/0/v/trading-btc-300x200-127739-127952.jpg", "title": "Bitcoin 2022 Recap, GA Day 1. Afternoon: Thiel, Salinas, Keiser, Mallers & More", "text": "It's time for another Bitcoin 2022 recap. That fateful afternoon, What Bitcoin Did's Peter McCormack hosted.", "source_name": "Bitcoinist", "date": "Mon, 11 Apr 2022 14:44:15 -0400", "topics": [], "sentiment": "Neutral", "type": "Article", "tickers": ["BTC"]}, {"news_url": "https://ambcrypto.com/xrp-market-participants-should-wait-for-this-before-entering-long-positions/", "image_url": "https://crypto.snapi.dev/images/v1/e/4/13933-126543-127951.jpg", "title": "XRP: Market participants should wait for this before initiating long positions", "text": "After its latest bullish rally, XRP broke out of its down-channel (yellow) near its Point of Control (POC, red) and entered the $0.75 to $0.86 range. But it struggled to sustain a close above its 200 EMA (green), upholding its long-term view as a downtrend.", "source_name": "AMBCrypto", "date": "Mon, 11 Apr 2022 14:30:47 -0400", "topics": [], "sentiment": "Neutral", "type": "Article", "tickers": ["XRP"]}, {"news_url": "https://www.benzinga.com/markets/cryptocurrency/22/04/26577800/bored-ape-revolution-restaurant-will-accept-apecoin-and-ethereum?SNAPI", "image_url": "https://crypto.snapi.dev/images/v1/a/h/niranjan-photographs-k3warksvbze-unsplash-127965.jpg", "title": "Bored Ape Revolution: Restaurant Will Accept ApeCoin and Ethereum", "text": "A new restaurant called Bored and Hungry, themed after the Bored Ape Yacht Club NFT collection opened on April 9 in Long Beach.", "source_name": "Benzinga", "date": "Mon, 11 Apr 2022 14:24:00 -0400", "topics": [], "sentiment": "Positive", "type": "Article", "tickers": ["APE", "ETH"]}, {"news_url": "https://cointelegraph.com/news/price-analysis-4-11-btc-eth-bnb-sol-xrp-ada-luna-avax-dot-doge", "image_url": "https://crypto.snapi.dev/images/v1/7/h/840-ahr0chm6ly9zmy5jb2ludgvszwdyyxbolmnvbs91cgxvywrzlziwmjitmdqvzwqznze1ndgtyme5my00ngiyltg2ngytogu3mzy2zdu2otfilmpwzw-127950.jpg", "title": "Price analysis 4/11: BTC, ETH, BNB, SOL, XRP, ADA, LUNA, AVAX, DOT, DOGE", "text": "BTC and altcoins broke below their lower support levels, signaling that further downside is the most likely short-term outcome.", "source_name": "Cointelegraph", "date": "Mon, 11 Apr 2022 14:23:50 -0400", "topics": ["tanalysis"], "sentiment": "Neutral", "type": "Article", "tickers": ["ADA", "AVAX", "BNB", "BTC", "DOGE", "ETH", "LUNA", "SOL", "XRP", "DOT"]}, {"news_url": "https://insidebitcoins.com/news/5-top-crypto-to-buy-this-week-april-2022-week-3", "image_url": "https://crypto.snapi.dev/images/v1/f/1/bot-flocks-to-bitcoinjpgfit10242c600ssl1-118135-127947.jpg", "title": "5 Top Crypto to Buy this Week \u2013 April 2022 Week 3", "text": "CrCryptocurrencies provide investors with the opportunity to speculate and maximise profit and revenue. Several crypto assets are available, but the top crypto to buy this [.", "source_name": "Inside Bitcoins", "date": "Mon, 11 Apr 2022 14:19:07 -0400", "topics": [], "sentiment": "Positive", "type": "Article", "tickers": ["ATOM", "AVAX", "LBLOCK", "LUNA", "SOL"]}, {"news_url": "https://insidebitcoins.com/news/ripple-price-prediction-xrp-usd-slides-below-0-75", "image_url": "https://crypto.snapi.dev/images/v1/9/m/crypto9-127946.jpg", "title": "Ripple Price Prediction: XRP/USD Slides Below $0.75", "text": "Ripple Price Prediction \u2013 April 11 The Ripple price prediction is down by 6.40% in the last few hours as the current market value goes [...]", "source_name": "Inside Bitcoins", "date": "Mon, 11 Apr 2022 14:17:57 -0400", "topics": ["tanalysis"], "sentiment": "Negative", "type": "Article", "tickers": ["XRP"]}, {"news_url": "https://u.today/bitcoin-plunges-to-40k-as-dollar-rallies?SNAPI", "image_url": "https://crypto.snapi.dev/images/v1/5/0/13982-0-127938.jpg", "title": "Bitcoin Plunges to $40K as Dollar Rallies", "text": "The Bitcoin price is struggling to recover after the Fed entered an aggressive tightening cycle", "source_name": "UToday", "date": "Mon, 11 Apr 2022 14:08:00 -0400", "topics": [], "sentiment": "Negative", "type": "Article", "tickers": ["BTC"]}, {"news_url": "https://www.fool.com/investing/2022/04/11/xrp-sinks-7-today-despite-major-catalyst/", "image_url": "https://crypto.snapi.dev/images/v1/r/i/ripple-xrp-1-300x200-124826-126552-127943.jpg", "title": "XRP Sinks 7% Today, Despite Major Catalyst", "text": "Some positive developments on XRP's ongoing lawsuit haven't been enough to stem the bleeding for this top token.", "source_name": "The Motley Fool", "date": "Mon, 11 Apr 2022 14:06:58 -0400", "topics": [], "sentiment": "Negative", "type": "Article", "tickers": ["XRP"]}], "total_pages": 42}