{"data": [{"news_url": "https://dailyhodl.com/2022/04/02/billionaire-mike-novogratz-says-bitcoin-may-significantly-outperform-his-earlier-targets-for-2022/", "image_url": "https://crypto.snapi.dev/images/v1/h/8/novogratz-bitcoin-outperformjpgfit10242c600ssl1-124606.jpg", "title": "Billionaire Mike Novogratz Says Bitcoin May Significantly Outperform His Earlier Targets for 2022", "text": "Galaxy Digital CEO Mike Novogratz is adjusting his Bitcoin (BTC) outlook as new players continue to enter the world of blockchain technology. In Galaxy Digital's Q4 earnings call, the billionaire says that in light of continued industry innovation plus increased interest from the general investing public, he expects Bitcoin to exceed his previous 2022 price [\u2026] The post Billionaire Mike Novogratz Says Bitcoin May Significantly Outperform His Earlier Targets for 2022 appeared first on The Daily Hodl.", "source_name": "The Daily Hodl", "date": "Sat, 02 Apr 2022 18:05:17 -0400", "topics": [], "sentiment": "Positive", "type": "Article", "tickers": ["BTC"]}, {"news_url": "https://insidebitcoins.com/news/bitcoin-price-prediction-btc-usd-retreats-after-trading-above-47000", "image_url": "https://crypto.snapi.dev/images/v1/5/x/bitcoin-124401-124602.jpeg", "title": "Bitcoin Price Prediction: BTC/USD Retreats After Trading Above $47,000", "text": "Bitcoin Price Prediction \u2013 April 2 The Bitcoin price prediction shows that BTC rises in the early hours of today, but got rejected as the [...]", "source_name": "Inside Bitcoins", "date": "Sat, 02 Apr 2022 17:38:11 -0400", "topics": ["tanalysis"], "sentiment": "Negative", "type": "Article", "tickers": ["BTC"]}, {"news_url": "https://www.cryptoglobe.com/latest/2022/04/ripple-co-founder-wants-bitcoin-to-switch-to-proof-of-stake/", "image_url": "https://crypto.snapi.dev/images/v1/e/p/chris-larsen-at-google-124599.png", "title": "Ripple Co-Founder Wants Bitcoin to Switch To Proof-of-Stake", "text": "Ripple Co-Founder (as well as its former CEO) Chris Larsen, who is currently Executive Chairman of Ripple's board of directors, is backing a new campaign to transition Bitcoin from proof-of-work (PoW) network to proof-of-stake.\u00a0 According to a report by Bloomberg, Larsen, alongside several climate activist groups including Greenpeace, is launching a new campaign called \u201cChange [\u2026]", "source_name": "CryptoGlobe", "date": "Sat, 02 Apr 2022 17:00:08 -0400", "topics": [], "sentiment": "Neutral", "type": "Article", "tickers": ["BTC"]}, {"news_url": "https://u.today/bitcoin-btc-volatility-has-never-been-so-low-quarterly-candles-say?SNAPI", "image_url": "https://crypto.snapi.dev/images/v1/1/3/13796-124595.jpg", "title": "Bitcoin (BTC) Volatility Has Never Been So Low, Quarterly Candles Say", "text": "Analyst William Clemente published interesting chart with quarterly Bitcoin (BTC) candles; it looks like BTC demonstrates a new pattern in 2021-2022", "source_name": "UToday", "date": "Sat, 02 Apr 2022 16:30:00 -0400", "topics": [], "sentiment": "Positive", "type": "Article", "tickers": ["BTC"]}, {"news_url": "https://dailyhodl.com/2022/04/02/heres-how-bitcoin-btc-could-explode-by-over-10000-according-to-global-investment-giant-vaneck/", "image_url": "https://crypto.snapi.dev/images/v1/f/o/how-btc-could-explodejpgfit10242c600ssl1-124598.jpg", "title": "Here's How Bitcoin (BTC) Could Explode by Over 10,000%, According to Global Investment Giant VanEck", "text": "A global investment manager is predicting Bitcoin (BTC) could surge by over 100 times as hard currencies become less attractive reserve assets. In a new blog post, VanEck emerging markets fixed income strategy chief economist Natalia Gurushina and head of active emerging markets debt Eric Fine say\u00a0the upside for Bitcoin is \u201cpotentially dramatic\u201d were it [\u2026] The post Here's How Bitcoin (BTC) Could Explode by Over 10,000%, According to Global Investment Giant VanEck appeared first on The Daily Hodl.", "source_name": "The Daily Hodl", "date": "Sat, 02 Apr 2022 16:00:09 -0400", "topics": [], "sentiment": "Positive", "type": "Article", "tickers": ["BTC"]}, {"news_url": "https://www.youtube.com/watch?v=aSmTmQYiGNc", "image_url": "https://crypto.snapi.dev/images/v1/q/9/adobestock-208934783-124342-124589.jpeg", "title": "What's Driving the BTC Price Dip?", "text": "MarketGauge's Michele Schneider discusses the possible catalysts for bitcoin market moves, citing a recent vote in the European Union to move forward with restrictive crypto regulations and increased buying by whales like MicroStrategy. Plus, a discussion about bitcoin as a risk-on or risk-off asset and why Schneider is optimistic about Luna, Avalanche, and Solana.", "source_name": "Coindesk", "date": "Sat, 02 Apr 2022 16:00:01 -0400", "topics": [], "sentiment": "Negative", "type": "Video", "tickers": ["BTC"]}, {"news_url": "https://cryptopotato.com/ripple-co-founder-donates-5m-to-environmental-campaign-against-bitcoin-mining/", "image_url": "https://crypto.snapi.dev/images/v1/g/s/bitcoin-mining-cover-124588.jpg", "title": "Ripple Co-Founder Donates $5M to Environmental Campaign Against Bitcoin Mining", "text": "The campaign calls on Bitcoin miners, devs, and influencers to move the network away from proof of work.\u00a0", "source_name": "CryptoPotato", "date": "Sat, 02 Apr 2022 15:45:03 -0400", "topics": ["mining"], "sentiment": "Negative", "type": "Article", "tickers": ["BTC"]}, {"news_url": "https://www.dcforecasts.com/bitcoin-news/mt-gox-wallet-transferred-6800-btc-with-plans-to-redistribute-6b/", "image_url": "https://crypto.snapi.dev/images/v1/l/h/cryptocurrency-6601591-1280-0-124081-124580.jpg", "title": "Mt.Gox Wallet Transferred 6800 BTC With Plans To Redistribute $6B", "text": "MT.Gox wallet transferred 6800 BTC with plans to redistribute $6 billion to the affected users from the hack a few years ago as we can see more today in our latest Bitcoin news. Former CEO Mark Karpeles disclosed that MT.GOX wallet transferred coins and the exchange had about 200,000 BTC in possession during the company's [\u2026]", "source_name": "DCForecasts", "date": "Sat, 02 Apr 2022 15:07:22 -0400", "topics": [], "sentiment": "Neutral", "type": "Article", "tickers": ["BTC"]}, {"news_url": "https://www.dcforecasts.com/altcoin-news/solana-sol-eyes-150-in-april-after-jumping-past-key-selloff-junction/", "image_url": "https://crypto.snapi.dev/images/v1/o/m/shutterstock-2030401217-123474-123830-124578.jpg", "title": "Solana SOL Eyes $150 In April After Jumping Past Key Selloff Junction", "text": "Solana SOL eyes $150 price level in April as it jumped past the key selloff junction and entered the overbought territory which proves that the bulls are not scared of the excessive valuations so let's read more in today's latest altcoin news. Solana jumped past the critical resistance level which had limited the recovery attempts [\u2026]", "source_name": "DCForecasts", "date": "Sat, 02 Apr 2022 15:02:02 -0400", "topics": [], "sentiment": "Positive", "type": "Article", "tickers": ["SOL"]}, {"news_url": "https://bitcoinmagazine.com/culture/bitcoin-and-the-crypto-anarchist-manifesto", "image_url": "https://crypto.snapi.dev/images/v1/t/6/bitcoin-mining-asic-security-124577.png", "title": "Bitcoin Barbed Wire And The Crypto Anarchist Manifesto", "text": "Comparing Bitcoin to barbed wire from Timothy May's \u201cCrypto Anarchist Manifesto\u201d can give insight into the gravity of this seemingly abstract invention.", "source_name": "Bitcoin Magazine", "date": "Sat, 02 Apr 2022 15:00:00 -0400", "topics": [], "sentiment": "Neutral", "type": "Article", "tickers": ["BTC"]}, {"news_url": "https://www.cryptopolitan.com/bitcoin-ethereum-uniswap-and-bitcoin-cash-daily-price-analyses-2-april-morning-price-prediction/", "image_url": "https://crypto.snapi.dev/images/v1/2/d/2d233-124584.", "title": "Bitcoin, Ethereum, Uniswap, and Bitcoin Cash Daily Price Analyses \u2013 2 April Morning Price Prediction", "text": "TL;DR Breakdown The global crypto market is in a bullish mood, added 0.48% over the last 24 hours. Bitcoin is in a bearish mood as it shed 0.55% in the [\u2026]", "source_name": "Cryptopolitan", "date": "Sat, 02 Apr 2022 14:48:59 -0400", "topics": [], "sentiment": "Neutral", "type": "Article", "tickers": ["BCH", "BTC", "ETH", "UNI"]}, {"news_url": "https://dailyhodl.com/2022/04/02/april-fools-day-joke-ethereum-eth-creator-vitalik-buterin-defends-bitcoin-btc-maximalism-in-new-blog-post/", "image_url": "https://crypto.snapi.dev/images/v1/q/t/fools-buterin-blogjpgfit10242c600ssl1-124576.jpg", "title": "April Fool's Day Joke? Ethereum (ETH) Creator Vitalik Buterin Defends Bitcoin (BTC) Maximalism in New Blog Post", "text": "Ethereum (ETH) co-founder Vitalik Buterin is passionately defending Bitcoin (BTC) maximalism \u2013 which may or may not be an April Fools' Day joke. In a new blog post, Buterin argues that storage of wealth and payments have been by far the most successful applications of the blockchain, despite the droves of other use-cases laid out [\u2026] The post April Fool's Day Joke? Ethereum (ETH) Creator Vitalik Buterin Defends Bitcoin (BTC) Maximalism in New Blog Post appeared first on The Daily Hodl.", "source_name": "The Daily Hodl", "date": "Sat, 02 Apr 2022 14:45:46 -0400", "topics": [], "sentiment": "Neutral", "type": "Article", "tickers": ["BTC"]}, {"news_url": "https://decrypt.co/96741/more-than-90-of-all-bitcoin-now-in-circulation-whats-next", "image_url": "https://crypto.snapi.dev/images/v1/c/w/asic-mining-rigs-bitcoin-mining-gid-6-124568.jpg", "title": "More Than 90% of All Bitcoin Is Now in Circulation. What's Next?", "text": "It took 13 years to mine the 19 millionth Bitcoin. Just don't expect the remainder anytime soon.", "source_name": "Decrypt", "date": "Sat, 02 Apr 2022 14:03:08 -0400", "topics": [], "sentiment": "Neutral", "type": "Article", "tickers": ["BTC"]}, {"news_url": "https://news.bitcoin.com/with-over-90-of-btcs-supply-issued-bitcoins-mining-difficulty-reaches-a-lifetime-high/", "image_url": "https://crypto.snapi.dev/images/v1/p/k/with-over-90-of-btcs-supply-issued-bitcoins-mining-difficulty-reaches-a-lifetime-high-124567.jpg", "title": "With Over 90% of BTC's Supply Issued, Bitcoin's Mining Difficulty Reaches a Lifetime High", "text": "Bitcoin's mining difficulty increased this week on March 31, 2022, at block height 729,792 for the first time since February 17. The network's difficulty jumped 4.31% higher bringing the metric to a lifetime high at 28.59 trillion. Since the increase, the network's hashrate has been a bit more volatile dropping from 217 exahash per second [\u2026]", "source_name": "Bitcoin", "date": "Sat, 02 Apr 2022 14:00:38 -0400", "topics": ["mining"], "sentiment": "Neutral", "type": "Article", "tickers": ["BTC"]}, {"news_url": "https://www.benzinga.com/markets/cryptocurrency/22/04/26437355/5-major-altcoins-that-outperformed-bitcoin-this-week?SNAPI", "image_url": "https://crypto.snapi.dev/images/v1/3/i/crypto-3-124579.jpg", "title": "5 Major Altcoins That Outperformed Bitcoin This Week", "text": "Bitcoin (CRYPTO: BTC) has staged a nice recovery in recent sessions, as risk appetite returned to the market. The recovery has been in fits-and-starts, and the apex currency has not built up enough momentum to stage a sustained recovery.", "source_name": "Benzinga", "date": "Sat, 02 Apr 2022 14:00:00 -0400", "topics": [], "sentiment": "Positive", "type": "Article", "tickers": ["AVAX", "ETH", "LUNA", "NEAR", "SOL"]}, {"news_url": "https://u.today/eth20-not-a-product-ethereum-community-dismisses-one-toxic-narrative?SNAPI", "image_url": "https://crypto.snapi.dev/images/v1/n/s/13798-124566.jpg", "title": "\"ETH2.0 Not a Product\": Ethereum Community Dismisses One Toxic Narrative", "text": "r/Ethereum, the oldest Ethereum-centric community on Reddit, explains why we shouldn't expect the \"launch\" of Ethereum 2.0", "source_name": "UToday", "date": "Sat, 02 Apr 2022 13:50:00 -0400", "topics": [], "sentiment": "Negative", "type": "Article", "tickers": ["ETH"]}, {"news_url": "https://beincrypto.com/xrp-lawyer-predicts-sec-will-target-crypto-exchanges-next/", "image_url": "https://crypto.snapi.dev/images/v1/j/5/sec-124571.png", "title": "Ripple Lawyer Predicts the SEC Will Target Crypto Exchanges \u2018Soon'", "text": "A Ripple lawyer predicts that the SEC will soon be targeting crypto exchanges, according to a recent tweet. The post Ripple Lawyer Predicts the SEC Will Target Crypto Exchanges \u2018Soon' appeared first on BeInCrypto.", "source_name": "BeInCrypto", "date": "Sat, 02 Apr 2022 13:48:00 -0400", "topics": ["regulations"], "sentiment": "Neutral", "type": "Article", "tickers": ["XRP"]}, {"news_url": "https://www.cryptopolitan.com/ripple-price-analysis-2022-04-02/", "image_url": "https://crypto.snapi.dev/images/v1/a/k/ripple-price-analysis-2022-04-02-124560.png", "title": "Ripple price analysis: XRP retraces to $0.85, forms descending trendline", "text": "TL;DR Breakdown Ripple price analysis is bearish today. XRP/USD has found resistance at $0.85 previous support.", "source_name": "Cryptopolitan", "date": "Sat, 02 Apr 2022 13:29:56 -0400", "topics": ["tanalysis"], "sentiment": "Negative", "type": "Article", "tickers": ["XRP"]}, {"news_url": "https://cryptopotato.com/bitcoins-supply-passes-19-million-coins-less-than-2-million-left/", "image_url": "https://crypto.snapi.dev/images/v1/y/3/bitcoin-blocks-cover-124550.jpg", "title": "Bitcoin's Supply Passes 19 Million Coins, Less Than 2 Million Left", "text": "The final 2 million Bitcoin will be mined over the course of 120 years.", "source_name": "CryptoPotato", "date": "Sat, 02 Apr 2022 12:38:58 -0400", "topics": [], "sentiment": "Neutral", "type": "Article", "tickers": ["BTC"]}, {"news_url": "https://bitcoinmagazine.com/technical/building-applications-on-the-bitcoin-network", "image_url": "https://crypto.snapi.dev/images/v1/l/b/mining-chips-124548.jpg", "title": "Building Applications On Top Of The Bitcoin Protocol", "text": "It is possible to build on the Bitcoin blockchain using layer two technologies while leveraging the security and censorship-resistance it provides.", "source_name": "Bitcoin Magazine", "date": "Sat, 02 Apr 2022 12:30:00 -0400", "topics": [], "sentiment": "Neutral", "type": "Article", "tickers": ["BTC"]}, {"news_url": "https://www.cryptopolitan.com/bitcoin-price-analysis-2022-04-02/", "image_url": "https://crypto.snapi.dev/images/v1/v/s/bitcoin-price-analysis-2022-04-02-124543.png", "title": "Bitcoin price analysis: BTC looks to recover, finds resistance at $47,000", "text": "TL;DR Breakdown Bitcoin price analysis is bearish today. BTC/USD saw a quick recovery yesterday.", "source_name": "Cryptopolitan", "date": "Sat, 02 Apr 2022 12:01:52 -0400", "topics": ["tanalysis"], "sentiment": "Positive", "type": "Article", "tickers": ["BTC"]}, {"news_url": "https://cryptopotato.com/btc-price-analysis-whats-next-for-bitcoin-after-the-200ma-rejection/", "image_url": "https://crypto.snapi.dev/images/v1/h/9/shutterstock-1871804200-838x440-124197-124544.png", "title": "BTC Price Analysis: What's Next For Bitcoin After the 200MA Rejection?", "text": "Despite being up about 5% on the day, BTC's price took a beating in the past couple of days. It appears that the bulls are attempting to retake control, although the shot at $47K from earlier today has so far been unsuccessful.", "source_name": "CryptoPotato", "date": "Sat, 02 Apr 2022 12:01:39 -0400", "topics": ["tanalysis"], "sentiment": "Neutral", "type": "Article", "tickers": ["BTC"]}, {"news_url": "https://news.bitcoin.com/vaneck-report-calculates-bitcoin-price-could-tap-4-8m-if-btc-becomes-global-reserve-currency/", "image_url": "https://crypto.snapi.dev/images/v1/m/t/shutterstock-1873555078-124545.jpg", "title": "Vaneck Report Calculates Bitcoin Price Could Tap $4.8M if BTC Becomes the Global Reserve Currency", "text": "On Thursday, the investment firm Vaneck published a blog post that calculates how much gold or bitcoin would be worth if the two assets became global reserve assets. Vaneck's report explained that the investment team \u201cattempted to quantify the emergence of new gold or bitcoin-backed currency regimes.\u201d The study's calculations estimate that gold could reach [\u2026]", "source_name": "Bitcoin", "date": "Sat, 02 Apr 2022 12:00:43 -0400", "topics": [], "sentiment": "Positive", "type": "Article", "tickers": ["BTC"]}, {"news_url": "https://cryptodaily.co.uk/2022/03/btc-usd-up-40-per-cent-since-february-sally-ho-technical-analysis-3-april-2022-btc-bitcoin", "image_url": "https://crypto.snapi.dev/images/v1/p/n/shutterstock-1052675609-124292-124542.jpg", "title": "BTC/USD Up 40% Since February: Sally Ho's Technical Analysis 3 April 2022 BTC", "text": "Bitcoin (BTC/USD) looked to retain recent upside gains early in the Asian session as the pair has notched gains of approximately 40% since late February, launching it to year-to-date highs.\u00a0 Traders recently lifted BTC/USD above key retracement levels around the 46710.80, 47076.55, 47726.76, and 48135.51 areas during the acute appreciation, with significant Stops elected above those areas.", "source_name": "Crypto Daily", "date": "Sat, 02 Apr 2022 12:00:00 -0400", "topics": ["tanalysis"], "sentiment": "Positive", "type": "Article", "tickers": ["BTC"]}, {"news_url": "https://decrypt.co/96739/bitcoin-hits-2022-high-solana-terra-skyrocket-ethereum-rallies", "image_url": "https://crypto.snapi.dev/images/v1/x/o/bitcoin-trampoline-bounce-gid-5-124538.jpeg", "title": "This Week in Coins: Bitcoin Hits 2022 High, Solana and Terra Skyrocket, Ethereum Rallies", "text": "Bitcoin briefly broached $48,000 as several top 30 coins made massive gains over the last seven days.", "source_name": "Decrypt", "date": "Sat, 02 Apr 2022 11:35:22 -0400", "topics": [], "sentiment": "Positive", "type": "Article", "tickers": ["BTC", "ETH", "LUNA", "SOL"]}, {"news_url": "https://www.youtube.com/watch?v=e8y64LoAe_Q", "image_url": "https://crypto.snapi.dev/images/v1/r/m/btc-640x336-124402-124536.jpeg", "title": "Crypto Billionaire Wants to Tackle Bitcoin's Environmental Impact", "text": "Ripple Co-Founder Chris Larsen is teaming up with climate activist groups such as the Greenpeace to launch the \u201cChange the Code, Not the Climate\u201d campaign, which aims to shift the consensus mechanism away from proof-of-work. Bitfarms' Ben Gagnon addresses bitcoin's global energy consumption.", "source_name": "Coindesk", "date": "Sat, 02 Apr 2022 11:30:09 -0400", "topics": [], "sentiment": "Neutral", "type": "Video", "tickers": ["BTC"]}, {"news_url": "https://thecurrencyanalytics.com/bitcoin/bitcoin-btc-doing-just-be-money-is-a-safe-ethos-no-pressure-to-innovate-40661.php", "image_url": "https://crypto.snapi.dev/images/v1/v/g/shutterstock-1912078063-gid-2-124073-124252-124523.jpg", "title": "Bitcoin (BTC) Doing Just Be Money is a Safe Ethos No Pressure to Innovate", "text": "Catch up on the latest crypto market news at The Currency Analytics. Vitalik Buterin defended \u201cBitcoin Maximalism\u201d in his blog.", "source_name": "The Currency Analytics", "date": "Sat, 02 Apr 2022 10:43:30 -0400", "topics": [], "sentiment": "Positive", "type": "Article", "tickers": ["BTC"]}, {"news_url": "https://beincrypto.com/sec-rejects-ark-21shares-bitcoin-spot-etf-filing/", "image_url": "https://crypto.snapi.dev/images/v1/w/i/etf-124522.png", "title": "SEC Rejects Ark 21Shares' Bitcoin Spot ETF Filing", "text": "Ark 21Shares bitcoin spot ETF has been rejected by the U.S. Securities and Exchange Commission due to a lack of adequate investor protection. The post SEC Rejects Ark 21Shares' Bitcoin Spot ETF Filing appeared first on BeInCrypto.", "source_name": "BeInCrypto", "date": "Sat, 02 Apr 2022 10:35:00 -0400", "topics": ["regulations"], "sentiment": "Negative", "type": "Article", "tickers": ["BTC"]}, {"news_url": "https://www.trustnodes.com/2022/04/02/ethereum-crosses-3500-as-mainnet-to-shadow-fork", "image_url": "https://crypto.snapi.dev/images/v1/j/l/121381665-s-122936-123985-124521.jpg", "title": "Ethereum Crosses $3,500 as Mainnet to Shadow Fork", "text": "Ethereum has risen above $3,500 for the first time in three months, with it continuing to gain on bitcoin. Eth's ratio has risen above 0.075, up circa 5% from 0.072.", "source_name": "Trustnodes", "date": "Sat, 02 Apr 2022 10:32:41 -0400", "topics": ["paywall", "upgrade"], "sentiment": "Positive", "type": "Article", "tickers": ["ETH"]}, {"news_url": "https://www.youtube.com/watch?v=NWe-79eqMQo", "image_url": "https://crypto.snapi.dev/images/v1/r/i/bitcoins-correlation-to-meme-stocks-reaches-highest-level-since-2020-124526.jpg", "title": "Bitcoin's Correlation to Meme Stocks Reaches Highest Level Since 2020", "text": "CoinDesk Markets Analyst Damanick Dantes discusses bitcoin's strong correlation with meme stocks at its highest level since 2020, and what it reveals about the crypto markets. Plus, his bitcoin price outlook as the Luna Foundation Guard purchased over $270 million in BTC this week for its UST stablecoin reserves.", "source_name": "Coindesk", "date": "Sat, 02 Apr 2022 10:30:03 -0400", "topics": [], "sentiment": "Neutral", "type": "Video", "tickers": ["BTC"]}, {"news_url": "https://decrypt.co/96646/how-terra-do-kwon-is-boosting-bitcoin-btc-price", "image_url": "https://crypto.snapi.dev/images/v1/h/d/screen-shot-2022-04-02-at-83824-am-gid-4-124520.png", "title": "How Terra's Do Kwon Is Boosting Bitcoin", "text": "\u201cBesides Satoshi, we will be the largest single holder of Bitcoin in the world,\" said Do Kwon about Terra's plan to buy $10 billion worth of Bitcoin.", "source_name": "Decrypt", "date": "Sat, 02 Apr 2022 10:25:52 -0400", "topics": [], "sentiment": "Positive", "type": "Article", "tickers": ["BTC", "LUNA"]}, {"news_url": "https://www.cryptopolitan.com/ethereum-price-analysis-2022-04-02/", "image_url": "https://crypto.snapi.dev/images/v1/s/g/ethereum-price-analysis-2022-04-02-124518.png", "title": "Ethereum price analysis: ETH tests $3,500, not yet ready to break higher?", "text": "TL;DR Breakdown Ethereum price analysis is bearish today. ETH/USD saw a quick rally yesterday.", "source_name": "Cryptopolitan", "date": "Sat, 02 Apr 2022 10:23:00 -0400", "topics": ["tanalysis"], "sentiment": "Neutral", "type": "Article", "tickers": ["ETH"]}, {"news_url": "https://coingape.com/?p=106945", "image_url": "https://crypto.snapi.dev/images/v1/n/6/crypto-bitcoin-124516.jpg", "title": "Bitcoin (BTC) Dominance Retreats As Altcoins Rally, Another Dip?", "text": "Bitcoin (BTC) saw its market dominance fall sharply over the past two days, as the latest crypto rally became more skewed towards altcoins. A mix of institutional buying and interest in staking appeared to have triggered the rally.", "source_name": "Coingape", "date": "Sat, 02 Apr 2022 10:05:32 -0400", "topics": [], "sentiment": "Negative", "type": "Article", "tickers": ["BTC"]}, {"news_url": "https://www.theblockcrypto.com/linked/140266/bitcoin-miner-primeblock-plans-to-go-public-via-1-25-billion-spac-deal", "image_url": "https://crypto.snapi.dev/images/v1/2/2/adobestock-208934783-124342-124513.jpeg", "title": "Bitcoin miner PrimeBlock plans to go public via $1.25 billion SPAC deal", "text": "Crypto mining company PrimeBlock plans to be listed on the Nasdaq by merging with a special purpose acquisition company. The post Bitcoin miner PrimeBlock plans to go public via $1.25 billion SPAC deal appeared first on The Block.", "source_name": "The Block", "date": "Sat, 02 Apr 2022 10:00:14 -0400", "topics": ["mining"], "sentiment": "Neutral", "type": "Article", "tickers": ["BTC"]}, {"news_url": "https://bitcoinmagazine.com/business/abubakar-nur-khalil-to-guide-bitcoin-in-africa", "image_url": "https://crypto.snapi.dev/images/v1/x/w/bitcoin-mining-124345-124512.jpg", "title": "Meet BTrust's Abubakar Nur Khalil, Africa's Bitcoin Innovation Savior", "text": "With a vision for how Bitcoin can grow exponentially in Africa, Abubakar Nur Khalil will help guide Jack Dorsey's BTrust.", "source_name": "Bitcoin Magazine", "date": "Sat, 02 Apr 2022 10:00:00 -0400", "topics": [], "sentiment": "Positive", "type": "Article", "tickers": ["BTC"]}, {"news_url": "https://www.dcforecasts.com/altcoin-news/cme-group-is-looking-to-offer-cardano-solana-futures/", "image_url": "https://crypto.snapi.dev/images/v1/t/a/solana-blockchain-124511.png", "title": "CME Group Is Looking To Offer Cardano, Solana Futures", "text": "CME Group is looking to offer Cardano and Solana futures according to an executive who announced it during a conference in London so let's read more in today's latest cryptocurrency news. Solana and Cardano could have futures contracts available on the Chicago Mercantile Exchange according to a CME Group executive.", "source_name": "DCForecasts", "date": "Sat, 02 Apr 2022 09:54:35 -0400", "topics": ["futures"], "sentiment": "Neutral", "type": "Article", "tickers": ["ADA", "SOL"]}, {"news_url": "https://www.cryptoglobe.com/latest/2022/04/bitmex-co-founder-arthur-hayes-my-target-allocation-is-25-bitcoin-and-75-ether/", "image_url": "https://crypto.snapi.dev/images/v1/a/e/arthur-hayes-distributed-2018-124510.png", "title": "BitMEX Co-Founder Arthur Hayes: \u2018My Target Allocation Is 25% Bitcoin and 75% Ether'", "text": "On Thursday (March 31), Arthur Hayes, Co-Founder and former CEO of crypto derivatives exchange BitMEX, talked about Bitcoin and Ethereum, and more specifically about the portions of his crypto portfolio allocated to these two cryptoassets. In his blog post, Hayes explained why he is currently more bullish on Ethereum than Bitcoin: \u201cMy crypto portfolio at [\u2026]", "source_name": "CryptoGlobe", "date": "Sat, 02 Apr 2022 09:49:46 -0400", "topics": [], "sentiment": "Positive", "type": "Article", "tickers": ["BTC", "ETH"]}, {"news_url": "https://news.bitcoin.com/biggest-movers-near-surges-22-on-saturday-as-sol-axs-move-higher/", "image_url": "https://crypto.snapi.dev/images/v1/p/t/altcoin-up-over-20jpgfit10242c600ssl1-123624-124505.jpg", "title": "Biggest Movers:\u00a0 Near Surges 22% on Saturday, as SOL, AXS Move Higher", "text": "NEAR has risen by over 20% during today's session, pushing prices to their highest level since late January. AXS also rebounded on Saturday, following a $640 million hack, which sent its price down this week. NEAR Protocol (NEAR) NEAR was undoubtedly one of the biggest gainers in crypto markets to start the weekend, as its [\u2026]", "source_name": "Bitcoin", "date": "Sat, 02 Apr 2022 09:30:23 -0400", "topics": [], "sentiment": "Positive", "type": "Article", "tickers": ["SOL", "ATA", "AXS"]}, {"news_url": "https://bitcoinist.com/there-are-only-2-million-units-of-bitcoin/", "image_url": "https://crypto.snapi.dev/images/v1/l/x/bitcoin-630x420-124501.jpg", "title": "There Are Only 2 Million Units Of Bitcoin Left To Mine \u2014 Why Does It Matter?", "text": "Bitcoin passed a historic benchmark on Friday with the issuance of 19 million coins. This means that there are only 2 million coins remaining for anyone interested in taking ownership of the most sought-after digital asset in the world.", "source_name": "Bitcoinist", "date": "Sat, 02 Apr 2022 09:24:14 -0400", "topics": [], "sentiment": "Neutral", "type": "Article", "tickers": ["BTC"]}, {"news_url": "https://cointelegraph.com/news/solana-jumps-past-key-selloff-junction-sol-price-eyes-150-in-april", "image_url": "https://crypto.snapi.dev/images/v1/3/q/840-ahr0chm6ly9zmy5jb2ludgvszwdyyxbolmnvbs91cgxvywrzlziwmjitmdqvody3zgm1otetotqxyy00ymm4lwjkytytnjzlzgzmotjlowzjlmpwzw-124493.jpg", "title": "Solana jumps past key selloff junction: SOL price eyes $150 in April", "text": "SOL price enters overbought territory but history shows that bulls are not scared of Solana's excessive valuations.", "source_name": "Cointelegraph", "date": "Sat, 02 Apr 2022 09:05:00 -0400", "topics": [], "sentiment": "Positive", "type": "Article", "tickers": ["SOL"]}, {"news_url": "https://cryptodaily.co.uk/2022/04/now-trending-ethereum-eth-binance-bnb-and-acrana-acr", "image_url": "https://crypto.snapi.dev/images/v1/x/t/image3-7-124503.jpeg", "title": "Now Trending: Ethereum (ETH), Binance (BNB) and Acrana (ACR)", "text": "Although the cryptocurrency's \u201cHousehold Names\u201d are climbing their way back up the chart after a small dip over the weekend, overall, they are still trending. Newcomer Acrana (ACR) has entered the race and is gaining on trending coins like Ethereum and Binance.", "source_name": "Crypto Daily", "date": "Sat, 02 Apr 2022 09:00:00 -0400", "topics": [], "sentiment": "Neutral", "type": "Article", "tickers": ["BNB", "ETH"]}, {"news_url": "https://news.bitcoin.com/bitcoin-ethereum-technical-analysis-eth-climbs-to-3500-to-start-weekend/", "image_url": "https://crypto.snapi.dev/images/v1/m/1/shutterstock-1962897382-124492.jpg", "title": "Bitcoin, Ethereum Technical Analysis: ETH Climbs to $3,500 to Start the Weekend", "text": "ETH rose to its highest level since the start of January to begin the weekend, as prices rose following yesterday's consolidation. BTC also rallied, however remains below this week's high of over $48,000. Bitcoin Although BTC started the weekend trading below this week's high of $48,278, bulls looked to recapture this level, by moving away [\u2026]", "source_name": "Bitcoin", "date": "Sat, 02 Apr 2022 08:52:33 -0400", "topics": ["tanalysis"], "sentiment": "Positive", "type": "Article", "tickers": ["BTC", "ETH"]}, {"news_url": "https://www.dcforecasts.com/altcoin-news/axs-added-12-despite-recent-hack-eth-soars-to-3-month-high/", "image_url": "https://crypto.snapi.dev/images/v1/a/x/axie-infinity-origin-update-2022-gid-6-121490-124494.png", "title": "AXS Added 12% Despite Recent Hack, ETH Soars To 3-Month High", "text": "AXS added 12% despite the recent Ronin hack while ETH soared to a 3-month high as we can see more today in our latest altcoin news. After droppign by $4000 in one day, BTC reacted well and bounced off to hit $46,000 and most of the altcoins entered the green as well.", "source_name": "DCForecasts", "date": "Sat, 02 Apr 2022 08:47:00 -0400", "topics": [], "sentiment": "Positive", "type": "Article", "tickers": ["AXS", "ETH"]}, {"news_url": "https://cryptopotato.com/will-tim-cooks-apple-pay-push-slow-bitcoin-adoption-op-ed/", "image_url": "https://crypto.snapi.dev/images/v1/9/j/apple-btc-cover-124490.jpg", "title": "Will Tim Cook's Apple Pay Push Slow Bitcoin Adoption? (Op-Ed)", "text": "Apple, Inc. is pushing to consolidate and expand its Apple Pay services in a drive for a greater share of the $2 trillion global payments market. Will it take a bite out of Bitcoin and other blockchain solutions?", "source_name": "CryptoPotato", "date": "Sat, 02 Apr 2022 08:30:03 -0400", "topics": [], "sentiment": "Neutral", "type": "Article", "tickers": ["BTC"]}, {"news_url": "https://crypto.news/vaneck-bitcoin-4-8m-fiat-currencies/", "image_url": "https://crypto.snapi.dev/images/v1/f/z/bitcoin-124483.jpg", "title": "VanEck: Bitcoin Could Hit $4.8M if it Replaces Fiat Currencies", "text": "VanEck, an investment firm, has made a very high BTC and gold valuation based on the extremities that get the title of a global reserve currency. The firm believes that Bitcoin (BTC) has double the upside of gold.", "source_name": "Crypto news", "date": "Sat, 02 Apr 2022 08:00:00 -0400", "topics": [], "sentiment": "Positive", "type": "Article", "tickers": ["BTC"]}, {"news_url": "https://thecurrencyanalytics.com/bitcoin/the-bullish-market-structure-of-bitcoin-btc-40653.php", "image_url": "https://crypto.snapi.dev/images/v1/z/i/shutterstock-1246534813-124232-124482.jpg", "title": "The Bullish Market Structure Of Bitcoin (BTC)", "text": "Catch up on the latest crypto market news at The Currency Analytics. BTC the risk off asset 3-day rule in stock trading Early dip, middle dip, late dip in price Markets Now\u2026 The post The Bullish Market Structure Of Bitcoin (BTC) appeared first on Cryptocurrency News.", "source_name": "The Currency Analytics", "date": "Sat, 02 Apr 2022 07:56:47 -0400", "topics": [], "sentiment": "Positive", "type": "Article", "tickers": ["BTC"]}, {"news_url": "https://dailyhodl.com/2022/04/02/bitcoin-whale-abruptly-moves-9600000-in-btc-after-sleeping-for-seven-years/", "image_url": "https://crypto.snapi.dev/images/v1/q/b/whale-abruplty-movesjpgfit10242c600ssl1-124480.jpg", "title": "Bitcoin Whale Abruptly Moves $9,600,000 in BTC After Sleeping for Seven Years", "text": "A long-dormant Bitcoin (BTC) whale is suddenly moving millions of dollars worth of BTC after over seven years of inactivity. In eleven separate transactions, the deep-pocketed trader moved about $9.6 million in BTC in what whale-tracking protocol Whale Alert says could be related to the 2014 hack of now-defunct casino-based crypto exchange platform Cryptsy. \u201cThe [\u2026] The post Bitcoin Whale Abruptly Moves $9,600,000 in BTC After Sleeping for Seven Years appeared first on The Daily Hodl.", "source_name": "The Daily Hodl", "date": "Sat, 02 Apr 2022 07:45:57 -0400", "topics": ["whales"], "sentiment": "Neutral", "type": "Article", "tickers": ["BTC"]}, {"news_url": "https://www.theblockcrypto.com/linked/140204/ethereum-miners-reach-1-29-billion-in-revenues-in-march", "image_url": "https://crypto.snapi.dev/images/v1/k/w/20210917-ethereum-general-800x450-124477.jpg", "title": "Ethereum miners reach $1.29 billion in revenues in March", "text": "Ethereum miners brought in $1.29 billion in revenues during March 2022. The post Ethereum miners reach $1.29 billion in revenues in March appeared first on The Block.", "source_name": "The Block", "date": "Sat, 02 Apr 2022 07:39:15 -0400", "topics": ["mining"], "sentiment": "Neutral", "type": "Article", "tickers": ["ETH"]}, {"news_url": "https://www.dcforecasts.com/bitcoin-news/sec-denied-cathie-woods-ark-invest-bitcoin-etf-application/", "image_url": "https://crypto.snapi.dev/images/v1/q/h/cathie-wood-124476.png", "title": "SEC Denied Cathie Wood's Ark Invest Bitcoin ETF Application", "text": "SEC denied Cathie Wood's Ark Invest Bitcoin ETF application and 21 Shares' to create the spot ETF due to concerns about lack of oversight so let's read more in today's latest Bitcoin news. ARK Invest and 21 Shares became the recent applicants to see their Bitcoin spot ETF application get rejected by the US SEC.", "source_name": "DCForecasts", "date": "Sat, 02 Apr 2022 07:35:55 -0400", "topics": ["regulations"], "sentiment": "Negative", "type": "Article", "tickers": ["BTC"]}, {"news_url": "https://ambcrypto.com/after-19-million-btc-got-mined-heres-what-followed-next/", "image_url": "https://crypto.snapi.dev/images/v1/h/4/samuel-clara-yuwkdfplp6w-unsplash-124474.jpg", "title": "Decoding what '19 million BTC in circulation' means for investors", "text": "Bitcoin is known for its deflationary nature. Its supply has a hard limit of 21 million coins.", "source_name": "AMBCrypto", "date": "Sat, 02 Apr 2022 07:30:12 -0400", "topics": [], "sentiment": "Neutral", "type": "Article", "tickers": ["BTC"]}, {"news_url": "https://cryptobriefing.com/ethereum-merge-proof-of-stake-with-trent-van-epps/?utm_source=main_feed&utm_medium=rss", "image_url": "https://crypto.snapi.dev/images/v1/p/4/cover-eth-838x440-124478.jpg", "title": "Ethereum and the Merge to Proof-of-Stake With Trent Van Epps", "text": "Crypto Briefing spoke to Trent Van Epps of the Ethereum Foundation about the top smart contract network's highly anticipated move to Proof-of-Stake.", "source_name": "Crypto Briefing", "date": "Sat, 02 Apr 2022 07:15:43 -0400", "topics": [], "sentiment": "Neutral", "type": "Article", "tickers": ["ETH"]}, {"news_url": "https://www.fool.com/investing/2022/04/02/the-difference-in-ethereum-contracts-for-nfts/", "image_url": "https://crypto.snapi.dev/images/v1/a/n/analyst-says-overjpgfit10242c600ssl1-123940-124013-124472.jpg", "title": "The Difference in Ethereum Contracts for NFTs", "text": "The decision to choose a certain contract may just hinge on personal preference.", "source_name": "The Motley Fool", "date": "Sat, 02 Apr 2022 07:15:00 -0400", "topics": ["NFT"], "sentiment": "Neutral", "type": "Article", "tickers": ["ETH"]}, {"news_url": "https://coingape.com/?p=106925", "image_url": "https://crypto.snapi.dev/images/v1/v/6/bitcoin-vs-gold-124471.jpg", "title": "Bitcoin Price Prediction: BTC Price Remains Pressured Below 48,000; Hold or Exit?", "text": "Bitcoin price extends the previous session gains on the weekends. The price consolidates in a very tight range above the 200-EMA.", "source_name": "Coingape", "date": "Sat, 02 Apr 2022 07:12:41 -0400", "topics": [], "sentiment": "Negative", "type": "Article", "tickers": ["BTC"]}, {"news_url": "https://www.cryptopolitan.com/polkadot-price-analysis-2022-04-02/", "image_url": "https://crypto.snapi.dev/images/v1/f/w/dot-6-124470.jpg", "title": "Polkadot price analysis: Set to break below the intraday lows", "text": "TL;DR Breakdown The Polkadot price analysis shows a bearish trend DOT prices are down by 7.26 percent Polkadot prices have sought support at $20.09 The Polkadot price analysis for today [\u2026]", "source_name": "Cryptopolitan", "date": "Sat, 02 Apr 2022 07:08:09 -0400", "topics": ["tanalysis"], "sentiment": "Negative", "type": "Article", "tickers": ["DOT"]}, {"news_url": "https://u.today/313-million-xrp-wired-by-ripple-and-exchanges-while-ripple-locks-800-million-xrp-in-escrow?SNAPI", "image_url": "https://crypto.snapi.dev/images/v1/l/m/13792-124469.jpg", "title": "313 Million XRP Wired by Ripple and Exchanges, While Ripple Locks 800 Million XRP in Escrow", "text": "While Ripple has put the remains of the unleashed billion back to escrow, large exchanges have shifted more than 313 million XRP", "source_name": "UToday", "date": "Sat, 02 Apr 2022 07:05:00 -0400", "topics": [], "sentiment": "Neutral", "type": "Article", "tickers": ["XRP"]}, {"news_url": "https://cointelegraph.com/news/mt-gox-wallet-transfers-6-800-btc-as-ex-ceo-plans-to-redistribute-6b", "image_url": "https://crypto.snapi.dev/images/v1/3/d/840-ahr0chm6ly9zmy5jb2ludgvszwdyyxbolmnvbs91cgxvywrzlziwmjitmdqvntczn2zjmdktogvjoc00zjm5lwi0mdmtnweyntmwngywnmfilmpwzw-124468.jpg", "title": "Mt. Gox wallet transfers 6,800 BTC as ex-CEO plans to redistribute $6B", "text": "Former CEO Mark Karpeles disclosed that the exchange had roughly 200,000 BTC in possession during the company's closure, out of which the trustee sold 50,000 BTC for $600 million in the past.", "source_name": "Cointelegraph", "date": "Sat, 02 Apr 2022 06:54:03 -0400", "topics": [], "sentiment": "Neutral", "type": "Article", "tickers": ["BTC"]}, {"news_url": "https://coingape.com/?p=106845", "image_url": "https://crypto.snapi.dev/images/v1/t/o/ethereum-price-rally-target-124466.jpg", "title": "Top 10 Ethereum Whales Now Hold 24% Of ETH, Price Jumps Above $3500", "text": "Ethereum (ETH) price briefly rose above the $3500 level today, hitting an almost 2-month high price of $3,509. Moreover, the top 10 whale addresses holding has also jumped to reach almost 24% of all Ethereum supply.", "source_name": "Coingape", "date": "Sat, 02 Apr 2022 06:47:39 -0400", "topics": ["whales"], "sentiment": "Positive", "type": "Article", "tickers": ["ETH"]}, {"news_url": "https://cointelegraph.com/news/bitcoin-regains-yearly-open-as-trader-says-50k-next-week-might-be-likely", "image_url": "https://crypto.snapi.dev/images/v1/q/z/840-ahr0chm6ly9zmy5jb2ludgvszwdyyxbolmnvbs91cgxvywrzlziwmjitmdqvmdzhnze2otetmdk0ns00ngjmlwe4odctmtu0zwy3ogmxmzrllmpwzw-124464.jpg", "title": "Bitcoin regains yearly open as trader says $50K next week 'might be likely'", "text": "All that keeps Bitcoin price action from its next milestone is a fresh dip below $45,000.", "source_name": "Cointelegraph", "date": "Sat, 02 Apr 2022 06:30:06 -0400", "topics": [], "sentiment": "Positive", "type": "Article", "tickers": ["BTC"]}, {"news_url": "https://coinidol.com/polkadot-consolidates-20/", "image_url": "https://crypto.snapi.dev/images/v1/c/w/e59de3e850fd7b70b11fb8b5b4dc54a9-124465.jpg", "title": "Polkadot Retraces and Consolidates Above $20, May Resume Uptrend", "text": "Polkadot (DOT) is falling back after reaching the high of $23. The bulls previously broke through the $19 and $20 resistance levels, but could not overcome the $23 resistance.", "source_name": "Coin Idol", "date": "Sat, 02 Apr 2022 06:22:00 -0400", "topics": [], "sentiment": "Positive", "type": "Article", "tickers": ["DOT"]}, {"news_url": "https://beincrypto.com/bitcoin-reaches-new-mining-milestone-only-two-million-btc-left-to-mine/", "image_url": "https://crypto.snapi.dev/images/v1/y/z/bic-artwork-bitcoin-miningjpgoptimal-124455.jpg", "title": "Bitcoin Reaches New Mining Milestone, Only Two Million BTC Left to Mine", "text": "The flagship digital asset, Bitcoin, reached an important milestone yesterday as 19 million coins were mined. This means that there are only two million units left of the coin for everyone interested in owning a part of the asset.", "source_name": "BeInCrypto", "date": "Sat, 02 Apr 2022 05:52:17 -0400", "topics": ["mining"], "sentiment": "Neutral", "type": "Article", "tickers": ["BTC"]}, {"news_url": "https://coingape.com/?p=106848", "image_url": "https://crypto.snapi.dev/images/v1/e/r/106832007-1611874260112-sec-e1648547899962-124451.jpg", "title": "XRP Lawyer Predicts SEC Will Come After Crypto Exchanges Next", "text": "The U.S. Securities and Exchange Commission (SEC) issued guidelines for the crypto trading platforms. The advisory asked platforms to reflect digital assets they hold for users on their balance sheets at fair value.", "source_name": "Coingape", "date": "Sat, 02 Apr 2022 05:45:30 -0400", "topics": ["regulations"], "sentiment": "Negative", "type": "Article", "tickers": ["XRP"]}, {"news_url": "https://www.financemagnates.com/cryptocurrency/news/crypto-whale-movements-accelerate-xrp-wallet-transfers-40-million-coins/", "image_url": "https://crypto.snapi.dev/images/v1/v/p/xrp-id-68bbbf0e-a5b3-4b17-980e-49592a85a6ac-size900-124450.jpg", "title": "Crypto Whale Movements Accelerate, XRP Wallet Transfers 40 Million Coins", "text": "Crypto bulls are back in the race with substantial transactions. On 1 April 2022, a leading XRP wallet transferred 40 million coins worth over $32 million from an unknown wallet to the digital exchange Bitstamp.", "source_name": "FinanceMagnates", "date": "Sat, 02 Apr 2022 05:30:00 -0400", "topics": ["whales"], "sentiment": "Positive", "type": "Article", "tickers": ["XRP"]}, {"news_url": "https://www.cryptoglobe.com/latest/2022/04/ripples-global-head-institutional-markets-talks-about-xrp-powered-odl-at-ccdas-2022/", "image_url": "https://crypto.snapi.dev/images/v1/d/8/xrp-analysis-credjpgfit10242c600ssl1-117221-118576-119387-124447.jpg", "title": "Ripple's Global Head Institutional Markets Talks About XRP-Powered ODL at CCDAS 2022", "text": "Earlier this week, Markus Infanger, Ripple's Global Head Institutional Markets talked about real-world use cases for liquidity while appearing as part of a panel at CryptoCompare Digital Asset Summit 2022 (held on March 30 in London). The purpose of this panel (titled \u201cSold Facts, Liquid Truth: Building High Liquidity Digital Asset Markets\u201d), which was moderated [\u2026]", "source_name": "CryptoGlobe", "date": "Sat, 02 Apr 2022 05:19:22 -0400", "topics": ["institutions"], "sentiment": "Neutral", "type": "Article", "tickers": ["XRP"]}, {"news_url": "https://dailyhodl.com/2022/04/02/ethereum-whales-piled-into-five-altcoins-this-week-amid-crypto-market-turnaround/", "image_url": "https://crypto.snapi.dev/images/v1/a/9/whales-piled-fivejpgfit10242c600ssl1-124454.jpg", "title": "Ethereum Whales Piled Into Five Altcoins This Week Amid Crypto Market Turnaround", "text": "Ethereum (ETH) whales have accumulated five altcoins as the crypto market improved over the past week. According to the crypto-tracking platform WhaleStats, the top 100 richest ETH addresses' top target over the last week, excluding ETH and stablecoins, was FTX Token (FTT). Over a seven-day timeframe, ETH whales gobbled up an average purchase amount of [\u2026] The post Ethereum Whales Piled Into Five Altcoins This Week Amid Crypto Market Turnaround appeared first on The Daily Hodl.", "source_name": "The Daily Hodl", "date": "Sat, 02 Apr 2022 05:15:32 -0400", "topics": ["whales"], "sentiment": "Positive", "type": "Article", "tickers": ["ETH", "FTT", "LINK", "SAND", "SHIB", "WBTC"]}, {"news_url": "https://cryptopotato.com/weekend-watch-eth-soars-to-3-month-high-axs-adds-12-despite-recent-ronin-hack/", "image_url": "https://crypto.snapi.dev/images/v1/x/j/ethereumpeak-124436.jpg", "title": "Weekend Watch: ETH Soars to 3-Month High, AXS Adds 12% Despite Recent Ronin Hack", "text": "Ethereum has tapped a new three-month high, while Axie Infinity soared by double-digits despite the recent hack against Ronin.", "source_name": "CryptoPotato", "date": "Sat, 02 Apr 2022 04:28:33 -0400", "topics": [], "sentiment": "Positive", "type": "Article", "tickers": ["AXS", "ETH"]}, {"news_url": "https://finbold.com/crypto-community-with-80-historical-accuracy-sets-ethereum-price-for-april-30-2022/?SNAPI", "image_url": "https://crypto.snapi.dev/images/v1/o/n/crypto-community-with-80-historical-accuracy-sets-ethereum-price-for-april-30-2022-2-124435.jpg", "title": "Crypto community with 80% historical accuracy sets Ethereum price for April 30, 2022", "text": "The price of Ethereum (ETH) has risen dramatically over the last few weeks, reaching as high as $3,470, its highest.", "source_name": "Finbold", "date": "Sat, 02 Apr 2022 04:22:16 -0400", "topics": [], "sentiment": "Neutral", "type": "Article", "tickers": ["ETH"]}, {"news_url": "https://cointelegraph.com/news/bitcoin-network-difficulty-reaches-all-time-high-as-miners-pursue-2m-btc", "image_url": "https://crypto.snapi.dev/images/v1/d/y/840-ahr0chm6ly9zmy5jb2ludgvszwdyyxbolmnvbs91cgxvywrzlziwmjitmdqvywfknzzlnwitn2nkzs00ztk5lwfizdqtmmq3y2nkotcwmzdilmpwzw-124428.jpg", "title": "Bitcoin network difficulty reaches all-time high as miners pursue 2M BTC", "text": "Bitcoin's hash rate maintained a stronghold throughout the year as it compliments the new ATH for BTC network difficulty.", "source_name": "Cointelegraph", "date": "Sat, 02 Apr 2022 02:08:33 -0400", "topics": ["mining"], "sentiment": "Neutral", "type": "Article", "tickers": ["BTC"]}, {"news_url": "https://crypto.news/goldman-sachs-to-begin-offering-bitcoin-to-high-net-worth-clients/", "image_url": "https://crypto.snapi.dev/images/v1/d/t/btc-eth-1-124427.jpg", "title": "Goldman Sachs to Begin Offering Bitcoin to High Net Worth Clients", "text": "Leading global investment bank, Goldman Sachs, has indicated plans to offer Bitcoin (BTC) and Ethereum (ETH) to its high net-worth clientele. The service will be offered in conjunction with Goldman Sachs' long-time collaborator in the crypto space, Galaxy Digital.", "source_name": "Crypto news", "date": "Sat, 02 Apr 2022 02:00:00 -0400", "topics": [], "sentiment": "Positive", "type": "Article", "tickers": ["BTC"]}, {"news_url": "https://en.cryptonomist.ch/2022/04/02/bitcoin-amidst-war-inflation-period-great-uncertainty/", "image_url": "https://crypto.snapi.dev/images/v1/m/s/crypto-uncertainty-300x200-124430.jpg", "title": "Bitcoin amidst war and inflation: a period of great uncertainty", "text": "The latest developments in Bitcoin's market sentiment, including hyperinflation and the war in Ukraine, which threatens to undermine economic growth", "source_name": "The Cryptonomist", "date": "Sat, 02 Apr 2022 02:00:00 -0400", "topics": [], "sentiment": "Negative", "type": "Article", "tickers": ["BTC"]}, {"news_url": "https://coingape.com/?p=106846", "image_url": "https://crypto.snapi.dev/images/v1/7/p/ethereum1-124426.jpg", "title": "BitMex Founder Predicts Ethereum (ETH) Price To Break $10k This Year", "text": "Ethereum (ETH) will likely cross $10,000 by the end of the year, said Arthur Hayes, the co-founder of crypto exchange BitMEX. He said ETH's impending shift to a proof-of-stake (PoS) model would make it resemble a bond, which has the potential to greatly increase its institutional appeal.", "source_name": "Coingape", "date": "Sat, 02 Apr 2022 01:52:46 -0400", "topics": [], "sentiment": "Positive", "type": "Article", "tickers": ["ETH"]}, {"news_url": "https://coinpedia.org/ethereum/ethereumeth-price-to-hit-5-digits-by-end-of-the-year-heres-why/", "image_url": "https://crypto.snapi.dev/images/v1/8/i/crypto14-124425.jpg", "title": "Ethereum(ETH) Price To Hit 5 Digits By End Of the Year ! Here's Why", "text": "After breaking out of the symmetrical triangle, the price of Ethereum signals a bullish future. ETH must overcome several obstacles before reaching major levels, despite its optimism. ETH Price Analysis Between the 24th of January and the 27th of March, the price of Ethereum formed a symmetrical triangular pattern. Three lower highs and four higher \u2026", "source_name": "CoinPedia", "date": "Sat, 02 Apr 2022 01:41:59 -0400", "topics": [], "sentiment": "Positive", "type": "Article", "tickers": ["ETH"]}, {"news_url": "https://coinpedia.org/price-analysis/solana-traders-caution-sol-price-might-plunge-25-before-hitting-150/", "image_url": "https://crypto.snapi.dev/images/v1/8/r/169208529-m-scaled-121649-124424.jpg", "title": "Solana Traders Caution! SOL Price Might Plunge 25% Before Hitting $150", "text": "Solana coin has maintained its upward trend since its low point of $77.6 in March, reclaiming over 65 percent of its value until yesterday's high. Bears have failed several times to lower the coin price below the $80-mark, which has become the token's critical support level. SOL's price action draws an ascending parallel channel in \u2026", "source_name": "CoinPedia", "date": "Sat, 02 Apr 2022 01:15:47 -0400", "topics": [], "sentiment": "Negative", "type": "Article", "tickers": ["SOL"]}, {"news_url": "https://coinpedia.org/price-analysis/xrp-price-on-the-verge-of-15-upswing-here-are-the-levels-to-watch/", "image_url": "https://crypto.snapi.dev/images/v1/i/y/crypto11-124423.jpg", "title": "XRP Price On The Verge Of 15% Upswing! Here are the levels To Watch", "text": "Bitcoin (BTC) has recovered much of its January losses, and traders' attention now goes to April, which has historically been a strong month for the cryptocurrency. ETH too has made similar gains and rest of the market has been following suit. Ripple(XRP) Price on the verge of breakout The Ripple(XRP) surge was interrupted on several \u2026", "source_name": "CoinPedia", "date": "Sat, 02 Apr 2022 01:05:06 -0400", "topics": [], "sentiment": "Positive", "type": "Article", "tickers": ["XRP"]}, {"news_url": "https://www.cryptopolitan.com/bitcoin-binance-coin-tron-and-algorand-daily-price-analyses-1-april-roundup/", "image_url": "https://crypto.snapi.dev/images/v1/f/k/urlhttps3a2f2fgfoolcdncom2feditorial2fimages2f6603392fgettyimages-871223262jpgw700opresize-96687-117183-124421.jpg", "title": "Bitcoin, Binance Coin, Tron, and Algorand Daily Price Analyses \u2013 1 April Roundup", "text": "TL;DR Breakdown The global crypto market is in gain as it has added 4.72% over the last 24 hours. Bitcoin is continuing with an increasing pace of gains; these amount [\u2026]", "source_name": "Cryptopolitan", "date": "Sat, 02 Apr 2022 00:40:37 -0400", "topics": [], "sentiment": "Neutral", "type": "Article", "tickers": ["ALGO", "BNB", "BTC", "TRX"]}, {"news_url": "https://ambcrypto.com/why-ethereum-price-is-perfectly-positioned-for-a-quick-run-up-to-4000/", "image_url": "https://crypto.snapi.dev/images/v1/k/v/ethereum-g3f5c7aa29-1280-124417.jpg", "title": "Why Ethereum's price is perfectly positioned for a quick run-up to $4000", "text": "Ethereum price shows a bullish future after its breakout from the symmetrical triangle. Although optimistic, ETH needs to overcome a few hurdles before reaching to significant levels.", "source_name": "AMBCrypto", "date": "Fri, 01 Apr 2022 23:30:46 -0400", "topics": [], "sentiment": "Positive", "type": "Article", "tickers": ["ETH"]}, {"news_url": "https://coingape.com/?p=106844", "image_url": "https://crypto.snapi.dev/images/v1/u/o/4tmampj1-us-judge-denies-request-to-add-xrp-holders-as-intervenors-in-secs-lawsuit-against-ripple-124416.webp", "title": "XRP Price Prediction: Cup and Handle Breakout Aims for A 15% Rally", "text": "The Ripple(XRP) rally experienced an occasional correction from $0.88 resistance, resulting in an 8.5% decline. However, the coin price rebounded from the upcoming support trendline, bolstering a cup and handle pattern formation.", "source_name": "Coingape", "date": "Fri, 01 Apr 2022 22:40:02 -0400", "topics": [], "sentiment": "Positive", "type": "Article", "tickers": ["XRP"]}, {"news_url": "https://www.dailyfx.com/forex/fundamental/article/special_report/2022/04/02/Long-Ethereum-ETHUSD-Top-Trade-Opportunities.html", "image_url": "https://crypto.snapi.dev/images/v1/i/v/image-from-rawpixel-id-5922925-original-123027-124415.jpg", "title": "Long Ethereum (ETH/USD): Top Trade Opportunities", "text": "The outlook for Ethereum, both technically and fundamentally, is starting to look rosy and this should feed through into its price over the coming quarter.", "source_name": "DailyFX", "date": "Fri, 01 Apr 2022 22:00:00 -0400", "topics": [], "sentiment": "Positive", "type": "Article", "tickers": ["ETH"]}, {"news_url": "https://decrypt.co/96722/cme-group-looking-at-offering-solana-cardano-futures", "image_url": "https://crypto.snapi.dev/images/v1/r/x/cardano-solana-gid-2-124406.jpeg", "title": "CME Group 'Looking At' Offering Solana, Cardano Futures", "text": "CME Group has been \"looking at\" offering Solana and Cardano futures contracts, an executive said at a conference in London.", "source_name": "Decrypt", "date": "Fri, 01 Apr 2022 19:36:24 -0400", "topics": ["futures"], "sentiment": "Positive", "type": "Article", "tickers": ["ADA", "SOL"]}, {"news_url": "https://news.bitcoin.com/19-million-bitcoin-have-been-mined-into-circulation-2-million-left-to-be-found/", "image_url": "https://crypto.snapi.dev/images/v1/2/z/shutterstock-1709408935-124405.jpg", "title": "19 Million Bitcoin Have Been Mined Into Circulation, 2 Million Left to Be Found", "text": "On April 1, 2022, records show that 19 million bitcoin have been mined into circulation. With the max supply set at 21 million, there's only two million bitcoins left to be found by mining participants. Satoshi's Mathematical and Predictable Design \u2014 19 Million Bitcoins Have Been Issued The Bitcoin (BTC) network reached a milestone on [\u2026]", "source_name": "Bitcoin", "date": "Fri, 01 Apr 2022 19:32:07 -0400", "topics": [], "sentiment": "Neutral", "type": "Article", "tickers": ["BTC"]}, {"news_url": "https://www.newsbtc.com/analysis/btc/why-the-latest-correction-is-good-for-bitcoin/", "image_url": "https://crypto.snapi.dev/images/v1/k/g/bitcoin-124401.jpeg", "title": "Why The Latest Correction Is Good For Bitcoin", "text": "Bitcoin has finally corrected downwards after being on a bull rally for the better part of this week. This is an expected development for a digital asset that has grown so much in such a short time.", "source_name": "NewsBTC", "date": "Fri, 01 Apr 2022 19:00:58 -0400", "topics": [], "sentiment": "Neutral", "type": "Article", "tickers": ["BTC"]}, {"news_url": "https://bitcoinist.com/what-happens-if-bitcoin-becomes-the-worlds-reserve-asset/", "image_url": "https://crypto.snapi.dev/images/v1/c/t/btc-640x336-124402.jpeg", "title": "What Happens If Bitcoin Becomes The World's Reserve Asset?", "text": "The idea of bitcoin as a reserve asset for nations around the world has been floating for years now. While some feel that this is the inevitable end game for bitcoin, it is still left to know what impact this will have on the value of the digital asset if this were to be the [\u2026]", "source_name": "Bitcoinist", "date": "Fri, 01 Apr 2022 19:00:01 -0400", "topics": [], "sentiment": "Neutral", "type": "Article", "tickers": ["BTC"]}, {"news_url": "https://cryptobriefing.com/no-joke-only-2m-bitcoin-remain-to-be-mined/?utm_source=main_feed&utm_medium=rss", "image_url": "https://crypto.snapi.dev/images/v1/g/c/bitcoin-miner-838x440-124403.png", "title": "No Joke: Only 2M Bitcoin Remain to Be Mined", "text": "This April Fools' Day, the flagship cryptocurrency network has surpassed a very real and significant milestone.", "source_name": "Crypto Briefing", "date": "Fri, 01 Apr 2022 18:50:55 -0400", "topics": [], "sentiment": "Neutral", "type": "Article", "tickers": ["BTC"]}, {"news_url": "https://insidebitcoins.com/news/bitcoin-btc-price-prediction-btc-usd-fluctuates-between-45k-and-48k-as-bitcoin-holds-above-45k", "image_url": "https://crypto.snapi.dev/images/v1/x/u/bitcoin-price-analysis-2022-03-31-123863-124394.png", "title": "Bitcoin (BTC) Price Prediction: BTC/USD Fluctuates Between $45K and $48K as Bitcoin Holds Above $45K", "text": "BTC Price Remains Stable as Bitcoin Holds Above $45K \u2013 March 31, 2022 Today, BTC's price has risen from the low of $44,234 to $46,740 [...]", "source_name": "Inside Bitcoins", "date": "Fri, 01 Apr 2022 18:31:51 -0400", "topics": [], "sentiment": "Neutral", "type": "Article", "tickers": ["BTC"]}, {"news_url": "https://decrypt.co/96718/senator-lummis-defends-owning-bitcoin-policymaker", "image_url": "https://crypto.snapi.dev/images/v1/6/l/cynthia-lummis-nbc-e1648850407380-gid-4-124391.png", "title": "Senator Lummis Defends Owning Bitcoin as a Policymaker", "text": "\"Well, I own cows too, and cows are commodities. Bitcoin is a commodity,\" she said in an interview on \"Meet the Press Reports.", "source_name": "Decrypt", "date": "Fri, 01 Apr 2022 18:11:44 -0400", "topics": ["regulations"], "sentiment": "Neutral", "type": "Article", "tickers": ["BTC"]}, {"news_url": "https://dailyhodl.com/2022/04/01/six-crypto-projects-are-riding-massive-wave-of-adoption-according-to-altcoin-daily/", "image_url": "https://crypto.snapi.dev/images/v1/c/r/crypto-projects-massive-wavejpgfit10242c600ssl1-124410.jpg", "title": "Six Crypto Projects Are Riding Massive Wave of Adoption, According to Altcoin Daily", "text": "The co-host of a popular YouTube crypto channel is naming six altcoin projects that he thinks will be huge in the future. In a new update, Altcoin Daily co-host Aaron Arnold\u00a0tells his 1.23 million YouTube subscribers that Ethereum (ETH) is the clear leader in mass crypto adoption. Arnold points to a\u00a0tweet\u00a0from Bloomberg strategist Mike McGlone [\u2026] The post Six Crypto Projects Are Riding Massive Wave of Adoption, According to Altcoin Daily appeared first on The Daily Hodl.", "source_name": "The Daily Hodl", "date": "Fri, 01 Apr 2022 18:05:13 -0400", "topics": [], "sentiment": "Positive", "type": "Article", "tickers": ["ADA", "AZUKI", "DOT", "GALA", "GMT", "SOL"]}, {"news_url": "https://www.newsbtc.com/news/ethereum/arthur-hayes-crystal-ball-predicts-ethereum-to-5-digits/", "image_url": "https://crypto.snapi.dev/images/v1/w/s/ethereum-eth-ethusd-124387.jpg", "title": "Arthur Hayes' Crystal Ball Predicts: Ethereum To 5 Digits", "text": "Former BitMEX CEO Arthur Hayes published a prediction for Ethereum. In a post titled \u201cFive Ducking Digits\u201d, Hayes makes the bullish case for the second cryptocurrency in terms of market cap.", "source_name": "NewsBTC", "date": "Fri, 01 Apr 2022 18:00:40 -0400", "topics": [], "sentiment": "Positive", "type": "Article", "tickers": ["ETH"]}, {"news_url": "https://www.youtube.com/watch?v=9Tf3CEFd8hc", "image_url": "https://crypto.snapi.dev/images/v1/i/k/why-ethereum-co-founder-vitalik-buterin-defends-bitcoin-maximalism-124389.jpg", "title": "Why Ethereum Co-Founder Vitalik Buterin Defends Bitcoin Maximalism", "text": "Ethereum co-founder Vitalik Buterin published a blog post titled \u201cIn Defense of Bitcoin Maximalism,\u201d explaining why the pro-bitcoin community is critical to the overall crypto ecosystem. \u201cThe Hash\u201d hosts dive into Buterin's post and share their favorite takeaways.", "source_name": "Coindesk", "date": "Fri, 01 Apr 2022 18:00:04 -0400", "topics": [], "sentiment": "Neutral", "type": "Video", "tickers": ["BTC", "ETH"]}, {"news_url": "https://bitcoinmagazine.com/markets/the-turkish-lira-freefall-and-bitcoin", "image_url": "https://crypto.snapi.dev/images/v1/c/h/img-6101-124386.png", "title": "The Turkish Lira's Freefall And The Bitcoin Parachute", "text": "As the national currency of Turkey continues to plummet, Bitcoin represents an escape hatch for citizens looking to preserve wealth.", "source_name": "Bitcoin Magazine", "date": "Fri, 01 Apr 2022 18:00:00 -0400", "topics": [], "sentiment": "Negative", "type": "Article", "tickers": ["BTC"]}, {"news_url": "https://bitcoinist.com/time-bitcoin-ethereum-buterin-satoshi/", "image_url": "https://crypto.snapi.dev/images/v1/g/m/bitcoin-ethereum-crypto-istock-1033345322-630x420-124382.jpeg", "title": "Bitcoin Vs. Ethereum: TIME's \u201cPrince of Crypto\u201d And Why Satoshi Is King", "text": "Disclaimer: The following op-ed represents the views of the author, and may not necessarily reflect the views of Bitcoinist. Bitcoinist is an advocate of creative and financial freedom alike.", "source_name": "Bitcoinist", "date": "Fri, 01 Apr 2022 17:43:53 -0400", "topics": [], "sentiment": "Neutral", "type": "Article", "tickers": ["BTC", "ETH"]}, {"news_url": "https://www.benzinga.com/markets/cryptocurrency/22/04/26435272/vaneck-analyst-predicts-4-8-million-bitcoin-price?SNAPI", "image_url": "https://crypto.snapi.dev/images/v1/c/f/contributors-15-124393.png", "title": "VanEck Analyst Predicts $4.8 Million Bitcoin Price", "text": "Marcus Sotiriou, Analyst at the UK based digital asset broker GlobalBlock", "source_name": "Benzinga", "date": "Fri, 01 Apr 2022 17:19:00 -0400", "topics": [], "sentiment": "Neutral", "type": "Article", "tickers": ["BTC"]}, {"news_url": "https://cryptobriefing.com/sec-rejects-arks-bitcoin-spot-etf-application/?utm_source=main_feed&utm_medium=rss", "image_url": "https://crypto.snapi.dev/images/v1/x/w/grayscale-securities-and-exchange-commission-cover-1-838x440-124376.png", "title": "SEC Rejects Ark's Bitcoin Spot ETF Application", "text": "The proposal is just one of many ETFs recently rejected by the regulator.", "source_name": "Crypto Briefing", "date": "Fri, 01 Apr 2022 17:18:30 -0400", "topics": ["regulations"], "sentiment": "Negative", "type": "Article", "tickers": ["BTC"]}, {"news_url": "https://cointelegraph.com/news/sec-rejects-ark-21shares-spot-bitcoin-etf-application", "image_url": "https://crypto.snapi.dev/images/v1/o/b/840-ahr0chm6ly9zmy5jb2ludgvszwdyyxbolmnvbs91cgxvywrzlziwmjitmdqvyzzmzdcwn2qtzdi0zc00mdljltg2m2itzjyzytrjymmymde0lmpwzwc-124372.jpeg", "title": "SEC rejects ARK 21Shares spot Bitcoin ETF application", "text": "21Shares submitted the spot Bitcoin ETF application with Ark Investment Management in June 2021 for listing on the Cboe BZX Exchange.", "source_name": "Cointelegraph", "date": "Fri, 01 Apr 2022 17:00:00 -0400", "topics": ["regulations"], "sentiment": "Negative", "type": "Article", "tickers": ["BTC"]}, {"news_url": "https://crypto.news/luxury-brand-off-white-accepting-bitcoin-ethereum-ripple-payments/", "image_url": "https://crypto.snapi.dev/images/v1/w/w/btc-eth-1-124371.jpg", "title": "Luxury Brand, Off-White, Starts Accepting Bitcoin, Ethereum, and XRP As Payments", "text": "According to VougeBusiness, Bitcoin, Ethereum, and Ripple holders will be able to shop at Off-White using their holdings Its customers can now quickly pay for their purchases using other various crypto like Binance coin (BNB), tether (USDT), and USD Coin\u2026", "source_name": "Crypto news", "date": "Fri, 01 Apr 2022 17:00:00 -0400", "topics": [], "sentiment": "Positive", "type": "Article", "tickers": ["BTC", "ETH", "XRP"]}, {"news_url": "https://cointelegraph.com/news/bitcoin-recovers-the-46k-level-but-several-factors-could-prevent-a-stronger-breakout", "image_url": "https://crypto.snapi.dev/images/v1/7/q/840-ahr0chm6ly9zmy5jb2ludgvszwdyyxbolmnvbs91cgxvywrzlziwmjitmdqvnmiynme4zjutn2i3zs00mmi0lweyzmitnwq1ngnmotc5odzllmpwzw-124373.jpg", "title": "Bitcoin recovers the $46K level, but several factors could prevent a stronger breakout", "text": "Traders say BTC is following the expected trajectory, but several macroeconomic factors and geopolitical tensions remain a threat to Bitcoin hitting a new all-time high.", "source_name": "Cointelegraph", "date": "Fri, 01 Apr 2022 16:59:27 -0400", "topics": [], "sentiment": "Positive", "type": "Article", "tickers": ["BTC"]}, {"news_url": "https://insidebitcoins.com/news/bitcoin-price-prediction-btc-usd-ready-to-spike-above-47000", "image_url": "https://crypto.snapi.dev/images/v1/b/w/crypto5-124366.jpg", "title": "Bitcoin Price Prediction: BTC/USD Ready to Spike Above $47,000", "text": "Bitcoin Price Prediction \u2013 April 1 The Bitcoin price prediction shoots above $46,000 as bulls are ready to blow hot doing a little to flip [...]", "source_name": "Inside Bitcoins", "date": "Fri, 01 Apr 2022 16:38:47 -0400", "topics": ["tanalysis"], "sentiment": "Positive", "type": "Article", "tickers": ["BTC"]}, {"news_url": "https://coingape.com/?p=106842", "image_url": "https://crypto.snapi.dev/images/v1/w/a/norway-124358.jpg", "title": "Bitcoin Mining On The Rise In Norway ; What Is Behind This Surge?", "text": "In a recent article for Arcane Research \u2013 the research and analytic subsidiary of Norwegian investment company Arcane Crypto \u2013 evidence has surfaced pointing to a considerably large presence of Bitcoin mining activities within the Scandinavian country of Norway. Bitcoin mining and crypto adoption surge simultaneously in Norway The article included data imported from Cambridge's The post Bitcoin Mining On The Rise In Norway ; What Is Behind This Surge?", "source_name": "Coingape", "date": "Fri, 01 Apr 2022 16:18:48 -0400", "topics": ["mining"], "sentiment": "Positive", "type": "Article", "tickers": ["BTC"]}, {"news_url": "https://www.cryptopolitan.com/bitcoin-ethereum-polkadot-and-dogecoin-daily-price-analyses-1-april-morning-price-prediction/", "image_url": "https://crypto.snapi.dev/images/v1/1/7/roundup-1140-x-570-2022-mar-allcoins-124352.png", "title": "Bitcoin, Ethereum, Polkadot, and Dogecoin Daily Price Analyses \u2013 1 April Morning Price Prediction", "text": "TL;DR Breakdown The global crypto market continues to gain value, adding 1.94% over the last 24 hours. Bitcoin is in gain as it has added 0.99% to its bulk in [\u2026]", "source_name": "Cryptopolitan", "date": "Fri, 01 Apr 2022 15:56:31 -0400", "topics": [], "sentiment": "Neutral", "type": "Article", "tickers": ["BTC", "DOGE", "DOT", "ETH"]}, {"news_url": "https://dailyhodl.com/2022/04/01/bitmex-ceo-arthur-hayes-shuffles-crypto-portfolio-choosing-ethereum-over-bitcoin-heres-why/", "image_url": "https://crypto.snapi.dev/images/v1/y/s/reorganize-favor-of-ethjpgfit10242c600ssl1-124370.jpg", "title": "BitMEX CEO Arthur Hayes Shuffles Crypto Portfolio, Choosing Ethereum Over Bitcoin \u2013 Here's Why", "text": "The co-founder and CEO of embattled crypto exchange platform BitMEX says that he's rebalancing his portfolio in favor of leading smart contract platform Ethereum (ETH). In a new essay, Arthur Hayes says that unlike top blockchain Bitcoin (BTC), Ethereum is not a cryptocurrency that can be used as money, but rather an asset of the [\u2026] The post BitMEX CEO Arthur Hayes Shuffles Crypto Portfolio, Choosing Ethereum Over Bitcoin \u2013 Here's Why appeared first on The Daily Hodl.", "source_name": "The Daily Hodl", "date": "Fri, 01 Apr 2022 15:55:28 -0400", "topics": [], "sentiment": "Positive", "type": "Article", "tickers": ["ETH"]}, {"news_url": "https://www.benzinga.com/markets/cryptocurrency/22/04/26433831/bitcoin-in-a-potential-flush-zone?SNAPI", "image_url": "https://crypto.snapi.dev/images/v1/4/a/contributors-13-124367.png", "title": "Bitcoin \u2013 In A Potential Flush Zone", "text": "The price action of Bitcoin (CRYPTO: BTC) since its flush from November which lasted three months has been nothing shy of classical price action to an experienced technician.", "source_name": "Benzinga", "date": "Fri, 01 Apr 2022 15:46:00 -0400", "topics": [], "sentiment": "Neutral", "type": "Article", "tickers": ["BTC"]}, {"news_url": "https://cointelegraph.com/news/bitcoin-mining-company-primeblock-to-go-public-via-1-25b-spac-merger", "image_url": "https://crypto.snapi.dev/images/v1/n/j/840-ahr0chm6ly9zmy5jb2ludgvszwdyyxbolmnvbs91cgxvywrzlziwmjitmdqvm2izoti4mdutztiyzi00nwjllwezodmtowjjnzcwzmm3ztixlmpwzw-124349.jpg", "title": "Bitcoin mining company PrimeBlock to go public via $1.25B SPAC merger", "text": "The company forecasts it will generate up to $98 million in annual revenue.", "source_name": "Cointelegraph", "date": "Fri, 01 Apr 2022 15:15:00 -0400", "topics": ["mining"], "sentiment": "Neutral", "type": "Article", "tickers": ["BTC"]}], "total_pages": 42}