{"data": [{"news_url": "https://cryptoslate.com/19000000th-bitcoin-has-just-been-mined-only-2-million-left/", "image_url": "https://crypto.snapi.dev/images/v1/6/n/bitcoin-mining-124345.jpg", "title": "19,000,000th Bitcoin has just been mined \u2013 only 2 million left", "text": "The 19,000,000th Bitcoin has just been mined at block #730003. The post 19,000,000th Bitcoin has just been mined \u2013 only 2 million left appeared first on CryptoSlate.", "source_name": "CryptoSlate", "date": "Fri, 01 Apr 2022 15:01:24 -0400", "topics": [], "sentiment": "Neutral", "type": "Article", "tickers": ["BTC"]}, {"news_url": "https://www.newsbtc.com/news/ethereum/ethereum-bullish-1-2-million-eth-exited-exchanges/", "image_url": "https://crypto.snapi.dev/images/v1/q/7/kanchanara-7cma9zl5ddk-unsplash-scaled-124344.jpg", "title": "Ethereum Bullish Signal: 1.2 Million ETH Exited Exchanges Recently", "text": "Ethereum on-chain data shows more than 1.2 million ETH has exited exchanges over the past two weeks, a sign that could be bullish for the price of the crypto. Ethereum Exchange Reserve Has Observed Significant Decline In The Last Couple Of Weeks As pointed out by an analyst in a CryptoQuant post, the ETH exchange reserve has lost over 5% in value in just the last fourteen days.", "source_name": "NewsBTC", "date": "Fri, 01 Apr 2022 15:00:38 -0400", "topics": [], "sentiment": "Positive", "type": "Article", "tickers": ["ETH"]}, {"news_url": "https://crypto.news/bitcoin-price-correlation-sp-500-index/", "image_url": "https://crypto.snapi.dev/images/v1/m/j/bitcoin-124348.jpg", "title": "Bitcoin Price Shows Tightening Correlation with the S&P 500 Index", "text": "The BTC price failed to cement the $48k support on Thursday, leading to a major correction towards the $45.5k level. At the time of writing, bitcoin is circling the lower $45k zone as bears continue to reject any move higher.", "source_name": "Crypto news", "date": "Fri, 01 Apr 2022 15:00:00 -0400", "topics": [], "sentiment": "Neutral", "type": "Article", "tickers": ["BTC"]}, {"news_url": "https://bitcoinmagazine.com/business/bitcoin-can-change-americas-destiny", "image_url": "https://crypto.snapi.dev/images/v1/q/c/img-6326-124343.png", "title": "Bitcoin Can Change America's Energy Destiny", "text": "While Russia sends out hopeful hypotheticals, major companies are making real progress in the Bitcoin industry in America.", "source_name": "Bitcoin Magazine", "date": "Fri, 01 Apr 2022 15:00:00 -0400", "topics": [], "sentiment": "Neutral", "type": "Article", "tickers": ["BTC"]}, {"news_url": "https://u.today/19-millionth-bitcoin-has-been-mined-when-will-21-million-limit-be-reached?SNAPI", "image_url": "https://crypto.snapi.dev/images/v1/i/s/adobestock-208934783-124342.jpeg", "title": "19 Millionth Bitcoin Has Been Mined. When Will 21 Million Limit Be Reached?", "text": "There are now 19 million Bitcoins in existence, but you are very unlikely to be alive when the last one will be mined", "source_name": "UToday", "date": "Fri, 01 Apr 2022 15:00:00 -0400", "topics": [], "sentiment": "Neutral", "type": "Article", "tickers": ["BTC"]}, {"news_url": "https://www.youtube.com/watch?v=Mp4Fg3mk_No", "image_url": "https://crypto.snapi.dev/images/v1/7/c/107017923-1645373318428-gettyimages-1366475373-2022-jan-02-olemedia-002-123459-124027-124347.jpeg", "title": "Bitcoin Ending Week on Positive Note, What's Behind the Market Moves and What's Next", "text": "Lawmakers in the U.S. and European Union talking digital dollars and new crypto restrictions dominated bitcoin headlines this week, among factors that sent bitcoin on a seesaw ride. \"All About Bitcoin's\" week-in-review panel looks at the charts and the news moving the markets, and what's in store for next week.", "source_name": "Coindesk", "date": "Fri, 01 Apr 2022 14:51:59 -0400", "topics": [], "sentiment": "Positive", "type": "Video", "tickers": ["BTC"]}, {"news_url": "https://www.theblockcrypto.com/linked/140268/sec-shoots-down-ark-21shares-in-latest-spot-bitcoin-etf-rejection", "image_url": "https://crypto.snapi.dev/images/v1/q/5/20210219-bitcoin-etf-generic-800x450-124339.jpg", "title": "SEC shoots down Ark 21Shares in latest spot bitcoin ETF rejection", "text": "The SEC has rejected all applications to reach the end of the consideration period in this cycle of attempts.\u00a0 The post SEC shoots down Ark 21Shares in latest spot bitcoin ETF rejection appeared first on The Block.", "source_name": "The Block", "date": "Fri, 01 Apr 2022 14:50:48 -0400", "topics": ["regulations"], "sentiment": "Negative", "type": "Article", "tickers": ["BTC"]}, {"news_url": "https://cointelegraph.com/news/price-analysis-4-1-btc-eth-bnb-sol-xrp-ada-luna-avax-dot-doge", "image_url": "https://crypto.snapi.dev/images/v1/f/5/840-ahr0chm6ly9zmy5jb2ludgvszwdyyxbolmnvbs91cgxvywrzlziwmjitmdqvndc4mzhhywqtotjinc00zjjmltkwmmqtmmizyzayn2y2zgjklmpwzw-124335.jpg", "title": "Price analysis 4/1: BTC, ETH, BNB, SOL, XRP, ADA, LUNA, AVAX, DOT, DOGE", "text": "Bulls set their targets on new highs now that the brief consolidation phase in BTC and altcoins appears to have ended.", "source_name": "Cointelegraph", "date": "Fri, 01 Apr 2022 14:35:11 -0400", "topics": ["tanalysis"], "sentiment": "Neutral", "type": "Article", "tickers": ["ADA", "AVAX", "BNB", "BTC", "DOGE", "ETH", "LUNA", "SOL", "XRP", "DOT"]}, {"news_url": "https://coingape.com/?p=106839", "image_url": "https://crypto.snapi.dev/images/v1/e/o/artboard-e28093-47-1-124334.png", "title": "Ethereum Price Prediction: ETH Price Aims For Another 5.6%", "text": "The recovery rally initiated on March 14th has pumped the ETH/USDT pair by 38.5% in around three weeks. Today(on April 1st), the Ether price is up by 5.5% and teases a bullish breakout from the $3430 resistance.", "source_name": "Coingape", "date": "Fri, 01 Apr 2022 14:33:06 -0400", "topics": [], "sentiment": "Positive", "type": "Article", "tickers": ["ETH"]}, {"news_url": "https://cryptoticker.io/en/forget-about-bitcoin-check-out-5-bitcoin-alternatives/", "image_url": "https://crypto.snapi.dev/images/v1/a/w/forest-931706-12801-124330.jpg", "title": "Forget about Bitcoin and Check out those 5 Bitcoin Alternatives!", "text": "In recent months, Bitcoin has repeatedly come under criticism in connection with possible environmental damage.\u00a0Tesla founder Elon Musk, a former Bitcoin fan,\u00a0criticized the cryptocurrency's high energy consumption as early as 2021.", "source_name": "CryptoTicker", "date": "Fri, 01 Apr 2022 14:23:00 -0400", "topics": [], "sentiment": "Neutral", "type": "Article", "tickers": ["ADA", "DOT", "EOS", "MIOTA", "XRP"]}, {"news_url": "https://bitcoinist.com/bitcoin-spot-etf-imminent-sec-rule-change-could-key/", "image_url": "https://crypto.snapi.dev/images/v1/q/t/bitcoin-btc-btcusd-sec-525x420-124329.jpg", "title": "Bitcoin Spot ETF Imminent? This SEC Rule Change Could Be Key", "text": "The U.S. Securities and Exchange Commission (SEC) could expand its definition of exchange directly impacting Bitcoin, cryptocurrencies, and decentralized finances (DeFi). Related Reading | Crypto Companies Report Excess Request From SEC, U.S. Congressman Questions Why Per a report from Bloomberg's ETF experts James Seyffart and Eric Balchunas, BTC spot ETF proponents will be the biggest [\u2026]", "source_name": "Bitcoinist", "date": "Fri, 01 Apr 2022 14:11:27 -0400", "topics": ["regulations"], "sentiment": "Neutral", "type": "Article", "tickers": ["BTC"]}, {"news_url": "https://www.fool.com/investing/2022/04/01/why-bitcoin-ethereum-and-dogecoin-all-dropped-on-f/", "image_url": "https://crypto.snapi.dev/images/v1/c/r/crypto4-123949-124327.jpg", "title": "Why Bitcoin, Ethereum, and Dogecoin All Dropped Early on Friday", "text": "The European Union may not be as friendly to cryptocurrencies as hoped.", "source_name": "The Motley Fool", "date": "Fri, 01 Apr 2022 14:01:21 -0400", "topics": [], "sentiment": "Negative", "type": "Article", "tickers": ["BTC", "DOGE", "ETH"]}, {"news_url": "https://cointelegraph.com/news/bitcoin-miner-riot-blockchain-files-prospectus-for-500m-stock-sale", "image_url": "https://crypto.snapi.dev/images/v1/3/f/840-ahr0chm6ly9zmy5jb2ludgvszwdyyxbolmnvbs91cgxvywrzlziwmjitmdqvztu1owixntetyjc2ni00ogm5lwfhmjgtodkwy2y4mty5mtc5lmpwzw-124325.jpg", "title": "Bitcoin miner Riot Blockchain files prospectus for $500M stock sale", "text": "Despite the sizable dilution, the RIOT stock price has not moved much at the time of publication.", "source_name": "Cointelegraph", "date": "Fri, 01 Apr 2022 14:00:00 -0400", "topics": ["mining"], "sentiment": "Neutral", "type": "Article", "tickers": ["BTC"]}, {"news_url": "https://coingape.com/?p=106838", "image_url": "https://crypto.snapi.dev/images/v1/7/y/buterin-1-124320.jpg", "title": "Vitalik Buterin Makes A Bullish Case For Bitcoin Maximalists", "text": "Vitaliilk Buterin, the pioneer of the Ethereum blockchain, has not been a fan of Bitcoin maximalism. In several instances, including last year when El Salvador adopted Bitcoin as legal tender, Buterin derided Bitcoin maximalists as being too close-minded for their good.", "source_name": "Coingape", "date": "Fri, 01 Apr 2022 13:44:59 -0400", "topics": [], "sentiment": "Positive", "type": "Article", "tickers": ["BTC"]}, {"news_url": "https://www.benzinga.com/markets/cryptocurrency/22/04/26413546/how-far-will-bitcoin-fall?SNAPI", "image_url": "https://crypto.snapi.dev/images/v1/f/k/adobestock-280473654-124022-124149-124336.jpeg", "title": "How Far Will Bitcoin Fall?", "text": "Bear markets are interesting. People love talking about them, but don't really know how to identify them and take advantage of them.", "source_name": "Benzinga", "date": "Fri, 01 Apr 2022 13:40:00 -0400", "topics": [], "sentiment": "Negative", "type": "Article", "tickers": ["BTC"]}, {"news_url": "https://insidebitcoins.com/news/bitcoin-btc-price-prediction-btc-usd-makes-upward-correction-as-bitcoin-faces-rejection-at-46k", "image_url": "https://crypto.snapi.dev/images/v1/w/a/bitcoin-code-pos-123054-123748-124319.jpg", "title": "Bitcoin (BTC) Price Prediction: BTC/USD Makes Upward Correction as Bitcoin Faces Rejection at $46K", "text": "BTC Price Holds Above $45.4K as Bitcoin Faces Rejection at $46K \u2013 March 31, 2022 BTC /USD consolidates above $45,400 support as Bitcoin faces rejection [...]", "source_name": "Inside Bitcoins", "date": "Fri, 01 Apr 2022 13:34:23 -0400", "topics": [], "sentiment": "Negative", "type": "Article", "tickers": ["BTC"]}, {"news_url": "https://ambcrypto.com/btc-eth-holders-book-profits-amid-price-recovery-is-there-cause-for-concern/", "image_url": "https://crypto.snapi.dev/images/v1/r/z/frank-busch-pzifgmbsxcc-unsplash-124316.jpg", "title": "BTC & ETH holders book profits amid price recovery, is there cause for concern", "text": "The global cryptocurrency market cap tumbled to $2.07 trillion, falling as much as 6% in the last 24 hours. Bitcoin plunged by nearly 5 per cent the previous day.", "source_name": "AMBCrypto", "date": "Fri, 01 Apr 2022 13:30:01 -0400", "topics": [], "sentiment": "Negative", "type": "Article", "tickers": ["BTC", "ETH"]}, {"news_url": "https://cointelegraph.com/news/just-2-million-bitcoin-left-bitcoin-hits-the-19-million-milestone", "image_url": "https://crypto.snapi.dev/images/v1/v/n/840-ahr0chm6ly9zmy5jb2ludgvszwdyyxbolmnvbs91cgxvywrzlziwmjitmdqvywvhzgi2nwqtzjlizi00zdazlwe2nwitngexmgfmmdvknjvmlmpwzw-124312.jpg", "title": "Just 2 million Bitcoin left: Bitcoin hits the 19 million milestone", "text": "The 19 millionth Bitcoin was mined leaving just 2 million BTC to be mined over the next 100 years.", "source_name": "Cointelegraph", "date": "Fri, 01 Apr 2022 13:13:49 -0400", "topics": [], "sentiment": "Positive", "type": "Article", "tickers": ["BTC"]}, {"news_url": "https://www.dcforecasts.com/bitcoin-news/bitcoin-dips-below-45k-with-eu-cracking-down-on-crypto/", "image_url": "https://crypto.snapi.dev/images/v1/q/u/market-is-not-quite-readybitcoin-billionaire-issues-a-serious-crypto-warning-as-the-price-of-ethereum-bnb-solana-cardano-xrp-and-luna-suddenly-crash-123860-124309.jpg", "title": "Bitcoin Dips Below $45K With EU Cracking Down On Crypto", "text": "Bitcoin dips below $45K with the EU Cracking down on crypto again by taking aim at the crypto wallets so let's read more today in our latest Bitcoin news. With the EU lawmakers backing stricter safeguard measures for transactions and the market was quick to react with the price of BTC crashing by more than [\u2026]", "source_name": "DCForecasts", "date": "Fri, 01 Apr 2022 13:05:52 -0400", "topics": [], "sentiment": "Negative", "type": "Article", "tickers": ["BTC"]}, {"news_url": "https://cryptoslate.com/vaneck-predicts-bitcoin-would-be-worth-at-least-1-3-million-if-considered-global-reserve-currency/", "image_url": "https://crypto.snapi.dev/images/v1/j/w/image-2022-04-01-203501-124307.png", "title": "VanEck predicts Bitcoin would be worth at least $1.3 million if considered global reserve currency", "text": "The ongoing war in Ukraine has firmly placed the importance of assets like Bitcoin and gold in the front seat of the global financial system, according to financial asset management firm VanEck. The post VanEck predicts Bitcoin would be worth at least $1.3 million if considered global reserve currency appeared first on CryptoSlate.", "source_name": "CryptoSlate", "date": "Fri, 01 Apr 2022 13:01:23 -0400", "topics": [], "sentiment": "Positive", "type": "Article", "tickers": ["BTC"]}, {"news_url": "https://decrypt.co/96644/sec-denies-bitcoin-etf-from-cathie-woods-ark-invest", "image_url": "https://crypto.snapi.dev/images/v1/k/m/ark-cathie-wood-gid-4-124304.jpg", "title": "SEC Denies Bitcoin ETF From Cathie Wood's ARK Invest", "text": "The SEC has denied an application from ARKInvest and 21Shares to create a Bitcoin spot ETF, citing concerns about lack of oversight.", "source_name": "Decrypt", "date": "Fri, 01 Apr 2022 12:52:33 -0400", "topics": ["regulations"], "sentiment": "Negative", "type": "Article", "tickers": ["BTC"]}, {"news_url": "https://www.dcforecasts.com/bitcoin-news/bitcoins-price-slides-to-44k-with-the-total-market-shedding-100b/", "image_url": "https://crypto.snapi.dev/images/v1/g/l/cryptocurrency-market-heatmap-source-quantify-crypto-124297.png", "title": "Bitcoin's Price Slides To $44K With The Total Market Shedding $100B", "text": "Bitcoin's price slides to $44K as the total market cap erased $100B from its value and BTC lost 4% of its dollar value over the past day as we can see more today in our latest Bitcoin news. The past 24 hours brought a correction to the crypto market which saw around $100 billion being [\u2026]", "source_name": "DCForecasts", "date": "Fri, 01 Apr 2022 12:48:11 -0400", "topics": [], "sentiment": "Negative", "type": "Article", "tickers": ["BTC"]}, {"news_url": "https://insidebitcoins.com/news/now-is-not-the-right-time-for-bitcoin-backed-bonds-michael-saylor-says", "image_url": "https://crypto.snapi.dev/images/v1/i/f/michael-j-saylor-124295.jpg", "title": "Now Is Not The Right Time For Bitcoin-Backed Bonds, Michael Saylor Says", "text": "Chief Executive Officer of MicroStrategy, Michael Saylor stated that the financial market is \u201cnot quite ready\u201d for Bitcoin Bonds. He believes that although Bitcoin-backed bonds [.", "source_name": "Inside Bitcoins", "date": "Fri, 01 Apr 2022 12:40:43 -0400", "topics": [], "sentiment": "Negative", "type": "Article", "tickers": ["BTC"]}, {"news_url": "https://www.investingcube.com/bitcoin-price-corrects-last-chance-to-buy-before-55k/", "image_url": "https://crypto.snapi.dev/images/v1/m/f/shutterstock-1052675609-124292.jpg", "title": "Bitcoin Price Corrects: Last Chance to Buy Before $55k?", "text": "Many investors are also considering the current dip as a buying opportunity to target Bitcoin price above $55,000.", "source_name": "InvestingCube", "date": "Fri, 01 Apr 2022 12:36:12 -0400", "topics": [], "sentiment": "Positive", "type": "Article", "tickers": ["BTC"]}, {"news_url": "https://u.today/solana-surpasses-15-billion-worth-of-nft-transactions?SNAPI", "image_url": "https://crypto.snapi.dev/images/v1/c/t/13787-124291.jpg", "title": "Solana Surpasses $1.5 Billion Worth of NFT Transactions", "text": "Solana has surpassed $1.5 billion in NFT sales, but it still has a long way to go before catching up with Ethereum", "source_name": "UToday", "date": "Fri, 01 Apr 2022 12:30:00 -0400", "topics": ["NFT"], "sentiment": "Positive", "type": "Article", "tickers": ["SOL"]}, {"news_url": "https://cryptonews.com/news/bitcoin-crypto-try-to-reverse-losses-but-short-term-hurdles-remain-while-surveys-send-positive-signs.htm", "image_url": "https://crypto.snapi.dev/images/v1/b/e/adobestock-471777807-media-library-original-1229-819-124290.jpg", "title": "Bitcoin & Crypto Try to Reverse Losses, but Short-Term Hurdles Remain While Surveys Send Positive Signs", "text": "Major cryptoassets including bitcoin (BTC) and ethereum (ETH) trimmed earlier losses, and traded in positive territory for the past 24 hours Friday afternoon in Europe. Friday's turnaround followed a sell-off on Thursday, with some analysts saying low volumes and technical resistance ahead could weigh on sentiment.", "source_name": "Cryptonews", "date": "Fri, 01 Apr 2022 12:30:00 -0400", "topics": [], "sentiment": "Negative", "type": "Article", "tickers": ["BTC"]}, {"news_url": "https://www.dcforecasts.com/altcoin-news/okx-started-offering-btc-eth-trading-pairs-against-ust/", "image_url": "https://crypto.snapi.dev/images/v1/0/0/1f3b0-124285.png", "title": "OKX Started Offering BTC, ETH Trading Pairs Against UST", "text": "OKX started offering BTC, ETH trading pairs against Terra's UST and the spot trading for SOL and AVAX tokens will also be launched so let's read more in today's latest cryptocurrency news. Crypto exchange OKX started offering trading pairs for Terra's UST with BTC, ETH, and the native tokens for SOL and AVAX.", "source_name": "DCForecasts", "date": "Fri, 01 Apr 2022 12:29:42 -0400", "topics": [], "sentiment": "Positive", "type": "Article", "tickers": ["BTC", "ETH"]}, {"news_url": "https://bitcoinmagazine.com/markets/19-million-bitcoin-have-been-mined", "image_url": "https://crypto.snapi.dev/images/v1/w/l/bitcoins-network-hash-rate-has-doubled-since-october-124278.jpg", "title": "The 19 Millionth Bitcoin Has Been Mined: Why It Matters", "text": "With less than two million bitcoin left to be mined, Bitcoin's limited supply has just gotten even more limited.", "source_name": "Bitcoin Magazine", "date": "Fri, 01 Apr 2022 12:24:21 -0400", "topics": [], "sentiment": "Neutral", "type": "Article", "tickers": ["BTC"]}, {"news_url": "https://investorplace.com/2022/04/bitcoin-price-predictions-can-the-btc-crypto-really-reach-4-8-million/", "image_url": "https://crypto.snapi.dev/images/v1/l/g/bitcoin-id-eb5f9ee9-1692-480e-b83a-23145fb441b3-size900-123596-124276.jpg", "title": "Bitcoin Price Predictions: Can the BTC Crypto Really Reach $4.8 Million?", "text": "The firm that made bullish Bitcoin price predictions warned that investors should use lower price targets for Bitcoin.", "source_name": "Investorplace", "date": "Fri, 01 Apr 2022 12:19:57 -0400", "topics": [], "sentiment": "Neutral", "type": "Article", "tickers": ["BTC"]}, {"news_url": "https://www.coindesk.com/business/2022/04/01/first-mover-americas-bitcoins-risk-off-rally/", "image_url": "https://crypto.snapi.dev/images/v1/y/9/xufjmqcehrd6dlvbxscf3etgny-124275.jpeg", "title": "First Mover Americas: Bitcoin's Risk-Off Rally", "text": "The latest moves in crypto markets in context for April 1, 2022.", "source_name": "Coindesk", "date": "Fri, 01 Apr 2022 12:15:00 -0400", "topics": [], "sentiment": "Positive", "type": "Article", "tickers": ["BTC"]}, {"news_url": "https://www.cryptopolitan.com/bitcoin-price-analysis-2022-04-01/", "image_url": "https://crypto.snapi.dev/images/v1/q/r/bitcoin-price-analysis-2022-02-13-124274.png", "title": "Bitcoin price analysis: BTC quickly reverses, returns above $46,000", "text": "TL;DR Breakdown Bitcoin price analysis is bullish today. BTC/USD retraced to retest previous highs as support yesterday.", "source_name": "Cryptopolitan", "date": "Fri, 01 Apr 2022 12:13:01 -0400", "topics": ["tanalysis"], "sentiment": "Positive", "type": "Article", "tickers": ["BTC"]}, {"news_url": "https://insidebitcoins.com/news/ripple-price-prediction-xrp-usd-could-hit-0-90-resistance", "image_url": "https://crypto.snapi.dev/images/v1/i/x/crypto18-124273.jpg", "title": "Ripple Price Prediction: XRP/USD Could Hit $0.90 Resistance", "text": "Ripple Price Prediction \u2013 April 1 The Ripple price prediction shows that XRP could renew the bullish trend after testing the support level of $0.80. [...]", "source_name": "Inside Bitcoins", "date": "Fri, 01 Apr 2022 12:11:09 -0400", "topics": ["tanalysis"], "sentiment": "Positive", "type": "Article", "tickers": ["XRP"]}, {"news_url": "https://www.theblockcrypto.com/linked/140189/cme-group-is-considering-altcoin-futures-on-solana-and-cardano", "image_url": "https://crypto.snapi.dev/images/v1/a/s/20211018-cme-group-800x450-124271.jpg", "title": "CME Group is considering altcoin futures on Solana and Cardano", "text": "CME's crypto products director said that with the right price index and regulatory climate, altcoin futures contracts are a possibility. The post CME Group is considering altcoin futures on Solana and Cardano appeared first on The Block.", "source_name": "The Block", "date": "Fri, 01 Apr 2022 12:01:37 -0400", "topics": ["futures"], "sentiment": "Positive", "type": "Article", "tickers": ["ADA", "SOL"]}, {"news_url": "https://www.theblockcrypto.com/linked/140192/bitcoin-mining-revenues-climb-back-up-to-1-21-billion-in-march", "image_url": "https://crypto.snapi.dev/images/v1/t/q/20211001-bitcoin-generic-800x450-124270.jpg", "title": "Bitcoin mining revenues climb back up to $1.21 billion in March", "text": "Bitcoin miners brought in $1.21 billion in revenues during March 2022. The post Bitcoin mining revenues climb back up to $1.21 billion in March appeared first on The Block.", "source_name": "The Block", "date": "Fri, 01 Apr 2022 12:00:51 -0400", "topics": ["mining"], "sentiment": "Neutral", "type": "Article", "tickers": ["BTC"]}, {"news_url": "https://decrypt.co/96568/twitch-co-founder-solana-gaming-nft-platform-fractal-raises-35m", "image_url": "https://crypto.snapi.dev/images/v1/t/e/fractal-gaming-nft-marketplace-gid-4-124272.png", "title": "Twitch Co-Founder's Solana Gaming NFT Platform Fractal Raises $35M", "text": "Fractal's seed round includes funding from Andreessen Horowitz, Solana Ventures, Coinbase, Animoca, Paradigm, and more.", "source_name": "Decrypt", "date": "Fri, 01 Apr 2022 12:00:02 -0400", "topics": ["NFT"], "sentiment": "Neutral", "type": "Article", "tickers": ["SOL"]}, {"news_url": "https://blockchain.news/analysis/btc-eth-gain-ground-the-top-5-metaverse-movers-to-watch", "image_url": "https://crypto.snapi.dev/images/v1/d/p/d6214b0dfd0e6dd42acdc206dbca595cfb91000c33e3e64eb12dd0ae7c42d58a-124573.jpg", "title": "BTC, ETH Gain Ground & The Top 5 Metaverse Movers to Watch", "text": "After the short bearish trend amid the Russia-Ukraine tensions, the crypto market has started to gain ground again. Bitcoin and Ethereum rose by about 1% and 5% respectively during the last week.", "source_name": "Blockchain News", "date": "Fri, 01 Apr 2022 12:00:00 -0400", "topics": [], "sentiment": "Positive", "type": "Article", "tickers": ["BTC", "ETH", "APE", "AXS", "MANA", "SAND", "THETA"]}, {"news_url": "https://cryptodaily.co.uk/2022/03/btc-usd-tests-44374-technical-support-sally-ho-technical-analysis-2-april-2022-btc-bitcoin", "image_url": "https://crypto.snapi.dev/images/v1/v/z/pexels-photo-315788-2-123951-124269.jpeg", "title": "BTC/USD Tests 44374 Technical Support: Sally Ho's Technical Analysis 2 April 2022 BTC", "text": "Bitcoin (BTC/USD) awaited fresh technical sentiment early in the Asian session as the pair has recently notched decent gains that have propelled it higher to fresh 2022 highs, before selling pressure knocked it lower to test the 200-hour simple moving average.\u00a0 The paid has subsequently orbited the 45767.23 area, representing the 38.2% retracement of the recent appreciating range from 41766.79 to 48240.", "source_name": "Crypto Daily", "date": "Fri, 01 Apr 2022 12:00:00 -0400", "topics": ["tanalysis"], "sentiment": "Negative", "type": "Article", "tickers": ["BTC"]}, {"news_url": "https://cryptoticker.io/en/solana-price-to-reach-200-heres-why-sol-is-booming/", "image_url": "https://crypto.snapi.dev/images/v1/9/c/bdb90cc6f119dc41d937119b2cdf573e-124266.jpg", "title": "Solana Price to reach $200? Here's why SOL is BOOMING!", "text": "In our last\u00a0Solana price prediction,\u00a0we wrote that the price is about to make a clear jump upwards.\u00a0Today, we can see that this scenario happened exactly as we predicted.", "source_name": "CryptoTicker", "date": "Fri, 01 Apr 2022 11:57:53 -0400", "topics": [], "sentiment": "Positive", "type": "Article", "tickers": ["SOL"]}, {"news_url": "https://ambcrypto.com/is-ethereums-merge-a-threat-to-l2-solutions-like-polygon/", "image_url": "https://crypto.snapi.dev/images/v1/k/u/pexels-photo-189349-1000x600-124261.webp", "title": "Is Ethereum's \u2018Merge' a threat to L2 solutions like Polygon", "text": "He who reigns within himself and rules his passions, desires, and fears is more than a king. Does this quote from \u2018Paradise Regained' connote Ethereum's \u2018Merge' in any way?", "source_name": "AMBCrypto", "date": "Fri, 01 Apr 2022 11:30:59 -0400", "topics": [], "sentiment": "Neutral", "type": "Article", "tickers": ["ETH", "MATIC"]}, {"news_url": "https://www.cryptopolitan.com/ethereum-price-analysis-2022-04-01/", "image_url": "https://crypto.snapi.dev/images/v1/4/w/ethereum-price-analysis-2022-04-01-124251.png", "title": "Ethereum price analysis: ETH sets a higher low at $3,200, starts to push higher", "text": "TL;DR Breakdown Ethereum price analysis is bullish today. ETH/USD has retraced to $3,200 overnight.", "source_name": "Cryptopolitan", "date": "Fri, 01 Apr 2022 11:20:44 -0400", "topics": ["tanalysis"], "sentiment": "Positive", "type": "Article", "tickers": ["ETH"]}, {"news_url": "https://insidebitcoins.com/news/bitcoin-price-prediction-btc-usd-could-hit-46000-level", "image_url": "https://crypto.snapi.dev/images/v1/5/d/shutterstock-1912078063-gid-2-124073-124252.jpg", "title": "Bitcoin Price Prediction: BTC/USD Could Hit $46,000 Level", "text": "Bitcoin Price Prediction \u2013 April 1 The Bitcoin price prediction shows that BTC bounces off the support at $44,232 as the coin moves close to [...]", "source_name": "Inside Bitcoins", "date": "Fri, 01 Apr 2022 11:20:11 -0400", "topics": ["tanalysis"], "sentiment": "Positive", "type": "Article", "tickers": ["BTC"]}, {"news_url": "https://cryptodaily.co.uk/2022/04/solana-sol-cardano-ada-explode-in-price-will-caprice-finance-cft-be-next", "image_url": "https://crypto.snapi.dev/images/v1/r/u/image2-2-1-124247.jpeg", "title": "Solana (SOL) & Cardano (ADA) Explode In Price, Will Caprice Finance (CFT) Be Next?", "text": "The crypto market has seen a significant increase over the weekend with nearly every single coin rising in price. Market leader, Bitcoin (BTC), is currently holding support above $47k, a level it hasn't seen since the end of 2021.", "source_name": "Crypto Daily", "date": "Fri, 01 Apr 2022 11:00:00 -0400", "topics": [], "sentiment": "Neutral", "type": "Article", "tickers": ["ADA", "SOL", "CFT"]}, {"news_url": "https://coinpedia.org/altcoin/heres-what-next-for-bitcoin-btc-and-ethereum-eth-price/", "image_url": "https://crypto.snapi.dev/images/v1/1/r/othalfkaczbhnev3evzju2pnyu-123956-124238.jpg", "title": "Here's What Next For Bitcoin (BTC) and Ethereum (ETH ) Price!", "text": "The cryptocurrency market is closing the first day of April on a bearish note as most of the cryptocurrencies are expressing downfall. The crypto space was in a mood to rejoice as over the last few weeks these currencies were on green candles. Bitcoin, the world's largest cryptocurrency by market capitalization, is facing a rejection \u2026", "source_name": "CoinPedia", "date": "Fri, 01 Apr 2022 10:52:00 -0400", "topics": [], "sentiment": "Neutral", "type": "Article", "tickers": ["BTC", "ETH"]}, {"news_url": "https://cryptonews.com/news/hayes-says-he-aims-to-rebalance-portfolio-in-favor-of-ethereum-sets-new-price-target-for-eth.htm", "image_url": "https://crypto.snapi.dev/images/v1/e/f/adobestock-477859868-editorial-min-124235.jpg", "title": "Hayes Says He Aims to Rebalance Portfolio in Favor of Ethereum, Sets New Price Target for ETH", "text": "Former BitMEX CEO Arthur Hayes hinted he may rebalance his investments away from bitcoin (BTC) and in favor of Ethereum's native ETH token, arguing \u201ca massive wall of money\u201d will enter ETH once it is seen as an ESG-friendly, yield-bearing asset to push its price north of USD 10,000.", "source_name": "Cryptonews", "date": "Fri, 01 Apr 2022 10:40:00 -0400", "topics": [], "sentiment": "Positive", "type": "Article", "tickers": ["ETH"]}, {"news_url": "https://en.cryptonomist.ch/2022/04/01/bitcoin-close-key-level/", "image_url": "https://crypto.snapi.dev/images/v1/e/a/male-hand-with-golden-bitcoin-blue-background-1-300x200-124241.jpg", "title": "Bitcoin close to a key level", "text": "BTC and cryptocurrencies in general have a prosperous future ahead of them", "source_name": "The Cryptonomist", "date": "Fri, 01 Apr 2022 10:34:59 -0400", "topics": [], "sentiment": "Neutral", "type": "Article", "tickers": ["BTC"]}, {"news_url": "https://news.bitcoin.com/bitcoin-ethereum-technical-analysis-btc-falls-to-5-day-low-as-nfp-marginally-lower/", "image_url": "https://crypto.snapi.dev/images/v1/a/9/shutterstock-1246534813-124232.jpg", "title": "Bitcoin, Ethereum Technical Analysis: BTC Falls to 5-Day Low, as Nonfarm Payrolls Are Marginally Lower", "text": "Bitcoin fell to its lowest level this week, following Friday's nonfarm payrolls report, which came in marginally below expectations. 431,000 jobs were added to the U.S. economy versus forecasts for an addition of 490,000. ETH also reacted to the news, finally moving below $3,400. Bitcoin BTC fell for the third consecutive session on Friday, as [\u2026]", "source_name": "Bitcoin", "date": "Fri, 01 Apr 2022 10:30:40 -0400", "topics": ["tanalysis"], "sentiment": "Negative", "type": "Article", "tickers": ["BTC", "ETH"]}, {"news_url": "https://www.dcforecasts.com/ethereum-news/ethereum-trimmed-its-gains-while-3200-remains-key/", "image_url": "https://crypto.snapi.dev/images/v1/g/o/ethereum-is-becoming-the-collateral-of-the-internet-says-commodity-expert-123998-124231.jpg", "title": "Ethereum Trimmed Its Gains While $3200 Remains Key", "text": "Ethereum trimmed its gains slightly but the $3200 level remains the key for another upward move as we can see more today in our latest Ethereum latest news. Ethereum trimmed its gains of the $3450 resistance against the dollar but the price has to stay above $3200 to start a new upward move.", "source_name": "DCForecasts", "date": "Fri, 01 Apr 2022 10:30:34 -0400", "topics": [], "sentiment": "Negative", "type": "Article", "tickers": ["ETH"]}, {"news_url": "https://dailyhodl.com/2022/04/01/institutional-investors-are-storming-back-to-bitcoin-and-ethereum-from-altcoins-says-new-coinshares-survey/", "image_url": "https://crypto.snapi.dev/images/v1/l/c/investors-storming-btc-ethjpgfit10242c600ssl1-124240.jpg", "title": "Institutional Investors Are Storming Back to Bitcoin and Ethereum From Altcoins, Says New CoinShares Survey", "text": "A leading crypto asset manager is revealing the results of a recently conducted fund manager survey. According to CoinShares, investors are trooping back into Bitcoin (BTC) and Ethereum (ETH) while reducing exposure to altcoins such as XRP and smart contract-enabled blockchains Cardano (ADA) and Polkadot (DOT). The survey says the price swings experienced during the [\u2026] The post Institutional Investors Are Storming Back to Bitcoin and Ethereum From Altcoins, Says New CoinShares Survey appeared first on The Daily Hodl.", "source_name": "The Daily Hodl", "date": "Fri, 01 Apr 2022 10:30:21 -0400", "topics": ["institutions"], "sentiment": "Positive", "type": "Article", "tickers": ["BTC", "ETH"]}, {"news_url": "https://www.benzinga.com/markets/cryptocurrency/22/04/26424672/this-bitcoin-mining-startup-looks-to-go-public-via-spac-merger-worth-1-3b?SNAPI", "image_url": "https://crypto.snapi.dev/images/v1/d/w/bitcoin-andre-francois-mckenzie-igyibhdntpe-unsplash-3-124255.jpg", "title": "This Bitcoin Mining Startup Looks To Go Public Via SPAC Merger Worth $1.3B", "text": "Bitcoin mining and infrastructure startup Prime Blockchain Inc agreed to go public in the U.S. via a special purpose acquisition company (SPAC) merger with 10X Capital Venture Acquisition Corp II VCXA.", "source_name": "Benzinga", "date": "Fri, 01 Apr 2022 10:20:00 -0400", "topics": ["mining"], "sentiment": "Neutral", "type": "Article", "tickers": ["BTC"]}, {"news_url": "https://u.today/us-senator-compares-buying-bitcoin-to-buying-air?SNAPI", "image_url": "https://crypto.snapi.dev/images/v1/b/3/800px-elizabeth-warren-284800670809229-124224.jpg", "title": "US Senator Compares Buying Bitcoin to Buying Air", "text": "Elizabeth Warren's comments echo those critics who believe that Bitcoin is based on nothing but thin air", "source_name": "UToday", "date": "Fri, 01 Apr 2022 10:18:00 -0400", "topics": ["regulations"], "sentiment": "Negative", "type": "Article", "tickers": ["BTC"]}, {"news_url": "https://bitcoinist.com/vitalik-buterin-in-defense-of-bitcoin-maximalism/", "image_url": "https://crypto.snapi.dev/images/v1/g/a/vitalik-licorne-750x536-1-588x420-124221.jpg", "title": "Vitalik Buterin's Best Work Yet: \u201cIn Defense Of Bitcoin Maximalism\u201d", "text": "Did Buterin come to his senses? Did Ethereum developer P\u00e9ter Szil\u00e1gyi's thread convince him that something was rotten?", "source_name": "Bitcoinist", "date": "Fri, 01 Apr 2022 10:14:59 -0400", "topics": [], "sentiment": "Neutral", "type": "Article", "tickers": ["BTC"]}, {"news_url": "https://coingape.com/?p=106833", "image_url": "https://crypto.snapi.dev/images/v1/t/x/goldman-sachs-124218.jpg", "title": "Goldman Sachs Finds A 40% Increase In Institutional Exposure To Bitcoin", "text": "Institutions are not getting left behind by the crypto bandwagon. A survey by Goldman Sach reveals that the number of institutional investors with exposure to the crypto market has increased markedly.", "source_name": "Coingape", "date": "Fri, 01 Apr 2022 10:08:07 -0400", "topics": ["institutions"], "sentiment": "Positive", "type": "Article", "tickers": ["BTC"]}, {"news_url": "https://coinpedia.org/price-analysis/is-solana-sol-price-towards-500-possible-before-the-end-of-q2-trade/", "image_url": "https://crypto.snapi.dev/images/v1/1/l/solana-sol-spotlight-coin-of-the-day-123264-124216.jpeg", "title": "Is Solana's (SOL) Price towards $500 Possible Before the End of Q2 Trade?", "text": "Solana\u2018s price after breaking through a notable descending wedge spike notably by more than 45% and appears to continue with the same trend. Currently, the SOL price is consolidating above $120 firmly displaying possibilities of smashing $130 any time from now. However, if the price seals the day's close above $130 then a clear path \u2026", "source_name": "CoinPedia", "date": "Fri, 01 Apr 2022 10:05:00 -0400", "topics": [], "sentiment": "Neutral", "type": "Article", "tickers": ["SOL"]}, {"news_url": "https://finbold.com/crypto-community-with-77-historical-accuracy-sets-xrp-price-for-april-30-2022/?SNAPI", "image_url": "https://crypto.snapi.dev/images/v1/0/q/crypto-community-with-77-historical-accuracy-sets-xrp-price-for-april-30-2022-124217.jpg", "title": "Crypto community with 77% historical accuracy sets XRP price for April 30, 2022", "text": "Despite XRP, the seventh-largest cryptocurrency by market capitalization, currently trading in the red, the crypto community predicts a positive outlook.", "source_name": "Finbold", "date": "Fri, 01 Apr 2022 10:04:58 -0400", "topics": [], "sentiment": "Neutral", "type": "Article", "tickers": ["XRP"]}, {"news_url": "https://cointelegraph.com/news/bitcoin-fights-for-support-as-btc-price-loses-46k-yearly-open", "image_url": "https://crypto.snapi.dev/images/v1/4/q/840-ahr0chm6ly9zmy5jb2ludgvszwdyyxbolmnvbs91cgxvywrzlziwmjitmdqvztjkotg2odktntjhyy00zjuyltlimzatzjmzzjfhowm4mtq4lmpwzw-124211.jpg", "title": "Bitcoin fights for support as BTC price loses $46K yearly open", "text": "BTC price breaking out of its established trading range is proving harder than expected.", "source_name": "Cointelegraph", "date": "Fri, 01 Apr 2022 09:58:57 -0400", "topics": [], "sentiment": "Negative", "type": "Article", "tickers": ["BTC"]}, {"news_url": "https://cryptobriefing.com/bitcoin-could-hit-4-8m-if-it-replaces-fiat-vaneck/?utm_source=main_feed&utm_medium=rss", "image_url": "https://crypto.snapi.dev/images/v1/t/q/shutterstock-1871804200-838x440-124197.png", "title": "Bitcoin Could Hit $4.8M if it Replaces Fiat: VanEck", "text": "Two VanEck executives have calculated the implied price of Bitcoin if it were to become the global reserve asset\u2060\u2014with some surprising results.", "source_name": "Crypto Briefing", "date": "Fri, 01 Apr 2022 09:41:00 -0400", "topics": [], "sentiment": "Positive", "type": "Article", "tickers": ["BTC"]}, {"news_url": "https://cryptobriefing.com/bitcoin-ethereum-dip-eu-approves-crypto-wallet-clampdown/?utm_source=main_feed&utm_medium=rss", "image_url": "https://crypto.snapi.dev/images/v1/j/0/bitcoin-ethereum-eu-parliament-cover-838x440-124195.png", "title": "Bitcoin, Ethereum Dip as EU Approves Crypto Wallet Clampdown", "text": "The European Parliament voted in favor of pushing through strict regulations on \u201cself-hosted\u201d crypto wallets Thursday. The market has dipped in response.", "source_name": "Crypto Briefing", "date": "Fri, 01 Apr 2022 09:39:31 -0400", "topics": [], "sentiment": "Negative", "type": "Article", "tickers": ["BTC", "ETH"]}, {"news_url": "https://www.coindesk.com/business/2022/04/01/sec-rejects-spot-bitcoin-etf-application-from-ark-21shares/", "image_url": "https://crypto.snapi.dev/images/v1/d/3/cgw6wbabfbbdbphrfv2ocswwja-124198.png", "title": "SEC Rejects Spot Bitcoin ETF Application From Ark 21Shares", "text": "The move continues a recent string of denials by the SEC of applications for spot bitcoin ETFs.", "source_name": "Coindesk", "date": "Fri, 01 Apr 2022 09:38:00 -0400", "topics": ["regulations"], "sentiment": "Negative", "type": "Article", "tickers": ["BTC"]}, {"news_url": "https://investorplace.com/2022/04/the-new-normal-of-bitcoin-requires-a-new-investing-strategy/", "image_url": "https://crypto.snapi.dev/images/v1/n/o/crypto11-124192.jpg", "title": "The New Normal of Bitcoin Requires a New Investing Strategy", "text": "Bitcoin has started to stabilize, and it is no longer realistic to expect life-changing returns. Thus, it is better to swap to dollar cost averaging.", "source_name": "Investorplace", "date": "Fri, 01 Apr 2022 09:29:50 -0400", "topics": [], "sentiment": "Neutral", "type": "Article", "tickers": ["BTC"]}, {"news_url": "https://coingape.com/?p=106821", "image_url": "https://crypto.snapi.dev/images/v1/w/g/bitcoin-price-prediction-11-124191.jpg", "title": "Bitcoin Price Prediction: Why BTC Price May Rally By 15% Post Retest", "text": "On March 28th, the Bitcoin(BTC) price turned down from the $48086 mark, the highest level it reached in the past three months. Thus, the coin price plummeted to $45000 breached resistance to reinforce the bullish momentum for another leg-up.", "source_name": "Coingape", "date": "Fri, 01 Apr 2022 09:27:39 -0400", "topics": [], "sentiment": "Positive", "type": "Article", "tickers": ["BTC"]}, {"news_url": "https://bitcoinmagazine.com/business/what-empty-bitcoin-mempools-mean", "image_url": "https://crypto.snapi.dev/images/v1/q/x/bitcoin-mempool-124183.png", "title": "With Empty Bitcoin Mempools, It's Time To Consolidate Your UTXOs", "text": "Bitcoin mempool levels are frequently empty these days, so it's a good time to conduct this Bitcoin security best practice.", "source_name": "Bitcoin Magazine", "date": "Fri, 01 Apr 2022 08:59:00 -0400", "topics": [], "sentiment": "Neutral", "type": "Article", "tickers": ["BTC"]}, {"news_url": "https://www.coindesk.com/business/2022/04/01/bitcoin-miner-primeblock-plans-to-go-public-with-125b-spac-merger/", "image_url": "https://crypto.snapi.dev/images/v1/g/y/u3ismffpmjddtggl2vdoea7lwe-124185.jpg", "title": "Bitcoin Miner PrimeBlock Plans to go Public With $1.25B SPAC Merger", "text": "The deal is expected to close in the second half of this year.", "source_name": "Coindesk", "date": "Fri, 01 Apr 2022 08:56:00 -0400", "topics": ["mining"], "sentiment": "Neutral", "type": "Article", "tickers": ["BTC"]}, {"news_url": "https://u.today/bitcoin-moves-to-pos-charles-hoskinson-joins-ethereum-start-up-chef-nomi-back-to-sushi-april-fools?SNAPI", "image_url": "https://crypto.snapi.dev/images/v1/r/n/137711-124168.jpg", "title": "Bitcoin Moves to PoS, Charles Hoskinson Joins Ethereum Start-up, Chef Nomi Back to Sushi: April Fools' Day in Crypto", "text": "Just like every year, there is no lack of humor on Crypto Twitter on April 1", "source_name": "UToday", "date": "Fri, 01 Apr 2022 08:41:00 -0400", "topics": [], "sentiment": "Neutral", "type": "Article", "tickers": ["BTC"]}, {"news_url": "https://u.today/vitalik-buterin-speaks-in-defense-of-bitcoin-maxis-heres-why?SNAPI", "image_url": "https://crypto.snapi.dev/images/v1/t/j/13772-124147.jpg", "title": "Vitalik Buterin Speaks in Defense of Bitcoin Maxis, Here's Why", "text": "The creator of the second biggest project in the cryptocurrency industry describes his feelings toward Bitcoin maximalists", "source_name": "UToday", "date": "Fri, 01 Apr 2022 08:29:00 -0400", "topics": [], "sentiment": "Neutral", "type": "Article", "tickers": ["BTC"]}, {"news_url": "https://insidebitcoins.com/news/bitcoin-lightning-network-increasing-becoming-the-ideal-choice-for-payment", "image_url": "https://crypto.snapi.dev/images/v1/b/h/bitcoin-lightning-network-1024x683-124142.jpg", "title": "Bitcoin Lightning Network Increasing Becoming The Ideal Choice For Payment", "text": "The Lightning Network is gradually getting the attention it desires, as the grassroots Bitcoin Lightning festival in Portland, U.S. shows. It also revealed that the [.", "source_name": "Inside Bitcoins", "date": "Fri, 01 Apr 2022 08:21:01 -0400", "topics": [], "sentiment": "Positive", "type": "Article", "tickers": ["BTC"]}, {"news_url": "https://coingape.com/?p=106786", "image_url": "https://crypto.snapi.dev/images/v1/r/7/xrp-price-prediction-124139.jpg", "title": "Ripple Price Prediction: XRP Price Remains Pressured Below 200-Day EMA $0.85", "text": "XRP price trades lower with the previous sideways movement. Investors remain cautious of making aggressive bids as the asset trades near the inflection point.", "source_name": "Coingape", "date": "Fri, 01 Apr 2022 08:12:39 -0400", "topics": [], "sentiment": "Negative", "type": "Article", "tickers": ["XRP"]}, {"news_url": "https://finbold.com/self-proclaimed-satoshi-plans-to-dump-his-btc-worth-50-billion-as-bitcoin-has-no-utility/?SNAPI", "image_url": "https://crypto.snapi.dev/images/v1/k/p/self-proclaimed-satoshi-plans-to-dump-his-btc-worth-50-billion-as-bitcoin-has-no-utility-124130.jpg", "title": "Self-proclaimed Satoshi plans to dump his BTC worth $50 billion as \u2018Bitcoin has no utility'", "text": "As the price of Bitcoin (BTC) drops under the $47,000 mark it has recently broken through, the man claiming to.", "source_name": "Finbold", "date": "Fri, 01 Apr 2022 07:51:15 -0400", "topics": [], "sentiment": "Negative", "type": "Article", "tickers": ["BTC"]}, {"news_url": "https://u.today/solana-jumps-xrp-in-market-cap-and-leads-in-weekly-gains-details?SNAPI", "image_url": "https://crypto.snapi.dev/images/v1/g/m/13770-124136.jpg", "title": "Solana Jumps XRP in Market Cap and Leads in Weekly Gains: Details", "text": "Solana is also outperforming the top 10 major cryptocurrencies in weekly gains", "source_name": "UToday", "date": "Fri, 01 Apr 2022 07:49:00 -0400", "topics": [], "sentiment": "Positive", "type": "Article", "tickers": ["SOL", "XRP"]}, {"news_url": "https://cryptonews.com/news/bitcoin-and-ethereum-try-to-recover-losses-waves-and-zil-trim-gains.htm", "image_url": "https://crypto.snapi.dev/images/v1/a/o/10-124129.jpg", "title": "Bitcoin and Ethereum Try to Recover Losses, WAVES and ZIL Trim Gains", "text": "After bitcoin started a fresh decline from the USD 48,000 resistance zone and spiked below the USD 45,000 support zone, it managed to return above this level and is currently (11:31 UTC) trading near USD 45,200 again. BTC is down 4% in a day.", "source_name": "Cryptonews", "date": "Fri, 01 Apr 2022 07:47:00 -0400", "topics": [], "sentiment": "Neutral", "type": "Article", "tickers": ["BTC", "ETH", "WAVES", "ZIL"]}, {"news_url": "https://www.dcforecasts.com/altcoin-news/terras-founder-revealed-what-can-happen-to-ust-if-btc-crashes/", "image_url": "https://crypto.snapi.dev/images/v1/h/4/michael-fortsch-4gd-5kmzmy8-unsplash-1-scaled-123418-123986-124128.jpg", "title": "Terra's Founder Revealed What Can Happen To UST If BTC Crashes", "text": "Terra's founder revealed what can happen to UST if the BTC price crashes while saying that he is betting on the long-term growth of Bitcoin's price and isn't really worried about short-term volatility so let's read more in today's latest Bitcoin news. Terra's founder revealed, that a crash in the price of BTC Will is [\u2026]", "source_name": "DCForecasts", "date": "Fri, 01 Apr 2022 07:46:26 -0400", "topics": [], "sentiment": "Negative", "type": "Article", "tickers": ["BTC"]}, {"news_url": "https://ambcrypto.com/btc-options-expiry-to-have-this-effect-on-the-price-with-48k-resistance/", "image_url": "https://crypto.snapi.dev/images/v1/q/f/kanchanara-7e3qgnto66m-unsplash-2-124124.jpg", "title": "BTC options expiry to have this effect on the price with $48k resistance", "text": "\u201cWen 50k?\u201d This is undoubtedly the question of the day.", "source_name": "AMBCrypto", "date": "Fri, 01 Apr 2022 07:30:32 -0400", "topics": [], "sentiment": "Neutral", "type": "Article", "tickers": ["BTC"]}, {"news_url": "https://www.fool.com/investing/2022/04/01/3-appealing-ethereum-killers-leading-the-crypto-ch/", "image_url": "https://crypto.snapi.dev/images/v1/c/r/crypto2021-id-e55899ff-17ab-4b9f-97be-f1e0931aa33c-size900-120691-122368-124173.jpg", "title": "3 Appealing Ethereum Killers Leading the Crypto Charge", "text": "Three tokens are in a scalability race. Who will come out on top?", "source_name": "The Motley Fool", "date": "Fri, 01 Apr 2022 07:30:00 -0400", "topics": [], "sentiment": "Positive", "type": "Article", "tickers": ["ADA", "AVAX", "SOL"]}, {"news_url": "https://decrypt.co/96606/regulators-may-decide-greenidges-bitcoin-mining-fate-in-june", "image_url": "https://crypto.snapi.dev/images/v1/f/f/bitcoin-mining-gid-6-124123.jpg", "title": "Regulators May Decide Greenidge's Bitcoin Mining Fate in June", "text": "New York regulators will make a final decision on controversial Bitcoin mining firm Greenidge Generation's permit this summer.", "source_name": "Decrypt", "date": "Fri, 01 Apr 2022 07:26:54 -0400", "topics": ["mining", "regulations"], "sentiment": "Neutral", "type": "Article", "tickers": ["BTC"]}, {"news_url": "https://www.fool.com/investing/2022/04/01/2-top-cryptocurrencies-to-buy-for-the-long-haul/", "image_url": "https://crypto.snapi.dev/images/v1/c/2/c2f242c318-media-library-original-900-506-113094-113337-122693-124171.jpg", "title": "2 Top Cryptocurrencies to Buy for the Long Haul", "text": "Ethereum and Solana could succeed for decades to come.", "source_name": "The Motley Fool", "date": "Fri, 01 Apr 2022 07:20:00 -0400", "topics": [], "sentiment": "Positive", "type": "Article", "tickers": ["ETH", "SOL"]}, {"news_url": "https://coinidol.com/eth-saves-itself/", "image_url": "https://crypto.snapi.dev/images/v1/5/c/061007848bb2ffbc6adef855bf303543-124118.jpg", "title": "Ethereum Saves Itself Above $3,200 Support, But Risks Further Decline", "text": "The price of Ethereum (ETH) has fallen as the largest altcoin failed to maintain bullish momentum above the $3,400 resistance level.", "source_name": "Coin Idol", "date": "Fri, 01 Apr 2022 07:11:00 -0400", "topics": [], "sentiment": "Neutral", "type": "Article", "tickers": ["ETH"]}, {"news_url": "https://www.benzinga.com/markets/cryptocurrency/22/04/26420051/future-fintech-to-participate-in-bitcoin-2022-conference-from-april-6-9?SNAPI", "image_url": "https://crypto.snapi.dev/images/v1/1/0/107017923-1645373318428-gettyimages-1366475373-2022-jan-02-olemedia-002-123459-124027-124156.jpeg", "title": "Future FinTech To Participate In Bitcoin 2022 Conference From April 6-9", "text": "Future FinTech Group Inc. (NASDAQ: FTFT) (\"hereinafter referred to as \"Future FinTech\", \"FTFT\" or \"the Company\"), a leading blockchain-based e-commerce business and a fintech", "source_name": "Benzinga", "date": "Fri, 01 Apr 2022 07:01:00 -0400", "topics": [], "sentiment": "Neutral", "type": "Article", "tickers": ["BTC"]}, {"news_url": "https://u.today/one-billion-xrp-withdrawn-by-ripple-as-412-million-xrp-gets-moved-by-exchanges?SNAPI", "image_url": "https://crypto.snapi.dev/images/v1/t/h/13765-124110.jpg", "title": "One Billion XRP Withdrawn by Ripple as 412 Million XRP Gets Moved by Exchanges", "text": "Ripple fintech giant has unlocked another massive XRP stash, while major players on crypto market have shifted nearly half a billion XRP", "source_name": "UToday", "date": "Fri, 01 Apr 2022 06:29:00 -0400", "topics": [], "sentiment": "Neutral", "type": "Article", "tickers": ["XRP"]}, {"news_url": "https://coinpedia.org/altcoin/sol-price-to-surge-above-140-soon/", "image_url": "https://crypto.snapi.dev/images/v1/q/c/solana-price-analysis-2022-01-30-121610-124107.png", "title": "SOL Price To Surge Above $140 Soon! Will Solana Enter Top 5 Cryptocurrency?", "text": "The cryptocurrency market has faced a rough ride since the beginning of 2022. Over the past few weeks, the market also relished a bullish ride before bears took over control today where major cryptocurrencies are bleeding red. Bitcoin, the world's largest cryptocurrency by market cap dropped hovering around the $44,000 and $45,000 range, the currency \u2026", "source_name": "CoinPedia", "date": "Fri, 01 Apr 2022 06:23:00 -0400", "topics": [], "sentiment": "Positive", "type": "Article", "tickers": ["SOL"]}, {"news_url": "https://investorplace.com/2022/04/xrp-looking-like-compelling-wager/", "image_url": "https://crypto.snapi.dev/images/v1/i/x/13698-123206-124102.jpg", "title": "Don't Go All in on XRP, But an SEC Lawsuit Win Would Be a Huge Catalyst", "text": "Although XRP is in a legal jam because of the SEC, underlying rumors suggest that the coin might have a chance of winning out.", "source_name": "Investorplace", "date": "Fri, 01 Apr 2022 06:04:54 -0400", "topics": ["regulations"], "sentiment": "Neutral", "type": "Article", "tickers": ["XRP"]}, {"news_url": "https://www.cryptoglobe.com/latest/2022/04/one-vaneck-valuation-framework-estimates-potential-bitcoin-price-of-roughly-1-3m/", "image_url": "https://crypto.snapi.dev/images/v1/y/m/bitcoin-over-gold-over-altcoins-lite-124094.jpg", "title": "One VanEck Valuation Framework Estimates \u2018Potential' Bitcoin Price of Roughly $1.3M", "text": "According to a report (released on March 30) by asset manager VanEck's emerging markets (EM) bond investment team, \u201cthe upside for gold and Bitcoin is potentially dramatic,\u201d and their valuation framework \u201cestimates gold prices of around $31,000 per ounce and potential Bitcoin prices of around $1,300,000 per coin.\u201d Furthermore, \u201cadjusting for greater strains on financial [\u2026]", "source_name": "CryptoGlobe", "date": "Fri, 01 Apr 2022 05:55:38 -0400", "topics": [], "sentiment": "Positive", "type": "Article", "tickers": ["BTC"]}, {"news_url": "https://decrypt.co/96599/bitcoin-briefly-dips-eu-cracks-down-crypto", "image_url": "https://crypto.snapi.dev/images/v1/n/x/shutterstock-1912078063-gid-2-124073.jpg", "title": "Bitcoin Briefly Dips Below $45,000 as EU Cracks Down on Crypto", "text": "Leading cryptocurrencies in Bitcoin and Ethereum both dropped points this morning as lawmakers in Europe take aim at crypto wallets.", "source_name": "Decrypt", "date": "Fri, 01 Apr 2022 05:47:18 -0400", "topics": [], "sentiment": "Negative", "type": "Article", "tickers": ["BTC"]}, {"news_url": "https://coingape.com/?p=106748", "image_url": "https://crypto.snapi.dev/images/v1/a/s/bitcoin-vs-gold-124071.jpg", "title": "Plan B : Bitcoin Still On Track Despite Closing March With $46,517", "text": "PlanB, a renowned yet anonymous Dutch Bitcoin analyst, is optimistic about the performance of Bitcoin despite a recent 5.2% dip. \u00a0Bitcoin has been trending up in recent weeks and has seen an increase of 15% over the past week alone.", "source_name": "Coingape", "date": "Fri, 01 Apr 2022 05:46:44 -0400", "topics": [], "sentiment": "Positive", "type": "Article", "tickers": ["BTC"]}, {"news_url": "https://cryptopotato.com/what-would-the-bitcoin-price-be-if-it-replaced-fiat-currency-reserves-according-to-van-eck/", "image_url": "https://crypto.snapi.dev/images/v1/s/v/bitcoin-volatility-cover-124069.jpg", "title": "What Would the Bitcoin Price Be if it Replaced Fiat Currency Reserves According to Van Eck", "text": "Bitcoin's USD value could reach almost $5 million if it replaces fiat currencies as the global reserve asset - Van Eck argued.", "source_name": "CryptoPotato", "date": "Fri, 01 Apr 2022 05:45:12 -0400", "topics": [], "sentiment": "Neutral", "type": "Article", "tickers": ["BTC"]}, {"news_url": "https://finbold.com/vaneck-experts-extreme-fiscal-situation-could-push-bitcoin-to-1-3-million-gold-to-31k/?SNAPI", "image_url": "https://crypto.snapi.dev/images/v1/y/x/vaneck-experts-extreme-fiscal-situation-could-push-bitcoin-to-13-million-gold-to-31k-124065.jpg", "title": "VanEck experts: Extreme fiscal situation could push Bitcoin to $1.3 million, gold \u2013 to $31k", "text": "As top financial officials discuss the wide-reaching effects of the economic sanctions against Russia, the investment experts at VanEck have.", "source_name": "Finbold", "date": "Fri, 01 Apr 2022 05:37:49 -0400", "topics": [], "sentiment": "Positive", "type": "Article", "tickers": ["BTC"]}, {"news_url": "https://cryptobriefing.com/terras-do-kwon-planning-dump-bitcoin-zero-sources/?utm_source=main_feed&utm_medium=rss", "image_url": "https://crypto.snapi.dev/images/v1/d/l/do-kwon-793641085-1-838x440-124061.png", "title": "Terra's Do Kwon Planning to Dump Bitcoin to Zero: Sources", "text": "Kwon revealed he wants to crash the crypto market after realizing that his Ponzi is unsustainable, anonymous sources have said.", "source_name": "Crypto Briefing", "date": "Fri, 01 Apr 2022 05:36:23 -0400", "topics": [], "sentiment": "Negative", "type": "Article", "tickers": ["BTC"]}, {"news_url": "https://coingape.com/?p=106716", "image_url": "https://crypto.snapi.dev/images/v1/v/9/cryptocurrencies-800x533-l-1556528132-124060.jpg", "title": "Bitcoin (BTC) And Ethereum (ETH) See Highest Transactions In Profit Since November", "text": "Bitcoin (BTC) and Ethereum (ETH) have recorded their highest transactions in profit since their all-time high (ATH) price in November, as per the on-chain data from Santiment. Moreover, the transactions in profit have exceeded three times than transactions in a loss.", "source_name": "Coingape", "date": "Fri, 01 Apr 2022 05:32:29 -0400", "topics": [], "sentiment": "Positive", "type": "Article", "tickers": ["BTC", "ETH"]}, {"news_url": "https://www.benzinga.com/markets/cryptocurrency/22/04/26418264/bitnile-holdings-issues-march-bitcoin-production-and-mining-operation-report-says-now-has-?SNAPI", "image_url": "https://crypto.snapi.dev/images/v1/a/d/adobestock-280473654-124022-124149.jpeg", "title": "BitNile Holdings Issues March Bitcoin Production And Mining Operation Report; Says Now Has 4,754 S19j Pro Antminers", "text": "BitNile Has More Than Doubled Its Miner Count and Now Has 4,754 S19j Pro Antminers BitNile Holdings, Inc. (NYSE:NILE), a diversified holding company (\"BitNile\" or the \"Company\") today published", "source_name": "Benzinga", "date": "Fri, 01 Apr 2022 05:31:00 -0400", "topics": ["mining"], "sentiment": "Neutral", "type": "Article", "tickers": ["BTC"]}, {"news_url": "https://beincrypto.com/following-drop-bitcoin-btc-bounces-at-confluence-levels/", "image_url": "https://crypto.snapi.dev/images/v1/h/d/btc-bitcoin-bounce-124063.jpg", "title": "Following Drop, Bitcoin (BTC) Bounces at Confluence Levels", "text": "Bitcoin (BTC) has bounced at a confluence of support levels and potentially completed its short-term drop. The post Following Drop, Bitcoin (BTC) Bounces at Confluence Levels appeared first on BeInCrypto.", "source_name": "BeInCrypto", "date": "Fri, 01 Apr 2022 05:30:00 -0400", "topics": [], "sentiment": "Positive", "type": "Article", "tickers": ["BTC"]}, {"news_url": "https://cryptopotato.com/crypto-price-analysis-april-1-ethereum-ripple-cardano-solana-and-shiba-inu/", "image_url": "https://crypto.snapi.dev/images/v1/h/u/ethusd-2022-04-01-11-10-50-124056.png", "title": "Crypto Price Analysis April-1: Ethereum, Ripple, Cardano, Solana, and Shiba Inu", "text": "This week, we take a closer look at Ethereum, Ripple, Cardano, Solana, and Shiba Inu. Ethereum (ETH) The momentum in the past week has allowed ETH to rally up to $3,400 which is currently acting as a key resistance.", "source_name": "CryptoPotato", "date": "Fri, 01 Apr 2022 05:15:05 -0400", "topics": ["tanalysis"], "sentiment": "Neutral", "type": "Article", "tickers": ["ADA", "ETH", "SHIB", "SOL", "XRP"]}, {"news_url": "https://coinidol.com/ripple-0-78-support/", "image_url": "https://crypto.snapi.dev/images/v1/g/o/486110f6728852875f250efc36a1529e-124058.jpg", "title": "Ripple May Resume a Downtrend if the Coin Loses $0.78 Support", "text": "Ripple (XRP) is in a downward correction as the price is below the moving averages. XRP plunges to a low of $0.78 after rejecting resistance at $0.90.", "source_name": "Coin Idol", "date": "Fri, 01 Apr 2022 05:14:00 -0400", "topics": [], "sentiment": "Negative", "type": "Article", "tickers": ["XRP"]}, {"news_url": "https://www.financemagnates.com/cryptocurrency/news/ethereum-20-staking-contract-surpasses-11-million-eth/", "image_url": "https://crypto.snapi.dev/images/v1/a/b/ethereum-id-186b9a46-6926-40c1-a5bb-18950dadcba6-size900-124057.jpg", "title": "Ethereum 2.0 Staking Contract Surpasses 11 Million ETH", "text": "Ethereum 2.0 deposit contract is still gaining traction among retail and institutional investors despite ETH's uncertain price movements. According to Etherscan, a block explorer and analytics platform for Ethereum, the crypto community has now staked more than 11 million ETH under the deposit contract of its network upgrade, the highest level on record.", "source_name": "FinanceMagnates", "date": "Fri, 01 Apr 2022 05:13:00 -0400", "topics": [], "sentiment": "Positive", "type": "Article", "tickers": ["ETH"]}, {"news_url": "https://www.investingcube.com/ethereum-price-prediction-last-correction-before-3800/", "image_url": "https://crypto.snapi.dev/images/v1/g/f/eth-6-124052.jpg", "title": "Ethereum Price Prediction: Last Correction Before 3800?", "text": "Our latest Ethereum price prediction suggests that ongoing correction could set the price for a major bullish move till $3800.", "source_name": "InvestingCube", "date": "Fri, 01 Apr 2022 04:54:42 -0400", "topics": [], "sentiment": "Neutral", "type": "Article", "tickers": ["ETH"]}, {"news_url": "https://cryptopotato.com/bitcoin-price-dipped-to-44k-as-total-crypto-market-sheds-100-billion-market-watch/", "image_url": "https://crypto.snapi.dev/images/v1/4/l/bitcoinrednegative-124051.jpg", "title": "Bitcoin Price Dipped to $44K as Total Crypto Market Sheds $100 Billion (Market Watch)", "text": "Bitcoin lost about 4% of its dollar value in the past 24 hours , whereas the total cryptocurrency market cap shed some $100 billion in a somewhat anticipated drawdown.", "source_name": "CryptoPotato", "date": "Fri, 01 Apr 2022 04:50:22 -0400", "topics": [], "sentiment": "Negative", "type": "Article", "tickers": ["BTC"]}, {"news_url": "https://www.benzinga.com/markets/cryptocurrency/22/04/26416721/330m-longs-liquidated-as-bitcoin-falls-to-44-700?SNAPI", "image_url": "https://crypto.snapi.dev/images/v1/p/f/cryptocurrency-6601591-1280-0-124081.jpg", "title": "$330M Longs Liquidated As Bitcoin Falls To $44,700", "text": "Traders saw more than $387 million in liquidations as the cryptocurrency market declined 5% over the last day. What Happened: According to data from CoinGlass, more than 115,000 traders were liquidated in the past 24 hours at the time of writing.", "source_name": "Benzinga", "date": "Fri, 01 Apr 2022 04:50:00 -0400", "topics": [], "sentiment": "Negative", "type": "Article", "tickers": ["BTC"]}, {"news_url": "https://www.cryptopolitan.com/solana-price-analysis-2022-04-01/", "image_url": "https://crypto.snapi.dev/images/v1/o/g/sol-5-1-124050.jpg", "title": "Solana price analysis: SOL/USD pair set to break above the daily resistance found at $124.61", "text": "TL;DR Breakdown Solana price analysis is bullish SOL prices are facing resistance at $124.61 support is found at 119. The immediate support is around $119.50, with resistance at $124.61.", "source_name": "Cryptopolitan", "date": "Fri, 01 Apr 2022 04:48:40 -0400", "topics": ["tanalysis"], "sentiment": "Positive", "type": "Article", "tickers": ["SOL"]}, {"news_url": "https://www.cryptopolitan.com/polkadot-price-analysis-2022-04-01/", "image_url": "https://crypto.snapi.dev/images/v1/e/i/dot-1-1-124047.jpg", "title": "Polkadot price analysis: DOT/USD price declines to $21.06 as bears maintain control", "text": "TL;DR Breakdown The Polkadot price analysis shows a bearish trend DOT prices are down by 7.26 percent Polkadot prices have sought support at $20.09 The Polkadot price analysis shows a [\u2026]", "source_name": "Cryptopolitan", "date": "Fri, 01 Apr 2022 04:37:12 -0400", "topics": ["tanalysis"], "sentiment": "Negative", "type": "Article", "tickers": ["DOT"]}, {"news_url": "https://www.benzinga.com/markets/cryptocurrency/22/04/26415926/jack-dorsey-said-to-tell-congress-on-bitcoin-we-dont-want-to-be-a-visa-or-mastercard?SNAPI", "image_url": "https://crypto.snapi.dev/images/v1/l/u/bitcoin-1813503-1280-5-124064.jpg", "title": "Jack Dorsey Said To Tell Congress On Bitcoin: We Don't Want To Be A Visa Or Mastercard", "text": "Block Inc.", "source_name": "Benzinga", "date": "Fri, 01 Apr 2022 04:33:00 -0400", "topics": [], "sentiment": "Neutral", "type": "Article", "tickers": ["BTC"]}, {"news_url": "https://coinpedia.org/price-analysis/this-is-what-may-happen-with-the-bitcoin-btc-price-over-the-next-week/", "image_url": "https://crypto.snapi.dev/images/v1/i/e/crypto18-124045.jpg", "title": "This is What May Happen with the Bitcoin(BTC) Price Until the Weekend!", "text": "Coinpedia had reported earlier that it was important for the Bitcoin price to retest the levels below $45,000 to maintain a healthy uptrend. Following a similar path the flagship crypto despite possessing extreme bullish momentum to slide down below $45,000 in the early trading hours. However, the BTC price has recovered to some extent but \u2026", "source_name": "CoinPedia", "date": "Fri, 01 Apr 2022 04:32:01 -0400", "topics": [], "sentiment": "Neutral", "type": "Article", "tickers": ["BTC"]}, {"news_url": "https://cryptopotato.com/microstrategy-ceo-believes-global-markets-not-prepared-to-welcome-bitcoin-bonds/", "image_url": "https://crypto.snapi.dev/images/v1/t/a/michaelsaylor-124044.jpg", "title": "MicroStrategy CEO Believes Global Markets Not Prepared to Welcome Bitcoin Bonds", "text": "Michael Saylor - CEO of MicroStrategy and avid Bitcoin proponent - said that now it's not the right time for a BTC-backed bond.", "source_name": "CryptoPotato", "date": "Fri, 01 Apr 2022 04:25:28 -0400", "topics": [], "sentiment": "Positive", "type": "Article", "tickers": ["BTC"]}, {"news_url": "https://beincrypto.com/bitcoin-implied-price-between-1-3-million-4-8-million-vaneck/", "image_url": "https://crypto.snapi.dev/images/v1/b/v/bic-artwork-create-btc-124046.jpg", "title": "Bitcoin Implied Price Between $1.3 Million and $4.8 Million, Says VanEck", "text": "VanEck has published an analysis of potential bitcoin and gold prices following the impact of Russian sanctions. It predicts that there could be a significant upside for both assets if a new paradigm of money is set to form.", "source_name": "BeInCrypto", "date": "Fri, 01 Apr 2022 04:15:00 -0400", "topics": [], "sentiment": "Positive", "type": "Article", "tickers": ["BTC"]}], "total_pages": 42}