{"data": [{"news_url": "https://insidebitcoins.com/news/ripple-price-prediction-for-today-may-21-xrp-is-trading-below-0-50", "image_url": "https://crypto.snapi.dev/images/v1/0/g/4tmampj1-us-judge-denies-request-to-add-xrp-holders-as-intervenors-in-secs-lawsuit-against-ripple-135035-140003-143743.webp", "title": "Ripple Price Prediction for Today, May 21: XRP Is Trading Below $0.50", "text": "XRP Is Trading Below $0.50 \u2013 May 21As indicated that the Ripple XRP/USD market is trading below the $0.50 r\u00e9sistance line, it hasn't been that [...]", "source_name": "Inside Bitcoins", "date": "Sat, 21 May 2022 20:02:21 -0400", "topics": ["tanalysis"], "sentiment": "Negative", "type": "Article", "tickers": ["XRP"]}, {"news_url": "https://news.bitcoin.com/rich-dad-poor-dads-robert-kiyosaki-thinks-bitcoin-could-bottom-out-at-9k-reveals-why-he-remains-bullish/", "image_url": "https://crypto.snapi.dev/images/v1/n/m/kiyosaki-1-143742.jpg", "title": "Rich Dad Poor Dad's Robert Kiyosaki Thinks Bitcoin Could Bottom Out at $9K \u2014 Reveals Why He Remains Bullish", "text": "The famous author of the best-selling book Rich Dad Poor Dad, Robert Kiyosaki, has explained why he is still bullish about bitcoin. He's waiting for the cryptocurrency to test a new bottom before getting in, which he indicated could be as low as $9K. Kiyosaki Believes the Price of Bitcoin Could Fall to $9K The [\u2026]", "source_name": "Bitcoin", "date": "Sat, 21 May 2022 20:00:59 -0400", "topics": [], "sentiment": "Positive", "type": "Article", "tickers": ["BTC"]}, {"news_url": "https://crypto.news/cryptoquant-investors-btc-price/", "image_url": "https://crypto.snapi.dev/images/v1/u/l/bitcoin-144471.jpg", "title": "CryptoQuant: Investors Are Waiting for the Real BTC Price Bottom", "text": "Bitcoin has struggled to flip $30k into reliable support over the past few days. The king coin plunged as low as $23,800 last week amid widespread market turmoil that sent shivers down the spines of many crypto traders.", "source_name": "Crypto news", "date": "Sat, 21 May 2022 19:00:00 -0400", "topics": [], "sentiment": "Neutral", "type": "Article", "tickers": ["BTC"]}, {"news_url": "https://u.today/ripples-general-counsel-the-secs-hypocrisy-is-staggering-filings-expected-next-week-in-xrp-case?SNAPI", "image_url": "https://crypto.snapi.dev/images/v1/g/s/15075-143727.jpg", "title": "Ripple's General Counsel: The SEC's \"Hypocrisy Is Staggering\" Filings Expected Next Week in XRP Case", "text": "Earlier, top lawyer had accused SEC of playing \"delay card\" concerning Ripple lawsuit", "source_name": "UToday", "date": "Sat, 21 May 2022 17:45:00 -0400", "topics": ["regulations"], "sentiment": "Neutral", "type": "Article", "tickers": ["XRP"]}, {"news_url": "https://news.bitcoin.com/eth-co-founder-vitalik-buterin-says-the-merge-could-happen-in-august-theres-also-risk-of-delay/", "image_url": "https://crypto.snapi.dev/images/v1/j/j/jjonnnn-143738.jpg", "title": "ETH Co-Founder Vitalik Buterin Says The Merge Could Happen in August, There's Also \u2018Risk of Delay'", "text": "Following the statements from Ethereum developer Preston Van Loon at the Permissionless conference, Ethereum co-founder Vitalik Buterin has further confirmed The Merge will likely happen in August. Buterin noted, however, that it's quite possible there's still a risk of delay, and The Merge could happen in September or October 2022. The Merge Could Happen in [\u2026]", "source_name": "Bitcoin", "date": "Sat, 21 May 2022 17:00:24 -0400", "topics": [], "sentiment": "Neutral", "type": "Article", "tickers": ["ETH"]}, {"news_url": "https://insidebitcoins.com/news/bitcoin-price-prediction-for-today-may-21-btc-could-reach-28000-level-dips-likely-to-be-limited", "image_url": "https://crypto.snapi.dev/images/v1/g/g/shutterstock-1922305823-143556-143719.jpg", "title": "Bitcoin Price Prediction for Today, May 21: BTC Could Reach $28,000 Level; Dips Likely to be Limited", "text": "After touching the daily high of $29,613, the Bitcoin price prediction shows that BTC could begin a downside correction. Bitcoin Prediction Statistics Data: Bitcoin price [.", "source_name": "Inside Bitcoins", "date": "Sat, 21 May 2022 16:36:16 -0400", "topics": ["tanalysis"], "sentiment": "Negative", "type": "Article", "tickers": ["BTC"]}, {"news_url": "https://thenewscrypto.com/florida-republican-rep-introduces-bill-to-include-bitcoin-401k-plan/?SNAPI", "image_url": "https://crypto.snapi.dev/images/v1/7/a/this-is-when-bitcoin-btc-price-will-start-a-fresh-rally-143709.jpg", "title": "Florida Republican Rep Introduces Bill to Include Bitcoin in 401(k) Plan", "text": "According to Donald, the Department of Labor (DOL) is limiting investors' options. On May 5, Alabama Sen.", "source_name": "TheNewsCrypto", "date": "Sat, 21 May 2022 15:30:00 -0400", "topics": [], "sentiment": "Positive", "type": "Article", "tickers": ["BTC"]}, {"news_url": "https://u.today/bitcoin-btc-death-crosses-analysis-suggests-bottom-is-yet-to-come-rekt-capital?SNAPI", "image_url": "https://crypto.snapi.dev/images/v1/w/u/15073-143708.jpg", "title": "Bitcoin (BTC) Death Crosses Analysis Suggests Bottom Is Yet to Come: Rekt Capital", "text": "Anonymous cryptocurrency trader and analyst who goes by @rektcapital on Crypto Twitter shares detailed analysis of how \"Death Crosses\" actually affect BTC performance", "source_name": "UToday", "date": "Sat, 21 May 2022 15:15:00 -0400", "topics": [], "sentiment": "Negative", "type": "Article", "tickers": ["BTC"]}, {"news_url": "https://cointelegraph.com/explained/why-is-ethereum-used-for-nfts", "image_url": "https://crypto.snapi.dev/images/v1/g/v/840-ahr0chm6ly9zmy5jb2ludgvszwdyyxbolmnvbs9zdg9yywdll3vwbg9hzhmvdmlldy8znthiotq5yjrlnty0mgvmothlymq5nmmwzdaxnddmzs5qcgc-143706.jpg", "title": "Why is Ethereum used for NFTs?", "text": "Read this guide to understand the relationship between Ethereum and NFTs, and explore why Ethereum is used for NFTs.", "source_name": "Cointelegraph", "date": "Sat, 21 May 2022 15:00:00 -0400", "topics": [], "sentiment": "Neutral", "type": "Article", "tickers": ["ETH"]}, {"news_url": "https://www.cryptopolitan.com/ethereum-wipes-out-8-10b/", "image_url": "https://crypto.snapi.dev/images/v1/p/i/eth-burn-143705.png", "title": "Ethereum wipes out $8.10B while eagerly awaiting \u2018The Merge'", "text": "The Ethereum blockchain has burned 2.35 million ether since the implementation of the Ethereum Improvement Proposal (EIP) 1559. The $8.10 billion in value was burned over nine months, and during the last seven days, 18,110 ether worth $34.9 million was destroyed.", "source_name": "Cryptopolitan", "date": "Sat, 21 May 2022 14:55:32 -0400", "topics": [], "sentiment": "Neutral", "type": "Article", "tickers": ["ETH"]}, {"news_url": "https://insidebitcoins.com/news/ripple-sets-up-a-100m-fund-to-boost-carbon-removal", "image_url": "https://crypto.snapi.dev/images/v1/p/s/ripplex-gives-2-million-to-nft-developers-for-xrp-ledger-143704.jpg", "title": "Ripple sets up a $100M fund to boost carbon removal", "text": "Ripple, a blockchain company, committed to transforming the digital payments sector, has issued a $100 million fund. The fund will boost carbon removal and support [.", "source_name": "Inside Bitcoins", "date": "Sat, 21 May 2022 14:53:20 -0400", "topics": [], "sentiment": "Positive", "type": "Article", "tickers": ["XRP"]}, {"news_url": "https://dailyhodl.com/2022/05/21/us-lawmaker-introduces-bill-to-protect-bitcoin-btc-401k-investments/", "image_url": "https://crypto.snapi.dev/images/v1/t/k/bill-protect-btcjpgw1024-143702.jpg", "title": "US Lawmaker Introduces Bill To Protect Bitcoin (BTC) 401(k) Investments", "text": "A Senator from Alabama is introducing a new bill that could potentially stifle the government from restricting top digital asset Bitcoin (BTC) and other cryptocurrencies as investment options for 401(k) retirement plans. Republican Senator Tommy Tuberville is unveiling the Financial Freedom Act of 2022, which would counter attempts by the U.S. Department of Labor (DOL) [\u2026] The post US Lawmaker Introduces Bill To Protect Bitcoin (BTC) 401(k) Investments appeared first on The Daily Hodl.", "source_name": "The Daily Hodl", "date": "Sat, 21 May 2022 14:45:52 -0400", "topics": [], "sentiment": "Positive", "type": "Article", "tickers": ["BTC"]}, {"news_url": "https://beincrypto.com/us-house-introduces-bitcoin-401k-retirement-bill/", "image_url": "https://crypto.snapi.dev/images/v1/z/d/untitled-design-54-e1653150480372-143701.png", "title": "U.S. House Introduces Bill to Allow Bitcoin Into 401(k) Plans", "text": "Rep. Byron Donalds (R-FL) introduced a bill to the U.S. House that would allow Bitcoin to be included in 401(k) retirement plans. The post U.S. House Introduces Bill to Allow Bitcoin Into 401(k) Plans appeared first on BeInCrypto.", "source_name": "BeInCrypto", "date": "Sat, 21 May 2022 14:29:00 -0400", "topics": [], "sentiment": "Positive", "type": "Article", "tickers": ["BTC"]}, {"news_url": "https://coinpedia.org/opinion/bitcoin-btc-price-can-hit-75k-in-2022-only-if-this-scenario-plays-out/", "image_url": "https://crypto.snapi.dev/images/v1/a/a/bitcoin-mondo-300x200-143542-143611-143698.jpg", "title": "Bitcoin (BTC) Price Can Hit $75K in 2022 Only If This Scenario Plays Out", "text": "Few individuals are aware of the Bitcoin critical level. Bitcoin has broken through several levels of resistance. Is it feasible, as stated by Alessio Rastani, in his recent interview with the youtube channel Cypto Crew University that the bear market will be \u201cshort term\u201d? This question could be answered by one key chart. Let's take \u2026", "source_name": "CoinPedia", "date": "Sat, 21 May 2022 13:45:00 -0400", "topics": [], "sentiment": "Positive", "type": "Article", "tickers": ["BTC"]}, {"news_url": "https://decrypt.co/101060/cz-recommends-diversifying-investments-even-though-hes-all-in-crypto-and-bitcoin", "image_url": "https://crypto.snapi.dev/images/v1/g/b/cz22-gid-4-143694.png", "title": "CZ Recommends Diversifying Investments Even Though He's 'All in' Crypto and Bitcoin", "text": "Changpeng Zhao isn't your typical investor.", "source_name": "Decrypt", "date": "Sat, 21 May 2022 13:04:43 -0400", "topics": [], "sentiment": "Neutral", "type": "Article", "tickers": ["BTC"]}, {"news_url": "https://crypto.news/ethereum-2k-bulls-rally-4k/", "image_url": "https://crypto.snapi.dev/images/v1/2/z/eth-144473.jpg", "title": "Ethereum Climbs Back Above $2K, Bulls Hopeful of a Rally to $4K", "text": "This week's whirlwind price swings continued in the crypto markets on Friday. Bitcoin, which had dropped to $27,000, rose to around $30,000.", "source_name": "Crypto news", "date": "Sat, 21 May 2022 13:00:00 -0400", "topics": [], "sentiment": "Positive", "type": "Article", "tickers": ["ETH"]}, {"news_url": "https://www.cryptopolitan.com/bitcoin-price-analysis-2022-05-21/", "image_url": "https://crypto.snapi.dev/images/v1/z/h/bitcoin-price-analysis-2022-05-21-143692.png", "title": "Bitcoin price analysis: BTC finds support at $29,000 again, another push higher incoming?", "text": "Bitcoin price analysis is bullish today as we have seen another retest of $29,000 support turn into consolidation. Therefore, BTC/USD is slowly pivoting back to the upside and will look to set a higher local high next.", "source_name": "Cryptopolitan", "date": "Sat, 21 May 2022 12:56:43 -0400", "topics": ["tanalysis"], "sentiment": "Positive", "type": "Article", "tickers": ["BTC"]}, {"news_url": "https://dailyhodl.com/2022/05/21/massive-ethereum-upgrade-expected-to-happen-in-august-says-eth-protocol-developer/", "image_url": "https://crypto.snapi.dev/images/v1/v/l/massive-ethereum-upgradejpgw1024-143691.jpg", "title": "Massive Ethereum Upgrade Expected To Happen in August, Says ETH Protocol Developer", "text": "An Ethereum (ETH) developer is expecting ETH to merge to its new proof-of-stake system in August of this year. At the Permissionless decentralized finance (DeFi) conference this week, a panel moderator quizzed Ethereum protocol developer Preston Van Loon about the timeline for the highly-anticipated upcoming Ethereum 2.0 Merge. \u201cThese are just the last few steps [\u2026] The post Massive Ethereum Upgrade Expected To Happen in August, Says ETH Protocol Developer appeared first on The Daily Hodl.", "source_name": "The Daily Hodl", "date": "Sat, 21 May 2022 12:55:52 -0400", "topics": ["upgrade"], "sentiment": "Positive", "type": "Article", "tickers": ["ETH"]}, {"news_url": "https://ambcrypto.com/decoding-why-bitcoin-btc-is-below-the-30k-range-yet-again/", "image_url": "https://crypto.snapi.dev/images/v1/t/r/crypto-bitcoin-143540-143683.jpg", "title": "Decoding why Bitcoin[ BTC] is below the $30k range yet again", "text": "The Bitcoin [BTC] saga seems never-ending as the flagship cryptocurrency fell below the $30k mark yet again. The king coin did witness signs of recovery after the Terra collapse but looks like the crypto gods aren't as pleased with the coin.", "source_name": "AMBCrypto", "date": "Sat, 21 May 2022 12:30:03 -0400", "topics": [], "sentiment": "Neutral", "type": "Article", "tickers": ["BTC"]}, {"news_url": "https://thenewscrypto.com/2000-bitcoin-btc-worth-58560764-usd-transferred-to-unknown-wallet/?SNAPI", "image_url": "https://crypto.snapi.dev/images/v1/z/z/whatsapp-image-2022-04-06-at-14455-pm-143684.jpeg", "title": "2,000 Bitcoin (BTC) Worth 58,560,764 USD Transferred to Unknown Wallet", "text": "According to CMC, the Bitcoin price today is $29,335.02 USD. The transaction took place at 20:14:18 UTC on May 20,", "source_name": "TheNewsCrypto", "date": "Sat, 21 May 2022 12:30:00 -0400", "topics": [], "sentiment": "Neutral", "type": "Article", "tickers": ["BTC"]}, {"news_url": "https://cryptodaily.co.uk/2022/05/btc-usd-orbiting-29156-technical-level-sally-ho-technical-analysis-22-may-2022-btc-bitcoin", "image_url": "https://crypto.snapi.dev/images/v1/s/y/crypto-bitcoin-143540-143681.jpg", "title": "BTC/USD Orbiting 29156 Technical Level: Sally Ho's Technical Analysis 22 May 2022 BTC", "text": "Bitcoin (BTC/USD) remained pressured early in the Asian session as the pair continued to orbit the 29156 area after trading as low as the 28690.92 area.\u00a0\u00a0 Strong selling pressure intensified around the 30512 area and knocked BTC/USD back below the psychologically-important 30000 figure.", "source_name": "Crypto Daily", "date": "Sat, 21 May 2022 12:00:00 -0400", "topics": ["tanalysis"], "sentiment": "Neutral", "type": "Article", "tickers": ["BTC"]}, {"news_url": "https://bitcoinmagazine.com/culture/bitcoin-pizza-day-with-knoxville-bitcoin-network", "image_url": "https://crypto.snapi.dev/images/v1/h/r/img-4945-143679.jpg", "title": "Celebrating Bitcoin Pizza Day With Knoxville Bitcoin Network", "text": "One meetup group will gather to purchase pizzas using bitcoin and celebrate the day that Bitcoin achieved its first real-world moment of adoption.", "source_name": "Bitcoin Magazine", "date": "Sat, 21 May 2022 11:29:37 -0400", "topics": [], "sentiment": "Neutral", "type": "Article", "tickers": ["BTC"]}, {"news_url": "https://cryptopotato.com/this-is-the-level-eth-needs-to-reclaim-to-turn-back-bullish-ethereum-price-analysis/", "image_url": "https://crypto.snapi.dev/images/v1/a/f/ethereum-1-1024x682-143461-143678.jpg", "title": "This is the Level ETH Needs to Reclaim to Turn Back Bullish (Ethereum Price Analysis)", "text": "Ethereum is about to close an eighth consecutive red week. High-risk assets, including stocks and cryptocurrencies, are experiencing a devastating year in 2022.", "source_name": "CryptoPotato", "date": "Sat, 21 May 2022 11:28:19 -0400", "topics": ["tanalysis"], "sentiment": "Neutral", "type": "Article", "tickers": ["ETH"]}, {"news_url": "https://coinpedia.org/news/vitalik-buterin-no-more-crypto-billionaire/", "image_url": "https://crypto.snapi.dev/images/v1/f/u/ethereum-g8ce923382-1280-142593-142804-143673.jpg", "title": "Vitalik Buterin No More Crypto Billionaire, As Ethereum Price Crush To Bottom", "text": "The second-largest cryptocurrency by market cap, Ethereum's native token Ether is trading sideways along with Bitcoin and other major cryptocurrencies. The currency has plunged below its crucial support range of $2,500 during this current bear market. At the time of writing, Ethereum is valued at $1,969 with a plunge of 3.35% over the last 24hrs. \u2026", "source_name": "CoinPedia", "date": "Sat, 21 May 2022 11:06:46 -0400", "topics": [], "sentiment": "Negative", "type": "Article", "tickers": ["ETH"]}, {"news_url": "https://insidebitcoins.com/news/bitcoin-price-prediction-for-today-may-21-btc-is-indecisive-at-30000", "image_url": "https://crypto.snapi.dev/images/v1/d/k/bitcoin-price-analysis-2022-05-20-143438-143671.png", "title": "Bitcoin Price Prediction for Today, May 21: BTC Is Indecisive at $30,000", "text": "Bitcoin Price Prediction \u2013 May 21Lt of concurrent trading activities has been going on in the BTC/USD market operations around the $30,000 line as the [...]", "source_name": "Inside Bitcoins", "date": "Sat, 21 May 2022 11:06:08 -0400", "topics": ["tanalysis"], "sentiment": "Neutral", "type": "Article", "tickers": ["BTC"]}, {"news_url": "https://news.bitcoin.com/ethereum-has-destroyed-8-10-billion-in-ether-eth-scarcity-to-increase-after-the-merge/", "image_url": "https://crypto.snapi.dev/images/v1/u/t/ethhhh-143669.jpg", "title": "Ethereum Has Destroyed $8.10 Billion in Ether, ETH Scarcity to Increase After The Merge", "text": "According to current metrics, the Ethereum blockchain has burned 2.35 million ether since the implementation of Ethereum Improvement Proposal (EIP) 1559. The $8.10 billion in value was burned over the course of nine months and during the last seven days, 18,110 ether worth $34.9 million was destroyed. 2.35 Million Ethereum Burned \u2014 Ethereum Dev Says [\u2026]", "source_name": "Bitcoin", "date": "Sat, 21 May 2022 11:00:28 -0400", "topics": [], "sentiment": "Negative", "type": "Article", "tickers": ["ETH"]}, {"news_url": "https://www.youtube.com/watch?v=fotrbc_byj8", "image_url": "https://crypto.snapi.dev/images/v1/v/a/14957-142301-143672.jpg", "title": "Solana Labs CEO on OpenSea, Wormhole Exploit, Decentralization", "text": "Solana Labs CEO & Founder Anatoly Yakovenko discusses the network's rapid growth and use case for NFTs, noting OpenSea's recent decision to feature SOL assets. Plus, Yakovenko explains how the protocol addressed the Wormhole exploit and ambitions for increased decentralization.", "source_name": "Coindesk", "date": "Sat, 21 May 2022 11:00:20 -0400", "topics": [], "sentiment": "Neutral", "type": "Video", "tickers": ["SOL"]}, {"news_url": "https://coinpedia.org/bitcoin/bitcoin-death-cross-this-is-why-btc-price-will-drop-to-22700-in-coming-week/", "image_url": "https://crypto.snapi.dev/images/v1/l/f/shutterstock-1895991220-142352-142608-143299-143665.jpg", "title": "Bitcoin Death Cross : This is Why BTC Price Will Drop To $22700 In Coming Week", "text": "At the time of this publication, Bitcoin is struggling for a bull run trading at $29,346 after the price dropped by 3.20% in the last 24hrs. Bitcoin has subsequently corrected 3% since the drop. Recently Bitcoin had reached the $28,000 range, then climbed towards $30,000 before retracing back around the $29,000 mark. Bitcoin To See \u2026", "source_name": "CoinPedia", "date": "Sat, 21 May 2022 10:57:41 -0400", "topics": [], "sentiment": "Negative", "type": "Article", "tickers": ["BTC"]}, {"news_url": "https://www.dcforecasts.com/bitcoin-news/swedish-central-bank-bitcoin-and-ethereum-are-not-currencies/", "image_url": "https://crypto.snapi.dev/images/v1/r/t/sweden-143658.png", "title": "Swedish Central Bank: Bitcoin And Ethereum Are Not Currencies", "text": "The Swedish central bank Riksbank, argued that Bitcoin and Ethereum are not currencies as they lack the stability to function as a store of value or a medium of exchange so let's read more today in our latest cryptocurrency news. The Swedish central Bank joined a group of other monetary authorities in rejecting BTC's status [\u2026]", "source_name": "DCForecasts", "date": "Sat, 21 May 2022 10:33:06 -0400", "topics": [], "sentiment": "Negative", "type": "Article", "tickers": ["BTC", "ETH"]}, {"news_url": "https://bitcoinmagazine.com/culture/beyond-the-bitcoin-pizza-price-surprising-facts-about-bitcoin-pizza-day", "image_url": "https://crypto.snapi.dev/images/v1/x/f/pizza-day-143657.jpg", "title": "7 Surprising Facts About Bitcoin Pizza Day", "text": "The Bitcoin Pizza Day story is one of the technology's most historic tales, but even if you know the Bitcoin pizza price, these facts might surprise you.", "source_name": "Bitcoin Magazine", "date": "Sat, 21 May 2022 10:31:18 -0400", "topics": [], "sentiment": "Neutral", "type": "Article", "tickers": ["BTC"]}, {"news_url": "https://news.bitcoin.com/biggest-movers-sol-slips-again-as-atom-drops-10-to-start-the-weekend/", "image_url": "https://crypto.snapi.dev/images/v1/f/5/10-top-reddit-cryptos-to-invest-now-2022-139912-143656.jpg", "title": "Biggest Movers: SOL Slips Again as ATOM Drops 10% to Start the Weekend", "text": "SOL was trading lower to start the weekend, as prices slipped on Saturday. This comes as bears re-entered the market following a week of consolidation. ATOM was one of the biggest movers, falling by 10%. Cosmos (ATOM) After climbing by over 15% on Friday, ATOM was one of the biggest losers on Saturday, as prices [\u2026]", "source_name": "Bitcoin", "date": "Sat, 21 May 2022 10:30:42 -0400", "topics": [], "sentiment": "Negative", "type": "Article", "tickers": ["ATOM", "SOL"]}, {"news_url": "https://dailyhodl.com/2022/05/21/one-metric-indicates-bitcoin-btc-could-crash-by-over-50-as-macro-environment-worsens-says-cryptoquant-ceo/", "image_url": "https://crypto.snapi.dev/images/v1/b/a/one-metric-indicates-bitcoinjpgw1024-143653.jpg", "title": "One Metric Indicates Bitcoin (BTC) Could Crash by Over 50% As Macro Environment Worsens, Says CryptoQuant CEO", "text": "The CEO of leading on-chain analytics firm CryptoQuant says one metric is flashing a massive red flag for Bitcoin (BTC) bulls. Ki Young Ju tells his 292,600 Twitter followers that historical data shows Bitcoin could plummet all the way down to $14,000. \u201cSo here's hopium for bears. If BTC crashed so hard due to the [\u2026] The post One Metric Indicates Bitcoin (BTC) Could Crash by Over 50% As Macro Environment Worsens, Says CryptoQuant CEO appeared first on The Daily Hodl.", "source_name": "The Daily Hodl", "date": "Sat, 21 May 2022 10:30:41 -0400", "topics": [], "sentiment": "Negative", "type": "Article", "tickers": ["BTC"]}, {"news_url": "https://bitcoinmagazine.com/culture/bitcoin-pizza-day-a-day-of-celebration", "image_url": "https://crypto.snapi.dev/images/v1/p/f/pizza-day-artwork-143654.png", "title": "Bitcoin Pizza Day, A Day Of Celebration", "text": "Bitcoin Pizza Day is a time to get together with friends and family to remember the day that marked the first time bitcoin had a market value.", "source_name": "Bitcoin Magazine", "date": "Sat, 21 May 2022 10:30:00 -0400", "topics": [], "sentiment": "Neutral", "type": "Article", "tickers": ["BTC"]}, {"news_url": "https://www.cryptopolitan.com/ethereum-price-analysis-2022-05-21/", "image_url": "https://crypto.snapi.dev/images/v1/d/0/ethereum-price-analysis-2022-05-21-143650.png", "title": "Ethereum price analysis: ETH fails to break $1,900, slowly returns higher?", "text": "Ethereum price analysis is bullish today as we expect another attempt to break lower after a slightly higher low was set above $1,900. Therefore, ETH/USD could see a higher local high set, which could lead to another strong rally next week.", "source_name": "Cryptopolitan", "date": "Sat, 21 May 2022 10:21:29 -0400", "topics": ["tanalysis"], "sentiment": "Negative", "type": "Article", "tickers": ["ETH"]}, {"news_url": "https://insidebitcoins.com/news/polkadot-price-prediction-for-today-may-21-dot-trades-with-0-62-gains", "image_url": "https://crypto.snapi.dev/images/v1/l/v/crypto10-143648.jpg", "title": "Polkadot Price Prediction for Today, May 21: DOT Trades With 0.62% Gains", "text": "As the coin grows to the upside, the Polkadot price prediction is likely to move consistently within the channel in the next positive move. Polkadot [.", "source_name": "Inside Bitcoins", "date": "Sat, 21 May 2022 10:17:45 -0400", "topics": ["tanalysis"], "sentiment": "Positive", "type": "Article", "tickers": ["DOT"]}, {"news_url": "https://www.dcforecasts.com/bitcoin-news/new-house-bill-aims-to-protect-btc-retirement-accounts-from-ban/", "image_url": "https://crypto.snapi.dev/images/v1/v/z/fidelityinvestmetns-143647.png", "title": "New House Bill Aims To Protect BTC Retirement Accounts From Ban", "text": "A new house bill aims to protect BTC retirement accounts from the Federal Reserve ban and the bill will block any attempts by the Department of Labor to restrict access to BTC in the 401K plans so let's read more today in our latest Bitcoin news. In the wake of last week's crash, it drew [\u2026]", "source_name": "DCForecasts", "date": "Sat, 21 May 2022 10:12:29 -0400", "topics": [], "sentiment": "Neutral", "type": "Article", "tickers": ["BTC"]}, {"news_url": "https://bitcoinist.com/bitcoin-pizza-day-celebrating-the-300m-pizza/", "image_url": "https://crypto.snapi.dev/images/v1/b/h/bitcoin-2-640x364-143638.png", "title": "Bitcoin Pizza Day: Celebrating The $300-Million Pizza Order \u2013 And Other Fun Facts", "text": "What a peculiar combination: bitcoin and pizza. Nonetheless, an entire day has been designated for each of these occasions.", "source_name": "Bitcoinist", "date": "Sat, 21 May 2022 09:38:04 -0400", "topics": [], "sentiment": "Neutral", "type": "Article", "tickers": ["BTC"]}, {"news_url": "https://www.cryptopolitan.com/ripple-invest-100-million-in-carbon-markets/", "image_url": "https://crypto.snapi.dev/images/v1/x/t/ripple-2-1-143635.jpg", "title": "Ripple promises to invest $100 million in strengthening carbon markets", "text": "Blockchain protocol and networks have been mostly called out for their negative role in environmental degradation and unsustainability. However, several blockchain networks, like Ripple, have moved to contribute toward sustainability measures.", "source_name": "Cryptopolitan", "date": "Sat, 21 May 2022 09:30:04 -0400", "topics": [], "sentiment": "Positive", "type": "Article", "tickers": ["XRP"]}, {"news_url": "https://www.trustnodes.com/2022/05/21/ethereum-merging-by-september-bet-markets-say", "image_url": "https://crypto.snapi.dev/images/v1/m/w/preston-von-de-loon-permissionless-2022-143634.png", "title": "Ethereum Merging by September Bet Markets Say", "text": "Markets expect the ethereum merger upgrade by September with 82% betting it will happen sometime in September.", "source_name": "Trustnodes", "date": "Sat, 21 May 2022 09:20:20 -0400", "topics": ["paywall"], "sentiment": "Neutral", "type": "Article", "tickers": ["ETH"]}, {"news_url": "https://finbold.com/number-of-ethereum-addresses-in-a-loss-hit-a-2-year-high/?SNAPI", "image_url": "https://crypto.snapi.dev/images/v1/z/w/number-of-ethereum-addresses-in-a-loss-hit-a-2-year-high-143631.jpg", "title": "Number of Ethereum addresses in a loss hit a 2-year high", "text": "Ethereum (ETH), the second-largest cryptocurrency by market capitalization, fell below $2,000 on Friday, May 20, as the crypto market continues.", "source_name": "Finbold", "date": "Sat, 21 May 2022 09:10:49 -0400", "topics": [], "sentiment": "Negative", "type": "Article", "tickers": ["ETH"]}, {"news_url": "https://www.cryptoglobe.com/latest/2022/05/so-long-terrausd-ust-hello-ethereum-powered-iced-tea-backed-stablecoin-usdtea/", "image_url": "https://crypto.snapi.dev/images/v1/a/k/iced-tea-and-cupcakes-143630.jpg", "title": "So Long TerraUSD ($UST), Hello Ethereum-Powered Iced Tea Backed Stablecoin \u2018USDTea'", "text": "In the wake of the collapse of algorithmic stablecoin TerraUSD ($UST), a group of three tech artists have launched a stablecoin backed by a can of AriZona Iced Tea, which is America's #1 iced tea brand. According to a report by TechCrunch, Mossy, a collective of three \u201ctechy artists\u201d have created a new Ethereum-powered stablecoin [\u2026]", "source_name": "CryptoGlobe", "date": "Sat, 21 May 2022 09:00:20 -0400", "topics": ["stablecoins"], "sentiment": "Neutral", "type": "Article", "tickers": ["ETH", "UST"]}, {"news_url": "https://cryptodaily.co.uk/2022/05/binance-integrates-with-l2-ethereum-scaling-solution-optimism", "image_url": "https://crypto.snapi.dev/images/v1/m/f/binance-x-optimism-1-143640.png", "title": "Binance Integrates With L2 Ethereum Scaling Solution Optimism", "text": "Binance, the crypto space's largest exchange by global volume, has announced that it has completed infrastructural integration with Optimism, a layer-2 (L2) Ethereum scaling solution. The integration will see Binance opening deposits for ETH on Optimism Layer 2, with newly assigned ETH deposit addresses for its users.", "source_name": "Crypto Daily", "date": "Sat, 21 May 2022 09:00:00 -0400", "topics": [], "sentiment": "Positive", "type": "Article", "tickers": ["ETH"]}, {"news_url": "https://news.bitcoin.com/bitcoin-ethereum-technical-analysis-eth-back-below-2000-to-start-weekend/", "image_url": "https://crypto.snapi.dev/images/v1/b/x/shutterstock-1933394666-2-143626.jpg", "title": "Bitcoin, Ethereum Technical Analysis: ETH Back Below $2,000 to Start the Weekend", "text": "ETH started the weekend trading below $2,000 as the price consolidation in crypto continued. Bitcoin is also trading lower during Saturday's session, with the world's largest cryptocurrency once again falling under $30,000. Bitcoin Following marginal gains above the $30,000 level during yesterday's session, BTC once again fell below this point. Friday saw BTC/USD trading at [\u2026]", "source_name": "Bitcoin", "date": "Sat, 21 May 2022 08:45:08 -0400", "topics": ["tanalysis"], "sentiment": "Neutral", "type": "Article", "tickers": ["BTC", "ETH"]}, {"news_url": "https://insidebitcoins.com/news/ripple-price-prediction-for-today-may-21-xrp-may-slide-below-0-40-level", "image_url": "https://crypto.snapi.dev/images/v1/z/o/crypto8-143625.jpg", "title": "Ripple Price Prediction for Today, May 21: XRP May Slide Below $0.40 Level", "text": "The Ripple price prediction is down by 0.02% in the last few hours as the current market value may go below $0.40. Ripple Prediction Statistics [.", "source_name": "Inside Bitcoins", "date": "Sat, 21 May 2022 08:42:04 -0400", "topics": ["tanalysis"], "sentiment": "Negative", "type": "Article", "tickers": ["XRP"]}, {"news_url": "https://www.cryptopolitan.com/ripple-price-analysis-2022-05-21/", "image_url": "https://crypto.snapi.dev/images/v1/h/r/ripple-price-analysis-2022-05-21-143624.png", "title": "Ripple price analysis: XRP slowly continues consolidation above $0.40, push higher incoming?", "text": "Ripple price analysis is bullish today as we expect another attempt to move higher from the $0.40 support. Therefore, XRP/USD should head back to the $0.44 local high and attempt to break through, which would be a signal that more upside is to follow next week.", "source_name": "Cryptopolitan", "date": "Sat, 21 May 2022 08:32:25 -0400", "topics": ["tanalysis"], "sentiment": "Neutral", "type": "Article", "tickers": ["XRP"]}, {"news_url": "https://bitcoinist.com/ethereum-layer-2-scaling-solution-on-binance/", "image_url": "https://crypto.snapi.dev/images/v1/e/t/ethereum-7084736-1920-640x320-143616.jpg", "title": "Ethereum Layer-2 Scaling Solution Optimism Now Supported By Binance", "text": "Binance, the world's largest cryptocurrency exchange by volume, announced on Friday that it had integrated the layer-2 scaling solution Optimism because Binance is optimistic about the future of Ethereum's Layer 2.\u00a0 The exchange explained that, at this time, deposits are the only thing supported; withdrawals will not be available until the exchange achieves optimal liquidity.", "source_name": "Bitcoinist", "date": "Sat, 21 May 2022 08:00:06 -0400", "topics": [], "sentiment": "Positive", "type": "Article", "tickers": ["ETH"]}, {"news_url": "https://coinpedia.org/bitcoin/top-reasons-why-bitcoin-btc-price-may-not-hold-30000-aa-its-primed-to-tank-down-to-20000-very-soon/", "image_url": "https://crypto.snapi.dev/images/v1/0/h/economist-h-dent-predicts-bitcoin-could-crash-to-3k-before-shooting-to-500k-in-next-global-boom-142736-143116-143612.jpg", "title": "Top Reasons Why Bitcoin (BTC) Price May Not Hold $30,000 as it's Primed to Tank Down to $20,000 Very Soon!", "text": "Bitcoin price after trading above $30,000 for a couple of days, has now dropped below. And moreover, the less price variation within the asset has raised the speculation for lower levels to be hit in the upcoming days. A popular analyst, in a series of tweets, pens down the reasons why he believes BTC price \u2026", "source_name": "CoinPedia", "date": "Sat, 21 May 2022 07:59:29 -0400", "topics": [], "sentiment": "Negative", "type": "Article", "tickers": ["BTC"]}, {"news_url": "https://insidebitcoins.com/news/bitcoin-price-prediction-for-today-may-20-btc-couldnt-break-above-30000", "image_url": "https://crypto.snapi.dev/images/v1/d/1/bitcoin-mondo-300x200-143542-143611.jpg", "title": "Bitcoin Price Prediction for Today, May 21: BTC Couldn't Break Above $30,000", "text": "The Bitcoin price prediction indicates bearish momentum as the con fails to cross above the 9-day moving average. Bitcoin Prediction Statistics Data: Bitcoin price now [.", "source_name": "Inside Bitcoins", "date": "Sat, 21 May 2022 07:55:41 -0400", "topics": ["tanalysis"], "sentiment": "Neutral", "type": "Article", "tickers": ["BTC"]}, {"news_url": "https://dailyhodl.com/2022/05/21/heres-whats-next-for-bitcoin-and-one-ethereum-competitor-according-to-crypto-analyst-michael-van-de-poppe/", "image_url": "https://crypto.snapi.dev/images/v1/n/e/next-for-bitcoin-and-jpgw1024-143609.jpg", "title": "Here's What's Next for Bitcoin and One Ethereum Competitor, According to Crypto Analyst Micha\u00ebl van de Poppe", "text": "A popular crypto analyst is digging into the charts to see what's next for Bitcoin (BTC) as well as one enterprise-grade blockchain platform. In a new post, Micha\u00ebl van de Poppe alerts his 602,500 Twitter followers that he's eyeing $29,300 as a key make-or-break indicator for Bitcoin. \u201cStill watching the level at $29,300 for Bitcoin. [\u2026] The post Here's What's Next for Bitcoin and One Ethereum Competitor, According to Crypto Analyst Micha\u00ebl van de Poppe appeared first on The Daily Hodl.", "source_name": "The Daily Hodl", "date": "Sat, 21 May 2022 07:45:57 -0400", "topics": [], "sentiment": "Neutral", "type": "Article", "tickers": ["BTC", "FTM"]}, {"news_url": "https://cointelegraph.com/news/bitcoin-ends-week-on-the-edge-as-s-p-500-officially-enters-bear-market", "image_url": "https://crypto.snapi.dev/images/v1/5/z/840-ahr0chm6ly9zmy5jb2ludgvszwdyyxbolmnvbs91cgxvywrzlziwmjitmduvytiwnwq3ymytzja0yi00ztm1lwe4zwitzdi0ztuymjg1mtcxlmpwzw-143590.jpg", "title": "Bitcoin ends week 'on the edge' as S&P 500 officially enters bear market", "text": "Down 20% from its latest peak, the S&P 500 now meets the definition of bear market territory in a warning sign for risk assets everywhere.", "source_name": "Cointelegraph", "date": "Sat, 21 May 2022 07:08:50 -0400", "topics": [], "sentiment": "Negative", "type": "Article", "tickers": ["BTC"]}, {"news_url": "https://coingape.com/?p=113168", "image_url": "https://crypto.snapi.dev/images/v1/2/0/bitcoin-crash-pyth-network-143587.jpeg", "title": "Here's Why Bitcoin (BTC) Could Be In for Another 50% Correction Under $15,000", "text": "Bitcoin has struggled to hold above the $30,000 level after making a brief move on Friday. It has already corrected 3% since and is currently trading at $29,330 with a market cap of $557 billion.", "source_name": "Coingape", "date": "Sat, 21 May 2022 06:42:12 -0400", "topics": [], "sentiment": "Negative", "type": "Article", "tickers": ["BTC"]}, {"news_url": "https://coingape.com/?post_type=blog&p=113054", "image_url": "https://crypto.snapi.dev/images/v1/k/f/btcclicks-143581.webp", "title": "BTCclicks Review : A Legit Platform To Earn Bitcoins", "text": "Bitcoin is the most valuable cryptocurrency in the market by some distance. It was created in 2009 after the stock market crash by the pseudonym Satoshi Nakamoto.", "source_name": "Coingape", "date": "Sat, 21 May 2022 06:14:02 -0400", "topics": ["bitcoin"], "sentiment": "Neutral", "type": "Article", "tickers": ["BTC"]}, {"news_url": "https://www.dcforecasts.com/ripple-news/ripple-to-invest-in-carbon-markets-with-100-million-commitment/", "image_url": "https://crypto.snapi.dev/images/v1/v/r/parilov-ripple-768x397-1-143580.jpg", "title": "Ripple To Invest In Carbon Markets With $100 Million Commitment", "text": "Ripple to invest in carbon markets with a $100 million commitment that will help with the achieving of the climate goals so let's read more today in our latest ripple news. The blockchain company Ripple to invest $100 million to boost its carbon removal activities and aid in modernizing these markets with the help of [\u2026]", "source_name": "DCForecasts", "date": "Sat, 21 May 2022 06:11:42 -0400", "topics": [], "sentiment": "Neutral", "type": "Article", "tickers": ["XRP"]}, {"news_url": "https://en.cryptonomist.ch/2022/05/21/exact-price-bitcoin-bottom/", "image_url": "https://crypto.snapi.dev/images/v1/n/c/supertrend-prezzo-bitcoin-300x150-143582.png", "title": "This is the exact price Bitcoin will bottom and why (with historical proof)", "text": "Bitcoin bottom forecast thanks to the supertrend indicator", "source_name": "The Cryptonomist", "date": "Sat, 21 May 2022 06:00:00 -0400", "topics": [], "sentiment": "Neutral", "type": "Article", "tickers": ["BTC"]}, {"news_url": "https://coinidol.com/polkadot-7-18-low/", "image_url": "https://crypto.snapi.dev/images/v1/c/g/02e9f9bcb242e67f342320091ca9bc8d-143579.jpg", "title": "Polkadot is Unable to Regain Bullish Momentum, May Slide below $7.18 Low", "text": "The price of Polkadot (DOT) fell to a low of $7.18 on May 12. The May 12 plunge brings temporary relief to bulls as the downtrend has eased.", "source_name": "Coin Idol", "date": "Sat, 21 May 2022 05:55:00 -0400", "topics": [], "sentiment": "Positive", "type": "Article", "tickers": ["DOT"]}, {"news_url": "https://coinpedia.org/altcoin/the-end-of-bearish-season/", "image_url": "https://crypto.snapi.dev/images/v1/o/n/crypto5-143576.jpg", "title": "The End Of Bearish Season! Here's When Bitcoin and Major Altcoins Will See Actual Bounce", "text": "The bears have been shadowing the cryptocurrency market for more than a month now. However, the crypto market is still under bearish pressure where the Bitcoin price is consolidating below $30,000 again and again. At the time of reporting, Bitcoin is changing hands at $29,429 with a downfall of 2.75% over the last 24hrs. Bitcoin \u2026", "source_name": "CoinPedia", "date": "Sat, 21 May 2022 05:42:50 -0400", "topics": [], "sentiment": "Negative", "type": "Article", "tickers": ["BTC"]}, {"news_url": "https://www.cryptoglobe.com/latest/2022/05/norwegian-parliament-votes-down-proposal-to-ban-bitcoin-mining/", "image_url": "https://crypto.snapi.dev/images/v1/w/c/norway-fjord-143574.jpg", "title": "Norwegian Parliament Votes Down Proposal to Ban Bitcoin Mining", "text": "The Norwegian Parliament voted down a proposal banning Bitcoin mining, allowing the crypto mining industry to continue to thrive in the country.\u00a0 According to a report by Cointelegraph, the proposal \u2014 first suggested in March by the Red Party \u2014 was rejected by a parliamentary vote on May 13. The ban failed to gain political [\u2026]", "source_name": "CryptoGlobe", "date": "Sat, 21 May 2022 05:30:19 -0400", "topics": ["mining"], "sentiment": "Negative", "type": "Article", "tickers": ["BTC"]}, {"news_url": "https://beincrypto.com/vitalik-buterin-explains-what-to-expect-after-the-merge-this-summer-ahead-of-pos-upgrade/", "image_url": "https://crypto.snapi.dev/images/v1/s/t/stake-ethereumjpgoptimal-143599.jpg", "title": "Vitalik Buterin Explains What to Expect After The Merge This Summer Ahead of PoS Upgrade", "text": "At the ETH Shanghai Web 3.0 Developer Summit on Thursday, Ethereum co-founder Vitalik Buterin confirmed that the merge will likely occur this summer, despite being pushed ahead several times in the past. The post Vitalik Buterin Explains What to Expect After The Merge This Summer Ahead of PoS Upgrade appeared first on BeInCrypto.", "source_name": "BeInCrypto", "date": "Sat, 21 May 2022 05:17:11 -0400", "topics": ["upgrade"], "sentiment": "Positive", "type": "Article", "tickers": ["ETH"]}, {"news_url": "https://dailyhodl.com/2022/05/21/popular-crypto-trader-remains-optimistic-about-one-defi-altcoin-as-bitcoin-btc-pulls-the-market-down/", "image_url": "https://crypto.snapi.dev/images/v1/c/s/trader-optimistic-onejpgw1024-143569.jpg", "title": "Popular Crypto Trader Remains Optimistic About One DeFi Altcoin As Bitcoin (BTC) Pulls the Market Down", "text": "A popular crypto trader is staying optimistic about one decentralized finance (DeFi) altcoin despite the market's overall price downtick. Pseudonymous analyst Credible tells his 332,400 Twitter followers he's still buying Curve DAO Token (CRV), the governance token for Curve Finance, a decentralized exchange for stablecoins. \u201cWay down on my average for CRV at this point [\u2026] The post Popular Crypto Trader Remains Optimistic About One DeFi Altcoin As Bitcoin (BTC) Pulls the Market Down appeared first on The Daily Hodl.", "source_name": "The Daily Hodl", "date": "Sat, 21 May 2022 05:15:20 -0400", "topics": [], "sentiment": "Positive", "type": "Article", "tickers": ["BTC"]}, {"news_url": "https://coingape.com/?p=113157", "image_url": "https://crypto.snapi.dev/images/v1/b/4/bitcoin-et-143568.jpeg", "title": "Bitcoin Price: Key Metrics Show Surprising Insights", "text": "While Bitcoin continues to struggle to exceed the $30,000 range, latest figures on key Bitcoin price metrics indicate a more bearish sentiment. Last week's drastic meltdown of Terra ecosystem had a direct impact on Bitcoin price, which slid by at least 20% since then.", "source_name": "Coingape", "date": "Sat, 21 May 2022 05:05:20 -0400", "topics": [], "sentiment": "Neutral", "type": "Article", "tickers": ["BTC"]}, {"news_url": "https://coingape.com/?p=113158", "image_url": "https://crypto.snapi.dev/images/v1/b/7/vitalik-b-143566.jpg", "title": "Just-In: Vitalik Buterin No Longer A Billionaire As Ethereum Crashes", "text": "Ethereum co-founder Vitalik Buterin said on Friday that he is no longer a billionaire, following a severe drop in Ethereum (ETH) prices this year. Buterin, who had co-created Ethereum in 2014, reportedly owns a wallet with about 290,000 ETH tokens ($574.1 million).", "source_name": "Coingape", "date": "Sat, 21 May 2022 05:02:12 -0400", "topics": [], "sentiment": "Negative", "type": "Article", "tickers": ["ETH"]}, {"news_url": "https://coinpedia.org/ethereum/ethereum-eth-price-to-fall-950-1900-by-october-2022-heres-why/", "image_url": "https://crypto.snapi.dev/images/v1/u/o/ethereum-price-analysis-2022-05-18-142394-143563.png", "title": "Ethereum (ETH) Price To Fall $950\u2013$1,900 by October 2022! Here's Why", "text": "In a higher interest rate environment, Ethereum's native cryptocurrency, Ether (ETH), continues to suffer downside risks. However, one analyst believes that the token's next selloff could turn into a bear trap as the market anticipates the Merge's release in August. According to a technical setup released on May 20 by Wolf, an independent market expert, \u2026", "source_name": "CoinPedia", "date": "Sat, 21 May 2022 05:01:00 -0400", "topics": [], "sentiment": "Negative", "type": "Article", "tickers": ["ETH"]}, {"news_url": "https://www.newsbtc.com/news/ripple/ripple-price-falls-below-0-43-as-bears-take-control-of-the-market/", "image_url": "https://crypto.snapi.dev/images/v1/n/3/pexels-worldspectrum-1108313-143562.jpg", "title": "Ripple Price Falls Below $0.43 As Bears Take Control Of The Market", "text": "Following the massive dump in the past week, Ripple price regains its stance on a long trend. Moreover, bulls must tower the bears in this current market momentum.", "source_name": "NewsBTC", "date": "Sat, 21 May 2022 05:00:33 -0400", "topics": [], "sentiment": "Negative", "type": "Article", "tickers": ["XRP"]}, {"news_url": "https://cryptopotato.com/weekend-watch-btc-rejected-at-30k-luna-and-ust-dump-another-20/", "image_url": "https://crypto.snapi.dev/images/v1/k/j/red-light-143559.jpg", "title": "Weekend Watch: BTC Rejected at $30K, LUNA and UST Dump Another 20%", "text": "LUNA and UST continue to drop by double-digit percentages per day, while BTC remains stuck below $30K after another rejection.", "source_name": "CryptoPotato", "date": "Sat, 21 May 2022 04:44:40 -0400", "topics": [], "sentiment": "Neutral", "type": "Article", "tickers": ["BTC", "LUNA", "UST"]}, {"news_url": "https://www.cryptopolitan.com/solana-price-analysis-2022-05-21/", "image_url": "https://crypto.snapi.dev/images/v1/g/u/solana-price-analysis-2-1-143558.png", "title": "Solana price analysis: Bearish trend to continue as the price approaches major support of $48.5", "text": "Solana price analysis shows a bearish market after the prices were unable to challenge the near-term resistance of $60.0 and started to fall towards the key support at $48.5.The bears are in control of the market as the prices are currently trading below all the important moving averages. The prices have been hovering around a.", "source_name": "Cryptopolitan", "date": "Sat, 21 May 2022 04:42:29 -0400", "topics": ["tanalysis"], "sentiment": "Negative", "type": "Article", "tickers": ["SOL"]}, {"news_url": "https://news.bitcoin.com/tim-draper-bullish-on-bitcoin-due-to-its-inflation-hedge-traits/", "image_url": "https://crypto.snapi.dev/images/v1/f/s/shutterstock-1922305823-143556.jpg", "title": "Tim Draper Bullish on Bitcoin Due to Its Inflation Hedge Traits", "text": "Tim Draper, an early bitcoin investor, has declared he is still optimistic about the value of the first cryptocurrency even with the downturn its price has taken in the last months. Draper believes that the asset is still valuable as an inflation hedge, and that the market we are navigating right now is \u201cvery similar\u201d [\u2026]", "source_name": "Bitcoin", "date": "Sat, 21 May 2022 04:30:26 -0400", "topics": [], "sentiment": "Positive", "type": "Article", "tickers": ["BTC"]}, {"news_url": "https://www.financemagnates.com/cryptocurrency/news/bitcoin-address-transfers-2457-btc-from-coinbase/", "image_url": "https://crypto.snapi.dev/images/v1/b/i/bitcoin-etf-id-ec3f9b81-7b03-4d4f-972c-e6e358880c53-size900-143597.jpg", "title": "Bitcoin Address Transfers 2,457 BTC from Coinbase", "text": "Bitcoin price is currently going through one of its worst phases. While selling pressure has pushed the price of the crypto asset to its lowest level in more than 12 months, BTC millionaires have started moving the digital currency in large amounts.", "source_name": "FinanceMagnates", "date": "Sat, 21 May 2022 04:23:00 -0400", "topics": [], "sentiment": "Neutral", "type": "Article", "tickers": ["BTC"]}, {"news_url": "https://www.cryptopolitan.com/polkadot-price-analysis-2022-05-21/", "image_url": "https://crypto.snapi.dev/images/v1/j/i/dot-5-143554.jpg", "title": "Polkadot price analysis: DOT unable to challenge $11. reversal to follow?", "text": "The Polkadot price analysis is predicting a bullish trend for today with small price increments. The price has been trading low for the past few weeks, the trend line is downwards as the bears have been maintaining their lead.", "source_name": "Cryptopolitan", "date": "Sat, 21 May 2022 04:02:14 -0400", "topics": ["tanalysis"], "sentiment": "Neutral", "type": "Article", "tickers": ["DOT"]}, {"news_url": "https://thecurrencyanalytics.com/bitcoin/bitcoin-btc-ethereum-eth-pow-and-pos-argument-continues-41396.php", "image_url": "https://crypto.snapi.dev/images/v1/l/h/bitcoin-btc-ethereum-eth-pow-and-pos-argument-continues-143553.jpg", "title": "Bitcoin (BTC) Ethereum (ETH) PoW and PoS Argument Continues", "text": "Catch up on the latest crypto market news at The Currency Analytics. Statement:\u00a0 If you own 51% of mining activity you can also attack a PoW network!", "source_name": "The Currency Analytics", "date": "Sat, 21 May 2022 04:00:46 -0400", "topics": [], "sentiment": "Neutral", "type": "Article", "tickers": ["BTC", "ETH"]}, {"news_url": "https://thenewscrypto.com/bitcoin-btc-price-yet-again-falls-under-30k-mark-as-bears-takeover/?SNAPI", "image_url": "https://crypto.snapi.dev/images/v1/k/c/27k-143552.jpg", "title": "Bitcoin (BTC) Price Yet Again Falls Under $30K Mark as Bears Takeover", "text": "As per the analyst, a new bottom is building for the next bull market in Bitcoin (BTC). Bitcoin has been", "source_name": "TheNewsCrypto", "date": "Sat, 21 May 2022 03:57:39 -0400", "topics": [], "sentiment": "Negative", "type": "Article", "tickers": ["BTC"]}, {"news_url": "https://coinpedia.org/bitcoin/top-reasons-why-bitcoin-btc-price-will-plunge-in-coming-week/", "image_url": "https://crypto.snapi.dev/images/v1/i/j/shutterstock-1895991220-142352-142608-143299-143551.jpg", "title": "Top Reasons Why Bitcoin (BTC) Price Will Plunge In Coming Week", "text": "Bitcoin investors are still on the edge of their seats, waiting for indications that will determine how the current period of short-term consolidation will end. Within the capitulation, the market took a dive, with the top-ranked cryptocurrency falling from over $36,000 to as low as $25,485 during the week. A well-known crypto analyst is causing \u2026", "source_name": "CoinPedia", "date": "Sat, 21 May 2022 03:51:00 -0400", "topics": [], "sentiment": "Negative", "type": "Article", "tickers": ["BTC"]}, {"news_url": "https://dailyhodl.com/2022/05/21/rich-dad-poor-dad-author-warns-bitcoin-btc-could-test-new-epic-lows-here-are-his-targets/", "image_url": "https://crypto.snapi.dev/images/v1/i/s/warns-bitcoin-could-testjpgw1024-143547.jpg", "title": "Rich Dad Poor Dad Author Warns Bitcoin (BTC) Could Test New Epic Lows \u2013 Here Are His Targets", "text": "Rich Dad Poor Dad author Robert Kiyosaki says he is long-term bullish on Bitcoin (BTC) but says BTC could drop a lot lower before carving a bottom. The widely followed investor tells his 1.9 million Twitter followers why he believes in the long-term potential of Bitcoin even if BTC drops nearly 70% from current levels. [\u2026] The post Rich Dad Poor Dad Author Warns Bitcoin (BTC) Could Test New Epic Lows \u2013 Here Are His Targets appeared first on The Daily Hodl.", "source_name": "The Daily Hodl", "date": "Sat, 21 May 2022 03:04:39 -0400", "topics": [], "sentiment": "Negative", "type": "Article", "tickers": ["BTC"]}, {"news_url": "https://www.dailyfx.com/forex/fundamental/forecast/weekly/title/2022/05/21/Bitcoin-Outlook-Stocks-and-Cryptos-Struggle-to-Rebound-FOMC-Looms.html", "image_url": "https://crypto.snapi.dev/images/v1/6/t/15054-143341-143546.jpg", "title": "Bitcoin Outlook: Stocks and Cryptos Struggle to Rebound, FOMC Looms", "text": "Bitcoin, Ether and altcoins remain range-bound as fundamental and technical factors drive price action. Risk sentiment limits gains as FOMC meeting looms.", "source_name": "DailyFX", "date": "Sat, 21 May 2022 03:00:00 -0400", "topics": [], "sentiment": "Neutral", "type": "Article", "tickers": ["BTC"]}, {"news_url": "https://coingape.com/?p=113129", "image_url": "https://crypto.snapi.dev/images/v1/g/n/crypto-bitcoin-143540.jpg", "title": "PlanB Says Bear Market Almost Over, Bitcoin (BTC) In Buying Range", "text": "Bitcoin (BTC) is reeling under the bear market. The crypto market is still under pressure, while the Bitcoin price continues to dive below the crucial $30,000 level.", "source_name": "Coingape", "date": "Sat, 21 May 2022 02:15:27 -0400", "topics": [], "sentiment": "Neutral", "type": "Article", "tickers": ["BTC"]}, {"news_url": "https://coinpedia.org/bitcoin/bitcoin-btc-price-hitting-100k-by-end-of-2022/", "image_url": "https://crypto.snapi.dev/images/v1/b/s/btc-faces-two-massivejpgw1024-143018-143498-143541.jpg", "title": "Is There Any Possibilities Of Bitcoin (BTC) Price Hitting ATH By the End of 2022", "text": "A well-known crypto strategist has revealed his next price goal for Bitcoin (BTC), which would defy the present bear market. Credible, a pseudonymous expert, claims that he will be bearish on Bitcoin one day, but not until it roars above $100,000 to complete an extended bull cycle. The expert then goes after those who forecast \u2026", "source_name": "CoinPedia", "date": "Sat, 21 May 2022 02:15:19 -0400", "topics": [], "sentiment": "Neutral", "type": "Article", "tickers": ["BTC"]}, {"news_url": "https://en.cryptonomist.ch/2022/05/21/most-bitcoin-world-top-category/", "image_url": "https://crypto.snapi.dev/images/v1/d/j/bitcoin-mondo-300x200-143542.jpg", "title": "Who holds the most Bitcoin in the world? The top by category", "text": "Satoshi Nakamoto, Changpeng Zhao and MicroStrategy top the list", "source_name": "The Cryptonomist", "date": "Sat, 21 May 2022 02:00:44 -0400", "topics": [], "sentiment": "Neutral", "type": "Article", "tickers": ["BTC"]}, {"news_url": "https://en.cryptonomist.ch/2022/05/21/taproot-improve-bitcoin/", "image_url": "https://crypto.snapi.dev/images/v1/n/4/bitcoin-taproot-300x200-143543.jpg", "title": "Taproot: what it is and how it will improve Bitcoin", "text": "Despite having been introduced months ago, the update does not yet seem to have produced any major changes", "source_name": "The Cryptonomist", "date": "Sat, 21 May 2022 02:00:21 -0400", "topics": [], "sentiment": "Positive", "type": "Article", "tickers": ["BTC"]}, {"news_url": "https://www.newsbtc.com/news/ethereum-could-tank-further-heres-what-the-charts-say/", "image_url": "https://crypto.snapi.dev/images/v1/j/b/kanchanara-rhcp9sw-cga-unsplash-143526.jpg", "title": "Ethereum Could Tank Further; Here's What The Charts Say", "text": "The bear market has been quite harsh to all major altcoins including Ethereum. Over the past 24 hours ago, the coin dipped by 4%.", "source_name": "NewsBTC", "date": "Fri, 20 May 2022 21:00:30 -0400", "topics": [], "sentiment": "Negative", "type": "Article", "tickers": ["ETH"]}, {"news_url": "https://bitcoinist.com/ripple-of-global-carbon-markets-dedicates-100m/", "image_url": "https://crypto.snapi.dev/images/v1/7/v/kanchanara-0krsp5irzi4-unsplash-1-631x420-143528.jpg", "title": "Ripple To Fund The Acceleration Of Global Carbon Markets; Dedicates $100M", "text": "Ripple, the crypto solutions company shall commit $100M for the goal of carbon removal by investing in climate oriented fintech companies. The blockchain-based payments network has aimed to facilitate the acceleration of carbon removal technology in order to bring about modernization of the carbon markets.", "source_name": "Bitcoinist", "date": "Fri, 20 May 2022 21:00:11 -0400", "topics": [], "sentiment": "Positive", "type": "Article", "tickers": ["XRP"]}, {"news_url": "https://bitcoinmagazine.com/culture/why-service-members-should-buy-bitcoin", "image_url": "https://crypto.snapi.dev/images/v1/0/l/earth-143527.png", "title": "Why Service Members Should Buy Bitcoin", "text": "Bitcoin serves as a defense for financial freedom for members in the military as they serve to defend others and provides economic opportunity.", "source_name": "Bitcoin Magazine", "date": "Fri, 20 May 2022 21:00:00 -0400", "topics": [], "sentiment": "Positive", "type": "Article", "tickers": ["BTC"]}, {"news_url": "https://cryptopotato.com/ripple-commits-100m-to-invest-in-carbon-markets-in-its-latest-push-for-sustainability/", "image_url": "https://crypto.snapi.dev/images/v1/s/k/ripple-green-cover-143525.jpg", "title": "Ripple Commits $100M to Invest in Carbon Markets in its Latest Push for Sustainability", "text": "Ripple expects that its $100 million commitment will help towards achieving climate goals.", "source_name": "CryptoPotato", "date": "Fri, 20 May 2022 20:57:22 -0400", "topics": [], "sentiment": "Positive", "type": "Article", "tickers": ["XRP"]}, {"news_url": "https://bitcoinist.com/not-a-bitcoin-event-central-bankers-el-salvador/", "image_url": "https://crypto.snapi.dev/images/v1/n/w/international-g33f80cc61-1280-560x420-143522.jpg", "title": "It Was Not A Bitcoin Event. Then, Why Were The Central Bankers In El Salvador?", "text": "The week started with central bankers and financial authorities from 44 countries arriving in El Salvador. The mainstream media ignored it completely.", "source_name": "Bitcoinist", "date": "Fri, 20 May 2022 20:40:41 -0400", "topics": [], "sentiment": "Neutral", "type": "Article", "tickers": ["BTC"]}, {"news_url": "https://cryptoverze.com/swiss-bank-julius-baer-to-offer-bitcoin-crypto-services/", "image_url": "https://crypto.snapi.dev/images/v1/c/8/crypto13-143521.jpg", "title": "Swiss Bank, Julius Baer to Offer Bitcoin, Crypto services", "text": "A private bank based in Zurich, Switzerland, 132 year-old Julius Baer Group declared that it is creating a proprietary digital wealth management system focused on bitcoin and other cryptocurrencies exclusively tailored to high-net-worth clients. The firm's CEO Philipp Rickenbacher acknowledged that for the next three years, they will move into the cryptocurrency space during his...", "source_name": "Cryptoverze", "date": "Fri, 20 May 2022 20:38:40 -0400", "topics": [], "sentiment": "Positive", "type": "Article", "tickers": ["BTC"]}, {"news_url": "https://coinfomania.com/vitalik-buterin-confirms-launch-of-ethereum-merge-in-august/", "image_url": "https://crypto.snapi.dev/images/v1/e/t/ethereum-cover-2-143194-143518.jpg", "title": "Vitalik Buterin Confirms Launch of Ethereum Merge in August", "text": "After a series of postponements from the Ethereum developers, co-founder Vitalik Buterin, also referred to as \u201cThe Prince of Crypto\u201d has confirmed that the long-awaited Ethereum Merge could happen in August 2022. Speaking at the Ethereum Shangh\u00adai Summit, the team said the network is on its way to transitioning to a Proof-of-Stake (POS) chain before the \u201cdifficulty bomb\u201d delays the protocol.", "source_name": "Coinfomania", "date": "Fri, 20 May 2022 19:06:41 -0400", "topics": [], "sentiment": "Positive", "type": "Article", "tickers": ["ETH"]}, {"news_url": "https://www.newsbtc.com/news/bitcoin/microstrategy-will-not-dump-any-of-its-bitcoin-cfo-reveals/", "image_url": "https://crypto.snapi.dev/images/v1/v/3/microstrategy-143511.jpeg", "title": "MicroStrategy Will Not Dump Any Of Its Bitcoin, CFO Reveals", "text": "MicroStrategy has become a major player in the crypto realm since it began purchasing Bitcoin. Its holdings have seen it solidify its place as the public company with the largest bitcoin holdings in the world.", "source_name": "NewsBTC", "date": "Fri, 20 May 2022 19:00:33 -0400", "topics": [], "sentiment": "Positive", "type": "Article", "tickers": ["BTC"]}, {"news_url": "https://ambcrypto.com/does-xrp-have-a-chance-of-a-bullish-breakout-the-metrics-and-indicators-say/", "image_url": "https://crypto.snapi.dev/images/v1/e/0/xrp-139903-143508.png", "title": "Does XRP have a chance of a bullish breakout? The metrics and indicators say\u2026", "text": "XRP's price is twisting and turning by the day as new developments from the SEC vs Ripple case and market movements influence the controversial coin. A day ago, XRP was down by around 5%, but at press time, the sixth biggest crypto by market cap was trading at $0.4318\u00a0after rising by 5.30% in the past [\u2026]", "source_name": "AMBCrypto", "date": "Fri, 20 May 2022 18:30:39 -0400", "topics": [], "sentiment": "Neutral", "type": "Article", "tickers": ["XRP"]}, {"news_url": "https://cryptonews.com/news/bitbuy-is-serving-the-hottest-deal-for-bitcoin-pizza-day-get-a-free-100-when-you-sign-up-fund-your-account-tcs-apply.htm", "image_url": "https://crypto.snapi.dev/images/v1/y/f/most-decentralized-bureaujpgw1024-143087-143506.jpg", "title": "Bitbuy Is Serving The Hottest Deal For Bitcoin Pizza Day - Get a FREE $100 when you sign up & fund your account. T&Cs apply", "text": "Disclaimer: The following article is part of Cryptonews Deals Series and was written as a promotional article in collaboration with the sponsor of this offer. If your company has an exclusive promotion that you would like to share with our readers, we invite you to reach out to us. Let's build together.", "source_name": "Cryptonews", "date": "Fri, 20 May 2022 18:21:00 -0400", "topics": [], "sentiment": "Positive", "type": "Article", "tickers": ["BTC"]}, {"news_url": "https://bitcoinmagazine.com/culture/bitcoin-personality-and-development-part-two", "image_url": "https://crypto.snapi.dev/images/v1/x/y/what-is-bitcoin-143504.jpg", "title": "Bitcoin, Personality And Development Part Two \u2014 Bitcoin Versus Nihilism", "text": "Bitcoin battles nihilism and fiat psychology by allowing you to take control of your attention, and directing it toward the betterment of your person.", "source_name": "Bitcoin Magazine", "date": "Fri, 20 May 2022 18:00:00 -0400", "topics": [], "sentiment": "Neutral", "type": "Article", "tickers": ["BTC"]}, {"news_url": "https://ambcrypto.com/polkadot-sees-a-bounce-from-7-5-but-can-bulls-bet-on-further-gains/", "image_url": "https://crypto.snapi.dev/images/v1/i/s/cowen-massive-polkadot-predictionjpgw1024-133718-143500.jpg", "title": "Polkadot sees a bounce from $7.5 but can bulls bet on further gains", "text": "Disclaimer:\u00a0The findings of the following analysis are the sole opinions of the writer and should not be considered investment advice alt HD: Some respite for Polkadot on the price charts, can buyers follow through in the coming weeks? The development activity of Polkadot has steadily risen in the months of April and May, even as [\u2026]", "source_name": "AMBCrypto", "date": "Fri, 20 May 2022 17:30:38 -0400", "topics": [], "sentiment": "Positive", "type": "Article", "tickers": ["DOT"]}, {"news_url": "https://cointelegraph.com/news/20-drop-in-the-s-p-500-puts-stocks-in-a-bear-market-bitcoin-and-altcoins-follow", "image_url": "https://crypto.snapi.dev/images/v1/a/3/840-ahr0chm6ly9zmy5jb2ludgvszwdyyxbolmnvbs91cgxvywrzlziwmjitmduvmwu2mzbhnjgtzmu1ni00zdflltg3nmetote5mgzimgrinzeylmpwzw-143499.jpg", "title": "20% drop in the S&P 500 puts stocks in a bear market, Bitcoin and altcoins follow", "text": "Recession fears mount as a 20% decline in the S&P 500 places stock in a bear market, increasing the chance that BTC and altcoins will make new lows.", "source_name": "Cointelegraph", "date": "Fri, 20 May 2022 17:30:00 -0400", "topics": [], "sentiment": "Negative", "type": "Article", "tickers": ["BTC"]}, {"news_url": "https://bitcoinmagazine.com/markets/state-of-the-bitcoin-derivative-market", "image_url": "https://crypto.snapi.dev/images/v1/e/r/btc-faces-two-massivejpgw1024-143018-143498.jpg", "title": "State Of The Bitcoin Derivative Market", "text": "The bitcoin derivatives landscape plays a major role in the bitcoin price in the short term. We have yet to see signs of a bitcoin macro bottom.", "source_name": "Bitcoin Magazine", "date": "Fri, 20 May 2022 17:30:00 -0400", "topics": [], "sentiment": "Neutral", "type": "Article", "tickers": ["BTC"]}, {"news_url": "https://decrypt.co/101029/house-bill-protect-bitcoin-retirement-accounts", "image_url": "https://crypto.snapi.dev/images/v1/g/i/bitcoin-ira-crypto-retirement-accounts-gid-1-143497.jpg", "title": "House Bill Aims to Protect Bitcoin Retirement Accounts From Federal Ban", "text": "The new bill would block any attempts by the Department of Labor to restrict access to Bitcoin in 401(k) plans.", "source_name": "Decrypt", "date": "Fri, 20 May 2022 17:23:54 -0400", "topics": [], "sentiment": "Neutral", "type": "Article", "tickers": ["BTC"]}, {"news_url": "https://www.cryptopolitan.com/ripple-price-analysis-2022-05-20/", "image_url": "https://crypto.snapi.dev/images/v1/k/q/ripple-price-analysis-2022-03-11-3-1-143490.png", "title": "Ripple price analysis: XRP/USD\u00a0stays under pressure as bears bring $0.40 into the picture", "text": "Ripple price analysis is bearish today as the XRP/USD pair is pressured below $0.410. The key support area is $0.3850, while the closest resistance is $0.5.", "source_name": "Cryptopolitan", "date": "Fri, 20 May 2022 17:14:56 -0400", "topics": ["tanalysis"], "sentiment": "Negative", "type": "Article", "tickers": ["XRP"]}, {"news_url": "https://www.theblockcrypto.com/linked/148131/bitcoin-mining-stock-report-friday-may-20", "image_url": "https://crypto.snapi.dev/images/v1/h/8/dmitry-demidko-og3a-ilg8ay-unsplash-143089-143488.jpg", "title": "Bitcoin mining stock report: Friday, May 20", "text": "Here's how crypto mining companies performed on Friday, May 20. The post Bitcoin mining stock report: Friday, May 20 appeared first on The Block.", "source_name": "The Block", "date": "Fri, 20 May 2022 17:09:55 -0400", "topics": ["mining"], "sentiment": "Neutral", "type": "Article", "tickers": ["BTC"]}, {"news_url": "https://investorplace.com/2022/05/5-recession-proof-cryptos-to-buy-right-now/", "image_url": "https://crypto.snapi.dev/images/v1/b/i/bitcoin-on-chain-143173-143487.png", "title": "5 Recession-Proof Cryptos to Buy Right Now", "text": "Investors are after recession-proof cryptos to buy, hoping they can weather whatever volatility that may be brewing.", "source_name": "Investorplace", "date": "Fri, 20 May 2022 16:55:28 -0400", "topics": [], "sentiment": "Positive", "type": "Article", "tickers": ["BNB", "BTC", "ETH", "USDC", "ZEC"]}, {"news_url": "https://u.today/bitcoin-and-ethereum-now-accepted-by-canadian-search-and-rescue-organization?SNAPI", "image_url": "https://crypto.snapi.dev/images/v1/g/x/bitcoin-143137-143485.jpeg", "title": "Bitcoin and Ethereum Now Accepted by Canadian Search and Rescue Organization", "text": "The BCSARA has started accepting donations in Bitcoin and Ethereum", "source_name": "UToday", "date": "Fri, 20 May 2022 16:46:00 -0400", "topics": [], "sentiment": "Neutral", "type": "Article", "tickers": ["BTC", "ETH"]}, {"news_url": "https://investorplace.com/2022/05/solana-vs-cardano-who-will-survive-the-bear/", "image_url": "https://crypto.snapi.dev/images/v1/r/p/crypto11-143483.jpg", "title": "Solana vs. Cardano: Who Will Survive the Bear?", "text": "In this brutal market, will Solana and Cardano survive to fight another day \u2013 and keep building towards their long-term potential? Let's take a look.", "source_name": "Investorplace", "date": "Fri, 20 May 2022 16:35:53 -0400", "topics": [], "sentiment": "Positive", "type": "Article", "tickers": ["ADA", "SOL"]}, {"news_url": "https://bitcoinmagazine.com/culture/el-salvador-brought-44-countries-to-bitcoin", "image_url": "https://crypto.snapi.dev/images/v1/d/4/ftj3tpdwub06rxe-143480.jpg", "title": "How El Salvador Introduced 44 Countries To Bitcoin This Week", "text": "El Salvador hosted a financial inclusion event this week bringing representatives from 44 countries to experience using BTC at Bitcoin Beach.", "source_name": "Bitcoin Magazine", "date": "Fri, 20 May 2022 16:18:30 -0400", "topics": [], "sentiment": "Neutral", "type": "Article", "tickers": ["BTC"]}, {"news_url": "https://dailyhodl.com/2022/05/20/top-crypto-analyst-says-historically-accurate-metric-signals-bitcoin-btc-bottom-could-be-near/", "image_url": "https://crypto.snapi.dev/images/v1/r/v/accurate-metric-signals-bitcoinjpgw1024-143472.jpg", "title": "Top Crypto Analyst Says Historically Accurate Metric Signals Bitcoin (BTC) Bottom Could Be Near", "text": "A widely followed crypto strategist is looking at one crucial metric with a history of accurately calling Bitcoin (BTC) bottoms. Pseudonymous trader Rekt Capital tells his 303,000 Twitter followers that BTC's Relative Strength Index (RSI) is reaching a level that historically signals a bounce could be on the horizon for the top crypto asset by [\u2026] The post Top Crypto Analyst Says Historically Accurate Metric Signals Bitcoin (BTC) Bottom Could Be Near appeared first on The Daily Hodl.", "source_name": "The Daily Hodl", "date": "Fri, 20 May 2022 16:00:09 -0400", "topics": [], "sentiment": "Neutral", "type": "Article", "tickers": ["BTC"]}, {"news_url": "https://bitcoinmagazine.com/markets/only-bitcoin-gets-its-value-organically", "image_url": "https://crypto.snapi.dev/images/v1/k/g/img-6563-143473.png", "title": "Like Ruble, Like Shitcoin \u2014 Only Bitcoin Gets Its Value Organically", "text": "On examination, fiat and shitcoins share the same trick of getting people to give up real value for promises.", "source_name": "Bitcoin Magazine", "date": "Fri, 20 May 2022 16:00:00 -0400", "topics": [], "sentiment": "Neutral", "type": "Article", "tickers": ["BTC"]}], "total_pages": 44}