{"data": [{"news_url": "https://cryptonews.com/news/brazils-biggest-neobank-makes-bitcoin-investment-will-let-customers-buy-btc-ethereum.htm", "image_url": "https://crypto.snapi.dev/images/v1/a/p/adobestock-ascannio-1-1-139832.jpg", "title": "Brazil's Biggest Neobank Makes Bitcoin Investment & Will Let Customers Buy BTC, Ethereum", "text": "Nubank, Brazil's largest digital bank, is set to invest 1% of its portfolio in bitcoin (BTC), and will begin rolling out functions that allow its app users to buy, sell, and hold BTC and ethereum (ETH).", "source_name": "Cryptonews", "date": "Thu, 12 May 2022 06:48:00 -0400", "topics": [], "sentiment": "Neutral", "type": "Article", "tickers": ["BTC", "ETH"]}, {"news_url": "https://u.today/bitcoin-realized-loss-hits-historic-values-following-40-drop-to-26000?SNAPI", "image_url": "https://crypto.snapi.dev/images/v1/i/d/14791-139830.jpg", "title": "Bitcoin Realized Loss Hits Historic Values Following 40% Drop to $26,000", "text": "Bitcoin hits a record, but not the most pleasant one", "source_name": "UToday", "date": "Thu, 12 May 2022 06:45:00 -0400", "topics": [], "sentiment": "Negative", "type": "Article", "tickers": ["BTC"]}, {"news_url": "https://www.fool.com/investing/2022/05/12/how-solana-pay-is-pressuring-visa-and-mastercard/", "image_url": "https://crypto.snapi.dev/images/v1/s/o/sol-still-onejpgw1024-139107-139836.jpg", "title": "How Solana Pay Is Pressuring Visa and Mastercard", "text": "Credit card companies' focus on increasing profits may actually lead to more disruption and competition long term.", "source_name": "The Motley Fool", "date": "Thu, 12 May 2022 06:45:00 -0400", "topics": [], "sentiment": "Neutral", "type": "Article", "tickers": ["SOL"]}, {"news_url": "https://www.cryptopolitan.com/stocks-of-major-bitcoin-mining-firms-tank/", "image_url": "https://crypto.snapi.dev/images/v1/i/s/image0-85-139826.jpeg", "title": "Stocks of major Bitcoin mining firms tank as market downturn worsens", "text": "Following the mayhem in the cryptocurrency market recently, the shares of the five largest publicly-traded Bitcoin mining companies have dropped by more than 50 percent year-to-date, according to a market report shared by Arcane Research analyst Jaran Mellerud.\u00a0 Stocks of Bitcoin mining firms halved The stock price of the Bitcoin mining companies \u2013 Core Scientific,.", "source_name": "Cryptopolitan", "date": "Thu, 12 May 2022 06:44:22 -0400", "topics": ["mining"], "sentiment": "Negative", "type": "Article", "tickers": ["BTC"]}, {"news_url": "https://coinidol.com/bitcoin-28000-support/", "image_url": "https://crypto.snapi.dev/images/v1/b/5/2d111b482ff7d86e9f066f2aec908d9f-139829.jpg", "title": "Bitcoin Holds above $28,000 Support as Bulls Have Temporary Bearish Break", "text": "The price of Bitcoin (BTC) has continued its downward trend after the largest cryptocurrency lost the psychological price level of $30,000 on May 9. After 48 hours, Bitcoin failed to hold above the $30,000 support while the market fell back to the low of $26,854.", "source_name": "Coin Idol", "date": "Thu, 12 May 2022 06:38:00 -0400", "topics": [], "sentiment": "Neutral", "type": "Article", "tickers": ["BTC"]}, {"news_url": "https://u.today/xrp-declines-to-037-as-whales-move-4403-million-tokens?SNAPI", "image_url": "https://crypto.snapi.dev/images/v1/a/y/14792-139822.jpg", "title": "XRP Declines to $0.37 as Whales Move 440.3 Million Tokens", "text": "Whales have wired close to 450 million XRP between exchanges, while the coin's price lost 29.5% within 24 hours", "source_name": "UToday", "date": "Thu, 12 May 2022 06:33:00 -0400", "topics": ["whales"], "sentiment": "Neutral", "type": "Article", "tickers": ["XRP"]}, {"news_url": "https://ambcrypto.com/ftx-token-polkadot-stellar-lumens-price-analysis-12-may/", "image_url": "https://crypto.snapi.dev/images/v1/l/u/pa-1-cover-7-e1652339541364-139817.jpg", "title": "FTX Token, Polkadot, Stellar Lumens Price Analysis: 12 May", "text": "The bloodbath continued on the charts as the altcoin market continued to plunge further south. FTX Token attempted to climb past the $30 mark but was unable to stay above this level.", "source_name": "AMBCrypto", "date": "Thu, 12 May 2022 06:30:22 -0400", "topics": ["tanalysis"], "sentiment": "Positive", "type": "Article", "tickers": ["DOT", "FTT", "XLM"]}, {"news_url": "https://coinpedia.org/news/decision-by-fasb-towards-crypto-will-be-a-breakthrough-in-the-future/", "image_url": "https://crypto.snapi.dev/images/v1/y/3/crypto4-139816.jpg", "title": "This Decision By FASB Towards Crypto Will Be A Breakthrough In The Future! How Will BTC Price React Now?", "text": "Bitcoin's price has collapsed to its lowest in 16 months today amidst the huge sell-off of the digital assets in the crypto market. Other major cryptocurrencies that saw a downfall alongside these risk assets are tech stocks. At the moment the world's largest cryptocurrency by market capitalization has dropped by 14% over the last 24hrs \u2026", "source_name": "CoinPedia", "date": "Thu, 12 May 2022 06:28:50 -0400", "topics": [], "sentiment": "Positive", "type": "Article", "tickers": ["BTC"]}, {"news_url": "https://u.today/ripple-expands-in-latin-america-on-new-deal-with-ripple-partner-bexs?SNAPI", "image_url": "https://crypto.snapi.dev/images/v1/1/y/14790-139814.jpg", "title": "Ripple Expands in Latin America on New Deal with Ripple Partner Bexs", "text": "Subject to regulatory approval, the deal includes Bexs Banco (foreign exchange) and Bexs Pay (payments)", "source_name": "UToday", "date": "Thu, 12 May 2022 06:23:00 -0400", "topics": [], "sentiment": "Positive", "type": "Article", "tickers": ["XRP"]}, {"news_url": "https://www.cryptoglobe.com/latest/2022/05/bitcoin-bounces-back-after-falling-below-26k/", "image_url": "https://crypto.snapi.dev/images/v1/9/m/bitcoin-trading-139812.jpg", "title": "Bitcoin Bounces Back After Falling Below $26K", "text": "In the early hours of Thursday (UTC time), Bitcoin fell below $26,000, partly due to fiat-backed stablecoin Tether ($USDT) temporarily losing its peg. However, currently, $USDT is looking healthier and so does Bitcoin. According to data by TradingView, on crypto exchange Bitstamp, the Bitcoin price fell to around $25,499 \u2014 which is the lowest it [\u2026]", "source_name": "CryptoGlobe", "date": "Thu, 12 May 2022 06:20:59 -0400", "topics": [], "sentiment": "Positive", "type": "Article", "tickers": ["BTC"]}, {"news_url": "https://crypto.news/mobile-alabama-city-bitcoin-mining-project/", "image_url": "https://crypto.snapi.dev/images/v1/u/7/crypto-mining-139803.jpg", "title": "Mobile to Be the First Alabama City to Approve a Bitcoin Mining Project", "text": "Global blockchain technology company Distributed Ledger Inc. and GulfQuest Maritime Museum have joined forces to develop a sustainable bitcoin mining project that has recently been approved by the City of Mobile, Alabama. Joint Efforts to Boost Bitcoin Adoption According to\u2026", "source_name": "Crypto news", "date": "Thu, 12 May 2022 06:00:00 -0400", "topics": ["mining"], "sentiment": "Neutral", "type": "Article", "tickers": ["BTC"]}, {"news_url": "https://www.fool.com/investing/2022/05/12/is-ethereum-already-doomed/", "image_url": "https://crypto.snapi.dev/images/v1/e/t/ethereum-price-analysis-2022-05-08-138077-139071-139808.png", "title": "Is Ethereum Already Doomed?", "text": "There are several risks to the Ethereum ecosystem right now.", "source_name": "The Motley Fool", "date": "Thu, 12 May 2022 06:00:00 -0400", "topics": [], "sentiment": "Negative", "type": "Article", "tickers": ["ETH"]}, {"news_url": "https://cryptopotato.com/germany-no-taxes-for-selling-btc-and-eth-if-held-for-over-a-year/", "image_url": "https://crypto.snapi.dev/images/v1/t/q/germany-min-139801.jpg", "title": "Germany: No Taxes for Selling BTC and ETH if Held for Over a Year", "text": "Germany's Finance Ministry said private individuals won't have to pay taxes when selling BTC or ETH if they have held the assets for more than a year.", "source_name": "CryptoPotato", "date": "Thu, 12 May 2022 05:58:55 -0400", "topics": ["taxes"], "sentiment": "Positive", "type": "Article", "tickers": ["BTC", "ETH"]}, {"news_url": "https://www.theblockcrypto.com/post/146513/bitcoin-price-markets-negative-crypto-terra-ethereum-solana-blockchain", "image_url": "https://crypto.snapi.dev/images/v1/m/t/20210402-bitcoin-generic-1-800x450-139797.jpg", "title": "Bitcoin tumbles below $30,000 as negative sentiment spreads in wake of UST de-peg", "text": "Bitcoin (BTC) is trading below $30,000 on Thursday amid a broader market downturn that's been led by the troubled Terra ecosystem. The post Bitcoin tumbles below $30,000 as negative sentiment spreads in wake of UST de-peg appeared first on The Block.", "source_name": "The Block", "date": "Thu, 12 May 2022 05:52:51 -0400", "topics": [], "sentiment": "Negative", "type": "Article", "tickers": ["BTC", "UST"]}, {"news_url": "https://thecurrencyanalytics.com/bitcoin/bitcoin-btc-plunging-and-market-trending-towards-blood-bath-41306.php", "image_url": "https://crypto.snapi.dev/images/v1/e/u/bitcoin-btc-plunging-and-market-trending-towards-blood-bath-139794.jpg", "title": "Bitcoin (BTC) Plunging and Market Trending Towards Blood Bath", "text": "Catch up on the latest crypto market news at The Currency Analytics. Bitcoin trending at its lowest level since December 2020.", "source_name": "The Currency Analytics", "date": "Thu, 12 May 2022 05:49:04 -0400", "topics": [], "sentiment": "Negative", "type": "Article", "tickers": ["BTC"]}, {"news_url": "https://blockchain.news/analysis/bitcoin-hits-a-16-month-low-of-26k-as-effects-of-the-terra-crash-spill-over", "image_url": "https://crypto.snapi.dev/images/v1/8/q/4d5f819e18e47c537ec1d2dc51c2d1ed69ef98126ce297714511cf9c3ffe1b76-139793.jpg", "title": "Bitcoin Hits a 16-Month Low of $26K as Effects of the Terra Crash Spill Over", "text": "Bitcoin nosedived to lows of $26,595, a scenario not seen since Dec 30, 2020, when the leading cryptocurrency dropped below the $27,000 zone.", "source_name": "Blockchain News", "date": "Thu, 12 May 2022 05:45:49 -0400", "topics": [], "sentiment": "Negative", "type": "Article", "tickers": ["BTC"]}, {"news_url": "https://bitcoinist.com/bitcoin-drops-to-26k/", "image_url": "https://crypto.snapi.dev/images/v1/9/l/bitcoin-3-640x360-139786.jpeg", "title": "Bitcoin Drops To $26K As Crypto Sell-Off Continues \u2013 Will The Slide Approach $25K?", "text": "Bitcoin has been losing value for months because of, among other market variables, limited liquidity circumstances and targeted dumping of high beta technology equities. Since the 2008 global financial crisis, low interest rates have caused broad market valuations to reach extraordinary levels.", "source_name": "Bitcoinist", "date": "Thu, 12 May 2022 05:40:25 -0400", "topics": [], "sentiment": "Negative", "type": "Article", "tickers": ["BTC"]}, {"news_url": "https://u.today/ethereum-gas-costs-are-spiking-as-lending-platforms-report-increased-gas-consumption?SNAPI", "image_url": "https://crypto.snapi.dev/images/v1/s/q/14787-139778.jpg", "title": "Ethereum Gas Costs Are Spiking as Lending Platforms Report Increased Gas Consumption", "text": "Ethereum reports increased network usage as market remains in panic", "source_name": "UToday", "date": "Thu, 12 May 2022 05:32:00 -0400", "topics": [], "sentiment": "Neutral", "type": "Article", "tickers": ["ETH"]}, {"news_url": "https://ambcrypto.com/bitcoin-crypto-market-bloodbath-ranges-on-as-btc-touches-26k-range/", "image_url": "https://crypto.snapi.dev/images/v1/h/h/kanchanara-01urdtbsmb8-unsplash-e1652253283163-139776.jpg", "title": "Bitcoin: Crypto market bloodbath ranges on as BTC touches $26k range", "text": "As Bitcoin to a new low, other cryptos also plunged likewise including Ethereum, Solana, and Ripple. The market cap of the crypto industry even fell to $1.37 trillion representing the plight of investors.", "source_name": "AMBCrypto", "date": "Thu, 12 May 2022 05:30:33 -0400", "topics": [], "sentiment": "Negative", "type": "Article", "tickers": ["BTC"]}, {"news_url": "https://beincrypto.com/shiba-inu-second-cryptocurrency-top-100-ethereum-wallets/", "image_url": "https://crypto.snapi.dev/images/v1/o/h/shiba-inu-139788.png", "title": "Shiba Inu Becomes Second-Most Held Cryptocurrency by Top-100 Ethereum Wallets", "text": "Shiba Inu (SHIB) has surpassed FTX Token (FTT) as the second-most held cryptocurrency after Ethereum (ETH) by the top-100 Ethereum wallet addresses.\u00a0 The post Shiba Inu Becomes Second-Most Held Cryptocurrency by Top-100 Ethereum Wallets appeared first on BeInCrypto.", "source_name": "BeInCrypto", "date": "Thu, 12 May 2022 05:30:00 -0400", "topics": [], "sentiment": "Neutral", "type": "Article", "tickers": ["ETH", "SHIB"]}, {"news_url": "https://coinpedia.org/bitcoin/top-reasons-why-bitcoin-btc-price-crashed-to-26k/", "image_url": "https://crypto.snapi.dev/images/v1/r/j/crypto2-139771.jpg", "title": "Top Reasons Why Bitcoin (BTC) Price Crashed To $26K! What's Next?", "text": "The cryptocurrency market's fate doesn't look to settle anytime soon as the bears are all geared up, dragging the global market down by 19.38% over the past day trading at $1.14 trillion and leaving the market to bleed.\u00a0 This movement has bought the flagship currency below $27,000, one that was never seen in 16 months. \u2026", "source_name": "CoinPedia", "date": "Thu, 12 May 2022 05:22:53 -0400", "topics": [], "sentiment": "Negative", "type": "Article", "tickers": ["BTC"]}, {"news_url": "https://u.today/tether-usdt-to-enlist-third-party-help-to-transition-from-trc20-to-ethereum-and-avalanche?SNAPI", "image_url": "https://crypto.snapi.dev/images/v1/f/e/14786-139769.jpg", "title": "Tether (USDT) to Enlist Third-Party Help to Transition from TRC20 to Ethereum and Avalanche", "text": "Tether (USDT) to engage third-party in chain swap from TRC20 to Ethereum and Avalanche", "source_name": "UToday", "date": "Thu, 12 May 2022 05:21:00 -0400", "topics": ["stablecoins"], "sentiment": "Neutral", "type": "Article", "tickers": ["AVAX", "ETH", "USDT"]}, {"news_url": "https://cointelegraph.com/news/bitcoin-kisses-24k-realized-price-after-2nd-highest-realized-losses-in-history", "image_url": "https://crypto.snapi.dev/images/v1/h/c/840-ahr0chm6ly9zmy5jb2ludgvszwdyyxbolmnvbs91cgxvywrzlziwmjitmduvmge4ytjmmtytymy5zs00y2e0ltlhnwmtmmvlnjkwoti1n2vhlmpwzw-139770.jpg", "title": "Bitcoin 'kisses' $24K realized price after 2nd highest seller losses in history", "text": "The classic bottom zone reappears on the back of serious sell pressure stoked by mayhem on stablecoin markets.", "source_name": "Cointelegraph", "date": "Thu, 12 May 2022 05:20:02 -0400", "topics": [], "sentiment": "Negative", "type": "Article", "tickers": ["BTC"]}, {"news_url": "https://thenewscrypto.com/bitcoin-trying-to-climbing-back-the-ladder-spikes-in-exchange-platforms/?SNAPI", "image_url": "https://crypto.snapi.dev/images/v1/h/v/111111-139753.jpg", "title": "Bitcoin Trying to Climbing Back the Ladder \u2013 Spikes in Exchange Platforms", "text": "Recovery status among the coins can be viewed in the market atmosphere. BTC attained a price value above $30,000 at", "source_name": "TheNewsCrypto", "date": "Thu, 12 May 2022 05:15:23 -0400", "topics": [], "sentiment": "Positive", "type": "Article", "tickers": ["BTC"]}, {"news_url": "https://cryptopotato.com/bitcoin-plummets-to-december-2020-lows-altcoins-see-30-50-daily-collapses-market-watch/", "image_url": "https://crypto.snapi.dev/images/v1/u/e/bearbtc-chart-139745.jpg", "title": "Bitcoin Plummets to December 2020 Lows, Altcoins See 30-50% Daily Collapses: Market Watch", "text": "The past 24 hours brought more pain to the crypto market, with bitcoin plummeting to new lows and the altcoins suffering even more.", "source_name": "CryptoPotato", "date": "Thu, 12 May 2022 04:52:37 -0400", "topics": [], "sentiment": "Negative", "type": "Article", "tickers": ["BTC"]}, {"news_url": "https://thecurrencyanalytics.com/altcoins/transaction-fee-was-down-on-the-ethereum-network-and-back-up-again-41302.php", "image_url": "https://crypto.snapi.dev/images/v1/f/2/transaction-fee-was-down-on-the-ethereum-network-and-back-up-again-139743.jpg", "title": "Transaction Fee Was Down on the Ethereum Network And Back Up Again", "text": "Catch up on the latest crypto market news at The Currency Analytics. On May 10, 2022, the transaction fee dropped.", "source_name": "The Currency Analytics", "date": "Thu, 12 May 2022 04:40:53 -0400", "topics": [], "sentiment": "Neutral", "type": "Article", "tickers": ["ETH"]}, {"news_url": "https://coinpedia.org/regulations/bitcoin-as-virtual-asset-in-china-protected-by-chinese-law%ef%bf%bc%ef%bf%bc%ef%bf%bc%ef%bf%bc%ef%bf%bc%ef%bf%bc/", "image_url": "https://crypto.snapi.dev/images/v1/z/r/crypto20-139742.jpg", "title": "Bitcoin as Virtual Asset in China: Protected by Chinese Law\ufffc\ufffc\ufffc\ufffc\ufffc\ufffc", "text": "China has recently banned financial institutions and payment companies from providing services to cryptocurrency transactions. Saying that financial institutions, including banks, and online payments channels, must not offer clients any service involving cryptocurrency activities.\u00a0 Crypto-related activities in China have now received little tolerance in the country. Cryptocurrency in China is protected by Chinese law which \u2026", "source_name": "CoinPedia", "date": "Thu, 12 May 2022 04:36:28 -0400", "topics": [], "sentiment": "Neutral", "type": "Article", "tickers": ["BTC"]}, {"news_url": "https://www.cryptopolitan.com/polkadot-price-analysis-2022-05-12/", "image_url": "https://crypto.snapi.dev/images/v1/2/g/dot-2-139739.jpg", "title": "Polkadot price analysis: DOT crashes down to the $7 range as the bearish wave continues", "text": "The latest Polkadot price analysis confirms a bearish trend for the day as the selling pressure has been continuously growing for today as well. For the past week, the market has been under the strong influence of sellers as the price levels have been sinking since then.", "source_name": "Cryptopolitan", "date": "Thu, 12 May 2022 04:31:08 -0400", "topics": ["tanalysis"], "sentiment": "Negative", "type": "Article", "tickers": ["DOT"]}, {"news_url": "https://ambcrypto.com/xrp-falls-to-a-13-month-low-as-it-loses-value-to-chainlink-heres-whats-next/", "image_url": "https://crypto.snapi.dev/images/v1/s/x/water-g34405cab4-1280-139740.jpg", "title": "XRP falls to a 13-month low as it loses value to Chainlink, here's what's next", "text": "While a few cryptocurrencies in the market are trying to recover from the losses, others are slipping quicker on the charts than sand seeps out of one's hand and XRP is, unfortunately, one of them. XRP takes a hit One of the topmost losers of the last 24 hours, XRP is down by 16.76% in [\u2026]", "source_name": "AMBCrypto", "date": "Thu, 12 May 2022 04:30:38 -0400", "topics": [], "sentiment": "Negative", "type": "Article", "tickers": ["LINK", "XRP"]}, {"news_url": "https://coinpedia.org/news/us-inflation-rate-bitcoin-price-is-expected-to-slide/", "image_url": "https://crypto.snapi.dev/images/v1/v/s/1-trillion-crypto-meltdownhuge-crash-wipes-out-the-price-of-bitcoin-ethereum-bnb-xrp-cardano-solana-terras-luna-and-avalanche-139696-139685-139734.jpg", "title": "With Increased US Inflation Rate, Bitcoin Price Is Expected To Slide Below $27k", "text": "Bitcoin price has extended its losses after the flagship currency dropped below $30,000 and this price action was seen for the first time since July 2021. The currency did recover a bit trying hard to hold on to $30,000. However, the world's first cryptocurrency tanked below $30,000 again just after the news spread that the \u2026", "source_name": "CoinPedia", "date": "Thu, 12 May 2022 04:20:51 -0400", "topics": [], "sentiment": "Negative", "type": "Article", "tickers": ["BTC"]}, {"news_url": "https://en.cryptonomist.ch/2022/05/12/bitcoin-price-new-12-month-low/", "image_url": "https://crypto.snapi.dev/images/v1/z/i/bitcoin-moved-exchangesjpgw1024-139185-139737.jpg", "title": "Bitcoin Price Makes New 12 Month Low", "text": "The Fear and Greed Index is 12 Extreme Fear and is equal to Wednesday's reading of 12 Extreme Fear.", "source_name": "The Cryptonomist", "date": "Thu, 12 May 2022 04:13:23 -0400", "topics": [], "sentiment": "Negative", "type": "Article", "tickers": ["BTC"]}, {"news_url": "https://cryptopotato.com/stock-prices-of-bitcoin-mining-companies-tumble-amid-broader-market-downturn/", "image_url": "https://crypto.snapi.dev/images/v1/i/w/wall-street-139724.jpg", "title": "Stock Prices of Bitcoin Mining Companies Tumble Amid Broader Market Downturn", "text": "As the entire crypto market is tumbling, the stock prices of some of the largest publicly-traded BTC mining companies are freefalling.", "source_name": "CryptoPotato", "date": "Thu, 12 May 2022 03:54:18 -0400", "topics": ["mining"], "sentiment": "Negative", "type": "Article", "tickers": ["BTC"]}, {"news_url": "https://thenewscrypto.com/shanghai-court-declared-bitcoin-as-legal-virtual-property/?SNAPI", "image_url": "https://crypto.snapi.dev/images/v1/z/y/shanghai-high-peoples-court-has-declared-bitcoin-is-a-legal-virtual-139722.jpg", "title": "Shanghai Court Declared Bitcoin As Legal Virtual Property", "text": "The property rights protection will apply to Bitcoin under Chinese law. In the previous 24 hours Bitcoin has dropped 13.48%.", "source_name": "TheNewsCrypto", "date": "Thu, 12 May 2022 03:47:46 -0400", "topics": [], "sentiment": "Neutral", "type": "Article", "tickers": ["BTC"]}, {"news_url": "https://beincrypto.com/bitcoin-ethereum-trading-green-light-brazils-largest-digital-bank/", "image_url": "https://crypto.snapi.dev/images/v1/x/n/brazil-crypto-139729.png", "title": "Bitcoin and Ethereum Trading Gets Green Light on Brazil's Largest Digital Bank", "text": "Brazil's largest digital bank will soon allow customers to buy Bitcoin and Ethereum. The neobank even hinted at adding more cryptocurrencies in the future.", "source_name": "BeInCrypto", "date": "Thu, 12 May 2022 03:45:00 -0400", "topics": [], "sentiment": "Positive", "type": "Article", "tickers": ["BTC", "ETH"]}, {"news_url": "https://coingape.com/?p=112279", "image_url": "https://crypto.snapi.dev/images/v1/z/q/bitcoin-4k-concepts-gold-coins-bitcoin-sign-e1647505245366-139720.jpg", "title": "Veteran Trader Peter Brandt Predicts Bitcoin Local Bottom", "text": "Bitcoin (BTC) price dropped below $27k today amid the market-wide pressure predominantly due to the latest\u00a0U.S. Consumer Price Index (CPI) data. Veteran trader Peter Brandt, who predicted the Bitcoin fall to $28k when the price was trading near $39k, has a new forecast.", "source_name": "Coingape", "date": "Thu, 12 May 2022 03:44:02 -0400", "topics": [], "sentiment": "Neutral", "type": "Article", "tickers": ["BTC"]}, {"news_url": "https://www.cnbc.com/2022/05/12/bitcoin-btc-price-falls-below-27000-as-crypto-sell-off-intensifies.html", "image_url": "https://crypto.snapi.dev/images/v1/w/o/104886289-gettyimages-873696054-139718.jpg", "title": "Bitcoin tumbles below $27,000 for first time since December 2020 as crypto sell-off intensifies", "text": "The price of bitcoin plunged as low as $26,595.52 Thursday morning, hitting its lowest level in over 16 months.", "source_name": "CNBC", "date": "Thu, 12 May 2022 03:24:28 -0400", "topics": [], "sentiment": "Negative", "type": "Article", "tickers": ["BTC"]}, {"news_url": "https://coinnounce.com/el-salvador-is-likely-to-default-on-debt-payments-as-bitcoin-bleeds/", "image_url": "https://crypto.snapi.dev/images/v1/r/r/s2rhvne5znfthijml6lpctqeqi-139714.jpeg", "title": "El Salvador is Likely to Default on Debt Payments as Bitcoin Bleeds", "text": "The experiment in El-Salvador to make bitcoin a legal tender encountered a hurdle. The price of the most popular cryptos globally has dropped more than 50% from all-time highs.", "source_name": "Coinnounce", "date": "Thu, 12 May 2022 03:21:46 -0400", "topics": [], "sentiment": "Neutral", "type": "Article", "tickers": ["BTC"]}, {"news_url": "https://tokenpost.com/Ether-and-Bitcoin-whale-transactions-spiked-on-Wednesday-suggesting-the-bottom-might-be-close-9611", "image_url": "https://crypto.snapi.dev/images/v1/a/r/2022051204464cad87683f6f8-139733.jpg", "title": "Ether and Bitcoin whale transactions spiked on Wednesday suggesting the bottom might be close", "text": "The recent crypto market downturn, which sent the prices of popular tokens such as Bitcoin (BTC) and Ether (ETH) plunging, has deterred some investors. However, whales remain unfazed by the market-wide losses and have been busy buying and selling Ether, driving high-value ETH transactions to levels not seen since January this year.", "source_name": "Tokenpost", "date": "Thu, 12 May 2022 03:19:56 -0400", "topics": ["whales"], "sentiment": "Positive", "type": "Article", "tickers": ["BTC", "ETH"]}, {"news_url": "https://cryptopotato.com/gemini-denies-100k-bitcoin-loan-rumors-to-blackrock-and-citadel/", "image_url": "https://crypto.snapi.dev/images/v1/t/6/winklevosstwins-min-1-139712.jpg", "title": "Gemini Denies 100k Bitcoin Loan Rumors to BlackRock and Citadel", "text": "The crypto exchange spearheaded by the Winklevoss twins denied rumors about its potential involvement in LUNA's price dump.", "source_name": "CryptoPotato", "date": "Thu, 12 May 2022 03:15:27 -0400", "topics": [], "sentiment": "Neutral", "type": "Article", "tickers": ["BTC"]}, {"news_url": "https://beincrypto.com/bitcoin-btc-falls-below-27000-to-reach-lowest-price-since-2020/", "image_url": "https://crypto.snapi.dev/images/v1/b/h/bic-on-chain-btc-bearjpgoptimal-139711.jpg", "title": "Bitcoin (BTC) Falls Below $27,000 to Reach Lowest Price Since 2020", "text": "Bitcoin (BTC) fell sharply this week to reach a low of $26,700. This is the lowest price that it's seen since December 2020.", "source_name": "BeInCrypto", "date": "Thu, 12 May 2022 03:10:00 -0400", "topics": [], "sentiment": "Negative", "type": "Article", "tickers": ["BTC"]}, {"news_url": "https://dailyhodl.com/2022/05/12/trader-who-accurately-called-bitcoin-collapse-below-30000-unveils-target-price-for-btc/", "image_url": "https://crypto.snapi.dev/images/v1/v/x/pressure-coming-for-bitcoin2jpgw1024-139709.jpg", "title": "Trader Who Accurately Called Bitcoin Collapse Below $30,000 Unveils Target Price for BTC Amid Crypto Free Fall", "text": "A crypto strategist and trader who has long predicted a massive Bitcoin crash below $30,000 is revealing how low he believes BTC will go. The pseudonymous crypto analyst Capo tells his 289,400 Twitter followers that Bitcoin's free fall is not over yet. He cites large whale transfers of BTC to crypto exchanges as the main [\u2026] The post Trader Who Accurately Called Bitcoin Collapse Below $30,000 Unveils Target Price for BTC Amid Crypto Free Fall appeared first on The Daily Hodl.", "source_name": "The Daily Hodl", "date": "Thu, 12 May 2022 03:04:48 -0400", "topics": [], "sentiment": "Negative", "type": "Article", "tickers": ["BTC"]}, {"news_url": "https://www.cryptopolitan.com/solana-price-analysis-2022-05-12/", "image_url": "https://crypto.snapi.dev/images/v1/l/s/solana-price-analysis-2-139706.png", "title": "Solana price analysis: Freefall continues as bulls are crushed under bearish pressure", "text": "TL;DR Breakdown Solana price analysis suggests further downwards movement SOL faces resistance at the $50.00 mark The closest support level lies at $20.00 The Solana price analysis shows that the bears have bled out more than 50 percent of the asset's price action and the sell-off shows no sign of stopping anytime soon.\u00a0 The broader.", "source_name": "Cryptopolitan", "date": "Thu, 12 May 2022 02:43:59 -0400", "topics": ["tanalysis"], "sentiment": "Negative", "type": "Article", "tickers": ["SOL"]}, {"news_url": "https://www.coinbureau.com/news/europes-largest-economy-announces-tax-break-for-bitcoin-and-ethereum/", "image_url": "https://crypto.snapi.dev/images/v1/v/d/shutterstock-758498425-139705.jpg", "title": "Europe's Largest Economy Announces Tax Break For Bitcoin and Ethereum", "text": "Germany has decided on a drastic tax break for crypto investors in new guidance posted by the country's federal finance ministry (BMF). The BMF released a document Wednesday morning regarding the treatment of income tax on cryptocurrencies and other blockchain-related tokens. The 24-page document covers a wide range of topics like the different types of [\u2026] The post Europe's Largest Economy Announces Tax Break For Bitcoin and Ethereum appeared first on Coin Bureau.", "source_name": "Coinbureau", "date": "Thu, 12 May 2022 02:43:28 -0400", "topics": ["taxes"], "sentiment": "Negative", "type": "Article", "tickers": ["BTC", "ETH"]}, {"news_url": "https://cryptopotato.com/btc-below-27k-eth-beneath-2k-over-1-2-billion-in-liquidations/", "image_url": "https://crypto.snapi.dev/images/v1/i/9/shipwreck-cover-1-139704.jpg", "title": "BTC Below $27K, ETH Beneath $2K: Over $1.2 Billion in Liquidations", "text": "The total value of liquidations skyrocketed to over $1 billion in the past 24 hours as the crypto market collapsed.", "source_name": "CryptoPotato", "date": "Thu, 12 May 2022 02:43:01 -0400", "topics": [], "sentiment": "Negative", "type": "Article", "tickers": ["BTC", "ETH"]}, {"news_url": "https://beincrypto.com/beincrypto-video-news-show-bitcoin-401k-retirement-accounts/", "image_url": "https://crypto.snapi.dev/images/v1/o/q/bic-video-news-bitcoin-401kjpgoptimal-139702.jpg", "title": "Be[In]Crypto Video News Show: Bitcoin 401k and Retirement Accounts", "text": "In this episode of Be[In]Crypto's Video News Show, host Juliet Lima goes into detail about using Bitcoin in retirement accounts. The post Be[In]Crypto Video News Show: Bitcoin 401k and Retirement Accounts appeared first on BeInCrypto.", "source_name": "BeInCrypto", "date": "Thu, 12 May 2022 02:40:00 -0400", "topics": [], "sentiment": "Neutral", "type": "Article", "tickers": ["BTC"]}, {"news_url": "https://cointelegraph.com/news/bitcoin-falls-below-27k-to-december-2020-lows-as-tether-stablecoin-peg-slips-under-99-cents", "image_url": "https://crypto.snapi.dev/images/v1/f/0/840-ahr0chm6ly9zmy5jb2ludgvszwdyyxbolmnvbs91cgxvywrzlziwmjitmduvmwnhmtuzmtgtnme1mc00nwy2lthhytktzjk1mmy4mjjlodu5lmpwzw-139701.jpg", "title": "Bitcoin falls below $27K to December 2020 lows as Tether stablecoin peg slips under 99 cents", "text": "USDT is the latest stablecoin causing nervousness as Tether insists that operations are continuing as normal.", "source_name": "Cointelegraph", "date": "Thu, 12 May 2022 02:35:01 -0400", "topics": ["stablecoins"], "sentiment": "Negative", "type": "Article", "tickers": ["BTC", "USDT"]}, {"news_url": "https://ambcrypto.com/bitcoin-how-are-investors-reacting-with-btc-breaching-30k-on-the-downside/", "image_url": "https://crypto.snapi.dev/images/v1/n/j/bitcoin-gb3387ee88-1280-139699.jpg", "title": "Bitcoin: How are investors reacting with BTC breaching $30k on the downside", "text": "Bitcoin, for the first time, did not lead the market into downfall as the reason behind cryptocurrencies' price crash was twofold. One was the rising fear surrounding the rising inflation and a potential recession, and the second was the fall of the biggest decentralized non-collateralized stablecoin TerraUSD (UST).", "source_name": "AMBCrypto", "date": "Thu, 12 May 2022 02:30:35 -0400", "topics": [], "sentiment": "Negative", "type": "Article", "tickers": ["BTC"]}, {"news_url": "https://coingape.com/?p=112276", "image_url": "https://crypto.snapi.dev/images/v1/w/d/crypto-bitcoin-139697.jpg", "title": "Bitcoin (BTC) Crashes Below $27K On These Three Factors", "text": "Bitcoin (BTC) broke below two key support levels on Thursday as a market rout intensified. While its latest crash was directly triggered by higher-than-expected U.S. inflation data, there were also other factors driving investors out of crypto.", "source_name": "Coingape", "date": "Thu, 12 May 2022 02:02:00 -0400", "topics": [], "sentiment": "Negative", "type": "Article", "tickers": ["BTC"]}, {"news_url": "https://www.forbes.com/sites/billybambrough/2022/05/12/1-trillion-crypto-meltdown-huge-crash-wipes-out-the-price-of-bitcoin-ethereum-bnb-xrp-cardano-solana-terras-luna-and-avalanche/", "image_url": "https://crypto.snapi.dev/images/v1/v/d/1-trillion-crypto-meltdownhuge-crash-wipes-out-the-price-of-bitcoin-ethereum-bnb-xrp-cardano-solana-terras-luna-and-avalanche-139696.jpg", "title": "$1 Trillion Crypto Meltdown\u2014Huge Crash Wipes Out The Price Of Bitcoin, Ethereum, BNB, XRP, Cardano, Solana, Terra's Luna And Avalanche", "text": "Bitcoin and cryptocurrencies have crashed further overnight, dropping to levels not seen since the crypto market began surging in late 2020...", "source_name": "Forbes", "date": "Thu, 12 May 2022 01:50:19 -0400", "topics": [], "sentiment": "Negative", "type": "Article", "tickers": ["ADA", "AVAX", "BNB", "BTC", "ETH", "LUNA", "SOL", "XRP"]}, {"news_url": "https://news.bitcoin.com/masterminds-behind-south-african-bitcoin-ponzi-scheme-told-to-pay-back-over-291-million/", "image_url": "https://crypto.snapi.dev/images/v1/o/w/shutterstock-2050690283-139694.jpg", "title": "Masterminds Behind South African Bitcoin Ponzi Scheme Told to Pay Back Over $291 Million", "text": "Masterminds of one of South Africa's biggest bitcoin Ponzi schemes, Mirror Trading International (MTI), have been asked by the scheme's liquidators to pay back over $291 million to cover the scam operation's debts. Liquidators' Influence Liquidators of the South African bitcoin Ponzi scheme, Mirror Trading International (MTI), have issued summonses against eighteen individuals believed to [\u2026]", "source_name": "Bitcoin", "date": "Thu, 12 May 2022 01:30:41 -0400", "topics": [], "sentiment": "Negative", "type": "Article", "tickers": ["BTC"]}, {"news_url": "https://www.crypto-reporter.com/newsfeed/eurotech-cyber-security-crypto-recovery-team-recovers-millions-of-dollars-from-a-online-forex-bitcoin-trading-scam-31022/", "image_url": "https://crypto.snapi.dev/images/v1/8/4/840-ahr0chm6ly9zmy5jb2ludgvszwdyyxbolmnvbs91cgxvywrzlziwmjitmduvyjllyjuwnwmtmtk1zi00nmfjlwe2yzgtmdkxn2mwzwi3ogjllmpwzw-139602-139760.jpg", "title": "Eurotech Cyber Security Crypto Recovery Team Recovers Millions of Dollars From a Online Forex Bitcoin Trading Scam", "text": "Devon, England, May 11, 2022 (GLOBE NEWSWIRE) -- Eurotech Cyber Security recently recovered 2.4 million in bitcoin from an online forex trading scam.Mr Alton had been contacted on social media. He was told just to start off with $5000. After download...", "source_name": "Crypto Reporter", "date": "Thu, 12 May 2022 01:28:37 -0400", "topics": [], "sentiment": "Positive", "type": "Article", "tickers": ["BTC"]}, {"news_url": "https://www.crypto-reporter.com/newsfeed/yieldstreets-crypto-wallet-helps-investors-store-and-convert-bitcoin-and-ethereum-30996/", "image_url": "https://crypto.snapi.dev/images/v1/b/i/bitcoin-fast-approaching-bearjpgw1024-139556-139759.jpg", "title": "Yieldstreet's Crypto Wallet Helps Investors Store and Convert Bitcoin and Ethereum", "text": "NEW YORK--(BUSINESS WIRE)--Yieldstreet, an alternative investment platform that has funded more than $3 billion in private market opportunities since inception, is launching a crypto wallet, a tool that allows investors to deposit Bitcoin and Ethereum ...", "source_name": "Crypto Reporter", "date": "Thu, 12 May 2022 01:27:38 -0400", "topics": [], "sentiment": "Positive", "type": "Article", "tickers": ["BTC", "ETH"]}, {"news_url": "https://u.today/veteran-trader-peter-brandt-predicts-local-bottom-for-bitcoin?SNAPI", "image_url": "https://crypto.snapi.dev/images/v1/h/8/2706-0-139690.jpg", "title": "Veteran Trader Peter Brandt Predicts Local Bottom for Bitcoin", "text": "Peter Brandt believes that Bitcoin is in the middle of a major capitulation phase", "source_name": "UToday", "date": "Thu, 12 May 2022 01:18:00 -0400", "topics": [], "sentiment": "Neutral", "type": "Article", "tickers": ["BTC"]}, {"news_url": "https://www.cryptopolitan.com/nubank-introduces-bitcoin-and-ether-trading/", "image_url": "https://crypto.snapi.dev/images/v1/w/v/btc-139688.png", "title": "Nubank, the leading digital bank in Brazil, introduces Bitcoin and Ether trading", "text": "Nubank, Brazil's leading digital bank by market cap, said on Wednesday that users would be able to trade bitcoin (BTC) and ether (ETH) on its network. To show its confidence in bitcoin, Nu Holdings, the parent company of Nubank, will invest in BTC.", "source_name": "Cryptopolitan", "date": "Thu, 12 May 2022 01:13:37 -0400", "topics": [], "sentiment": "Positive", "type": "Article", "tickers": ["BTC", "ETH"]}, {"news_url": "https://cointelegraph.com/news/doge-gets-more-love-on-twitter-and-ethereum-gets-more-hate-data-analysis", "image_url": "https://crypto.snapi.dev/images/v1/s/u/840-ahr0chm6ly9zmy5jb2ludgvszwdyyxbolmnvbs91cgxvywrzlziwmjitmduvnjizytuwyjityzhlnc00ywmwltkzymetmzmzm2e5mjviogiwlmpwzw-139689.jpg", "title": "Doge gets more love on Twitter and Ethereum gets more hate: Data analysis", "text": "Sentiment analysis run across a year's worth of tweets has found that Ethereum is Twitter's least favorite cryptocurrency of five studied, while Dogecoin received the most affection.", "source_name": "Cointelegraph", "date": "Thu, 12 May 2022 01:13:36 -0400", "topics": [], "sentiment": "Neutral", "type": "Article", "tickers": ["DOGE", "ETH"]}, {"news_url": "https://www.newsbtc.com/analysis/eth/ethereum-dives-15-pc/", "image_url": "https://crypto.snapi.dev/images/v1/r/v/depositphotos-183063862-s-2019-139687.jpg", "title": "TA: Ethereum Dives 15%, Why Close Below $2K Is The Key", "text": "Ethereum gained bearish momentum below $2,000 against the US Dollar. ETH even traded below $2,000 and remains at a risk of more losses.", "source_name": "NewsBTC", "date": "Thu, 12 May 2022 01:08:25 -0400", "topics": ["tanalysis"], "sentiment": "Negative", "type": "Article", "tickers": ["ETH"]}, {"news_url": "https://blockchain.news/news/the-city-of-mobile-in-alabama-state-launches-bitcoin-mining-project-a5239eec-0005-4188-bf6d-74d5383b585e", "image_url": "https://crypto.snapi.dev/images/v1/c/w/0dfad71b09fb68c26b3fa90fc31412618ed62898e53e30b50dd81867f811f955-139686.jpg", "title": "The City of Mobile in Alabama State Launches Bitcoin Mining Project", "text": "Mobile city in the US has established a partnership with Distributed Ledger, Inc. (DLI) to develop sustainable Bitcoin mining projects.", "source_name": "Blockchain News", "date": "Thu, 12 May 2022 00:45:52 -0400", "topics": ["mining"], "sentiment": "Positive", "type": "Article", "tickers": ["BTC"]}, {"news_url": "https://insidebitcoins.com/news/grayscale-meets-the-sec-to-discuss-spot-bitcoin-etf-approval", "image_url": "https://crypto.snapi.dev/images/v1/4/j/grayscale1-140241.jpg", "title": "Grayscale meets the SEC to discuss spot Bitcoin ETF approval", "text": "The United States Securities and Exchange Commission (SEC) has held a private meeting with Grayscale regarding the approval of a spot Bitcoin exchange-traded fund (ETF). [...]", "source_name": "Inside Bitcoins", "date": "Thu, 12 May 2022 00:39:27 -0400", "topics": ["regulations"], "sentiment": "Positive", "type": "Article", "tickers": ["BTC"]}, {"news_url": "https://www.cryptoglobe.com/latest/2022/05/bitcoin-spot-trading-into-usd-dropped-25-5-in-april-report/", "image_url": "https://crypto.snapi.dev/images/v1/8/7/1-trillion-crypto-meltdownhuge-crash-wipes-out-the-price-of-bitcoin-ethereum-bnb-xrp-cardano-solana-terras-luna-and-avalanche-139696-139685.jpg", "title": "Bitcoin Spot Trading Into USD Dropped 25.5% in April: Report", "text": "Bitcoin spot trading volume into the U.S. dollar decreased by 25.5% last month to 707,000 BTC, the lowest recorded figure for the fiat currency since August 2019. Meanwhile, USDT remained the stablecoin with the largest BTC volume in April, with 3.18 million BTC being traded. That's according to CryptoCompare's April 2022 Exchange Review, which also [\u2026]", "source_name": "CryptoGlobe", "date": "Thu, 12 May 2022 00:35:00 -0400", "topics": [], "sentiment": "Negative", "type": "Article", "tickers": ["BTC"]}, {"news_url": "https://cryptonews.com/news/bitcoin-below-usd-29k-ethereum-dives-more-luna-altcoins-crash.htm", "image_url": "https://crypto.snapi.dev/images/v1/w/r/best-cryptocurrencies-to-buy-now-139241-139682.jpg", "title": "Bitcoin Below USD 29K, Ethereum Dives More, LUNA, Altcoins Crash", "text": "Bitcoin price started another decline and traded below the key USD 30,000 support. BTC even broke the USD 28,500 support to move further into a bearish zone. It is currently (03:58 UTC) down 8% and is trading near USD 28,700. BTC is also down 28% in a week.", "source_name": "Cryptonews", "date": "Thu, 12 May 2022 00:08:00 -0400", "topics": [], "sentiment": "Negative", "type": "Article", "tickers": ["BTC", "ETH", "LUNA"]}, {"news_url": "https://www.newsbtc.com/analysis/btc/bitcoin-breaks-30k/", "image_url": "https://crypto.snapi.dev/images/v1/w/q/image-2022-05-10-150433020-138772-139078-139676.png", "title": "TA: Bitcoin Breaks $30K, Why This Could Turn Into Larger Downtrend", "text": "Bitcoin failed to recover above $32,000 against the US Dollar. BTC is gaining bearish momentum and trading below the key $30,000 support zone.", "source_name": "NewsBTC", "date": "Wed, 11 May 2022 23:28:08 -0400", "topics": ["tanalysis"], "sentiment": "Negative", "type": "Article", "tickers": ["BTC"]}, {"news_url": "https://cointelegraph.com/news/could-the-sec-case-against-ripple-falter-over-a-conflict-of-interest", "image_url": "https://crypto.snapi.dev/images/v1/x/4/840-ahr0chm6ly9zmy5jb2ludgvszwdyyxbolmnvbs91cgxvywrzlziwmjitmduvzdlmmwjhndetmjy1zc00odcxlthizgmtzjy2zmmynwu2mzvllmpwzw-139674.jpg", "title": "Could the SEC case against Ripple falter over a conflict of interest?", "text": "Newly discovered documents suggest a possible conflict of interest from a former SEC official when he made a speech about Ethereum which some claim could jeopardize the SEC's case against Ripple.", "source_name": "Cointelegraph", "date": "Wed, 11 May 2022 23:03:13 -0400", "topics": ["regulations"], "sentiment": "Negative", "type": "Article", "tickers": ["XRP"]}, {"news_url": "https://www.newsbtc.com/ape/terra-not-alone-in-crimson/", "image_url": "https://crypto.snapi.dev/images/v1/l/l/luna-139672.jpg", "title": "LUNA Not Alone In Crimson: APE, AVAX, SOL, SHIB All Lose 20% In Crypto Crash", "text": "The crypto market has deep-dived to 11% in just 24 hours. It's been in the hole or behind and most coins (led by LUNA) have been suffering major losses such as Avalanche, ApeCoin, Solana, and Shiba Inu, to name a few.", "source_name": "NewsBTC", "date": "Wed, 11 May 2022 22:47:03 -0400", "topics": [], "sentiment": "Negative", "type": "Article", "tickers": ["AVAX", "LUNA", "SHIB", "SOL", "APE"]}, {"news_url": "https://www.cryptoglobe.com/latest/2022/05/institutional-investors-are-betting-on-bitcoin-btc-and-solana-sol-amid-crypto-market-downtrend-data-shows/", "image_url": "https://crypto.snapi.dev/images/v1/n/7/man-in-business-suit-holding-bitcoin-139673.jpg", "title": "Institutional Investors Are Betting on Bitcoin ($BTC) and Solana ($SOL) Amid Crypto Market Downtrend, Data Shows", "text": "Institutional investors are betting on the flagship cryptocurrency Bitcoin ($BTC) and on Ethereum rival Solana ($SOL) amid a cryptocurrency market downturn marked by the collapse of Terra's $LUNA and its UST stablecoin. According to a new report from CoinShares, BTC investment products have seen $45 million in inflows over the last week, as assets under [\u2026]", "source_name": "CryptoGlobe", "date": "Wed, 11 May 2022 22:47:00 -0400", "topics": ["institutions"], "sentiment": "Positive", "type": "Article", "tickers": ["BTC", "SOL"]}, {"news_url": "https://cointelegraph.com/news/ethereum-whales-get-busy-as-transactions-hit-highest-point-since-january", "image_url": "https://crypto.snapi.dev/images/v1/w/j/840-ahr0chm6ly9zmy5jb2ludgvszwdyyxbolmnvbs91cgxvywrzlziwmjitmduvzgm0ntqwzjatmdkyns00yweylthhzwetmzk4yzvmyjewmtfhlmpwzw-139668.jpg", "title": "Ethereum whales get busy as transactions hit highest point since January", "text": "Ethereum whales have been transacting a huge volume of Ethereum, marking the highest one day whale activity since January.", "source_name": "Cointelegraph", "date": "Wed, 11 May 2022 22:03:02 -0400", "topics": ["whales"], "sentiment": "Neutral", "type": "Article", "tickers": ["ETH"]}, {"news_url": "https://bitcoinmagazine.com/culture/reminder-withdraw-your-bitcoin-off-exchanges", "image_url": "https://crypto.snapi.dev/images/v1/0/0/learning-from-the-fall-of-mt-gox-139666.png", "title": "Reminder: Withdraw Your Bitcoin Off Exchanges", "text": "Needless to say, as it stands today and has stood since the first bitcoin exchange was launched, your bitcoin is not safe on the exchanges.", "source_name": "Bitcoin Magazine", "date": "Wed, 11 May 2022 22:00:00 -0400", "topics": [], "sentiment": "Neutral", "type": "Article", "tickers": ["BTC"]}, {"news_url": "https://news.bitcoin.com/shanghai-high-court-declares-bitcoin-virtual-asset-with-economic-value-protected-by-chinese-law/", "image_url": "https://crypto.snapi.dev/images/v1/t/5/shanghai-court-139662.jpg", "title": "Shanghai High Court Declares Bitcoin Virtual Asset With Economic Value Protected by Chinese Law", "text": "The Shanghai High People's Court has declared bitcoin to be a virtual asset protected by Chinese law. The court notes that the cryptocurrency has economic value. Bitcoin Is Property Protected by Law in China The Shanghai High People's Court has declared that bitcoin qualifies as a virtual asset protected by Chinese law despite the ban [\u2026]", "source_name": "Bitcoin", "date": "Wed, 11 May 2022 21:30:14 -0400", "topics": [], "sentiment": "Neutral", "type": "Article", "tickers": ["BTC"]}, {"news_url": "https://www.newsbtc.com/news/bitcoin-remains-fragile-whats-the-next-major-support-area/", "image_url": "https://crypto.snapi.dev/images/v1/q/t/cdd20-2jsmuuttoyq-unsplash-scaled-139659.jpg", "title": "Bitcoin Remains Fragile, What's The Next Major Support Area?", "text": "Bitcoin has shed close to 20% of its market value over the last week. King coin underwent six consecutive weeks of bearish pressure.", "source_name": "NewsBTC", "date": "Wed, 11 May 2022 21:00:51 -0400", "topics": [], "sentiment": "Negative", "type": "Article", "tickers": ["BTC"]}, {"news_url": "https://cryptonews.com/news/27-must-know-facts-about-bitcoin-infographic.htm", "image_url": "https://crypto.snapi.dev/images/v1/c/r/27-bitcoin-facts-infographic-139661.png", "title": "27 Must-know Facts About Bitcoin (Infographic)", "text": "Disclaimer: The text below is an advertorial article that was not written by Cryptonews.com journalists.", "source_name": "Cryptonews", "date": "Wed, 11 May 2022 20:58:00 -0400", "topics": [], "sentiment": "Neutral", "type": "Article", "tickers": ["BTC"]}, {"news_url": "https://bitcoinist.com/bitcoin-mining-difficulty-hits-5-ath/", "image_url": "https://crypto.snapi.dev/images/v1/x/z/bitcoin-4-630x420-139658.jpg", "title": "As Bitcoin Mining Difficulty Hits 5% ATH, Majority Of Miners Shift To Ethereum", "text": "The mining difficulty for Bitcoin (BTC) has reached an all-time high, reducing the already diminishing profit margins of miners. The new development could be catastrophic for crypto miners.", "source_name": "Bitcoinist", "date": "Wed, 11 May 2022 20:50:09 -0400", "topics": ["mining"], "sentiment": "Positive", "type": "Article", "tickers": ["ETH"]}, {"news_url": "https://ambcrypto.com/bitcoin-price-prepares-for-a-sweep-of-29700-again-before/", "image_url": "https://crypto.snapi.dev/images/v1/s/k/andre-francois-mckenzie-jrjhtbj-pgu-unsplash-e1652284723700-139657.jpg", "title": "Bitcoin price prepares for a sweep of $29,700 again before\u2026", "text": "Bitcoin's price is hovering inside a range that indicates that some sort of stability is back in the markets. However, this might not be for long as BTC is looking to sweep the lows on a macro time frame and on a lower time frame.", "source_name": "AMBCrypto", "date": "Wed, 11 May 2022 20:30:25 -0400", "topics": [], "sentiment": "Negative", "type": "Article", "tickers": ["BTC"]}, {"news_url": "https://cointelegraph.com/news/not-bothered-miners-not-impacted-by-volatility-in-bitcoin-market", "image_url": "https://crypto.snapi.dev/images/v1/z/q/840-ahr0chm6ly9zmy5jb2ludgvszwdyyxbolmnvbs91cgxvywrzlziwmjitmduvyzbhnmvjzgetmtuzms00ntvmlwjimgqtzju5ngzknguymzk3lmpwzw-139656.jpg", "title": "Not bothered: Miners \u2018not impacted by volatility' in Bitcoin market", "text": "In the face of extreme fear in the Bitcoin market, miners are unfazed and may even welcome a downturn as it opens up the opportunity to gain more hash power.", "source_name": "Cointelegraph", "date": "Wed, 11 May 2022 20:21:38 -0400", "topics": ["mining"], "sentiment": "Neutral", "type": "Article", "tickers": ["BTC"]}, {"news_url": "https://bitcoinmagazine.com/culture/welcome-to-liberland-a-nation-created-by-bitcoin", "image_url": "https://crypto.snapi.dev/images/v1/f/x/newly-declared-european-microstate-liberland-plans-to-create-its-own-digital-currency-139655.jpg", "title": "Welcome To Liberland, A Nation Created By Bitcoin", "text": "Liberland is a sovereign nation that has represented a physical presence of Bitcoin adoption and usage since 2015.", "source_name": "Bitcoin Magazine", "date": "Wed, 11 May 2022 20:00:00 -0400", "topics": [], "sentiment": "Neutral", "type": "Article", "tickers": ["BTC"]}, {"news_url": "https://ambcrypto.com/xrp-whales-looking-for-their-final-destination-as-traders-go-haywire/", "image_url": "https://crypto.snapi.dev/images/v1/2/4/kayti-coonjohn-9e4fyw49veu-unsplash-2-e1652273806230-139649.jpg", "title": "XRP whales look for their final destination as traders go haywire", "text": "As the crypto market reels from the latest bear attack, how is one controversial top-ten coin dealing with more turmoil and conflict? XRP\u00a0did produce a green candle earlier but on 11 May, a red one was taking shape.", "source_name": "AMBCrypto", "date": "Wed, 11 May 2022 19:30:24 -0400", "topics": ["whales"], "sentiment": "Negative", "type": "Article", "tickers": ["XRP"]}, {"news_url": "https://bitcoinist.com/bitcoin-bleeds-for-sixth-consecutive-weeks/", "image_url": "https://crypto.snapi.dev/images/v1/p/d/bitcoin-2-640x386-139645.jpeg", "title": "Bitcoin Bleeds For Sixth Consecutive Weeks, Worst Stretch Since 2014", "text": "Leading cryptocurrency bitcoin has been taking a beating after beating in the market. What this has resulted in is a continuous red market for the cryptocurrency.", "source_name": "Bitcoinist", "date": "Wed, 11 May 2022 19:00:18 -0400", "topics": [], "sentiment": "Negative", "type": "Article", "tickers": ["BTC"]}, {"news_url": "https://www.newsbtc.com/news/bitcoin/bitcoin-funding-rates-remain-unmoved-despite-plunge-to-30000/", "image_url": "https://crypto.snapi.dev/images/v1/w/6/btc-1-139644.jpeg", "title": "Bitcoin Funding Rates Remain Unmoved Despite Plunge To $30,000", "text": "Bitcoin funding rates had taken a plunge at the beginning of May. While this had not been a pronounced bear trend at that point, the price of BTC was already showing some signs of weakness.", "source_name": "NewsBTC", "date": "Wed, 11 May 2022 19:00:13 -0400", "topics": [], "sentiment": "Negative", "type": "Article", "tickers": ["BTC"]}, {"news_url": "https://www.dailyfx.com/forex/fundamental/daily_briefing/daily_pieces/asia_am_briefing/2022/05/11/Bitcoin-Price-Forecast-BTCUSD-Faces-2021-Low-as-Risk-Assets-Plummet.html", "image_url": "https://crypto.snapi.dev/images/v1/3/g/el-salvador-bitcoin-1-300x200-139228-139647.jpg", "title": "Bitcoin Price Forecast: BTC/USD Faces 2021 Low as Risk Assets Plummet", "text": "Bitcoin prices are nearly 10% lower in early Asia-Pacific trade after US stocks sold off on a hotter-than-expected US consumer price index (CPI) print. Chinese credit data is in focus as investors ...", "source_name": "DailyFX", "date": "Wed, 11 May 2022 19:00:00 -0400", "topics": [], "sentiment": "Negative", "type": "Article", "tickers": ["BTC"]}, {"news_url": "https://www.cryptoglobe.com/latest/2022/05/top-ethereum-whales-hold-nearly-900-million-of-shiba-inu-shib/", "image_url": "https://crypto.snapi.dev/images/v1/h/3/bic-shiba-coinjpgoptimal-137057-139642.jpg", "title": "Top Ethereum Whales Hold Nearly $900 Million of Shiba Inu ($SHIB)", "text": "The top 1,000 Ethereum ($ETH) whales are currently holding nearly $900 million worth of the meme-inspired cryptocurrency Shiba Inu ($SHIB), making it their largest holding beyond Ethereum's native currency. According to data shared by whale monitoring service Whale Stats, the top 1,000 ETH whales are holding onto $989 million worth of SHIB, with FTX's $FTT [\u2026]", "source_name": "CryptoGlobe", "date": "Wed, 11 May 2022 18:50:00 -0400", "topics": ["whales"], "sentiment": "Neutral", "type": "Article", "tickers": ["SHIB", "ETH"]}, {"news_url": "https://decrypt.co/100136/bottom-in-for-bitcoin-sell-off-continue-analysts-say", "image_url": "https://crypto.snapi.dev/images/v1/b/i/bitcoin-trading-volume-gid-2-139643.jpeg", "title": "Is the Bottom In for Bitcoin? Market Sell Off Poised to Continue, Analysts Say", "text": "According to experts, Bitcoin may not be headed back into the green anytime soon.", "source_name": "Decrypt", "date": "Wed, 11 May 2022 18:49:50 -0400", "topics": [], "sentiment": "Negative", "type": "Article", "tickers": ["BTC"]}, {"news_url": "https://cryptopotato.com/grayscale-holds-private-meeting-with-sec-discussing-bitcoin-spot-etf-transition/", "image_url": "https://crypto.snapi.dev/images/v1/5/o/grayscalesec-139641.jpg", "title": "Grayscale Holds Private Meeting With SEC Discussing Bitcoin Spot ETF Transition", "text": "Grayscale reportedly gave a private presentation to the SEC arguing that spot ETFs are no riskier than futures ETFs.", "source_name": "CryptoPotato", "date": "Wed, 11 May 2022 18:43:24 -0400", "topics": ["regulations"], "sentiment": "Neutral", "type": "Article", "tickers": ["BTC"]}, {"news_url": "https://bitcoinmagazine.com/markets/bitcoin-plunges-to-lowest-level-since-january-2021", "image_url": "https://crypto.snapi.dev/images/v1/n/p/bitcoin-trading-volatility-139639.jpg", "title": "Bitcoin Plunges To Lowest Level Since January 2021", "text": "Bitcoin's price revisited early 2021 levels on Wednesday as the currency struggled to maintain the $30,000 zone.", "source_name": "Bitcoin Magazine", "date": "Wed, 11 May 2022 18:36:25 -0400", "topics": [], "sentiment": "Negative", "type": "Article", "tickers": ["BTC"]}, {"news_url": "https://investorplace.com/2022/05/the-3-best-coinbase-cryptos-to-buy-in-q2-for-quick-returns/", "image_url": "https://crypto.snapi.dev/images/v1/c/r/crypto10-139640.jpg", "title": "The 3 Best Coinbase Cryptos to Buy in Q2 for Quick Returns", "text": "Coinbase cryptos are a great place to seek returns in Q2. These 3 picks have plenty of upside based on current news.", "source_name": "Investorplace", "date": "Wed, 11 May 2022 18:30:53 -0400", "topics": [], "sentiment": "Positive", "type": "Article", "tickers": ["DOGE", "USDT", "XRP"]}, {"news_url": "https://bitcoinmagazine.com/culture/what-makes-bitcoin-different-from-crypto", "image_url": "https://crypto.snapi.dev/images/v1/e/k/why-is-bitcoin-the-most-valuable-cryptocurrency-139637.jpg", "title": "What Sets Bitcoin Apart From Other Cryptocurrencies", "text": "Bitcoin is in a league of its own compared to other cryptocurrencies and it's important to know the distinction to protect financial freedom.", "source_name": "Bitcoin Magazine", "date": "Wed, 11 May 2022 18:30:00 -0400", "topics": [], "sentiment": "Neutral", "type": "Article", "tickers": ["BTC"]}, {"news_url": "https://decrypt.co/100145/bitcoin-hits-lowest-price-since-2020-ethereum-nears-2000", "image_url": "https://crypto.snapi.dev/images/v1/9/w/bitcoin-and-ethereum-gid-5-139636.jpg", "title": "Bitcoin Hits Lowest Price Since 2020 as Ethereum Nears $2,000", "text": "Watch out below. Get out of the way of crypto's rapidly falling prices.", "source_name": "Decrypt", "date": "Wed, 11 May 2022 18:21:49 -0400", "topics": [], "sentiment": "Negative", "type": "Article", "tickers": ["BTC", "ETH"]}, {"news_url": "https://www.forbes.com/sites/cbovaird/2022/05/11/full-irrational-panicsolana-drops-to-lowest-since-august-amid-crypto-plunge/", "image_url": "https://crypto.snapi.dev/images/v1/3/q/full-irrational-panic-solana-drops-to-lowest-since-august-amid-crypto-plunge-139635.jpg", "title": "'Full Irrational Panic' - Solana Drops To Lowest Since August Amid Crypto Plunge", "text": "Solana prices have plunged lately, causing the digital currency to trade down more than 80% from its all-time high. What caused the latest declines? Market experts offer their input.", "source_name": "Forbes", "date": "Wed, 11 May 2022 18:20:54 -0400", "topics": [], "sentiment": "Negative", "type": "Article", "tickers": ["SOL"]}, {"news_url": "https://dailyhodl.com/2022/05/11/crypto-analyst-says-bitcoin-btc-bottom-in-sight-after-six-weeks-in-red-heres-his-target-price-and-date/", "image_url": "https://crypto.snapi.dev/images/v1/o/s/btc-six-red-weeksjpgw1024-139630.jpg", "title": "Crypto Analyst Says Bitcoin (BTC) Bottom in Sight After Six Weeks in Red \u2013 Here's His Target Price and Date", "text": "After six consecutive weeks in the red, a popular crypto strategist says that the end of Bitcoin's (BTC) correction is finally on the horizon. Pseudonymous crypto analyst Kaleo tells his 486,100 Twitter followers that he doesn't believe Bitcoin's downtrend will end at $30,000. \u201cSo what happens next? They're going to get you used to $30,000 [\u2026] The post Crypto Analyst Says Bitcoin (BTC) Bottom in Sight After Six Weeks in Red \u2013 Here's His Target Price and Date appeared first on The Daily Hodl.", "source_name": "The Daily Hodl", "date": "Wed, 11 May 2022 18:05:53 -0400", "topics": [], "sentiment": "Negative", "type": "Article", "tickers": ["BTC"]}, {"news_url": "https://bitcoinmagazine.com/culture/satoshi-nakamotos-bitcoin-state-of-mind", "image_url": "https://crypto.snapi.dev/images/v1/o/g/img-7087-139624.png", "title": "Satoshi Nakamoto's Bitcoin State Of Mind", "text": "Bitcoin fits into the framework of economic equality, which exposes Nakamoto's intentions to provide an opportunity to opt out of the financial system.", "source_name": "Bitcoin Magazine", "date": "Wed, 11 May 2022 17:30:00 -0400", "topics": [], "sentiment": "Neutral", "type": "Article", "tickers": ["BTC"]}, {"news_url": "https://cryptopotato.com/bitcoin-breaks-below-28-6k-recording-its-lowest-level-since-january-2021/", "image_url": "https://crypto.snapi.dev/images/v1/d/b/bitcoin-red-139623.jpg", "title": "Bitcoin Breaks Below $28.6K: Recording Its Lowest Level Since January 2021", "text": "Bitcoin and the rest of the crypto market have reached lows unseen since early 2021.\u00a0", "source_name": "CryptoPotato", "date": "Wed, 11 May 2022 17:27:30 -0400", "topics": [], "sentiment": "Negative", "type": "Article", "tickers": ["BTC"]}, {"news_url": "https://www.newsbtc.com/news/bitcoin/bitcoin-market-cap-falls-by-315-billion-as-crypto-adoption-in-2022-fails-to-materialize/", "image_url": "https://crypto.snapi.dev/images/v1/j/t/going-to-zeropanic-is-sweeping-crypto-markets-hitting-the-price-of-bitcoin-ethereum-bnb-xrp-cardano-solana-terras-luna-and-avalanche-139229-139615.jpg", "title": "Bitcoin Market Cap Falls By $315 Billion As Crypto Adoption In 2022 Fails To Materialize", "text": "Cryptocurrencies' values have been diving due to the current bloodbath in the crypto market. Likewise, the largest and most popular cryptocurrency, Bitcoin, also continues to lose its value.", "source_name": "NewsBTC", "date": "Wed, 11 May 2022 17:00:53 -0400", "topics": [], "sentiment": "Negative", "type": "Article", "tickers": ["BTC"]}, {"news_url": "https://www.theblockcrypto.com/linked/146433/bitcoin-mining-stock-report-wednesday-may-11", "image_url": "https://crypto.snapi.dev/images/v1/q/d/bitcoin-price-analysis-2022-05-10-138986-139154-139609.png", "title": "Bitcoin mining stock report: Wednesday, May 11", "text": "Here is a look at how publicly traded crypto mining companies faired in the markets on Wednesday, May 11. The post Bitcoin mining stock report: Wednesday, May 11 appeared first on The Block.", "source_name": "The Block", "date": "Wed, 11 May 2022 16:49:51 -0400", "topics": ["mining"], "sentiment": "Neutral", "type": "Article", "tickers": ["BTC"]}, {"news_url": "https://investorplace.com/2022/05/bitcoin-be-greedy-when-others-are-fearful/", "image_url": "https://crypto.snapi.dev/images/v1/k/c/bitcoin-correlation-with-the-sp-500-reaches-a-new-all-time-high-138942-139402-139610.jpg", "title": "Bitcoin: Be Greedy When Others Are Fearful", "text": "Bitcoin seems oversold with global liquidity tightening being the main concern. With recession fears, renewed expansionary policy likely.", "source_name": "Investorplace", "date": "Wed, 11 May 2022 16:49:34 -0400", "topics": [], "sentiment": "Positive", "type": "Article", "tickers": ["BTC"]}, {"news_url": "https://cryptobriefing.com/gemini-denies-bitcoin-loan-rumors/?utm_source=feed&utm_medium=rss", "image_url": "https://crypto.snapi.dev/images/v1/5/j/terraluna2-838x440-139621.png", "title": "Gemini Denies Bitcoin Loan Rumors", "text": "The crypto exchange said today that it did not lend 100,000 BTC to any counterparties.", "source_name": "Crypto Briefing", "date": "Wed, 11 May 2022 16:48:45 -0400", "topics": [], "sentiment": "Neutral", "type": "Article", "tickers": ["BTC"]}, {"news_url": "https://www.cryptopolitan.com/ripple-price-analysis-2022-05-11/", "image_url": "https://crypto.snapi.dev/images/v1/p/q/ripple-price-analysis-2022-04-30-135295-139605.png", "title": "Ripple price analysis: XRP decline deepens as price drops below $0.40 support", "text": "Ripple price analysis continues to show significantly bearish signs as the current trend falls more than 19 percent over the past 24 hours. XRP price has been in free fall since the current decline began on May 7, 2022.", "source_name": "Cryptopolitan", "date": "Wed, 11 May 2022 16:44:22 -0400", "topics": [], "sentiment": "Negative", "type": "Article", "tickers": ["XRP"]}, {"news_url": "https://cointelegraph.com/news/bitcoin-fights-to-hold-29k-as-fear-of-regulation-and-terra-s-ust-implosion-hit-crypto-hard", "image_url": "https://crypto.snapi.dev/images/v1/j/p/840-ahr0chm6ly9zmy5jb2ludgvszwdyyxbolmnvbs91cgxvywrzlziwmjitmduvyjllyjuwnwmtmtk1zi00nmfjlwe2yzgtmdkxn2mwzwi3ogjllmpwzw-139602.jpg", "title": "Bitcoin fights to hold $29K as fear of regulation and Terra's UST implosion hit crypto hard", "text": "Bitcoin leverage traders show little interest in going long even as BTC price flirts with new lows below $29,000.", "source_name": "Cointelegraph", "date": "Wed, 11 May 2022 16:27:06 -0400", "topics": ["regulations"], "sentiment": "Negative", "type": "Article", "tickers": ["BTC", "LUNA", "UST"]}, {"news_url": "https://cryptopotato.com/jack-henry-customers-now-have-bitcoin-access-following-a-partnership-with-nydig/", "image_url": "https://crypto.snapi.dev/images/v1/t/s/jack-henry-bitcoin-139597.jpg", "title": "Jack Henry Customers Now Have Bitcoin Access Following a Partnership With NYDIG", "text": "NYDIG continues with its impressive partnerships aiming to enhance bitcoin's adoption, with the latest being with Jack Henry & Associates.", "source_name": "CryptoPotato", "date": "Wed, 11 May 2022 16:21:07 -0400", "topics": [], "sentiment": "Positive", "type": "Article", "tickers": ["BTC"]}, {"news_url": "https://www.fool.com/investing/2022/05/11/why-ethereum-solana-and-cardano-all-plunged-today/", "image_url": "https://crypto.snapi.dev/images/v1/c/a/cardano-launches-testnetjpgw1024-138074-139598.jpg", "title": "Why Ethereum, Solana, and Cardano All Plunged Today", "text": "Crypto as a class is down big, and the popular utility tokens are being sold off in big numbers as well.", "source_name": "The Motley Fool", "date": "Wed, 11 May 2022 16:17:02 -0400", "topics": [], "sentiment": "Negative", "type": "Article", "tickers": ["ADA", "ETH", "SOL"]}, {"news_url": "https://www.theblockcrypto.com/linked/146405/bitcoin-mining-firm-hive-blockchain-announces-5-to-1-share-consolidation-plan", "image_url": "https://crypto.snapi.dev/images/v1/3/7/baec-bitcoin-1-300x200-139189-139594.jpg", "title": "Bitcoin mining firm Hive Blockchain announces 5-to-1 share consolidation plan", "text": "Bitcoin miner Hive Blockchain announced plans for a 5 to 1 share consolidation, in an effort to improve the company's stock profile. The post Bitcoin mining firm Hive Blockchain announces 5-to-1 share consolidation plan appeared first on The Block.", "source_name": "The Block", "date": "Wed, 11 May 2022 16:07:44 -0400", "topics": ["mining"], "sentiment": "Neutral", "type": "Article", "tickers": ["BTC"]}, {"news_url": "https://www.youtube.com/watch?v=i0i_QfileBI", "image_url": "https://crypto.snapi.dev/images/v1/j/u/image-2022-05-10-184744534-139062-139591.png", "title": "Stocks turn lower as investors digest inflation data, bitcoin falls below $30,000", "text": "#stocks #inflation #bitcoin #YahooFinance Yahoo Finance anchor Emily McCormick reports on how stocks are reacting to inflation data, as well as looking at the Nasdaq and bitcoin prices. Don't Miss: Valley of Hype: The Culture That Built Elizabeth Holmes WATCH HERE: https://youtu.be/Sb179GLPNYE Watch the 2021 Berkshire Hathaway Annual Shareholders Meeting on YouTube: https://youtu.be/gx-OzwHpM9k Subscribe to Yahoo Finance: https://yhoo.it/2fGu5Bb About Yahoo Finance: At Yahoo Finance, you get free stock quotes, up-to-date news, portfolio management resources, international market data, social interaction and mortgage rates that help you manage your financial life.", "source_name": "Yahoo Finance", "date": "Wed, 11 May 2022 16:05:48 -0400", "topics": [], "sentiment": "Negative", "type": "Video", "tickers": ["BTC"]}, {"news_url": "https://www.youtube.com/watch?v=jjtNEVk0Lnw", "image_url": "https://crypto.snapi.dev/images/v1/a/c/bitcoin-red-139223-139588.jpg", "title": "Here's why some cryptocurrency-focused stocks are underperforming bitcoin", "text": "CNBC Crypto World features the latest news and daily trading updates from the digital currency markets and provides viewers with a look at what's ahead with high-profile interviews, explainers, and unique stories from the ever-changing crypto industry. On today's show, Dan Dolev of Mizuho discusses the declines of crypto-focused stocks after Coinbase reports a loss of $430 million in Q1.", "source_name": "CNBC Television", "date": "Wed, 11 May 2022 16:04:53 -0400", "topics": [], "sentiment": "Negative", "type": "Video", "tickers": ["BTC"]}, {"news_url": "https://www.coindesk.com/policy/2022/05/11/grayscale-had-productive-meeting-with-sec-on-bitcoin-etf-conversion/", "image_url": "https://crypto.snapi.dev/images/v1/l/y/3xolmn6lsbbwbfyimkjwdce5bu-139595.jpg", "title": "The SEC to date has approved several futures-based Bitcoin ETF products, but has delayed or outright rejected all spot Bitcoin ETF applications.", "text": "Grayscale Investments LLC recently met with the Securities and Exchange Commission (SEC) to better make its case for turning the Grayscale Bitcoin Trust (GBTC) into a spot Bitcoin ETF.", "source_name": "Coindesk", "date": "Wed, 11 May 2022 16:03:17 -0400", "topics": ["futures", "regulations"], "sentiment": "Negative", "type": "Article", "tickers": ["BTC"]}], "total_pages": 44}