{"data": [{"news_url": "https://beincrypto.com/bitcoin-btc-breaks-down-below-37000-fake-out-pump-40000/", "image_url": "https://crypto.snapi.dev/images/v1/j/x/bic-on-chain-btc-bearjpgoptimal-137396.jpg", "title": "Bitcoin (BTC) Breaks Down Below $37,000 After Fake Out Pump to $40,000", "text": "Bitcoin (BTC) broke out from descending wedge pattern on May 4, but the upward movement could not be sustained and the price fell sharply the next day. The post Bitcoin (BTC) Breaks Down Below $37,000 After Fake Out Pump to $40,000 appeared first on BeInCrypto.", "source_name": "BeInCrypto", "date": "Fri, 06 May 2022 04:45:00 -0400", "topics": [], "sentiment": "Negative", "type": "Article", "tickers": ["BTC"]}, {"news_url": "https://u.today/400-million-liquidated-on-crypto-market-as-bitcoin-plunges-to-36000?SNAPI", "image_url": "https://crypto.snapi.dev/images/v1/s/j/14601-137388.jpg", "title": "$400 Million Liquidated on Crypto Market as Bitcoin Plunges to $36,000", "text": "Crypto bulls losing almost half a billion in long orders", "source_name": "UToday", "date": "Fri, 06 May 2022 04:43:00 -0400", "topics": [], "sentiment": "Negative", "type": "Article", "tickers": ["BTC"]}, {"news_url": "https://en.cryptonomist.ch/2022/05/06/ethereum-three-tests-before-moving-pos/", "image_url": "https://crypto.snapi.dev/images/v1/k/g/ethereum-pos-300x200-137393.jpg", "title": "Ethereum, three more tests before moving to PoS", "text": "Ethereum's Merge is still waiting to happen", "source_name": "The Cryptonomist", "date": "Fri, 06 May 2022 04:32:53 -0400", "topics": [], "sentiment": "Neutral", "type": "Article", "tickers": ["ETH"]}, {"news_url": "https://news.bitcoin.com/report-imf-says-central-african-republics-bitcoin-adoption-poses-risks/", "image_url": "https://crypto.snapi.dev/images/v1/y/8/shutterstock-2047491746-137385.jpg", "title": "Report: IMF Says Central African Republic's Bitcoin Adoption Poses Risks", "text": "The International Money Fund (IMF) has added its voice to institutions and parties criticizing the Central African Republic (CAR)'s decision to adopt bitcoin. The IMF insists the adoption poses legal economic challenges not only to the country but to the region as well. CAR's Bitcoin Adoption Has Financial and Legal Issues The IMF has reportedly [\u2026]", "source_name": "Bitcoin", "date": "Fri, 06 May 2022 04:30:45 -0400", "topics": [], "sentiment": "Negative", "type": "Article", "tickers": ["BTC"]}, {"news_url": "https://www.investingcube.com/ethereum-price-prediction-can-the-bulls-break-the-wedge-and-hit-3250-cryptocurrencies/", "image_url": "https://crypto.snapi.dev/images/v1/h/v/eth-6-137382.jpg", "title": "Ethereum Price Prediction: Can the Bulls Break the Wedge and Hit 3250?", "text": "The Ethereum price prediction is for the bulls to force price action towards 3250 at least in the short term.", "source_name": "InvestingCube", "date": "Fri, 06 May 2022 04:28:41 -0400", "topics": [], "sentiment": "Neutral", "type": "Article", "tickers": ["ETH"]}, {"news_url": "https://coinpedia.org/bitcoin/bitcoin-price-crash-below-37k-in-correspondence-with-nasdaq-index/", "image_url": "https://crypto.snapi.dev/images/v1/g/i/crypto3-137383.jpg", "title": "Bitcoin Price Crash Below $37k In Correspondence With Nasdaq Index! What Next", "text": "As the crypt space was eagerly waiting for a bull rally, the cryptocurrencies took a u-turn as the market crashed. The crash was led by the world's first cryptocurrency, Bitcoin as the price took a deep dive trading below $37,000. At the press time, Bitcoin is changing hands at $36,489 with a fall of 7.95% \u2026", "source_name": "CoinPedia", "date": "Fri, 06 May 2022 04:28:31 -0400", "topics": [], "sentiment": "Negative", "type": "Article", "tickers": ["BTC"]}, {"news_url": "https://coinpedia.org/bitcoin/why-did-bitcoin-drop-below-37000-despite-the-fomc-push-will-btc-price-hit-30000-this-week/", "image_url": "https://crypto.snapi.dev/images/v1/p/5/crypto2-137381.jpg", "title": "Why Did Bitcoin Drop Below $37,000 Despite the FOMC Push? Will BTC Price Hit $30,000 This Week?", "text": "Bitcoin price and the major crypto assets witnessed a steep fall with minutes of the stock market began its operation for the day. Interestingly, the crypto space had received a bullish push, a couple of hours before as the FOMC announced a hike in the interest rates by 50 basis points to combat the inflation. \u2026", "source_name": "CoinPedia", "date": "Fri, 06 May 2022 04:27:18 -0400", "topics": [], "sentiment": "Negative", "type": "Article", "tickers": ["BTC"]}, {"news_url": "https://cryptopotato.com/crypto-price-analysis-may-6-ethereum-ripple-cardano-tron-and-shiba-inu/", "image_url": "https://crypto.snapi.dev/images/v1/n/w/coins-001-scaled-134411-137005-137379.jpg", "title": "Crypto Price Analysis May-6: Ethereum, Ripple, Cardano, Tron, and Shiba Inu", "text": "This week, we take a closer look at Ethereum, Ripple, Cardano, Tron, and Shiba Inu. Ethereum (ETH) This past week, ETH experienced high volatility with price rallying towards the $3,000 resistance only to be sharply rejected back on the critical support at $2,720 on Thursday.", "source_name": "CryptoPotato", "date": "Fri, 06 May 2022 04:21:42 -0400", "topics": ["tanalysis"], "sentiment": "Neutral", "type": "Article", "tickers": ["ADA", "ETH", "SHIB", "TRX", "XRP"]}, {"news_url": "https://www.cnbc.com/2022/05/06/bitcoin-btc-falls-sharply-as-126-billion-wiped-off-crypto-market.html", "image_url": "https://crypto.snapi.dev/images/v1/e/1/105496652-1539107947284gettyimages-917296340-137384.jpeg", "title": "Bitcoin drops 8% as $126 billion is wiped off the cryptocurrency market", "text": "Bitcoin cratered on Thursday as a major stock sell-off in the U.S. spooked the cryptocurrency market.", "source_name": "CNBC", "date": "Fri, 06 May 2022 04:07:12 -0400", "topics": [], "sentiment": "Neutral", "type": "Article", "tickers": ["BTC"]}, {"news_url": "https://beincrypto.com/sec-greenlights-valkyrie-bitcoin-futures-etf-but-no-sign-of-spot-yet/", "image_url": "https://crypto.snapi.dev/images/v1/x/b/bic-metaverse-coin-etfjpgoptimal-137378.jpg", "title": "SEC Greenlights Valkyrie Bitcoin Futures ETF, but No Sign of Spot Yet", "text": "The United States Securities and Exchange Commission (SEC) has approved a futures exchange-traded fund (EFT) application from Valkyrie.\u00a0 The post SEC Greenlights Valkyrie Bitcoin Futures ETF, but No Sign of Spot Yet appeared first on BeInCrypto.", "source_name": "BeInCrypto", "date": "Fri, 06 May 2022 04:00:00 -0400", "topics": ["futures", "regulations"], "sentiment": "Positive", "type": "Article", "tickers": ["BTC"]}, {"news_url": "https://www.altcoinbuzz.io/cryptocurrency-news/product-release/why-polkadot-dot-can-make-bridges-obsolete/", "image_url": "https://crypto.snapi.dev/images/v1/p/o/polkadotbridge-136552-137420.jpg", "title": "Why Polkadot (DOT) Can Make Bridges Obsolete", "text": "Blockchain interoperability platform Polkadot announces the launch of a unique cross-chain communication system dubbed XCM. The messaging system is also uniquely designed to facilitate cross-chain communication among Polkadot (DOT) parachains.", "source_name": "Altcoin Buzz", "date": "Fri, 06 May 2022 03:53:21 -0400", "topics": [], "sentiment": "Neutral", "type": "Article", "tickers": ["DOT"]}, {"news_url": "https://en.cryptonomist.ch/2022/05/06/spectrum-markets-certificates-bitcoin-ethereum/", "image_url": "https://crypto.snapi.dev/images/v1/h/e/spectrum-markets-bitcoin-ethereum-300x200-137394.jpg", "title": "Bitcoin and Ethereum, first Spectrum Markets certificates launched by IG Europe", "text": "First Bitcoin and Ethereum turbo certificates have been launched", "source_name": "The Cryptonomist", "date": "Fri, 06 May 2022 03:43:50 -0400", "topics": [], "sentiment": "Positive", "type": "Article", "tickers": ["BTC", "ETH"]}, {"news_url": "https://cointelegraph.com/news/someone-is-blowing-up-bitcoin-sees-2022-volume-record-amid-hopes-capitulation-is-over", "image_url": "https://crypto.snapi.dev/images/v1/l/g/840-ahr0chm6ly9zmy5jb2ludgvszwdyyxbolmnvbs91cgxvywrzlziwmjitmduvyzu3ntrkndgtzdnlmi00nmm2lthhzmutmdq4ndixmgewzgvilmpwzw-137374.jpg", "title": "'Someone is blowing up' \u2014 Bitcoin sees 2022 volume record amid hopes capitulation is over", "text": "Does Bitcoin have further to fall? BTC calms after stocks see a situation which has happened only twice this century.", "source_name": "Cointelegraph", "date": "Fri, 06 May 2022 03:37:04 -0400", "topics": [], "sentiment": "Neutral", "type": "Article", "tickers": ["BTC"]}, {"news_url": "https://coingape.com/?p=111633", "image_url": "https://crypto.snapi.dev/images/v1/i/k/106885587-16214575182021-05-19t203912z-144465080-rc28jn9cpt2v-rtrmadp-0-crypto-currency-bitcoin-e1648649907834-137369.jpeg", "title": "Bitcoin's (BTC) Slump To $35K Was Largely Driven By This", "text": "Bitcoin (BTC) tumbled below a key support level of $38,000 this week, as concerns over an economic recession and rising interest rates intensified. The token slumped over 8% in the past 24 hours, hitting a 1-1/2 month low of around $35,000.", "source_name": "Coingape", "date": "Fri, 06 May 2022 03:27:14 -0400", "topics": [], "sentiment": "Negative", "type": "Article", "tickers": ["BTC"]}, {"news_url": "https://cryptopotato.com/sen-elizabeth-warren-concerned-about-fidelitys-bitcoin-401k-plan/", "image_url": "https://crypto.snapi.dev/images/v1/p/q/elizabethwarren-137368.jpg", "title": "Sen Elizabeth Warren Concerned About Fidelity's Bitcoin-401K Plan", "text": "Senator Elizabeth Warren continues with her anti-crypto statements, questioning Fidelity's decision to allow customers to put some of their 401(k) in bitcoin.", "source_name": "CryptoPotato", "date": "Fri, 06 May 2022 03:03:52 -0400", "topics": [], "sentiment": "Negative", "type": "Article", "tickers": ["BTC"]}, {"news_url": "https://coinpedia.org/altcoin/fantom-solana-flashes-bear-cycle-heres-why-ftm-sol-price-will-drop-50/", "image_url": "https://crypto.snapi.dev/images/v1/z/r/crypto19-137363.jpg", "title": "Fantom & Solana Flashes Bear Cycle! Here's Why FTM & SOL Price Will Drop 50%", "text": "One of the popular Crypto analysts who is pseudonymously known as Capo is expecting a bearish momentum for two Ethereum competitors\u00a0 Capo explains to his 263,800 Twitter followers that we could see a downfall of two layer-1 platforms by over 50% from their current levels\u00a0 The cryptanalyst starts his prediction with Fantom (FTM) and asserts \u2026", "source_name": "CoinPedia", "date": "Fri, 06 May 2022 02:57:45 -0400", "topics": [], "sentiment": "Neutral", "type": "Article", "tickers": ["FTM", "SOL"]}, {"news_url": "https://www.coinbureau.com/news/imf-says-bitcoin-adoption-in-central-africa-raises-major-issues-report/", "image_url": "https://crypto.snapi.dev/images/v1/2/c/shutterstock-1391516657-137360.jpg", "title": "IMF Says Bitcoin Adoption In Central Africa Raises Major Issues: Report", "text": "The International Monetary Fund says that the Central African Republic's (CAR) adoption of Bitcoin as legal tender raises multiple risks and challenges for the entire region. Bloomberg reports that the IMF is worried enough about the country's embrace of Bitcoin that its own staff are now personally working with CAR officials to address the issues. [\u2026] The post IMF Says Bitcoin Adoption In Central Africa Raises Major Issues: Report appeared first on Coin Bureau.", "source_name": "Coinbureau", "date": "Fri, 06 May 2022 02:36:50 -0400", "topics": [], "sentiment": "Negative", "type": "Article", "tickers": ["BTC"]}, {"news_url": "https://u.today/terra-becomes-second-largest-corporate-holder-of-bitcoin-surpassing-tesla?SNAPI", "image_url": "https://crypto.snapi.dev/images/v1/d/4/adobestock-431582884-editorial-use-only-137356.jpeg", "title": "Terra Becomes Second-Largest Corporate Holder of Bitcoin, Surpassing Tesla", "text": "Terra has extended its Bitcoin buying spree, becoming the second-largest corporate holder of the top cryptocurrency", "source_name": "UToday", "date": "Fri, 06 May 2022 02:03:00 -0400", "topics": [], "sentiment": "Positive", "type": "Article", "tickers": ["BTC", "LUNA"]}, {"news_url": "https://coinpedia.org/bitcoin/bitcoin-bears-to-push-btc-price-even-lower/", "image_url": "https://crypto.snapi.dev/images/v1/f/x/crypto17-137355.jpg", "title": "Bitcoin Bears to Push BTC Price Even lower! Traders Can Expect Deeper Bear Market Ahead", "text": "Bitcoin's chart has worsened in the last 24 hours, with the king currency dropping by 8%. After reaching a high of $39,820, the coin's price began to fall. The majority of the cryptocurrency market is trading in red with ETH, XRP, and SOL losing more than 6 percent. Bitcoin prices are currently trading in a \u2026", "source_name": "CoinPedia", "date": "Fri, 06 May 2022 01:58:47 -0400", "topics": [], "sentiment": "Negative", "type": "Article", "tickers": ["BTC"]}, {"news_url": "https://www.youtube.com/watch?v=smFPuc2JO6A", "image_url": "https://crypto.snapi.dev/images/v1/h/j/bitcoin-could-go-to-zero-crypto-billionaire-137365.jpg", "title": "Bitcoin could go to zero: Crypto billionaire", "text": "Bitcoin Foundation chairman Brock Pierce discloses if he's still buying bitcoin during the market sell-off on 'The Claman Countdown.' #FOXBusiness #TheClamanCountdown Subscribe to Fox Business!", "source_name": "Fox Business", "date": "Fri, 06 May 2022 01:45:33 -0400", "topics": [], "sentiment": "Neutral", "type": "Video", "tickers": ["BTC"]}, {"news_url": "https://cryptopotato.com/luna-foundation-guard-purchased-another-1-5-billion-worth-of-bitcoin/", "image_url": "https://crypto.snapi.dev/images/v1/p/z/terra-bitcoin-137352.jpg", "title": "Luna Foundation Guard Purchased Another $1.5 Billion Worth of Bitcoin", "text": "The Luna Foundation Guard continues with BTC purchases to back its stablecoin, with the latest one worth roughly $1.5 billion.", "source_name": "CryptoPotato", "date": "Fri, 06 May 2022 01:42:19 -0400", "topics": [], "sentiment": "Positive", "type": "Article", "tickers": ["BTC", "LUNA"]}, {"news_url": "https://beincrypto.com/staked-ethereum-reaches-10-circulating-supply/", "image_url": "https://crypto.snapi.dev/images/v1/s/7/stake-ethereumjpgoptimal-137353.jpg", "title": "Staked Ethereum Reaches 10% of Circulating Supply", "text": "The amount of Ethereum staked on the Beacon Chain has reached another milestone despite asset prices tumbling today. The post Staked Ethereum Reaches 10% of Circulating Supply appeared first on BeInCrypto.", "source_name": "BeInCrypto", "date": "Fri, 06 May 2022 01:40:22 -0400", "topics": [], "sentiment": "Neutral", "type": "Article", "tickers": ["ETH"]}, {"news_url": "https://coinpedia.org/news/bitcoin-price-crash-to-36k-institutional-investors-are-finding-the-exit-strategy-heres-what-next/", "image_url": "https://crypto.snapi.dev/images/v1/d/2/crypto16-137351.jpg", "title": "Bitcoin Price Crash To $36k, Institutional Investors Are Finding The Exit Strategy. Here's What Next", "text": "It's been a month since the cryptocurrency market is moving to and fro from bullish push and bearish pull. But today the world's first currency bottomed around $36,000 which has bought the global crypto market down by 7.27% over the last 24hrs trading at $1.68 trillion. Now this move where the crypto market instead of \u2026", "source_name": "CoinPedia", "date": "Fri, 06 May 2022 01:24:20 -0400", "topics": ["institutions"], "sentiment": "Negative", "type": "Article", "tickers": ["BTC"]}, {"news_url": "https://www.newsbtc.com/analysis/eth/ethereum-takes-hit-2700/", "image_url": "https://crypto.snapi.dev/images/v1/o/m/shutterstock-214477618-137350.jpg", "title": "TA: Ethereum Takes Hit, Why ETH Could Plunge Below $2,700", "text": "Ethereum started a major decline from the $2,970 zone against the US Dollar. ETH dived below $2,800 and might accelerate lower below the $2,700 support.", "source_name": "NewsBTC", "date": "Fri, 06 May 2022 01:08:21 -0400", "topics": ["tanalysis"], "sentiment": "Negative", "type": "Article", "tickers": ["ETH"]}, {"news_url": "https://www.thecryptoupdates.com/terra-luna-buys-1-5-billion-worth-of-bitcoin/", "image_url": "https://crypto.snapi.dev/images/v1/8/m/terra-480x320-137347.webp", "title": "Terra Luna Buys $1.5 billion Worth of Bitcoin", "text": "Famous crypto news page Watcher Guru tweeted that the Luna Foundation surpassed Tesla as the second-largest corporate holder of bitcoin. JUST IN: #Luna Foundation has...", "source_name": "TCU", "date": "Fri, 06 May 2022 00:33:23 -0400", "topics": [], "sentiment": "Positive", "type": "Article", "tickers": ["BTC", "LUNA"]}, {"news_url": "https://news.bitcoin.com/bitcoin-miners-reach-the-halfway-point-to-the-next-block-reward-halving/", "image_url": "https://crypto.snapi.dev/images/v1/c/a/shutterstock-1638381841-137346.jpg", "title": "Bitcoin Miners Reach the Halfway Point to the Next Block Reward Halving", "text": "On May 5, 2022, at block height 735,000, the bitcoin mining pool Poolin mined the 105,000th block reward since the last halving. The mined block also represents the halfway point to the next halving that is estimated to take place on or around April 27, 2024. Block 735,000 follows the network issuing over 19 million [\u2026]", "source_name": "Bitcoin", "date": "Fri, 06 May 2022 00:30:52 -0400", "topics": ["mining"], "sentiment": "Neutral", "type": "Article", "tickers": ["BTC"]}, {"news_url": "https://cryptonews.com/news/bitcoin-and-ethereum-nosedive-all-top-100-coins-in-red.htm", "image_url": "https://crypto.snapi.dev/images/v1/a/l/shutterstock-1140936734-gid-6-137300-137345.jpg", "title": "Bitcoin and Ethereum Nosedive, All Top 100 Coins in Red", "text": "Bitcoin price failed to continue higher above the USD 40,000 resistance zone and started a fresh decline below the USD 38,500 support. BTC is down 8% in a day and is currently (04:01 UTC) consolidating near USD 36,500. It is also down 8% in a week.", "source_name": "Cryptonews", "date": "Fri, 06 May 2022 00:17:00 -0400", "topics": [], "sentiment": "Negative", "type": "Article", "tickers": ["BTC", "ETH"]}, {"news_url": "https://cointelegraph.com/news/senator-s-financial-freedom-act-would-ensure-bitcoin-can-be-in-your-401-k", "image_url": "https://crypto.snapi.dev/images/v1/1/b/840-ahr0chm6ly9zmy5jb2ludgvszwdyyxbolmnvbs91cgxvywrzlziwmjitmduvoda0mgy0mwqtmzblzc00mzq1lwizmmmtyjjkmzkzywi1owi2lmpwzw-137344.jpg", "title": "Senator's Financial Freedom Act would ensure Bitcoin can be in your 401(k)", "text": "The bill is a response from the Alabama Senator to Senator Warren and the Department of Labor's bid to block Bitcoin investments in self-directed 401(k) investment plans.", "source_name": "Cointelegraph", "date": "Fri, 06 May 2022 00:16:42 -0400", "topics": ["regulations"], "sentiment": "Neutral", "type": "Article", "tickers": ["BTC"]}, {"news_url": "https://www.cryptoglobe.com/latest/2022/05/nearly-6-3-billion-worth-of-ethereum-eth-have-now-been-burned/", "image_url": "https://crypto.snapi.dev/images/v1/j/t/art-rachen-qf1xtsigpqm-unsplash-137343.jpg", "title": "Nearly $6.3 Billion worth of Ethereum ($ETH) Have Now Been Burned", "text": "Nearly $6.3 billion worth of the second-largest cryptocurrency by market capitalization, Ethereum ($ETH), has been burned since the implementation of Ethereum Improvement Proposal (EIP) 1559 via the London hard fork on August 5. According to data from tracking website\u00a0Watch the Burn, a total of 2.274 million ether worth $6.27 billion has been burned since August, [\u2026]", "source_name": "CryptoGlobe", "date": "Fri, 06 May 2022 00:09:00 -0400", "topics": [], "sentiment": "Neutral", "type": "Article", "tickers": ["ETH"]}, {"news_url": "https://www.newsbtc.com/analysis/btc/bitcoin-price-breakdown-35k/", "image_url": "https://crypto.snapi.dev/images/v1/r/3/16464078230388-136826-137334.jpg", "title": "TA: Bitcoin Price Breakdown Looks Real, Why BTC Could Dive Below $35K", "text": "Bitcoin started a strong decline from the $40,000 resistance against the US Dollar. BTC broke the key $37,500 support to move into a bearish zone.", "source_name": "NewsBTC", "date": "Thu, 05 May 2022 23:08:46 -0400", "topics": ["tanalysis"], "sentiment": "Negative", "type": "Article", "tickers": ["BTC"]}, {"news_url": "https://blockchain.news/news/senator-elizabeth-warren-leads-inquiry-into-fidelitys-bitcoin-backed-401k-retirement-account", "image_url": "https://crypto.snapi.dev/images/v1/s/9/64f518a47f2e739125ae2dd57b105f16939454228cb9d504a6e92b12692602a7-137333.jpg", "title": "Senator Elizabeth Warren Leads Inquiry Into Fidelity's Bitcoin-Backed Retirement 401(k) Account", "text": "In the wake of the launch of a Bitcoin-focused 401(k) account in the United States by Fidelity Investments, two Senators have expressed concerns over the company's latest products.", "source_name": "Blockchain News", "date": "Thu, 05 May 2022 22:50:00 -0400", "topics": ["regulations"], "sentiment": "Negative", "type": "Article", "tickers": ["BTC"]}, {"news_url": "https://coinpedia.org/altcoin/bitcoin-price-continue-to-plunge-hard-luna-foundation-guard-adds-37863-worth-bitcoins-to-its-stash/", "image_url": "https://crypto.snapi.dev/images/v1/w/8/shutterstock-1078586360-137077-137331.jpg", "title": "Bitcoin Price Continue To Plunge Hard, LUNA Foundation Guard Adds $37,863 worth Bitcoins To Its Stash", "text": "Terra's (LUNA) price has dropped 31% in the last four weeks, wiping out all of the year's gains, and the token is struggling to stay above the $85 support level, despite outperforming the overall cryptocurrency market by 20%. However, the rise in smart contract deposits, as evidenced by the increase in TVL, and strong demand \u2026", "source_name": "CoinPedia", "date": "Thu, 05 May 2022 22:10:19 -0400", "topics": ["bitcoin"], "sentiment": "Neutral", "type": "Article", "tickers": ["BTC", "LUNA"]}, {"news_url": "https://coinpedia.org/bitcoin/bitcoin-price-drops-below-37k-btc-price-to-retest-27k-before-bullish-reversal/", "image_url": "https://crypto.snapi.dev/images/v1/5/k/bitcoin-sinks-137249-137330.jpg", "title": "Bitcoin Price Drops below $37K. BTC Price To Retest $27K Before Bullish Reversal", "text": "Bitcoin's price continued to fall Wednesday, reaching its lowest position since late February, not content to simply erase its recent gains. Bitcoin fell 8% in under 24 hours, dipping below $36,000 before stabilising. The crypto market as a whole dropped 7% within the same time period, with Ethereum losing 7% from yesterday's price and the \u2026", "source_name": "CoinPedia", "date": "Thu, 05 May 2022 22:06:59 -0400", "topics": [], "sentiment": "Negative", "type": "Article", "tickers": ["BTC"]}, {"news_url": "https://cryptoslate.com/largest-private-bank-lgt-to-offer-direct-bitcoin-and-ethereum-investments/", "image_url": "https://crypto.snapi.dev/images/v1/0/2/lgt-ethereum-bitcoin-137327.jpg", "title": "Largest private bank LGT to offer direct Bitcoin and Ethereum investments", "text": "The Liechtenstein royal family-owned bank, LGT, now offers clients direct investments in Bitcoin and Ethereum while also providing custody services. The post Largest private bank LGT to offer direct Bitcoin and Ethereum investments appeared first on CryptoSlate.", "source_name": "CryptoSlate", "date": "Thu, 05 May 2022 21:31:16 -0400", "topics": [], "sentiment": "Positive", "type": "Article", "tickers": ["BTC", "ETH"]}, {"news_url": "https://www.newsbtc.com/news/bitcoin-broke-above-the-multi-week-resistance-whats-next/", "image_url": "https://crypto.snapi.dev/images/v1/f/0/michael-fortsch-4gd-5kmzmy8-unsplash-137322.jpg", "title": "Bitcoin Broke Above The Multi-Week Resistance; What's Next", "text": "Bitcoin recovered on its chart over the last 24 hours as the king coin surged by 2%. Prices of the coin saw some respite after visiting the $37,000 price level.", "source_name": "NewsBTC", "date": "Thu, 05 May 2022 21:00:17 -0400", "topics": [], "sentiment": "Neutral", "type": "Article", "tickers": ["BTC"]}, {"news_url": "https://crypto.news/luna-foundation-guard-adds-1-5b-in-btc-to-its-reserve/", "image_url": "https://crypto.snapi.dev/images/v1/b/f/terras-luna-jumps-15-as-ust-stablecoin-gets-1b-bitcoin-reserve-137323.jpg", "title": "Luna Foundation Guard Adds $1.5B in BTC to Its Reserve", "text": "he Luna Foundation Guard has raised $1.5 billion in bitcoin to strengthen its reserves of U.S. Terra, its most popular stablecoin. The firm acquired 37,863 BTC through over-the-counter swaps with the help of Three Arrows Capital and Genesis Trading.", "source_name": "Crypto news", "date": "Thu, 05 May 2022 21:00:00 -0400", "topics": [], "sentiment": "Positive", "type": "Article", "tickers": ["BTC", "LUNA"]}, {"news_url": "https://www.cryptoglobe.com/latest/2022/05/head-of-coinbase-institutional-explains-why-goldman-sachs-first-bitcoin-backed-loan-is-significant/", "image_url": "https://crypto.snapi.dev/images/v1/c/o/coinbase-wallet-app-image-1-scaled-137325.jpg", "title": "Head of Coinbase Institutional Explains Why Goldman Sachs' First Bitcoin-Backed Loan Is Significant", "text": "Nasdaq-listed cryptocurrency exchange Coinbase (NASDAQ: COIN) has been revealed as the mysterious firm that took out Wall Street's first Bitcoin-backed loan from Goldman Sachs. The firm took out the loan in a bid to deepen ties between the crypto and traditional finance world. Brett Tejpaul, head of Coinbase Institutional, was quoted in a Bloomberg report [\u2026]", "source_name": "CryptoGlobe", "date": "Thu, 05 May 2022 20:46:00 -0400", "topics": ["institutions"], "sentiment": "Neutral", "type": "Article", "tickers": ["BTC"]}, {"news_url": "https://www.theblockcrypto.com/post/145298/bitcoin-mining-stock-report-thursday-may-5", "image_url": "https://crypto.snapi.dev/images/v1/5/9/20210216-mining-bitcoin-generic-800x450-137315.jpg", "title": "Bitcoin mining stock report: Thursday, May 5", "text": "The Block takes a brief look at how some of the major crypto mining companies faired in the markets on Thursday. The post Bitcoin mining stock report: Thursday, May 5 appeared first on The Block.", "source_name": "The Block", "date": "Thu, 05 May 2022 19:36:27 -0400", "topics": ["mining"], "sentiment": "Neutral", "type": "Article", "tickers": ["BTC"]}, {"news_url": "https://cryptoslate.com/luna-foundation-guard-becomes-top-10-bitcoin-holder/", "image_url": "https://crypto.snapi.dev/images/v1/f/v/luna-btc-137312.jpg", "title": "Luna Foundation Guard becomes top 10 Bitcoin holder", "text": "The Luna Foundation Guard has purchased another 37,863 Bitcoins taking them into the top 10 Bitcoin holders in the world. The post Luna Foundation Guard becomes top 10 Bitcoin holder appeared first on CryptoSlate.", "source_name": "CryptoSlate", "date": "Thu, 05 May 2022 19:21:16 -0400", "topics": [], "sentiment": "Positive", "type": "Article", "tickers": ["BTC", "LUNA"]}, {"news_url": "https://www.youtube.com/watch?v=KJ_AMIkCWFk", "image_url": "https://crypto.snapi.dev/images/v1/t/u/crypto-report-bitcoin-falls-altcoins-extend-losses-137314.jpg", "title": "Crypto Report: Bitcoin Falls, Altcoins Extend Losses", "text": "Bloomberg's Katie Greifeld joins Emily Chang as the biggest cryptocurrency fell the most since January as the rout in financial markets deepened in the wake of increasing concern of recession.", "source_name": "Bloomberg Technology", "date": "Thu, 05 May 2022 19:20:22 -0400", "topics": [], "sentiment": "Negative", "type": "Video", "tickers": ["BTC"]}, {"news_url": "https://cryptopotato.com/gucci-to-accept-bitcoin-dogecoin-shiba-inu-payments-at-select-us-stores/", "image_url": "https://crypto.snapi.dev/images/v1/g/7/gucci-137308.jpg", "title": "Gucci to Accept Bitcoin, Dogecoin, Shiba Inu Payments at Select US Stores", "text": "Gucci is all set to accept cryptocurrency in five stores in the US later this month.", "source_name": "CryptoPotato", "date": "Thu, 05 May 2022 19:02:29 -0400", "topics": [], "sentiment": "Positive", "type": "Article", "tickers": ["BTC", "DOGE", "SHIB"]}, {"news_url": "https://www.newsbtc.com/news/bitcoin/bitcoin-etp-outflows-spell-bearish-sentiment-among-institutional-investors/", "image_url": "https://crypto.snapi.dev/images/v1/w/z/bitcoin-2-scaled-137307.jpeg", "title": "Bitcoin ETP Outflows Spell Bearish Sentiment Among Institutional Investors", "text": "Bitcoin ETPs have become more popular than ever since the SEC approved multiple bitcoin ETPs in the fourth quarter of 2021. They had subsequently had a good run with hundreds of millions of dollars flowing into these ETPs.", "source_name": "NewsBTC", "date": "Thu, 05 May 2022 19:00:41 -0400", "topics": ["institutions"], "sentiment": "Negative", "type": "Article", "tickers": ["BTC"]}, {"news_url": "https://www.dailyfx.com/forex/fundamental/daily_briefing/daily_pieces/asia_am_briefing/2022/05/05/Bitcoin-Eyes-2022-Low-After-Breaking-Key-Fib-Level-Amid-Risk-Off-Move-as-NFP-Nears.html", "image_url": "https://crypto.snapi.dev/images/v1/e/s/bitcoin-prestito-300x200-136891-137027-137311.jpg", "title": "Bitcoin Eyes 2022 Low After Breaking Key Fib Level Amid Risk-Off Move as NFP Nears", "text": "Bitcoin prices fell sharply moving into Friday's Asia-Pacific session amid a broader risk-off move. Risk assets look poised to continue dropping as traders eye the US jobs report due out tonight.", "source_name": "DailyFX", "date": "Thu, 05 May 2022 19:00:00 -0400", "topics": [], "sentiment": "Negative", "type": "Article", "tickers": ["BTC"]}, {"news_url": "https://edition.cnn.com/2022/05/05/success/fidelity-bitcoin-elizabeth-warren-feseries/index.html", "image_url": "https://crypto.snapi.dev/images/v1/t/g/220225165825-restricted-china-bitcoin-mining-file-exlarge-169-137305.jpg", "title": "Elizabeth Warren is worried about Fidelity's plan to offer bitcoin in 401(k)s", "text": "Massachusetts Sen. Elizabeth Warren and Minnesota Sen. Tina Smith sent a letter to Fidelity this week asking, among other things, why it didn't heed earlier concerns by the Department of Labor on the issue of including cryptocurrencies in 401(k) retirement accounts.", "source_name": "CNN", "date": "Thu, 05 May 2022 18:42:11 -0400", "topics": [], "sentiment": "Neutral", "type": "Article", "tickers": ["BTC"]}, {"news_url": "https://www.youtube.com/watch?v=7o8m6C8i0z8", "image_url": "https://crypto.snapi.dev/images/v1/g/n/chamber-of-digital-commerce-founder-discusses-concerns-over-new-york-bill-to-curb-bitcoin-mining-137306.jpg", "title": "Chamber of Digital Commerce founder discusses concerns over New York bill to curb bitcoin mining", "text": "CNBC's MacKenzie Sigalos sits down with Chamber of Digital Commerce founder Perianne Boring to discuss New York's bill to ban bitcoin mining, its consequences, and what's next for the state's future.", "source_name": "CNBC Television", "date": "Thu, 05 May 2022 18:41:04 -0400", "topics": ["mining"], "sentiment": "Negative", "type": "Video", "tickers": ["BTC"]}, {"news_url": "https://bitcoinmagazine.com/culture/climbing-the-bitcoin-ladder-of-financial-freedom", "image_url": "https://crypto.snapi.dev/images/v1/d/t/steel-plate-backup-137299.png", "title": "Climbing The Ladder Of Financial Freedom With Bitcoin", "text": "Using Bitcoin to achieve financial freedom is a spectrum which can be analogous to climbing a ladder. There are many steps to achieve full sovereignty.", "source_name": "Bitcoin Magazine", "date": "Thu, 05 May 2022 18:30:00 -0400", "topics": [], "sentiment": "Neutral", "type": "Article", "tickers": ["BTC"]}, {"news_url": "https://decrypt.co/99595/bitcoin-ethereum-continue-fall-losses-deepen-across-crypto-market", "image_url": "https://crypto.snapi.dev/images/v1/9/u/shutterstock-1140936734-gid-6-137300.jpg", "title": "Bitcoin, Ethereum Continue to Fall as Losses Deepen Across the Crypto Market", "text": "Wednesday was fairly bullish. Thursday is extra bearish.", "source_name": "Decrypt", "date": "Thu, 05 May 2022 18:24:41 -0400", "topics": [], "sentiment": "Negative", "type": "Article", "tickers": ["BTC", "ETH"]}, {"news_url": "https://bitcoinist.com/block-report-cash-app-bitcoin-sales-comes/", "image_url": "https://crypto.snapi.dev/images/v1/o/2/block-square-640x384-137291.jpg", "title": "Block Report: Cash App Bitcoin Sales Comes In At $1.73 Billion During Q1 2022", "text": "Block, formerly known as Square, announced on Thursday that its Cash App generated $1.73 billion in bitcoin purchases in the first quarter of 2022. Block Releases Q1 2022 Report On Thursday, Block Inc, the fintech company led by Twitter founder Jack Dorsey, missed market expectations for first-quarter profit as demand for bitcoin slowed owing to [\u2026]", "source_name": "Bitcoinist", "date": "Thu, 05 May 2022 18:23:52 -0400", "topics": [], "sentiment": "Positive", "type": "Article", "tickers": ["BTC"]}, {"news_url": "https://insidebitcoins.com/news/solana-price-prediction-for-today-may-4-sol-trades-bearishly-below-95-support", "image_url": "https://crypto.snapi.dev/images/v1/p/z/3361c366efc04a25bd08743b1b4742f0-135703-137290.jpg", "title": "Solana Price Prediction for Today, May 4: SOL Trades Bearishly Below $95 Support", "text": "The Solana price prediction remains on the negative side, just like any other altcoins in the crypto market. SOL/USD Market Key Levels: Resistance levels: $120, [.", "source_name": "Inside Bitcoins", "date": "Thu, 05 May 2022 18:19:53 -0400", "topics": ["tanalysis"], "sentiment": "Negative", "type": "Article", "tickers": ["SOL"]}, {"news_url": "https://dailyhodl.com/2022/05/05/krakens-dan-held-says-bitcoin-btc-supercycle-still-in-play-as-fundamental-factors-have-never-been-so-bullish/", "image_url": "https://crypto.snapi.dev/images/v1/h/e/held-bitcoin-supercyclejpgw1024-137293.jpg", "title": "Kraken's Dan Held Says Bitcoin (BTC) Supercycle Still in Play As Fundamental Factors Have Never Been So Bullish", "text": "Kraken director of growth marketing Dan Held says the Bitcoin (BTC) supercycle theory that he first put forward in 2019 still holds water. According to Held, the theory advances the idea that a perfect storm such as mistrust in governments and institutions, will propel the mainstream adoption of Bitcoin and drive up the price of [\u2026] The post Kraken's Dan Held Says Bitcoin (BTC) Supercycle Still in Play As Fundamental Factors Have Never Been So Bullish appeared first on The Daily Hodl.", "source_name": "The Daily Hodl", "date": "Thu, 05 May 2022 18:05:15 -0400", "topics": [], "sentiment": "Positive", "type": "Article", "tickers": ["BTC"]}, {"news_url": "https://bitcoinist.com/bitcoin-risky-for-retirement-elizabeth-warren-says/", "image_url": "https://crypto.snapi.dev/images/v1/a/2/shutterstock-452029966-640x400-137287.jpg", "title": "Bitcoin Too Risky For Your Retirement Plans? Elizabeth Warren Thinks So", "text": "Less than a week ago, Fidelity Investments announced its decision to add Bitcoin as part of its 401 (k) investment plan. A popular vehicle used by U.S. citizens to invest in equities and other assets as part of their retirement, Fidelity has become the first company in the country to introduce BTC to this offering.", "source_name": "Bitcoinist", "date": "Thu, 05 May 2022 18:00:50 -0400", "topics": [], "sentiment": "Negative", "type": "Article", "tickers": ["BTC"]}, {"news_url": "https://beincrypto.com/gucci-announces-crypto-pilot-program/", "image_url": "https://crypto.snapi.dev/images/v1/e/b/untitled-design-38-e1651799806518-137329.png", "title": "Gucci Announces Crypto Pilot Program; Will Pool BTC Price Values in Real-Time", "text": "On Wednesday, luxury fashion house Gucci announced a pilot crypto program that will begin at the end of this month. The post Gucci Announces Crypto Pilot Program; Will Pool BTC Price Values in Real-Time appeared first on BeInCrypto.", "source_name": "BeInCrypto", "date": "Thu, 05 May 2022 17:18:00 -0400", "topics": [], "sentiment": "Positive", "type": "Article", "tickers": ["BTC"]}, {"news_url": "https://www.youtube.com/watch?v=g1ChNYnG3us", "image_url": "https://crypto.snapi.dev/images/v1/d/w/range-bound-crypto-market-sol-ape-137277.jpg", "title": "Range-Bound Crypto Market, SOL, APE", "text": "CrossTower Co-Founder and CEO Kapil Rathi discusses the current state of the crypto markets as the Federal Reserve is expected to raise interest rates by 50 basis points this month. Plus, a conversation about crypto's increasing correlation with tech stocks as a risk-on asset and the activity of certain altcoins like SOL and APE.", "source_name": "Coindesk", "date": "Thu, 05 May 2022 17:00:30 -0400", "topics": [], "sentiment": "Neutral", "type": "Video", "tickers": ["SOL", "APE"]}, {"news_url": "https://crypto.news/solana-interactive-transaction-requests-merchants/", "image_url": "https://crypto.snapi.dev/images/v1/e/q/solana-137278.jpg", "title": "Solana Pay Integrates Interactive Transaction Requests Feature for Merchants & Devs", "text": "Solana (SOL) has announced that its low-cost payments solution, Solana Pay now has an interactive transaction requests feature for merchants and developers. With Solana Pay transaction requests, merchants will now be able to offer their customers dynamic experiences and more,\u2026", "source_name": "Crypto news", "date": "Thu, 05 May 2022 17:00:00 -0400", "topics": [], "sentiment": "Positive", "type": "Article", "tickers": ["SOL"]}, {"news_url": "https://www.fool.com/investing/2022/05/05/why-ethereum-dogecoin-and-the-sandbox-dropped-toda/", "image_url": "https://crypto.snapi.dev/images/v1/1/0/10-top-reddit-cryptos-to-invest-now-2022-133120-133411-137280.jpg", "title": "Why Ethereum, Dogecoin, and The Sandbox Dropped Today", "text": "Investors were discounting just about everything.", "source_name": "The Motley Fool", "date": "Thu, 05 May 2022 16:55:09 -0400", "topics": [], "sentiment": "Negative", "type": "Article", "tickers": ["DOGE", "ETH", "SAND"]}, {"news_url": "https://www.thecryptoupdates.com/a-crypto-youtuber-shared-his-views-on-the-falling-prices-of-bitcoin/", "image_url": "https://crypto.snapi.dev/images/v1/6/j/bitcoin-2-480x320-137273.jpg", "title": "A Crypto Youtuber Shared his Views on the Falling Prices of Bitcoin", "text": "Famous Crypto YouTuber Crypto Rover recently tweeted and shared his views on the bitcoin price's downfall. He persuaded people to not get distracted by seeing...", "source_name": "TCU", "date": "Thu, 05 May 2022 16:50:09 -0400", "topics": [], "sentiment": "Negative", "type": "Article", "tickers": ["BTC"]}, {"news_url": "https://cointelegraph.com/news/bitcoin-drops-to-35-5k-as-1-000-point-dow-correction-marks-the-worst-trading-day-since-2020", "image_url": "https://crypto.snapi.dev/images/v1/a/g/840-ahr0chm6ly9zmy5jb2ludgvszwdyyxbolmnvbs91cgxvywrzlziwmjitmduvowu3zjgwmtmtn2jjyi00mwezlwfhodmtowjjndriy2mymjzmlmpwzw-137271.jpg", "title": "Bitcoin drops to $35.5K as 1,000 point Dow correction marks the worst trading day since 2020", "text": "BTC and ETH price imploded toward swing lows as the Dow tumbled by 1,000 points and the Nasdaq lost 5%, marking the worst trading day for stocks since 2020.", "source_name": "Cointelegraph", "date": "Thu, 05 May 2022 16:36:38 -0400", "topics": [], "sentiment": "Negative", "type": "Article", "tickers": ["BTC"]}, {"news_url": "https://news.bitcoin.com/finders-fintech-specialists-predict-xrp-jumping-to-2-55-by-december-2022/", "image_url": "https://crypto.snapi.dev/images/v1/k/9/shutterstock-1928154947-137268.jpg", "title": "Finder's Fintech Specialists Predict XRP Jumping to $2.55 by December 2022", "text": "On May 4, the product comparison platform finder\u2024com published a ripple price prediction report that polls 36 fintech specialists. According to findings stemming from the participating panelists, ripple could jump to $2.55 per unit by December 2022. However, the prediction relies on Ripple Labs winning or settling its lawsuit with the U.S. Securities and Exchange [\u2026]", "source_name": "Bitcoin", "date": "Thu, 05 May 2022 16:30:15 -0400", "topics": [], "sentiment": "Positive", "type": "Article", "tickers": ["XRP"]}, {"news_url": "https://thenewscrypto.com/bitcoin-btc-price-plummets-10-following-sharp-decline-on-wall-street/?SNAPI", "image_url": "https://crypto.snapi.dev/images/v1/s/i/mode-enters-partnership-with-heroes-to-pay-employees-in-bitcoin-137266.jpg", "title": "Bitcoin (BTC) Price Plummets 10% Following Sharp Decline on Wall Street", "text": "The Bank of England issued a warning on inflation on Thursday. 97% of the firms included in this S&P 500", "source_name": "TheNewsCrypto", "date": "Thu, 05 May 2022 16:30:00 -0400", "topics": [], "sentiment": "Negative", "type": "Article", "tickers": ["BTC"]}, {"news_url": "https://www.reuters.com/technology/block-swings-quarterly-loss-bitcoin-boost-fades-2022-05-05/", "image_url": "https://crypto.snapi.dev/images/v1/f/z/oz6cvp422vij5a6uaci72vhusy-137265.jpg", "title": "Block swings to quarterly loss as bitcoin boost fades", "text": "Block Inc , the payments company led by Jack Dorsey, on Thursday reported a loss for the first quarter as demand for bitcoin softened due to a decline in cryptocurrency prices.", "source_name": "Reuters", "date": "Thu, 05 May 2022 16:18:53 -0400", "topics": [], "sentiment": "Negative", "type": "Article", "tickers": ["BTC"]}, {"news_url": "https://www.theblockcrypto.com/post/145363/block-reports-1-73-billion-in-bitcoin-sales-via-cash-app-during-q1-2022", "image_url": "https://crypto.snapi.dev/images/v1/m/4/20200511-cash-app-800x450-137263.jpg", "title": "Block reports $1.73 billion in bitcoin sales via Cash App during Q1 2022", "text": "Block said Thursday that Cash App saw $1.73 billion worth of bitcoin sales during 2022's first quarter. The post Block reports $1.73 billion in bitcoin sales via Cash App during Q1 2022 appeared first on The Block.", "source_name": "The Block", "date": "Thu, 05 May 2022 16:17:51 -0400", "topics": [], "sentiment": "Neutral", "type": "Article", "tickers": ["BTC"]}, {"news_url": "https://dailyhodl.com/2022/05/05/bitcoin-btc-is-the-least-risky-thing-to-have-in-a-retirement-portfolio-says-microstrategy-ceo-michael-saylor/", "image_url": "https://crypto.snapi.dev/images/v1/h/q/bitcoin-least-riskyjpgw1024-137259.jpg", "title": "Bitcoin (BTC) Is the Least Risky Thing To Have in a Retirement Portfolio, Says MicroStrategy CEO Michael Saylor", "text": "MicroStrategy founder and CEO Michael Saylor says that people should add crypto to their retirement portfolio following Fidelity Investments' decision to launch a Bitcoin (BTC) option for its 401(k) plans. During Microstrategy's Q1 earnings conference call on Tuesday, Saylor says that the leading cryptocurrency is a far better asset than gold. \u201cTo call it digital [\u2026] The post Bitcoin (BTC) Is the Least Risky Thing To Have in a Retirement Portfolio, Says MicroStrategy CEO Michael Saylor appeared first on The Daily Hodl.", "source_name": "The Daily Hodl", "date": "Thu, 05 May 2022 16:00:40 -0400", "topics": [], "sentiment": "Neutral", "type": "Article", "tickers": ["BTC"]}, {"news_url": "https://dailyhodl.com/2022/05/05/top-crypto-trader-says-altcoins-are-ready-to-pop-outlines-whats-ahead-for-bitcoin-btc/", "image_url": "https://crypto.snapi.dev/images/v1/i/i/altcoins-pop-outlinesjpgw1024-137257.jpg", "title": "Top Crypto Trader Says Altcoins Are Ready To Pop, Outlines What's Ahead for Bitcoin (BTC)", "text": "A widely-followed crypto analyst says the altcoin markets are ready to explode while examining what Bitcoin (BTC) must do to stay ahead. Crypto trader Micha\u00ebl van de Poppe\u00a0tells\u00a0his 592,400 Twitter followers that the altcoin market cap will grow by at least 25% in the coming months. \u201cSeems likely to me that the altcoin market capitalization [\u2026] The post Top Crypto Trader Says Altcoins Are Ready To Pop, Outlines What's Ahead for Bitcoin (BTC) appeared first on The Daily Hodl.", "source_name": "The Daily Hodl", "date": "Thu, 05 May 2022 15:55:25 -0400", "topics": [], "sentiment": "Neutral", "type": "Article", "tickers": ["BTC"]}, {"news_url": "https://www.fool.com/investing/stock-market/market-sectors/financials/cryptocurrency-stocks/polkadot/", "image_url": "https://crypto.snapi.dev/images/v1/p/g/urlhttps3a2f2fgfoolcdncom2feditorial2fimages2f6728942fpeopleusingdevicesjpgw700opresize-137275.jpg", "title": "What Is Polkadot (DOT)?", "text": "There are quite a few blockchain platforms out there, and Polkadot aims to bridge the gap between them.", "source_name": "The Motley Fool", "date": "Thu, 05 May 2022 15:39:43 -0400", "topics": [], "sentiment": "Neutral", "type": "Article", "tickers": ["DOT"]}, {"news_url": "https://coinfomania.com/terra-buys-1-5b-worth-btc/", "image_url": "https://crypto.snapi.dev/images/v1/h/i/historically-accurate-bitcoin-markerjpgw1024-136764-137254.jpg", "title": "Luna Foundation Purchases Additional $1.5B in Bitcoin to Bolster TerraUSD (UST) Reserve", "text": "The Luna Foundation Guard (LFG), a non-profit and the team behind Terra (LUNA)\u00a0announced today that it has purchased an additional 37,863 bitcoins worth $1.5 billion to bolster its UST stablecoin reserve. 1/ The LFG has acquired an additional 37,863 Bitcoins totaling ~$1.5 billion in OTC swaps with @GenesisTrading and 3AC.", "source_name": "Coinfomania", "date": "Thu, 05 May 2022 15:36:16 -0400", "topics": [], "sentiment": "Positive", "type": "Article", "tickers": ["BTC", "LUNA", "UST"]}, {"news_url": "https://coingape.com/?p=111620", "image_url": "https://crypto.snapi.dev/images/v1/u/y/xrp-logo-featured-e1649338133335-137251.png", "title": "Ripple Price Analysis: Approaches Five-month Low; No Ray Of Light for XRP?", "text": "XRP price started the session on a higher note but failed to retain the gains. The upside momentum vanished quickly with a sharp reversal in the price.", "source_name": "Coingape", "date": "Thu, 05 May 2022 15:35:11 -0400", "topics": ["tanalysis"], "sentiment": "Negative", "type": "Article", "tickers": ["XRP"]}, {"news_url": "https://cryptoslate.com/btc-sinks-as-it-follows-wall-street-can-it-still-be-an-inflation-hedge/", "image_url": "https://crypto.snapi.dev/images/v1/v/q/bitcoin-sinks-137249.jpg", "title": "BTC sinks as it follows Wall Street \u2013 Can it still be an \u201cinflation hedge\u201d?", "text": "After the post-FED meeting announcement, Bitcoin rose steeply to test the $40K resistance. The post BTC sinks as it follows Wall Street \u2013 Can it still be an \u201cinflation hedge\u201d?", "source_name": "CryptoSlate", "date": "Thu, 05 May 2022 15:31:17 -0400", "topics": [], "sentiment": "Negative", "type": "Article", "tickers": ["BTC"]}, {"news_url": "https://bitcoinmagazine.com/markets/so-what-if-bitcoin-fee-revenue-is-low", "image_url": "https://crypto.snapi.dev/images/v1/9/c/20220504-btcfinal-zack-voell-so-what-if-bitcoin-miners-fees-are-low-137248.png", "title": "So What If Bitcoin Miner's Fee Revenue Is Low?", "text": "Much discussion has centered around the implications of decreasing fee revenue for bitcoin miners \u2014 why is it happening and what does it mean?", "source_name": "Bitcoin Magazine", "date": "Thu, 05 May 2022 15:30:00 -0400", "topics": ["mining"], "sentiment": "Neutral", "type": "Article", "tickers": ["BTC"]}, {"news_url": "https://cryptobriefing.com/terras-lfg-acquires-1-5b-more-bitcoin-with-3acs-help/?utm_source=feed&utm_medium=rss", "image_url": "https://crypto.snapi.dev/images/v1/t/d/terra-luna-could-be-due-correction-cover-838x440-137247.png", "title": "Terra's LFG Acquires $1.5B More Bitcoin\u2014With 3AC's Help\u00a0", "text": "The Luna Foundation Guard has bought another 37,863 Bitcoin.", "source_name": "Crypto Briefing", "date": "Thu, 05 May 2022 15:25:43 -0400", "topics": [], "sentiment": "Positive", "type": "Article", "tickers": ["BTC", "LUNA"]}, {"news_url": "https://bitcoinmagazine.com/business/luna-foundation-now-holds-more-bitcoin-than-tesla", "image_url": "https://crypto.snapi.dev/images/v1/l/3/bitcoin-coin-137245.jpg", "title": "Luna Foundation Surpasses Tesla As Second Largest Corporate Holder Of Bitcoin", "text": "Luna Foundation Guard has acquired an additional $1.5 billion of BTC, surpassing Tesla as the second largest corporate holder of BTC valued over $3 billion.", "source_name": "Bitcoin Magazine", "date": "Thu, 05 May 2022 15:11:16 -0400", "topics": [], "sentiment": "Positive", "type": "Article", "tickers": ["BTC", "LUNA"]}, {"news_url": "https://www.newsbtc.com/news/bitcoin/bitcoin-long-squeeze-incoming-funding-rates-up/", "image_url": "https://crypto.snapi.dev/images/v1/l/q/andre-francois-mckenzie-vh7u-z75l3u-unsplash-scaled-136743-137240.jpg", "title": "Bitcoin Long Squeeze Incoming? Funding Rates Surge Up", "text": "On-chain data shows the Bitcoin funding rates have observed a rise again, suggesting that another long squeeze may be in store for the crypto. Bitcoin Funding Rates Show Relatively High Positive Value As explained by an analyst in a CryptoQaunt post, the current positive funding rates may mean the price could observe a decline soon.", "source_name": "NewsBTC", "date": "Thu, 05 May 2022 15:00:38 -0400", "topics": [], "sentiment": "Neutral", "type": "Article", "tickers": ["BTC"]}, {"news_url": "https://bitcoinist.com/bitcoin-bullish-signal-netflow-sharp-negative-spike/", "image_url": "https://crypto.snapi.dev/images/v1/r/x/btc-fastest-horsejpgw1024-136797-137241.jpg", "title": "Bitcoin Bullish Signal: Netflow Observes Sharp Negative Spike", "text": "On-chain data shows Bitcoin netflows have observed a sharp negative spike recently, a sign that could be bullish for the crypto. Bitcoin Netflows Show 13.7k BTC Exited Exchanges In A Single Day As pointed out by an analyst in a CryptoQuant post, the BTC netflow has observed a sharp negative value recently.", "source_name": "Bitcoinist", "date": "Thu, 05 May 2022 15:00:05 -0400", "topics": [], "sentiment": "Positive", "type": "Article", "tickers": ["BTC"]}, {"news_url": "https://u.today/bitcoin-getting-obliterated-as-dollar-index-surges-to-highest-level-in-decades?SNAPI", "image_url": "https://crypto.snapi.dev/images/v1/c/g/13982-137238.jpg", "title": "Bitcoin Getting Obliterated as Dollar Index Surges to Highest Level in Decades", "text": "King Dollar has reached the highest level in two decades against a basket of other top fiat currencies as Bitcoin keeps getting pummeled", "source_name": "UToday", "date": "Thu, 05 May 2022 14:55:00 -0400", "topics": [], "sentiment": "Positive", "type": "Article", "tickers": ["BTC"]}, {"news_url": "https://www.youtube.com/watch?v=HIwNIfg-UaA", "image_url": "https://crypto.snapi.dev/images/v1/y/5/bic-btc-on-chain-analysis-136897-137239.jpg", "title": "Bitcoin Plunges Amid Stock Market Sell-Off, Developer Jeremy Rubin on BIP119 Controversy", "text": "Why the sudden turnaround in bitcoin and the broader markets? Bitwise Chief Investment Officer Matt Hougan joins \"All About Bitcoin\" to discuss.", "source_name": "Coindesk", "date": "Thu, 05 May 2022 14:52:49 -0400", "topics": [], "sentiment": "Negative", "type": "Video", "tickers": ["BTC"]}, {"news_url": "https://www.financemagnates.com/cryptocurrency/gem-bitcoin-production-falls-in-april-despite-increase-in-active-miner-fleet/", "image_url": "https://crypto.snapi.dev/images/v1/i/s/3bb1e737c4393f898c1c6ba9613e8894b1b7adda303eea3b634a7b79ca020cfc-136909-137234.jpg", "title": "GEM Bitcoin Production Falls in April despite Increase in Active Miner Fleet", "text": "GEM Mining, a United States institutional-grade Bitcoin (BTC) mining company, saw a 3.2% fall in its BTC mining production in April despite increasing its active miner fleet by 1%.", "source_name": "FinanceMagnates", "date": "Thu, 05 May 2022 14:49:00 -0400", "topics": ["mining"], "sentiment": "Negative", "type": "Article", "tickers": ["BTC"]}, {"news_url": "https://www.fool.com/investing/2022/05/05/why-bitcoin-riot-blockchain-and-coinbase-are-falli/", "image_url": "https://crypto.snapi.dev/images/v1/b/i/bitcoin-prestito-300x200-136891-137236.jpg", "title": "Why Bitcoin, Riot Blockchain, and Coinbase Are Falling Today", "text": "Bitcoin, other cryptocurrencies, and crypto stocks seemed to be moving in line with broader markets today.", "source_name": "The Motley Fool", "date": "Thu, 05 May 2022 14:47:57 -0400", "topics": [], "sentiment": "Negative", "type": "Article", "tickers": ["BTC"]}, {"news_url": "https://cointelegraph.com/news/descending-channel-pattern-and-weak-futures-data-continue-to-constrain-ethereum-price", "image_url": "https://crypto.snapi.dev/images/v1/i/w/840-ahr0chm6ly9zmy5jb2ludgvszwdyyxbolmnvbs91cgxvywrzlziwmjitmduvy2fmownhmzgtymqymy00m2njlwfjnjetmjlkntg0ztczndazlmpwzw-137232.jpg", "title": "Descending channel pattern and weak futures data continue to constrain Ethereum price", "text": "ETH derivatives metrics and technical analysis point toward further downside for Ethereum price.", "source_name": "Cointelegraph", "date": "Thu, 05 May 2022 14:42:42 -0400", "topics": ["futures"], "sentiment": "Negative", "type": "Article", "tickers": ["ETH"]}, {"news_url": "https://news.bitcoin.com/luna-foundation-acquires-1-4-billion-in-bitcoin-decentralized-reserve-stash-rises-to-80394-btc/", "image_url": "https://crypto.snapi.dev/images/v1/o/s/luna-foundation-acquires-1-4-billion-in-bitcoin-decentralized-reserve-stash-rises-to-80394-btc-137226.jpg", "title": "Luna Foundation Acquires $1.4 Billion in Bitcoin, Decentralized Reserve Stash Rises to 80,394 BTC", "text": "According to a report published on Thursday, the Luna Foundation Guard (LFG) explained that it acquired 37,863 bitcoin worth more than $1.4 billion through two over-the-counter deals. The LFG now holds 80,394 bitcoin in its reserves currently worth just under $3 billion using today's exchange rates. Luna Foundation Guard Scoops up 37,863 Bitcoin On May [\u2026]", "source_name": "Bitcoin", "date": "Thu, 05 May 2022 14:30:36 -0400", "topics": [], "sentiment": "Positive", "type": "Article", "tickers": ["BTC", "LUNA"]}, {"news_url": "https://markets.businessinsider.com/news/currencies/bitcoin-price-craters-interest-rates-federal-reserve-stock-market-selloff-2022-5", "image_url": "https://crypto.snapi.dev/images/v1/f/0/6273fc13a6a880001827b962formatjpeg-137201.jpg", "title": "Bitcoin craters 7% amid broader stock market sell-off, reinforcing its high correlation to risk assets", "text": "The back and forth between up and down days in bitcoin and the stock market partially deflates the argument that bitcoin is a hedge against inflation.", "source_name": "Business Insider", "date": "Thu, 05 May 2022 14:27:00 -0400", "topics": [], "sentiment": "Negative", "type": "Article", "tickers": ["BTC"]}, {"news_url": "https://bitcoinist.com/bitcoin-mining-rigs-could-heat-vancouver-homes/", "image_url": "https://crypto.snapi.dev/images/v1/l/h/vancouver-g91779f871-1280-629x420-137219.jpg", "title": "Bitcoin Mining Rigs Could Heat Vancouver Homes Next Year. Take That, ESG FUD", "text": "The city of Vancouver could soon take a step into the future. As New York is about to take the Chinese route and cut itself from yet another industry, Vancouver considers \u201cusing an unconventional method: harnessing the heat emitted from\u201d bitcoin mining.", "source_name": "Bitcoinist", "date": "Thu, 05 May 2022 14:16:42 -0400", "topics": ["mining"], "sentiment": "Neutral", "type": "Article", "tickers": ["BTC"]}, {"news_url": "https://decrypt.co/99567/luna-foundation-guard-buys-another-1-5b-bitcoin-back-terra-stablecoin", "image_url": "https://crypto.snapi.dev/images/v1/s/a/bitcoin-crypto-investment-gid-2-137220.jpeg", "title": "Luna Foundation Guard Buys Another $1.5B in Bitcoin to Back Terra Stablecoin", "text": "\u201cFor the first time, you're starting to see a pegged currency that is attempting to observe the bitcoin standard,\u201d said Terra co-founder Do Kwon.", "source_name": "Decrypt", "date": "Thu, 05 May 2022 14:13:02 -0400", "topics": ["stablecoins"], "sentiment": "Positive", "type": "Article", "tickers": ["BTC", "LUNA"]}, {"news_url": "https://www.thecryptoupdates.com/california-passed-a-bill-that-encourages-bitcoin-and-crypto-adoption/", "image_url": "https://crypto.snapi.dev/images/v1/w/q/california-480x320-137217.jpg", "title": "California passed a bill that encourages bitcoin and crypto adoption", "text": "Crypto influencer Lark Davis recently tweeted, breaking the news that California has passed a bill that encourages bitcoin and crypto adoption. California passed a bill...", "source_name": "TCU", "date": "Thu, 05 May 2022 14:09:04 -0400", "topics": [], "sentiment": "Positive", "type": "Article", "tickers": ["BTC"]}, {"news_url": "https://dailyhodl.com/2022/05/05/veteran-trader-tone-vays-issues-bitcoin-btc-alert-says-critical-low-incoming/", "image_url": "https://crypto.snapi.dev/images/v1/h/c/tone-issues-alertjpgw1024-137216.jpg", "title": "Veteran Trader Tone Vays Issues Bitcoin (BTC) Alert, Says \u2018Critical Low' Incoming", "text": "Veteran crypto trader Tone Vays is updating his Bitcoin (BTC) forecast in the wake of the Federal Reserve's interest rate hike which saw BTC experience volatile price action. In a new strategy session, Vays tells his 120,000 YouTube subscribers that Bitcoin's near-instant 3% rise from $38,766 to $39,935 yesterday was most likely a dead cat [\u2026] The post Veteran Trader Tone Vays Issues Bitcoin (BTC) Alert, Says \u2018Critical Low' Incoming appeared first on The Daily Hodl.", "source_name": "The Daily Hodl", "date": "Thu, 05 May 2022 14:05:20 -0400", "topics": [], "sentiment": "Negative", "type": "Article", "tickers": ["BTC"]}, {"news_url": "https://beincrypto.com/reserve-risk-oversold-for-five-months-btc-on-chain-analysis/", "image_url": "https://crypto.snapi.dev/images/v1/x/5/bic-on-chain-btc-network-bear-marketjpgoptimal-137218.jpg", "title": "Reserve Risk Has Been Oversold For Five Months: BTC On-Chain Analysis", "text": "Be[In]Crypto takes a look at the reserve risk on-chain indicator and its components, to determine if\u00a0BTC has bottomed. The post Reserve Risk Has Been Oversold For Five Months: BTC On-Chain Analysis appeared first on BeInCrypto.", "source_name": "BeInCrypto", "date": "Thu, 05 May 2022 14:02:00 -0400", "topics": [], "sentiment": "Neutral", "type": "Article", "tickers": ["BTC"]}, {"news_url": "https://bitcoinmagazine.com/culture/fiat-mindsets-in-a-bitcoin-world", "image_url": "https://crypto.snapi.dev/images/v1/f/q/gucci-bitcoin-300x200-136972-137212.png", "title": "\u201cFiat\u201d Mindsets In A Bitcoin World \u2014 Just Trust Me", "text": "Productive discourse requires the same attributes of \u201cverify, don't trust\u201d that Bitcoiners espouse yet so often lack.", "source_name": "Bitcoin Magazine", "date": "Thu, 05 May 2022 14:00:00 -0400", "topics": [], "sentiment": "Neutral", "type": "Article", "tickers": ["BTC"]}, {"news_url": "https://investorplace.com/2022/05/polkadots-new-cross-chain-messaging-tech-cant-save-falling-dot-crypto-prices/", "image_url": "https://crypto.snapi.dev/images/v1/s/a/crypto5-137215.jpg", "title": "Polkadot's New Cross-Chain Messaging Tech Can't Save Falling DOT Crypto Prices", "text": "Polkadot is ushering out a new messaging system to remove bridges from its network. Still, the DOT crypto is suffering from a downside.", "source_name": "Investorplace", "date": "Thu, 05 May 2022 13:59:13 -0400", "topics": [], "sentiment": "Negative", "type": "Article", "tickers": ["DOT"]}, {"news_url": "https://decrypt.co/99557/moonbirds-solana-boost-nft-market-april-sales-jump", "image_url": "https://crypto.snapi.dev/images/v1/b/q/gabriela-gomez-3nxyodgx254-unsplash-2-134754-137214.jpg", "title": "Moonbirds, Solana Boost NFT Market in April as Sales Jump 45%", "text": "So much for a slump: NFT trading volume soared last month, and May is already off to a hot start thanks to Bored Ape metaverse land.", "source_name": "Decrypt", "date": "Thu, 05 May 2022 13:57:33 -0400", "topics": ["NFT"], "sentiment": "Positive", "type": "Article", "tickers": ["SOL"]}, {"news_url": "https://www.theblockcrypto.com/linked/145316/bitcoins-price-tumbles-as-much-as-7-during-financial-markets-tumult", "image_url": "https://crypto.snapi.dev/images/v1/e/9/20211001-bitcoin-generic-halving-800x450-137210.jpg", "title": "Bitcoin's price tumbles as much as 7% during financial markets tumult", "text": "Cryptocurrency prices fell across the board on Thursday, with bitcoin dropping as much as 7% \u2014 a move that came in tandem with a broader decline in financial markets. Bitcoin's price dropped down from about $39,500 at 9 a.m. ET to as low as $36,863.93 as of 1 p.m. ET, according to Coinbase data. At [\u2026] The post Bitcoin's price tumbles as much as 7% during financial markets tumult appeared first on The Block.", "source_name": "The Block", "date": "Thu, 05 May 2022 13:56:33 -0400", "topics": [], "sentiment": "Negative", "type": "Article", "tickers": ["BTC"]}, {"news_url": "https://coinmarketcap.com/alexandria/article/bitcoin-falls-to-two-month-lows-as-wall-street-panics-about-threat-of-a-recession", "image_url": "https://crypto.snapi.dev/images/v1/j/w/da2295985825481ab73a0d55aff24931-137206.jpg", "title": "Bitcoin Falls to Two-Month Lows as Wall Street Panics about Threat of a Recession", "text": "After rallying toward $40,000 on Wednesday, immediately after the Fed announced it was increasing interest rates, BTC shed close to $3,000 in the space of three hours on Thursday.", "source_name": "CoinMarketCap", "date": "Thu, 05 May 2022 13:48:51 -0400", "topics": [], "sentiment": "Negative", "type": "Article", "tickers": ["BTC"]}, {"news_url": "https://www.cryptopolitan.com/bitcoin-price-analysis-2022-05-05/", "image_url": "https://crypto.snapi.dev/images/v1/x/z/bitcoin-price-analysis-2022-05-05-137205.png", "title": "Bitcoin price analysis: BTC breaks $37,500 previous low, finds support at $36,500", "text": "Bitcoin price analysis is bullish today as we have seen a strong drop below the previous low and support found at $36,500. Therefore, BTC/USD will likely soon reverse and retrace some of the loss.", "source_name": "Cryptopolitan", "date": "Thu, 05 May 2022 13:47:44 -0400", "topics": ["tanalysis"], "sentiment": "Negative", "type": "Article", "tickers": ["BTC"]}, {"news_url": "https://cointelegraph.com/news/bitcoin-price-hits-10-week-lows-as-40k-spike-becomes-nasty-bull-trap", "image_url": "https://crypto.snapi.dev/images/v1/6/0/840-ahr0chm6ly9zmy5jb2ludgvszwdyyxbolmnvbs91cgxvywrzlziwmjitmduvodiwnme4ytmtmmq1ms00njm3lthiztutmzixmdbhnwy5zwmylmpwzw-137204.jpg", "title": "Bitcoin price hits 10-week lows as $40K spike becomes 'nasty bull trap'", "text": "A full reversal and then some for BTC means that bulls are coming to terms with months of ground given up.", "source_name": "Cointelegraph", "date": "Thu, 05 May 2022 13:39:55 -0400", "topics": [], "sentiment": "Negative", "type": "Article", "tickers": ["BTC"]}, {"news_url": "https://decrypt.co/99481/5-biggest-ethereum-killers", "image_url": "https://crypto.snapi.dev/images/v1/l/i/lions-hunting-zebras-gid-4-137256.jpeg", "title": "5 Biggest 'Ethereum Killers'", "text": "Everyone wants to take down Ethereum, the biggest blockchain network for smart contracts.", "source_name": "Decrypt", "date": "Thu, 05 May 2022 13:38:52 -0400", "topics": [], "sentiment": "Positive", "type": "Article", "tickers": ["ADA", "AVAX", "DOT", "LUNA", "SOL"]}, {"news_url": "https://www.theblockcrypto.com/post/144954/a-look-at-the-trends-driving-down-gpu-prices-and-what-this-means-for-ethereum-miners", "image_url": "https://crypto.snapi.dev/images/v1/m/o/211203-ethereum-general2-800x450-137203.jpg", "title": "A look at the trends driving down GPU prices \u2014 and what this means for Ethereum miners", "text": "Prices for GPUs have been steadily declining for the past few months, as demand from Etherium miners seems to be dwindling. The post A look at the trends driving down GPU prices \u2014 and what this means for Ethereum miners appeared first on The Block.", "source_name": "The Block", "date": "Thu, 05 May 2022 13:36:18 -0400", "topics": ["mining"], "sentiment": "Neutral", "type": "Article", "tickers": ["ETH"]}, {"news_url": "https://ambcrypto.com/does-ethereums-eth-macro-trend-point-towards-more-upside/", "image_url": "https://crypto.snapi.dev/images/v1/n/3/zoltan-tasi-unxmhzcqjxg-unsplash-scaled-e1651742353260-137200.jpg", "title": "Does Ethereum's [ETH] macro trend point towards more upside", "text": "ETH achieved a healthy pump during 4 May's trading session after a 50 basis point rate hike was announced. The cryptocurrency has been trading within a falling wedge pattern for almost four weeks but it broke out of its resistance line after the announcement.", "source_name": "AMBCrypto", "date": "Thu, 05 May 2022 13:30:52 -0400", "topics": [], "sentiment": "Positive", "type": "Article", "tickers": ["ETH"]}, {"news_url": "https://coingape.com/?p=111606", "image_url": "https://crypto.snapi.dev/images/v1/8/c/terra-luna-137199.jpg", "title": "Terra Buys Another $1.5 Billion Worth of Bitcoins, Stablecoin TerraUSD Enters Top Ten List", "text": "The Luna Foundation Guard, the parent organization behind the Terra blockchain, has purchased another $1.5 billion in Bitcoins. The recent purchase comes when Bitcoin (BTC) is down by 5% at press time and trading at around $37,000.", "source_name": "Coingape", "date": "Thu, 05 May 2022 13:28:22 -0400", "topics": ["stablecoins", "bitcoin"], "sentiment": "Positive", "type": "Article", "tickers": ["BTC", "LUNA", "UST"]}, {"news_url": "https://decrypt.co/99550/bitcoin-price-drops-market-rally-fades", "image_url": "https://crypto.snapi.dev/images/v1/t/z/shutterstock-1064227739-gid-4-137198.jpg", "title": "Bitcoin Drops 5% as Fed-Fueled Market Rally Fades", "text": "Following hawkish comments from the Fed, crypto and stocks alike have faced a serious bout of volatility over the past day.", "source_name": "Decrypt", "date": "Thu, 05 May 2022 13:21:33 -0400", "topics": [], "sentiment": "Negative", "type": "Article", "tickers": ["BTC"]}, {"news_url": "https://cryptopotato.com/after-el-salvador-imf-now-concerned-of-bitcoins-adoption-in-the-central-african-republic/", "image_url": "https://crypto.snapi.dev/images/v1/n/e/imf-137197.jpg", "title": "After El Salvador, IMF Now Concerned of Bitcoin's Adoption in the Central African Republic", "text": "The IMF said CAR putting Bitcoin as its official currency may raise a series of challenges, including financial instability and financial legal uncertainties.", "source_name": "CryptoPotato", "date": "Thu, 05 May 2022 13:20:04 -0400", "topics": [], "sentiment": "Negative", "type": "Article", "tickers": ["BTC"]}, {"news_url": "https://www.theblockcrypto.com/post/145289/luna-foundation-guard-buys-additional-1-5-billion-in-bitcoin-backing-for-ust", "image_url": "https://crypto.snapi.dev/images/v1/e/5/20220218-luna-lfg-bitcoin-reserve-800x450-137188.jpg", "title": "Luna Foundation Guard buys additional $1.5 billion in bitcoin backing for UST", "text": "The Luna Foundation Guard now holds $3 billion worth of bitcoin as reserve backing for the TerraUsD (UST) stablecoin. The post Luna Foundation Guard buys additional $1.5 billion in bitcoin backing for UST appeared first on The Block.", "source_name": "The Block", "date": "Thu, 05 May 2022 13:12:36 -0400", "topics": [], "sentiment": "Positive", "type": "Article", "tickers": ["BTC", "LUNA"]}, {"news_url": "https://www.newsbtc.com/analysis/btc/bitcoin-futures-and-spot-signals-dont-match-up/", "image_url": "https://crypto.snapi.dev/images/v1/h/7/istock-1294571597-137181.jpg", "title": "One Coin, Two Trades: Why Bitcoin Futures And Spot Signals Don't Match Up", "text": "Bitcoin price bounced to the tune of 5% following yesterday's Federal Reserve meeting. However, the move has almost fully retraced.", "source_name": "NewsBTC", "date": "Thu, 05 May 2022 13:01:08 -0400", "topics": ["futures"], "sentiment": "Neutral", "type": "Article", "tickers": ["BTC"]}, {"news_url": "https://thecurrencyanalytics.com/altcoins/ripple-reigns-and-innovation-continues-despite-xrp-sec-issue-41219.php", "image_url": "https://crypto.snapi.dev/images/v1/z/n/ripple-reigns-and-innovation-continues-despite-xrp-sec-issue-137180.jpg", "title": "Ripple Reigns and Innovation Continues Despite XRP SEC Issue", "text": "Catch up on the latest crypto market news at The Currency Analytics. XRP provides for a unique profit opportunity because of the SEC lawsuit.", "source_name": "The Currency Analytics", "date": "Thu, 05 May 2022 13:00:49 -0400", "topics": ["regulations"], "sentiment": "Positive", "type": "Article", "tickers": ["XRP"]}], "total_pages": 44}