{"data": [{"news_url": "https://news.bitcoin.com/fresh-gains-push-bitcoin-back-into-the-worlds-top-10-most-valuable-assets/", "image_url": "https://crypto.snapi.dev/images/v1/e/i/papazz-147363.jpg", "title": "Fresh Gains Push Bitcoin Back Into the World's Top 10 Most Valuable Assets", "text": "While bitcoin has lost more than 16% in value against the U.S. dollar during the past 30 days, the cryptocurrency's market capitalization is still the tenth-largest asset by market valuation. With $603 billion in market value, bitcoin is above Meta's (formally Facebook) capitalization and just below Berkshire Hathaway's overall valuation. Despite Losing Over 16% in [\u2026]", "source_name": "Bitcoin", "date": "Tue, 31 May 2022 14:30:28 -0400", "topics": [], "sentiment": "Positive", "type": "Article", "tickers": ["BTC"]}, {"news_url": "https://bitcoinmagazine.com/culture/bitcoin-developers-have-technical-expertise", "image_url": "https://crypto.snapi.dev/images/v1/k/0/marco-falke-147362.png", "title": "Bitcoin Developers Have Technical Expertise That Users Don't", "text": "Bitcoin is defined by its users, but how many node operators understand and verify protocol changes on a nuanced and deeply technical level?", "source_name": "Bitcoin Magazine", "date": "Tue, 31 May 2022 14:30:00 -0400", "topics": ["tanalysis"], "sentiment": "Neutral", "type": "Article", "tickers": ["BTC"]}, {"news_url": "https://www.cryptopolitan.com/fidelity-plans-to-double-its-staff/", "image_url": "https://crypto.snapi.dev/images/v1/v/n/staff-147360.png", "title": "Fidelity plans to double its staff and offer Ethereum custody", "text": "Blockchain Engineers, Developers, and Programmers are in high demand as Bitcoin and Ethereum continue to struggle in the market. Fidelity now offers Ethereum trading and custody services following the launch of a similar service for Bitcoin.", "source_name": "Cryptopolitan", "date": "Tue, 31 May 2022 14:27:41 -0400", "topics": [], "sentiment": "Positive", "type": "Article", "tickers": ["ETH"]}, {"news_url": "https://thenewscrypto.com/ripple-planning-to-setup-office-in-silicon-valley-of-india/?SNAPI", "image_url": "https://crypto.snapi.dev/images/v1/i/a/6-xrp-price-to-hit-1-but-when-ripple-price-action-seems-bullish-147352.jpg", "title": "Ripple Planning to Setup Office in Silicon Valley of India", "text": "Many Central Bank Digital Currency (CBDC) initiatives will be under supervision. Ripple has attempted to enter the Indian market before.", "source_name": "TheNewsCrypto", "date": "Tue, 31 May 2022 14:09:01 -0400", "topics": [], "sentiment": "Neutral", "type": "Article", "tickers": ["XRP"]}, {"news_url": "https://dailyhodl.com/2022/05/31/asset-management-titan-fidelity-to-offer-ethereum-eth-trading-and-custody-services-report/", "image_url": "https://crypto.snapi.dev/images/v1/m/c/titan-fidelity-offerjpgw1024-147350.jpg", "title": "Asset Management Titan Fidelity To Offer Ethereum (ETH) Trading and Custody Services: Report", "text": "Financial services giant Fidelity is reportedly preparing to expand its crypto assets division, which is focused on appealing to institutional investors. In a new report, the Wall Street Journal says that Fidelity Digital Asset Services will be doubling its roster of crypto assets beyond that of just Bitcoin (BTC) to include leading smart contract platform [\u2026] The post Asset Management Titan Fidelity To Offer Ethereum (ETH) Trading and Custody Services: Report appeared first on The Daily Hodl.", "source_name": "The Daily Hodl", "date": "Tue, 31 May 2022 14:05:33 -0400", "topics": [], "sentiment": "Positive", "type": "Article", "tickers": ["ETH"]}, {"news_url": "https://bitcoinist.com/crypto-mining-fees-reach-1-5m-in-kazakhstan/", "image_url": "https://crypto.snapi.dev/images/v1/2/t/crypto-15-640x359-147351.jpg", "title": "Crypto Mining: Kazakhstan Collects $1.5M In Fees From Bitcoin Miners", "text": "Crypto mining is proving to be one of Kazakhstan's important lifelines. According to a document released by the State Revenue Committee of Kazakhstan's Ministry of Finance on Tuesday, Bitcoin mining revenues flowed in from 12 different regions of the country.", "source_name": "Bitcoinist", "date": "Tue, 31 May 2022 14:05:28 -0400", "topics": ["mining"], "sentiment": "Neutral", "type": "Article", "tickers": ["BTC"]}, {"news_url": "https://www.newsbtc.com/news/ethereum/how-this-achievement-brought-ethereum-closer-to-the-merge/", "image_url": "https://crypto.snapi.dev/images/v1/g/l/shutter-speed-ydhgd6-tic-unsplash-147347.jpg", "title": "How This Achievement Brought Ethereum Closer To The Merge", "text": "Ethereum is making progress towards its transition from a Proof-of-Work (PoW) consensus to a Proof-of-Stake consensus algorithm. In an event dubbed as \u201cThe Merge\u201d, the current network and its decentralized application will begin operating on the latter.", "source_name": "NewsBTC", "date": "Tue, 31 May 2022 14:00:20 -0400", "topics": [], "sentiment": "Positive", "type": "Article", "tickers": ["ETH"]}, {"news_url": "https://cointelegraph.com/news/bitcoin-price-rallies-to-32-3k-but-three-factors-could-limit-its-recovery", "image_url": "https://crypto.snapi.dev/images/v1/e/r/840-ahr0chm6ly9zmy5jb2ludgvszwdyyxbolmnvbs91cgxvywrzlziwmjitmduvmtnjnti3ntqtmzbknc00mzq0ltgwotgtzjk3mjm0zje5zti0lmpwzw-147345.jpg", "title": "Bitcoin price rallies to $32.3K, but three factors could limit its recovery", "text": "BTC bulls pressed the price to $33,300, but significant tailwinds in traditional markets could continue to weigh on Bitcoin price.", "source_name": "Cointelegraph", "date": "Tue, 31 May 2022 13:50:15 -0400", "topics": [], "sentiment": "Positive", "type": "Article", "tickers": ["BTC"]}, {"news_url": "https://insidebitcoins.com/news/polkadot-price-prediction-for-today-may-31-dot-consolidates-near-11-resistance", "image_url": "https://crypto.snapi.dev/images/v1/e/k/crypto18-147334.jpg", "title": "Polkadot Price Prediction for Today, May 31: DOT Consolidates Near $11 Resistance", "text": "The Polkadot price prediction could break below the $9 support if the price fails to cross above the moving averages. Polkadot Prediction Statistics Data: Polkadot [.", "source_name": "Inside Bitcoins", "date": "Tue, 31 May 2022 13:33:42 -0400", "topics": ["tanalysis"], "sentiment": "Neutral", "type": "Article", "tickers": ["DOT"]}, {"news_url": "https://www.youtube.com/watch?v=Btoej9aZCKY", "image_url": "https://crypto.snapi.dev/images/v1/c/v/crypto-bitcoin-price-holds-above-31000-ethereum-moves-toward-proof-of-stake-147339.jpg", "title": "Crypto: Bitcoin price holds above $31,000, ethereum moves toward proof-of-stake", "text": "#Crypto #bitcoin #ethereum #YahooFinance Yahoo Finance's David Hollerith discusses the latest crypto news. Don't Miss: Valley of Hype: The Culture That Built Elizabeth Holmes WATCH HERE: https://youtu.be/Sb179GLPNYE Watch the 2021 Berkshire Hathaway Annual Shareholders Meeting on YouTube: https://youtu.be/gx-OzwHpM9k Subscribe to Yahoo Finance: https://yhoo.it/2fGu5Bb About Yahoo Finance: At Yahoo Finance, you get free stock quotes, up-to-date news, portfolio management resources, international market data, social interaction and mortgage rates that help you manage your financial life.", "source_name": "Yahoo Finance", "date": "Tue, 31 May 2022 13:31:34 -0400", "topics": [], "sentiment": "Positive", "type": "Video", "tickers": ["BTC", "ETH"]}, {"news_url": "https://coinpedia.org/price-analysis/ripplexrp-price-testing-an-important-region-will-it-make-it-above-0-5-or-break-down-below-0-4/", "image_url": "https://crypto.snapi.dev/images/v1/t/s/ripple-price-analysis-2022-05-08-138112-141392-143036-147325.png", "title": "Ripple(XRP) Price Testing an Important Region, Will it Make it Above $0.5 or Break Down Below $0.4?", "text": "The Ripple's XRP price was swinging within a notable symmetrical triangle ever since the markets crashed heavily in the recent past. The asset was rejected a couple of times, in an attempt to barge in through the upper resistance. And hence as the rally strength was weakened, the asset hovered within the triangle, accumulating strength \u2026", "source_name": "CoinPedia", "date": "Tue, 31 May 2022 13:26:25 -0400", "topics": [], "sentiment": "Neutral", "type": "Article", "tickers": ["XRP"]}, {"news_url": "https://coinnounce.com/ropsten-ethereum-mainnet-set-to-deploy-its-own-merge/", "image_url": "https://crypto.snapi.dev/images/v1/g/9/ropsten-ethereum-mainnet-set-to-deploy-its-own-merge-147327.jpeg", "title": "Ropsten Ethereum Mainnet Set to Deploy its Own Merge", "text": "The Merge on Ethereum is closer than ever, as the company plans to deploy the transition of the Ropsten testnet to give developers a look at what to expect in the actual merge. The Merge is the Ethereum network's highly complicated and long-awaited transition from the Proof of Work (PoW) consensus mechanism to the Proof [\u2026]", "source_name": "Coinnounce", "date": "Tue, 31 May 2022 13:26:11 -0400", "topics": [], "sentiment": "Neutral", "type": "Article", "tickers": ["ETH"]}, {"news_url": "https://www.benzinga.com/22/05/27481033/women-participation-will-shoot-bitcoin-beyond-250-000-tim-draper?SNAPI", "image_url": "https://crypto.snapi.dev/images/v1/s/j/shutterstock-1902390253-147326.jpg", "title": "Women Participation Will Shoot Bitcoin Beyond $250,000: Tim Draper", "text": "Highlighting the importance of participation of women\u00a0in using Bitcoin (CRYPTO: BTC), billionaire investor Tim Draper has said women control 80% of the retail spending, and using the cryptocurrency for buying things will shoot its prices beyond $250,000. \u201cOne thing that will most likely happen but I am not sure when is that women will start using BTC.", "source_name": "Benzinga", "date": "Tue, 31 May 2022 13:20:43 -0400", "topics": [], "sentiment": "Positive", "type": "Article", "tickers": ["BTC"]}, {"news_url": "https://www.cryptopolitan.com/bitcoin-price-analysis-2022-05-31/", "image_url": "https://crypto.snapi.dev/images/v1/3/j/bitcoin-price-analysis-2022-05-31-147322.png", "title": "Bitcoin price analysis: BTC continues higher, tests $32,500", "text": "Bitcoin price analysis is bearish today as we expect bulls to be exhausted after a strong break higher and test the $32,500 mark. The $31,000 resistance will likely be retested as support before further upside can follow later this week.", "source_name": "Cryptopolitan", "date": "Tue, 31 May 2022 13:18:47 -0400", "topics": ["tanalysis"], "sentiment": "Positive", "type": "Article", "tickers": ["BTC"]}, {"news_url": "https://coinnounce.com/lightning-networks-ln-evolution-is-supporting-bitcoins-recovery/", "image_url": "https://crypto.snapi.dev/images/v1/7/c/bitcoin-lightning-network-1024x635-147319.jpeg", "title": "Lightning Network's [LN] evolution is supporting Bitcoin's recovery", "text": "The largest cryptocurrency, Bitcoin, recovered a remarkable $60 billion in a single day as the price recaptured $30,000. After the coins' record-breaking losing skid was extended to nine weeks, it's a welcome comfort.", "source_name": "Coinnounce", "date": "Tue, 31 May 2022 13:08:31 -0400", "topics": [], "sentiment": "Positive", "type": "Article", "tickers": ["BTC"]}, {"news_url": "https://www.newsbtc.com/news/bitcoin/bitcoin-exchange-outflows-suggest-that-investors-are-starting-to-accumulate/", "image_url": "https://crypto.snapi.dev/images/v1/0/a/bitcoin-btc-147312.jpg", "title": "Bitcoin Exchange Outflows Suggest That Investors Are Starting To Accumulate", "text": "Bitcoin exchange outflows have been turning for the better recently. What had predicated this was a long week of inflows surpassing outflows, solidifying the fact that it was a seller's market.", "source_name": "NewsBTC", "date": "Tue, 31 May 2022 13:00:56 -0400", "topics": [], "sentiment": "Neutral", "type": "Article", "tickers": ["BTC"]}, {"news_url": "https://www.coindesk.com/business/2022/05/31/hey-crypto-world-lets-talk-about-mainstreaming-the-satoshi-at-consensus/", "image_url": "https://crypto.snapi.dev/images/v1/q/e/plkslb6i5vdtpngi6nb63sqhui-147317.png", "title": "The high price of bitcoin intimidates crypto newbies. CoinDesk is hosting a private session at Consensus 2022 to begin changing the conversation.", "text": "To those new to bitcoin, its high price can sometimes seem like a big \u201cno entry\u201d sign.", "source_name": "Coindesk", "date": "Tue, 31 May 2022 13:00:00 -0400", "topics": [], "sentiment": "Neutral", "type": "Article", "tickers": ["BTC"]}, {"news_url": "https://crypto.news/tim-beiko-ropsten-ethereum-testnet-merge/", "image_url": "https://crypto.snapi.dev/images/v1/r/q/eth-147311.jpg", "title": "Tim Beiko: Ropsten Ethereum Testnet Merge Scheduled\u00a0", "text": "Tim Beiko, the Community Manager at Ethereum Foundation, has released details of the upcoming Ropsten Merge via Twitter. Per Beiko's tweet on May 30, 2022, a new beacon chain is now live and the Ropsten Merge is expected to take\u2026", "source_name": "Crypto news", "date": "Tue, 31 May 2022 13:00:00 -0400", "topics": [], "sentiment": "Neutral", "type": "Article", "tickers": ["ETH"]}, {"news_url": "https://www.benzinga.com/news/small-cap/22/05/27480301/what-happens-when-your-bitcoin-miner-drops-more-than-80-in-this-case-you-beat-the-market-by-25-poi?SNAPI", "image_url": "https://crypto.snapi.dev/images/v1/e/q/bitcoin-miners-147314.jpg", "title": "What Happens When Your Bitcoin Miner Drops More Than 80%: In This Case, You Beat The Market By 25 Points", "text": "Levered Bets on Bitcoin Go Both Ways Good news for an underlying commodity tends to be even better news for companies that mine it, all else equal, thanks to their inherent operational leverage. Frank Holmes explained the concept using gold miners as an example, in\u00a0an article\u00a0a few years back: The upside to gold stocks is that investors historically have received a 2-to-1 leverage by owning gold equities instead of the commodity.", "source_name": "Benzinga", "date": "Tue, 31 May 2022 12:54:43 -0400", "topics": ["mining"], "sentiment": "Neutral", "type": "Article", "tickers": ["BTC"]}, {"news_url": "https://bitcoinmagazine.com/markets/russian-central-bank-open-to-bitcoin-and-crypto-international-payments", "image_url": "https://crypto.snapi.dev/images/v1/z/3/fkr7pohwyaa161r-147304.png", "title": "Russia Is Open To Bitcoin, Crypto For International Payments", "text": "A senior official from the Central Bank of the Russian Federation said it is open to using bitcoin and other cryptocurrencies for international payments.", "source_name": "Bitcoin Magazine", "date": "Tue, 31 May 2022 12:50:01 -0400", "topics": [], "sentiment": "Positive", "type": "Article", "tickers": ["BTC"]}, {"news_url": "https://insidebitcoins.com/news/bitcoin-price-prediction-for-today-may-31-btc-usd-breaks-above-32000", "image_url": "https://crypto.snapi.dev/images/v1/b/i/bitcoin-rialzo-300x200-147036-147299.jpg", "title": "Bitcoin Price Prediction for Today, May 31: BTC/USD Breaks Above $32,000", "text": "The Bitcoin price prediction moves close to the resistance level of $43,000 as the buying interest may increase within the channel. Bitcoin Prediction Statistics Data: [.", "source_name": "Inside Bitcoins", "date": "Tue, 31 May 2022 12:44:57 -0400", "topics": ["tanalysis"], "sentiment": "Positive", "type": "Article", "tickers": ["BTC"]}, {"news_url": "https://www.benzinga.com/22/05/27479888/bitcoin-finally-sees-relief-as-institutions-buy-the-dip?SNAPI", "image_url": "https://crypto.snapi.dev/images/v1/b/0/andre-francois-mckenzie-jrjhtbj-pgu-unsplash-87-147305.jpg", "title": "Bitcoin Finally Sees Relief As institutions buy the dip", "text": "Bitcoin (CRYPTO: BTC)\u00a0rallied tremendously yesterday, as it soared above the short-term range between $28,500 and $30,600. Last week many analysts were concerned about crypto falling whilst the S&P 500 rallied, but yesterday Bitcoin reached a high of $32,200, as it performed significantly better than the S&P 500 futures whilst Americans were on holiday.", "source_name": "Benzinga", "date": "Tue, 31 May 2022 12:39:16 -0400", "topics": ["institutions"], "sentiment": "Positive", "type": "Article", "tickers": ["BTC"]}, {"news_url": "https://www.dcforecasts.com/bitcoin-news/btc-sold-by-lfg-gets-absorbed-by-addresses-with-less-than-100-btc/", "image_url": "https://crypto.snapi.dev/images/v1/i/q/luna-2-147296.png", "title": "BTC Sold By LFG Gets Absorbed By Addresses With Less Than 100 BTC", "text": "The BTC sold by the LFG or Luna Foundation Guard was absorbed by an address with less than 100 BTC but there could be a silver lining still, so let's find out today in our latest Bitcoin news. Amidst the market chaos, the mid-sized BTC holders held on to the old investment adage of buying [\u2026]", "source_name": "DCForecasts", "date": "Tue, 31 May 2022 12:34:59 -0400", "topics": [], "sentiment": "Neutral", "type": "Article", "tickers": ["BTC"]}, {"news_url": "https://www.dcforecasts.com/bitcoin-news/kazakhstan-recorded-1-5m-from-btc-mining-fees-in-q1-2022/", "image_url": "https://crypto.snapi.dev/images/v1/3/p/0-a8uxgogzv8xlhg8s-147291.jpg", "title": "Kazakhstan Recorded $1.5M From BTC Mining Fees In Q1, 2022", "text": "Kazakhstan recorded $1.5 million from BTC mining fees in the first quarter of 2022 and the recent crackdown on miners came at the cost of substantial energy fee revenue for the state as we can see more today in our latest Bitcoin news. Kazakhstan recorded $1.5 million in fees from Bitcoin miners and the figure [\u2026]", "source_name": "DCForecasts", "date": "Tue, 31 May 2022 12:28:50 -0400", "topics": ["mining"], "sentiment": "Neutral", "type": "Article", "tickers": ["BTC"]}, {"news_url": "https://cryptobriefing.com/fidelity-offers-ethereum-trading-custody/", "image_url": "https://crypto.snapi.dev/images/v1/g/u/fidelity-sherlock-cover-838x440-147290.png", "title": "Fidelity to Offer Ethereum Trading and Custody", "text": "Ethereum will soon be available through one of the largest asset management companies in the world.", "source_name": "Crypto Briefing", "date": "Tue, 31 May 2022 12:27:12 -0400", "topics": [], "sentiment": "Positive", "type": "Article", "tickers": ["ETH"]}, {"news_url": "https://finbold.com/over-six-million-bitcoin-holders-remain-in-a-loss-despite-btc-climbing-10-in-a-week/?SNAPI", "image_url": "https://crypto.snapi.dev/images/v1/m/1/over-six-million-bitcoin-holders-remain-in-a-loss-despite-btc-climbing-10-in-a-week-147289.jpg", "title": "Over six million Bitcoin holders remain in a loss despite BTC climbing 10% in a week", "text": "The cryptocurrency market is once again on the road to recovery after a bearish streak, but the bullish trend has.", "source_name": "Finbold", "date": "Tue, 31 May 2022 12:25:40 -0400", "topics": [], "sentiment": "Negative", "type": "Article", "tickers": ["BTC"]}, {"news_url": "https://www.youtube.com/watch?v=sFHBS-0IvXM", "image_url": "https://crypto.snapi.dev/images/v1/j/2/ethereums-merge-will-change-the-entire-climate-in-crypto-assets-says-token-metrics-balina-147297.jpg", "title": "Ethereum's merge will change the entire climate in crypto assets, says Token Metrics' Balina", "text": "Ian Balina, Token Metrics founder and CEO, joins 'Squawk on the Street' to discuss cryptocurrencies' price action in the last few days, what to watch for in the space and how Token Metrics has laid out guidance in crypto.", "source_name": "CNBC Television", "date": "Tue, 31 May 2022 12:24:23 -0400", "topics": [], "sentiment": "Neutral", "type": "Video", "tickers": ["ETH"]}, {"news_url": "https://beincrypto.com/ftx-and-ripple-hunting-for-startups-to-boost-users-acquisitions-hit-the-55b-mark/", "image_url": "https://crypto.snapi.dev/images/v1/z/k/ftx-buy-147288.png", "title": "FTX and Ripple Hunting for Startups to Boost Users, Acquisitions Hit the $55B Mark", "text": "According to a CNBC report, the cryptocurrency exchange FTX and the cross-border payments company Ripple (XRP) are looking to acquire smaller companies to boost their user base. Despite the current market crash, they believe that onboarding and growing their users is still possible.", "source_name": "BeInCrypto", "date": "Tue, 31 May 2022 12:16:47 -0400", "topics": [], "sentiment": "Positive", "type": "Article", "tickers": ["XRP"]}, {"news_url": "https://www.benzinga.com/markets/cryptocurrency/22/05/27467954/russia-estimates-that-bitcoin-ethereum-and-crypto-mining-consumes-2-of-its-total-electrici?SNAPI", "image_url": "https://crypto.snapi.dev/images/v1/a/6/investments-gb09c11151-1280-147287.jpg", "title": "Russia Estimates That Bitcoin, Ethereum, Crypto Mining Consumes 2% Of Total Electricity", "text": "A recent government estimate shows\u00a0that nearly 2% of the total electricity consumption in Russia goes into crypto mining. What Happened: According to a CoinTelegraph report, Vasily Shpak, the Russian deputy minister for trade and industry, called for bringing the cryptocurrency mining industry under the purview of the law.", "source_name": "Benzinga", "date": "Tue, 31 May 2022 12:15:05 -0400", "topics": ["mining"], "sentiment": "Neutral", "type": "Article", "tickers": ["BTC", "ETH"]}, {"news_url": "https://www.cryptoglobe.com/latest/2022/05/the-most-popular-cryptos-used-at-online-casinos-in-2022/", "image_url": "https://crypto.snapi.dev/images/v1/p/e/pexels-david-mcbee-730564-scaled-147284.jpg", "title": "The Most Popular Cryptos Used at Online Casinos in 2022", "text": "Important information: This is a sponsored story. Please remember that the value of investments, and any income from them, can fall as well as rise so you could get back less than you invest. If you are unsure of the suitability of your investment please seek advice. Tax rules can change and the value of [\u2026]", "source_name": "CryptoGlobe", "date": "Tue, 31 May 2022 12:10:00 -0400", "topics": [], "sentiment": "Positive", "type": "Article", "tickers": ["BCH", "DOGE", "ETH", "USDT"]}, {"news_url": "https://www.dcforecasts.com/bitcoin-news/bitcoin-sparks-bullish-hopes-as-it-reaches-3-week-high-price-analysis/", "image_url": "https://crypto.snapi.dev/images/v1/g/3/source-quantify-crypto-3-147276.png", "title": "Bitcoin Sparks Bullish Hopes As It Reaches 3-Week High: Price Analysis", "text": "Bitcoin sparks bullish hopes as it reaches a 3-week high and the crypto market continued recovering by adding $30 billion to the capitalization so let's read more today in our latest Bitcoin news. The cryptocurrency market continued its path to recovery and managed to add another $30 billion to the total cap which happens on [\u2026]", "source_name": "DCForecasts", "date": "Tue, 31 May 2022 12:07:24 -0400", "topics": ["tanalysis"], "sentiment": "Positive", "type": "Article", "tickers": ["BTC"]}, {"news_url": "https://cryptodaily.co.uk/2022/05/btc-usd-looking-to-add-gains-above-32000-sally-ho-technical-analysis-1-june-2022-btc-bitcoin", "image_url": "https://crypto.snapi.dev/images/v1/w/6/bitcoin-lightning-147088-147274.jpg", "title": "BTC/USD Looking to Add Gains Above 32000: Sally Ho's Technical Analysis 1 June 2022 BTC", "text": "Bitcoin (BTC/USD) sought to extend recent positive technical sentiment early in the Asian session as the pair orbited the 32000 figure after recently trading as high as the 32232.16 level, its strongest print since 10 May.\u00a0 Stops were elected above the 31324.25 area, representing the 76.4% retracement of the appreciating range from 21913.84 to 61788.45.", "source_name": "Crypto Daily", "date": "Tue, 31 May 2022 12:00:00 -0400", "topics": ["tanalysis"], "sentiment": "Positive", "type": "Article", "tickers": ["BTC"]}, {"news_url": "https://www.trustnodes.com/2022/05/31/fidelity-to-support-ethereum-custody-and-trading", "image_url": "https://crypto.snapi.dev/images/v1/l/t/tom-jessop-fidelity-147262.jpeg", "title": "Fidelity to Support Ethereum Custody and Trading", "text": "Fidelity is expanding to eth after adding bitcoin to pension portfolios with the second biggest crypto headed mainstream.", "source_name": "Trustnodes", "date": "Tue, 31 May 2022 11:38:52 -0400", "topics": ["paywall"], "sentiment": "Positive", "type": "Article", "tickers": ["ETH"]}, {"news_url": "https://bitcoinmagazine.com/business/one-of-panamas-largest-banks-just-became-bitcoin-friendly", "image_url": "https://crypto.snapi.dev/images/v1/u/d/flag-panamajpg-147261.jpg", "title": "One Of Panama's Largest Banks Just Became Bitcoin Friendly", "text": "Towerbank, a top 30 bank in Panama, just announced bitcoin friendly services at an event hosted by the Chamber of Digital Commerce and Blockchain of Panama.", "source_name": "Bitcoin Magazine", "date": "Tue, 31 May 2022 11:33:19 -0400", "topics": [], "sentiment": "Positive", "type": "Article", "tickers": ["BTC"]}, {"news_url": "https://cryptobriefing.com/soros-fund-manager-says-ethereum-may-gain-traction-over-bitcoin/", "image_url": "https://crypto.snapi.dev/images/v1/q/o/cover-1-2-838x440-147260.jpg", "title": "Soros' Fund Manager Says Ethereum May Gain Traction Over Bitcoin", "text": "The head of George Soros's $28 billion family office, Dawn Fitzpatrick, has said that Ethereum is likely to gain more traction over Bitcoin due to increasing climate concerns.", "source_name": "Crypto Briefing", "date": "Tue, 31 May 2022 11:31:02 -0400", "topics": [], "sentiment": "Positive", "type": "Article", "tickers": ["ETH"]}, {"news_url": "https://www.trustnodes.com/2022/05/31/ethereum-merge-testnet-surpasses-mainnet-in-transactions", "image_url": "https://crypto.snapi.dev/images/v1/4/l/shutterstock-1975474397-1-144626-146233-147247.jpg", "title": "Ethereum Merge Testnet Surpasses Mainnet in Transactions", "text": "The merge testnet, Kiln, has surpassed ethereum in transactions just days before upgrade as the countdown to full Proof of Stake continues.", "source_name": "Trustnodes", "date": "Tue, 31 May 2022 11:02:42 -0400", "topics": ["paywall"], "sentiment": "Positive", "type": "Article", "tickers": ["ETH"]}, {"news_url": "https://u.today/ripple-and-ftx-eyeing-bargain-acquisition-opportunities?SNAPI", "image_url": "https://crypto.snapi.dev/images/v1/e/w/20223-147246.jpg", "title": "Ripple and FTX Eyeing Bargain Acquisition Opportunities", "text": "Ripple and FTX prepare bags for lucrative acquisitions", "source_name": "UToday", "date": "Tue, 31 May 2022 11:01:00 -0400", "topics": [], "sentiment": "Positive", "type": "Article", "tickers": ["XRP"]}, {"news_url": "https://www.fool.com/investing/2022/05/31/why-bitcoin-ethereum-and-cardano-are-rising-today/", "image_url": "https://crypto.snapi.dev/images/v1/g/r/gre1-147263.jpg", "title": "Why Bitcoin, Ethereum, and Cardano Are Rising Today", "text": "Cryptocurrencies rebounded over the weekend as investors see a potential bottom.", "source_name": "The Motley Fool", "date": "Tue, 31 May 2022 10:52:55 -0400", "topics": [], "sentiment": "Positive", "type": "Article", "tickers": ["ADA", "BTC", "ETH"]}, {"news_url": "https://u.today/bitcoin-is-biggest-market-bubble-deutsche-bank-survey-shows?SNAPI", "image_url": "https://crypto.snapi.dev/images/v1/w/4/20222-147233.jpg", "title": "Bitcoin Is Biggest Market Bubble, Deutsche Bank Survey Shows", "text": "Bitcoin is still in bubble despite facing massive correction, says new Deutsche Bank survey", "source_name": "UToday", "date": "Tue, 31 May 2022 10:49:00 -0400", "topics": [], "sentiment": "Negative", "type": "Article", "tickers": ["BTC"]}, {"news_url": "https://www.youtube.com/watch?v=xEGlk5qPKJw", "image_url": "https://crypto.snapi.dev/images/v1/u/k/whats-behind-bitcoins-plummeting-price-147226.jpg", "title": "What's Behind Bitcoin's Plummeting Price?", "text": "As BTC heads for a ninth straight weekly decline, the \"All About Bitcoin\" Week in Review panel weighs in on the biggest crypto news of the week, including updates to bitcoin mining difficulty and the network's hashrate. Subscribe to CoinDesk on YouTube: https://www.youtube.com/user/CoinDesk?sub_confirmation=1 Site: https://www.coindesk.com Twitter: https://www.twitter.com/coindesk LinkedIn: https://www.linkedin.com/company/3104779/admin Instagram: https://www.instagram.com/coindesk Facebook: https://www.facebook.com/CoinDesk Newsletters: https://www.coindesk.com/newsletters CoinDesk Podcast Network: https://open.spotify.com/show/2jyIhkvAQhed8AWDZiPpSP Markets Daily Crypto Roundup: https://open.spotify.com/show/7sDXM8BlxsUqzL2IqmLqwE CoinDesk is the leading digital media, events, and information services company for the crypto asset and blockchain technology community.", "source_name": "Coindesk", "date": "Tue, 31 May 2022 10:30:13 -0400", "topics": [], "sentiment": "Negative", "type": "Video", "tickers": ["BTC"]}, {"news_url": "https://dailyhodl.com/2022/05/31/bitcoin-to-explode-higher-next-month-crypto-analyst-benjamin-cowen-says-three-metrics-suggest-june-rally-incoming/", "image_url": "https://crypto.snapi.dev/images/v1/g/g/four-metrics-suggest-btcjpgw1024-147224.jpg", "title": "Bitcoin To Explode Higher Next Month? Crypto Analyst Benjamin Cowen Says Three Metrics Suggest June Rally Incoming", "text": "Popular crypto analyst Benjamin Cowen says three metrics indicate Bitcoin (BTC) could see a price bounce in June. In a new strategy session, Cowen tells his 746,000 YouTube subscribers the first metric pointing to a Bitcoin rally is a correcting US dollar currency index. \u201cWe know that the US dollar currency index, when it's moving [\u2026] The post Bitcoin To Explode Higher Next Month? Crypto Analyst Benjamin Cowen Says Three Metrics Suggest June Rally Incoming appeared first on The Daily Hodl.", "source_name": "The Daily Hodl", "date": "Tue, 31 May 2022 10:30:00 -0400", "topics": [], "sentiment": "Positive", "type": "Article", "tickers": ["BTC"]}, {"news_url": "https://www.cryptopolitan.com/ethereum-price-analysis-2022-05-31/", "image_url": "https://crypto.snapi.dev/images/v1/f/x/ethereum-price-analysis-2022-05-31-147221.png", "title": "Ethereum price analysis: ETH pivots at $2,000, swift drop incoming?", "text": "Ethereum price analysis is bearish today as we expect decline to follow after a strong rally to the $2,000 major resistance. ETH/USD will likely look to drop even further as another swing lower high has been set.", "source_name": "Cryptopolitan", "date": "Tue, 31 May 2022 10:20:10 -0400", "topics": ["tanalysis"], "sentiment": "Negative", "type": "Article", "tickers": ["ETH"]}, {"news_url": "https://markets.businessinsider.com/news/currencies/bitcoin-fidelity-hiring-spree-ether-tech-workers-cryptocurrencies-investing-markets-2022-5", "image_url": "https://crypto.snapi.dev/images/v1/s/g/60faeb500729770012b997d6formatjpeg-147183.jpg", "title": "Fidelity's crypto unit is set for a hiring spree as the investment giant tries to expand services beyond bitcoin", "text": "Fidelity Digital Assets wants to support ether custody and trading services, the investment giant told The Wall Street Journal.", "source_name": "Business Insider", "date": "Tue, 31 May 2022 10:20:00 -0400", "topics": [], "sentiment": "Positive", "type": "Article", "tickers": ["ETH"]}, {"news_url": "https://cointelegraph.com/news/bitcoin-drops-1-5-on-us-market-open-amid-warning-miners-may-capitulate-in-months", "image_url": "https://crypto.snapi.dev/images/v1/c/v/840-ahr0chm6ly9zmy5jb2ludgvszwdyyxbolmnvbs91cgxvywrzlziwmjitmduvztzjyzeyntuty2uzni00ndawlwjmmwitnzhknzdjywizmmjilmpwzwc-147220.jpeg", "title": "Bitcoin drops 1.5% on US market open amid warning miners may 'capitulate' in months", "text": "Miners are still accumulating BTC so far, but depressed prices continuing may upend the status quo this summer, new analysis says.", "source_name": "Cointelegraph", "date": "Tue, 31 May 2022 10:15:51 -0400", "topics": ["mining"], "sentiment": "Negative", "type": "Article", "tickers": ["BTC"]}, {"news_url": "https://coinpedia.org/ethereum/ethereums-merger-testnet-upgrade-is-just-around-the-corner-ethereum-price-to-hit-10k/", "image_url": "https://crypto.snapi.dev/images/v1/k/0/ethereum-price-analysis-2022-05-25-145141-146408-147202.png", "title": "Ethereum's Merger Testnet Upgrade Is Just Around The Corner! Ethereum Price To Hit $10k?", "text": "The completion of the Ethereum Ropsten Merge testnet starts on June 8. Based on the Ethereum Triple Halving storyline, the completion of the merge upgrade to have a beneficial impact on the altcoin's price and propel it to a $10,000 objective. Ropsten Merger On June 2 At the recent ETH Shanghai Summit, Vitalik Buterin, the \u2026", "source_name": "CoinPedia", "date": "Tue, 31 May 2022 09:55:39 -0400", "topics": ["upgrade"], "sentiment": "Positive", "type": "Article", "tickers": ["ETH"]}, {"news_url": "https://cryptoverze.com/bitcoin-hitting-above-31k-in-new-week/", "image_url": "https://crypto.snapi.dev/images/v1/3/g/dmitry-demidko-ebwzfkaheau-unsplash-scaled-146879-147199.jpg", "title": "Bitcoin Hitting Above $31K in New Week", "text": "A bounce is a welcome sight to the cryptocurrency bulls on Monday's bounce, especially as the sector failed to rally last week along with publicly traded technology stocks. Driven by global investors as Asian and European equity markets climbed, Bitcoin (BTC) escalate almost 7%, breaking the $31,000 mark\u00a0 \u201cBitcoin broke above $30,000, but it needs...", "source_name": "Cryptoverze", "date": "Tue, 31 May 2022 09:47:41 -0400", "topics": [], "sentiment": "Positive", "type": "Article", "tickers": ["BTC"]}, {"news_url": "https://coinpedia.org/bitcoin/bitcoin-btc-price-successfully-breaks-an-important-zone-target-at-42000-appears-to-be-in-place/", "image_url": "https://crypto.snapi.dev/images/v1/n/z/bitcoin-dominance-146907-146994-147197.jpeg", "title": "Bitcoin (BTC) Price Successfully Breaks An Important Zone, Target at $42,000 Appears to be in Place", "text": "Bitcoin consolidated within a significant parallel channel since the beginning of the monthly trade and underwent a significant breakout. However, the lower support was held tight as the star crypto consolidated well within the lower support zone. Despite a significant breakout, the crypto was hovering fearing a rejection.\u00a0 While on the other hand, in the \u2026", "source_name": "CoinPedia", "date": "Tue, 31 May 2022 09:45:22 -0400", "topics": [], "sentiment": "Positive", "type": "Article", "tickers": ["BTC"]}, {"news_url": "https://en.cryptonomist.ch/2022/05/31/usdc-cardano-ethereum/", "image_url": "https://crypto.snapi.dev/images/v1/y/m/usdc-cardano-300x200-147193.jpg", "title": "USDC on Cardano via a bridge with Ethereum", "text": "The famous stablecoin issued by Circle and Coinbase can now also be used on the Proof of Stake blockchain founded by Charles Hoskinson", "source_name": "The Cryptonomist", "date": "Tue, 31 May 2022 09:36:19 -0400", "topics": [], "sentiment": "Neutral", "type": "Article", "tickers": ["ADA", "ETH", "USDC"]}, {"news_url": "https://cryptopotato.com/eth-price-analysis-16-recovery-for-ethereum-but-is-the-pain-over/", "image_url": "https://crypto.snapi.dev/images/v1/n/5/ethereum-movies-146600-147191.jpg", "title": "ETH Price Analysis: 16% Recovery For Ethereum, But is the Pain Over?", "text": "Yesterday, Ethereum charted a notable green candle. Despite hopes of a bullish reversal, there's a critical necessity for the price to regain key levels to get any sort of confirmation for this.", "source_name": "CryptoPotato", "date": "Tue, 31 May 2022 09:34:20 -0400", "topics": ["tanalysis"], "sentiment": "Positive", "type": "Article", "tickers": ["ETH"]}, {"news_url": "https://investorplace.com/2022/05/the-3-best-cryptos-trading-at-a-massive-discount-right-now/", "image_url": "https://crypto.snapi.dev/images/v1/f/o/forecast-ahead-bouncejpgw1024-142607-145113-147195.jpg", "title": "The 3 Best Cryptos Trading at a Massive Discount Right Now", "text": "Here are three tokens worth considering despite the turmoil in the crypto sector right now", "source_name": "Investorplace", "date": "Tue, 31 May 2022 09:34:00 -0400", "topics": [], "sentiment": "Positive", "type": "Article", "tickers": ["ADA", "AVAX", "XRP"]}, {"news_url": "https://bitcoinmagazine.com/culture/capitalism-under-the-bitcoin-system", "image_url": "https://crypto.snapi.dev/images/v1/l/3/bitcoin-art-renaissance-oil-painting-147186.png", "title": "Bitcoin Is Venice: These Were Capitalists", "text": "Under a Bitcoin system, we might once again learn to understand social systems as complex and organic structures that require decentralization.", "source_name": "Bitcoin Magazine", "date": "Tue, 31 May 2022 09:28:03 -0400", "topics": [], "sentiment": "Neutral", "type": "Article", "tickers": ["BTC"]}, {"news_url": "https://www.cryptopolitan.com/polkadot-price-analysis-2022-05-31/", "image_url": "https://crypto.snapi.dev/images/v1/o/9/dot-10-147185.jpg", "title": "Polkadot price analysis: DOT enters bearish territory for the next 24-hours", "text": "Polkadot price analysis reveals a relatively positive approach today; the price has gained most of its lost value. In the last few days, the price of DOT has received much positive attention and has increased to a significant degree.", "source_name": "Cryptopolitan", "date": "Tue, 31 May 2022 09:27:46 -0400", "topics": ["tanalysis"], "sentiment": "Negative", "type": "Article", "tickers": ["DOT"]}, {"news_url": "https://cryptoverze.com/crypto-markets-rebound-after-bitcoins-lose-its-streak/", "image_url": "https://crypto.snapi.dev/images/v1/h/u/untitled-design-1-2-146968-147182.png", "title": "Crypto Markets Rebound After Bitcoin's Lose Its Streak", "text": "U.S. financial markets remained closed for Memorial Day while Crypto bulls went to work.\u00a0 On Monday, after closing for a record ninth week in the red on Sunday, Bitcoin ascended sharply, gaining 8% to $32,000. Ether is up 10%, trading at around $2,000 in late evening. As a whole, crypto market capitalization has recovered 10%...", "source_name": "Cryptoverze", "date": "Tue, 31 May 2022 09:24:58 -0400", "topics": [], "sentiment": "Positive", "type": "Article", "tickers": ["BTC"]}, {"news_url": "https://u.today/worlds-biggest-financial-holding-fidelity-to-offer-ethereum-custody-and-trading?SNAPI", "image_url": "https://crypto.snapi.dev/images/v1/j/p/20220-147179.jpg", "title": "World's Biggest Financial Holding, Fidelity, to Offer Ethereum Custody and Trading", "text": "While both Bitcoin and Ethereum are experiencing issues on market, institutional investors are actively hiring blockchain engineers and developers", "source_name": "UToday", "date": "Tue, 31 May 2022 09:19:00 -0400", "topics": [], "sentiment": "Positive", "type": "Article", "tickers": ["ETH"]}, {"news_url": "https://coingape.com/?p=113884", "image_url": "https://crypto.snapi.dev/images/v1/f/i/fidelity-investments-launches-crypto-company-1200x900-1-147187.jpg", "title": "Just-In: Fidelity To Offer ETH Custody, Will Double Crypto Hiring", "text": "Fidelity Investments' subsidiary Fidelity Digital Asset Services plans to double its team as it expands to cryptocurrencies beyond Bitcoin. The company witnesses rising demand for cryptocurrencies amid market volatility.", "source_name": "Coingape", "date": "Tue, 31 May 2022 09:18:04 -0400", "topics": [], "sentiment": "Positive", "type": "Article", "tickers": ["ETH"]}, {"news_url": "https://coingape.com/?p=113887", "image_url": "https://crypto.snapi.dev/images/v1/d/u/106885587-16214575182021-05-19t203912z-144465080-rc28jn9cpt2v-rtrmadp-0-crypto-currency-bitcoin-e1648649907834-147176.jpeg", "title": "Did Bitcoin Bottom Out Already? Crypto Traders Divided", "text": "Just as Bitcoin's price movement begins to entice investors after three weeks of lull, experts believe more is yet to come. From a low of $30,329 in 24 hours, BTC's price is now trading at $31,949, the highest recorded since May 11.", "source_name": "Coingape", "date": "Tue, 31 May 2022 09:16:14 -0400", "topics": [], "sentiment": "Neutral", "type": "Article", "tickers": ["BTC"]}, {"news_url": "https://en.cryptonomist.ch/2022/05/31/new-drops-ethereum/", "image_url": "https://crypto.snapi.dev/images/v1/q/u/ethereum-1-300x200-147181.jpg", "title": "New drops in sight for Ethereum", "text": "ETH's consistent decline seems to have not yet bottomed out", "source_name": "The Cryptonomist", "date": "Tue, 31 May 2022 09:12:50 -0400", "topics": [], "sentiment": "Negative", "type": "Article", "tickers": ["ETH"]}, {"news_url": "https://invezz.com/news/2022/05/31/apex-builds-fully-insured-bridge-from-avalanche-to-xrp-ledger/", "image_url": "https://crypto.snapi.dev/images/v1/e/8/ripple-ledger-147172.jpg", "title": "Apex builds fully insured bridge from Avalanche to XRP Ledger", "text": "Node-as-a-Service provider Apex is building a fully insured bridge from Avalanche (AVAX/USD) to the XRP Ledger, which they plan to launch in August this year, Invezz learned from a press release. The new ApexBridge is powered by Catoshi's novel Bridging Technology and fully insured by UnoRe, a decentralized insurance platform. Fast and safe token transfer [\u2026] The post Apex builds fully insured bridge from Avalanche to XRP Ledger appeared first on Invezz.", "source_name": "Invezz", "date": "Tue, 31 May 2022 09:11:12 -0400", "topics": [], "sentiment": "Neutral", "type": "Article", "tickers": ["AVAX", "XRP"]}, {"news_url": "https://u.today/xrp-ledger-reaches-historic-milestone-xrpl-avalanche-bridge-to-go-live-in-august?SNAPI", "image_url": "https://crypto.snapi.dev/images/v1/j/g/20216-147168.jpg", "title": "XRP Ledger Reaches Historic Milestone; XRPL-Avalanche Bridge to Go Live in August", "text": "XRP Ledger hits historic milestone at 72 millionth ledger", "source_name": "UToday", "date": "Tue, 31 May 2022 09:09:00 -0400", "topics": [], "sentiment": "Neutral", "type": "Article", "tickers": ["AVAX", "XRP"]}, {"news_url": "https://cointelegraph.com/news/wealthy-coinbase-clients-are-still-hodling-bitcoin-since-december-2020-data-suggests", "image_url": "https://crypto.snapi.dev/images/v1/8/4/840-ahr0chm6ly9zmy5jb2ludgvszwdyyxbolmnvbs91cgxvywrzlziwmjitmduvmdg0owyxotutyjy1os00zwrjltlkyzetmgqzn2u3mgq2yzvklmpwzw-147173.jpg", "title": "Wealthy Coinbase clients are still 'hodling' Bitcoin since December 2020, data suggests", "text": "Institutions that reportedly purchased 10,939 BTC from Coinbase in December 2020 are not selling yet.", "source_name": "Cointelegraph", "date": "Tue, 31 May 2022 09:08:01 -0400", "topics": [], "sentiment": "Positive", "type": "Article", "tickers": ["BTC"]}, {"news_url": "https://news.bitcoin.com/bitcoin-ethereum-technical-analysis-eth-back-above-2000-as-crypto-rally-extends/", "image_url": "https://crypto.snapi.dev/images/v1/q/s/shutterstock-1476022535-147164.jpg", "title": "Bitcoin, Ethereum Technical Analysis: ETH Back Above $2,000 as Crypto Rally Extends", "text": "ETH briefly rose above $2,000 on Tuesday, as crypto bulls were once again present in today's market session. BTC was also higher, with the world's largest cryptocurrency climbing to its highest point in nearly three weeks. Bitcoin Bitcoin rose to its highest level in nearly three weeks on Tuesday, as crypto prices continued to rally, [\u2026]", "source_name": "Bitcoin", "date": "Tue, 31 May 2022 09:00:45 -0400", "topics": ["tanalysis"], "sentiment": "Positive", "type": "Article", "tickers": ["BTC", "ETH"]}, {"news_url": "https://thenewscrypto.com/tim-drapers-bitcoin-price-prediction-2022/?SNAPI", "image_url": "https://crypto.snapi.dev/images/v1/d/z/tim-draper-still-calling-for-bitcoin-to-250k-by-the-end-of-the-147157.jpg", "title": "Tim Draper's Bitcoin Price Prediction 2022", "text": "BTC is the hedge against inflation. Trust and freedom can only help in developing the world.", "source_name": "TheNewsCrypto", "date": "Tue, 31 May 2022 08:48:47 -0400", "topics": [], "sentiment": "Positive", "type": "Article", "tickers": ["BTC"]}, {"news_url": "https://cryptoslate.com/ethereums-ropsten-testnet-beacon-chain-goes-live-set-for-june-8-merge/", "image_url": "https://crypto.snapi.dev/images/v1/p/d/image-2022-05-31-162649965-147155.png", "title": "Ethereum's Ropsten testnet beacon chain goes live, set for June 8 merge", "text": "Ethereum's Ropsten testnet successfully launched its proof-of-stake (PoS) beacon chain on May 30 as the highly anticipated merge of the network draws nearer. The post Ethereum's Ropsten testnet beacon chain goes live, set for June 8 merge appeared first on CryptoSlate.", "source_name": "CryptoSlate", "date": "Tue, 31 May 2022 08:47:31 -0400", "topics": [], "sentiment": "Positive", "type": "Article", "tickers": ["ETH"]}, {"news_url": "https://u.today/bitcoin-broke-through-important-resistance-now-aims-at-40000?SNAPI", "image_url": "https://crypto.snapi.dev/images/v1/5/1/20212-147149.jpg", "title": "Bitcoin Broke Through Important Resistance, Now Aims at $40,000", "text": "Bitcoin broke consolidation channel and is now heading toward $40,000", "source_name": "UToday", "date": "Tue, 31 May 2022 08:33:00 -0400", "topics": [], "sentiment": "Positive", "type": "Article", "tickers": ["BTC"]}, {"news_url": "https://ambcrypto.com/eth-traders-couldnt-keep-calm-as-first-dress-rehearsal-of-the-merge-was/", "image_url": "https://crypto.snapi.dev/images/v1/d/a/dan-carlson-otqvwecws8o-unsplash-147156.jpg", "title": "ETH traders couldn't keep calm as \u2018first dress rehearsal' of the \u2018Merge' was\u2026", "text": "Ethererum\u2018s much-anticipated \u201cMerge\u201d seem to be closer than ever. DeFi investors are hoping that Ethereum's \u2018Merge' will pull the crypto market out of its current bear market.", "source_name": "AMBCrypto", "date": "Tue, 31 May 2022 08:30:34 -0400", "topics": [], "sentiment": "Neutral", "type": "Article", "tickers": ["ETH"]}, {"news_url": "https://tokenpost.com/Bitcoin-soars-past-31K-while-Ethereum-approaches-2K-as-crypto-market-rallies-on-Monday-9629", "image_url": "https://crypto.snapi.dev/images/v1/v/a/20220531aa6b1339ee0d23ec5-147180.jpg", "title": "Bitcoin soars past $31K while Ethereum approaches 2K as crypto market rallies on Monday", "text": "After failing to rally last week alongside tech stocks, the crypto market has finally followed equities on Monday with most tokens posting gains in the past 24 hours. For instance, Bitcoin (BTC), the worlds largest crypto by market capitalization, was finally able to move past the $30,000 barrier and even managed to climb past $31,000.", "source_name": "Tokenpost", "date": "Tue, 31 May 2022 08:21:18 -0400", "topics": [], "sentiment": "Positive", "type": "Article", "tickers": ["BTC", "ETH"]}, {"news_url": "https://coinidol.com/ripple-struggles-0-45/", "image_url": "https://crypto.snapi.dev/images/v1/8/l/2e9c516ff43a0151dccde804ef40a41d-147147.jpg", "title": "Ripple Struggles above $0.45 as Bears Mount Strong Defense", "text": "Today, the price of Ripple (XRP) is declining after a failed uptrend. Yesterday, the cryptocurrency rose to the high of $0.43, but was pushed back.", "source_name": "Coin Idol", "date": "Tue, 31 May 2022 08:17:00 -0400", "topics": [], "sentiment": "Negative", "type": "Article", "tickers": ["XRP"]}, {"news_url": "https://www.benzinga.com/news/22/05/27467113/lightning-network-capacity-touches-all-time-high-despite-recent-lackluster-bitcoin-price-action?SNAPI", "image_url": "https://crypto.snapi.dev/images/v1/2/v/shutterstock-1253327443-147141.jpg", "title": "Bitcoin Lightning Network Capacity Touches All-Time High, Beating Market Bearishness", "text": "Bitcoin's (CRYPTO: BTC) price may have eroded nearly 16% in the last 30 days, but Lightning Network's Capacity continues to grow and has now touched a new all-time high. What Happened: Lightning Network Capacity touched an all-time high of 3,915.34 BTC recently.", "source_name": "Benzinga", "date": "Tue, 31 May 2022 08:14:10 -0400", "topics": [], "sentiment": "Positive", "type": "Article", "tickers": ["BTC"]}, {"news_url": "https://cryptonews.com/news/bitcoin-and-ethereum-consolidate-gains-ada-outperforms.htm", "image_url": "https://crypto.snapi.dev/images/v1/l/0/5-best-cheap-cryptocurrency-to-buy-144504-147134.jpg", "title": "Bitcoin and Ethereum Consolidate Gains, ADA Outperforms", "text": "Bitcoin price surged above the USD 31,200 resistance level and tested the USD 32,000 level before the bears emerged. It is currently (11:50 UTC) consolidating gains near USD 31,800 and is up almost 4% in a day and 9% in a week.", "source_name": "Cryptonews", "date": "Tue, 31 May 2022 08:02:00 -0400", "topics": [], "sentiment": "Positive", "type": "Article", "tickers": ["ADA", "BTC", "ETH"]}, {"news_url": "https://ambcrypto.com/defi-saver-leading-ethereum-defi-management-app-expands-to-arbitrum-and-optimism/", "image_url": "https://crypto.snapi.dev/images/v1/x/c/amb-1-147130.png", "title": "DeFi Saver: Leading Ethereum DeFi management app expands to Arbitrum and Optimism", "text": "DeFi Saver, one of the leading applications for creating, managing, and tracking DeFi positions on Ethereum, today announced the long-awaited launch on two leading Layer 2 networks, Arbitrum and Optimism.\u00a0 Live since 2019 on the Ethereum mainnet, DeFi Saver has provided innovative DeFi asset management features and continuously expanded support for top DeFi protocols in [\u2026]", "source_name": "AMBCrypto", "date": "Tue, 31 May 2022 08:00:57 -0400", "topics": [], "sentiment": "Positive", "type": "Article", "tickers": ["ETH"]}, {"news_url": "https://cryptodaily.co.uk/2022/05/impoverished-investors-turn-to-bitcoin", "image_url": "https://crypto.snapi.dev/images/v1/p/a/arg-147129.jpeg", "title": "Impoverished investors turn to bitcoin", "text": "Around the world countries are collapsing under the weight of debt caused by the fiat monetary system. Inflation is now raging, and one of the only ways to protect wealth is to purchase bitcoin.", "source_name": "Crypto Daily", "date": "Tue, 31 May 2022 08:00:00 -0400", "topics": [], "sentiment": "Positive", "type": "Article", "tickers": ["BTC"]}, {"news_url": "https://u.today/ethereum-price-back-above-1900-as-traders-return-bullish-on-eth?SNAPI", "image_url": "https://crypto.snapi.dev/images/v1/y/7/20210-147128.jpg", "title": "Ethereum Price Back Above $1,900 as Traders Return Bullish on ETH", "text": "Ethereum traders are piling into long positions", "source_name": "UToday", "date": "Tue, 31 May 2022 07:59:00 -0400", "topics": [], "sentiment": "Positive", "type": "Article", "tickers": ["ETH"]}, {"news_url": "https://dailyhodl.com/2022/05/31/ethereum-whales-are-loading-up-on-three-metaverse-projects-and-two-ethereum-altcoins-according-to-on-chain-analysis/", "image_url": "https://crypto.snapi.dev/images/v1/1/s/whale-up-metaverse-altcoinsjpgw1024-147126.jpg", "title": "Ethereum Whales Are Loading Up on Three Metaverse Projects and Two Ethereum Altcoins, According to On-Chain Analysis", "text": "The world's largest Ethereum (ETH) whales are loading up on three metaverse altcoins as the crypto markets flash signs of improvement. Outside of stablecoins and ETH, the play-to-earn blockchain gaming platform Gala (GALA) was the top target for the 100 largest Ethereum wallets on Sunday, according to blockchain tracker WhaleStats. The top 100 ETH addresses [\u2026] The post Ethereum Whales Are Loading Up on Three Metaverse Projects and Two Ethereum Altcoins, According to On-Chain Analysis appeared first on The Daily Hodl.", "source_name": "The Daily Hodl", "date": "Tue, 31 May 2022 07:45:29 -0400", "topics": ["whales"], "sentiment": "Neutral", "type": "Article", "tickers": ["ETH"]}, {"news_url": "https://decrypt.co/101707/ethereum-ropsten-test-network-ready-merge-dress-rehearsal", "image_url": "https://crypto.snapi.dev/images/v1/8/8/ethereum-eth2-themerge-gid-1-147123.jpg", "title": "Ethereum's Ropsten Test Network Ready for Merge \u2018Dress Rehearsal'", "text": "Ethereum's oldest proof-of-work testnet is transitioning to proof-of-stake, with two more to follow \u201cbefore focus shifts to mainet.\u201d", "source_name": "Decrypt", "date": "Tue, 31 May 2022 07:37:05 -0400", "topics": [], "sentiment": "Neutral", "type": "Article", "tickers": ["ETH"]}, {"news_url": "https://www.dcforecasts.com/altcoin-news/dot-surges-over-4-after-a-week-of-slow-price-movements/", "image_url": "https://crypto.snapi.dev/images/v1/r/j/polkadot-dot-parachain-e1651685129582-142648-145277-147120.jpg", "title": "DOT Surges Over 4% After A Week Of Slow Price Movements", "text": "DOT Surges over 4% today after a week of slow price movements. However, it managed to recover over the past 24 hours as we can see more today in our latest altcoin news.", "source_name": "DCForecasts", "date": "Tue, 31 May 2022 07:34:33 -0400", "topics": [], "sentiment": "Positive", "type": "Article", "tickers": ["DOT"]}, {"news_url": "https://u.today/new-all-time-high-for-ethereum-127-million-eth-locked-in-deposit-contract-details?SNAPI", "image_url": "https://crypto.snapi.dev/images/v1/4/d/20211-147115.jpg", "title": "New All-Time High for Ethereum: 12.7 Million ETH Locked in Deposit Contract: Details", "text": "Ethereum has reached new milestone related to TVL in ETH 2.0 deposit contract", "source_name": "UToday", "date": "Tue, 31 May 2022 07:22:00 -0400", "topics": [], "sentiment": "Positive", "type": "Article", "tickers": ["ETH"]}, {"news_url": "https://coinpedia.org/altcoin/ethereum-gets-rejected-at-2000-again-is-the-bearish-cartel-determined-to-drag-the-price-again-to-1700/", "image_url": "https://crypto.snapi.dev/images/v1/d/t/840-ahr0chm6ly9zmy5jb2ludgvszwdyyxbolmnvbs91cgxvywrzlziwmjitmduvntgxotiyzjitmjnhni00ngewlwflzwitywexmtk0njexotcxlmpwzw-146903-147110.jpg", "title": "Ethereum Gets Rejected at $2000 Again, Is the Bearish Cartel Determined to Drag the ETH Price Again to $1700?", "text": "As the market recovered notably during the previous trading day, Ethereum prices also made it above $2000 when BTC prices achieved $32,000 levels. However, it remained a very short-lived rally as the prices quickly fell apart and currently consolidating heavily within narrow ranges. The asset currently appears to be still trapped within the descending trend \u2026", "source_name": "CoinPedia", "date": "Tue, 31 May 2022 07:11:12 -0400", "topics": [], "sentiment": "Negative", "type": "Article", "tickers": ["ETH"]}, {"news_url": "https://www.crypto-reporter.com/newsfeed/cathedra-bitcoin-provides-update-on-bitcoin-mining-operations-31950/", "image_url": "https://crypto.snapi.dev/images/v1/b/i/bitcoin-mining-6-e1653307843986-146981-147119.jpg", "title": "Cathedra Bitcoin Provides Update on Bitcoin Mining Operations", "text": "TORONTO--(BUSINESS WIRE)--$CBIT #Bitcoin--Cathedra Bitcoin Inc. (TSX-V: CBIT; OTCQX: CBTTF) (\u201cCathedra\u201d or the \u201cCompany\u201d), a Bitcoin company that develops and operates world-class bitcoin mining infrastructure, is pleased to provide an update on its bi...", "source_name": "Crypto Reporter", "date": "Tue, 31 May 2022 07:06:36 -0400", "topics": ["mining"], "sentiment": "Neutral", "type": "Article", "tickers": ["BTC"]}, {"news_url": "https://finbold.com/crypto-community-with-80-historical-accuracy-sets-bitcoin-price-for-june-30-2022/?SNAPI", "image_url": "https://crypto.snapi.dev/images/v1/8/o/crypto-community-with-80-historical-accuracy-sets-bitcoin-price-for-june-30-2022-147108.jpg", "title": "Crypto community with 80% historical accuracy sets Bitcoin price for June 30, 2022", "text": "Bitcoin's (BTC) price climbed by over 8% in the previous week, making it about 18% higher than its lowest point.", "source_name": "Finbold", "date": "Tue, 31 May 2022 07:05:00 -0400", "topics": [], "sentiment": "Neutral", "type": "Article", "tickers": ["BTC"]}, {"news_url": "https://decrypt.co/101701/eurovision-winners-kalush-orchestra-raise-nearly-1m-ethereum-ukraine", "image_url": "https://crypto.snapi.dev/images/v1/p/k/kalush-orchestra-nft-crypto-ukraine-gid-1-147109.jpg", "title": "Eurovision Winners Kalush Orchestra Raise Nearly $1M in Ethereum for Ukraine", "text": "Eurovision winners Kalush Orchestra auctioned off its trophy for 500 Ethereum to raise money for the Ukrainian army.", "source_name": "Decrypt", "date": "Tue, 31 May 2022 07:03:15 -0400", "topics": [], "sentiment": "Positive", "type": "Article", "tickers": ["ETH"]}, {"news_url": "https://www.proactiveinvestors.co.uk/companies/news/983689/ethereum-nears-greener-proof-of-stake-validation-method-for-mining-983689.html?SNAPI", "image_url": "https://crypto.snapi.dev/images/v1/7/1/ethereum-cover-838x440-146864-147104.jpeg", "title": "Ethereum nears greener proof-of-stake validation method for mining", "text": "Ethereum is counting down to its shift away from energy-intensive proof-of-work validation to proof-of-stake. A test network, called Ropsten Ethereum, that's been used for development and test of proof-of-stake is slated to merge into the main Ethereum network on June 8 as part of the crypto's transformation.", "source_name": "Proactive Investors", "date": "Tue, 31 May 2022 06:59:12 -0400", "topics": ["mining"], "sentiment": "Positive", "type": "Article", "tickers": ["ETH"]}, {"news_url": "https://www.dcforecasts.com/cardano-news/cardano-surges-29-as-both-bitcoin-and-ethereum-recover-analysis/", "image_url": "https://crypto.snapi.dev/images/v1/b/u/altcoins1-146726-147095.jpg", "title": "Cardano Surges 29% As Both Bitcoin And Ethereum Recover: Analysis", "text": "Cardano surges 29% as both Bitcoin and Ethereum recovered and led the entire market into the green so let's read more in today's latest Cardano ADA news. Cardano surges 29% as an Ethereum competitor in the past 24 hours and ADA is now trading at $0.67 as per the data from CoinMarketCap.", "source_name": "DCForecasts", "date": "Tue, 31 May 2022 06:35:33 -0400", "topics": [], "sentiment": "Positive", "type": "Article", "tickers": ["ADA", "BTC", "ETH"]}, {"news_url": "https://cryptoslate.com/the-bitcoin-lightning-network-capacity-has-set-an-all-time-high-of-3915-btc/", "image_url": "https://crypto.snapi.dev/images/v1/3/d/bitcoin-lightning-147088.jpg", "title": "The Bitcoin Lightning Network capacity has set an all-time high of 3,915 BTC", "text": "According to statistics from Bitcoin Visuals, the Bitcoin Lightning Network capacity has hit an all-time high of 3915.776 BTC ($113 million), proving the popularity of the Layer 2 scaling solution for Bitcoin. The post The Bitcoin Lightning Network capacity has set an all-time high of 3,915 BTC appeared first on CryptoSlate.", "source_name": "CryptoSlate", "date": "Tue, 31 May 2022 06:26:16 -0400", "topics": [], "sentiment": "Positive", "type": "Article", "tickers": ["BTC"]}, {"news_url": "https://cointelegraph.com/news/bitcoin-faces-uphill-battle-despite-btc-price-gaining-35-from-23-8k-bottom", "image_url": "https://crypto.snapi.dev/images/v1/h/7/840-ahr0chm6ly9zmy5jb2ludgvszwdyyxbolmnvbs91cgxvywrzlziwmjitmduvzmq3ntjky2qtm2i5zc00mda4lwi5n2utzjy4ytcwnji2nzizlmpwzw-147084.jpg", "title": "Bitcoin faces 'uphill battle' despite BTC price gaining 35% from $23.8K bottom", "text": "A giant sell well appears at $33,500 as Bitcoin's rise \u2014 which succeeded in surprising some \u2014 comes under close scrutiny.", "source_name": "Cointelegraph", "date": "Tue, 31 May 2022 06:13:24 -0400", "topics": [], "sentiment": "Neutral", "type": "Article", "tickers": ["BTC"]}, {"news_url": "https://cointelegraph.com/news/top-30-panama-bank-is-bitcoin-friendly-welcomes-crypto-services", "image_url": "https://crypto.snapi.dev/images/v1/l/v/840-ahr0chm6ly9zmy5jb2ludgvszwdyyxbolmnvbs91cgxvywrzlziwmjitmduvnwniyzg2mzutyjrjmy00ymyylwe5odetzdrlyzaxyjq3ymjllmpwzw-147073.jpg", "title": "Top 30 Panama Bank is 'Bitcoin friendly,' welcomes crypto services", "text": "Panamanian bank Towerbank opens its doors to Bitcoin and crypto customers in a series of tweets and memes.", "source_name": "Cointelegraph", "date": "Tue, 31 May 2022 05:52:27 -0400", "topics": [], "sentiment": "Positive", "type": "Article", "tickers": ["BTC"]}, {"news_url": "https://www.benzinga.com/markets/cryptocurrency/22/05/27467388/71m-crypto-shorts-liquidated-in-one-hour-on-monday-as-bitcoin-surges?SNAPI", "image_url": "https://crypto.snapi.dev/images/v1/y/s/shutterstock-1922248997-147062.jpg", "title": "$71M Crypto Shorts Liquidated In 1 Hour On Monday As Bitcoin Surges", "text": "On-chain data shows that crypto traders with open short positions saw $71 million worth of liquidations in a single hour\u00a0on Monday (ET hours.) What Happened: According to data from CoinGlass, $71.13 million shorts were liquidated over a one-hour period as Bitcoin (CRYPTO: BTC) surged to $31,177 during early Asian hours on Tuesday.", "source_name": "Benzinga", "date": "Tue, 31 May 2022 05:42:54 -0400", "topics": [], "sentiment": "Positive", "type": "Article", "tickers": ["BTC"]}, {"news_url": "https://ambcrypto.com/is-sol-solana-the-new-ada-cardano-decoding-the-possibilities/", "image_url": "https://crypto.snapi.dev/images/v1/e/u/pablo-heimplatz-eavs-4kngrk-unsplash-scaled-e1653926925890-147051.jpg", "title": "SOL [Solana] is the new ADA [Cardano]? Decoding the possibilities", "text": "Remember the good old times when Solana was the hot blockchain making headlines and promising to be the Ethereum killer? The days when SOL was one of the fastest-growing cryptocurrencies.", "source_name": "AMBCrypto", "date": "Tue, 31 May 2022 05:30:17 -0400", "topics": [], "sentiment": "Neutral", "type": "Article", "tickers": ["SOL"]}, {"news_url": "https://beincrypto.com/argentines-drawn-to-bitcoin-as-inflation-skyrockets/", "image_url": "https://crypto.snapi.dev/images/v1/a/s/bic-argentina-bitcoin-btc-147066.jpg", "title": "Argentines Drawn to Bitcoin as Inflation Skyrockets", "text": "Argentines are turning to bitcoin to battle an ever-increasing inflation rate. In April, inflation touched 58%, its biggest jump in 30 years.", "source_name": "BeInCrypto", "date": "Tue, 31 May 2022 05:30:00 -0400", "topics": [], "sentiment": "Positive", "type": "Article", "tickers": ["BTC"]}, {"news_url": "https://thenewscrypto.com/can-bitcoin-help-the-us-combat-soaring-inflation/?SNAPI", "image_url": "https://crypto.snapi.dev/images/v1/o/b/for-the-last-50-years-the-usa-has-benefited-from-an-explosion-of-147049.jpg", "title": "Can Bitcoin Help the US Combat Soaring Inflation?", "text": "Monetary inflation in the US is moving at a 40-year high. Bitcoin has reversed its two-week losses by surpassing the", "source_name": "TheNewsCrypto", "date": "Tue, 31 May 2022 05:25:29 -0400", "topics": [], "sentiment": "Neutral", "type": "Article", "tickers": ["BTC"]}, {"news_url": "https://www.investingcube.com/apex-announces-xrp-integration-plans-bridge-from-xrpl-to-avalanche/", "image_url": "https://crypto.snapi.dev/images/v1/z/t/apex-foundation-147045.jpg", "title": "Apex Announces XRP Integration, Plans Bridge From XRPL to Avalanche", "text": "Node-as-a-Service provider, Apex, will integrate XRP and build a bridge from Avalanche to XRP ledger. What impacts is this likely to bring?", "source_name": "InvestingCube", "date": "Tue, 31 May 2022 05:19:05 -0400", "topics": [], "sentiment": "Neutral", "type": "Article", "tickers": ["AVAX", "XRP"]}, {"news_url": "https://dailyhodl.com/2022/05/31/dogecoin-doge-co-creator-issues-crypto-winter-warning-as-bitcoin-rises-above-30000/", "image_url": "https://crypto.snapi.dev/images/v1/7/t/not-yet-crypto-winterjpgw1024-147044.jpg", "title": "Dogecoin (DOGE) Co-Creator Issues Crypto Winter Warning As Bitcoin Rises Above $30,000", "text": "The co-creator of popular meme crypto asset Dogecoin (DOGE) is reportedly issuing a warning that crypto has not yet reached the stage of hibernation despite the massive devaluation across all assets in the space. According to a new report by Australian media outlet Crikey News, Jackson Palmer, who along with Billy Markus developed Dogecoin in [\u2026] The post Dogecoin (DOGE) Co-Creator Issues Crypto Winter Warning As Bitcoin Rises Above $30,000 appeared first on The Daily Hodl.", "source_name": "The Daily Hodl", "date": "Tue, 31 May 2022 05:15:49 -0400", "topics": [], "sentiment": "Neutral", "type": "Article", "tickers": ["BTC", "DOGE"]}, {"news_url": "https://blockchain.news/analysis/bitcoin-hits-a-2-month-high-as-btc-lightning-network-scales-the-heights", "image_url": "https://crypto.snapi.dev/images/v1/v/c/bitcoin-g592f5c8e5-1280-146810-147082.png", "title": "Bitcoin Hits a 2-Month High as BTC Lightning Network Scales the Heights", "text": "After surging past $31,000, a scenario was last seen in March, momentum seems to be ticking in the Bitcoin market.", "source_name": "Blockchain News", "date": "Tue, 31 May 2022 05:15:42 -0400", "topics": [], "sentiment": "Positive", "type": "Article", "tickers": ["BTC"]}, {"news_url": "https://cryptonews.com/news/the-merge-for-ethereums-longest-lived-pow-testnet-ropsten-expected-around-june-8.htm", "image_url": "https://crypto.snapi.dev/images/v1/w/0/adobestock-zimmytws-1-1-147042.jpg", "title": "The Merge for Ethereum's 'Longest-Lived' PoW Testnet Ropsten Expected 'Around' June 8", "text": "Ethereum (ETH)'s Ropsten public testnet, the longest-lived proof-of-work (PoW) testnet that allows for blockchain development testing before deployment on the mainnet, is set to run through The Merge \"around June 8.\"", "source_name": "Cryptonews", "date": "Tue, 31 May 2022 05:04:00 -0400", "topics": [], "sentiment": "Neutral", "type": "Article", "tickers": ["ETH"]}, {"news_url": "https://u.today/heres-why-bitcoin-is-unlikely-to-drop-below-20000?SNAPI", "image_url": "https://crypto.snapi.dev/images/v1/c/8/20198-147039.jpg", "title": "Here's Why Bitcoin Is Unlikely to Drop Below $20,000", "text": "CryptoQuant analyst Ki-Young Ju believes that institutional investors will prevent Bitcoin from dropping below $20,000", "source_name": "UToday", "date": "Tue, 31 May 2022 04:46:00 -0400", "topics": [], "sentiment": "Neutral", "type": "Article", "tickers": ["BTC"]}, {"news_url": "https://decrypt.co/101687/cardano-jumps-bitcoin-ethereum-recover", "image_url": "https://crypto.snapi.dev/images/v1/t/r/cardano-gid-4-147035.jpg", "title": "Cardano Jumps 29% as Bitcoin Ethereum Recover", "text": "Amid a recovering crypto market, the token underpinning the Cardano blockchain is up nearly 30% on the day.", "source_name": "Decrypt", "date": "Tue, 31 May 2022 04:34:42 -0400", "topics": [], "sentiment": "Positive", "type": "Article", "tickers": ["ADA", "BTC", "ETH"]}, {"news_url": "https://cryptopotato.com/bullish-hopes-as-bitcoin-spikes-to-a-3-week-high-market-watch/", "image_url": "https://crypto.snapi.dev/images/v1/g/q/bitcoinbull-cover-1-147034.jpg", "title": "Bullish Hopes as Bitcoin Spikes to a 3-Week High (Market Watch)", "text": "The cryptocurrency market continues recovering and added another $30 billion to its capitalization. Bitcoin is trading at a three-week high.", "source_name": "CryptoPotato", "date": "Tue, 31 May 2022 04:34:25 -0400", "topics": [], "sentiment": "Positive", "type": "Article", "tickers": ["BTC"]}, {"news_url": "https://en.cryptonomist.ch/2022/05/31/bitcoin-higher-monday/", "image_url": "https://crypto.snapi.dev/images/v1/7/8/bitcoin-rialzo-300x200-147036.jpg", "title": "Bitcoin led macro higher on Monday", "text": "The Fear and Greed Index is 16 Extreme Fear and is +6 from Monday's reading of 10 Extreme Fear", "source_name": "The Cryptonomist", "date": "Tue, 31 May 2022 04:25:39 -0400", "topics": [], "sentiment": "Positive", "type": "Article", "tickers": ["BTC"]}, {"news_url": "https://www.proactiveinvestors.co.uk/companies/news/983656/bitcoin-and-ethereum-continue-to-rebound-on-relief-rally-983656.html?SNAPI", "image_url": "https://crypto.snapi.dev/images/v1/0/y/12052-145834-146472-147018.jpg", "title": "Bitcoin and Ethereum continue to rebound on relief rally", "text": "Bitcoin and Ethereum continued to rebound and enjoy some much-needed respite as China's plans to lift Covid-19 restrictions sent positive waves through the global economy. Bitcoin edged cautiously higher by 2.7% to US$31,479, while its closest rival, Ethereum, slightly outpaced the more popular coin, advancing 3.0% to US$1,964.", "source_name": "Proactive Investors", "date": "Tue, 31 May 2022 04:01:58 -0400", "topics": [], "sentiment": "Positive", "type": "Article", "tickers": ["BTC", "ETH"]}, {"news_url": "https://beincrypto.com/bitcoin-btc-briefly-moves-above-32000-after-crucial-bullish-divergences/", "image_url": "https://crypto.snapi.dev/images/v1/t/s/bic-bullish-btc-bitcoinjpgoptimal-147027.jpg", "title": "Bitcoin (BTC) Briefly Moves Above $32,000 After Crucial Bullish Divergences", "text": "After breaking out from a short-term consolidation pattern, bitcoin (BTC) reached a high of $32,222, its highest price since May 10. The post Bitcoin (BTC) Briefly Moves Above $32,000 After Crucial Bullish Divergences appeared first on BeInCrypto.", "source_name": "BeInCrypto", "date": "Tue, 31 May 2022 04:00:00 -0400", "topics": [], "sentiment": "Positive", "type": "Article", "tickers": ["BTC"]}, {"news_url": "https://www.financemagnates.com/cryptocurrency/news/institutional-investors-increase-xrp-and-ada-holdings-dump-ethereum/", "image_url": "https://crypto.snapi.dev/images/v1/5/g/xrp-id-68bbbf0e-a5b3-4b17-980e-49592a85a6ac-size900-147015.jpg", "title": "Institutional Investors Increase XRP and ADA Holdings, Dump Ethereum", "text": "CoinShares, the UK-based digital asset fund manager, recently published the results of its bi-monthly fund manager survey. According to CoinShares' survey, institutional crypto investors enhanced their investments in altcoins like Polkadot, XRP, and Cardano at the expense of Ethereum (ETH).", "source_name": "FinanceMagnates", "date": "Tue, 31 May 2022 03:54:00 -0400", "topics": ["institutions"], "sentiment": "Negative", "type": "Article", "tickers": ["ADA", "ETH", "XRP"]}], "total_pages": 44}