{"data": [{"news_url": "https://coinpedia.org/bitcoin/santiment-expects-capitulation-for-bitcoin/", "image_url": "https://crypto.snapi.dev/images/v1/z/d/crypto1-138197.jpg", "title": "Santiment Expects Capitulation For Bitcoin, As The Price Drops Below $33k\ufffc\ufffc\ufffc\ufffc\ufffc\ufffc", "text": "Yet again the whole cryptocurrency market is concealed in red as the world's first cryptocurrency by market cap, Bitcoin Price has failed to hold on to the price above the critical support level of $35,000 level. This drastic fall dragged the flagship currency towards the $33,000 level as Bitcoin at the moment is changing hands \u2026", "source_name": "CoinPedia", "date": "Mon, 09 May 2022 03:36:01 -0400", "topics": [], "sentiment": "Negative", "type": "Article", "tickers": ["BTC"]}, {"news_url": "https://en.cryptonomist.ch/2022/05/09/bitcoin-33k-ethereum-2-4k-luna-price-analyses/", "image_url": "https://crypto.snapi.dev/images/v1/h/r/trading-bitcoin-1-300x200-138205.jpg", "title": "Bitcoin (33k), Ethereum (2.4k), Luna Price Analyses", "text": "The Fear and Greed Index is 11 Extreme Fear and is -7 from Sunday's reading of 18 Extreme Fear.", "source_name": "The Cryptonomist", "date": "Mon, 09 May 2022 03:33:33 -0400", "topics": [], "sentiment": "Neutral", "type": "Article", "tickers": ["BTC", "ETH", "LUNA"]}, {"news_url": "https://www.cryptopolitan.com/polkadot-price-analysis-2022-05-09/", "image_url": "https://crypto.snapi.dev/images/v1/b/o/polkadot-price-analysis-2-138190.png", "title": "Polkadot price analysis: DOT breaks down as bulls fail to hold the $13.00 support level", "text": "TL; DR Breakdown Polkadot price analysis suggests a drop to $12.00 The closest support lies at $12.50 DOT faces resistance at the $13.84 mark The Polkadot price analysis shows that the asset's price action was rejected at the $14.50 mark and is headed back towards the $12.50 support level as the bears take over.\u00a0 The.", "source_name": "Cryptopolitan", "date": "Mon, 09 May 2022 03:06:13 -0400", "topics": ["tanalysis"], "sentiment": "Negative", "type": "Article", "tickers": ["DOT"]}, {"news_url": "https://dailyhodl.com/2022/05/09/heres-the-most-realistic-bitcoin-prediction-for-the-rest-of-2022-according-to-top-crypto-strategist/", "image_url": "https://crypto.snapi.dev/images/v1/q/s/warning-to-bitcoin-bullsjpgw1024-138189.jpg", "title": "Here's the Most Realistic Bitcoin Prediction for the Rest of 2022, According to Top Crypto Strategist", "text": "A closely followed crypto trader is unveiling what he believes is the most realistic price path for Bitcoin (BTC) for the rest of the year. In a new strategy session, trader Kevin Svenson tells his 104,900 Twitter followers that he's keeping an eye on the 20-month exponential average (EMA), which he says has been key [\u2026] The post Here's the Most Realistic Bitcoin Prediction for the Rest of 2022, According to Top Crypto Strategist appeared first on The Daily Hodl.", "source_name": "The Daily Hodl", "date": "Mon, 09 May 2022 03:04:34 -0400", "topics": [], "sentiment": "Neutral", "type": "Article", "tickers": ["BTC"]}, {"news_url": "https://beincrypto.com/bitcoin-btc-sixth-bearish-weekly-candlestick-since-2014/", "image_url": "https://crypto.snapi.dev/images/v1/a/r/bic-on-chain-btc-bearjpgoptimal-138193.jpg", "title": "Bitcoin (BTC) Creates Sixth Consecutive Bearish Weekly Candlestick for First Time Since 2014", "text": "Bitcoin (BTC) has been falling at an accelerated rate since May 4 and is in the process of breaking down from a long-term structure. The post Bitcoin (BTC) Creates Sixth Consecutive Bearish Weekly Candlestick for First Time Since 2014 appeared first on BeInCrypto.", "source_name": "BeInCrypto", "date": "Mon, 09 May 2022 02:57:43 -0400", "topics": [], "sentiment": "Negative", "type": "Article", "tickers": ["BTC"]}, {"news_url": "https://www.coinbureau.com/news/portugal-sees-apartment-sell-for-3-bitcoin-in-countrys-first-ever-non-btc-to-fiat-transaction/", "image_url": "https://crypto.snapi.dev/images/v1/z/j/shutterstock-260842136-138186.jpg", "title": "Portugal Sees Apartment Sell for 3 Bitcoin in Country's First-Ever Non-BTC to Fiat Transaction", "text": "An apartment in Braga, Portugal, has sold for three Bitcoin (BTC) in what is reportedly the country's first-ever BTC real estate transaction that wasn't converted to fiat. According to a report from local real estate publication Idealista, a buyer took possession of a new flat in the northern Portugal city for 3 BTC on May [\u2026] The post Portugal Sees Apartment Sell for 3 Bitcoin in Country's First-Ever Non-BTC to Fiat Transaction appeared first on Coin Bureau.", "source_name": "Coinbureau", "date": "Mon, 09 May 2022 02:53:47 -0400", "topics": [], "sentiment": "Neutral", "type": "Article", "tickers": ["BTC"]}, {"news_url": "https://coinpedia.org/price-analysis/amid-the-crypto-crash-these-altcoins-may-be-the-best-buy-the-dip-bets-for-the-upcoming-week/", "image_url": "https://crypto.snapi.dev/images/v1/e/x/crypto20-138185.jpg", "title": "Amid the Crypto Crash, These Altcoins May Be the Best \u2018Buy the Dip' Bets for the Upcoming Week!", "text": "Solana (SOL) The SOL price slashes below the crucial support at $77.50 and may continue to head towards the pivotal support at $65.45\u00a0 However, a minor bounce may make its way out just below $70 but the rebound if ignited may still not uplift the price above the crucial price zone around $77.5 Hence the \u2026", "source_name": "CoinPedia", "date": "Mon, 09 May 2022 02:53:04 -0400", "topics": [], "sentiment": "Positive", "type": "Article", "tickers": ["ALGO", "DYDX", "LUNA", "SOL"]}, {"news_url": "https://blockonomi.com/ethereum-vs-solana-nfts/", "image_url": "https://crypto.snapi.dev/images/v1/m/d/nft-1024x682-138184.jpg", "title": "Ethereum or Solana: Which is a Better Option For NFTs?", "text": "The recent network collapse and gas price surge linked to non-fungible tokens on Solana and Ethereum has raised many questions. Given that both blockchains are leading the NFT game, users currently have no other alternatives.", "source_name": "Blockonomi", "date": "Mon, 09 May 2022 02:46:39 -0400", "topics": [], "sentiment": "Neutral", "type": "Article", "tickers": ["ETH", "SOL"]}, {"news_url": "https://www.financemagnates.com/cryptocurrency/news/sbi-groups-cross-border-e-commerce-platform-enables-xrp-payments/", "image_url": "https://crypto.snapi.dev/images/v1/8/n/xrp-id-68bbbf0e-a5b3-4b17-980e-49592a85a6ac-size900-138182.jpg", "title": "SBI Group's Cross-Border e-Commerce Platform Enables XRP Payments", "text": "Japan's SBI Group has made another move to bring XRP to the mainstream as SBI Africa's cross-border e-commerce platform, SBI Motor Japan, has started to accept payments in cryptocurrencies.", "source_name": "FinanceMagnates", "date": "Mon, 09 May 2022 02:34:00 -0400", "topics": [], "sentiment": "Neutral", "type": "Article", "tickers": ["XRP"]}, {"news_url": "https://u.today/japanese-used-car-exporting-company-adds-support-for-xrp-and-bitcoin?SNAPI", "image_url": "https://crypto.snapi.dev/images/v1/i/b/14670-138180.jpg", "title": "Japanese Used Car Exporting Company Adds Support for XRP and Bitcoin", "text": "Cross-border ecommerce site \"SBI Motor Japan\" has started accepting cryptocurrency payments", "source_name": "UToday", "date": "Mon, 09 May 2022 02:26:00 -0400", "topics": [], "sentiment": "Neutral", "type": "Article", "tickers": ["BTC", "XRP"]}, {"news_url": "https://www.financemagnates.com/cryptocurrency/news/bitcoin-plunge-continues-btc-dips-by-50-since-all-time-high/", "image_url": "https://crypto.snapi.dev/images/v1/c/m/bitcoin-id-43cf6687-4147-4877-80d5-f73c65abaa86-size900-138179.jpg", "title": "Bitcoin Plunge Continues, BTC Dips by 50% Since All-Time High", "text": "Over the weekend, Bitcoin (BTC) took a massive hit as the most dominant crypto asset plunged below $33,500 for the first time since January 2022. With that, the digital currency is now down by more than 50% since its peak in November 2021.", "source_name": "FinanceMagnates", "date": "Mon, 09 May 2022 02:11:00 -0400", "topics": [], "sentiment": "Negative", "type": "Article", "tickers": ["BTC"]}, {"news_url": "https://coinmarketcap.com/alexandria/article/ust-battles-for-stability-as-traders-panic-luna-crashes-and-bitcoin-selloff-fears-grow", "image_url": "https://crypto.snapi.dev/images/v1/x/0/920cca0291c14250896e8b8f0878d286-138178.jpg", "title": "UST Battles for Stability as Traders Panic, LUNA Crashes, and Bitcoin Selloff Fears Grow", "text": "A depeg of the UST stablecoin has the potential to send shockwaves through the crypto ecosystem \u2014 more so now than a few months ago.", "source_name": "CoinMarketCap", "date": "Mon, 09 May 2022 02:07:57 -0400", "topics": [], "sentiment": "Negative", "type": "Article", "tickers": ["BTC", "LUNA"]}, {"news_url": "https://www.cryptopolitan.com/ripple-price-analysis-2022-05-09/", "image_url": "https://crypto.snapi.dev/images/v1/x/9/ripple-price-analysis-2022-05-08-768x384-1-138177.png", "title": "Ripple price analysis: XRP/USD set to break above $0.70", "text": "Ripple price analysis is bearish today as the price of XRP/USD is down by 1 percent in the last 24 hours. The pair is trading at $0.69 at press time and looks set to break below the $0.70 resistance.", "source_name": "Cryptopolitan", "date": "Mon, 09 May 2022 02:00:38 -0400", "topics": ["tanalysis"], "sentiment": "Positive", "type": "Article", "tickers": ["XRP"]}, {"news_url": "https://beincrypto.com/ethereum-miner-revenue-surpassed-bitcoin-224m-april/", "image_url": "https://crypto.snapi.dev/images/v1/y/u/bic-onchain-analysis-btc-ethjpgoptimal-138176.jpg", "title": "Ethereum Miner Revenue Surpassed Bitcoin By $224M in April", "text": "Bitcoin miners took a back seat in mining profitability during the month of April as Ethereum miners saw $224 million more revenue than Bitcoin miners.\u00a0 The post Ethereum Miner Revenue Surpassed Bitcoin By $224M in April appeared first on BeInCrypto.", "source_name": "BeInCrypto", "date": "Mon, 09 May 2022 01:54:18 -0400", "topics": ["mining"], "sentiment": "Neutral", "type": "Article", "tickers": ["BTC", "ETH"]}, {"news_url": "https://cointelegraph.com/news/bitcoin-whales-jumping-ship-as-exchange-inflows-reach-3-month-high", "image_url": "https://crypto.snapi.dev/images/v1/f/1/840-ahr0chm6ly9zmy5jb2ludgvszwdyyxbolmnvbs91cgxvywrzlziwmjitmduvmzfkztzkogytmwfmni00zjg4ltlizjutmju1mwm3zguwyjdllmpwzw-138174.jpg", "title": "Bitcoin whales jumping ship as exchange inflows reach 3-month high", "text": "The Bitcoin market appears to be retracing the gains it has made since January as whales may be exiting and selling on centralized exchanges according to Glassnode.", "source_name": "Cointelegraph", "date": "Mon, 09 May 2022 01:42:52 -0400", "topics": ["whales"], "sentiment": "Positive", "type": "Article", "tickers": ["BTC"]}, {"news_url": "https://coinpedia.org/bitcoin/bitcoin-price-to-drop-below-30k-next-month/", "image_url": "https://crypto.snapi.dev/images/v1/s/5/crypto18-138172.jpg", "title": "Bitcoin Price To Drop Below $30K Next Month, Here are Low Levels To Watch", "text": "Bitcoin fell through a crucial support level over the weekend, falling to its lowest level since January. The Bitcoin price is currently nose-diving below the lower boundary of the channel and has breached below the $34,000 barrier. Further bearish movement, on the other hand, could identify the supports at $30,000, $28,000, and $26,000, allowing BTC \u2026", "source_name": "CoinPedia", "date": "Mon, 09 May 2022 01:15:24 -0400", "topics": [], "sentiment": "Negative", "type": "Article", "tickers": ["BTC"]}, {"news_url": "https://coinpedia.org/price-analysis/crypto-crash-continues-ethereum-price-all-set-to-plunge-below-2000-if-eth-fails-at-these-levels/", "image_url": "https://crypto.snapi.dev/images/v1/m/j/crypto17-138171.jpg", "title": "Crypto Crash Continues, Ethereum Price All Set to Plunge Below $2000 if ETH Fails at These Levels!", "text": "A brutal attack on the crypto market continues as the Bitcoin price slides below $34,000 while the Ethereum price slides down beneath $2500. While no major possibilities of a rebound are being witnessed at present, the ETH price is expected to crash another 18% to 20% in the upcoming days. And eventually, the traders may \u2026", "source_name": "CoinPedia", "date": "Mon, 09 May 2022 01:10:55 -0400", "topics": [], "sentiment": "Negative", "type": "Article", "tickers": ["ETH"]}, {"news_url": "https://www.newsbtc.com/analysis/eth/ethereum-bears-aim-big-2k/", "image_url": "https://crypto.snapi.dev/images/v1/u/q/shutterstock-552258877-138170.jpg", "title": "TA: Ethereum Bears Aim Big After Recent Breakdown Below $2.5K", "text": "Ethereum started a major decline from the $2,700 zone against the US Dollar. ETH dived below $2,550 and might accelerate lower below the $2,420 support.", "source_name": "NewsBTC", "date": "Mon, 09 May 2022 01:08:41 -0400", "topics": ["tanalysis"], "sentiment": "Negative", "type": "Article", "tickers": ["ETH"]}, {"news_url": "https://www.theblockcrypto.com/linked/145705/luna-foundation-guard-says-it-will-lend-out-1-5-billion-in-btc-and-ust-to-defend-stablecoin-peg", "image_url": "https://crypto.snapi.dev/images/v1/w/y/20210818-war-on-stablecoins-800x450-138169.jpg", "title": "Luna Foundation Guard says it will lend out $1.5 billion in BTC and UST to defend stablecoin peg", "text": "The Luna Foundation Guard (LFG) said Monday that it will lend out hundreds of millions of dollars worth of bitcoin and the stablecoin UST in order to defend the latter's peg amid a period of market volatility. The post Luna Foundation Guard says it will lend out $1.5 billion in BTC and UST to defend stablecoin peg appeared first on The Block.", "source_name": "The Block", "date": "Mon, 09 May 2022 01:03:52 -0400", "topics": ["stablecoins"], "sentiment": "Neutral", "type": "Article", "tickers": ["BTC", "LUNA"]}, {"news_url": "https://www.reuters.com/business/finance/bitcoin-falls-lowest-since-january-line-with-tumbling-stock-markets-2022-05-09/", "image_url": "https://crypto.snapi.dev/images/v1/q/f/sbr5wigruvjbrnzbi6el6dokva-138167.jpg", "title": "Bitcoin falls to lowest since January, in line with tumbling stock markets", "text": "Bitcoin fell to its lowest level since January on Monday as slumping equity markets continued to hurt cryptocurrencies, which are currently trading in line with so-called riskier assets like tech stocks.", "source_name": "Reuters", "date": "Mon, 09 May 2022 00:43:54 -0400", "topics": [], "sentiment": "Negative", "type": "Article", "tickers": ["BTC"]}, {"news_url": "https://coingape.com/?p=111863", "image_url": "https://crypto.snapi.dev/images/v1/n/6/bitcoin-crash-pyth-network-138166.jpeg", "title": "Bloodbath Alert: Bitcoin (BTC) Gives a Weekly Close Below 100-DMA for the First Time In Four Years", "text": "Over the last weekend, Bitcoin (BTC) and the broader crypto market witnessed a brutal sell-off with Bitcoin and the broader crypto market losing nearly 10%. In the last three days, the broader crypto market has eroded $250 billion of investors' wealth.", "source_name": "Coingape", "date": "Mon, 09 May 2022 00:41:10 -0400", "topics": [], "sentiment": "Negative", "type": "Article", "tickers": ["BTC"]}, {"news_url": "https://www.newsbtc.com/altcoin/blue-chip-nfts-101-a-brief-look-at-solanas-degods/", "image_url": "https://crypto.snapi.dev/images/v1/6/i/screen-shot-2022-05-01-at-22051-pm-138165.png", "title": "Blue Chip NFTs 101 \u2013 A Brief Look At Solana's \u2018DeGods'", "text": "In our latest installment of \u2018Blue Chip NFTs 101,' we're taking a dive into non-Ethereum chain NFTs; we'll be working our way through top 10 blockchains and their biggest NFT projects, all while still highlighting major noteworthy projects that are on Ethereum. In our first piece in the series, we covered the remarkable rise of \u2018Moonbirds,' the latest NFT project that has seemingly skyrocketed to blue chip status practically overnight.", "source_name": "NewsBTC", "date": "Mon, 09 May 2022 00:29:07 -0400", "topics": ["NFT"], "sentiment": "Neutral", "type": "Article", "tickers": ["SOL"]}, {"news_url": "https://cryptonews.com/news/bitcoin-below-usd-34k-ethereum-keeps-trending-lower-xmr-axs-and-near-rally.htm", "image_url": "https://crypto.snapi.dev/images/v1/u/f/6gr33-138032-138164.jpg", "title": "Bitcoin Below USD 34K, Ethereum Keeps Trending Lower, XMR, AXS, and NEAR Rally", "text": "Bitcoin price remained in a bearish zone below the USD 38,000 level and extended losses below the USD 35,500 support. It is currently (04:04 UTC) showing bearish signs near USD 33,637 after recovering from USD 33,400. BTC is down almost 3% in a day and 12% in a week.", "source_name": "Cryptonews", "date": "Mon, 09 May 2022 00:16:00 -0400", "topics": [], "sentiment": "Negative", "type": "Article", "tickers": ["BTC", "ETH", "XMR", "AXS", "NEAR"]}, {"news_url": "https://www.newsbtc.com/news/bitcoin-carnage-continues/", "image_url": "https://crypto.snapi.dev/images/v1/c/l/bitcoin-1-138163.jpg", "title": "Bitcoin Carnage Continues As BTC Disintegrates To $34K", "text": "The cryptocurrency market as a whole is once again blanketed in red, with Bitcoin falling to a multi-month low. Bitcoin's price has tanked\u00a0for four consecutive days, breaching the psychological support level of $35,000.", "source_name": "NewsBTC", "date": "Mon, 09 May 2022 00:00:16 -0400", "topics": [], "sentiment": "Negative", "type": "Article", "tickers": ["BTC"]}, {"news_url": "https://www.newsbtc.com/analysis/btc/bitcoin-downtrend-intact-32k/", "image_url": "https://crypto.snapi.dev/images/v1/s/a/untitled-design-138039-138158.png", "title": "TA: Bitcoin Downtrend Intact, Why The Bears Might Aim $32K", "text": "Bitcoin started a strong decline below the $37,500 support against the US Dollar. BTC even traded below $35,000 and might continue to move down towards $32,000.", "source_name": "NewsBTC", "date": "Sun, 08 May 2022 23:08:10 -0400", "topics": ["tanalysis"], "sentiment": "Negative", "type": "Article", "tickers": ["BTC"]}, {"news_url": "https://www.cryptopolitan.com/bitcoin-binance-coin-theta-fuel-and-icon-daily-price-analyses-8-may-roundup/", "image_url": "https://crypto.snapi.dev/images/v1/y/c/cryptocurrency-133403-138154.jpg", "title": "Bitcoin, Binance Coin, Theta Fuel, and Icon Daily Price Analyses \u2013 8 May Roundup", "text": "The performance of the global crypto market hasn't been impressive over the last 24 hours as the losses for it have increased in value. Though the losses had begun to decrease, the process has reversed, and it is again facing a difficult situation.", "source_name": "Cryptopolitan", "date": "Sun, 08 May 2022 22:43:28 -0400", "topics": [], "sentiment": "Neutral", "type": "Article", "tickers": ["BNB", "BTC", "ICX", "TFUEL", "THETA"]}, {"news_url": "https://cryptoticker.io/en/what-is-a-realistic-forecast-for-bitcoin-at-the-end-of-2022/", "image_url": "https://crypto.snapi.dev/images/v1/f/f/ff32e3-138147.", "title": "What is a realistic forecast for Bitcoin at the end of 2022?", "text": "Cryptocurrencies are in trouble in 2022. But what is a realistic forecast for Bitcoin price for the end of the year 2022?", "source_name": "CryptoTicker", "date": "Sun, 08 May 2022 19:07:03 -0400", "topics": [], "sentiment": "Negative", "type": "Article", "tickers": ["BTC"]}, {"news_url": "https://dailyhodl.com/2022/05/08/heres-whats-next-for-solana-sol-and-red-hot-altcoin-stepn-gmt-according-to-crypto-strategist/", "image_url": "https://crypto.snapi.dev/images/v1/k/i/solana-remains-favoritejpgw1024-138141.jpg", "title": "Here's What's Next for Solana (SOL) and Red-Hot Altcoin STEPN (GMT), According to Crypto Strategist", "text": "A closely followed crypto analyst is outlining what's ahead for Ethereum rival Solana (SOL) and move-to-earn protocol STEPN (GMT). In a strategy session, DonAlt warns holders of smart contract platform Solana that SOL looks bearish on the high timeframe charts after converting weekly support at $140 into resistance. According to DonAlt, the price action suggests [\u2026] The post Here's What's Next for Solana (SOL) and Red-Hot Altcoin STEPN (GMT), According to Crypto Strategist appeared first on The Daily Hodl.", "source_name": "The Daily Hodl", "date": "Sun, 08 May 2022 18:05:21 -0400", "topics": [], "sentiment": "Neutral", "type": "Article", "tickers": ["GMT", "SOL"]}, {"news_url": "https://cryptobriefing.com/bitcoin-and-ethereum-are-at-risk-of-capitulation/?utm_source=feed&utm_medium=rss", "image_url": "https://crypto.snapi.dev/images/v1/w/u/bitcoin-ethereum-price-levels-cover-838x440-138143.png", "title": "Bitcoin and Ethereum Are at Risk of Capitulation", "text": "Bitcoin and Ethereum are indicating that they could experience capitulations as they lose critical support areas.\u00a0", "source_name": "Crypto Briefing", "date": "Sun, 08 May 2022 18:01:05 -0400", "topics": [], "sentiment": "Negative", "type": "Article", "tickers": ["BTC", "ETH"]}, {"news_url": "https://decrypt.co/99741/snoop-dogg-among-latest-to-grab-nfts-for-ice-cubes-big3-basketball-league", "image_url": "https://crypto.snapi.dev/images/v1/u/d/snoop-dogg-2-gid-2-138138.jpg", "title": "Snoop Dogg, Gary Vee Latest to Buy Ethereum Ownership NFTs in Ice Cube's BIG3 Hoops League", "text": "Snoop teamed up with PayPal co-founder Ken Howery to buy team Bivouac's NFTs.", "source_name": "Decrypt", "date": "Sun, 08 May 2022 17:31:57 -0400", "topics": ["NFT"], "sentiment": "Neutral", "type": "Article", "tickers": ["ETH"]}, {"news_url": "https://insidebitcoins.com/news/ethereum-price-prediction-for-today-may-8-eth-slides-below-2400-support", "image_url": "https://crypto.snapi.dev/images/v1/3/0/adobestock-484831569-editorial-min-135724-136244-138135.jpg", "title": "Ethereum Price Prediction for Today, May 8: ETH Slides Below $2400 Support", "text": "The Ethereum price prediction reveals that ETH faces the key support as the market price may gain more downs. ETH/USD Market Key Levels: Resistance levels: [.", "source_name": "Inside Bitcoins", "date": "Sun, 08 May 2022 16:54:59 -0400", "topics": ["tanalysis"], "sentiment": "Negative", "type": "Article", "tickers": ["ETH"]}, {"news_url": "https://www.crowdfundinsider.com/2022/05/190797-two-us-senators-question-fidelitys-move-to-allow-bitcoin-in-401ks/", "image_url": "https://crypto.snapi.dev/images/v1/s/d/sd0p222-138130.", "title": "Two US Senators Question Fidelity's Move to Allow Bitcoin in 401Ks", "text": "Senator Elizabeth Warren and Senator Tina Smith have sent a letter to Abigail Johnson, CEO of Fidelity Investments, taking her to task for allowing investors to include Bitcoin in their retirement accounts. Late last month, Fidelity announced the move claiming its workplace Digital Assets Account.", "source_name": "CrowdFundInsider", "date": "Sun, 08 May 2022 16:45:22 -0400", "topics": [], "sentiment": "Negative", "type": "Article", "tickers": ["BTC"]}, {"news_url": "https://insidebitcoins.com/news/bitcoin-price-prediction-for-today-may-8-btc-bears-could-demolish-34000-support", "image_url": "https://crypto.snapi.dev/images/v1/g/2/shutterstock-1259514784-137877-138127.jpg", "title": "Bitcoin Price Prediction for Today, May 8: BTC Bears Could Demolish $34,000 Support", "text": "The Bitcoin price prediction shows that BTC keeps trading below the moving averages as the coin touches $33,701 support. BTC/USD Long-term Trend: Ranging (Daily Chart) [.", "source_name": "Inside Bitcoins", "date": "Sun, 08 May 2022 16:20:23 -0400", "topics": ["tanalysis"], "sentiment": "Negative", "type": "Article", "tickers": ["BTC"]}, {"news_url": "https://www.cnbc.com/2022/05/08/bitcoin-drops-below-35000-over-the-weekend-extending-fridays-losses.html", "image_url": "https://crypto.snapi.dev/images/v1/s/i/sik2d-138129.", "title": "Bitcoin drops below $35,000 over the weekend, extending Friday's losses", "text": "Bitcoin continued to drop this weekend after a broader stock sell-off in the U.S. last week sent the cryptocurrency market into a frenzy and prompted bitcoin to plummet by roughly 10%.", "source_name": "CNBC", "date": "Sun, 08 May 2022 16:06:00 -0400", "topics": [], "sentiment": "Negative", "type": "Article", "tickers": ["BTC"]}, {"news_url": "https://ambcrypto.com/bitcoin-btc-to-0-or-1000000-that-is-the-question-for-the-king-coin/", "image_url": "https://crypto.snapi.dev/images/v1/b/o/jason-dent-c0wfc0pbroo-unsplash-1-138125.jpg", "title": "Bitcoin [BTC] to $0 or $1,000,000? That is the question for the king coin", "text": "The last words anyone would expect from the chairman of an organization set up with the mandate of restoring the reputation of Bitcoin after several scandals, and fostering its development and uptake is that \u201cBitcoin either going to go to $1 million a Bitcoin or zero.\u201d In a recent interview with Fox Business, the Chairman [\u2026]", "source_name": "AMBCrypto", "date": "Sun, 08 May 2022 15:30:54 -0400", "topics": [], "sentiment": "Neutral", "type": "Article", "tickers": ["BTC"]}, {"news_url": "https://cryptoticker.io/en/top-5-altcoins-to-buy-in-may-2022/", "image_url": "https://crypto.snapi.dev/images/v1/3/v/3vvc2-138123.", "title": "Top 5 Altcoins to BUY in May 2022 \u2013 INSANE POTENTIALS!", "text": "The cryptocurrency market is heavily discounted today. In this article, we present to you the top 5 altcoins to BUY in May 2022.", "source_name": "CryptoTicker", "date": "Sun, 08 May 2022 15:20:02 -0400", "topics": [], "sentiment": "Positive", "type": "Article", "tickers": ["ADA", "FIL", "MATIC", "TRX", "XRP"]}, {"news_url": "https://ambcrypto.com/after-xrps-37-fall-over-the-past-month-investors-need-to-look-out-for-this-level/", "image_url": "https://crypto.snapi.dev/images/v1/a/x/untitled-design-21-138118.png", "title": "After XRP's 37% fall over the past month, investors need to look out for this level", "text": "Disclaimer: The findings of the following analysis are the sole opinions of the writer and should not be considered investment advice. Witnessing an expected menacing bearish response from the $0.9-cap, XRP continued to undermine buying rallies on its southbound trajectory for over a month.", "source_name": "AMBCrypto", "date": "Sun, 08 May 2022 14:30:23 -0400", "topics": [], "sentiment": "Negative", "type": "Article", "tickers": ["XRP"]}, {"news_url": "https://cointelegraph.com/news/top-5-cryptocurrencies-to-watch-this-week-btc-algo-xmr-xtz-theta", "image_url": "https://crypto.snapi.dev/images/v1/t/s/840-ahr0chm6ly9zmy5jb2ludgvszwdyyxbolmnvbs91cgxvywrzlziwmjitmduvzjdimwqyn2ytmwy2ni00nza5ltk3nmmtmtbky2q5mme1zwuzlmpwzw-138117.jpg", "title": "Top 5 cryptocurrencies to watch this week: BTC, ALGO, XMR, XTZ, THETA", "text": "Bitcoin has reached a critical support zone and if there is a bounce from this level ALGO, XMR, XTZ and THETA could move higher in the short-term.", "source_name": "Cointelegraph", "date": "Sun, 08 May 2022 14:21:20 -0400", "topics": [], "sentiment": "Positive", "type": "Article", "tickers": ["ALGO", "BTC", "THETA", "XMR", "XTZ"]}, {"news_url": "https://www.cryptopolitan.com/ripple-price-analysis-2022-05-08/", "image_url": "https://crypto.snapi.dev/images/v1/w/3/ripple-price-analysis-2022-05-08-138112.png", "title": "Ripple price analysis: XRP rejects downside at $0.56, sharp retracement incoming?", "text": "Ripple price analysis is bullish today as we expect the several-day decline to have ended after a slowdown and rejection for further downside at $0.56. XRP/USD is likely ready to reverse and retrace some of the loss early next week.", "source_name": "Cryptopolitan", "date": "Sun, 08 May 2022 13:42:57 -0400", "topics": ["tanalysis"], "sentiment": "Neutral", "type": "Article", "tickers": ["XRP"]}, {"news_url": "https://www.dcforecasts.com/bitcoin-news/senator-warren-demands-answers-from-fidelity-and-their-btc-plans/", "image_url": "https://crypto.snapi.dev/images/v1/i/f/fidelityinvestmetns-138105.png", "title": "Senator Warren Demands Answers From Fidelity And Their BTC Plans", "text": "Senator Warren demands answers from Fidelity and their Bitcoin retirement plans because she thinks that investing in crypto is quite risky and speculative so let's read more today in our latest Bitcoin news. The two US Senators including Elizabeth Warren sent a letter to Fidelity investments and demanded answers regarding the company's decision to allow [\u2026]", "source_name": "DCForecasts", "date": "Sun, 08 May 2022 13:06:31 -0400", "topics": ["regulations"], "sentiment": "Negative", "type": "Article", "tickers": ["BTC"]}, {"news_url": "https://www.cryptoglobe.com/latest/2022/05/btc-what-life-is-like-for-foreigners-who-have-moved-to-bitcoin-beach/", "image_url": "https://crypto.snapi.dev/images/v1/7/5/el-salvador-beach-138107.jpg", "title": "$BTC: What Life Is Like for Foreigners Who Have Moved to \u2018Bitcoin Beach'", "text": "Recently, American current affairs TV program \u201c60 Minutes\u201d shed some light on how young affluent foreigners are finding life on a beach town in El Salvador, where Bitcoin is legal tender. As you may remember, the bill to make Bitcoin legal tender\u00a0in El Salvador got passed by the Legislative Assembly on June 9 and the\u00a0Bitcoin [\u2026]", "source_name": "CryptoGlobe", "date": "Sun, 08 May 2022 13:06:12 -0400", "topics": [], "sentiment": "Neutral", "type": "Article", "tickers": ["BTC"]}, {"news_url": "https://dailyhodl.com/2022/05/08/ethereum-gearing-up-for-parabolic-rally-as-upside-potential-for-bitcoin-looks-strong-crypto-analyst/", "image_url": "https://crypto.snapi.dev/images/v1/a/w/staggering-worth-of-ethereumjpgw1024-138104.jpg", "title": "Ethereum Gearing Up for Parabolic Rally As Upside Potential for Bitcoin Looks Strong: Crypto Analyst", "text": "A widely followed crypto analyst says Ethereum (ETH) is primed for a parabolic rally and that Bitcoin's (BTC) risk-reward ratio looks attractive. The pseudonymous analyst known as TechDev tells his 393,000 Twitter followers that Ethereum is currently mirroring a pattern from late 2016 and early 2017, where ETH printed bearish-looking price action before exploding. \u201cUpdate [\u2026] The post Ethereum Gearing Up for Parabolic Rally As Upside Potential for Bitcoin Looks Strong: Crypto Analyst appeared first on The Daily Hodl.", "source_name": "The Daily Hodl", "date": "Sun, 08 May 2022 12:55:16 -0400", "topics": [], "sentiment": "Positive", "type": "Article", "tickers": ["BTC", "ETH"]}, {"news_url": "https://www.dcforecasts.com/blockchain-news/metas-instagram-will-support-nfts-from-solana-polygon/", "image_url": "https://crypto.snapi.dev/images/v1/4/g/4ggre32-138102.", "title": "META's Instagram Will Support NFTs From Solana, Polygon", "text": "META's Instagram will support NFTs from Ethereum, Flow, and Solana and the social media platform will not charge the users for showcasing their crypto art so let's read more about it in today's latest cryptocurrency news. NFTs from one of the most popular blockchain networks for crypto art are coming to Instagram with the announcement [\u2026]", "source_name": "DCForecasts", "date": "Sun, 08 May 2022 12:30:08 -0400", "topics": ["NFT"], "sentiment": "Positive", "type": "Article", "tickers": ["MATIC", "SOL"]}, {"news_url": "https://cryptoticker.io/en/top-3-reasons-why-you-should-buy-some-bitcoins/", "image_url": "https://crypto.snapi.dev/images/v1/5/6/56hhh-138100.", "title": "Top 3 Reasons why you should Buy some Bitcoins", "text": "Should you buy Bitcoin despite the bearish market crypto? In this article, we list the top 3 reasons to buy Bitcoin today.", "source_name": "CryptoTicker", "date": "Sun, 08 May 2022 12:14:00 -0400", "topics": [], "sentiment": "Positive", "type": "Article", "tickers": ["BTC"]}, {"news_url": "https://www.cryptopolitan.com/bitcoin-price-analysis-2022-05-08/", "image_url": "https://crypto.snapi.dev/images/v1/s/l/bitcoin-price-analysis-2022-05-08-138096.png", "title": "Bitcoin price analysis: BTC swiftly spikes to $34,500, retracement next?", "text": "Bitcoin price analysis is bullish today as we expect recovery to follow after another spike lower overnight leading to the next support at $34,500. Therefore, bears should be exhausted, and BTC/USD move for a significant retracement.", "source_name": "Cryptopolitan", "date": "Sun, 08 May 2022 12:00:54 -0400", "topics": ["tanalysis"], "sentiment": "Negative", "type": "Article", "tickers": ["BTC"]}, {"news_url": "https://cryptodaily.co.uk/2022/05/btc-usd-bears-remain-in-control-below-36000-sally-ho-technical-analysis-9-may-2022-btc-bitcoin", "image_url": "https://crypto.snapi.dev/images/v1/v/w/terra-bitcoin-buyingjpgw1024-137687-138095.jpg", "title": "BTC/USD Bears Remain in Control Below 36000: Sally Ho's Technical Analysis 9 May 2022 BTC", "text": "Bitcoin (BTC/USD) continued to suffer from bearish technical sentiment early in the Asian session as the pair remained given well below the 37000 figure after recently collapsing from the 40038 area and printing as low as the 34201 area. \u00a0This recent low represented a test of the 76.4% retracement of the appreciating range from 25722.55 to 61788.45.", "source_name": "Crypto Daily", "date": "Sun, 08 May 2022 12:00:00 -0400", "topics": ["tanalysis"], "sentiment": "Negative", "type": "Article", "tickers": ["BTC"]}, {"news_url": "https://cryptopotato.com/ripple-price-analysis-3-times-xrp-increased-from-this-level-will-it-happen-again/", "image_url": "https://crypto.snapi.dev/images/v1/c/p/xrp-5-136001-138094.jpg", "title": "Ripple Price Analysis: 3 Times XRP Increased From This Level, Will It Happen Again?", "text": "Ripple has touched the range between $0.5-0.55 three times over the past year. Now, the bears are trying to bring the price to this range once again, but will support hold the fourth attempt?", "source_name": "CryptoPotato", "date": "Sun, 08 May 2022 11:56:30 -0400", "topics": ["tanalysis"], "sentiment": "Neutral", "type": "Article", "tickers": ["XRP"]}, {"news_url": "https://u.today/heres-how-terra-potentially-pushed-bitcoin-down-to-35000?SNAPI", "image_url": "https://crypto.snapi.dev/images/v1/w/w/14664-138084.jpg", "title": "Here's How Terra Potentially Pushed Bitcoin Down to $35,000", "text": "Terra Foundation might fuel the drop of the cryptocurrency market", "source_name": "UToday", "date": "Sun, 08 May 2022 11:00:00 -0400", "topics": [], "sentiment": "Negative", "type": "Article", "tickers": ["BTC", "LUNA"]}, {"news_url": "https://bitcoinmagazine.com/culture/president-bidens-executive-order-on-bitcoin", "image_url": "https://crypto.snapi.dev/images/v1/a/u/us-138082.jpg", "title": "What To Expect After President Biden's Executive Order On Bitcoin", "text": "The recent executive order offers insight into the United States government's view of Bitcoin and how they intend to become an international leader.", "source_name": "Bitcoin Magazine", "date": "Sun, 08 May 2022 11:00:00 -0400", "topics": [], "sentiment": "Neutral", "type": "Article", "tickers": ["BTC"]}, {"news_url": "https://coingape.com/?p=111858", "image_url": "https://crypto.snapi.dev/images/v1/l/x/artboard-e28093-46-1-138081.png", "title": "Ethereum Price Prediction: $2500 Fallout May Tumble ETH Price By 8%", "text": "A bearish reversal from the new descending trendline on May 4 indicates that the traders continue selling on minor pullbacks. The ongoing correction had recently breached the $2800 support and challenged the lower support level of $2500.", "source_name": "Coingape", "date": "Sun, 08 May 2022 10:59:26 -0400", "topics": [], "sentiment": "Negative", "type": "Article", "tickers": ["ETH"]}, {"news_url": "https://www.cryptopolitan.com/ethereum-price-analysis-2022-05-08/", "image_url": "https://crypto.snapi.dev/images/v1/q/2/ethereum-price-analysis-2022-05-08-138077.png", "title": "Ethereum price analysis: ETH breaks down further, ready to break past $2,500?", "text": "Ethereum price analysis is bearish today as we saw a strong drop lower again after consolidation yesterday. Therefore, more downside could follow past the $2,500 next support as selling pressure is still strong.", "source_name": "Cryptopolitan", "date": "Sun, 08 May 2022 10:41:40 -0400", "topics": ["tanalysis"], "sentiment": "Negative", "type": "Article", "tickers": ["ETH"]}, {"news_url": "https://www.cryptopolitan.com/portugal-accepts-payments-in-btc/", "image_url": "https://crypto.snapi.dev/images/v1/b/2/jaye-haych-7tkdoo2l-eg-unsplash-138076.jpg", "title": "Portugal accepts payments in BTC for real estate purchases", "text": "As one of the most cultural countries in Europe, Portugal promotes cryptocurrencies. According to reports, the purchase of an apartment in Braga, north of the city, was completed for 3 BTC.", "source_name": "Cryptopolitan", "date": "Sun, 08 May 2022 10:37:22 -0400", "topics": [], "sentiment": "Positive", "type": "Article", "tickers": ["BTC"]}, {"news_url": "https://ambcrypto.com/bitcoin-mapping-out-the-odds-of-a-btc-rally-in-the-short-term/", "image_url": "https://crypto.snapi.dev/images/v1/s/q/untitled-design-20-138073.png", "title": "Bitcoin: Mapping out the odds of a BTC rally in the short-term", "text": "Disclaimer: The findings of the following analysis are the sole opinions of the writer and should not be considered investment advice. Bitcoin (BTC) headed south after a downswing from the $39,000-ceiling post its falling wedge (white) breakout.", "source_name": "AMBCrypto", "date": "Sun, 08 May 2022 10:30:49 -0400", "topics": [], "sentiment": "Neutral", "type": "Article", "tickers": ["BTC"]}, {"news_url": "https://cryptopotato.com/bitcoin-breaks-below-multi-month-support-is-30k-retest-incoming-btc-price-analysis/", "image_url": "https://crypto.snapi.dev/images/v1/l/9/bears-cover-1-137999-138072.jpg", "title": "Bitcoin Breaks Below Multi-Month Support, Is $30K Retest Incoming? (BTC Price Analysis)", "text": "After consolidating above the $37K decisive level for a few weeks, Bitcoin was eventually rejected after another attempt at $40K and plunged below the key support following tremendous bearish momentum. BTC futures market has seen a massive long liquidation due to the recent bearish leg.", "source_name": "CryptoPotato", "date": "Sun, 08 May 2022 10:28:56 -0400", "topics": ["tanalysis"], "sentiment": "Negative", "type": "Article", "tickers": ["BTC"]}, {"news_url": "https://thecurrencyanalytics.com/defi/instagram-gearing-up-to-support-nfts-on-ethereum-polygon-solana-and-flow-41258.php", "image_url": "https://crypto.snapi.dev/images/v1/h/p/instagram-gearing-up-to-support-nfts-on-ethereum-polygon-solana-and-flow-138065.jpg", "title": "Instagram Gearing up to Support NFTs on Ethereum Polygon Solana and Flow", "text": "Catch up on the latest crypto market news at The Currency Analytics. Instagram will soon be supporting NFTs on Ethereum, Polygon, Solana, and Flow.", "source_name": "The Currency Analytics", "date": "Sun, 08 May 2022 10:03:07 -0400", "topics": ["NFT"], "sentiment": "Positive", "type": "Article", "tickers": ["ETH", "MATIC", "SOL"]}, {"news_url": "https://coingape.com/?p=111857", "image_url": "https://crypto.snapi.dev/images/v1/o/y/crypto-bitcoin-138064.jpg", "title": "Bitcoin Price Analysis: BTC Price Losing $35000 Support; Hold Or Sell?", "text": "The (Bitcoin)BTC price has been falling for the four straight days, piercing the 35000 psychological support level. If sellers sustain this fallout, the potential freefall will pull the coin price to the $33000 support level, suggesting a 4.65% fall.", "source_name": "Coingape", "date": "Sun, 08 May 2022 10:02:57 -0400", "topics": ["tanalysis"], "sentiment": "Negative", "type": "Article", "tickers": ["BTC"]}, {"news_url": "https://www.theblockcrypto.com/linked/145689/instagram-to-support-nfts-from-ethereum-polygon-solana-flow-report", "image_url": "https://crypto.snapi.dev/images/v1/j/q/20210903-valuing-nfts-800x450-138063.jpg", "title": "Instagram to support NFTs from Ethereum, Polygon, Solana, Flow: report", "text": "Instagram will not charge users for posting and sharing NFTs. The post Instagram to support NFTs from Ethereum, Polygon, Solana, Flow: report appeared first on The Block.", "source_name": "The Block", "date": "Sun, 08 May 2022 09:57:55 -0400", "topics": ["NFT"], "sentiment": "Positive", "type": "Article", "tickers": ["ETH", "MATIC", "SOL", "FLOW"]}, {"news_url": "https://decrypt.co/99617/bitcoin-falls-below-35000-first-time-since-january", "image_url": "https://crypto.snapi.dev/images/v1/d/a/bitcoin-trading-volume-gid-2-138062.jpeg", "title": "Bitcoin Falls Below $35K for First Time Since January", "text": "Bitcoin began sliding amid hawkish comments from the U.S. Federal Reserve on Wednesday, which also brought down traditional markets.", "source_name": "Decrypt", "date": "Sun, 08 May 2022 09:52:02 -0400", "topics": [], "sentiment": "Negative", "type": "Article", "tickers": ["BTC"]}, {"news_url": "https://news.bitcoin.com/catching-the-falling-knife-bitcoin-ethereum-down-50-from-all-time-highs-billions-leave-crypto-economy/", "image_url": "https://crypto.snapi.dev/images/v1/8/o/dmitry-demidko-z4vurg-zoeg-unsplash-630x420-137677-138061.jpg", "title": "Catching the Falling Knife: Bitcoin, Ethereum Down 50% From All-Time Highs \u2014 Billions Leave Crypto Economy", "text": "The crypto economy has dropped considerably in value during the last five weeks, slipping 23.28% from $2.19 trillion to today's $1.68 trillion. Furthermore, both bitcoin and ethereum are awfully close to sinking 50% below the all-time highs recorded six months ago. Bitcoin Sinks Lower Against the US Dollar, 39% Down in 30 Days Digital currency [\u2026]", "source_name": "Bitcoin", "date": "Sun, 08 May 2022 09:45:26 -0400", "topics": [], "sentiment": "Negative", "type": "Article", "tickers": ["BTC", "ETH"]}, {"news_url": "https://finbold.com/chief-strategist-warns-governments-planning-to-implement-de-facto-bitcoin-ban/?SNAPI", "image_url": "https://crypto.snapi.dev/images/v1/g/q/0aba61f4-bb7f-4a52-8345-309d8e19f060-138060.jpeg", "title": "Chief strategist warns governments planning to implement \u2018de facto' Bitcoin ban", "text": "Meltem Demirors, the chief strategy officer at $5 billion worth crypto asset management company CoinShares, has stated that governments are.", "source_name": "Finbold", "date": "Sun, 08 May 2022 09:42:33 -0400", "topics": [], "sentiment": "Negative", "type": "Article", "tickers": ["BTC"]}, {"news_url": "https://bitcoinmagazine.com/culture/bitcoin-promises-a-future-of-abundant-energy", "image_url": "https://crypto.snapi.dev/images/v1/d/7/green-energy-renewable-mining-138050.jpg", "title": "Bitcoin Promises a Future of Abundant Energy", "text": "Bitcoin mining has the potential to revolutionize our approach to electricity generation by allowing power production to increase with buyers of last resort.", "source_name": "Bitcoin Magazine", "date": "Sun, 08 May 2022 09:00:00 -0400", "topics": [], "sentiment": "Neutral", "type": "Article", "tickers": ["BTC"]}, {"news_url": "https://beincrypto.com/not-an-inflation-hedge-bitcoin-showing-close-correlation-with-stocks-says-bank-of-america-analysts/", "image_url": "https://crypto.snapi.dev/images/v1/c/b/bitcoin-stocks-138055.png", "title": "Not an Inflation Hedge: Bitcoin Showing Close Correlation With Stocks, Says Bank of America Analysts", "text": "Bank of America has released a report recently, questioning the status of bitcoin as an inflation hedge considering its recent correlation with the stock market. The post Not an Inflation Hedge: Bitcoin Showing Close Correlation With Stocks, Says Bank of America Analysts appeared first on BeInCrypto.", "source_name": "BeInCrypto", "date": "Sun, 08 May 2022 09:00:00 -0400", "topics": [], "sentiment": "Negative", "type": "Article", "tickers": ["BTC"]}, {"news_url": "https://cryptopotato.com/warren-buffetts-advice-for-beating-inflation-is-actually-the-key-to-bitcoins-success-opinion/", "image_url": "https://crypto.snapi.dev/images/v1/c/l/wb-min-138047.jpg", "title": "Warren Buffett's Advice for Beating Inflation is Actually the Key to Bitcoin's Success (Opinion)", "text": "Warren Buffett's advice to beating inflation is just part of the reasons for which Bitcoin has become successful.", "source_name": "CryptoPotato", "date": "Sun, 08 May 2022 08:45:16 -0400", "topics": [], "sentiment": "Neutral", "type": "Article", "tickers": ["BTC"]}, {"news_url": "https://www.forbes.com/sites/chuckjones/2022/05/08/analyst-believes-bitcoin-could-soon-fall-to-30000/", "image_url": "https://crypto.snapi.dev/images/v1/4/g/4ggre32-138066.", "title": "Analyst Believes Bitcoin Could Soon Fall To $30,000", "text": "Over the past week Bitcoin BTC has fallen 10% from about $38,500 to around $34,500. Most of the decline, approximately 8%, was after the Federal Reserve increased the Federal Funds interest rate by 0.50% and essentially promised two more 0.50% raises. Carter Braxton Worth, founder of Worth Charting, believes that Bitcoin could quickly fall another 13% to $30,000.", "source_name": "Forbes", "date": "Sun, 08 May 2022 08:30:00 -0400", "topics": [], "sentiment": "Negative", "type": "Article", "tickers": ["BTC"]}, {"news_url": "https://www.theblockcrypto.com/post/145625/bitcoin-mining-production-roundup-april", "image_url": "https://crypto.snapi.dev/images/v1/s/x/20210216-mining-generic-800x450-138044.jpg", "title": "Bitcoin mining production roundup: April", "text": "The Block takes a look at some of the major updates in April from publicly traded bitcoin miners. The post Bitcoin mining production roundup: April appeared first on The Block.", "source_name": "The Block", "date": "Sun, 08 May 2022 08:28:54 -0400", "topics": ["mining"], "sentiment": "Neutral", "type": "Article", "tickers": ["BTC"]}, {"news_url": "https://u.today/instagram-to-add-support-for-nfts-on-ethereum-solana-and-other-chains?SNAPI", "image_url": "https://crypto.snapi.dev/images/v1/q/g/146611-138041.jpg", "title": "Instagram to Add Support for NFTs on Ethereum, Solana and Other Chains", "text": "Instagram is reportedly ready to launch a feature that will allow users to display non-fungible tokens", "source_name": "UToday", "date": "Sun, 08 May 2022 08:08:00 -0400", "topics": ["NFT"], "sentiment": "Positive", "type": "Article", "tickers": ["ETH", "SOL"]}, {"news_url": "https://www.dcforecasts.com/bitcoin-news/btc-clings-to-36k-with-data-suggesting-a-sell-off-is-coming/", "image_url": "https://crypto.snapi.dev/images/v1/6/g/6gr33-138032.jpg", "title": "BTC Clings To $36K With Data Suggesting A Sell-Off Is Coming", "text": "BTC Clings to $36K with the data suggesting a new sell-off is coming and the price steadies and things are looking quite bad for those that have major skin in the game so let's read more today in our latest Bitcoin news today. BTC clings to $36K as volatility finally cooled into the weakened and [\u2026]", "source_name": "DCForecasts", "date": "Sun, 08 May 2022 07:49:56 -0400", "topics": [], "sentiment": "Negative", "type": "Article", "tickers": ["BTC"]}, {"news_url": "https://dailyhodl.com/2022/05/08/top-crypto-analyst-issues-warning-to-bitcoin-traders-says-btc-flush-below-30000-imminent/", "image_url": "https://crypto.snapi.dev/images/v1/i/d/bitcoin-mimicking-apples-growthjpgw1024-138025.jpg", "title": "Top Crypto Analyst Issues Warning to Bitcoin Traders, Says BTC Flush Below $30,000 Imminent", "text": "A closely followed crypto strategist who has remained long-term bullish on Bitcoin despite its weak price action says that another BTC sell-off event is in sight. Pseudonymous crypto analyst Credible tells his 329,600 Twitter followers that Bitcoin is likely gearing up for a fresh leg down after bulls failed to establish a higher-low setup. \u201cLows [\u2026] The post Top Crypto Analyst Issues Warning to Bitcoin Traders, Says BTC Flush Below $30,000 Imminent appeared first on The Daily Hodl.", "source_name": "The Daily Hodl", "date": "Sun, 08 May 2022 07:45:36 -0400", "topics": [], "sentiment": "Negative", "type": "Article", "tickers": ["BTC"]}, {"news_url": "https://cryptodaily.co.uk/2022/05/how-bitcoins-superior-security-can-accelerate-nft-adoption", "image_url": "https://crypto.snapi.dev/images/v1/l/9/untitled-design-138039.png", "title": "How Bitcoin's Superior Security Can Accelerate NFT Adoption", "text": "Ethereum is by far and away the most popular blockchain platform for non-fungible tokens yet its position as the king of NFTs may not last forever, as it faces growing competition from emerging chains including Tezos, Solana, Fantom and Hive.\u00a0 However, one of the biggest threats to Ethereum's NFT dominance may come from an altogether unexpected rival, with the rise of Bitcoin NFTs getting more attention of late.", "source_name": "Crypto Daily", "date": "Sun, 08 May 2022 07:45:00 -0400", "topics": ["NFT"], "sentiment": "Neutral", "type": "Article", "tickers": ["BTC"]}, {"news_url": "https://coinpedia.org/research-report/brutal-attack-on-bitcoin-continues-btc-price-could-crash-to-25000-if-institutions-fail-to-defend-these-levels/", "image_url": "https://crypto.snapi.dev/images/v1/v/b/vbtc23-138017.", "title": "Brutal Attack on Bitcoin Continues, BTC Price Could Crash to $25,000 if Institutions Fail to Defend These Levels!", "text": "Bitcoin, the star crypto which has a decade long history, just came into the limelight a couple of years ago. It was when the strength of fiat currency was weakening due to the turbulence caused by the prolonged pandemic situation across the globe. People just jumped into the crypto space to save their hard-earned money \u2026", "source_name": "CoinPedia", "date": "Sun, 08 May 2022 07:43:00 -0400", "topics": ["institutions"], "sentiment": "Negative", "type": "Article", "tickers": ["BTC"]}, {"news_url": "https://beincrypto.com/instagram-to-support-nfts-from-ethereum-solana-and-others/", "image_url": "https://crypto.snapi.dev/images/v1/a/a/nfts-wsjjpgoptimal-138038.jpg", "title": "Instagram to Support NFTs From Ethereum, Solana, and Others", "text": "Instagram plans to integrate non-fungible tokens (NFTs) from top platforms such as Solana, Ethereum Flow, and Polygon, Coindesk reported. The social media platform is expected to announce a pilot scheme as soon as Monday.", "source_name": "BeInCrypto", "date": "Sun, 08 May 2022 07:32:30 -0400", "topics": ["NFT"], "sentiment": "Positive", "type": "Article", "tickers": ["ETH", "SOL"]}, {"news_url": "https://invezz.com/news/2022/05/08/bitcoin-price-prediction-amid-taking-another-leg-lower/", "image_url": "https://crypto.snapi.dev/images/v1/0/h/microstrategy-bitcoin-138015.jpg", "title": "Bitcoin price prediction amid taking another leg lower", "text": "Bitcoin took another leg lower this weekend, and it now trades close to its 2022 lows. After reaching $40,000 in May, it dropped sharply on generalized US dollar strength. Because Bitcoin is the leading cryptocurrency, its fluctuations influence the entire cryptocurrency market. In other words, when Bitcoin rallies, all cryptocurrencies rally as well. Or, when [\u2026] The post Bitcoin price prediction amid taking another leg lower appeared first on Invezz.", "source_name": "Invezz", "date": "Sun, 08 May 2022 07:30:49 -0400", "topics": [], "sentiment": "Negative", "type": "Article", "tickers": ["BTC"]}, {"news_url": "https://ambcrypto.com/bitcoin-short-term-price-action-looks-bleak-but-heres-what-to-look-out-for/", "image_url": "https://crypto.snapi.dev/images/v1/y/c/andre-francois-mckenzie-vh7u-z75l3u-unsplash-1-e1651994737812-138014.jpg", "title": "Bitcoin: Short term price action looks bleak but here's what to look out for", "text": "The broader crypto market has seen better days. Bitcoin took a hit and fell by 3.7% in the same duration with liquidations rising to $120 million.", "source_name": "AMBCrypto", "date": "Sun, 08 May 2022 07:30:07 -0400", "topics": [], "sentiment": "Negative", "type": "Article", "tickers": ["BTC"]}, {"news_url": "https://insidebitcoins.com/news/the-imf-expresses-concerns-as-the-central-african-republic-legalizes-bitcoin", "image_url": "https://crypto.snapi.dev/images/v1/c/a/ss-imf-1024x640-138013.jpg", "title": "The IMF Expresses Concerns As the Central African Republic Legalizes Bitcoin", "text": "The Central African Republic recently made Bitcoin its legal tender. However, the International Monetary Fund (IMF) has expressed concerns about the decision, just as it [.", "source_name": "Inside Bitcoins", "date": "Sun, 08 May 2022 07:27:35 -0400", "topics": [], "sentiment": "Negative", "type": "Article", "tickers": ["BTC"]}, {"news_url": "https://finbold.com/bitcoin-drops-to-a-10-month-low-as-crypto-market-continues-to-decline/?SNAPI", "image_url": "https://crypto.snapi.dev/images/v1/r/m/e21b9449-e4c2-40ed-bc8f-e62484649025-138010.jpeg", "title": "Bitcoin drops to a 10-month low as crypto market continues to decline", "text": "Bitcoin's price has hit a new low in the wake of a significant stock sell-off that also rattled the cryptocurrency.", "source_name": "Finbold", "date": "Sun, 08 May 2022 07:01:20 -0400", "topics": [], "sentiment": "Negative", "type": "Article", "tickers": ["BTC"]}, {"news_url": "https://www.dcforecasts.com/bitcoin-news/luna-dumped-8-while-bitcoin-struggles-at-36k-price-analysis/", "image_url": "https://crypto.snapi.dev/images/v1/m/d/10-billion-is-going-to-come-into-bitcoin-via-terra-luna-480x320-131970-138007.jpeg", "title": "LUNA Dumped 8% While Bitcoin Struggles At $36K: Price Analysis", "text": "LUNA dumped 8% while Bitcoin struggles near $36K with other larger-cap altcoins making substantial price drops so let's have a closer look at our latest altcoin news. After the massacre a day goes by, Bitcoin slipped more and dropped to a multi-month low with most altcoins being in a similar position but Terra lost the [\u2026]", "source_name": "DCForecasts", "date": "Sun, 08 May 2022 06:23:47 -0400", "topics": ["tanalysis"], "sentiment": "Negative", "type": "Article", "tickers": ["BTC", "LUNA"]}, {"news_url": "https://www.forbes.com/sites/billybambrough/2022/05/08/extreme-fear-crypto-crash-suddenly-wipes-200-billion-from-the-price-of-bitcoin-ethereum-bnb-xrp-luna-solana-cardano-and-avalanche/", "image_url": "https://crypto.snapi.dev/images/v1/z/1/extreme-fear-crypto-crash-suddenly-wipes-200-billion-from-the-price-of-bitcoin-ethereum-bnb-xrp-luna-solana-cardano-and-avalanche-138003.jpg", "title": "\u2018Extreme Fear' Crypto Crash Suddenly Wipes $200 Billion From The Price Of Bitcoin, Ethereum, BNB, XRP, Luna, Solana, Cardano And Avalanche", "text": "Bitcoin, ethereum and other major cryptocurrencies have fallen sharply, wiping around $200 billion from the crypto market in just a matter of days.", "source_name": "Forbes", "date": "Sun, 08 May 2022 05:30:18 -0400", "topics": [], "sentiment": "Negative", "type": "Article", "tickers": ["ADA", "AVAX", "BNB", "BTC", "ETH", "LUNA", "SOL", "XRP"]}, {"news_url": "https://ambcrypto.com/heres-why-ethereum-may-face-mounting-odds-against-a-recovery/", "image_url": "https://crypto.snapi.dev/images/v1/u/b/olieman-eth-bsthraoas6m-unsplash-e1651920260643-138002.jpg", "title": "Here's why Ethereum may face mounting odds against a recovery", "text": "Just a day after crashing 7% along with other major cryptocurrencies, Ethereum is back again in the news. There is growing uncertainty over its short-term prediction with different data sets suggesting more confusion for investors.", "source_name": "AMBCrypto", "date": "Sun, 08 May 2022 05:30:01 -0400", "topics": [], "sentiment": "Negative", "type": "Article", "tickers": ["ETH"]}, {"news_url": "https://bitcoinist.com/bitcoin-nosedives-to-34k/", "image_url": "https://crypto.snapi.dev/images/v1/t/g/bitcoin-1-629x420-138000.png", "title": "Bitcoin Nosedives To $34K As Fear And Greed Index Registers \u2018Extreme Fear'", "text": "Bitcoin is on track for its sixth consecutive week of losses, its longest losing streak to date. A confirmation of this pattern is likely to portend additional losses for the most popular cryptocurrency in the world.", "source_name": "Bitcoinist", "date": "Sun, 08 May 2022 05:01:28 -0400", "topics": [], "sentiment": "Negative", "type": "Article", "tickers": ["BTC"]}, {"news_url": "https://cointelegraph.com/news/bitcoin-price-target-now-29k-trader-warns-after-terra-weathers-285m-fud-attack", "image_url": "https://crypto.snapi.dev/images/v1/f/z/840-ahr0chm6ly9zmy5jb2ludgvszwdyyxbolmnvbs91cgxvywrzlziwmjitmduvmji2odywyzutngi0zi00nzewltkxmwqtmtyxndqymzazy2mxlmpwzw-138001.jpg", "title": "Bitcoin price target now $29K, trader warns after Terra weathers $285M 'FUD' attack", "text": "Doom and gloom continues for Bitcoin markets as Terra's Do Kwon brushes aside a \"deliberate and coordinated\" attack on its TerraUSD and LUNA tokens.", "source_name": "Cointelegraph", "date": "Sun, 08 May 2022 05:01:06 -0400", "topics": [], "sentiment": "Negative", "type": "Article", "tickers": ["BTC", "LUNA"]}, {"news_url": "https://cryptopotato.com/bloodbath-continues-as-bitcoin-dumped-to-lowest-price-since-january-market-watch/", "image_url": "https://crypto.snapi.dev/images/v1/f/y/bears-cover-1-137999.jpg", "title": "Bloodbath Continues as Bitcoin Dumped to Lowest Price Since January (Market Watch)", "text": "The crypto market is once again covered in red, with bitcoin dropping to a multi-month low.", "source_name": "CryptoPotato", "date": "Sun, 08 May 2022 04:41:41 -0400", "topics": [], "sentiment": "Negative", "type": "Article", "tickers": ["BTC"]}, {"news_url": "https://news.bitcoin.com/apartment-sold-for-bitcoin-in-portugal-after-new-regulation-allows-property-deals-in-crypto/", "image_url": "https://crypto.snapi.dev/images/v1/i/r/appartments-137997.jpg", "title": "Apartment Sold for Bitcoin in Portugal After New Regulation Allows Property Deals in Crypto", "text": "An apartment in Portugal has changed hands, with the buyer paying directly in cryptocurrency in a reported first for the country. The home was purchased for 3 bitcoins without conversion to euros, under a new regulation permitting real estate deals with digital currencies. Buyer Pays With Bitcoin for Apartment in Braga, Portugal A three-room (two-bedroom) [\u2026]", "source_name": "Bitcoin", "date": "Sun, 08 May 2022 04:00:57 -0400", "topics": ["regulations"], "sentiment": "Positive", "type": "Article", "tickers": ["BTC"]}, {"news_url": "https://blockchain.news/news/block-q1-btc-revenue-plunges-51-percent-amid-general-market-turbulence", "image_url": "https://crypto.snapi.dev/images/v1/i/d/b55f803ee54165f1d31084e97ae95553e0dc9801a1345fe7b5e9c139c9404218-138194.jpg", "title": "Block Q1 BTC Revenue Plunges 51% Amid General Market Turbulence", "text": "Block Inc's Cash App recorded a total Bitcoin (BTC) sale of $1.73 billion in the first quarter of 2022, a figure that plunged by over 51% from the prior quarter", "source_name": "Blockchain News", "date": "Sun, 08 May 2022 03:28:00 -0400", "topics": [], "sentiment": "Negative", "type": "Article", "tickers": ["BTC"]}, {"news_url": "https://cryptopotato.com/bitcoin-fear-and-greed-index-deep-in-extreme-fear-as-btc-dumped-to-34k/", "image_url": "https://crypto.snapi.dev/images/v1/4/v/bitcoinfear-137996.jpg", "title": "Bitcoin Fear and Greed Index Deep in \u2018Extreme Fear' as BTC Dumped to $34K", "text": "Extreme fear is back in the bitcoin landscape following the recent correction, which, data shows, could have been prompted by whales.", "source_name": "CryptoPotato", "date": "Sun, 08 May 2022 03:21:48 -0400", "topics": [], "sentiment": "Negative", "type": "Article", "tickers": ["BTC"]}, {"news_url": "https://dailyhodl.com/2022/05/08/veteran-trader-tone-vays-says-bitcoin-looks-terrible-unveils-price-target-and-date-for-btc-bottom/", "image_url": "https://crypto.snapi.dev/images/v1/b/g/willy-woo-bitcoin-assetjpgw1024-137995.jpg", "title": "Veteran Trader Tone Vays Says Bitcoin Looks Terrible, Unveils Price Target and Date for BTC Bottom", "text": "Veteran trader Tone Vays says that he's waiting for the best opportunity to buy Bitcoin (BTC) amid the flagship crypto asset's bearish price action.\u00a0 In a new video, Vays tells his 121,000 YouTube subscribers that Bitcoin will likely continue its downward trajectory and take out its psychological support at $30,000 unless bulls step up to [\u2026] The post Veteran Trader Tone Vays Says Bitcoin Looks Terrible, Unveils Price Target and Date for BTC Bottom appeared first on The Daily Hodl.", "source_name": "The Daily Hodl", "date": "Sun, 08 May 2022 03:04:08 -0400", "topics": [], "sentiment": "Negative", "type": "Article", "tickers": ["BTC"]}, {"news_url": "https://blockchain.news/analysis/bitcoin-addresses-at-a-loss-hit-a-2year-high-as-extreme-fear-engulfs-the-market-2d41b7e2-6e21-46f0-9170-08a1cf90af6f", "image_url": "https://crypto.snapi.dev/images/v1/4/2/ad34463bd0e350e1bb6cdf77b195f9eda291a36d8b5cea6c838d408053f3c2f5-138086.jpg", "title": "Bitcoin Addresses at a Loss Hit a 2-Year High as Extreme Fear Engulfs the Market", "text": "The bearish momentum witnessed in the Bitcoin (BTC) market has made addresses at a loss to climb to a two-year high.", "source_name": "Blockchain News", "date": "Sun, 08 May 2022 02:30:17 -0400", "topics": [], "sentiment": "Negative", "type": "Article", "tickers": ["BTC"]}, {"news_url": "https://ambcrypto.com/ethereum-despite-bleak-price-action-in-eth-heres-what-derivatives-data-has-to-say/", "image_url": "https://crypto.snapi.dev/images/v1/z/p/ethereum-g7130379ad-1280-137993.jpg", "title": "Ethereum: Despite bleak price action in ETH, here's what derivatives data has to say", "text": "Ethereum's progress seems to have absolutely stalled as the king of altcoins has failed to recuperate its losses from the first quarter of the year. Edging around $3k, ETH was still doing better until the end of April, right after which the altcoin lost extremely crucial support that could have helped it bounce back towards [\u2026]", "source_name": "AMBCrypto", "date": "Sun, 08 May 2022 02:30:11 -0400", "topics": [], "sentiment": "Negative", "type": "Article", "tickers": ["ETH"]}, {"news_url": "https://news.bitcoin.com/robinhood-lists-grayscales-bitcoin-and-ethereum-trusts/", "image_url": "https://crypto.snapi.dev/images/v1/o/u/shutterstock-1925038817-137990.jpg", "title": "Robinhood Lists Grayscale's Bitcoin and Ethereum Trusts", "text": "On May 6, the financial services company Robinhood announced the firm has listed Grayscale's Bitcoin Trust (GBTC) and Ethereum Trust (ETHE). Robinhood customers can now gain access the crypto investment products in order to get exposure to bitcoin or ethereum without actually owning the digital currencies. In Addition to Cryptos, Robinhood Adds Grayscale's GBTC and [\u2026]", "source_name": "Bitcoin", "date": "Sun, 08 May 2022 02:00:56 -0400", "topics": [], "sentiment": "Positive", "type": "Article", "tickers": ["BTC", "ETH"]}, {"news_url": "https://coinpedia.org/ethereum/ethereum-eth-price-will-drop-to-2k-in-coming-week-if-this-happens/", "image_url": "https://crypto.snapi.dev/images/v1/g/v/ethereum-price-analysis-2022-05-03-136112-137986.png", "title": "Ethereum (ETH) Price Will Drop To $2K In Coming Week If This Happens!", "text": "After a massive price drop over the last two days, the cryptocurrency market has calmed down. ETH is now trading at a significant support level. The weekend has been rather stable on the daily timeframe, after the bears forced the price down more than 10% in the previous two days. Ethereum \u2013 Calm Before the \u2026", "source_name": "CoinPedia", "date": "Sun, 08 May 2022 01:06:03 -0400", "topics": [], "sentiment": "Negative", "type": "Article", "tickers": ["ETH"]}, {"news_url": "https://edition.cnn.com/2022/05/08/business/gucci-bitcoin-cryptocurrency-payments-trnd/index.html", "image_url": "https://crypto.snapi.dev/images/v1/3/d/3dde323-137987.", "title": "You will soon be able to use Bitcoin to buy Gucci", "text": "Luxury brand Gucci has announced that it will accept cryptocurrency payments at select locations.", "source_name": "CNN", "date": "Sun, 08 May 2022 01:01:50 -0400", "topics": [], "sentiment": "Positive", "type": "Article", "tickers": ["BTC"]}, {"news_url": "https://www.cryptopolitan.com/polkadot-price-analysis-20220-05-08/", "image_url": "https://crypto.snapi.dev/images/v1/y/c/dot-6-137985.jpg", "title": "Polkadot price analysis: DOT prices slip off the $14 handle as the market slowly declines", "text": "Polkadot price analysis reveals that DOT has been following a bearish trendline displaying slight opportunities for bullish activities with the price declining below the $14 level. Today on 8th May 2022 the price of Polkadot has declined by 3.52 percent and is currently trading at $13.60.The market dynamic appears to be slowly following a downward.", "source_name": "Cryptopolitan", "date": "Sun, 08 May 2022 01:01:14 -0400", "topics": ["tanalysis"], "sentiment": "Negative", "type": "Article", "tickers": ["DOT"]}, {"news_url": "https://coinpedia.org/altcoin/btcapelook-near-price-to-hit-this-level-by-may-end/", "image_url": "https://crypto.snapi.dev/images/v1/o/x/trader-looking-at-charts-unsplash-scaled-122939-137844-137984.jpg", "title": "BTC,APE,LOOK & NEAR Price To Hit This Level By May End", "text": "On Friday, bitcoin price movement reached its lowest daily closing since January 24, 2022. Until bulls decide to support BTC further, continued selling pressure and weakness are the most likely outcomes for Bitcoin. With caution, a well-known crypto trader and analyst is\u00a0 expressing bullish optimism for Bitcoin (BTC). Bitcoin Altcoin Sherpa, a pseudonymous crypto trader, \u2026", "source_name": "CoinPedia", "date": "Sun, 08 May 2022 00:59:35 -0400", "topics": [], "sentiment": "Neutral", "type": "Article", "tickers": ["BTC", "NEAR", "APE", "LOOKS"]}, {"news_url": "https://www.cryptopolitan.com/bitcoin-binance-coin-axie-infinity-and-flow-daily-price-analyses-7-may-roundup/", "image_url": "https://crypto.snapi.dev/images/v1/y/3/roundup-12-137983.png", "title": "Bitcoin, Binance Coin, Axie Infinity, and Flow Daily Price Analyses \u2013 7 May Roundup", "text": "The performance of the global crypto market has taken another weird turn as it hasn't been able to stay stable at a specific point. The changes in its value have been disconcerting for the investors because of the continuing bearishness as seen in case of Bitcoin and Binance Coin.", "source_name": "Cryptopolitan", "date": "Sun, 08 May 2022 00:49:25 -0400", "topics": [], "sentiment": "Neutral", "type": "Article", "tickers": ["AXS", "BNB", "BTC", "FLOW"]}, {"news_url": "https://coinpedia.org/bitcoin/this-is-how-low-bitcoin-btc-price-can-drop-in-this-bear-market/", "image_url": "https://crypto.snapi.dev/images/v1/a/i/bitcoin-halving-300x200-137455-137898-137979.jpg", "title": "This Is How Low Bitcoin (BTC) Price Can Drop In This Bear Market!", "text": "As the cryptocurrency market heads towards a bearish close, one of the popular crypto analysts, Nicholas Merten predicts Bitcoin's drop. In his new video, Nicholas Merten talks to his 516,000 Youtube subscribers about Bitcoin during his weekly wrap and this comes after the Federal Reserve increased interest rates and the crypto market started declining. He \u2026", "source_name": "CoinPedia", "date": "Sat, 07 May 2022 22:48:34 -0400", "topics": [], "sentiment": "Negative", "type": "Article", "tickers": ["BTC"]}, {"news_url": "https://thecurrencyanalytics.com/bitcoin/gucci-propelling-bitcoin-stable-coin-and-meme-coin-adoption-41250.php", "image_url": "https://crypto.snapi.dev/images/v1/7/j/gucci-propelling-bitcoin-stable-coin-and-meme-coin-adoption-137978.jpg", "title": "Gucci Propelling Bitcoin Stable Coin and Meme Coin Adoption", "text": "Catch up on the latest crypto market news at The Currency Analytics. Gucci is all set to accept Bitcoin as a payment method.", "source_name": "The Currency Analytics", "date": "Sat, 07 May 2022 22:24:48 -0400", "topics": [], "sentiment": "Positive", "type": "Article", "tickers": ["BTC"]}, {"news_url": "https://blockchain.news/news/bitcoin-slips-to-345k-are-shortterm-holders-behind-the-selling-pressure-ff8d59f9-41f7-4f17-8b38-06ea0e400e0d", "image_url": "https://crypto.snapi.dev/images/v1/u/y/b42ffc8dc8c22d24089e3ff75b58808a41999e478b25ae1a3998cd7de8d223d6-138083.jpg", "title": "Bitcoin Slips to $34.5K, Are Short-Term Holders Behind the Selling Pressure?", "text": "Bitcoin has been downtrending since May 5, and liquidation in the market continues over the weekend.", "source_name": "Blockchain News", "date": "Sat, 07 May 2022 22:07:53 -0400", "topics": [], "sentiment": "Negative", "type": "Article", "tickers": ["BTC"]}, {"news_url": "https://thecurrencyanalytics.com/bitcoin/got-a-feeling-that-huge-bitcoin-btc-crash-is-coming-41242.php", "image_url": "https://crypto.snapi.dev/images/v1/b/x/got-a-feeling-that-huge-bitcoin-btc-crash-is-coming-137975.jpg", "title": "Got a Feeling that Huge Bitcoin (BTC) Crash is Coming", "text": "Catch up on the latest crypto market news at The Currency Analytics. Looking at the current price trends of Bitcoin there is a feeling that a big Bitcoin crash is coming.", "source_name": "The Currency Analytics", "date": "Sat, 07 May 2022 20:32:36 -0400", "topics": [], "sentiment": "Negative", "type": "Article", "tickers": ["BTC"]}, {"news_url": "https://dailyhodl.com/2022/05/07/top-trader-capo-issues-warning-about-bitcoin-btc-and-altcoins-as-crypto-markets-suffer-downtick-in-price/", "image_url": "https://crypto.snapi.dev/images/v1/s/7/warning-bitcoin-downtickjpgw1024-137969.jpg", "title": "Top Trader Capo Issues Warning About Bitcoin (BTC) and Altcoins As Crypto Markets Suffer Downtick in Price", "text": "A popular crypto strategist and trader thinks that Bitcoin (BTC) and the altcoin markets are poised for a massive correction. The pseudonymous crypto analyst Capo tells his 266,300 Twitter followers that Bitcoin's \u201cmain target\u201d is between $21,000-$23,000. Bitcoin is trading at $36,117.66 at time of writing, down more than 6.5% in the past week. Capo [\u2026] The post Top Trader Capo Issues Warning About Bitcoin (BTC) and Altcoins As Crypto Markets Suffer Downtick in Price appeared first on The Daily Hodl.", "source_name": "The Daily Hodl", "date": "Sat, 07 May 2022 18:05:37 -0400", "topics": [], "sentiment": "Negative", "type": "Article", "tickers": ["BTC", "ETH", "SAND"]}, {"news_url": "https://ambcrypto.com/ethereum-will-eth-defeat-bears-despite-the-ongoing-capitulation/", "image_url": "https://crypto.snapi.dev/images/v1/a/d/eth-4-e1642427189650-136881-137966.jpg", "title": "Ethereum: Will ETH defeat bears despite the ongoing capitulation", "text": "As per the latest data released by Santiment, on 7 May, the Ethereum network experienced a 3.4 times rise in the number of transactions as compared to any other day. The tweet further went out to state that with the ongoing market capitulation, this is the first time in the last 3.5 years that the [\u2026]", "source_name": "AMBCrypto", "date": "Sat, 07 May 2022 17:30:48 -0400", "topics": [], "sentiment": "Neutral", "type": "Article", "tickers": ["ETH"]}, {"news_url": "https://blockchain.news/news/chinas-guangdong-province-orders-fresh-crackdown-on-bitcoin-mining-a4ccf7c0-39a9-4802-842e-626e76acdea4", "image_url": "https://crypto.snapi.dev/images/v1/8/y/db6c33c236788a20791211c0e43a5c126bf27876bf2f594427e16da9de9fbe72-137960.jpg", "title": "China's Guangdong Province Orders Fresh Crackdown on Bitcoin Mining", "text": "Guangdong regulators have revamped a new mechanism for investigations and confiscations of crypto mining activities.", "source_name": "Blockchain News", "date": "Sat, 07 May 2022 17:20:15 -0400", "topics": ["mining"], "sentiment": "Negative", "type": "Article", "tickers": ["BTC"]}], "total_pages": 44}