{"data": [{"news_url": "https://www.pymnts.com/cryptocurrency/2022/study-finds-el-salvadors-bitcoin-as-currency-experiment-costly-failing/", "image_url": "https://crypto.snapi.dev/images/v1/e/l/el-salvador-bitcoin-457x274-135784.jpg", "title": "Study Finds El Salvador's Bitcoin-as-Currency Experiment Costly, Failing", "text": "Eight months after its September rollout, it has become very clear that El Salvador's much-hyped experiment with making bitcoin a legal tender has been a failure. In a study released last week, the U.S. National Bureau of Economic Research (NBER),\u00a0 based in Cambridge, Mass.", "source_name": "PYMNTS", "date": "Mon, 02 May 2022 12:12:03 -0400", "topics": [], "sentiment": "Negative", "type": "Article", "tickers": ["BTC"]}, {"news_url": "https://insidebitcoins.com/news/warren-buffet-dismisses-bitcoin-as-an-investment-option", "image_url": "https://crypto.snapi.dev/images/v1/6/s/buffett-135730.jpg", "title": "Warren Buffet dismisses Bitcoin as an investment option", "text": "While some of the world's top billionaire investors have announced expanding their investment portfolio with Bitcoin and other cryptocurrencies, Warren Buffet has remained undeterred. The [...]", "source_name": "Inside Bitcoins", "date": "Mon, 02 May 2022 12:08:20 -0400", "topics": [], "sentiment": "Negative", "type": "Article", "tickers": ["BTC"]}, {"news_url": "https://coinfomania.com/nexo-co-founder-confident-30000-is-bitcoins-floor-price/", "image_url": "https://crypto.snapi.dev/images/v1/b/i/bitcoin-g77d3472fe-1280-135540-135782.jpg", "title": "Nexo Co-Founder Confident $30,000 is Bitcoin's Floor Price", "text": "In an interview with CNBC on Monday, Antonio Trenchev, the co-founder and managing director of cryptocurrency lending platform Nexo, said he is confident that Bitcoin (BTC) will not go below the $30,000 mark. $30k Is the Floor for Bitcoin Trenchev noted three reasons for his confidence in bitcoin remaining above $30k.", "source_name": "Coinfomania", "date": "Mon, 02 May 2022 12:03:14 -0400", "topics": [], "sentiment": "Neutral", "type": "Article", "tickers": ["BTC"]}, {"news_url": "https://cryptodaily.co.uk/2022/05/btc-usd-tests-38748-technical-resistance-sally-ho-technical-analysis-3-may-2022-btc-bitcoin", "image_url": "https://crypto.snapi.dev/images/v1/x/d/bitcoin-down-1jpgw1024-135528-135626-135729.jpg", "title": "BTC/USD Tests 38748 Technical Resistance: Sally Ho's Technical Analysis 3 May 2022 BTC", "text": "Bitcoin (BTC/USD) sought to reverse recent weakness early in the Asian session as the pair added to upward price pressure that originated after trading as low as the 37401 area, its weakest print since mid-March.\u00a0 \u00a0\u00a0The 38748.20 level represented technical resistance during the move higher, a test of the 23.6% retracement of the depreciating range from 43109.47 to 37401.", "source_name": "Crypto Daily", "date": "Mon, 02 May 2022 12:00:00 -0400", "topics": ["tanalysis"], "sentiment": "Negative", "type": "Article", "tickers": ["BTC"]}, {"news_url": "https://cryptonews.com/news/ethereum-price-target-for-2022-cut-again-but-new-highs-are-still-in-play-survey.htm", "image_url": "https://crypto.snapi.dev/images/v1/i/t/adobestock-484831569-editorial-min-135724.jpg", "title": "Ethereum Price Target for 2022 Cut Again But New Highs Still In Play - Survey", "text": "The price of ethereum (ETH) might reach a new all-time high of USD 6,872 in 2022 before correcting to USD 5,783 by the end of the year, according to a once again less optimistic average estimate by a panel of fintech & crypto industry players.\u00a0", "source_name": "Cryptonews", "date": "Mon, 02 May 2022 11:34:00 -0400", "topics": [], "sentiment": "Positive", "type": "Article", "tickers": ["ETH"]}, {"news_url": "https://blockonomi.com/solanas-okay-bears-nfts-climbing-into-top-10-on-opensea/", "image_url": "https://crypto.snapi.dev/images/v1/e/q/okay-1024x682-135723.jpg", "title": "Solana's Okay Bears NFTs Climbing into Top 10 on OpenSea", "text": "Okay Bears NFTs are the first Solana-powered NFT collection to achieve 24-hour sales records on the world's largest NFT marketplace, OpenSea. This is not only a significant milestone for the collection, but also a celebration of the entire Solana blockchain.", "source_name": "Blockonomi", "date": "Mon, 02 May 2022 11:33:15 -0400", "topics": ["NFT"], "sentiment": "Positive", "type": "Article", "tickers": ["SOL"]}, {"news_url": "https://www.coindesk.com/business/2022/05/02/nydigs-59k-bitcoin-bounties-program-begins-paying-developers-who-improve-the-network/", "image_url": "https://crypto.snapi.dev/images/v1/4/2/vgh4jh7rvzgbpaq54mad4l6yv4-135725.jpg", "title": "NYDIG's $59K Bitcoin Bounties Program Begins Paying Developers Who Improve the Network", "text": "The program, which launched two weeks ago, has paid out $1,800 so far, according to sources.", "source_name": "Coindesk", "date": "Mon, 02 May 2022 11:33:00 -0400", "topics": [], "sentiment": "Neutral", "type": "Article", "tickers": ["BTC"]}, {"news_url": "https://beincrypto.com/swiss-central-bank-still-not-holding-bitcoin-even-though-it-could/", "image_url": "https://crypto.snapi.dev/images/v1/t/2/swiss-crypto-135722.png", "title": "Swiss Central Bank Still Not Holding Bitcoin, Even Though It Could", "text": "The Swiss central bank will continue to not hold bitcoin on its balance sheet, despite the ease with which it could, says its chairman Thomas Jordan. The post Swiss Central Bank Still Not Holding Bitcoin, Even Though It Could appeared first on BeInCrypto.", "source_name": "BeInCrypto", "date": "Mon, 02 May 2022 11:30:00 -0400", "topics": [], "sentiment": "Neutral", "type": "Article", "tickers": ["BTC"]}, {"news_url": "https://cryptobriefing.com/dorsey-saylor-defend-bitcoin-mining-in-letter-to-epa/?utm_source=main_feed&utm_medium=rss", "image_url": "https://crypto.snapi.dev/images/v1/x/2/mining-cover-838x440-135716.png", "title": "Dorsey, Saylor Defend Bitcoin Mining in Letter to EPA", "text": "The pair were among a total of 55 executives to sign the letter.\u00a0", "source_name": "Crypto Briefing", "date": "Mon, 02 May 2022 11:15:15 -0400", "topics": ["mining"], "sentiment": "Positive", "type": "Article", "tickers": ["BTC"]}, {"news_url": "https://decrypt.co/99200/saylor-dorsey-other-bitcoin-advocates-send-letter-epa-rebutting-house-democrats-misperceptions", "image_url": "https://crypto.snapi.dev/images/v1/g/z/mining-bitcoin-gid-1-135717.jpg", "title": "Saylor, Dorsey, Other Bitcoin Advocates Send Letter to EPA Rebutting House Democrats' 'Misperceptions'", "text": "Bitcoin supporters penned a letter responding to misconceptions in House Democrats' calls to bring mining under closer environmental scrutiny.", "source_name": "Decrypt", "date": "Mon, 02 May 2022 11:14:13 -0400", "topics": [], "sentiment": "Neutral", "type": "Article", "tickers": ["BTC"]}, {"news_url": "https://www.cryptopolitan.com/ethereum-price-analysis-2022-05-02/", "image_url": "https://crypto.snapi.dev/images/v1/4/v/ethereum-price-analysis-2022-05-02-135709.png", "title": "Ethereum price analysis: ETH reacts lower from $2,850, another push lower incoming?\u00a0", "text": "Ethereum price analysis is bearish today as we have seen another clear lower high set and rejection for further upside at the $2,850 resistance. Therefore, ETH/USD is likely ready to drop even lower and break past the previous low later this week.", "source_name": "Cryptopolitan", "date": "Mon, 02 May 2022 11:02:46 -0400", "topics": ["tanalysis"], "sentiment": "Negative", "type": "Article", "tickers": ["ETH"]}, {"news_url": "https://coinmarketcap.com/alexandria/article/bitcoin-recovers-after-weekend-plunge-to-37-500-amid-bloodbath-in-altcoin-markets", "image_url": "https://crypto.snapi.dev/images/v1/z/i/1b23abe04ad4410d93033e720c4ba0e5-135708.jpg", "title": "Bitcoin Recovers After Weekend Plunge to $37,500\u2026 Amid Bloodbath in Altcoin Markets", "text": "According to Coinglass, the world's biggest cryptocurrency fell by 17.3% last month \u2014 its worst April performance since 2013.", "source_name": "CoinMarketCap", "date": "Mon, 02 May 2022 11:00:37 -0400", "topics": [], "sentiment": "Positive", "type": "Article", "tickers": ["BTC"]}, {"news_url": "https://ambcrypto.com/bitcoin-indications-point-to-a-bull-cycle-post-current-accumulation-heres-why/", "image_url": "https://crypto.snapi.dev/images/v1/l/5/jasmin-sessler-egqr-zud4ni-unsplash-135707.jpg", "title": "Bitcoin: Indications point to a bull cycle post current accumulation, here's why", "text": "Bitcoin, the largest cryptocurrency began the month of May amidst a cloud of uncertainties. With a decision on United States monetary policy due Wednesday, markets attempted to align themselves with central bank policy.", "source_name": "AMBCrypto", "date": "Mon, 02 May 2022 11:00:19 -0400", "topics": [], "sentiment": "Positive", "type": "Article", "tickers": ["BTC"]}, {"news_url": "https://coinmarketcap.com/alexandria/article/solana-suffers-huge-outage-as-bots-overwhelm-network-with-four-million-transactions-per-second", "image_url": "https://crypto.snapi.dev/images/v1/l/u/3361c366efc04a25bd08743b1b4742f0-135703.jpg", "title": "Solana Suffers Huge Outage as Bots Overwhelm Network with Four MILLION Transactions Per Second", "text": "Solana Labs co-founder Anatoly Yakovenko was accused of being \"MIA\" \u2014 after falling silent while the crisis unfolded. He later said he was traveling as the outage happened.", "source_name": "CoinMarketCap", "date": "Mon, 02 May 2022 10:52:23 -0400", "topics": [], "sentiment": "Negative", "type": "Article", "tickers": ["SOL"]}, {"news_url": "https://cryptodaily.co.uk/2022/05/bot-swarm-crashes-solana-again", "image_url": "https://crypto.snapi.dev/images/v1/r/i/solana-opensea-135700.jpg", "title": "Bot Swarm Crashes Solana\u2026Again", "text": "A seven-hour-long network outage plagued Solana yet again after a surge of inbound transactions flooded the network.\u00a0 Bots Spam Solana Again The network shut down, which took place on Saturday, from 4.30 pm to 11 pm EST (approximately), has been the latest in a series of issues that have plagued the network for some time now.", "source_name": "Crypto Daily", "date": "Mon, 02 May 2022 10:41:00 -0400", "topics": [], "sentiment": "Negative", "type": "Article", "tickers": ["SOL"]}, {"news_url": "https://coinpedia.org/altcoin/xrp-price-buckling-up-for-a-45-surge-this-week/", "image_url": "https://crypto.snapi.dev/images/v1/d/n/adobestock-lumerb-11-128640-129741-133164-135697.jpg", "title": "XRP Price Buckling Up For A 45% Surge This Week? Are These Factors Hinting At A Run To $1?", "text": "Highlights 800 Million XRP tokens move back to the escrow wallet until the 1st of June.Marketers pin hawkish sight as XRP price shows signs of a trend reversal from bearish to bullish. \u00a0\u00a0\u00a0The cryptosphere's lawsuit stricken digital asset XRP has been making it to the talks in the industry. Following the 800 Million XRP tokens \u2026", "source_name": "CoinPedia", "date": "Mon, 02 May 2022 10:40:38 -0400", "topics": [], "sentiment": "Positive", "type": "Article", "tickers": ["XRP"]}, {"news_url": "https://cointelegraph.com/news/bitcoin-bear-market-may-take-btc-price-to-25k-says-trader-with-stocks-due-capitulation", "image_url": "https://crypto.snapi.dev/images/v1/g/h/840-ahr0chm6ly9zmy5jb2ludgvszwdyyxbolmnvbs91cgxvywrzlziwmjitmduvntazyjywyzqtntfkmi00zdjmlwfintutymi0ywzknje5zgjmlmpwzw-135699.jpg", "title": "Bitcoin \u2018bear market' may take BTC price to $25K, says trader with stocks due capitulation", "text": "It could still go either way for Bitcoin price action, but one analyst believes Bitcoin is already coming out on top versus equities.", "source_name": "Cointelegraph", "date": "Mon, 02 May 2022 10:39:58 -0400", "topics": [], "sentiment": "Negative", "type": "Article", "tickers": ["BTC"]}, {"news_url": "https://www.theblockcrypto.com/post/144689/bitcoin-mining-council-rebuts-house-democrats-in-letter-to-epa", "image_url": "https://crypto.snapi.dev/images/v1/h/j/20211213-evolution-of-bitcoin-mining-800x450-135695.jpg", "title": "Bitcoin Mining Council rebuts House Democrats in letter to EPA", "text": "Over 50 big bitcoin mining advocates sent a letter to the EPA pushing back on recent claims made by a group of House Democrats. The post Bitcoin Mining Council rebuts House Democrats in letter to EPA appeared first on The Block.", "source_name": "The Block", "date": "Mon, 02 May 2022 10:37:50 -0400", "topics": ["mining"], "sentiment": "Neutral", "type": "Article", "tickers": ["BTC"]}, {"news_url": "https://www.cryptopolitan.com/elon-musk-mocks-buffet-over-25-btc-purchase/", "image_url": "https://crypto.snapi.dev/images/v1/i/d/elon-musk-135694.png", "title": "Elon Musk mocks Warren Buffet after the legendary investor said he wouldn`t buy Bitcoin for $25", "text": "Elon Musk mocks Warren Buffet after the legendary investor said he wouldn't buy Bitcoin for $25 Billionaire investor Warren Buffett has once again attacked Bitcoin (BTC), saying he wouldn't accept all of the cryptocurrency in the world for $25. The legendary investor makes the case that Bitcoin lacks an inherent value.", "source_name": "Cryptopolitan", "date": "Mon, 02 May 2022 10:37:49 -0400", "topics": [], "sentiment": "Negative", "type": "Article", "tickers": ["BTC"]}, {"news_url": "https://coinmarketcap.com/alexandria/article/bitcoin-and-ether-donations-dropped-by-wikipedia-after-backlash", "image_url": "https://crypto.snapi.dev/images/v1/l/q/96604dc1c9144342b87788e320246bfa-135691.jpg", "title": "Bitcoin and Ether Donations Dropped by Wikipedia After Backlash", "text": "It follows a three-month discussion within the Wikimedia Foundation's community, which included a poll that asked whether support for crypto donations should be withdrawn.", "source_name": "CoinMarketCap", "date": "Mon, 02 May 2022 10:30:35 -0400", "topics": [], "sentiment": "Negative", "type": "Article", "tickers": ["BTC", "ETH"]}, {"news_url": "https://cryptopotato.com/this-is-bitcoins-biggest-challenge-to-resume-the-uptrend-btc-price-analysis/", "image_url": "https://crypto.snapi.dev/images/v1/u/o/bitcoin-ge93a70adb-1280-e1651470881320-135518-135688.jpg", "title": "This is Bitcoin's Biggest Challenge to Resume the Uptrend (BTC Price Analysis)", "text": "Bitcoin's RSI has been rejected from a significant long-term trendline three times. When the RSI hit the mentioned trendline, the price plummeted sharply and was rejected.", "source_name": "CryptoPotato", "date": "Mon, 02 May 2022 10:30:13 -0400", "topics": ["tanalysis"], "sentiment": "Negative", "type": "Article", "tickers": ["BTC"]}, {"news_url": "https://beincrypto.com/bitcoin-dominance-rate-btcd-creates-triple-bottom-pattern/", "image_url": "https://crypto.snapi.dev/images/v1/v/i/bitcoin3jpgoptimal-135692.jpg", "title": "Bitcoin Dominance Rate (BTCD) Creates Triple Bottom Pattern", "text": "BTCD is in the process of breaking out from a long-term descending resistance line, which could be the catalyst for a significant increase. The post Bitcoin Dominance Rate (BTCD) Creates Triple Bottom Pattern appeared first on BeInCrypto.", "source_name": "BeInCrypto", "date": "Mon, 02 May 2022 10:30:00 -0400", "topics": [], "sentiment": "Neutral", "type": "Article", "tickers": ["BTC"]}, {"news_url": "https://bitcoinmagazine.com/business/bitfarms-mined-405-bitcoin-in-april-now-holds-5646-btc", "image_url": "https://crypto.snapi.dev/images/v1/y/b/how-to-heat-your-home-with-bitcoin-mining-135685.png", "title": "Bitfarms Mined 405 Bitcoin In April, Now Holds 5,646 BTC", "text": "Bitfarms released a bitcoin mining update detailing a 75% YoY increase in production and the custodying of 99% of total mined BTC in April.", "source_name": "Bitcoin Magazine", "date": "Mon, 02 May 2022 10:21:35 -0400", "topics": [], "sentiment": "Neutral", "type": "Article", "tickers": ["BTC"]}, {"news_url": "https://www.cryptopolitan.com/bitcoin-ethereum-xrp-and-cardano-daily-price-analyses-2-may-morning-price-prediction/", "image_url": "https://crypto.snapi.dev/images/v1/i/k/roundup-7-135680.png", "title": "Bitcoin, Ethereum, XRP, and Cardano Daily Price Analyses \u2013 2 May Morning Price Prediction", "text": "The performance of the global crypto market remains bullish, but it hasn't been able to cross a specific threshold point. Its gains remained in a specific range, keeping it protected from the bearish wave.", "source_name": "Cryptopolitan", "date": "Mon, 02 May 2022 10:17:36 -0400", "topics": [], "sentiment": "Neutral", "type": "Article", "tickers": ["ADA", "BTC", "ETH", "XRP"]}, {"news_url": "https://u.today/bitfarms-reports-217-million-worth-of-btc-in-holdings-with-405-bitcoin-mined-in-april?SNAPI", "image_url": "https://crypto.snapi.dev/images/v1/o/l/14492-135671.jpg", "title": "Bitfarms Reports $217 Million Worth of BTC in Holdings with 405 Bitcoin Mined in April", "text": "Bitfarms stated that it now has 5,646 BTC in custody, as of April 30, 2022", "source_name": "UToday", "date": "Mon, 02 May 2022 10:10:00 -0400", "topics": [], "sentiment": "Neutral", "type": "Article", "tickers": ["BTC"]}, {"news_url": "https://www.coindesk.com/business/2022/05/02/first-mover-americas-bitcoin-loses-key-support-during-ugly-weekend-for-crypto-markets/", "image_url": "https://crypto.snapi.dev/images/v1/z/1/o2xcqas2izhntlsrg7psgvqgz4-135675.jpg", "title": "First Mover Americas: Bitcoin Loses Key Support During Ugly Weekend for Crypto Markets", "text": "The latest moves in crypto markets in context for May 2, 2022.", "source_name": "Coindesk", "date": "Mon, 02 May 2022 10:08:00 -0400", "topics": [], "sentiment": "Negative", "type": "Article", "tickers": ["BTC"]}, {"news_url": "https://investorplace.com/2022/05/3-killer-cryptos-to-buy-in-may-2022/", "image_url": "https://crypto.snapi.dev/images/v1/c/r/crypto15-135684.jpg", "title": "3 Killer Cryptos to Buy in May 2022", "text": "Investors looking for big-time returns may want to consider these three killer cryptos, which have big-time growth potential right now.", "source_name": "Investorplace", "date": "Mon, 02 May 2022 10:07:19 -0400", "topics": [], "sentiment": "Positive", "type": "Article", "tickers": ["MATIC", "SOL", "TRX"]}, {"news_url": "https://coinidol.com/ethereum-holds-above-2700/", "image_url": "https://crypto.snapi.dev/images/v1/e/u/4b0b020c1be6ac6bdbfa545e9f79ec1c-135666.jpg", "title": "Ethereum Holds Above $2,700 and Reaches Oversold Region", "text": "The price of Ethereum (ETH) is in a downtrend as the largest altcoin has reached the low of $2,717. The price of Ether has a series of lower highs and lower lows.", "source_name": "Coin Idol", "date": "Mon, 02 May 2022 09:42:00 -0400", "topics": [], "sentiment": "Positive", "type": "Article", "tickers": ["ETH"]}, {"news_url": "https://bitcoinist.com/solana-blockchain-faces-outage-for-the-seventh-time/", "image_url": "https://crypto.snapi.dev/images/v1/d/z/shubham-dhage-fmcr42xcltk-unsplash-560x420-135662.jpg", "title": "Solana PoS Blockchain Network Faces Outage For The Seventh Time", "text": "January has been a tough month for Solana as the coin encountered a total of six outages. This time Solana again faced a downtime as there has been an increased number of transactions flooded by the Candy Machin NFT bots causing network congestion.", "source_name": "Bitcoinist", "date": "Mon, 02 May 2022 09:36:30 -0400", "topics": [], "sentiment": "Negative", "type": "Article", "tickers": ["SOL"]}, {"news_url": "https://www.cryptopolitan.com/bitcoin-atm-installation-declines-in-2022/", "image_url": "https://crypto.snapi.dev/images/v1/3/9/397b7a7d-27a3-4662-ad4a-1360a5fb6e8d-135679.jpeg", "title": "Bitcoin ATM installation declines in 2022", "text": "Bitcoin ATM installation has undergone an overwhelming decline in the last few months, according to a report. Last month marked exactly four months that the downward trajectory has persisted in the crypto ATM ecosystem.", "source_name": "Cryptopolitan", "date": "Mon, 02 May 2022 09:33:50 -0400", "topics": [], "sentiment": "Negative", "type": "Article", "tickers": ["BTC"]}, {"news_url": "https://en.cryptonomist.ch/2022/05/02/ethereum-inflation-rate-down-0-51/", "image_url": "https://crypto.snapi.dev/images/v1/y/g/ethereum-inflazione-1-300x200-135657.jpg", "title": "Ethereum, inflation rate down to 0.51%.", "text": "Massive boom for NFTs and layer-2 DeFi protocols", "source_name": "The Cryptonomist", "date": "Mon, 02 May 2022 09:02:40 -0400", "topics": [], "sentiment": "Neutral", "type": "Article", "tickers": ["ETH"]}, {"news_url": "https://cointelegraph.com/news/el-salvador-bitcoin-wallet-shows-strong-sign-of-adoption-exec-says", "image_url": "https://crypto.snapi.dev/images/v1/a/8/840-ahr0chm6ly9zmy5jb2ludgvszwdyyxbolmnvbs91cgxvywrzlziwmjitmduvy2ixzgq4ntqtmmm3ny00ymmyltk0mjmty2vjowm3ngmxnjlklmpwzw-135651.jpg", "title": "El Salvador Bitcoin wallet shows \u2018strong sign of adoption,' exec says", "text": "The Mexican Bitso exchange has been providing its custody and exchange services to Chivo so that the government of El Salvador can buy Bitcoin.", "source_name": "Cointelegraph", "date": "Mon, 02 May 2022 08:52:51 -0400", "topics": [], "sentiment": "Positive", "type": "Article", "tickers": ["BTC"]}, {"news_url": "https://coinpedia.org/bitcoin/bitcoin-btc-price-is-set-to-perform-in-the-month-of-may/", "image_url": "https://crypto.snapi.dev/images/v1/g/w/crypto10-135649.jpg", "title": "This Is How Bitcoin (BTC) Price Is Set To Perform In the Month Of MAY", "text": "Over the past week, Bitcoin is down by 3% as the price retraced around $38,000. While BTC price declined, so did Ethereum by more than 4% and other top 10 altcoins dropped from 4% to 14%. Bitcoin's bearish pull started after the price was pulled below the $39,000 support zone and the flagship currency even \u2026", "source_name": "CoinPedia", "date": "Mon, 02 May 2022 08:52:00 -0400", "topics": [], "sentiment": "Neutral", "type": "Article", "tickers": ["BTC"]}, {"news_url": "https://cointelegraph.com/news/xrp-price-rebounds-after-worst-month-since-june-2021-major-recovery-ahead", "image_url": "https://crypto.snapi.dev/images/v1/u/0/840-ahr0chm6ly9zmy5jb2ludgvszwdyyxbolmnvbs91cgxvywrzlziwmjitmduvmzbjzwy2ngitnzy3yy00mgu1ltk0otaty2m0mdcwmzdhyji2lmpwzw-135648.jpg", "title": "XRP price rebounds after worst month since June 2021 \u2014\u00a0major recovery ahead?", "text": "The bounce-back move has occurred near a technical support confluence, raising XRP's possibility to rise 30% in Q2/2022.", "source_name": "Cointelegraph", "date": "Mon, 02 May 2022 08:47:39 -0400", "topics": [], "sentiment": "Positive", "type": "Article", "tickers": ["XRP"]}, {"news_url": "https://www.dcforecasts.com/ethereum-news/10-of-ethereums-supply-is-locked-in-consensys-layer-deposit-contract/", "image_url": "https://crypto.snapi.dev/images/v1/n/e/ethereum-9-2-768x415-1-135644.jpg", "title": "10% Of Ethereum's Supply Is Locked In Consensys Layer Deposit Contract", "text": "10% of Ethereum's supply is locked in Consensys layer deposit contracts which allow for ETH to be moved from the ETH magnet to the Beacon Chain so let's read more today in our latest Ethereum news. Ethereum's consensus layer deposit contract contains over 12 million ETh and over 10% of Ethereum's supply.", "source_name": "DCForecasts", "date": "Mon, 02 May 2022 08:45:10 -0400", "topics": [], "sentiment": "Neutral", "type": "Article", "tickers": ["ETH"]}, {"news_url": "https://www.thecryptoupdates.com/uzbekistan-has-passed-bitcoin-regulations-by-the-presidents-decree/", "image_url": "https://crypto.snapi.dev/images/v1/n/3/uzbekistan-flag-480x320-135643.jpg", "title": "Uzbekistan Has Passed Bitcoin Regulations by the President's Decree", "text": "Famous Bitcoin news page Bitcoin Archive recently tweeted and broke the news that Uzbekistan has recently passed bitcoin regulations by the president's decree. With this...", "source_name": "TCU", "date": "Mon, 02 May 2022 08:40:42 -0400", "topics": ["regulations"], "sentiment": "Neutral", "type": "Article", "tickers": ["BTC"]}, {"news_url": "https://cryptonews.com/news/another-solana-outage-shows-that-price-impact-is-minor.htm", "image_url": "https://crypto.snapi.dev/images/v1/c/b/c20436b599-media-library-original-720-480-135642.jpeg", "title": "Another Solana Outage Shows That Price Impact Is Minor", "text": "After at least 9 days with reported outages so far in 2022, the price of solana (SOL), the 7th largest cryptoasset by market capitalization, does not appear overly affected by the network troubles, with prices for the most part staying rangebound between USD 80 and USD 120 since late January.", "source_name": "Cryptonews", "date": "Mon, 02 May 2022 08:39:00 -0400", "topics": [], "sentiment": "Negative", "type": "Article", "tickers": ["SOL"]}, {"news_url": "https://www.cnbc.com/2022/05/02/dorsey-saylor-fidelity-write-to-epa-to-defend-bitcoin-mining.html", "image_url": "https://crypto.snapi.dev/images/v1/w/w/107053817-1651255614926-a124c063-220405-h90q00-00-00-03still002-135641.jpg", "title": "Dorsey, Saylor, Fidelity and others defend environmental impact of bitcoin mining in letter to EPA", "text": "Some of the biggest names in bitcoin \u2014 including Jack Dorsey, Tom Lee, and Michael Saylor \u2014 have co-authored a letter to the EPA to refute claims made by House Democrats calling on the agency to investigate the environmental effects of crypto mining.", "source_name": "CNBC", "date": "Mon, 02 May 2022 08:30:03 -0400", "topics": ["mining"], "sentiment": "Neutral", "type": "Article", "tickers": ["BTC"]}, {"news_url": "https://cryptoverze.com/bitcoin-in-your-401k-financial-advisors-say-to-be-careful/", "image_url": "https://crypto.snapi.dev/images/v1/u/v/bitcoin-2868703-960-720-135429-135635.jpg", "title": "Bitcoin in your 401(k)? Financial advisors say to be careful", "text": "Soon, Fidelity Investments will enable some 401(k) investors to add Bitcoin investments to their 401(k) accounts, the company announced Tuesday. But financial advisors urge caution before savers jump at the investment opportunity. Financial advisors advised caution to investors-to-be to their 401(k) accounts. Fidelity Investments announced on Tuesday that they will allow Bitcoin investment to their...", "source_name": "Cryptoverze", "date": "Mon, 02 May 2022 08:22:42 -0400", "topics": [], "sentiment": "Neutral", "type": "Article", "tickers": ["BTC"]}, {"news_url": "https://www.dcforecasts.com/altcoin-news/trx-and-ftm-surge-while-btc-and-eth-fluctuate-analysis/", "image_url": "https://crypto.snapi.dev/images/v1/i/y/840-ahr0chm6ly9zmy5jb2ludgvszwdyyxbolmnvbs91cgxvywrzlziwmjitmduvnwm1mtgzzdmtodiyyy00zgvmlthkmmetnmm3nzi5zgy2nzlklmpwzw-135532-135636.jpg", "title": "TRX And FTM Surge While BTC And ETH Fluctuate: Analysis", "text": "TRX and FTM surge in value and are the best performers today while Bitcoin's price is facing strong resistance near the $39,200 so let's read more today in our latest altcoin news today. Ethereum is below the $3000 price range while XRP is consolidating near the $0.62 price point and TRX and FTM surge in [\u2026]", "source_name": "DCForecasts", "date": "Mon, 02 May 2022 08:22:00 -0400", "topics": [], "sentiment": "Neutral", "type": "Article", "tickers": ["BTC", "ETH", "FTM", "TRX"]}, {"news_url": "https://www.cryptopolitan.com/solana-bounces-back-after-seven-hour-outage/", "image_url": "https://crypto.snapi.dev/images/v1/b/v/crypto-community-projects-over-40-upside-for-solana-by-may-31-2022-135169-135634.jpg", "title": "Solana bounces back online after seven-hour outage as NFT demand grows", "text": "The Solana blockchain is back online following a 7-hour interruption due to many bots attempting to generate NFTs on the cryptocurrency network. Late Saturday, an NFT casting application for Solana known as Candy Machine suffered under a deluge of load from bots attempting to force actions, making Solana's mainnet go down.", "source_name": "Cryptopolitan", "date": "Mon, 02 May 2022 08:18:46 -0400", "topics": ["NFT"], "sentiment": "Positive", "type": "Article", "tickers": ["SOL"]}, {"news_url": "https://bitcoinmagazine.com/business/hoseki-ledn-partner-for-faster-bitcoin-backed-loans", "image_url": "https://crypto.snapi.dev/images/v1/d/9/img-6332-135629.png", "title": "Hoseki Partners With Ledn For Easy Proof Of Ownership In Bitcoin-Backed Loans", "text": "Hoseki's upcoming bitcoin-native asset attestation service promises to speed up the loan taking process.", "source_name": "Bitcoin Magazine", "date": "Mon, 02 May 2022 08:00:00 -0400", "topics": [], "sentiment": "Positive", "type": "Article", "tickers": ["BTC"]}, {"news_url": "https://cryptonews.com/news/bitcoin-and-ethereum-struggle-xrp-and-luna-inch-higher.htm", "image_url": "https://crypto.snapi.dev/images/v1/b/k/shutterstock-1955707429-135202-135630.jpg", "title": "Bitcoin and Ethereum Struggle, XRP and LUNA Inch Higher", "text": "Bitcoin price started an upside correction above the USD 38,500 level. However, it is struggling to clear the USD 39,200 resistance zone. BTC is currently (11:47 UTC) consolidating above USD 38,600 and might attempt a move above USD 39,200. The price is up almost 2% in a day and down 2% in a week.", "source_name": "Cryptonews", "date": "Mon, 02 May 2022 07:58:00 -0400", "topics": [], "sentiment": "Neutral", "type": "Article", "tickers": ["BTC", "ETH", "LUNA", "XRP"]}, {"news_url": "https://coinidol.com/bitcoin-recovers-above-37400/", "image_url": "https://crypto.snapi.dev/images/v1/o/w/a59c1763326b694afb98fe4bbeaf5d2e-135631.jpg", "title": "Bitcoin Recovers Above $37,400 and Struggles Below $39,200 High", "text": "The price of Bitcoin (BTC) is in a downward correction after the cryptocurrency fell to a low of $37,633.", "source_name": "Coin Idol", "date": "Mon, 02 May 2022 07:48:00 -0400", "topics": [], "sentiment": "Neutral", "type": "Article", "tickers": ["BTC"]}, {"news_url": "https://cryptobriefing.com/yuga-labs-botches-nft-drop-with-bad-code-blames-ethereum/?utm_source=main_feed&utm_medium=rss", "image_url": "https://crypto.snapi.dev/images/v1/p/j/shutterstock-image-1-838x440-135632.png", "title": "Yuga Labs Botches NFT Drop With Bad Code, Blames Ethereum", "text": "The $310 million Otherdeeds land sale quickly became the biggest NFT drop in history, but not everyone who tried to snag an NFT is happy.\u00a0", "source_name": "Crypto Briefing", "date": "Mon, 02 May 2022 07:47:44 -0400", "topics": ["NFT"], "sentiment": "Negative", "type": "Article", "tickers": ["ETH"]}, {"news_url": "https://cryptoslate.com/warren-buffett-thinks-he-could-own-100-of-bitcoin/", "image_url": "https://crypto.snapi.dev/images/v1/e/i/warren-buffett-bitcoin-135625.jpg", "title": "Warren Buffett thinks he could own 100% of Bitcoin", "text": "Notorious investor, Warren Buffett, reaffirmed during the Berkshire Hathaway Annual Shareholder meeting on Saturday that he would not even pay $25 for all the Bitcoin in the world. The post Warren Buffett thinks he could own 100% of Bitcoin appeared first on CryptoSlate.", "source_name": "CryptoSlate", "date": "Mon, 02 May 2022 07:46:16 -0400", "topics": [], "sentiment": "Neutral", "type": "Article", "tickers": ["BTC"]}, {"news_url": "https://coinpedia.org/news/fomc-meeting-slash-down-bitcoin-price-to-28k-this-weekend/", "image_url": "https://crypto.snapi.dev/images/v1/m/h/bitcoin-down-1jpgw1024-135528-135626.jpg", "title": "Will The Amendments In The FOMC Meeting Slash Down Bitcoin Price To $28K This Weekend?", "text": "The global crypto market has now sailed back to the anxiety and curiosity of the FED's FOMC meet. The amendments of which would go public this coming Wednesday. Whilst novices in the business continue to fret concerns about the implications of the hike. Older hands bother little about the meet, owing to its implications on \u2026", "source_name": "CoinPedia", "date": "Mon, 02 May 2022 07:45:00 -0400", "topics": [], "sentiment": "Negative", "type": "Article", "tickers": ["BTC"]}, {"news_url": "https://coinpedia.org/ethereum/ethereum-burning-portal-see-single-day-record-high/", "image_url": "https://crypto.snapi.dev/images/v1/e/7/crypto6-135624.jpg", "title": "With The Wake Of Yuga Lab's NFT Hype, Ethereum Burning Portal See Single Day Record High!", "text": "Ethereum's burning protocol has hit a new all-time high (ATH) after the huge sale of tokenized land plots in Yuga Lab's Otherside Metaverse project. According to WatchTheBurn, today's Ethereum burn rate has exceeded 69,000 ETH accounting for a total ETH issuance of 61,600. This is the new single-day historical record high since EIP-1559 came into \u2026", "source_name": "CoinPedia", "date": "Mon, 02 May 2022 07:44:54 -0400", "topics": ["NFT"], "sentiment": "Positive", "type": "Article", "tickers": ["ETH"]}, {"news_url": "https://finbold.com/warren-buffett-misses-out-on-over-300-gain-in-bitcoin-since-he-first-called-it-rat-poison/?SNAPI", "image_url": "https://crypto.snapi.dev/images/v1/b/7/warren-buffett-misses-out-on-over-300-gain-in-bitcoin-since-he-first-called-it-rat-poison-135622.jpg", "title": "Warren Buffett misses out on over 300% gain in Bitcoin since he first called it rat poison", "text": "Warren Buffett, the CEO of Berkshire Hathaway (NYSE: BRK.A), recently reaffirmed his opposition to Bitcoin (BTC), stating that it lacks.", "source_name": "Finbold", "date": "Mon, 02 May 2022 07:36:06 -0400", "topics": [], "sentiment": "Neutral", "type": "Article", "tickers": ["BTC"]}, {"news_url": "https://cryptopotato.com/wikipedia-stops-accepting-btc-eth-bch-donations-after-8-years/", "image_url": "https://crypto.snapi.dev/images/v1/f/p/wikipedia-stop-135621.jpg", "title": "Wikipedia Stops Accepting BTC, ETH, BCH Donations After 8 Years", "text": "This comes in the wake of the Wikimedia community disfavoring crypto donations, arguing it may be harming the organization's image.", "source_name": "CryptoPotato", "date": "Mon, 02 May 2022 07:35:46 -0400", "topics": [], "sentiment": "Neutral", "type": "Article", "tickers": ["BCH", "BTC", "ETH"]}, {"news_url": "https://www.cryptopolitan.com/bitcoin-binance-coin-dogecoin-and-polkadot-daily-price-analyses-1-may-roundup/", "image_url": "https://crypto.snapi.dev/images/v1/v/t/roundup-6-135615.png", "title": "Bitcoin, Binance Coin, Dogecoin, and Polkadot Daily Price Analyses \u2013 1 May Roundup", "text": "The performance of the global crypto market has begun to improve as the new gains have strengthened it in value. The new additions to the market have helped it sail ashore in a better state than other days.", "source_name": "Cryptopolitan", "date": "Mon, 02 May 2022 07:31:42 -0400", "topics": [], "sentiment": "Neutral", "type": "Article", "tickers": ["BNB", "BTC", "DOGE", "DOT"]}, {"news_url": "https://u.today/xrp-rebounds-6-outperforming-top-10-heres-why?SNAPI", "image_url": "https://crypto.snapi.dev/images/v1/u/8/14478-135613.jpg", "title": "XRP Rebounds 6%, Outperforming Top 10, Here's Why", "text": "XRP trades at $0.61 after reaching intraday highs of $0.76 previously", "source_name": "UToday", "date": "Mon, 02 May 2022 07:28:00 -0400", "topics": [], "sentiment": "Positive", "type": "Article", "tickers": ["XRP"]}, {"news_url": "https://bitcoinist.com/buffett-says-he-wont-pay-25-for-all-the-bitcoin/", "image_url": "https://crypto.snapi.dev/images/v1/z/j/bitcoin-560x420-135610.jpg", "title": "No Bitcoin Please: Warren Buffett Says He Won't Pay Even $25 For All The Bitcoins In The World", "text": "Bitcoin is not for everybody. Berkshire Hathaway CEO Warren Buffett, who previously lamented about not knowing where to invest his money, claimed cryptocurrencies are not a productive asset and that he would not acquire the entire Bitcoin in the market even at a price of $25.", "source_name": "Bitcoinist", "date": "Mon, 02 May 2022 07:19:51 -0400", "topics": ["bitcoin"], "sentiment": "Neutral", "type": "Article", "tickers": ["BTC"]}, {"news_url": "https://u.today/800-million-xrp-put-back-in-ripples-escrow-after-1-billion-unlocked?SNAPI", "image_url": "https://crypto.snapi.dev/images/v1/0/c/14477-135607.jpg", "title": "800 Million XRP Put Back in Ripple's Escrow after 1 Billion Unlocked", "text": "Ripple giant locks back 80% of the billion XRP withdrawn from escrow on May 1", "source_name": "UToday", "date": "Mon, 02 May 2022 07:08:00 -0400", "topics": [], "sentiment": "Neutral", "type": "Article", "tickers": ["XRP"]}, {"news_url": "https://www.investingcube.com/solana-ventures-invests-in-ygg-sea-in-0-5-million-expansion-strategy/", "image_url": "https://crypto.snapi.dev/images/v1/l/e/crypto5-135604.jpg", "title": "Solana Ventures Invests In YGG SEA In $0.5 Million Expansion Strategy", "text": "Yield Guild Games (YGG) SEA has teamed with Solana Ventures, the investment arm of Solana Labs, to help grow the platform's subDAO operations in Southeast Asia. Solana and YGG SEA will work together to establish training programs for building projects on the Solana blockchain, according to the agreement.", "source_name": "InvestingCube", "date": "Mon, 02 May 2022 07:06:00 -0400", "topics": [], "sentiment": "Positive", "type": "Article", "tickers": ["SOL"]}, {"news_url": "https://www.trustnodes.com/2022/05/02/bitcoin-rises-on-eid-celebrations", "image_url": "https://crypto.snapi.dev/images/v1/j/g/jakarta-135628.png", "title": "Bitcoin Rises on Eid Celebrations", "text": "Bitcoin rises as two billion followers of islam celebrate Eid across the world after a month of fasting.", "source_name": "Trustnodes", "date": "Mon, 02 May 2022 07:05:59 -0400", "topics": ["paywall"], "sentiment": "Positive", "type": "Article", "tickers": ["BTC"]}, {"news_url": "https://cryptoslate.com/goldman-sachs-recently-offered-its-first-bitcoin-btc-backed-loan/", "image_url": "https://crypto.snapi.dev/images/v1/d/h/goldman-sachs-bitcoin-135596.jpg", "title": "Goldman Sachs recently offered its first Bitcoin (BTC)-backed loan", "text": "Goldman Sachs has announced the availability of its first-ever lending facility backed by Bitcoin (BTC), Bloomberg reported. The post Goldman Sachs recently offered its first Bitcoin (BTC)-backed loan appeared first on CryptoSlate.", "source_name": "CryptoSlate", "date": "Mon, 02 May 2022 06:46:16 -0400", "topics": [], "sentiment": "Neutral", "type": "Article", "tickers": ["BTC"]}, {"news_url": "https://www.dcforecasts.com/bitcoin-news/buffet-is-back-on-bashing-bitcoin-saying-it-doesnt-produce-anything/", "image_url": "https://crypto.snapi.dev/images/v1/3/8/bitcoin-ge93a70adb-1280-e1651470881320-135518-135595.jpg", "title": "Buffet Is Back On Bashing Bitcoin, Saying It Doesn't Produce Anything", "text": "Warren Buffet is back on bashing Bitcoin, saying that it doesn't actually produce anything and he would not take all of BTC in the world even if it cost him $25 so let's read more today in our latest cryptocurrency news. Warren Buffet is back on bashing BTC and said: \u201cIf you told me you [\u2026]", "source_name": "DCForecasts", "date": "Mon, 02 May 2022 06:43:50 -0400", "topics": [], "sentiment": "Negative", "type": "Article", "tickers": ["BTC"]}, {"news_url": "https://www.dcforecasts.com/ethereum-news/eth-recovered-but-it-has-to-clear-a-major-key-resistance-analysis/", "image_url": "https://crypto.snapi.dev/images/v1/e/t/ethereum-hills-gid-1-135237-135471-135592.jpg", "title": "ETH Recovered But It Has To Clear A Major Key Resistance: Analysis", "text": "ETH recovered but it still has to clear major key resistance at $2850 to continue higher in the near term so let's have a closer look at today's latest Ethereum news. ETH recovered after the $2800 level in a new recovery wave with the price consolidating above $2820 and the 100 hourly simple moving average.", "source_name": "DCForecasts", "date": "Mon, 02 May 2022 06:27:00 -0400", "topics": [], "sentiment": "Neutral", "type": "Article", "tickers": ["ETH"]}, {"news_url": "https://thenewscrypto.com/bitcoin-btc-price-makes-minor-gains-amid-recent-downfall/?SNAPI", "image_url": "https://crypto.snapi.dev/images/v1/r/y/whatsapp-image-2022-04-06-at-14455-pm-135587.jpeg", "title": "Bitcoin (BTC) Price Makes Minor Gains Amid Recent Downfall", "text": "There is immediate support at around $38,400 on the downside. Negative momentum grew after the Bitcoin price breached the $39,000", "source_name": "TheNewsCrypto", "date": "Mon, 02 May 2022 06:26:39 -0400", "topics": [], "sentiment": "Negative", "type": "Article", "tickers": ["BTC"]}, {"news_url": "https://coinmarketcap.com/alexandria/article/warren-buffett-wouldn-t-buy-all-the-bitcoin-in-the-world-for-25", "image_url": "https://crypto.snapi.dev/images/v1/u/x/4cbdf68ad30a493485e72f0412eaccb4-135585.png", "title": "Warren Buffett 'Wouldn't Buy All the Bitcoin in the World for $25'", "text": "Berkshire Hathaway's vice chairman Charlie Munger was even more determined to condemn Bitcoin during the company's shareholder meeting \u2014 describing it as \"stupid\" and \"evil.\"", "source_name": "CoinMarketCap", "date": "Mon, 02 May 2022 06:25:01 -0400", "topics": [], "sentiment": "Neutral", "type": "Article", "tickers": ["BTC"]}, {"news_url": "https://coingape.com/?p=111138", "image_url": "https://crypto.snapi.dev/images/v1/w/n/106885587-16214575182021-05-19t203912z-144465080-rc28jn9cpt2v-rtrmadp-0-crypto-currency-bitcoin-e1648649907834-135586.jpeg", "title": "Bitcoin (BTC) Price Set To Slump Below $32K Level, Here's Why", "text": "Bitcoin's (BTC) price has failed to surpass the $40k level as sentiment remains weak in the crypto market. Traders' confidence in the crypto market continues to drop amid the ongoing market-wide correction.", "source_name": "Coingape", "date": "Mon, 02 May 2022 06:24:44 -0400", "topics": [], "sentiment": "Negative", "type": "Article", "tickers": ["BTC"]}, {"news_url": "https://cryptoslate.com/ethereum-user-spends-44000-in-gas-fees-to-mint-bored-ape-otherside-nfts/", "image_url": "https://crypto.snapi.dev/images/v1/6/c/otherside-ethereum-135579.jpg", "title": "Ethereum user spends $44,000 in gas fees to mint Bored Ape \u2018Otherside' NFTs", "text": "Ethereum's scalability woes come under the spotlight once more following the release of the latest Bored Ape Yacht Club NFT collection. The post Ethereum user spends $44,000 in gas fees to mint Bored Ape \u2018Otherside' NFTs appeared first on CryptoSlate.", "source_name": "CryptoSlate", "date": "Mon, 02 May 2022 06:18:16 -0400", "topics": ["NFT"], "sentiment": "Neutral", "type": "Article", "tickers": ["ETH"]}, {"news_url": "https://cryptopotato.com/baycs-otherside-nft-drop-triggers-eth-burning-frenzy/", "image_url": "https://crypto.snapi.dev/images/v1/e/t/ethereum-burn-135580.jpg", "title": "BAYC's Otherside NFT Drop Triggers ETH Burning Frenzy", "text": "Ethereum's burning rate has increased to unprecedented levels fueled by BAYC creator, Yuga Labs' highly-anticipated NFT sale.", "source_name": "CryptoPotato", "date": "Mon, 02 May 2022 06:10:56 -0400", "topics": ["NFT"], "sentiment": "Neutral", "type": "Article", "tickers": ["ETH"]}, {"news_url": "https://www.dcforecasts.com/bitcoin-news/wikipedia-stops-accepting-btc-and-eth-donations-report/", "image_url": "https://crypto.snapi.dev/images/v1/r/9/donations-135577.png", "title": "Wikipedia Stops Accepting BTC And ETH Donations: Report", "text": "Wikipedia stops accepting BTC and ETH donations after eight years and has done it with the help of BitPay so let's read more today in our latest Bitcoin news. Wikipedia's parent organization \u2013 Wikimedia Foundation, won't be accepting any donations in BTC, ETH, or Bitcoin Cash after some community members sparked a debate about the [\u2026]", "source_name": "DCForecasts", "date": "Mon, 02 May 2022 06:09:40 -0400", "topics": [], "sentiment": "Positive", "type": "Article", "tickers": ["BTC", "ETH"]}, {"news_url": "https://news.bitcoin.com/report-nigerian-trio-allegedly-uses-money-laundering-proceeds-to-buy-bitcoins-worth-over-43-million/", "image_url": "https://crypto.snapi.dev/images/v1/g/w/report-nigerian-trio-allegedly-uses-money-laundering-proceeds-to-buy-bitcoins-worth-over-43-million-135567.jpg", "title": "Report: Nigerian Trio Allegedly Uses Money Laundering Proceeds to Buy Bitcoins Worth Over $43 Million", "text": "Three Nigerian nationals are accused of using money laundering proceeds to buy bitcoin worth over $43 million from cryptocurrency exchange platforms like Binance and Busha. The trio is accused of moving an equivalent of over $215 million from Nigeria to Kenya between October and November 2020. Powerful Kenyan Politician Assists the Alleged Money Launderers The [\u2026]", "source_name": "Bitcoin", "date": "Mon, 02 May 2022 05:30:43 -0400", "topics": ["bitcoin"], "sentiment": "Negative", "type": "Article", "tickers": ["BTC"]}, {"news_url": "https://decrypt.co/99177/elon-musk-weighs-warren-buffett-wouldnt-pay-25-bitcoin", "image_url": "https://crypto.snapi.dev/images/v1/k/v/shutterstock-444483772-gid-2-135605.jpg", "title": "Elon Musk Weighs in After Warren Buffett Says He Wouldn't Pay $25 for Every Bitcoin", "text": "The 91-year-old billionaire doesn't see crypto as a \u201cproductive asset,\u201d adding that he wouldn't buy all the Bitcoin in the world even for $25.", "source_name": "Decrypt", "date": "Mon, 02 May 2022 05:27:17 -0400", "topics": [], "sentiment": "Neutral", "type": "Article", "tickers": ["BTC"]}, {"news_url": "https://decrypt.co/99177/elon-musk-weighs-warren-buffet-wouldnt-pay-25-bitcoin", "image_url": "https://crypto.snapi.dev/images/v1/j/o/shutterstock-444483772-gid-2-135566.jpg", "title": "Elon Musk Weighs in as Warren Buffet Wouldn't Pay $25 for Every Bitcoin", "text": "The 91-year-old billionaire doesn't see crypto as a \u201cproductive asset,\u201d adding that he wouldn't buy all the Bitcoin in the world even for $25.", "source_name": "Decrypt", "date": "Mon, 02 May 2022 05:27:17 -0400", "topics": [], "sentiment": "Neutral", "type": "Article", "tickers": ["BTC"]}, {"news_url": "https://dailyhodl.com/2022/05/01/ethereum-whales-have-accumulated-407415040-in-eth-in-just-10-days-analytics-firm-santiment/", "image_url": "https://crypto.snapi.dev/images/v1/c/g/green-eth-whalejpgw1024-135559.jpg", "title": "Ethereum Whales Have Accumulated $407,415,040 in ETH in Just 10 Days: Analytics Firm Santiment", "text": "Crypto insights firm Santiment says that deep-pocketed Ethereum investors have started aggressively accumulating ETH after four months of inactivity. The market intelligence firm says that whales holding between 1,000 and 10,000 Ethereum have suddenly added a combined 142,000 ETH, worth about $407,415,040 at time of writing. The accumulation spike comes after a nearly four-month-long stagnation [\u2026] The post Ethereum Whales Have Accumulated $407,415,040 in ETH in Just 10 Days: Analytics Firm Santiment appeared first on The Daily Hodl.", "source_name": "The Daily Hodl", "date": "Mon, 02 May 2022 05:15:11 -0400", "topics": ["whales"], "sentiment": "Neutral", "type": "Article", "tickers": ["ETH"]}, {"news_url": "https://www.youtube.com/watch?v=J5S56vTme2E", "image_url": "https://crypto.snapi.dev/images/v1/n/p/bored-ape-metaverse-frenzy-disrupts-ethereum-blockchain-135562.jpg", "title": "Bored Ape Metaverse Frenzy Disrupts Ethereum Blockchain", "text": "The creator of the popular Bored Apes Yacht Club collection of NFTs launched a sale of virtual land, and the move crashed the Ethereum blockchain. The sale raised about $320 million worth of cryptocurrency as users\u00a0scrambled to get one of the 55,000 pieces of land from the metaverse project.", "source_name": "Bloomberg Markets and Finance", "date": "Mon, 02 May 2022 05:10:49 -0400", "topics": [], "sentiment": "Neutral", "type": "Video", "tickers": ["ETH"]}, {"news_url": "https://finbold.com/top-5-hardware-to-mine-bitcoin-in-2022/?SNAPI", "image_url": "https://crypto.snapi.dev/images/v1/0/u/jpo02zkudcy1hvbeja5hwzvrojawcap7py9ezjdp-tceopjlm-cxcfn-i2si08ithmae-pcj6fl7tmfwk8boylgkxx-xfk0sqjwf-0pauo-cjph1z-wxqw2pkitfvttpenichbsfu-1uwwwoja-135557.jpg", "title": "Top 5 hardware to mine Bitcoin in 2022", "text": "As cryptocurrencies like Bitcoin (BTC) become more widespread and the price of the flagship digital asset has grown dramatically since.", "source_name": "Finbold", "date": "Mon, 02 May 2022 05:05:25 -0400", "topics": [], "sentiment": "Neutral", "type": "Article", "tickers": ["BTC"]}, {"news_url": "https://cryptopotato.com/bitcoin-taps-39k-near-protocol-soars-12-market-watch/", "image_url": "https://crypto.snapi.dev/images/v1/q/e/near-protocol-cover-135552.jpg", "title": "Bitcoin Taps $39K, NEAR Protocol Soars 12% (Market Watch)", "text": "Bitcoin and most altcoins have bounced off after yesterday's bloodshed. NEAR has gained the most from the larger-cap alts.", "source_name": "CryptoPotato", "date": "Mon, 02 May 2022 04:50:19 -0400", "topics": [], "sentiment": "Positive", "type": "Article", "tickers": ["BTC", "NEAR"]}, {"news_url": "https://coingape.com/?p=111079", "image_url": "https://crypto.snapi.dev/images/v1/y/s/wbtc-135553.png", "title": "Whales Add $28 Mln Worth Of Wrapped BTC, DeFi Trade To Spike?", "text": "The world's largest cryptocurrency, Bitcoin (BTC) is finally showing some recovery from the recent dump. BTC prices have registered a marginal increase of around 1% in the last 7 days.", "source_name": "Coingape", "date": "Mon, 02 May 2022 04:49:59 -0400", "topics": ["whales"], "sentiment": "Neutral", "type": "Article", "tickers": ["BTC"]}, {"news_url": "https://beincrypto.com/sec-files-to-protect-crucial-documents-related-to-ripple-case/", "image_url": "https://crypto.snapi.dev/images/v1/a/w/ripples-vs-secjpgoptimal-135550.jpg", "title": "SEC Files to Protect Crucial Documents Related to Ripple Case", "text": "The Securities and Exchange Commission (SEC) has filed to have documents shielded that show its former finance director acknowledged that bitcoin and Ethereum are not securities. The post SEC Files to Protect Crucial Documents Related to Ripple Case appeared first on BeInCrypto.", "source_name": "BeInCrypto", "date": "Mon, 02 May 2022 04:30:00 -0400", "topics": ["regulations"], "sentiment": "Neutral", "type": "Article", "tickers": ["XRP"]}, {"news_url": "https://cryptonews.com/news/232-wikipedia-users-force-the-online-encyclopedia-to-ditch-bitcoin-ethereum-and-bch-donation-options.htm", "image_url": "https://crypto.snapi.dev/images/v1/k/y/adobestock-383498189-editorial-135547.jpg", "title": "232 Wikipedia Users Force the Online Encyclopedia to Ditch Bitcoin, Ethereum, and BCH Donation Options", "text": "The Wikimedia Foundation, the body that operates the user-created web-based encyclopedia Wikipedia, has announced that it will no longer accept crypto donations.\u00a0", "source_name": "Cryptonews", "date": "Mon, 02 May 2022 04:26:00 -0400", "topics": [], "sentiment": "Negative", "type": "Article", "tickers": ["BCH", "BTC", "ETH"]}, {"news_url": "https://www.cryptoglobe.com/latest/2022/05/veteran-trader-peter-brandt-explains-why-he-believes-bitcoin-is-headed-to-28000/", "image_url": "https://crypto.snapi.dev/images/v1/b/c/trading-135549.jpg", "title": "Veteran Trader Peter Brandt Explains Why He Believes Bitcoin Is Headed to $28,000", "text": "On Sunday (May 1), legendary veteran trader\u00a0Peter L. Brandt, who is one of the world' most respected classical chartists,\u00a0commented on Bitcoin's latest price action. In 1990, Brandt, who has been a commodity trader since 1976, published the book\u00a0Trading Commodity Futures with Classical Chart Patterns.\u00a0Then, in 2011, John Wiley and Sons published his second book,\u00a0Diary of [\u2026]", "source_name": "CryptoGlobe", "date": "Mon, 02 May 2022 04:24:26 -0400", "topics": [], "sentiment": "Neutral", "type": "Article", "tickers": ["BTC"]}, {"news_url": "https://en.cryptonomist.ch/2022/05/02/yuga-labs-collects-320-million-ethereum-gas-surges/", "image_url": "https://crypto.snapi.dev/images/v1/z/b/yuga-labs-nft-300x200-135543.png", "title": "Yuga Labs collects $320 million as Ethereum gas surges", "text": "Minecraft petition, Big3 basketball team sold to a DAO and more", "source_name": "The Cryptonomist", "date": "Mon, 02 May 2022 04:11:42 -0400", "topics": [], "sentiment": "Positive", "type": "Article", "tickers": ["ETH"]}, {"news_url": "https://www.cryptoglobe.com/latest/2022/05/investanswers-host-theres-only-one-hard-asset-on-this-planet-and-thats-bitcoin/", "image_url": "https://crypto.snapi.dev/images/v1/s/5/bitcoin-g77d3472fe-1280-135540.jpg", "title": "InvestAnswers Host: \u201cThere's Only One Hard Asset on This Planet\u201d and \u201cThat's Bitcoin\u201d", "text": "Recently, James Mullarney, the host of the very popular YouTube channel \u201cInvestAnswers\u201d explained why Bitcoin is the best inflation hedge.\u00a0 When Mullarney was interviewed on April 22 by crypto analyst Benjamin Cowen, he said that average investors are turning towards cryptoassets as an escape from inflation. He argued that investors have wizened to the fact [\u2026]", "source_name": "CryptoGlobe", "date": "Mon, 02 May 2022 04:05:03 -0400", "topics": [], "sentiment": "Positive", "type": "Article", "tickers": ["BTC"]}, {"news_url": "https://cointelegraph.com/news/fed-will-determine-the-fate-of-the-market-5-things-to-know-in-bitcoin-this-week", "image_url": "https://crypto.snapi.dev/images/v1/j/b/840-ahr0chm6ly9zmy5jb2ludgvszwdyyxbolmnvbs91cgxvywrzlziwmjitmduvnwm1mtgzzdmtodiyyy00zgvmlthkmmetnmm3nzi5zgy2nzlklmpwzw-135532.jpg", "title": "Fed 'will determine the fate of the market' \u2014 5 things to know in Bitcoin this week", "text": "The U.S. central bank will make what is becoming a monthly dictation of what markets do this week with a new rate hike announcement.", "source_name": "Cointelegraph", "date": "Mon, 02 May 2022 03:49:25 -0400", "topics": [], "sentiment": "Neutral", "type": "Article", "tickers": ["BTC"]}, {"news_url": "https://en.cryptonomist.ch/2022/05/02/another-crash-solana/", "image_url": "https://crypto.snapi.dev/images/v1/l/p/solana-crash-1-300x200-135544.png", "title": "Another crash for Solana", "text": "A 7-hour halt over the weekend. The price fell at first, only to rise again a little later", "source_name": "The Cryptonomist", "date": "Mon, 02 May 2022 03:48:47 -0400", "topics": [], "sentiment": "Negative", "type": "Article", "tickers": ["SOL"]}, {"news_url": "https://finbold.com/ethereum-token-standards-explained-erc-20-erc-721-erc-777-and-erc-1155/?SNAPI", "image_url": "https://crypto.snapi.dev/images/v1/m/i/ethereum-token-standards-explained-erc-20-erc-721-erc-777-and-erc-1155-135530.jpg", "title": "Ethereum token standards explained: ERC-20, ERC-721, ERC-777 and ERC-1155", "text": "It is common knowledge by now that the cryptocurrency market consists of various kinds of digital tokens. These tokens are.", "source_name": "Finbold", "date": "Mon, 02 May 2022 03:38:59 -0400", "topics": [], "sentiment": "Neutral", "type": "Article", "tickers": ["ETH"]}, {"news_url": "https://www.cryptoglobe.com/latest/2022/05/billionaire-warren-buffett-would-not-pay-even-25-for-all-bitcoins-in-the-world/", "image_url": "https://crypto.snapi.dev/images/v1/m/b/one-dollar-bills-135529.jpg", "title": "Billionaire Warren Buffett Would Not Pay Even $25 for All Bitcoins in the World", "text": "On Saturday (April 30), Warren Buffett, Chairman and CEO of Berkshire Hathaway Inc., whom Forbes currently calls the world's sixth richest person, spoke about Bitcoin at his company's 2022 Annual Shareholders Meeting. When asked about his latest thoughts on Bitcoin, Buffett \u2014 who has long been one of Bitcoin's harshest critics, calling it \u201cprobably rat [\u2026]", "source_name": "CryptoGlobe", "date": "Mon, 02 May 2022 03:29:32 -0400", "topics": ["bitcoin"], "sentiment": "Negative", "type": "Article", "tickers": ["BTC"]}, {"news_url": "https://dailyhodl.com/2022/05/02/analyst-who-accurately-called-massive-bitcoin-crash-has-bad-news-for-crypto-traders-heres-his-new-target/", "image_url": "https://crypto.snapi.dev/images/v1/i/1/bitcoin-down-1jpgw1024-135528.jpg", "title": "Analyst Who Accurately Called Massive Bitcoin Crash Has Bad News for Crypto Traders \u2013 Here's His New Target", "text": "Seasoned market analyst Peter Brandt is warning Bitcoin traders and investors alike, saying that BTC is poised for a sharp corrective move. Brandt tells his 636,800 Twitter followers that Bitcoin has broken down from crucial diagonal support that has kept BTC afloat for the first few months of 2022. \u201cThe completion of a bear channel [\u2026] The post Analyst Who Accurately Called Massive Bitcoin Crash Has Bad News for Crypto Traders \u2013 Here's His New Target appeared first on The Daily Hodl.", "source_name": "The Daily Hodl", "date": "Mon, 02 May 2022 03:04:52 -0400", "topics": [], "sentiment": "Negative", "type": "Article", "tickers": ["BTC"]}, {"news_url": "https://coinpedia.org/bitcoin/this-is-when-bitcoin-traders-can-expect-btc-price-reversal/", "image_url": "https://crypto.snapi.dev/images/v1/x/h/crypto20-135527.jpg", "title": "This is When Bitcoin Traders Can Expect BTC Price Reversal! Here Are Watch Levels", "text": "Bitcoin (BTC) and major altcoins have fallen along with stock markets this year as investors brace for a more hawkish Federal Reserve. At Press time Bitcoin price is facing resistance near $39,200, while Ethereum (ETH) Price is still below $3k. A few altcoins are up over 5% Out of these, TRX and FTM are the \u2026", "source_name": "CoinPedia", "date": "Mon, 02 May 2022 03:04:21 -0400", "topics": [], "sentiment": "Neutral", "type": "Article", "tickers": ["BTC"]}, {"news_url": "https://news.bitcoin.com/eth-network-q1-revenue-grew-46-to-2-4-billion-token-inflation-rate-drops-to-0-51/", "image_url": "https://crypto.snapi.dev/images/v1/s/h/shutterstock-2021070512-135539.jpg", "title": "ETH Network Q1 Revenue Grew 46% to $2.4 Billion, Token Inflation Rate Drops to 0.51%", "text": "The revenues accrued by the Ethereum network rose by 46% from $1.6 billion to $2.4 billion during the first quarter of 2022. Contributing to the growth in the network's revenues were non-fungible token (NFT) marketplace sales, which rose by more than 19,000% during the period under review. ETH Inflation Rate Drops to 0.51% Ethereum's revenues [\u2026]", "source_name": "Bitcoin", "date": "Mon, 02 May 2022 03:00:41 -0400", "topics": [], "sentiment": "Neutral", "type": "Article", "tickers": ["ETH"]}, {"news_url": "https://en.cryptonomist.ch/2022/05/02/bitcoin-ethereum-solana-prices-rallied-sunday/", "image_url": "https://crypto.snapi.dev/images/v1/w/b/trading-bitcoin-300x200-135526.jpg", "title": "Bitcoin, Ethereum, Solana Prices Rallied on Sunday", "text": "The Fear and Greed Index is 28 Fear and is +6 from Sunday's reading of 22 Extreme Fear.", "source_name": "The Cryptonomist", "date": "Mon, 02 May 2022 03:00:05 -0400", "topics": [], "sentiment": "Positive", "type": "Article", "tickers": ["BTC", "ETH", "SOL"]}, {"news_url": "https://www.coinbureau.com/news/solana-faces-seven-hour-outage-after-bots-overwhelm-nft-minting-app/", "image_url": "https://crypto.snapi.dev/images/v1/i/w/shutterstock-2065496078-135556.jpg", "title": "Solana Faces Seven-Hour Outage After Bots Overwhelm NFT Minting App", "text": "Solana is recovering from another outage which is being attributed to a swarm of bots that overwhelmed the Candy Machine, a tool for minting non-fungible tokens (NFTs). \u201cBlock production on Solana Mainnet Beta has halted. Validator operators should prepare for a restart in mb-validators on Discord,\u201d Solana Status said on Twitter. Solana Status noticed an [\u2026] The post Solana Faces Seven-Hour Outage After Bots Overwhelm NFT Minting App appeared first on Coin Bureau.", "source_name": "Coinbureau", "date": "Mon, 02 May 2022 02:51:36 -0400", "topics": ["NFT"], "sentiment": "Negative", "type": "Article", "tickers": ["SOL"]}, {"news_url": "https://www.coinbureau.com/news/solana-faces-seven-hour-outage-after-bots-overhwhelm-nft-minting-app/", "image_url": "https://crypto.snapi.dev/images/v1/p/m/shutterstock-2065496078-135522.jpg", "title": "Solana Faces Seven-Hour Outage After Bots Overhwhelm NFT Minting App", "text": "Solana is recovering from another outage which is being attributed to a swarm of bots that overwhelmed the Candy Machine, a tool for minting non-fungible tokens (NFTs). \u201cBlock production on Solana Mainnet Beta has halted. Validator operators should prepare for a restart in mb-validators on Discord,\u201d Solana Status said on Twitter. Solana Status noticed an [\u2026] The post Solana Faces Seven-Hour Outage After Bots Overhwhelm NFT Minting App appeared first on Coin Bureau.", "source_name": "Coinbureau", "date": "Mon, 02 May 2022 02:51:36 -0400", "topics": ["NFT"], "sentiment": "Negative", "type": "Article", "tickers": ["SOL"]}, {"news_url": "https://cryptopotato.com/warren-buffett-wont-buy-all-bitcoins-in-the-world-for-25-crypto-community-responds/", "image_url": "https://crypto.snapi.dev/images/v1/a/q/warrenbuffett-min-135521.jpg", "title": "Warren Buffett Won't Buy All Bitcoins in the World for $25, Crypto Community Responds", "text": "The notorious Bitcoin critic said he will not accept an offer to buy all the BTC in the world for $25.", "source_name": "CryptoPotato", "date": "Mon, 02 May 2022 02:40:49 -0400", "topics": ["bitcoin"], "sentiment": "Negative", "type": "Article", "tickers": ["BTC"]}, {"news_url": "https://ambcrypto.com/bitcoin-revising-the-odds-of-btc-hitting-372k-after-latest-correction/", "image_url": "https://crypto.snapi.dev/images/v1/c/r/bitcoin-ge93a70adb-1280-e1651470881320-135518.jpg", "title": "Bitcoin: Revising the odds of BTC hitting $372K after latest correction", "text": "The last six months haven't been the best for Bitcoin, with the king coin's performance keeping most altcoins subdued as well. With minimal hikes every now and then, followed by dips that invalidate them, Bitcoin has been leading the entire market down a spiral.", "source_name": "AMBCrypto", "date": "Mon, 02 May 2022 02:30:49 -0400", "topics": [], "sentiment": "Negative", "type": "Article", "tickers": ["BTC"]}, {"news_url": "https://beincrypto.com/bitcoin-btc-generates-bullish-divergences-in-multiple-time-frames/", "image_url": "https://crypto.snapi.dev/images/v1/9/g/bic-btc-price-floor-dropjpgoptimal-135520.jpg", "title": "Bitcoin (BTC) Generates Bullish Divergences in Multiple Time Frames", "text": "Bitcoin (BTC) is trading inside a short-term bullish pattern and has generated bullish divergences in multiple time frames. The post Bitcoin (BTC) Generates Bullish Divergences in Multiple Time Frames appeared first on BeInCrypto.", "source_name": "BeInCrypto", "date": "Mon, 02 May 2022 02:30:00 -0400", "topics": [], "sentiment": "Positive", "type": "Article", "tickers": ["BTC"]}, {"news_url": "https://cointelegraph.com/news/ethereum-burning-spikes-to-new-high-on-yuga-labs-nft-hype", "image_url": "https://crypto.snapi.dev/images/v1/8/n/840-ahr0chm6ly9zmy5jb2ludgvszwdyyxbolmnvbs91cgxvywrzlziwmjitmduvn2mxotazmtgtmziwyy00ytdkltlizwytywqxm2iwngu5mjq3lmpwzw-135516.jpg", "title": "Ethereum burning spikes to new high on Yuga Labs' NFT hype", "text": "Otherdeed NFTs top the \u201cburn leaderboard\u201d over the past seven days at roughly 55,816 ETH or 56% of all burns during that period.", "source_name": "Cointelegraph", "date": "Mon, 02 May 2022 02:12:13 -0400", "topics": ["NFT"], "sentiment": "Positive", "type": "Article", "tickers": ["ETH"]}, {"news_url": "https://coinpedia.org/altcoin/bitcoin-and-major-altcoins-are-nearing-local-botton/", "image_url": "https://crypto.snapi.dev/images/v1/8/1/crypto15-135514.jpg", "title": "Bitcoin And Major Altcoins Are Nearing Local Botton, Here's When Rebound is Expected", "text": "Despite the news that the second sovereign nation to embrace Bitcoin as legal cash (the Central African Republic), Bitcoin (BTC) fell 2% from the previous week. The second and third most valuable assets on the Brave New Coin market cap table, Ethereum (ETH) and Binance coin (BNB), both fell 4% and 3%, respectively. A well-known \u2026", "source_name": "CoinPedia", "date": "Mon, 02 May 2022 01:52:00 -0400", "topics": [], "sentiment": "Neutral", "type": "Article", "tickers": ["BTC"]}, {"news_url": "https://beincrypto.com/ethereum-gas-fees-spike-highs-latest-nft-hype/", "image_url": "https://crypto.snapi.dev/images/v1/c/c/ethereum-eipsjpgoptimal-135513.jpg", "title": "Ethereum Gas Fees Spike to New Highs on Latest NFT Hype", "text": "There were many disgruntled Ethereum users over the weekend following a Yuga Labs nonfungible token (NFT) launch which caused gas prices to surge to new highs. The post Ethereum Gas Fees Spike to New Highs on Latest NFT Hype appeared first on BeInCrypto.", "source_name": "BeInCrypto", "date": "Mon, 02 May 2022 01:51:51 -0400", "topics": ["NFT"], "sentiment": "Positive", "type": "Article", "tickers": ["ETH"]}, {"news_url": "https://blockchain.news/news/warren-buffets-spiteful-comments-sends-bitcoin-tumbling-over-the-weekend", "image_url": "https://crypto.snapi.dev/images/v1/j/r/6ff270d7d614dcdafb1b80a3106a1797a4698dba98bbc7a7de66de9bf3669a0f-135511.jpg", "title": "Warren Buffet's Spiteful Comments Sends Bitcoin Tumbling Over the Weekend", "text": "Warren Buffett's scorn for Bitcoin (BTC) received a very broad exposition during the 2022 Berkshire Hathaway Annual Meeting", "source_name": "Blockchain News", "date": "Mon, 02 May 2022 01:45:00 -0400", "topics": [], "sentiment": "Negative", "type": "Article", "tickers": ["BTC"]}, {"news_url": "https://www.newsbtc.com/analysis/eth/ethereum-recovers-resistance-2850/", "image_url": "https://crypto.snapi.dev/images/v1/8/5/shutterstock-614141174-135508.jpg", "title": "TA: Ethereum Recovers But ETH Must Clear This Key Resistance", "text": "Ethereum started a recovery wave above the $2,800 level against the US Dollar. must clear the $2,850 resistance to continue higher in the near term.", "source_name": "NewsBTC", "date": "Mon, 02 May 2022 01:08:56 -0400", "topics": ["tanalysis"], "sentiment": "Positive", "type": "Article", "tickers": ["ETH"]}, {"news_url": "https://cryptonews.com/news/bitcoin-and-ethereum-fluctuate-trx-and-ftm-surge.htm", "image_url": "https://crypto.snapi.dev/images/v1/r/a/crypto11-135071-135505.jpg", "title": "Bitcoin and Ethereum Fluctuate, TRX and FTM Surge", "text": "Bitcoin price extended its decline below the USD 38,200 level but it found support near USD 37,500 and move higher again. BTC is currently (04:09 UTC) trading above USD 38,700 and is up almost 2% in a day and is down 2% in a week. On the upside, the bears might remain active near USD 39,200 and USD 39,500.", "source_name": "Cryptonews", "date": "Mon, 02 May 2022 00:28:00 -0400", "topics": [], "sentiment": "Neutral", "type": "Article", "tickers": ["BTC", "ETH", "FTM", "TRX"]}, {"news_url": "https://cointelegraph.com/news/solana-suffers-7th-outage-in-2022-as-bots-invade-the-network", "image_url": "https://crypto.snapi.dev/images/v1/p/q/840-ahr0chm6ly9zmy5jb2ludgvszwdyyxbolmnvbs91cgxvywrzlziwmjitmduvzty1nzdmyjutzwvmzs00ymyylthlyzitowm3mju5ymq2y2qzlmpwzw-135504.jpg", "title": "Solana suffers 7th outage in 2022 as bots invade the network", "text": "NFT minting bots on Solana contributed over 4 million transactions per second, knocking validators out of consensus and crashing the network for around seven hours.", "source_name": "Cointelegraph", "date": "Mon, 02 May 2022 00:25:59 -0400", "topics": [], "sentiment": "Negative", "type": "Article", "tickers": ["SOL"]}, {"news_url": "https://thecurrencyanalytics.com/bitcoin/bitcoin-btc-propaganda-by-dan-held-and-michael-saylor-41168.php", "image_url": "https://crypto.snapi.dev/images/v1/t/m/bitcoin-btc-propaganda-by-dan-held-and-michael-saylor-135503.jpg", "title": "Bitcoin (BTC) Propaganda by Dan held and Michael Saylor", "text": "Catch up on the latest crypto market news at The Currency Analytics. Dan Held Musings on Bitcoin:\u00a0 Bitcoin doesn't care about your religion, race, or creed.", "source_name": "The Currency Analytics", "date": "Mon, 02 May 2022 00:24:06 -0400", "topics": [], "sentiment": "Neutral", "type": "Article", "tickers": ["BTC"]}, {"news_url": "https://cointelegraph.com/news/buffett-back-bashing-bitcoin-claims-it-doesn-t-produce-anything", "image_url": "https://crypto.snapi.dev/images/v1/i/p/840-ahr0chm6ly9zmy5jb2ludgvszwdyyxbolmnvbs91cgxvywrzlziwmjitmduvzwi0mzqxztytmzlmzi00ntqwlwiwmjatnju2yzq4oda2mta2lmpwzw-135502.jpg", "title": "Buffett back bashing Bitcoin, claims it 'doesn't produce anything'", "text": "\u201cIf you told me you own all of the Bitcoin in the world and you offered it to me for $25 I wouldn't take it because what would I do with it?\u201d Warren Buffett said.", "source_name": "Cointelegraph", "date": "Sun, 01 May 2022 23:53:52 -0400", "topics": [], "sentiment": "Negative", "type": "Article", "tickers": ["BTC"]}], "total_pages": 44}