{"data": [{"news_url": "https://www.forbes.com/sites/billybambrough/2022/05/03/huge-2022-ethereum-price-prediction-comes-with-a-serious-bnb-solana-cardano-avalanche-and-polkadot-warning/", "image_url": "https://crypto.snapi.dev/images/v1/i/j/huge-2022-ethereum-price-prediction-comes-with-a-serious-bnb-solana-cardano-avalanche-and-polkadot-warning-136334.jpg", "title": "Huge 2022 Ethereum Price Prediction Comes With A Serious BNB, Solana, Cardano, Avalanche And Polkadot Warning", "text": "A panel of 36 industry experts has returned an ethereum price prediction of almost $5,800 by the end of 2022\u2014more than double its current level of $2,800...", "source_name": "Forbes", "date": "Tue, 03 May 2022 19:15:30 -0400", "topics": [], "sentiment": "Neutral", "type": "Article", "tickers": ["ADA", "AVAX", "BNB", "DOT", "ETH", "SOL"]}, {"news_url": "https://www.newsbtc.com/analysis/eth/experts-say-ethereum-will-grow-100-to-hit-5783-by-year-end/", "image_url": "https://crypto.snapi.dev/images/v1/t/s/ethereum-136329.jpeg", "title": "Experts Say Ethereum Will Grow 100% To Hit $5,783 By Year-End", "text": "Ethereum remains one of the most successful cryptocurrencies in the market, although its current price does leave a lot to be desired. It has not been spared from the general market downtrend that has rocked the crypto space and has since lost its footing above $3,000, a crucial point for the digital asset.", "source_name": "NewsBTC", "date": "Tue, 03 May 2022 19:00:10 -0400", "topics": [], "sentiment": "Positive", "type": "Article", "tickers": ["ETH"]}, {"news_url": "https://bitcoinmagazine.com/culture/the-future-looks-bright-for-bitcoin", "image_url": "https://crypto.snapi.dev/images/v1/r/e/lighthouse-136330.png", "title": "The Future Looks Bright For Bitcoin", "text": "Bitcoin adoption around the world is taking shape. Some examples from Bitcoin 2022 offer a window into how Bitcoin is helping people in emerging markets.", "source_name": "Bitcoin Magazine", "date": "Tue, 03 May 2022 19:00:00 -0400", "topics": [], "sentiment": "Positive", "type": "Article", "tickers": ["BTC"]}, {"news_url": "https://dailyhodl.com/2022/05/03/heres-how-terra-luna-could-trigger-bitcoin-btc-and-crypto-market-capitulation-macro-analyst-lyn-alden/", "image_url": "https://crypto.snapi.dev/images/v1/0/8/terra-could-triggerjpgw1024-136322.jpg", "title": "Here's How Terra (LUNA) Could Trigger Bitcoin (BTC) and Crypto Market Capitulation: Macro Analyst Lyn Alden", "text": "Macro strategist Lyn Alden believes that Terra's (LUNA) recent Bitcoin buying spree could be the catalyst that triggers a capitulation event for BTC and the rest of the crypto markets. Over the last few months, the Luna Foundation Guard (LFG), the non-profit organization built to support\u00a0Terra, has been aggressively accumulating BTC to the tune of [\u2026] The post Here's How Terra (LUNA) Could Trigger Bitcoin (BTC) and Crypto Market Capitulation: Macro Analyst Lyn Alden appeared first on The Daily Hodl.", "source_name": "The Daily Hodl", "date": "Tue, 03 May 2022 18:05:40 -0400", "topics": [], "sentiment": "Negative", "type": "Article", "tickers": ["BTC", "LUNA"]}, {"news_url": "https://www.newsbtc.com/news/bitcoin/altcoin-aversion-why-bitcoin-and-stablecoin-dominance-is-on-the-rise/", "image_url": "https://crypto.snapi.dev/images/v1/v/y/crypto9-135795-136319.jpg", "title": "Altcoin Aversion: Why Bitcoin And Stablecoin Dominance Is On The Rise", "text": "Bitcoin and the crypto market are back in the red. The first crypto by market cap records a 2% loss in the last 24-hours and could push other digital assets into critical support zones.", "source_name": "NewsBTC", "date": "Tue, 03 May 2022 18:00:24 -0400", "topics": ["stablecoins"], "sentiment": "Positive", "type": "Article", "tickers": ["BTC", "AVAX", "ETH", "SHIB", "SOL"]}, {"news_url": "https://beincrypto.com/in-search-of-the-missing-bitcoin-supercycle-mass-adoption-vs-complicated-new-asset-class/", "image_url": "https://crypto.snapi.dev/images/v1/q/6/bitcoin-adoption-136326.png", "title": "In Search of the Missing Bitcoin Supercycle: Mass Adoption vs Complicated New Asset Class", "text": "In an interview on the What Bitcoin Did Podcast on April 29, Dan Held, stuck firmly to his thesis that a perfect storm of market conditions is set to propel Bitcoin to mass adoption. In crypto parlance, this theory is commonly referred to as the Bitcoin supercycle and has led to predictions that BTC prices could even hit $1 million.", "source_name": "BeInCrypto", "date": "Tue, 03 May 2022 18:00:00 -0400", "topics": [], "sentiment": "Neutral", "type": "Article", "tickers": ["BTC"]}, {"news_url": "https://bitcoinmagazine.com/culture/a-modest-bitcoin-improvement-proposal-proposal", "image_url": "https://crypto.snapi.dev/images/v1/7/2/20220424-btcfinal-decentralized-law-vs-centralized-legislation-jimmy-song-136318.png", "title": "A Modest Bitcoin Improvement Proposal, Proposal", "text": "Decentralized consensus is required to make changes to the Bitcoin code. Clear processes, standards and norms can ease decision-making in the future.", "source_name": "Bitcoin Magazine", "date": "Tue, 03 May 2022 18:00:00 -0400", "topics": [], "sentiment": "Positive", "type": "Article", "tickers": ["BTC"]}, {"news_url": "https://decrypt.co/99372/hawaii-becomes-latest-state-to-approve-crypto-taskforce", "image_url": "https://crypto.snapi.dev/images/v1/c/q/bitcoin-hawaii-flag-gid-7-136315.png", "title": "Hawaii Becomes Latest State to Approve Taskforce to Examine Bitcoin, Web3 Technology", "text": "A growing list of U.S. states is looking to use blockchain-based tech in both the public and private sectors.", "source_name": "Decrypt", "date": "Tue, 03 May 2022 17:40:38 -0400", "topics": [], "sentiment": "Neutral", "type": "Article", "tickers": ["BTC"]}, {"news_url": "https://cointelegraph.com/news/microstrategy-may-explore-future-yield-generation-opportunities-on-95-643-btc-holdings", "image_url": "https://crypto.snapi.dev/images/v1/x/d/840-ahr0chm6ly9zmy5jb2ludgvszwdyyxbolmnvbs91cgxvywrzlziwmjitmduvnty2nzcwzmutn2jlms00otlhlwfhzmutytq5ndnlmziwywrhlmpwzwc-136313.jpeg", "title": "MicroStrategy may explore 'future yield generation opportunities' on 95,643 BTC holdings", "text": "As of March 31, MicroStrategy held a total of 129,218 BTC, which the firm reported had a carrying value of roughly $2.9 billion.", "source_name": "Cointelegraph", "date": "Tue, 03 May 2022 17:35:02 -0400", "topics": [], "sentiment": "Positive", "type": "Article", "tickers": ["BTC"]}, {"news_url": "https://cryptoslate.com/bitcoins-hash-rate-surges-despite-persistent-economic-uncertainty/", "image_url": "https://crypto.snapi.dev/images/v1/m/w/web3-hardware-ig-136311.jpg", "title": "Bitcoin's hash rate surges despite persistent economic uncertainty", "text": "CoinWarz shows the Bitcoin hash rate continues to explode, hitting a new all-time high of 270 EH/s on Monday before settling around the 220 EH/s today. The post Bitcoin's hash rate surges despite persistent economic uncertainty appeared first on CryptoSlate.", "source_name": "CryptoSlate", "date": "Tue, 03 May 2022 17:30:26 -0400", "topics": [], "sentiment": "Positive", "type": "Article", "tickers": ["BTC"]}, {"news_url": "https://insidebitcoins.com/news/ethereum-price-prediction-for-today-may-3-eth-swings-toward-2500-support", "image_url": "https://crypto.snapi.dev/images/v1/d/o/crypto12-136310.jpg", "title": "Ethereum Price Prediction for Today, May 3: ETH Swings Toward 2500 Support", "text": "The Ethereum price prediction is down at 3.18% at the time of writing as the coin goes below the opening price of $2856. ETH/USD Market [.", "source_name": "Inside Bitcoins", "date": "Tue, 03 May 2022 17:16:23 -0400", "topics": ["tanalysis"], "sentiment": "Negative", "type": "Article", "tickers": ["ETH"]}, {"news_url": "https://cryptopotato.com/ripple-ceo-believes-sec-lawsuit-could-be-resolved-this-year/", "image_url": "https://crypto.snapi.dev/images/v1/f/x/bradgarlinghouse1-min-136309.jpg", "title": "Ripple CEO Believes SEC Lawsuit Could Be Resolved This Year", "text": "Brad Garlinghouse believes that Ripple's legal battle with the US SEC can end this year.", "source_name": "CryptoPotato", "date": "Tue, 03 May 2022 17:15:54 -0400", "topics": ["regulations"], "sentiment": "Negative", "type": "Article", "tickers": ["XRP"]}, {"news_url": "https://www.theblockcrypto.com/post/144927/everyday-bitcoin-usage-in-el-salvador-remains-low-despite-government-push-us-academic-study-finds", "image_url": "https://crypto.snapi.dev/images/v1/v/r/20220415-el-salvador-800x450-136307.jpg", "title": "Everyday bitcoin usage in El Salvador remains low despite government push, US academic study finds", "text": "A new research study based on interviews with 1,800 Salvadoran households suggests that the Chivo bitcoin wallet hasn't caught on with most people. The post Everyday bitcoin usage in El Salvador remains low despite government push, US academic study finds appeared first on The Block.", "source_name": "The Block", "date": "Tue, 03 May 2022 17:05:17 -0400", "topics": [], "sentiment": "Negative", "type": "Article", "tickers": ["BTC"]}, {"news_url": "https://bitcoinmagazine.com/culture/bitcoin-is-venice-the-merchant-strikes", "image_url": "https://crypto.snapi.dev/images/v1/i/z/20220502-btcfinal-bitcoinvenicep8-136304.png", "title": "Bitcoin Is Venice: The Merchant Strikes Back", "text": "A long time ago, in an economic environment far far away, the merchant controlled their own financial destiny \u2014 so they shall soon again.", "source_name": "Bitcoin Magazine", "date": "Tue, 03 May 2022 17:00:00 -0400", "topics": [], "sentiment": "Neutral", "type": "Article", "tickers": ["BTC"]}, {"news_url": "https://decrypt.co/99370/el-salvador-debt-risk-looms-bitcoin-bond-launch", "image_url": "https://crypto.snapi.dev/images/v1/q/4/bitcoin-el-salvador-flag-concrete-gid-1-136305.jpeg", "title": "El Salvador Debt Risk Looms as Bitcoin Bond Has Yet to Launch", "text": "El Salvador must repay $800 million in debt by January. If its \u201cBitcoin Bond\u201d is further delayed, it could have trouble paying.", "source_name": "Decrypt", "date": "Tue, 03 May 2022 16:57:47 -0400", "topics": [], "sentiment": "Negative", "type": "Article", "tickers": ["BTC"]}, {"news_url": "https://www.cryptopolitan.com/ethereum-whales-stint-shib-not-impressive/", "image_url": "https://crypto.snapi.dev/images/v1/o/m/photo1651592105-136294.jpeg", "title": "Ethereum whales' stint with SHIB not so impressive; balances below $1B", "text": "The stint of Ethereum whales and SHIB is not as impressive as many could expect. The best meme coin of 2021 is still losing value in 2022, which is correlative to the ongoing dip.", "source_name": "Cryptopolitan", "date": "Tue, 03 May 2022 16:26:03 -0400", "topics": ["whales"], "sentiment": "Neutral", "type": "Article", "tickers": ["ETH", "SHIB"]}, {"news_url": "https://www.coindesk.com/business/2022/05/03/microstrategy-reports-170m-impairment-charge-on-bitcoin-holdings-in-q1/", "image_url": "https://crypto.snapi.dev/images/v1/x/z/2eeshngct5esbacyd5tzzmux54-136295.jpg", "title": "MicroStrategy Reports $170M Impairment Charge on Bitcoin Holdings in Q1", "text": "The software firm owns 129,218 bitcoins valued at just under $5 billion.", "source_name": "Coindesk", "date": "Tue, 03 May 2022 16:19:00 -0400", "topics": [], "sentiment": "Negative", "type": "Article", "tickers": ["BTC"]}, {"news_url": "https://www.theblockcrypto.com/linked/144930/microstrategy-says-it-may-explore-more-yield-generation-opportunities-following-bitcoin-backed-loan-deal", "image_url": "https://crypto.snapi.dev/images/v1/q/9/840-ahr0chm6ly9zmy5jb2ludgvszwdyyxbolmnvbs91cgxvywrzlziwmjitmduvmzqzyjm0ogetythimi00mtc4lwe4ymetzjjkndi1ymjimdbmlmpwzw-135998-136292.jpg", "title": "MicroStrategy says it may explore more \u2018yield generation opportunities' following bitcoin-backed loan deal", "text": "MicroStrategy announced its first-quarter financial results for 2022 on Tuesday, reporting $119.3 million in revenues for the period. The post MicroStrategy says it may explore more \u2018yield generation opportunities' following bitcoin-backed loan deal appeared first on The Block.", "source_name": "The Block", "date": "Tue, 03 May 2022 16:18:16 -0400", "topics": [], "sentiment": "Positive", "type": "Article", "tickers": ["BTC"]}, {"news_url": "https://cryptobriefing.com/ethereum-fees-only-truly-acceptable-under-0-05-says-buterin/?utm_source=main_feed&utm_medium=rss", "image_url": "https://crypto.snapi.dev/images/v1/q/e/vitalik-buterin-headshot-business-insider-838x440-136291.png", "title": "Ethereum Fees Only \u201cTruly Acceptable\u201d Under $0.05, Says Buterin", "text": "Buterin disagreed that several popular Ethereum scaling solutions have really solved the problem of high network fees.", "source_name": "Crypto Briefing", "date": "Tue, 03 May 2022 16:12:38 -0400", "topics": [], "sentiment": "Neutral", "type": "Article", "tickers": ["ETH"]}, {"news_url": "https://www.forbes.com/sites/michaeldelcastillo/2022/05/03/nft-growing-pains-blue-chip-success-exposes-ethereum-weaknesses-and-market-strengths/", "image_url": "https://crypto.snapi.dev/images/v1/w/j/nft-growing-pains-blue-chip-success-exposes-ethereum-weaknesses-and-market-strengths-136289.jpg", "title": "NFT Growing Pains: \u2018Blue Chip' Success Exposes Ethereum Weaknesses And Market Strengths", "text": "The same day Yuga Labs raised $285 million selling 10,000 Bored Ape NFTs the broader market bottomed out at 90% below its all-time high.", "source_name": "Forbes", "date": "Tue, 03 May 2022 16:06:40 -0400", "topics": ["NFT"], "sentiment": "Neutral", "type": "Article", "tickers": ["ETH"]}, {"news_url": "https://ambcrypto.com/dont-give-up-traders-as-polkadots-developer-activity-is-among-the/", "image_url": "https://crypto.snapi.dev/images/v1/g/4/polkadot-dot-parachain-128063-129569-136285.jpg", "title": "DO[n]T give up traders as Polkadot's developer activity is among the\u2026", "text": "Polkadot [DOT] certainly provided more than its fair share of drama and news during the parachain slot auctions. However, as the excitement dies down and the market struggles to recover from multiple crashes and macro-level setbacks, how has the #14 biggest crypto by market cap been faring?", "source_name": "AMBCrypto", "date": "Tue, 03 May 2022 16:00:39 -0400", "topics": [], "sentiment": "Neutral", "type": "Article", "tickers": ["DOT"]}, {"news_url": "https://dailyhodl.com/2022/05/03/analyst-predicts-worst-case-scenario-for-bitcoin-btc-and-ethereum-eth-as-crypto-markets-correct/", "image_url": "https://crypto.snapi.dev/images/v1/0/m/worst-case-correctjpgw1024-136287.jpg", "title": "Analyst Predicts Worst-Case Scenario for Bitcoin (BTC) and Ethereum (ETH) As Crypto Markets Correct", "text": "Popular crypto analyst Nicholas Merten is outlining what he thinks is the \u201cworst-case scenario\u201d for Bitcoin (BTC) and Ethereum (ETH). Merten tells his 516,000 YouTube subscribers that the possibility of BTC dropping to $10,000 or even $20,000 is \u201ccompletely out of the question.\u201d The crypto analyst points to a chart displaying Bitcoin and Ethereum's combined [\u2026] The post Analyst Predicts Worst-Case Scenario for Bitcoin (BTC) and Ethereum (ETH) As Crypto Markets Correct appeared first on The Daily Hodl.", "source_name": "The Daily Hodl", "date": "Tue, 03 May 2022 16:00:10 -0400", "topics": [], "sentiment": "Negative", "type": "Article", "tickers": ["BTC", "ETH"]}, {"news_url": "https://invezz.com/news/2022/05/03/opensea-integration-with-solana-monkeyleague-interview/", "image_url": "https://crypto.snapi.dev/images/v1/b/3/monkey-league-136284.jpeg", "title": "What does OpenSea integration with Solana mean? Interview with MonkeyLeague", "text": "The NFT space has been moving at the speed of light recently, but to date almost all the big headlines and projects have been Ethereum-based. However, that may now be about to change. OpenSea has now integrated a number of Solana projects on its marketplace as part of a beta test, while several high-profile Solana [\u2026] The post What does OpenSea integration with Solana mean? Interview with MonkeyLeague appeared first on Invezz.", "source_name": "Invezz", "date": "Tue, 03 May 2022 15:53:43 -0400", "topics": [], "sentiment": "Neutral", "type": "Article", "tickers": ["SOL"]}, {"news_url": "https://www.newsbtc.com/analysis/btc/bitcoin-indicator-hits-historical-low-not-seen-since-2015/", "image_url": "https://crypto.snapi.dev/images/v1/d/r/istock-921350022-136280.jpg", "title": "Bitcoin Indicator Hits Historical Low Not Seen Since 2015", "text": "Bitcoin bulls continue to be demoralized, as the price per coin grinds continuously at lows for what feels like an infinite amount of time. However, a bottom could be forming, according to an indicator that has reached historical lows not seen since the 2015 bear market bottom.", "source_name": "NewsBTC", "date": "Tue, 03 May 2022 15:36:15 -0400", "topics": [], "sentiment": "Negative", "type": "Article", "tickers": ["BTC"]}, {"news_url": "https://www.youtube.com/watch?v=gTkUOQxeU4Y", "image_url": "https://crypto.snapi.dev/images/v1/c/l/crypto10-135481-136274.jpg", "title": "SEC boosts crypto unit, Ethereum gas fees soar, and Congress' stance on crypto: CNBC Crypto World", "text": "CNBC Crypto World features the latest news and daily trading updates from the digital currency markets and provides viewers with a look at what's ahead with high-profile interviews, explainers, and unique stories from the ever-changing crypto industry. On today's show, Brian Brooks, CEO of BitFury and former acting comptroller of the currency under President Trump, discusses where Congress stands on regulation of crypto in the U.S. 00:00 - CNBC Crypto World, May 3, 2022 0:27 - Crypto's flat trading day 0:44 - The headlines 2:40 - Brian Brooks of BitFury \u00bb Subscribe to CNBC TV: https://cnb.cx/SubscribeCNBCtelevision \u00bb Subscribe to CNBC: https://cnb.cx/SubscribeCNBC Turn to CNBC TV for the latest stock market news and analysis.", "source_name": "CNBC Television", "date": "Tue, 03 May 2022 15:10:38 -0400", "topics": ["regulations"], "sentiment": "Positive", "type": "Video", "tickers": ["ETH"]}, {"news_url": "https://www.newsbtc.com/news/bitcoin/bitcoin-taker-buy-sell-ratio-rebounds-hold-zone/", "image_url": "https://crypto.snapi.dev/images/v1/o/a/kanchanara-7e3qgnto66m-unsplash-scaled-136263.jpg", "title": "Bitcoin Taker Buy-Sell Ratio Rebounds Back Into \u201cHold\u201d Zone", "text": "On-chain data shows the Bitcoin taker buy-sell ratio has rebounded back into the \u201chold\u201d zone after touching the selling level. Bitcoin Taker Buy-Sell Ratio Observes Brief Uplift Recently As explained by an analyst in a CryptoQuant post, taker buy-sell ratio may have a hint about where BTC can head next.", "source_name": "NewsBTC", "date": "Tue, 03 May 2022 15:00:34 -0400", "topics": [], "sentiment": "Positive", "type": "Article", "tickers": ["BTC"]}, {"news_url": "https://bitcoinist.com/ethereum-supply-staking-contract-10-milestone/", "image_url": "https://crypto.snapi.dev/images/v1/c/u/shubham-dhage-pyt6zahfmx4-unsplash-1-640x360-136264.jpg", "title": "Ethereum Supply Locked In Staking Contract Passes 10% Milestone", "text": "Data shows Ethereum staking has passed another milestone as more than 10% of the total ETH supply is now locked within the contract. Around 12 Million ETH Is Now In The Ethereum 2.0 Deposit Contract As pointed out by an analyst in a CryptoQuant post, the ETH staking rate has observed further surge recently, taking [\u2026]", "source_name": "Bitcoinist", "date": "Tue, 03 May 2022 15:00:08 -0400", "topics": [], "sentiment": "Positive", "type": "Article", "tickers": ["ETH"]}, {"news_url": "https://www.youtube.com/watch?v=CAKxwMF5OpE", "image_url": "https://crypto.snapi.dev/images/v1/4/o/fuel-that-pushes-bitcoinjpgw1024-135830-136273.jpg", "title": "Warren Buffett and Charlie Munger Blast Bitcoin, but They Are Wrong", "text": "During Berkshire Hathaway's annual shareholder meeting, investment tycoons Warren Buffett and Charlie Munger shared some controversial opinions on bitcoin, with Munger describing the digital asset as \u201cstupid\u201d and \u201cevil.\u201d \u201cThe Hash\u201d group discusses Buffett's long-standing history of opposition towards BTC and why Ethereum might have more appeal to him.", "source_name": "Coindesk", "date": "Tue, 03 May 2022 15:00:03 -0400", "topics": [], "sentiment": "Neutral", "type": "Video", "tickers": ["BTC"]}, {"news_url": "https://dailyhodl.com/2022/05/03/this-fundamental-bitcoin-feature-will-bring-in-next-wave-of-investors-according-to-btc-bull-anthony-pompliano/", "image_url": "https://crypto.snapi.dev/images/v1/o/g/fundamental-bitcoin-feature-willjpgw1024-136249.jpg", "title": "This Fundamental Bitcoin Feature Will Bring In Next Wave of Investors, According to BTC Bull Anthony Pompliano", "text": "Crypto influencer Anthony Pompliano is unveiling a feature of Bitcoin (BTC) that he believes will drive the next wave of its adoption. In a new episode of the Best Business Show, Pompliano tells his 379,000 YouTube subscribers that the transparency of Bitcoin's on-chain data will attract more BTC investors and traders. \u201cOn-chain [data] is not [\u2026] The post This Fundamental Bitcoin Feature Will Bring In Next Wave of Investors, According to BTC Bull Anthony Pompliano appeared first on The Daily Hodl.", "source_name": "The Daily Hodl", "date": "Tue, 03 May 2022 14:45:20 -0400", "topics": [], "sentiment": "Positive", "type": "Article", "tickers": ["BTC"]}, {"news_url": "https://www.youtube.com/watch?v=ICbNJp5IIig", "image_url": "https://crypto.snapi.dev/images/v1/p/v/bitcoin-9-135018-135270-135741-136251.jpeg", "title": "Bitcoin Support At $30K-$32K, BTC Mining ESG Concerns in Focus", "text": "\"All About Bitcoin\" host Christine Lee speaks to Michele Schneider of Marketgauge Group for her insights on the market as bitcoin price headed lower. Plus, a conversation on bitcoin mining with Eng Taing of Touzi Capital.", "source_name": "Coindesk", "date": "Tue, 03 May 2022 14:44:51 -0400", "topics": ["mining"], "sentiment": "Negative", "type": "Video", "tickers": ["BTC"]}, {"news_url": "https://www.pymnts.com/blockchain/bitcoin/2022/news-of-bitcoin-atms-decline-greatly-exaggerated/", "image_url": "https://crypto.snapi.dev/images/v1/b/i/bitcoin-135894-136260.jpeg", "title": "News of Bitcoin ATMs Decline Greatly Exaggerated", "text": "If you read the crypto press, you'll find story after story this week about how the number of new bitcoin ATMs crashed this year, with just one-sixth as many installed in April as in December. The thing is, they haven't.", "source_name": "PYMNTS", "date": "Tue, 03 May 2022 14:31:08 -0400", "topics": [], "sentiment": "Negative", "type": "Article", "tickers": ["BTC"]}, {"news_url": "https://ambcrypto.com/amidst-ethereums-deflationary-shock-gas-fees-reach-startling-levels/", "image_url": "https://crypto.snapi.dev/images/v1/p/z/840-ahr0chm6ly9zmy5jb2ludgvszwdyyxbolmnvbs91cgxvywrzlziwmjitmdqvzjmwmdk3zgetzdzlmi00zjblltk0yjqtnzqyzmu3zdrkyzk4lmpwzw-135284-136247.jpg", "title": "Amidst Ethereum's deflationary shock, gas fees reach startling levels", "text": "The launch of NFT virtual land deeds for Yuga Labs' Otherside, based on the Bored Ape Yacht Club- remained the largest NFT drop to date. It yielded over $900 million in total sales volume as a roaring crowd of people showed interest.", "source_name": "AMBCrypto", "date": "Tue, 03 May 2022 14:30:22 -0400", "topics": [], "sentiment": "Neutral", "type": "Article", "tickers": ["ETH"]}, {"news_url": "https://www.theblockcrypto.com/linked/144914/riot-sells-half-of-bitcoin-mined-in-april-after-150-month-over-month-production-increase", "image_url": "https://crypto.snapi.dev/images/v1/l/b/kanchanara-2yiwvjx8iws-unsplash-135909-136015-136245.jpg", "title": "Riot sells half of bitcoin mined in April after 150% month-over-month production increase", "text": "Riot mined 508 bitcoin in April and sold about half of that amount for $10 million. The post Riot sells half of bitcoin mined in April after 150% month-over-month production increase appeared first on The Block.", "source_name": "The Block", "date": "Tue, 03 May 2022 14:23:50 -0400", "topics": [], "sentiment": "Neutral", "type": "Article", "tickers": ["BTC"]}, {"news_url": "https://cryptoticker.io/en/ethereum-price-is-risky-what-happens-next-should-not-shock-you/", "image_url": "https://crypto.snapi.dev/images/v1/o/v/adobestock-484831569-editorial-min-135724-136244.jpg", "title": "Ethereum Price is RISKY! What happens next should NOT shock you", "text": "Is Ethereum up? In this Ethereum price prediction article, we analyze the potential move of Ethereum and assess where might prices reach.", "source_name": "CryptoTicker", "date": "Tue, 03 May 2022 14:15:07 -0400", "topics": [], "sentiment": "Negative", "type": "Article", "tickers": ["ETH"]}, {"news_url": "https://www.newsbtc.com/news/bitcoin/bitcoin-gives-bullish-clues-will-the-fed-meeting-get-in-the-way/", "image_url": "https://crypto.snapi.dev/images/v1/t/7/bitcoin-9-136241.jpeg", "title": "Bitcoin Gives Bullish Clues, Will The FED Meeting Get In The Way?", "text": "Bitcoin is still stuck in the $38,000 area with sideways movement during the past week. The first crypto by market cap has displayed resilience as traditional finances take a bearish turn.", "source_name": "NewsBTC", "date": "Tue, 03 May 2022 14:00:28 -0400", "topics": [], "sentiment": "Positive", "type": "Article", "tickers": ["BTC"]}, {"news_url": "https://beincrypto.com/new-strike-product-targets-email-spammers-with-bitcoin-payments/", "image_url": "https://crypto.snapi.dev/images/v1/v/z/btc-55-136242.png", "title": "New Strike Product Targets Email Spammers With Bitcoin Payments", "text": "Strike CEO Jack Mallers claims that bitcoin solves one of the internet's \"biggest problems\" of spam by making it costly to send emails. The post New Strike Product Targets Email Spammers With Bitcoin Payments appeared first on BeInCrypto.", "source_name": "BeInCrypto", "date": "Tue, 03 May 2022 14:00:00 -0400", "topics": [], "sentiment": "Neutral", "type": "Article", "tickers": ["BTC"]}, {"news_url": "https://insidebitcoins.com/news/bitcoin-price-prediction-for-today-may-3-btc-may-head-below-38000-support", "image_url": "https://crypto.snapi.dev/images/v1/x/d/crypto8-136240.jpg", "title": "Bitcoin Price Prediction for Today, May 3: BTC May Head Below $38,000 Support", "text": "The Bitcoin price prediction indicates sideways movement as further upside has been rejected after touching the daily high at $38,643. BTC/USD Long-term Trend: Ranging (Daily [.", "source_name": "Inside Bitcoins", "date": "Tue, 03 May 2022 13:48:22 -0400", "topics": ["tanalysis"], "sentiment": "Negative", "type": "Article", "tickers": ["BTC"]}, {"news_url": "https://markets.businessinsider.com/news/currencies/bitcoin-price-outlook-long-term-bearish-crypto-technical-analysis-stockton-2022-5", "image_url": "https://crypto.snapi.dev/images/v1/x/u/62713e19facd1e0019fbad87formatjpeg-136220.jpg", "title": "Bitcoin's sustained breakdown below $40,000 indicates a bearish long-term trend and indicates risk of a 29% sell-off, Fairlead's Katie Stockton says", "text": "Bitcoin has \"room for further downside in the months ahead,\" Fairlead Strategies' Katie Stockton said.", "source_name": "Business Insider", "date": "Tue, 03 May 2022 13:32:00 -0400", "topics": [], "sentiment": "Negative", "type": "Article", "tickers": ["BTC"]}, {"news_url": "https://cointelegraph.com/news/3-reasons-why-bitcoin-price-is-clinging-to-38-000", "image_url": "https://crypto.snapi.dev/images/v1/9/i/840-ahr0chm6ly9zmy5jb2ludgvszwdyyxbolmnvbs91cgxvywrzlziwmjitmduvzji4y2jimgutmmezos00mdm4ltg1ndctzdk1nje1nmi0nty0lmpwzwc-136238.jpeg", "title": "3 reasons why Bitcoin price is clinging to $38,000", "text": "BTC is in a lengthy downtrend but three key price metrics explain why traders are confident that the $38,000 level will hold.", "source_name": "Cointelegraph", "date": "Tue, 03 May 2022 13:30:00 -0400", "topics": [], "sentiment": "Neutral", "type": "Article", "tickers": ["BTC"]}, {"news_url": "https://tokenpost.com/Bitcoin-and-crypto-donations-will-no-longer-be-accepted-by-Wikipedia-9601", "image_url": "https://crypto.snapi.dev/images/v1/i/o/20220503892d7d93e3168d2cc-136246.jpg", "title": "Bitcoin and crypto donations will no longer be accepted by Wikipedia", "text": "Using crypto, such as Bitcoin (BTC) and Ethereum (ETH), for donations has been gaining in popularity lately. For instance, people from all over the world have been sending crypto donations to Ukraine to help in its fight against Russias invasion.", "source_name": "Tokenpost", "date": "Tue, 03 May 2022 13:26:35 -0400", "topics": [], "sentiment": "Negative", "type": "Article", "tickers": ["BTC"]}, {"news_url": "https://decrypt.co/resources/metamask", "image_url": "https://crypto.snapi.dev/images/v1/a/0/1e5b7a20-9341-4230-b8f5-5b401809e1af-gid-6-pid-3-136235.png", "title": "What is MetaMask? How to Use the Top Ethereum Wallet", "text": "MetaMask is a cryptocurrency wallet that enables users to access the Web 3 ecosystem of decentralized applications (dapps).", "source_name": "Decrypt", "date": "Tue, 03 May 2022 13:05:56 -0400", "topics": [], "sentiment": "Neutral", "type": "Article", "tickers": ["ETH"]}, {"news_url": "https://bitcoinmagazine.com/business/100000-cubans-are-using-bitcoin-in-response-to-us-sanctions", "image_url": "https://crypto.snapi.dev/images/v1/f/q/cuba-136233.png", "title": "100,000 Cubans Are Using Bitcoin In Response To U.S. Sanctions", "text": "A report from NBC News states over 100,000 Cubans are using bitcoin and other cryptocurrencies to escape harsh conditions created by international sanctions.", "source_name": "Bitcoin Magazine", "date": "Tue, 03 May 2022 13:01:39 -0400", "topics": [], "sentiment": "Neutral", "type": "Article", "tickers": ["BTC"]}, {"news_url": "https://beincrypto.com/bitcoin-btc-on-chain-analysis-mayer-multiple-consolidates/", "image_url": "https://crypto.snapi.dev/images/v1/n/w/bic-on-chain-btc-bearjpgoptimal-136234.jpg", "title": "Bitcoin (BTC) on-Chain Analysis \u2013 Mayer Multiple Consolidates in Oversold Region", "text": "Be[In]Crypto takes a look at the Mayer Multiple (MM) and its components in order to determine if the long-term bias for Bitcoin (BTC) is bullish or bearish.\u00a0 The post Bitcoin (BTC) on-Chain Analysis \u2013 Mayer Multiple Consolidates in Oversold Region appeared first on BeInCrypto.", "source_name": "BeInCrypto", "date": "Tue, 03 May 2022 13:00:00 -0400", "topics": [], "sentiment": "Positive", "type": "Article", "tickers": ["BTC"]}, {"news_url": "https://crypto.news/two-argentine-banks-support-bitcoin-altcoins/", "image_url": "https://crypto.snapi.dev/images/v1/d/l/argentina-and-bitcoin-136232.jpg", "title": "Two Leading Argentine Banks Add Support for Bitcoin and Altcoins", "text": "Argentina's Banco Galicia and Brubank SAU have added support for bitcoin (BTC), ether (ETH), and USD Coin (USDC), enabling customers to purchase the digital assets with the Argentine peso right from their bank accounts, according to a Bloomberg report on\u2026", "source_name": "Crypto news", "date": "Tue, 03 May 2022 13:00:00 -0400", "topics": [], "sentiment": "Positive", "type": "Article", "tickers": ["BTC"]}, {"news_url": "https://investorplace.com/2022/05/solana-price-predictions-can-the-sol-crypto-recover-after-network-outages/", "image_url": "https://crypto.snapi.dev/images/v1/e/b/crypto7-136224.jpg", "title": "Solana Price Predictions: Can the SOL Crypto Recover After Network Outages?", "text": "Solana (SOL) price predictions are on the minds of investors lately as the crypto comments on an outage it experienced over the weekend.", "source_name": "Investorplace", "date": "Tue, 03 May 2022 12:38:43 -0400", "topics": [], "sentiment": "Positive", "type": "Article", "tickers": ["SOL"]}, {"news_url": "https://cointelegraph.com/news/is-bitcoin-price-optimism-fading-after-the-crypto-market-s-rocky-april", "image_url": "https://crypto.snapi.dev/images/v1/l/h/840-ahr0chm6ly9zmy5jb2ludgvszwdyyxbolmnvbs91cgxvywrzlziwmjitmduvzmm1zjqzmzutntgwni00mdg4lwizntetztfiytflyzqznza1lmpwzw-136218.jpg", "title": "Is Bitcoin price optimism fading after the crypto market's rocky April?", "text": "Approximately $3.8 million has been created or returned to the BTC network by whale addresses since the Russian-Ukrainian war began.", "source_name": "Cointelegraph", "date": "Tue, 03 May 2022 12:34:00 -0400", "topics": [], "sentiment": "Negative", "type": "Article", "tickers": ["BTC"]}, {"news_url": "https://www.dcforecasts.com/bitcoin-news/btc-community-debunks-proof-of-work-fud-in-a-letter-to-epa/", "image_url": "https://crypto.snapi.dev/images/v1/y/m/33378320138-620e66e3fd-b-136182.jpg", "title": "BTC Community Debunks Proof-of-Work FUD In A Letter To EPA", "text": "The BTC community debunks proof-of-work FUD in a letter sent to the EPA -Environmental Protection Agency in order to educate and clear up any confusion about Bitcoin's power consumption so let's have a closer look at today's latest BTC news. The BTC community debunks the FUD and argued that the PoW environmental impact is overstated [\u2026]", "source_name": "DCForecasts", "date": "Tue, 03 May 2022 12:18:45 -0400", "topics": [], "sentiment": "Neutral", "type": "Article", "tickers": ["BTC"]}, {"news_url": "https://cryptopotato.com/eth-price-analysis-ethereum-fights-at-2-8k-but-are-bears-preparing-another-assault/", "image_url": "https://crypto.snapi.dev/images/v1/5/5/eth-daily-3rd-may-136181.png", "title": "ETH Price Analysis:\u00a0Ethereum Fights at $2.8K but Are Bears Preparing Another Assault?", "text": "Ethereum bulls are trying to keep the uptrend at a critical stage. For a solid reversal, they must try to hold the dynamic support and break above the descending resistance line.", "source_name": "CryptoPotato", "date": "Tue, 03 May 2022 12:18:39 -0400", "topics": ["tanalysis"], "sentiment": "Negative", "type": "Article", "tickers": ["ETH"]}, {"news_url": "https://cryptopotato.com/paul-tudor-jones-on-the-biggest-thing-holding-bitcoin-back/", "image_url": "https://crypto.snapi.dev/images/v1/w/e/paultudorjones-136193.jpg", "title": "Paul Tudor Jones on the Biggest Thing Holding Bitcoin Back", "text": "The billionaire sees a \u201cbright future\u201d for Bitcoin, but one with inevitable roadblocks from central banks.\u00a0", "source_name": "CryptoPotato", "date": "Tue, 03 May 2022 12:10:49 -0400", "topics": [], "sentiment": "Neutral", "type": "Article", "tickers": ["BTC"]}, {"news_url": "https://www.dcforecasts.com/altcoin-news/luna-remains-the-only-green-crypto-in-top-10-as-btc-struggles/", "image_url": "https://crypto.snapi.dev/images/v1/f/a/btcusd-source-tradingview-2-136170.png", "title": "LUNA Remains The Only Green Crypto In Top 10 As BTC Struggles", "text": "LUNA remains the only green crypto in the top 10 as BTC struggles and remains stuck below $39,000 as we can see more today in our latest altcoin news. Terra and Avalanche are the two bigger-cap altcoins that made substantial gains.", "source_name": "DCForecasts", "date": "Tue, 03 May 2022 12:02:32 -0400", "topics": [], "sentiment": "Neutral", "type": "Article", "tickers": ["BTC", "LUNA"]}, {"news_url": "https://www.pymnts.com/cryptocurrency/2022/another-blockchain-overwhelmed-by-nft-transactions-as-solana-crashes-outright/", "image_url": "https://crypto.snapi.dev/images/v1/s/o/solana-blockchain-457x274-136209.jpg", "title": "Another Blockchain Overwhelmed by NFT Transactions as Solana Crashes Outright", "text": "When it comes to processing transactions on a blockchain, scalability isn't everything. That's the biggest takeaway from the crash that knocked the Solana blockchain offline for seven hours.", "source_name": "PYMNTS", "date": "Tue, 03 May 2022 12:01:31 -0400", "topics": ["NFT"], "sentiment": "Negative", "type": "Article", "tickers": ["SOL"]}, {"news_url": "https://cryptodaily.co.uk/2022/05/btc-usd-weakness-dominated-by-short-term-technicals-sally-ho-technical-analysis-4-may-2022-btc-bitcoin", "image_url": "https://crypto.snapi.dev/images/v1/u/x/sally-hos-technical-analysis-3-may-2022-136169.jpg", "title": "BTC/USD Weakness Dominated by Short-Term Technicals: Sally Ho's Technical Analysis 4 May 2022 BTC", "text": "Bitcoin (BTC/USD) encountered negative technical sentiment early in the Asian session as the pair was dominated by selling pressure related to recent relative highs including the 40817.16, 40400, and 43019.47 areas.\u00a0 Stops were elected below the 38081.06 area during the pullback, representing the 61.8% retracement of the recent appreciating range from 37401 to 39181.27.", "source_name": "Crypto Daily", "date": "Tue, 03 May 2022 12:00:00 -0400", "topics": ["tanalysis"], "sentiment": "Negative", "type": "Article", "tickers": ["BTC"]}, {"news_url": "https://coinmarketcap.com/alexandria/article/podcast-can-bitcoin-recover-after-plunging-by-17-3-in-april", "image_url": "https://crypto.snapi.dev/images/v1/m/q/2b95f0ca7e8544c2bf7a84fb93c0b078-136167.png", "title": "Podcast: Can Bitcoin Recover After Plunging By 17.3% in April?", "text": "Bitcoiners will be hoping to avoid a repeat of May 2021, when the world's biggest cryptocurrency fell by 35% in a single month.", "source_name": "CoinMarketCap", "date": "Tue, 03 May 2022 11:52:26 -0400", "topics": ["podcast"], "sentiment": "Negative", "type": "Article", "tickers": ["BTC"]}, {"news_url": "https://finbold.com/ethereum-users-suffer-over-10000-failed-transactions-costing-4-million-in-fees-on-otherside-mint/?SNAPI", "image_url": "https://crypto.snapi.dev/images/v1/a/f/ethereum-eth-629x420-135432-136164.jpg", "title": "Ethereum users suffer over 10,000 failed transactions costing $4 million in fees on \u2018Otherside' mint", "text": "On April 30, Yuga Labs, the creators of Bored Ape Yacht Club (BAYC), launched their much anticipated \u201cOtherside\u201d metaverse land.", "source_name": "Finbold", "date": "Tue, 03 May 2022 11:48:31 -0400", "topics": [], "sentiment": "Negative", "type": "Article", "tickers": ["ETH"]}, {"news_url": "https://coinmarketcap.com/alexandria/article/historical-data-suggests-where-bitcoin-s-price-could-head-in-may", "image_url": "https://crypto.snapi.dev/images/v1/q/n/669004381b2e4d898bf1f1a0080b4f10-136158.jpg", "title": "Historical Data Suggests Where Bitcoin's Price Could Head in May", "text": "Since 2013, Bitcoin has ended up in positive territory five times in May \u2014 while suffering losses in the remaining four.", "source_name": "CoinMarketCap", "date": "Tue, 03 May 2022 11:42:59 -0400", "topics": [], "sentiment": "Neutral", "type": "Article", "tickers": ["BTC"]}, {"news_url": "https://bitcoinmagazine.com/business/goldman-sachs-partners-with-coinbase-for-banks-first-bitcoin-backed-loan", "image_url": "https://crypto.snapi.dev/images/v1/c/o/coinbase-136207.jpg", "title": "Goldman Sachs Partners With Coinbase For Bank's First Bitcoin-Backed Loan", "text": "Bloomberg reported that Coinbase will borrow an undisclosed amount of cash that will be collateralized by bitcoin in a historic transaction from Goldman Sachs.", "source_name": "Bitcoin Magazine", "date": "Tue, 03 May 2022 11:31:36 -0400", "topics": [], "sentiment": "Positive", "type": "Article", "tickers": ["BTC"]}, {"news_url": "https://cryptoverze.com/argentinas-largest-private-bank-banco-galicia-to-offer-bitcoin-ethereum-trading/", "image_url": "https://crypto.snapi.dev/images/v1/k/3/crypto20-136145.jpg", "title": "Argentina's Largest Private Bank \u2013 Banco Galicia- to Offer Bitcoin, Ethereum Trading", "text": "Four different cryptocurrencies are now made available in Argentina's largest private bank, Buenos Aires-based Banco Galicia's customers \u2014Bitcoin, Ethereum, USD Coin, and XRP. \u201cBanco Galicia launches a new and innovative service for its customers customers, offering the purchase, sale and custody of cryptocurrencies in a simple, secure and one-stop place,\u201d the bank said. Banco Galicia's...", "source_name": "Cryptoverze", "date": "Tue, 03 May 2022 11:14:32 -0400", "topics": [], "sentiment": "Positive", "type": "Article", "tickers": ["BTC", "ETH"]}, {"news_url": "https://www.cryptopolitan.com/bitcoin-price-analysis-2022-05-03/", "image_url": "https://crypto.snapi.dev/images/v1/v/0/bitcoin-price-analysis-2022-05-03-136144.png", "title": "Bitcoin price analysis: BTC continues consolidation around $38,500, ready to drop again?\u00a0", "text": "Bitcoin price analysis is bearish today as we have seen another strong lower high set and consolidation formed since then. Therefore, BTC/USD is ready to drop again and look to break past the $37,500 support.", "source_name": "Cryptopolitan", "date": "Tue, 03 May 2022 11:10:23 -0400", "topics": ["tanalysis"], "sentiment": "Neutral", "type": "Article", "tickers": ["BTC"]}, {"news_url": "https://cryptopotato.com/3-ways-to-mitigate-future-network-outages-solanas-team-reports/", "image_url": "https://crypto.snapi.dev/images/v1/r/t/solana-energy-136140.jpg", "title": "3 Ways to Mitigate Future Network Outages, Solana's Team Reports", "text": "After the 7-hour outage, Solana devs have now come up with three mitigations to\u00a0address the stability and resilience of the network.", "source_name": "CryptoPotato", "date": "Tue, 03 May 2022 11:02:21 -0400", "topics": [], "sentiment": "Neutral", "type": "Article", "tickers": ["SOL"]}, {"news_url": "https://cryptodaily.co.uk/2022/05/yggsea-announces-ido-followng-solnana-ventures-partnership", "image_url": "https://crypto.snapi.dev/images/v1/e/d/yggsea-ido-announcement-copper-136137.png", "title": "Gaming Platform YGG Sea Announces 75M SEA IDO Sale Following Solana Ventures Partnership", "text": "Within the crypto space, the gaming industry has found a niche that is now expanding to mainstream investors as well. This has given rise to blockchain gaming which, after gaining the attention of Venture Capitalists, is now stretching itself out to cater to the more crypto-centric audience.", "source_name": "Crypto Daily", "date": "Tue, 03 May 2022 10:53:43 -0400", "topics": ["IDO"], "sentiment": "Neutral", "type": "Article", "tickers": ["SOL"]}, {"news_url": "https://bitcoinmagazine.com/business/mode-relaunches-bitcoin-cashback-with-higher-payouts", "image_url": "https://crypto.snapi.dev/images/v1/d/o/donationgrant-136198.jpg", "title": "UK Fintech App Mode Relaunches Bitcoin Cashback Program With Higher Payouts", "text": "Mode has relaunched an affiliate program allowing users to earn up to 12% cashback in bitcoin on eligible online purchases.", "source_name": "Bitcoin Magazine", "date": "Tue, 03 May 2022 10:42:27 -0400", "topics": [], "sentiment": "Positive", "type": "Article", "tickers": ["BTC"]}, {"news_url": "https://u.today/craig-wright-sues-top-crypto-exchanges-for-promoting-fake-bitcoin?SNAPI", "image_url": "https://crypto.snapi.dev/images/v1/a/l/14525-136135.jpg", "title": "Craig Wright Sues Top Crypto Exchanges for Promoting \"Fake\" Bitcoin", "text": "Craig Wright wants exchanges to stop misleading users by offering them \"fake\" Bitcoin", "source_name": "UToday", "date": "Tue, 03 May 2022 10:41:00 -0400", "topics": [], "sentiment": "Negative", "type": "Article", "tickers": ["BTC"]}, {"news_url": "https://dailyhodl.com/2022/05/03/bitcoin-btc-can-still-ignite-parabolic-rally-to-100000-this-year-according-to-top-crypto-analyst-heres-how/", "image_url": "https://crypto.snapi.dev/images/v1/8/n/bitcoin-could-ignitejpgw1024-136129.jpg", "title": "Bitcoin (BTC) Can Still Ignite Parabolic Rally to $100,000 This Year, According to Top Crypto Analyst \u2013 Here's How", "text": "A closely followed crypto trader is predicting a parabolic rally for Bitcoin this year despite BTC's lack of bullish momentum as of late. In a new strategy session, Credible tells his 328,700 Twitter followers that a lot of Bitcoin traders are expecting BTC to continue correcting and sweep the range low at $28,000. \u201cThe expectations [\u2026] The post Bitcoin (BTC) Can Still Ignite Parabolic Rally to $100,000 This Year, According to Top Crypto Analyst \u2013 Here's How appeared first on The Daily Hodl.", "source_name": "The Daily Hodl", "date": "Tue, 03 May 2022 10:30:02 -0400", "topics": [], "sentiment": "Positive", "type": "Article", "tickers": ["BTC"]}, {"news_url": "https://cryptonews.com/news/surprisingly-robust-bitcoin-slips-lower-as-market-awaits-next-fed-move.htm", "image_url": "https://crypto.snapi.dev/images/v1/x/l/9fbecddbef-136128.jpeg", "title": "\u2018Surprisingly Robust' Bitcoin Slips Lower as Market Awaits Next Fed Move", "text": "The price of bitcoin (BTC) fluctuated on Tuesday, as market participants took a wait-and-see approach ahead of an expected interest rate announcement by the US Federal Reserve (Fed) on Wednesday. Meanwhile, analysts said bitcoin appears resilient in the face of a negative outlook for risk assets.", "source_name": "Cryptonews", "date": "Tue, 03 May 2022 10:27:00 -0400", "topics": [], "sentiment": "Negative", "type": "Article", "tickers": ["BTC"]}, {"news_url": "https://u.today/ethereum-faces-18-supply-reduction-following-bored-apes-otherside-mint?SNAPI", "image_url": "https://crypto.snapi.dev/images/v1/e/z/14527-136126.jpg", "title": "Ethereum Faces 18% Supply Reduction Following Bored Apes' \"Otherside\" Mint", "text": "Ethereum also faced its lowest deflationary day ever as ETH daily net issuance fell to -58,660", "source_name": "UToday", "date": "Tue, 03 May 2022 10:27:00 -0400", "topics": [], "sentiment": "Negative", "type": "Article", "tickers": ["ETH"]}, {"news_url": "https://cointelegraph.com/news/bitcoin-nervously-awaits-fed-as-paul-tudor-jones-says-clearly-don-t-own-stocks-bonds", "image_url": "https://crypto.snapi.dev/images/v1/v/e/840-ahr0chm6ly9zmy5jb2ludgvszwdyyxbolmnvbs91cgxvywrzlziwmjitmduvzgy0otviytgtmtc3os00mwqxlwe3n2mtytdkmzhhnwe0otlilmpwzw-136123.jpg", "title": "Bitcoin nervously awaits Fed as Paul Tudor Jones says 'clearly don't own' stocks, bonds", "text": "\"You can't think of a worse macro environment\" than right now, Tudor Jones tells mainstream media ahead of the Fed's presumed rate hike confirmation.", "source_name": "Cointelegraph", "date": "Tue, 03 May 2022 10:17:32 -0400", "topics": [], "sentiment": "Neutral", "type": "Article", "tickers": ["BTC"]}, {"news_url": "https://www.theblockcrypto.com/linked/144769/bitcoin-mining-revenues-fell-in-april-while-ethereums-rose", "image_url": "https://crypto.snapi.dev/images/v1/s/f/20210210-cash-crypto-bitcoin-800x450-136119.jpg", "title": "Bitcoin mining revenues fell in April while Ethereum's rose", "text": "Bitcoin mining revenues dropped in April by 4.3%, while Ethereum revenues went up by 6.2%. The post Bitcoin mining revenues fell in April while Ethereum's rose appeared first on The Block.", "source_name": "The Block", "date": "Tue, 03 May 2022 10:04:07 -0400", "topics": ["mining"], "sentiment": "Negative", "type": "Article", "tickers": ["BTC", "ETH"]}, {"news_url": "https://www.cryptopolitan.com/ethereum-price-analysis-2022-05-03/", "image_url": "https://crypto.snapi.dev/images/v1/v/k/ethereum-price-analysis-2022-05-03-136112.png", "title": "Ethereum price analysis: ETH returns to $2,850, rejects further upside again", "text": "Ethereum price analysis is bearish today as we have seen another push higher above the $2,850 mark being met with rejection. Therefore, ETH/USD is likely ready to pivot and continue lower later this week.", "source_name": "Cryptopolitan", "date": "Tue, 03 May 2022 09:43:05 -0400", "topics": ["tanalysis"], "sentiment": "Positive", "type": "Article", "tickers": ["ETH"]}, {"news_url": "https://u.today/paul-tudor-jones-bets-on-bitcoin-v-stocks-and-bonds-due-to-massive-new-rate-hike?SNAPI", "image_url": "https://crypto.snapi.dev/images/v1/c/v/14524-136113.jpg", "title": "Paul Tudor Jones Bets on Bitcoin v. Stocks and Bonds Due to Massive New Rate Hike", "text": "Paul Tudor Jones says a lot of intellectual capital is flowing into crypto and that bonds and stocks are the least reliable assets now", "source_name": "UToday", "date": "Tue, 03 May 2022 09:43:00 -0400", "topics": [], "sentiment": "Positive", "type": "Article", "tickers": ["BTC"]}, {"news_url": "https://insidebitcoins.com/news/ethereum-whales-now-hold-12-of-ethers-supply", "image_url": "https://crypto.snapi.dev/images/v1/k/j/ethereum-136111.png", "title": "Ethereum whales now hold 12% of Ether's supply", "text": "Ethereum whales are exhibiting a pattern of consistent accumulation over the past two weeks. This is a trend reversal going by the past few months, [.", "source_name": "Inside Bitcoins", "date": "Tue, 03 May 2022 09:41:52 -0400", "topics": ["whales"], "sentiment": "Neutral", "type": "Article", "tickers": ["ETH"]}, {"news_url": "https://news.bitcoin.com/bitcoin-ethereum-technical-analysis-btc-below-40000-prior-to-wednesdays-fed-meeting/", "image_url": "https://crypto.snapi.dev/images/v1/x/y/shutterstock-598139642-136108.jpg", "title": "Bitcoin, Ethereum Technical Analysis: BTC Below $40,000 Prior to Wednesday's Fed Meeting", "text": "BTC continued to trade below $40,000 prior to Wednesday's FOMC meeting, as crypto markets anticipated a potential rate hike. ETH was also trading close to its long-term support level, with many hoping for an end to current bearish sentiment, after tomorrow's announcement. Bitcoin BTC was trading below $40,000 on Tuesday, as the world's largest cryptocurrency [\u2026]", "source_name": "Bitcoin", "date": "Tue, 03 May 2022 09:36:31 -0400", "topics": ["tanalysis"], "sentiment": "Neutral", "type": "Article", "tickers": ["BTC", "ETH"]}, {"news_url": "https://cryptodaily.co.uk/2022/05/zondax-builds-ledger-applicatons-for-polkadot-parachains", "image_url": "https://crypto.snapi.dev/images/v1/w/s/unnamed-147-136103.png", "title": "Zondax Builds Ledger Applicatons For Polkadot Parachains\u00a0", "text": "The Web3 Foundation continues to push the boundaries of crypto and blockchain accessibility. A new partnership with Zondax will bring native Ledger applications to all Polkadot parachain auction winners.", "source_name": "Crypto Daily", "date": "Tue, 03 May 2022 09:30:00 -0400", "topics": [], "sentiment": "Neutral", "type": "Article", "tickers": ["DOT"]}, {"news_url": "https://www.coindesk.com/business/2022/05/03/first-mover-americas-bitcoin-skew-shows-put-bias-intact-focus-on-rsi/", "image_url": "https://crypto.snapi.dev/images/v1/u/6/ecvq2hx7q5dydhdvqhkkvauglm-136106.jpg", "title": "First Mover Americas: Bitcoin Skew Shows Put Bias Intact; Focus on RSI", "text": "The latest moves in crypto markets in context for May 3, 2022.", "source_name": "Coindesk", "date": "Tue, 03 May 2022 09:26:00 -0400", "topics": [], "sentiment": "Neutral", "type": "Article", "tickers": ["BTC"]}, {"news_url": "https://www.cryptopolitan.com/bitcoin-ethereum-bitcoin-cash-and-cosmos-atom-daily-price-analyses-3-may-morning-price-prediction/", "image_url": "https://crypto.snapi.dev/images/v1/r/o/roundup-8-136188.png", "title": "Bitcoin, Ethereum, Bitcoin Cash, and Cosmos ATOM Daily Price Analyses \u2013 3 May Morning Price Prediction", "text": "The growth of the global crypto market continues at a\u00a0 slow pace as different coins, including Bitcoin, continue to gain value. The recent change has been the addition of a small value, but it is considerably different from bearishness.", "source_name": "Cryptopolitan", "date": "Tue, 03 May 2022 09:20:43 -0400", "topics": [], "sentiment": "Positive", "type": "Article", "tickers": ["ATOM", "BCH", "BTC", "ETH"]}, {"news_url": "https://crypto-economy.com/bitcoin-fails-to-break-39k-what-is-the-state-of-the-crypto-market/", "image_url": "https://crypto.snapi.dev/images/v1/h/o/trading-6531134-1280-e1651576486634-136458.jpg", "title": "Bitcoin Fails to Break $39K; What Is the State of the Crypto Market?", "text": "Bitcoin (BTC) has been grappling to stand its ground in recent weeks, trading flat at around $38K. The flagship token did manage to witness...", "source_name": "Crypto Economy", "date": "Tue, 03 May 2022 09:19:10 -0400", "topics": [], "sentiment": "Negative", "type": "Article", "tickers": ["BTC"]}, {"news_url": "https://bitcoinist.com/the-actual-text-from-the-car-bitcoin-law/", "image_url": "https://crypto.snapi.dev/images/v1/a/k/tingey-injury-law-firm-ycdpu73kgsc-unsplash-604x420-136097.jpg", "title": "Let's Analyze The Actual Text From The Central African Republic's Bitcoin Law", "text": "As it turns out, it's a Bitcoin Law after all. The full text from the Central African Republic's law that makes bitcoin legal tender is finally out, clearing all kinds of doubts and questions the world had.", "source_name": "Bitcoinist", "date": "Tue, 03 May 2022 09:07:44 -0400", "topics": [], "sentiment": "Neutral", "type": "Article", "tickers": ["BTC"]}, {"news_url": "https://news.bitcoin.com/ethereum-name-service-domains-surpass-1-million-registered-names/", "image_url": "https://crypto.snapi.dev/images/v1/e/n/ens-136166.jpg", "title": "Ethereum Name Service Domains Surpass 1 Million Registered Names", "text": "Ethereum Name Service, or ENS, surpassed a million created names this week, according to statistics from the crypto metrics dashboard Dune Analytics. Data shows that there's been a significant spike in ENS names registered during the last 30 days, and 24-hour statistics indicate ENS has been a top burner in terms of protocols burning the [\u2026]", "source_name": "Bitcoin", "date": "Tue, 03 May 2022 09:00:33 -0400", "topics": [], "sentiment": "Positive", "type": "Article", "tickers": ["ETH"]}, {"news_url": "https://www.youtube.com/watch?v=fcKHhDyJVwc", "image_url": "https://crypto.snapi.dev/images/v1/e/e/why-warren-buffet-is-wrong-about-bitcoin-136096.jpg", "title": "Why Warren Buffet is Wrong About Bitcoin", "text": "Osprey Funds Founder and CEO Greg King shares his crypto markets analysis, plus his reaction to the recent remarks from Warren Buffett and Charlie Munger as Buffett claims that he would not buy all the bitcoins in the world for $25 dollars. Plus, a conversation about Solana's price after the network went dark for seven hours due to NFT mining bots.", "source_name": "Coindesk", "date": "Tue, 03 May 2022 09:00:30 -0400", "topics": [], "sentiment": "Neutral", "type": "Video", "tickers": ["BTC"]}, {"news_url": "https://coinmarketcap.com/alexandria/article/provably-false-crypto-execs-challenge-politicians-claims-about-bitcoin-mining", "image_url": "https://crypto.snapi.dev/images/v1/x/s/cc3084cf3d274ab29b38edf22e3fdeb1-136092.jpg", "title": "'Provably False': Crypto Execs Challenge Politicians' Claims about Bitcoin Mining", "text": "The letter rejects claims that a single Bitcoin transaction could power the average U.S. household for a month \u2014 and insists it uses as much energy as a tweet or a Google search.", "source_name": "CoinMarketCap", "date": "Tue, 03 May 2022 08:58:22 -0400", "topics": ["mining"], "sentiment": "Neutral", "type": "Article", "tickers": ["BTC"]}, {"news_url": "https://bitcoinist.com/web3-foundation-and-zondax-bring-ledger-apps-to-polkadot-parachains/", "image_url": "https://crypto.snapi.dev/images/v1/k/2/picture14-136091.png", "title": "Web3 Foundation And Zondax Bring Ledger Apps To Polkadot Parachains", "text": "Zondax and the Web3 Foundation will bring more native Ledger apps to the Polkadot ecosystem. All winners of Polkadot parachain auction slots will receive a customary Ledger application to expand their appeal and convenience.", "source_name": "Bitcoinist", "date": "Tue, 03 May 2022 08:58:09 -0400", "topics": [], "sentiment": "Neutral", "type": "Article", "tickers": ["DOT"]}, {"news_url": "https://u.today/traders-moved-16-billion-in-btc-from-exchanges-in-last-24-hours?SNAPI", "image_url": "https://crypto.snapi.dev/images/v1/x/w/14520-136085.jpg", "title": "Traders Moved $1.6 Billion in BTC from Exchanges in Last 24 Hours", "text": "Massive amount of BTC being moved away from exchanges despite the crypto market showing negative performance", "source_name": "UToday", "date": "Tue, 03 May 2022 08:44:00 -0400", "topics": [], "sentiment": "Neutral", "type": "Article", "tickers": ["BTC"]}, {"news_url": "https://www.newsbtc.com/news/xrp-price-bounces-back/", "image_url": "https://crypto.snapi.dev/images/v1/b/j/xrp-136077.jpg", "title": "XRP Price Bounces Back, Up 6% In 24 Hours, After Suffering Major Hiccup", "text": "XRP price shoots 6% over the past 24 hours despite suffering a slump of 28% on April 16. The crypto was able to bounce back on May 1 and get stronger by the day with a surge of 12%.", "source_name": "NewsBTC", "date": "Tue, 03 May 2022 08:33:34 -0400", "topics": [], "sentiment": "Positive", "type": "Article", "tickers": ["XRP"]}, {"news_url": "https://cryptonews.com/news/3-cryptos-that-could-10x-overnight-polkadot-dot-seesaw-protocol-ssw-and-cronos-cro.htm", "image_url": "https://crypto.snapi.dev/images/v1/6/z/unnamed-1-136078.jpeg", "title": "3 Cryptos That Could 10x Overnight - Polkadot (DOT), Seesaw Protocol (SSW), and Cronos (CRO)", "text": "Disclaimer: The text below is an advertorial article that was not written by Cryptonews.com journalists.", "source_name": "Cryptonews", "date": "Tue, 03 May 2022 08:31:00 -0400", "topics": [], "sentiment": "Neutral", "type": "Article", "tickers": ["CRO", "DOT", "SSW"]}, {"news_url": "https://cryptonews.com/news/bitcoin-and-ethereum-consolidate-algos-rally-on-pause.htm", "image_url": "https://crypto.snapi.dev/images/v1/o/p/5-cryptocurrency-to-buy-for-price-boom-this-weekend-125182-133516-136064.jpg", "title": "Bitcoin and Ethereum Consolidate, ALGO's Rally on Pause", "text": "Bitcoin price remained in a range above the USD 38,000 level. BTC is currently (11:57 UTC) trading near USD 38,500 and facing a couple of key hurdles near USD 39,000 and USD 39,200. BTC is unchanged in a day and down 5% in a week. If there is no upside break, the price could dive below USD 38,000.", "source_name": "Cryptonews", "date": "Tue, 03 May 2022 08:12:00 -0400", "topics": [], "sentiment": "Positive", "type": "Article", "tickers": ["ALGO", "BTC", "ETH"]}, {"news_url": "https://crypto.news/cloud-mining-estate-investor-hustle-140000-bitcoin-monthly/", "image_url": "https://crypto.snapi.dev/images/v1/l/8/crypto-mining-136079.jpg", "title": "Cloud Mining || This Real Estate Investor's Side Hustle Generates More than $140,000 in Bitcoin Monthly", "text": "Eng Taing is a crypto enthusiast who is in the business of making money.\u00a0 Taing says he is an extensive investor, but makes most of his income from cloud mining.", "source_name": "Crypto news", "date": "Tue, 03 May 2022 08:00:00 -0400", "topics": ["mining"], "sentiment": "Neutral", "type": "Article", "tickers": ["BTC"]}, {"news_url": "https://cryptonews.com/news/major-bitcoin-crypto-companies-warn-of-extreme-risk-in-proof-of-stake-systems.htm", "image_url": "https://crypto.snapi.dev/images/v1/f/i/adobestock-284208732-136058.jpg", "title": "Major Bitcoin & Crypto Companies Warn of 'Extreme' Risk in Proof-of-Stake Systems", "text": "The risk of corporate capture is extreme in proof-of-stake (PoS) systems as PoS transforms novel financial systems into pure plutocracies, dozens of US-based high-profile companies warned in a letter to the US Environmental Protection Agency.", "source_name": "Cryptonews", "date": "Tue, 03 May 2022 07:51:00 -0400", "topics": [], "sentiment": "Negative", "type": "Article", "tickers": ["BTC"]}, {"news_url": "https://invezz.com/news/2022/05/03/can-solana-get-back-up-to-speed-after-its-network-outage/", "image_url": "https://crypto.snapi.dev/images/v1/k/r/solana-007-136043.jpg", "title": "Can Solana get back up to speed after its network outage?", "text": "Solana SOL/USD is a public, open-source blockchain network that supports smart contracts, as well as non-fungible tokens (NFTs). The SOL token is the native cryptocurrency token used throughout the Solana ecosystem. The token can pass to nodes within the Solana cluster in exchange for the procedure of running on-chain programs or validating their output. Solana's [\u2026] The post Can Solana get back up to speed after its network outage? appeared first on Invezz.", "source_name": "Invezz", "date": "Tue, 03 May 2022 07:39:52 -0400", "topics": [], "sentiment": "Neutral", "type": "Article", "tickers": ["SOL"]}, {"news_url": "https://coinidol.com/ripple-reaches-oversold-region/", "image_url": "https://crypto.snapi.dev/images/v1/e/g/5f687b86cc45cdb915e1c84310fa1dc1-136046.jpg", "title": "Ripple Reaches Oversold Region as Altcoin Holds Above $0.56", "text": "The price of Ripple (XRP) is in a downtrend as the cryptocurrency fell to the low of $0.56 on April 30. The altcoin has fallen back into the oversold region of the market.", "source_name": "Coin Idol", "date": "Tue, 03 May 2022 07:30:00 -0400", "topics": [], "sentiment": "Positive", "type": "Article", "tickers": ["XRP"]}, {"news_url": "https://www.cryptopolitan.com/ripple-ceo-discusses-sec-case-impact/", "image_url": "https://crypto.snapi.dev/images/v1/o/d/black-and-white-surfer-quote-sport-facebook-post-1140-x-815-px-10-136039.png", "title": "Ripple CEO discusses SEC case, says it could end in 2022", "text": "Ripple CEO Brad Garlinghouse recently said that the lawsuit was going well with the U.S Securities and Exchange Commission (SEC). He also noted that the company was operating as if it had already lost since 95% of its businesses are based outside of the U.S.\u00a0 The case, which is poised to set the industry's agenda.", "source_name": "Cryptopolitan", "date": "Tue, 03 May 2022 07:27:12 -0400", "topics": ["regulations"], "sentiment": "Neutral", "type": "Article", "tickers": ["XRP"]}, {"news_url": "https://en.cryptonomist.ch/2022/05/03/modelo-launches-cashback-system-bitcoin/", "image_url": "https://crypto.snapi.dev/images/v1/p/7/modelo-bitcoin-cashback-300x200-136075.jpg", "title": "Modelo launches a cashback system in Bitcoin", "text": "Modelo beer innovates with a BTC cashback scheme", "source_name": "The Cryptonomist", "date": "Tue, 03 May 2022 07:23:24 -0400", "topics": [], "sentiment": "Positive", "type": "Article", "tickers": ["BTC"]}, {"news_url": "https://cointelegraph.com/news/solana-developers-share-3-key-mitigation-steps-to-make-the-network-robust", "image_url": "https://crypto.snapi.dev/images/v1/6/4/840-ahr0chm6ly9zmy5jb2ludgvszwdyyxbolmnvbs91cgxvywrzlziwmjitmduvyzq0mmvhnjqty2zimc00zmjiltg5mwytndnhmwuymdgxy2uwlmpwzw-136036.jpg", "title": "Solana developers share 3 key mitigation steps to make the network robust", "text": "Developers have suggested changing Solana's current data transfer protocol UDP to QUIC, stake-weighted transaction processing and a fee-based transaction priority.", "source_name": "Cointelegraph", "date": "Tue, 03 May 2022 07:11:41 -0400", "topics": [], "sentiment": "Positive", "type": "Article", "tickers": ["SOL"]}, {"news_url": "https://coinpedia.org/bitcoin/bitcoin-bear-market-to-continue-btc-price-may-dive-to-this-level-in-the-worst-case-scenario/", "image_url": "https://crypto.snapi.dev/images/v1/o/h/bitcoin-9-135018-135270-135741-136033.jpeg", "title": "Bitcoin Bear Market To Continue! BTC Price May Dive To This Level In The Worst Case Scenario", "text": "One trader predicts that Bitcoin's (BTC) \u201cbear market\u201d will continue, despite hopes that a U.S. currency reversal may shortly enhance BTC price action. Michael van de Poppe, suggested in his last YouTube post on May 2 that the USD's current rally will not endure long. Bitcoin remains under pressure as stocks and cryptocurrencies alike confront \u2026", "source_name": "CoinPedia", "date": "Tue, 03 May 2022 07:05:00 -0400", "topics": [], "sentiment": "Negative", "type": "Article", "tickers": ["BTC"]}, {"news_url": "https://www.dcforecasts.com/ethereum-news/eth-core-developers-delay-hard-fork-to-focus-on-pos-merge/", "image_url": "https://crypto.snapi.dev/images/v1/2/3/23320293410-e84929d0fc-b-136052.jpg", "title": "ETH Core Developers Delay Hard Fork To Focus On PoS Merge", "text": "The ETH core developers delay the hard fork in order to focus on the PoS merge but if left unaddressed, the difficulty bomb will slow down the network there's still time to handle it later so let's read more today in our latest ethereum news. While discussing whether to deal with the hard fork right [\u2026]", "source_name": "DCForecasts", "date": "Tue, 03 May 2022 07:02:37 -0400", "topics": ["upgrade"], "sentiment": "Neutral", "type": "Article", "tickers": ["ETH"]}, {"news_url": "https://news.bitcoin.com/bitcoin-of-america-launches-new-website-and-blog/", "image_url": "https://crypto.snapi.dev/images/v1/u/0/photo-2022-04-25-21-20-13-136032.jpg", "title": "Bitcoin of America Launches New Website and Blog", "text": "PRESS RELEASE. Bitcoin of America has officially launched a newly redesigned website and blog. The popular operator has created an all-new modern design that features their services. Bitcoin of America is a popular virtual currency exchange, registered as a money services business with the United States Department of Treasury (FinCEN)(RegNum). Apart from ensuring a fast [\u2026]", "source_name": "Bitcoin", "date": "Tue, 03 May 2022 07:00:28 -0400", "topics": [], "sentiment": "Positive", "type": "Article", "tickers": ["BTC"]}, {"news_url": "https://www.cryptopolitan.com/polkadot-price-analysis-2022-05-03/", "image_url": "https://crypto.snapi.dev/images/v1/c/g/doti-768x391-1-136019.jpg", "title": "Polkadot price analysis: DOT/USD prices dip to lows of $15.07 after a major price jump", "text": "TL;DR Breakdown Polkadot price analysis shows a bearish market trend DOT prices have dipped to the $15 level, down by 2.54 percent Support for Polkadot is seen at the $14.06 level Polkadot price analysis today shows a negative market sentiment whereby DOT prices have been forced down to lows of $15. This follows a significant.", "source_name": "Cryptopolitan", "date": "Tue, 03 May 2022 06:26:13 -0400", "topics": ["tanalysis"], "sentiment": "Negative", "type": "Article", "tickers": ["DOT"]}, {"news_url": "https://investorplace.com/2022/05/bitcoin-will-trade-at-40k-for-some-time-to-come/", "image_url": "https://crypto.snapi.dev/images/v1/s/0/kanchanara-2yiwvjx8iws-unsplash-135909-136015.jpg", "title": "Bitcoin Will Trade at $40k for Some Time to Come", "text": "There's a lot of news to dicsuss regarding Bitcoin. But none of it has much potential to pull it above its current, critical level.", "source_name": "Investorplace", "date": "Tue, 03 May 2022 06:15:11 -0400", "topics": [], "sentiment": "Neutral", "type": "Article", "tickers": ["BTC"]}, {"news_url": "https://u.today/ripple-records-8x-yoy-growth-in-odl-volume-per-quarterly-reports?SNAPI", "image_url": "https://crypto.snapi.dev/images/v1/f/c/14510-136012.jpg", "title": "Ripple Records 8x YoY Growth in ODL Volume per Quarterly Reports", "text": "Ripple releases quarterly report demonstrating growth in ODL sales", "source_name": "UToday", "date": "Tue, 03 May 2022 06:13:00 -0400", "topics": [], "sentiment": "Neutral", "type": "Article", "tickers": ["XRP"]}, {"news_url": "https://coingape.com/?p=111271", "image_url": "https://crypto.snapi.dev/images/v1/m/r/4tmampj1-us-judge-denies-request-to-add-xrp-holders-as-intervenors-in-secs-lawsuit-against-ripple-136011.webp", "title": "Ripple Price Prediction: XRP Price Consolidates Near $0.60; Hold Or Exit?", "text": "XRP price continues to make consolidative moves warning investors to wait for further confirmation. The price is near an inflection point that has the potential for massive gain for sidelined buyers.", "source_name": "Coingape", "date": "Tue, 03 May 2022 06:10:18 -0400", "topics": [], "sentiment": "Neutral", "type": "Article", "tickers": ["XRP"]}, {"news_url": "https://blockchain.news/analysis/bitcoin-profit-taking-skyrockets-will-40k-to-be-reclaimed", "image_url": "https://crypto.snapi.dev/images/v1/h/1/cf4f3394b441587a3b8edbfb1d40571c2ea20bb877ca940a19ae6f2e6660089a-136003.jpg", "title": "Bitcoin's Profit-Taking Skyrockets, Will $40K to Be Reclaimed?", "text": "Profit-taking tendencies in the Bitcoin market contributed to price dropping below the psychological price of $40,000.", "source_name": "Blockchain News", "date": "Tue, 03 May 2022 06:00:11 -0400", "topics": [], "sentiment": "Negative", "type": "Article", "tickers": ["BTC"]}, {"news_url": "https://www.investingcube.com/ripple-price-prediction-why-the-current-rise-may-be-a-trend-reversal/", "image_url": "https://crypto.snapi.dev/images/v1/h/6/xrp-5-136001.jpg", "title": "Ripple Price Prediction: Why the Current Rise may be a Trend Reversal", "text": "Ripple price is up by a percentage point, marking a third consecutive session the prices are bullish. IT also looks poised to close higher.", "source_name": "InvestingCube", "date": "Tue, 03 May 2022 05:40:57 -0400", "topics": [], "sentiment": "Neutral", "type": "Article", "tickers": ["XRP"]}], "total_pages": 44}