{"data": [{"news_url": "https://ambcrypto.com/will-ethereums-eth-16-spike-set-it-up-for-a-rally-to-2500/", "image_url": "https://crypto.snapi.dev/images/v1/x/k/cryptocurrency-gd23cce6fa-1280-147009.jpg", "title": "Will Ethereum's [ETH] 16% spike set it up for a rally to $2,500", "text": "The road to recovery is not always an easy path, and recovery amidst a volatile cryptocurrency market is not easy, especially when the cryptocurrency is Ethereum, the king of altcoins. But as it turns out to be, a very good recovery might as well be on the charts for the altcoin given its current momentum, [\u2026]", "source_name": "AMBCrypto", "date": "Tue, 31 May 2022 03:30:17 -0400", "topics": [], "sentiment": "Positive", "type": "Article", "tickers": ["ETH"]}, {"news_url": "https://www.altcoinbuzz.io/cryptocurrency-news/product-release/iagon-ethereum-cardano-token-bridge-launches/", "image_url": "https://crypto.snapi.dev/images/v1/a/l/altcoins1-146726-147068.jpg", "title": "Iagon Ethereum-Cardano Token Bridge Launches", "text": "A new token bridge between the Ethereum and Cardano networks is now live. Iagon aims to increase the flow of crypto assets between the two competing ecosystems.", "source_name": "Altcoin Buzz", "date": "Tue, 31 May 2022 03:15:03 -0400", "topics": [], "sentiment": "Positive", "type": "Article", "tickers": ["ADA", "ETH"]}, {"news_url": "https://tokenpost.com/Bitcoin-could-go-as-high-as-250K-driven-by-womens-retail-spending-says-Tim-Draper-9628", "image_url": "https://crypto.snapi.dev/images/v1/o/n/202205312a71c8e20f54cfbb2-147023.jpg", "title": "Bitcoin could go as high as $250K driven by women's retail spending, says Tim Draper", "text": "For Bitcoin bulls, theres nowhere to go but up. Indeed, a new price prediction says that BTC could rise all the way to $250,000 in the next crypto market rally.", "source_name": "Tokenpost", "date": "Tue, 31 May 2022 03:13:31 -0400", "topics": [], "sentiment": "Neutral", "type": "Article", "tickers": ["BTC"]}, {"news_url": "https://cryptoslate.com/ethereums-merge-could-help-save-defi-tvl-bloomberg-reports/", "image_url": "https://crypto.snapi.dev/images/v1/p/u/ethereum-merge-tvl-147005.jpg", "title": "Ethereum's merge could help save DeFi TVL, Bloomberg reports", "text": "DeFi investors are hoping that Ethereum's Merge will pull the crypto market out of its current bear market, according to a Bloomberg report. The post Ethereum's merge could help save DeFi TVL, Bloomberg reports appeared first on CryptoSlate.", "source_name": "CryptoSlate", "date": "Tue, 31 May 2022 03:11:17 -0400", "topics": [], "sentiment": "Positive", "type": "Article", "tickers": ["ETH"]}, {"news_url": "https://dailyhodl.com/2022/05/31/3910000000-bitcoin-whale-enters-massive-btc-accumulation-mode-amid-crypto-bounce/", "image_url": "https://crypto.snapi.dev/images/v1/e/3/enters-massive-btc-accumulationjpgw1024-147004.jpg", "title": "$3,910,000,000 Bitcoin Whale Enters Massive BTC Accumulation Mode Amid Crypto Bounce", "text": "The world's richest non-exchange Bitcoin (BTC) whale is adding more of the flagship crypto asset as the market rebounds. The wallet has added 806 BTC over the past seven days as the price of Bitcoin now hovers above $31,000. The wallet holds the largest number of Bitcoin after Binance and Bitfinex crypto exchanges. Per data [\u2026] The post $3,910,000,000 Bitcoin Whale Enters Massive BTC Accumulation Mode Amid Crypto Bounce appeared first on The Daily Hodl.", "source_name": "The Daily Hodl", "date": "Tue, 31 May 2022 03:04:47 -0400", "topics": ["whales"], "sentiment": "Neutral", "type": "Article", "tickers": ["BTC"]}, {"news_url": "https://www.coinbureau.com/news/tron-passes-avax-and-sol-in-tvl-claiming-3rd-spot-after-40-increase/", "image_url": "https://crypto.snapi.dev/images/v1/w/w/tron-tvl-147000.jpg", "title": "Tron Passes AVAX and SOL in TVL, Claiming 3rd Spot After 40% Increase", "text": "In a surprise to many in the crypto space, Tron has overtaken Avalanche and Solana, placing itself in the number 3 spot in Total Value Locked (TVL) after funds flood into the Tron ecosystem. Tron, which was created in 2018 and enjoyed time as a top ten crypto project has been relatively quiet in recent [\u2026] The post Tron Passes AVAX and SOL in TVL, Claiming 3rd Spot After 40% Increase appeared first on Coin Bureau.", "source_name": "Coinbureau", "date": "Tue, 31 May 2022 02:52:35 -0400", "topics": [], "sentiment": "Neutral", "type": "Article", "tickers": ["AVAX", "SOL", "TRX"]}, {"news_url": "https://www.coinbureau.com/news/all-eyes-on-bitcoin-as-60-billion-flows-into-crypto-in-24-hours/", "image_url": "https://crypto.snapi.dev/images/v1/i/m/bitcoin-investment-top-crypto-gid-5-146624-146853-146998.jpg", "title": "All Eyes on Bitcoin as $60 Billion Flows into Crypto in 24 Hours", "text": "After a record-breaking 9 straight weeks of negative BTC price action, investors have shown confidence in the sub 30K support level as $60 billion dollars flowed into the crypto markets in just 24 hours. Bitcoin is nearing the 31K level, rising just under 5% in 24 hours as Bitcoin bulls piled in over the past [\u2026] The post All Eyes on Bitcoin as $60 Billion Flows into Crypto in 24 Hours appeared first on Coin Bureau.", "source_name": "Coinbureau", "date": "Tue, 31 May 2022 02:49:48 -0400", "topics": [], "sentiment": "Positive", "type": "Article", "tickers": ["BTC"]}, {"news_url": "https://coinpedia.org/bitcoin/bitcoin-stands-strong-above-31200-is-35000-the-next-target-for-btc-price/", "image_url": "https://crypto.snapi.dev/images/v1/j/f/bitcoin-dominance-146907-146994.jpeg", "title": "Bitcoin Stands Strong Above $31,200, Is $35,000 the Next Target for BTC Price?", "text": "Bitcoin price over the past couple of days appears to have inculcated a significant bullish momentum as the prices were not rejected at $30,000 or even at $31,000. Currently, the asset is strongly sustaining above $31,500 which displays the asset being self-assured of the upcoming rally that may elevate the BTC price close to secure \u2026", "source_name": "CoinPedia", "date": "Tue, 31 May 2022 02:31:00 -0400", "topics": [], "sentiment": "Positive", "type": "Article", "tickers": ["BTC"]}, {"news_url": "https://www.cryptopolitan.com/solana-price-analysis-2022-05-31/", "image_url": "https://crypto.snapi.dev/images/v1/8/p/solana-price-analysis-4-146988.png", "title": "Solana price analysis: SOL returns to $47, eyes $50 resistance next", "text": "TL;DR Breakdown Solana price analysis suggests an upwards movement to $50 SOL faces resistance at the $48 mark The closest support level lies at $44 The Solana price analysis shows that SOL has initiated a bullish recovery as the price recovered past the $45.00 mark edging close to the $50.00 key level. However, the $48.00.", "source_name": "Cryptopolitan", "date": "Tue, 31 May 2022 01:51:39 -0400", "topics": ["tanalysis"], "sentiment": "Positive", "type": "Article", "tickers": ["SOL"]}, {"news_url": "https://cryptonews.com/news/defi-saver-popular-ethereum-defi-management-app-expands-arbitrum-optimism.htm", "image_url": "https://crypto.snapi.dev/images/v1/d/w/defi-146989.jpg", "title": "DeFi Saver, a popular Ethereum DeFi management app, expands to Arbitrum and Optimism", "text": "Disclaimer: The text below is a press release that was not written by Cryptonews.com.", "source_name": "Cryptonews", "date": "Tue, 31 May 2022 01:50:00 -0400", "topics": [], "sentiment": "Positive", "type": "Article", "tickers": ["ETH"]}, {"news_url": "https://cryptonews.com/news/the-long-term-potential-of-crypto-with-solana-sol-decentraland-mana-and-firepin-token-frpn.htm", "image_url": "https://crypto.snapi.dev/images/v1/u/r/joshua-mayo-hasoyurgpmy-unsplash-1140x815-105896-113928-146983.jpeg", "title": "The Long-Term Potential Of Crypto With Solana (SOL), Decentraland (MANA) And FIREPIN Token (FRPN)", "text": "Disclaimer: The text below is an advertorial article that was not written by Cryptonews.com journalists.", "source_name": "Cryptonews", "date": "Tue, 31 May 2022 01:19:00 -0400", "topics": [], "sentiment": "Neutral", "type": "Article", "tickers": ["FRPN", "MANA", "SOL"]}, {"news_url": "https://coingape.com/?p=113813", "image_url": "https://crypto.snapi.dev/images/v1/c/x/bitcoin-mining-6-e1653307843986-146981.jpg", "title": "Strong Bitcoin Accumulation by HODLers Helps BTC Surge Past $31,500, Next Target \u2026.", "text": "Bitcoin has bounced back strongly in the last 48 hours gaining 8% on the weekly chart. Today, the BTC price is up by another 5% moving past $31,500.", "source_name": "Coingape", "date": "Tue, 31 May 2022 00:56:40 -0400", "topics": [], "sentiment": "Positive", "type": "Article", "tickers": ["BTC"]}, {"news_url": "https://www.newsbtc.com/analysis/eth/ethereum-retests-2k/", "image_url": "https://crypto.snapi.dev/images/v1/2/2/shutterstock-301508810-146979.jpg", "title": "TA: Ethereum Tests $2K, Why ETH Could Extend Rally", "text": "Ethereum gained pace above the $1,940 resistance zone against the US Dollar. ETH even spiked above $2,000 and might extend gains in the near term.", "source_name": "NewsBTC", "date": "Tue, 31 May 2022 00:48:01 -0400", "topics": ["tanalysis"], "sentiment": "Positive", "type": "Article", "tickers": ["ETH"]}, {"news_url": "https://cointelegraph.com/news/ropsten-ethereum-testnet-ready-for-merge-first-dress-rehearsal", "image_url": "https://crypto.snapi.dev/images/v1/x/m/840-ahr0chm6ly9zmy5jb2ludgvszwdyyxbolmnvbs91cgxvywrzlziwmjitmduvzda4yzixngetyte0zi00oti0lwfjy2etzdnlngzmmzq4mje2lmpwzw-146978.jpg", "title": "Ropsten Ethereum testnet ready for Merge \u2018first dress rehearsal'", "text": "The Merge on Ethereum is closer than ever as the Ropsten testnet is set to execute its own Merge to give developers a look at what to expect for the real thing.", "source_name": "Cointelegraph", "date": "Tue, 31 May 2022 00:33:12 -0400", "topics": [], "sentiment": "Neutral", "type": "Article", "tickers": ["ETH"]}, {"news_url": "https://www.proactiveinvestors.com.au/companies/news/983642/what-is-the-ethereum-merge-and-why-spacex-will-soon-accept-dogecoin-983642.html?SNAPI", "image_url": "https://crypto.snapi.dev/images/v1/f/x/shutterstock-1966499524-1024x576-1-140282-142134-146977.jpg", "title": "What is the Ethereum merge and why SpaceX will soon accept dogecoin", "text": "In this week's crypto, blockchain and NFT update, eToro\u00a0market analyst and crypto expert\u00a0Simon\u00a0Peters explains the Ethereum 'merge', VC firm A16z's\u00a0launch into\u00a0a major new fund focused on DeFi and Web3 projects and why\u00a0Elon Musks's SpaceX will accept dogecoin. Crypto assets continue to face\u00a0volatility Bitcoin kept its value steady around US$30,000 last week, despite some renewed volatility for the cryptoasset.", "source_name": "Proactive Investors", "date": "Tue, 31 May 2022 00:31:36 -0400", "topics": [], "sentiment": "Positive", "type": "Article", "tickers": ["DOGE", "ETH"]}, {"news_url": "https://ambcrypto.com/bitcoins-lightning-network-reaches-an-ath-as-btc-reclaims-the-30k-spot/", "image_url": "https://crypto.snapi.dev/images/v1/r/h/micah-tindell-adoev-qlas4-unsplash-146976.jpg", "title": "Is Bitcoin's [BTC] price recovery being supported by Lightning Network's growth", "text": "Bitcoin, the largest crypto recovered a respectable $60 billion in a day as the price reclaimed $30K. Indeed a relief after recording nine consecutive weeks of losses, extending its record-breaking losing streak.", "source_name": "AMBCrypto", "date": "Tue, 31 May 2022 00:30:05 -0400", "topics": [], "sentiment": "Positive", "type": "Article", "tickers": ["BTC"]}, {"news_url": "https://cryptonews.com/news/bitcoin-nears-usd-32k-ethereum-tests-usd-2k-ada-rallies-waves-doubles.htm", "image_url": "https://crypto.snapi.dev/images/v1/k/2/5-cheap-cryptocurrency-to-buy-for-short-term-profits-1-135999-138476-140650-144108-146975.jpg", "title": "Bitcoin Nears USD 32K, Ethereum Tests USD 2K, ADA Rallies, WAVES Doubles", "text": "Bitcoin price gained bullish momentum after a clear break above USD 30,500 and even cleared USD 32,000. It is currently (04:08 UTC) consolidating gains near USD 31,800 and is up almost 5% in a day and 9% in a week.", "source_name": "Cryptonews", "date": "Tue, 31 May 2022 00:26:00 -0400", "topics": [], "sentiment": "Positive", "type": "Article", "tickers": ["ADA", "BTC", "ETH", "WAVES"]}, {"news_url": "https://www.benzinga.com/markets/cryptocurrency/22/05/27466756/coinbase-institutional-clients-upped-bitcoin-exposure-by-296-in-15-months?SNAPI", "image_url": "https://crypto.snapi.dev/images/v1/s/h/shutterstock-1950877075-147059.jpg", "title": "Coinbase Institutional Clients Raised Bitcoin (BTC) Exposure By 296% In 15 Months", "text": "Data shows that institutions on Coinbase Global Inc (NASDAQ: COIN) increased their Bitcoin (CRYPTO: BTC) holdings significantly since the last quarter of 2020. What Happened: According to an analysis by crypto data firm CryptoQuant, institutions currently hold 1.4 million BTC on Coinbase \u2014 a 296% increase in 15 months.", "source_name": "Benzinga", "date": "Tue, 31 May 2022 00:20:15 -0400", "topics": ["institutions"], "sentiment": "Positive", "type": "Article", "tickers": ["BTC"]}, {"news_url": "https://coinpedia.org/price-prediction/xrp-ripple-price-prediction/", "image_url": "https://crypto.snapi.dev/images/v1/h/o/ripple-price-analysis-2022-05-21-143624-144686-146980.png", "title": "Ripple Price Prediction: Will XRP Price Catapult 3X This 2022?", "text": "Cryptocurrencies are gaining traction in prominence with each passing day. And the yearn to learn the forecasts of digital asset's has been soaring to greater heights. One crypto asset, which has been under due consideration of marketers, since the start of the year is XRP. This comes following the constructive developments in Ripple's lawsuit with \u2026", "source_name": "CoinPedia", "date": "Tue, 31 May 2022 00:08:00 -0400", "topics": [], "sentiment": "Neutral", "type": "Article", "tickers": ["XRP"]}, {"news_url": "https://www.newsbtc.com/news/polkadot-surged-over-4-what-are-the-technicals-indicating/", "image_url": "https://crypto.snapi.dev/images/v1/q/x/quantitatives-ddhb-fmlz2k-unsplash-146971.jpg", "title": "Polkadot Surged Over 4%, What Are The Technicals Indicating?", "text": "Polkadot recovered on its chart, over the last 24 hours the coin surged over 4%. Over the past week, the altcoin did not register much price movement.", "source_name": "NewsBTC", "date": "Tue, 31 May 2022 00:00:27 -0400", "topics": [], "sentiment": "Positive", "type": "Article", "tickers": ["DOT"]}, {"news_url": "https://crypto.news/what-happens-when-all-21-million-bitcoin-are-mined/", "image_url": "https://crypto.snapi.dev/images/v1/f/4/what-happens-when-all-21-million-bitcoin-are-mined-146972.jpg", "title": "What Happens When All 21 Million Bitcoin Are Mined?", "text": "One of Bitcoin's strongest features is its limited supply. The digital currency's design gives it a maximum total supply of 21 million coins.", "source_name": "Crypto news", "date": "Tue, 31 May 2022 00:00:00 -0400", "topics": [], "sentiment": "Neutral", "type": "Article", "tickers": ["BTC"]}, {"news_url": "https://ambcrypto.com/bitcoin-unravelling-the-breakout-potential-and-how-investors-can-capitalize-on-it/", "image_url": "https://crypto.snapi.dev/images/v1/l/s/untitled-design-1-2-146968.png", "title": "Bitcoin: Unraveling the breakout potential and how investors can capitalize on it", "text": "After the bears found a renewed selling pressure at the $47.5K level in late March, the last two months have been a constant strive to breach the chains of Bitcoin's [BTC] 20 EMA (red).\u00a0 While the near-term trajectory revealed a sideways market, BTC HODLers were visibly keen on defending the 16-month floor at $28.8K.", "source_name": "AMBCrypto", "date": "Mon, 30 May 2022 23:30:26 -0400", "topics": [], "sentiment": "Positive", "type": "Article", "tickers": ["BTC"]}, {"news_url": "https://www.newsbtc.com/analysis/btc/bitcoin-revisits-32k/", "image_url": "https://crypto.snapi.dev/images/v1/n/j/shutterstock-170515580-146967.jpg", "title": "TA: Bitcoin Revisits $32K, Why Dips Remain Attractive In Near-Term", "text": "Bitcoin started a fresh increase and surpassed $31,000 against the US Dollar. BTC could correct gains, but dips might remain well supported above $30,800.", "source_name": "NewsBTC", "date": "Mon, 30 May 2022 23:08:57 -0400", "topics": ["tanalysis"], "sentiment": "Neutral", "type": "Article", "tickers": ["BTC"]}, {"news_url": "https://www.crowdfundinsider.com/2022/05/191734-cboe-australia-offers-first-ethereum-etf/", "image_url": "https://crypto.snapi.dev/images/v1/v/y/10234-1-300x200-142919-143468-144881-145967-146965.jpg", "title": "Cboe Australia Offers First Ethereum ETF", "text": "Cboe Australia has announced the first Ethereum Exchange Traded Fund (ETF). Cboe Australia is a regulated stock exchange According to a statement by Cboe, the Cosmos Purpose Ethereum Access ETF (CPET) will soon be available to Australian investors.", "source_name": "CrowdFundInsider", "date": "Mon, 30 May 2022 22:27:07 -0400", "topics": [], "sentiment": "Neutral", "type": "Article", "tickers": ["ETH"]}, {"news_url": "https://www.benzinga.com/markets/cryptocurrency/22/05/27466534/bitcoin-ethereum-dogecoin-rally-has-the-crypto-market-finally-shed-its-bearishness?SNAPI", "image_url": "https://crypto.snapi.dev/images/v1/a/x/shutterstock-1461319934-146956.jpg", "title": "Bitcoin, Ethereum, Dogecoin Spike Alongside Stronger Stocks: Time For Crypto To Finally 'Play Catch-Up?'", "text": "Bitcoin\u00a0and\u00a0Ethereum\u00a0rallied sharply at press time on Monday evening as the global cryptocurrency market cap spiked 7.5% to $1.3 trillion. Price Performance Of Major Coins Coin 24-hour 7-day Price Bitcoin (CRYPTO: BTC) 7.8% 8.4% $31,653.45 Ethereum (CRYPTO: ETH) 10.3% 0.6% $1,993.84 Dogecoin (CRYPTO: DOGE) 6.5% 5.2% $0.09 Top 24-Hour Gainers (Data via CoinMarketCap) Cryptocurrency 24-Hour % Change (+/-) Price WAVES (WAVES) +75.6% $7.72 Axie Infinity (DCR) +47% $26.92 Helium (HNT) +27.9% \u200b\u200b$9.38 See Also: Best Crypto Debit Cards Why It Matters:\u00a0The apex coin traded over $31,000, while Ethereum, the second-largest coin by market cap, traded just below the psychologically important $2,000 level at press time.", "source_name": "Benzinga", "date": "Mon, 30 May 2022 21:48:20 -0400", "topics": [], "sentiment": "Positive", "type": "Article", "tickers": ["BTC", "DOGE", "ETH"]}, {"news_url": "https://www.newsbtc.com/news/bitcoin-touches-30000-is-the-coin-headed-towards-recovery/", "image_url": "https://crypto.snapi.dev/images/v1/w/l/kanchanara-8x1m8lytapu-unsplash-146953.jpg", "title": "Bitcoin Touches $30,000, Is The Coin Headed Towards Recovery?", "text": "Bitcoin traded at $30,000 during the time of writing. The coin has maintained its resistance at $28,000 as the bears came to rescue.", "source_name": "NewsBTC", "date": "Mon, 30 May 2022 21:00:17 -0400", "topics": [], "sentiment": "Positive", "type": "Article", "tickers": ["BTC"]}, {"news_url": "https://cryptoslate.com/crypto-markets-rally-as-bitcoin-climbs-back-over-31k/", "image_url": "https://crypto.snapi.dev/images/v1/q/u/btc-rally-146946.jpg", "title": "Crypto markets rally as Bitcoin climbs back over $31k", "text": "The crypto market saw a rare comeback on Monday, May 30, after nine straight red weeks for Bitcoin. The post Crypto markets rally as Bitcoin climbs back over $31k appeared first on CryptoSlate.", "source_name": "CryptoSlate", "date": "Mon, 30 May 2022 20:16:18 -0400", "topics": [], "sentiment": "Positive", "type": "Article", "tickers": ["BTC"]}, {"news_url": "https://bitcoinist.com/ethereum-transaction-fees-near-one-year-lows/", "image_url": "https://crypto.snapi.dev/images/v1/4/a/ethereum-fees-640x360-146938.jpeg", "title": "Ethereum Transaction Fees Near One-Year Lows, Good News For Price?", "text": "Ethereum still boasts one of the highest transaction volumes in the crypto space but recently, the blockchain has been seeing a decline in its transaction fees. The fees decline significantly which has been a welcome development for users of the network.", "source_name": "Bitcoinist", "date": "Mon, 30 May 2022 19:00:16 -0400", "topics": [], "sentiment": "Positive", "type": "Article", "tickers": ["ETH"]}, {"news_url": "https://dailyhodl.com/2022/05/30/trader-who-nailed-bitcoin-meltdown-unveils-fresh-warning-for-crypto-traders/", "image_url": "https://crypto.snapi.dev/images/v1/s/o/nailed-bitcoin-meltdown-jpgw1024-146932.jpg", "title": "Trader Who Nailed Bitcoin Meltdown Unveils Fresh Warning for Crypto Traders", "text": "A crypto analyst who called Bitcoin's meltdown below $30,000 is issuing a fresh warning to traders, and says today's market rally is likely a bull trap. The pseudonymous analyst known as Crypto Capo tells his 321,000 Twitter subscribers that he still expects sizable price drops for altcoins and BTC in the short term. pic.twitter.com/dV7lzFSUba \u2014 [\u2026] The post Trader Who Nailed Bitcoin Meltdown Unveils Fresh Warning for Crypto Traders appeared first on The Daily Hodl.", "source_name": "The Daily Hodl", "date": "Mon, 30 May 2022 18:05:37 -0400", "topics": [], "sentiment": "Negative", "type": "Article", "tickers": ["BTC"]}, {"news_url": "https://invezz.com/news/2022/05/30/bitcoin-btc-jumps-9-to-hit-32000-as-bulls-eye-sustained-upside/", "image_url": "https://crypto.snapi.dev/images/v1/m/a/bitcoin-bulls-740x416-146931.jpg", "title": "Bitcoin (BTC) jumps 9% to hit $32,000 as bulls eye sustained upside", "text": "Bitcoin (BTC) rose more than 9% late on Monday as bulls pushed higher following a nice breakout earlier in the day. The BTC price inched to intraday highs above $32,000 ( BTC/USD hit highs of $32,195.68 on Bitstamp) and with the current price at $31,600 (over 7.3% up in the past 24 hours), the flagship [\u2026] The post Bitcoin (BTC) jumps 9% to hit $32,000 as bulls eye sustained upside appeared first on Invezz.", "source_name": "Invezz", "date": "Mon, 30 May 2022 18:03:07 -0400", "topics": [], "sentiment": "Positive", "type": "Article", "tickers": ["BTC"]}, {"news_url": "https://cointelegraph.com/news/on-chain-data-shows-bitcoin-long-term-holders-continuing-to-soak-up-supply-around-30k", "image_url": "https://crypto.snapi.dev/images/v1/v/j/840-ahr0chm6ly9zmy5jb2ludgvszwdyyxbolmnvbs91cgxvywrzlziwmjitmduvnzg4odyxnjqtnzy2zs00nmnjltgznzqtmzuwnwywm2jjnzi4lmpwzw-146922.jpg", "title": "On-chain data shows Bitcoin long-term holders continuing to \u2018soak up supply' around $30K", "text": "Despite being underwater on a portion of BTC positions, data shows long-term holders continuing to accumulate Bitcoin in its current range.", "source_name": "Cointelegraph", "date": "Mon, 30 May 2022 17:30:00 -0400", "topics": [], "sentiment": "Positive", "type": "Article", "tickers": ["BTC"]}, {"news_url": "https://www.newsbtc.com/news/bitcoin/bitcoin-breaks-30k-but-could-price-entrap-late-longs/", "image_url": "https://crypto.snapi.dev/images/v1/g/g/bitcoin-dominance-146907.jpeg", "title": "Bitcoin Breaks $30K, But Could Price Entrap Late Longs?", "text": "Bitcoin has been trading in the green over the past 24 hours as traditional markets see an overall recovery. The number one crypto by market cap experienced an increase in selling pressure over the past month as macro-economic conditions favored a decline in risk-on assets.", "source_name": "NewsBTC", "date": "Mon, 30 May 2022 16:58:12 -0400", "topics": [], "sentiment": "Neutral", "type": "Article", "tickers": ["BTC"]}, {"news_url": "https://cointelegraph.com/news/argentines-turn-to-bitcoin-amid-inflation-worries-report", "image_url": "https://crypto.snapi.dev/images/v1/y/4/840-ahr0chm6ly9zmy5jb2ludgvszwdyyxbolmnvbs91cgxvywrzlziwmjitmduvmtnlmzq0odutyjcwzi00zgi3ltk3zgytnzflzdu1mze0n2zmlmpwzw-146905.jpg", "title": "Argentines turn to Bitcoin amid inflation worries: Report", "text": "In response to surging inflation, Argentina has become an increasingly crypto-friendly country in terms of adoption.", "source_name": "Cointelegraph", "date": "Mon, 30 May 2022 16:42:37 -0400", "topics": [], "sentiment": "Neutral", "type": "Article", "tickers": ["BTC"]}, {"news_url": "https://cointelegraph.com/news/ethereum-price-moves-toward-2-000-but-analysts-say-it-s-just-another-relief-rally", "image_url": "https://crypto.snapi.dev/images/v1/s/l/840-ahr0chm6ly9zmy5jb2ludgvszwdyyxbolmnvbs91cgxvywrzlziwmjitmduvntgxotiyzjitmjnhni00ngewlwflzwitywexmtk0njexotcxlmpwzw-146903.jpg", "title": "Ethereum price moves toward $2,000, but analysts say it's just another \u2018relief rally'", "text": "ETH price bounced off a major support level, and while $2,000 could be a short-term target, most analysts say it's just a \u201crelief rally.\u201d", "source_name": "Cointelegraph", "date": "Mon, 30 May 2022 16:30:00 -0400", "topics": [], "sentiment": "Positive", "type": "Article", "tickers": ["ETH"]}, {"news_url": "https://dailyhodl.com/2022/05/29/top-crypto-analytics-firm-issues-ethereum-eth-whale-alert/", "image_url": "https://crypto.snapi.dev/images/v1/u/y/whale-begins-accumulating2jpgw1024-146895.jpg", "title": "Top Crypto Analytics Firm Issues Ethereum (ETH) Whale Alert", "text": "A leading blockchain analytics firm says the largest Ethereum whales on record are currently showing very little interest in accumulating ETH at current prices. In a new video, Santiment says it's keeping an eye on addresses holding 10,000 to one million ETH and notes that the investor cohort largely remains on the sidelines, even though [\u2026] The post Top Crypto Analytics Firm Issues Ethereum (ETH) Whale Alert appeared first on The Daily Hodl.", "source_name": "The Daily Hodl", "date": "Mon, 30 May 2022 16:00:58 -0400", "topics": ["whales"], "sentiment": "Neutral", "type": "Article", "tickers": ["ETH"]}, {"news_url": "https://cryptonews.com/news/10-brazilian-business-giants-that-have-taken-the-bitcoin-crypto-plunge.htm", "image_url": "https://crypto.snapi.dev/images/v1/9/w/adobestock-wavebreakmediamicro-1-146896.jpeg", "title": "10 Brazilian Business Giants That Have Taken the Bitcoin, Crypto Plunge", "text": "Crypto adoption is on the march in Brazil \u2013 where the government has all but incentivized mining by waiving tax duty on mining rig imports.", "source_name": "Cryptonews", "date": "Mon, 30 May 2022 16:00:00 -0400", "topics": [], "sentiment": "Positive", "type": "Article", "tickers": ["BTC"]}, {"news_url": "https://cryptopotato.com/kazakhstan-made-1-5m-from-bitcoin-mining-fees-in-q1-2022/", "image_url": "https://crypto.snapi.dev/images/v1/p/f/kazakhstan-146886.jpg", "title": "Kazakhstan Made $1.5M From Bitcoin Mining Fees in Q1 2022", "text": "The central-Asian country's recent crackdown on miners has come at the cost of substantial energy fee revenue for the state.", "source_name": "CryptoPotato", "date": "Mon, 30 May 2022 15:32:49 -0400", "topics": ["mining"], "sentiment": "Positive", "type": "Article", "tickers": ["BTC"]}, {"news_url": "https://cointelegraph.com/news/price-analysis-5-30-btc-eth-bnb-xrp-ada-sol-doge-dot-avax-shib", "image_url": "https://crypto.snapi.dev/images/v1/p/g/840-ahr0chm6ly9zmy5jb2ludgvszwdyyxbolmnvbs91cgxvywrzlziwmjitmduvotbjztaymtmtmdrkny00mjlmlwjhmzmtnzi1zmiymdqwnwywlmpwzw-146887.jpg", "title": "Price analysis 5/30: BTC, ETH, BNB, XRP, ADA, SOL, DOGE, DOT, AVAX, SHIB", "text": "The elusive relief rally that BTC and ETH traders expected has arrived, but will the market sustain enough bullish momentum to catalyze a trend change?", "source_name": "Cointelegraph", "date": "Mon, 30 May 2022 15:30:00 -0400", "topics": ["tanalysis"], "sentiment": "Neutral", "type": "Article", "tickers": ["ADA", "AVAX", "BNB", "BTC", "DOGE", "DOT", "ETH", "SHIB", "SOL", "XRP"]}, {"news_url": "https://www.coindesk.com/business/2022/05/30/kava-onboards-sushi-with-14m-in-developer-incentive-funding/", "image_url": "https://crypto.snapi.dev/images/v1/d/e/pa-2-cover-1-134383-146882.jpg", "title": "The integration will allow Sushi users and developers to have seamless access to the entire $300 billion market value of Ethereum and Cosmos from a single network.", "text": "Kava brings on Sushi to its developer incentive program by allocating a total $14 million in funds that will take the form of Sushi and Kava daily rewards, split equally.", "source_name": "Coindesk", "date": "Mon, 30 May 2022 15:03:24 -0400", "topics": [], "sentiment": "Neutral", "type": "Article", "tickers": ["ATOM", "ETH", "SUSHI"]}, {"news_url": "https://www.newsbtc.com/news/bitcoin/bitcoin-on-chains-long-squeeze-futures-market/", "image_url": "https://crypto.snapi.dev/images/v1/c/9/dmitry-demidko-ebwzfkaheau-unsplash-scaled-146879.jpg", "title": "Bitcoin On-Chain Data Signals A Long Squeeze Brewing In Futures Market", "text": "On-chain data shows the Bitcoin open interest is sharply rising, a sign that a long squeeze may be brewing in the crypto futures market. Bitcoin Open Interest Has Observed Rise Recently, While Funding Rates Remain Positive As pointed out by an analyst in a CryptoQuant post, the futures market may be heading towards a long squeeze in the near future.", "source_name": "NewsBTC", "date": "Mon, 30 May 2022 15:00:15 -0400", "topics": ["futures"], "sentiment": "Neutral", "type": "Article", "tickers": ["BTC"]}, {"news_url": "https://ambcrypto.com/bitcoins-btc-pricing-model-has-this-to-say-about-its-short-term-prospects/", "image_url": "https://crypto.snapi.dev/images/v1/w/w/aleksi-raisa-dcct1cqt8os-unsplash-1-scaled-e1653908453554-146870.jpg", "title": "Bitcoin's [BTC] pricing model has this to say about its short-term prospects", "text": "Bitcoin [BTC] looked like it was headed for more downside last week, especially on 26 May when it threatened to dip below $28,000. Fast forward today and Bitcoin has bounced back to 30,600 at press time.", "source_name": "AMBCrypto", "date": "Mon, 30 May 2022 14:30:18 -0400", "topics": [], "sentiment": "Neutral", "type": "Article", "tickers": ["BTC"]}, {"news_url": "https://cointelegraph.com/news/ethereum-sell-off-fears-rise-as-crypto-hedge-fund-moves-60m-eth-to-an-exchange", "image_url": "https://crypto.snapi.dev/images/v1/p/l/840-ahr0chm6ly9zmy5jb2ludgvszwdyyxbolmnvbs91cgxvywrzlziwmjitmduvmwzkm2fmmmetzdfkyi00owexlwizmtctmgflmdbinwuyztrhlmpwzw-146871.jpg", "title": "Ethereum sell-off fears rise as crypto hedge fund moves $60M ETH to an exchange", "text": "Ether risks turning overbought on shorter timeframes, amounting to sell-offs also as it retests a critical resistance level.", "source_name": "Cointelegraph", "date": "Mon, 30 May 2022 14:27:22 -0400", "topics": ["institutions"], "sentiment": "Negative", "type": "Article", "tickers": ["ETH"]}, {"news_url": "https://cointelegraph.com/news/bitcoin-s-recent-gains-have-traders-calling-a-bottom-but-various-metrics-remain-bearish", "image_url": "https://crypto.snapi.dev/images/v1/z/k/840-ahr0chm6ly9zmy5jb2ludgvszwdyyxbolmnvbs91cgxvywrzlziwmjitmduvnmnjndbkm2itmdexni00yjhhlthjytmtowi0ogu5yjk5ytm5lmpwzw-146867.jpg", "title": "Bitcoin's recent gains have traders calling a bottom, but various metrics remain bearish", "text": "The total crypto market capitalization recovered roughly 5%, but a variety of trading metrics show investors are skeptical about the rally being a trend change.", "source_name": "Cointelegraph", "date": "Mon, 30 May 2022 14:15:00 -0400", "topics": [], "sentiment": "Negative", "type": "Article", "tickers": ["BTC"]}, {"news_url": "https://dailyhodl.com/2022/05/30/bot-known-for-outperforming-crypto-markets-reveals-portfolio-allocations-as-bitcoin-and-ethereum-rise/", "image_url": "https://crypto.snapi.dev/images/v1/a/j/bot-markets-revealsjpgw1024-146861.jpg", "title": "Bot Known for Outperforming Crypto Markets Reveals Portfolio Allocations As Bitcoin and Ethereum Rise", "text": "A bot with a reputation for profitability is revealing the latest results of a crypto portfolio survey taken on Real Vision Exchange. The Real Vision bot recently\u00a0shared a bar graph illustrating how investors are currently most interested in leading crypto assets Bitcoin\u00a0(BTC),\u00a0Ethereum (ETH) as well as stablecoin USD Coin\u00a0(USDC). \u201cLatest results of the RealVision Exchange [\u2026] The post Bot Known for Outperforming Crypto Markets Reveals Portfolio Allocations As Bitcoin and Ethereum Rise appeared first on The Daily Hodl.", "source_name": "The Daily Hodl", "date": "Mon, 30 May 2022 14:05:41 -0400", "topics": [], "sentiment": "Positive", "type": "Article", "tickers": ["BTC", "ETH", "ADA", "AVAX", "USDC"]}, {"news_url": "https://cryptoslate.com/bitcoin-dominance-up-20-in-2022-what-does-this-mean/", "image_url": "https://crypto.snapi.dev/images/v1/4/1/image-2022-05-30-204005085-146855.png", "title": "Bitcoin dominance up 20% in 2022 \u2013 what does this mean?", "text": "Bitcoin (BTC) dominance continues to break through local highs, reaching 46.5%, while Bitcoin closed its ninth weekly red candle in a row. The post Bitcoin dominance up 20% in 2022 \u2013 what does this mean?", "source_name": "CryptoSlate", "date": "Mon, 30 May 2022 14:01:22 -0400", "topics": [], "sentiment": "Positive", "type": "Article", "tickers": ["BTC"]}, {"news_url": "https://cryptobriefing.com/ropsten-beacon-chain-successfully-launched/?utm_source=feed&utm_medium=rss", "image_url": "https://crypto.snapi.dev/images/v1/e/t/ethereum-cover-838x440-146864.jpeg", "title": "Ropsten Beacon Chain Successfully Launched", "text": "One of Ethereum's testnets is getting ready to merge.", "source_name": "Crypto Briefing", "date": "Mon, 30 May 2022 13:56:26 -0400", "topics": [], "sentiment": "Positive", "type": "Article", "tickers": ["ETH"]}, {"news_url": "https://www.dcforecasts.com/bitcoin-news/bitcoin-wont-be-bottoming-soon-even-after-9-weeks-of-losses/", "image_url": "https://crypto.snapi.dev/images/v1/d/m/bitcoin-investment-top-crypto-gid-5-146624-146853.jpg", "title": "Bitcoin Won't Be Bottoming Soon Even After 9 Weeks Of Losses", "text": "Bitcoin won't be bottoming out soon even after the 9 weeks of losses while the $29,500 level is acting as major support for the cryptocurrency so let's read more today in our latest Bitcoin news. Bitcoin added 5.6% in the past day to raise over $30,000 in the Asian trading hours on Monday in a [\u2026]", "source_name": "DCForecasts", "date": "Mon, 30 May 2022 13:52:31 -0400", "topics": [], "sentiment": "Negative", "type": "Article", "tickers": ["BTC"]}, {"news_url": "https://www.newsbtc.com/news/company/conferences-triangles-and-crosses-making-sense-of-the-btc-bear-market-with-stormgain/", "image_url": "https://crypto.snapi.dev/images/v1/f/a/crypto-analysis-the-death-cross-of-btc-1-146847.jpg", "title": "Conferences, triangles and crosses: making sense of the BTC bear market with StormGain", "text": "The latest market information shows BTC/USD continuing to hover around $29,000 after failing to hold the crucial $30,000 support. BTC price movements, 15-25 May 2022.", "source_name": "NewsBTC", "date": "Mon, 30 May 2022 13:09:13 -0400", "topics": [], "sentiment": "Negative", "type": "Article", "tickers": ["BTC"]}, {"news_url": "https://www.trustnodes.com/2022/05/30/ethereum-staking-dries-up-as-steth-loses-balance", "image_url": "https://crypto.snapi.dev/images/v1/t/v/10234-1-300x200-142919-144233-145591-146846.jpg", "title": "Ethereum Staking Dries Up as Steth Loses Balance", "text": "The amount waiting to become a validator has fallen to its lowest level in part due to steth forming a discount.", "source_name": "Trustnodes", "date": "Mon, 30 May 2022 13:07:12 -0400", "topics": ["paywall"], "sentiment": "Negative", "type": "Article", "tickers": ["ETH"]}, {"news_url": "https://bitcoinist.com/bitcoin-breaks-past-30k/", "image_url": "https://crypto.snapi.dev/images/v1/d/r/bitcoin-10-560x420-146841.jpg", "title": "Bitcoin Breaks Past $30K As Crypto Market Cap Sees $60-B Inflow In 24 Hours", "text": "Since November 2021, when it reached a record peak, the market capitalization of all cryptocurrencies has decreased by more more than $1.5 trillion, with Bitcoin shedding more than 60 percent of its value in just six months. According to data from CoinMarketCap, the Bitcoin price increased by more than 10 percent in the last 24 [\u2026]", "source_name": "Bitcoinist", "date": "Mon, 30 May 2022 13:00:39 -0400", "topics": [], "sentiment": "Positive", "type": "Article", "tickers": ["BTC"]}, {"news_url": "https://crypto.news/eth-2-0-staking-rate-10-72-merge-approaches/", "image_url": "https://crypto.snapi.dev/images/v1/e/t/ethereum-146845.jpg", "title": "ETH 2.0 Staking Rate Grows to 10.72% as The Merge Approaches", "text": "As Ethereum continues its transition to the proof-of-stake consensus mechanism, the number of staking ETH 2.0 deposit contract addresses has reached the level of 12.7 million (more than 10% of altcoin's total market supply). ETH 2.0 Staking Growth The transition\u2026", "source_name": "Crypto news", "date": "Mon, 30 May 2022 13:00:00 -0400", "topics": [], "sentiment": "Positive", "type": "Article", "tickers": ["ETH"]}, {"news_url": "https://bitcoinmagazine.com/culture/bitcoin-songsheet-science-fiat-hype", "image_url": "https://crypto.snapi.dev/images/v1/7/e/20220530-btcfinal-best-jimmy-song-fiat-science-146840.png", "title": "Bitcoin Songsheet: How Science Became A Fiat Hype Machine", "text": "The never-ending projects fantasized about by scientists promise much without actually delivering anything.", "source_name": "Bitcoin Magazine", "date": "Mon, 30 May 2022 13:00:00 -0400", "topics": [], "sentiment": "Neutral", "type": "Article", "tickers": ["BTC"]}, {"news_url": "https://www.cryptopolitan.com/bitcoin-price-analysis-2022-05-30/", "image_url": "https://crypto.snapi.dev/images/v1/k/r/bitcoin-price-analysis-2022-05-30-146834.png", "title": "Bitcoin price analysis: BTC gains further 6 percent, tests $31,000 resistance", "text": "Bitcoin price analysis is bearish today as we have seen a strong rally to the $31,000 major resistance, which previously could not be broken after several attempts. Therefore, BTC/USD should reverse and head back lower to set a higher low.", "source_name": "Cryptopolitan", "date": "Mon, 30 May 2022 12:29:59 -0400", "topics": ["tanalysis"], "sentiment": "Positive", "type": "Article", "tickers": ["BTC"]}, {"news_url": "https://cryptodaily.co.uk/2022/05/cardano-ethereum-bridge-live-for-usdc", "image_url": "https://crypto.snapi.dev/images/v1/q/m/cardano-ethereum-bridge-146831.jpg", "title": "Cardano-Ethereum Bridge Live For USDC", "text": "Iagon's Cardano-Ethereum bridge will help interoperability as users will now be able to bridge their USDC from the Ethereum blockchain to Cardano.\u00a0 Bridge Powered by Sidechain Milkomeda\u00a0 The cross-chain bridge, launched by Iagon, will provide a solution to help bridge the world's second-largest stablecoin USDC and ERC-20 IAG tokens from Ethereum to the Cardano network.", "source_name": "Crypto Daily", "date": "Mon, 30 May 2022 12:28:00 -0400", "topics": [], "sentiment": "Positive", "type": "Article", "tickers": ["ADA", "ETH", "USDC"]}, {"news_url": "https://thenewscrypto.com/bitcoin-btc-price-rebounds-giving-investors-sigh-of-relief/?SNAPI", "image_url": "https://crypto.snapi.dev/images/v1/0/q/whatsapp-image-2022-02-05-at-21115-pm-146822.jpeg", "title": "Bitcoin (BTC) Price Rebounds, Giving Investors Sigh of Relief", "text": "Bitcoin has been up 4.17% in the last 24 hours. JPMorgan Chase analysts now think that Bitcoin has \u201csignificant upside", "source_name": "TheNewsCrypto", "date": "Mon, 30 May 2022 12:12:51 -0400", "topics": [], "sentiment": "Positive", "type": "Article", "tickers": ["BTC"]}, {"news_url": "https://www.trustnodes.com/2022/05/30/corporate-investors-now-dominate-bitcoin-trading", "image_url": "https://crypto.snapi.dev/images/v1/9/t/former-finance-minister-of-greece-says-bitcoin-replacing-fiat-money-would-be-a-nightmare-146225-146820.jpg", "title": "Corporate Investors Now Dominate Bitcoin Trading", "text": "Corporate investors are dominating bitcoin trading volumes at Coinbase, but that's only because they're being charged nothing in a rigging of the game.", "source_name": "Trustnodes", "date": "Mon, 30 May 2022 12:11:02 -0400", "topics": ["paywall"], "sentiment": "Neutral", "type": "Article", "tickers": ["BTC"]}, {"news_url": "https://coinfomania.com/ethereum-merge-test-on-ropsten-successful/", "image_url": "https://crypto.snapi.dev/images/v1/p/p/pp0ps2-146826.jpg", "title": "Ethereum Merge Test on Ropsten Successful, as Mainnet Inches Closer", "text": "Ethereum developers have recorded another milestone on the path to switching the network to a proof-of-stake (PoS) consensus mechanism. On Monday, developers successfully deployed the new Ethereum beacon chain on the Ropsten testnet.", "source_name": "Coinfomania", "date": "Mon, 30 May 2022 12:07:33 -0400", "topics": [], "sentiment": "Positive", "type": "Article", "tickers": ["ETH"]}, {"news_url": "https://cryptodaily.co.uk/2022/05/btc-usd-bulls-show-some-life-above-30000-sally-ho-technical-analysis-31-may-2022-btc-bitcoin", "image_url": "https://crypto.snapi.dev/images/v1/v/o/20220526-171207-00001-146598-146816.jpg", "title": "BTC/USD Bulls Show Some Life Above 30000: Sally Ho's Technical Analysis 31 May 2022 BTC", "text": "Bitcoin (BTC/USD) worked to sustain recent upside progress early in the Asian session as the pair moved back above the 30000 figure, reaching its strongest print in about one week after reaching the 30369.69 area.\u00a0 This move higher also represented a test of the 78.6% retracement of the appreciating range from 21913.84 to 61788.45.", "source_name": "Crypto Daily", "date": "Mon, 30 May 2022 12:00:00 -0400", "topics": ["tanalysis"], "sentiment": "Positive", "type": "Article", "tickers": ["BTC"]}, {"news_url": "https://cryptopotato.com/bitcoins-sold-by-lunas-foundation-guard-absorbed-by-addresses-with-less-than-100-btc-report/", "image_url": "https://crypto.snapi.dev/images/v1/x/l/terra-bitcoin-146814.jpg", "title": "Bitcoins Sold by Luna's Foundation Guard Absorbed by Addresses With Less Than 100 BTC (Report)", "text": "The BTC sold by the Luna Foundation Guard has stirred the market. But there may be a silver lining.", "source_name": "CryptoPotato", "date": "Mon, 30 May 2022 11:47:13 -0400", "topics": ["bitcoin"], "sentiment": "Neutral", "type": "Article", "tickers": ["BTC", "LUNA"]}, {"news_url": "https://ambcrypto.com/bitcoin-btc-manages-to-see-some-green-on-the-charts-but-heres-the-caveat/", "image_url": "https://crypto.snapi.dev/images/v1/q/6/bitcoin-g592f5c8e5-1280-146810.png", "title": "Bitcoin [BTC] manages to see some green on the charts, but here's the caveat", "text": "Although Bitcoin [BTC] may have successfully put out a fire at the moment and may be catching its breath in peace, the real question here is that is the king token far enough from the site of a disaster, or does the path to complete recovery merely circle around the reds even now? At press [\u2026]", "source_name": "AMBCrypto", "date": "Mon, 30 May 2022 11:30:27 -0400", "topics": [], "sentiment": "Positive", "type": "Article", "tickers": ["BTC"]}, {"news_url": "https://cryptonews.com/news/bitcoin-funds-see-weekly-inflows-as-analysts-debate-bounce.htm", "image_url": "https://crypto.snapi.dev/images/v1/s/k/adobestock-302716621-min-146807.jpg", "title": "Bitcoin Funds See Weekly Inflows as Analysts Debate \u2018Bounce'", "text": "Investment funds backed by bitcoin (BTC) and crypto once again saw inflows last week, as BTC extended a now 9-week-long losing streak. At the same time, some analysts are turning positive on the near-term outlook for bitcoin in particular, predicting a \u201cbounce\u201d to the upside in June.", "source_name": "Cryptonews", "date": "Mon, 30 May 2022 11:22:00 -0400", "topics": [], "sentiment": "Positive", "type": "Article", "tickers": ["BTC"]}, {"news_url": "https://insidebitcoins.com/news/ethereum-price-prediction-for-today-may-30-eth-may-cross-above-2000-resistance", "image_url": "https://crypto.snapi.dev/images/v1/l/i/ethereum-price-analysis-2022-05-27-145987-146804.png", "title": "Ethereum Price Prediction for Today, May 30: ETH May Cross Above $2000 Resistance", "text": "The Ethereum price prediction shows that ETH is likely to cross above the moving averages as the coin may touch the $2000 resistance. Ethereum Prediction [.", "source_name": "Inside Bitcoins", "date": "Mon, 30 May 2022 11:19:02 -0400", "topics": ["tanalysis"], "sentiment": "Positive", "type": "Article", "tickers": ["ETH"]}, {"news_url": "https://coinnounce.com/will-the-merge-impact-other-ether-layer-2-chains/", "image_url": "https://crypto.snapi.dev/images/v1/k/v/will-the-merge-impact-other-ether-layer-2-chains-146801.jpeg", "title": "Will \u2018The Merge' impact other Ether Layer-2 chains?", "text": "This year, Ethereum will finally switch to proof-of-stake, with the\u00a0goal\u00a0of: \u201cUltimately address some of the gas fee issues.\u201d Layer-2 solutions are one of the most common ways to cut gas costs.", "source_name": "Coinnounce", "date": "Mon, 30 May 2022 11:14:41 -0400", "topics": [], "sentiment": "Neutral", "type": "Article", "tickers": ["ETH"]}, {"news_url": "https://decrypt.co/101653/defi-diy-how-stake-ethereum-lido-finance", "image_url": "https://crypto.snapi.dev/images/v1/m/h/lido-finance-tokens-defi-ai-gid-1-146799.jpg", "title": "DeFi DIY: How to Stake Ethereum on Lido Finance", "text": "Curious about staking Ethereum? This week's DeFi D.I.Y.", "source_name": "Decrypt", "date": "Mon, 30 May 2022 11:06:54 -0400", "topics": [], "sentiment": "Neutral", "type": "Article", "tickers": ["ETH", "LDO"]}, {"news_url": "https://cryptopotato.com/bitcoin-reclaims-30k-heres-the-next-target-ot-the-upside-btc-price-analysis/", "image_url": "https://crypto.snapi.dev/images/v1/j/i/bitcoin-9-146135-146789.jpeg", "title": "Bitcoin Reclaims $30K, Here's the Next Target ot the Upside (BTC Price Analysis)", "text": "Even though BTC was able to recover about $30K, it's important to note that on a more macro scale, the situation remains the same. The cryptocurrency is still trading within a range between $28K and $31K.", "source_name": "CryptoPotato", "date": "Mon, 30 May 2022 10:54:22 -0400", "topics": ["tanalysis"], "sentiment": "Positive", "type": "Article", "tickers": ["BTC"]}, {"news_url": "https://finbold.com/ethereum-transactions-drop-to-18-month-low-as-market-attempts-to-recuperate/?SNAPI", "image_url": "https://crypto.snapi.dev/images/v1/a/4/ethereum-transactions-drop-to-18-month-low-as-market-attempts-to-recuperate-146787.jpg", "title": "Ethereum transactions drop to 18-month low as market attempts to recuperate", "text": "With the cryptocurrency market still trying to decide whether to proceed bearishly or rise up bullishly, the user transactions on.", "source_name": "Finbold", "date": "Mon, 30 May 2022 10:52:18 -0400", "topics": [], "sentiment": "Positive", "type": "Article", "tickers": ["ETH"]}, {"news_url": "https://u.today/solana-may-not-reach-ath-ever-again-if-it-doesnt-fix-what-ethereum-already-did?SNAPI", "image_url": "https://crypto.snapi.dev/images/v1/n/g/20192-146788.jpg", "title": "Solana May Not Reach ATH Ever Again If It Doesn't Fix What Ethereum Already Did", "text": "Solana has fewer chances to see its own all-time high once again if it doesn't change a core structure of the project", "source_name": "UToday", "date": "Mon, 30 May 2022 10:52:00 -0400", "topics": [], "sentiment": "Negative", "type": "Article", "tickers": ["SOL"]}, {"news_url": "https://www.trustnodes.com/2022/05/30/bitcoin-moves-as-stocks-rise", "image_url": "https://crypto.snapi.dev/images/v1/w/q/bitcoins-and-dollars-146570-146785.jpg", "title": "Bitcoin Moves as Stocks Rise", "text": "Bitcoin has once again risen above $30,000 as stocks green among sentiment changing.", "source_name": "Trustnodes", "date": "Mon, 30 May 2022 10:50:11 -0400", "topics": ["paywall"], "sentiment": "Positive", "type": "Article", "tickers": ["BTC"]}, {"news_url": "https://cryptoslate.com/argo-ceo-peter-wall-claims-bitcoin-is-gold-2-0-will-become-hedge-against-inflation/", "image_url": "https://crypto.snapi.dev/images/v1/y/w/image-2022-05-30-183444572-146769.png", "title": "Argo CEO Peter Wall claims Bitcoin is gold 2.0, will become hedge against inflation", "text": "Peter Wall, the CEO of leading crypto mining company Argo, told CNBC in an interview on May 30 that Bitcoin (BTC) is \u201cgold 2\u201d and will eventually become a hedge against inflation, even if it doesn't seem like it at the moment. The post Argo CEO Peter Wall claims Bitcoin is gold 2.0, will become hedge against inflation appeared first on CryptoSlate.", "source_name": "CryptoSlate", "date": "Mon, 30 May 2022 10:31:18 -0400", "topics": [], "sentiment": "Positive", "type": "Article", "tickers": ["BTC"]}, {"news_url": "https://dailyhodl.com/2022/05/29/bitcoin-billionaire-michael-saylor-says-bitcoin-is-dominating-gold-sp-and-nasdaq-procliams-he-will-buy-btc-top-forever/", "image_url": "https://crypto.snapi.dev/images/v1/y/f/bitcoin-war-in-europejpgw1024-146768.jpg", "title": "Bitcoin Billionaire Michael Saylor Says Bitcoin Is Dominating Gold, S&P and Nasdaq, Proclaims He'll Buy BTC Top Forever", "text": "The co-founder and CEO of enterprise analytics firm MicroStrategy, Michael Saylor, remains long-term bullish on Bitcoin despite a gloomy macro backdrop. In a new Fox News interview, Saylor says the top crypto asset is the \u201cmost certain thing\u201d in a world that's facing a lot of uncertainties. \u201cIn a market full of chaos and sound [\u2026] The post Bitcoin Billionaire Michael Saylor Says Bitcoin Is Dominating Gold, S&P and Nasdaq, Proclaims He'll Buy BTC Top Forever appeared first on The Daily Hodl.", "source_name": "The Daily Hodl", "date": "Mon, 30 May 2022 10:30:17 -0400", "topics": [], "sentiment": "Positive", "type": "Article", "tickers": ["BTC"]}, {"news_url": "https://news.bitcoin.com/survey-most-salvadorans-still-not-convinced-about-bitcoin-as-legal-tender/", "image_url": "https://crypto.snapi.dev/images/v1/0/y/shutterstock-1988913938-146771.jpg", "title": "Survey: Most Salvadorans Still Not Convinced About Bitcoin as Legal Tender", "text": "A survey conducted recently by the Center for Citizen Studies of the Francisco Gavidia University, a private institution in El Salvador, has found that more than half of the Salvadorans surveyed still prefer the dollar over bitcoin as legal tender. Bitcoin, which has been pushed by Salvadoran president Nayib Bukele, has in large part not [\u2026]", "source_name": "Bitcoin", "date": "Mon, 30 May 2022 10:30:14 -0400", "topics": [], "sentiment": "Negative", "type": "Article", "tickers": ["BTC"]}, {"news_url": "https://beincrypto.com/bitcoin-dominance-rate-btcd-increases-rapidly-after-bullish-pattern/", "image_url": "https://crypto.snapi.dev/images/v1/9/4/bic-bullish-btc-bitcoinjpgoptimal-146783.jpg", "title": "Bitcoin Dominance Rate (BTCD) Increases Rapidly After Bullish Pattern", "text": "The Bitcoin Dominance Rate (BTCD) broke out from a descending resistance line on May 11 and has been moving upwards at an accelerated rate since then. The post Bitcoin Dominance Rate (BTCD) Increases Rapidly After Bullish Pattern appeared first on BeInCrypto.", "source_name": "BeInCrypto", "date": "Mon, 30 May 2022 10:30:00 -0400", "topics": [], "sentiment": "Positive", "type": "Article", "tickers": ["BTC"]}, {"news_url": "https://cointelegraph.com/news/bitcoin-ready-for-32-8k-after-consolidation-as-btc-price-gains-6-3", "image_url": "https://crypto.snapi.dev/images/v1/e/d/840-ahr0chm6ly9zmy5jb2ludgvszwdyyxbolmnvbs91cgxvywrzlziwmjitmduvzjqyn2zhyjutytyzmc00nzrklwfkyjqtndeyzmvlmjkxmmyxlmpwzw-146773.jpg", "title": "Bitcoin 'ready' for $32.8K after consolidation as BTC price gains 6.3%", "text": "Relief endures despite a U.S. trading holiday, but worries over waning momentum in stocks means the short-term outlook remains gloomy.", "source_name": "Cointelegraph", "date": "Mon, 30 May 2022 10:29:37 -0400", "topics": [], "sentiment": "Positive", "type": "Article", "tickers": ["BTC"]}, {"news_url": "https://www.cryptopolitan.com/ethereum-price-analysis-2022-05-30/", "image_url": "https://crypto.snapi.dev/images/v1/i/i/ethereum-price-analysis-2022-05-30-146766.png", "title": "Ethereum price analysis: ETH swiftly continues to rally, test of $2,000 next?", "text": "Ethereum price analysis is bullish today as we have seen a strong reversal and push towards the $1,900 previous support. Therefore, if the current momentum continues, we expect ETh/USD to reach the $2,000 mark next.", "source_name": "Cryptopolitan", "date": "Mon, 30 May 2022 10:28:49 -0400", "topics": ["tanalysis"], "sentiment": "Positive", "type": "Article", "tickers": ["ETH"]}, {"news_url": "https://en.cryptonomist.ch/2022/05/30/tim-draper-women-price-btc/", "image_url": "https://crypto.snapi.dev/images/v1/p/a/tim-draper-300x200-146791.jpg", "title": "According to Tim Draper, women will drive up the price of BTC", "text": "During last week's Wolf of All Streets show, Tim Draper explained how women will drive up the price of Bitcoin", "source_name": "The Cryptonomist", "date": "Mon, 30 May 2022 10:26:26 -0400", "topics": [], "sentiment": "Positive", "type": "Article", "tickers": ["BTC"]}, {"news_url": "https://www.cryptopolitan.com/polkadot-price-analysis-2022-05-30/", "image_url": "https://crypto.snapi.dev/images/v1/u/o/dot-9-146761.jpg", "title": "Polkadot price analysis: DOT gains massive value and reaches $10.18", "text": "Polkadot price analysis reveals a relatively positive approach today; the price has gained most of its lost value. In the last few days, the price of DOT has received much positive attention and has increased to a significant degree.", "source_name": "Cryptopolitan", "date": "Mon, 30 May 2022 10:21:28 -0400", "topics": ["tanalysis"], "sentiment": "Positive", "type": "Article", "tickers": ["DOT"]}, {"news_url": "https://insidebitcoins.com/news/bitcoin-price-prediction-for-today-may-30-btc-jumps-above-30000-level", "image_url": "https://crypto.snapi.dev/images/v1/3/5/jievani-weerasinghe-nhrm1u4gd-a-unsplash-640x393-146094-146449-146762.jpg", "title": "Bitcoin Price Prediction for Today, May 30: BTC Jumps Above $30,000 Level", "text": "The Bitcoin price prediction revisits the resistance level of $30,000 as the king coin targets a $31,000 high. Bitcoin Prediction Statistics Data: Bitcoin price now [.", "source_name": "Inside Bitcoins", "date": "Mon, 30 May 2022 10:21:27 -0400", "topics": ["tanalysis"], "sentiment": "Positive", "type": "Article", "tickers": ["BTC"]}, {"news_url": "https://coinpedia.org/ethereum/while-ethereum-price-tries-to-recover-eth-addresses-plunge-how-will-this-impact-eth-price/", "image_url": "https://crypto.snapi.dev/images/v1/i/w/ethereum-movies-145538-146009-146759.jpg", "title": "While Ethereum Price Tries To Recover, ETH Addresses Plunge! How Will This Impact ETH Price", "text": "Ethereum investors have been in the red for the most of 2022.\u00a0 This is because Bitcoin continues to fall below critical levels. Prior to the weekend, the price had dropped to its lowest level in almost nine months. The move has triggered another sell-off for Ethereum price and the market. \ud83d\udcc8 #Ethereum $ETH Number of \u2026", "source_name": "CoinPedia", "date": "Mon, 30 May 2022 10:16:23 -0400", "topics": [], "sentiment": "Positive", "type": "Article", "tickers": ["ETH"]}, {"news_url": "https://bitcoinmagazine.com/culture/bitcoin-is-freedoms-first-line-of-defense", "image_url": "https://crypto.snapi.dev/images/v1/q/g/memorial-day-soldiers-medal-honor-military-146755.png", "title": "Bitcoin Is Freedom's First Line Of Defense", "text": "On Memorial Day, we remember fallen soldiers and their sacrifice made toward protecting freedom. Like Bitcoin, freedom requires proof of work.", "source_name": "Bitcoin Magazine", "date": "Mon, 30 May 2022 10:00:00 -0400", "topics": [], "sentiment": "Positive", "type": "Article", "tickers": ["BTC"]}, {"news_url": "https://coingape.com/?p=113783", "image_url": "https://crypto.snapi.dev/images/v1/9/q/ethereum-e1653502829937-146749.jpg", "title": "Ethereum 2.0 Client Releases Fixes For Merge Stability, Prices Jump", "text": "Ethereum 2.0 consensus client Lighthouse has released v2.3.0 containing fixes for the recent 7-block reorganizations on the Beacon Chain. The high-priority release v2.3.0 also contains fixes and improvements for the Ethereum mainnet.", "source_name": "Coingape", "date": "Mon, 30 May 2022 09:52:25 -0400", "topics": [], "sentiment": "Positive", "type": "Article", "tickers": ["ETH"]}, {"news_url": "https://cryptobriefing.com/polkadot-kusama-face-obstacles-ahead-potential-rebound/?utm_source=feed&utm_medium=rss", "image_url": "https://crypto.snapi.dev/images/v1/c/6/polkadot-kusama-cover-838x440-146747.jpg", "title": "Polkadot, Kusama Face Obstacles Ahead of Potential Rebound", "text": "Polkadot and Kusama have advanced to crucial resistance areas as the crypto market showed strength to kick off the week.", "source_name": "Crypto Briefing", "date": "Mon, 30 May 2022 09:49:48 -0400", "topics": [], "sentiment": "Negative", "type": "Article", "tickers": ["DOT", "KSM"]}, {"news_url": "https://en.cryptonomist.ch/2022/05/30/ethereum-gas-fees/", "image_url": "https://crypto.snapi.dev/images/v1/b/q/ethereum-gas-fee-300x200-146758.jpg", "title": "Ethereum: gas fees at an all-time low", "text": "Reached $3 per transaction", "source_name": "The Cryptonomist", "date": "Mon, 30 May 2022 09:48:45 -0400", "topics": [], "sentiment": "Neutral", "type": "Article", "tickers": ["ETH"]}, {"news_url": "https://coinidol.com/ethereum-rallies-1763-low/", "image_url": "https://crypto.snapi.dev/images/v1/s/x/a8cf9bde87c8bb022d17ec9ad180bdae-146756.jpg", "title": "Ethereum Rallies above $1,763 Low but Struggles below $1,900 High", "text": "Ethereum price (ETH) is returning to its previous low and recovering from the support at $1,763. The largest altcoin has broken out above the high at $1,900 and is reaching the previous range zone.", "source_name": "Coin Idol", "date": "Mon, 30 May 2022 09:46:00 -0400", "topics": [], "sentiment": "Positive", "type": "Article", "tickers": ["ETH"]}, {"news_url": "https://coinpedia.org/ethereum/this-is-how-ethereum-price-is-set-to-reclaim-2000-in-the-coming-days/", "image_url": "https://crypto.snapi.dev/images/v1/7/l/pexels-jievani-8175415-146244-146745.jpg", "title": "This Is How Ethereum Price Is Set To Reclaim $2,000 In The Coming Days", "text": "The Ethereum (ETH) price is seeing bulls smash out of the market today, as investors return with a mindset to invest large bags of cash. During the ASIA PAC and European sessions on Monday, the Relative Strength Index (RSI) spiked dramatically, indicating how overbought bulls are in the market and setting the tone for the \u2026", "source_name": "CoinPedia", "date": "Mon, 30 May 2022 09:42:56 -0400", "topics": [], "sentiment": "Positive", "type": "Article", "tickers": ["ETH"]}, {"news_url": "https://thenewscrypto.com/bitcoins-9th-of-week-red-zone/?SNAPI", "image_url": "https://crypto.snapi.dev/images/v1/w/z/bitcoin-news-146744.jpg", "title": "Bitcoin's 9th of Week Red Zone", "text": "Bitcoin entered 9-week Red candles. Central African Republic president called Bitcoin is the \u201ccurrency of the Universe\u201d.", "source_name": "TheNewsCrypto", "date": "Mon, 30 May 2022 09:38:34 -0400", "topics": [], "sentiment": "Negative", "type": "Article", "tickers": ["BTC"]}, {"news_url": "https://ambcrypto.com/more-than-10-eth-deposited-in-eth-2-0-contract-but-heres-the-caveat/", "image_url": "https://crypto.snapi.dev/images/v1/t/h/thisisengineering-raeng-hdpbafembi4-unsplash-146776.jpg", "title": "More than 10% ETH deposited in ETH 2.0 contract but here's the caveat", "text": "Ethereum, the largest altcoin continues to suffer the bearish winter within the crypto market. ETH slipped below the $2k mark following aggressive sell-offs from traders/investors.", "source_name": "AMBCrypto", "date": "Mon, 30 May 2022 09:30:16 -0400", "topics": [], "sentiment": "Neutral", "type": "Article", "tickers": ["ETH"]}, {"news_url": "https://www.youtube.com/watch?v=Qe8TXIBpK3k", "image_url": "https://crypto.snapi.dev/images/v1/c/g/exploring-the-humanitarian-case-for-bitcoin-146743.jpg", "title": "Exploring the Humanitarian Case for Bitcoin", "text": "Social activist Farida Bemba Nabourema shares insights into educating the Norwegian parliament and top government officials in Oslo about bitcoin's humanitarian impact. Plus, how crypto has helped her and other residents of Togo, outlook for mass global adoption, and what the media might get wrong about Central African Republic's crypto ambitions.", "source_name": "Coindesk", "date": "Mon, 30 May 2022 09:30:07 -0400", "topics": [], "sentiment": "Neutral", "type": "Video", "tickers": ["BTC"]}, {"news_url": "https://coinpedia.org/news/strong-hands-quickly-grabbed-80k-bitcoin-sold-by-terra-luna-foundation/", "image_url": "https://crypto.snapi.dev/images/v1/l/d/ldofl322-146739.jpg", "title": "Strong Hands Quickly Grabbed 80K Bitcoin Sold by Terra LUNA Foundation", "text": "Luna Foundation Guard responsible for the UST stablecoin powered by Terra and its lead Do Kwon announced a \u201clend to market markers, designed to defend the peg of the stablecoin. Do Kwon has not particularly mentioned about what will happen with the provided funds, more likely the \u201clend\u201d to market makers looks more likely a \u2026", "source_name": "CoinPedia", "date": "Mon, 30 May 2022 09:27:37 -0400", "topics": [], "sentiment": "Neutral", "type": "Article", "tickers": ["BTC", "LUNA"]}, {"news_url": "https://news.bitcoin.com/bitcoin-ethereum-technical-analysis-btc-up-to-30000-to-start-the-week/", "image_url": "https://crypto.snapi.dev/images/v1/b/u/shutterstock-1968404461-4-146732.jpg", "title": "Bitcoin, Ethereum Technical Analysis: BTC up to $30,000 to Start the Week", "text": "Bitcoin rose above $30,000 to start the week, with bearish sentiment marginally fading as we head into June. ETH also rallied on Monday, however the world's second largest cryptocurrency continued to hover below $1,900. Bitcoin Following almost five days trading below $30,000, BTC finally surged, with prices climbing to their highest point in over two [\u2026]", "source_name": "Bitcoin", "date": "Mon, 30 May 2022 09:15:26 -0400", "topics": ["tanalysis"], "sentiment": "Positive", "type": "Article", "tickers": ["BTC", "ETH"]}, {"news_url": "https://u.today/ethereum-bounces-from-1730-support-aims-at-2000-after-10-rally?SNAPI", "image_url": "https://crypto.snapi.dev/images/v1/4/n/20183-146729.jpg", "title": "Ethereum Bounces from $1,730 Support, Aims at $2,000 After 10% Rally", "text": "After strong bounce from support, Ethereum has a lot of resistance ahead", "source_name": "UToday", "date": "Mon, 30 May 2022 09:10:00 -0400", "topics": [], "sentiment": "Positive", "type": "Article", "tickers": ["ETH"]}, {"news_url": "https://investorplace.com/2022/05/these-are-the-six-best-cryptos-to-buy-on-coinbase-in-june/", "image_url": "https://crypto.snapi.dev/images/v1/c/r/crypto17-146725.jpg", "title": "The 6 Best Cryptos to Buy on Coinbase in June", "text": "The best cryptos to buy on Coinbase have high market capitalizations, upcoming catalysts, and lots of investor popularity.", "source_name": "Investorplace", "date": "Mon, 30 May 2022 08:54:39 -0400", "topics": [], "sentiment": "Positive", "type": "Article", "tickers": ["ADA", "BTC", "DOGE", "DOT", "ETH", "SOL"]}, {"news_url": "https://finbold.com/crypto-market-cap-sees-60-billion-inflow-in-24-hours-as-bitcoin-nears-31k/?SNAPI", "image_url": "https://crypto.snapi.dev/images/v1/c/r/crypto-market-cap-sees-60-billion-inflow-in-24-hours-as-bitcoin-nears-31k-146728.jpg", "title": "Crypto market cap sees $60 billion inflow in 24 hours as Bitcoin nears $31k", "text": "Bitcoin's (BTC) price has begun to show signs of recovery, as it climbed back to over $30,000 on May 30,.", "source_name": "Finbold", "date": "Mon, 30 May 2022 08:47:51 -0400", "topics": [], "sentiment": "Positive", "type": "Article", "tickers": ["BTC"]}, {"news_url": "https://en.cryptonomist.ch/2022/05/30/bitcoin-30k-ethereum-1-9k-solana-price-analyses/", "image_url": "https://crypto.snapi.dev/images/v1/j/s/prezzo-bitcoin-2-1-300x200-146713.jpg", "title": "Bitcoin (30k), Ethereum (1.9k), Solana Price Analyses", "text": "The Fear and Greed Index is 10 Extreme Fear and is -4 from Sunday's reading of 14 Extreme Fear", "source_name": "The Cryptonomist", "date": "Mon, 30 May 2022 08:43:28 -0400", "topics": [], "sentiment": "Neutral", "type": "Article", "tickers": ["BTC", "ETH", "SOL"]}, {"news_url": "https://coinmarketcap.com/alexandria/article/bitcoin-starts-new-week-strong-relief-rally-ahead", "image_url": "https://crypto.snapi.dev/images/v1/z/l/8380a644c00f4f7494876c47fd0c4d11-146708.jpg", "title": "Bitcoin Starts New Week Strong, Relief Rally Ahead?", "text": "Bitcoin may have found a bottom after a strong start to the new week.", "source_name": "CoinMarketCap", "date": "Mon, 30 May 2022 08:39:28 -0400", "topics": [], "sentiment": "Positive", "type": "Article", "tickers": ["BTC"]}, {"news_url": "https://coinpedia.org/bitcoin/as-bitcoinbtc-price-again-heads-above-30k-this-model-suggests-50000-maybe-fast-approaching/", "image_url": "https://crypto.snapi.dev/images/v1/5/x/finance-g0194302b8-1920-e1653733246850-146320-146706.jpg", "title": "As Bitcoin(BTC) Price Again Heads Above $30K, This Model Suggests $50,000 Maybe Fast Approaching", "text": "The star crypto after recording 8 strength red-weekly candles, Bitcoin ignited a bullish start for the week. The prices rebounded well from the bottom after a brief consolidation for a couple of days. The asset is expected to keep up the bullish momentum as it has broken the 20-day downtrend and he lowered resistance at \u2026", "source_name": "CoinPedia", "date": "Mon, 30 May 2022 08:29:23 -0400", "topics": [], "sentiment": "Positive", "type": "Article", "tickers": ["BTC"]}, {"news_url": "https://coinpedia.org/opinion/bitcoin-or-ethereum-which-one-is-better-investment-in-2022/", "image_url": "https://crypto.snapi.dev/images/v1/8/g/crypto13-146704.jpg", "title": "Bitcoin or Ethereum \u2013 Which One Is Better Investment in 2022?", "text": "Amid the broader market's recovery, the price of Bitcoin soared to hit a weekly high above $30,700. According to a recent video broadcast by Altcoin Daily, Bitcoin is currently breaking history by falling for 9 weeks in a row. So there will be a bounce eventually, somewhere, at some point. Let's take a closer look \u2026", "source_name": "CoinPedia", "date": "Mon, 30 May 2022 08:20:36 -0400", "topics": [], "sentiment": "Neutral", "type": "Article", "tickers": ["BTC", "ETH"]}, {"news_url": "https://www.dcforecasts.com/bitcoin-news/bitcoins-ln-capacity-crossed-3900-btc-recording-new-ath/", "image_url": "https://crypto.snapi.dev/images/v1/m/9/bitcoin-146441-146700.jpeg", "title": "Bitcoin's LN Capacity Crossed 3900 BTC, Recording New ATH", "text": "Bitcoin's LN Capacity crossed 3900 BTC and recorded a new all-time high in the meantime as we can see more today in our latest Bitcoin news. The Bitcoin LN was first implemented on the mainnet in 2018 and has ever since been able to maintain an upward trajectory in terms of expanding capacity.", "source_name": "DCForecasts", "date": "Mon, 30 May 2022 08:12:08 -0400", "topics": [], "sentiment": "Positive", "type": "Article", "tickers": ["BTC"]}, {"news_url": "https://cryptonews.com/news/bitcoin-and-ethereum-inch-higher-hnt-and-waves-rally.htm", "image_url": "https://crypto.snapi.dev/images/v1/0/q/5-best-cryptos-141547-143739-146240-146696.jpg", "title": "Bitcoin and Ethereum Inch Higher, HNT and WAVES Rally", "text": "Bitcoin price started a strong increase above the USD 29,500 level and even spiked above USD 30,500. It is currently (11:46 UTC) showing positive signs near USD 30,700 and is up 5% in a day and 1% in a week.", "source_name": "Cryptonews", "date": "Mon, 30 May 2022 07:59:00 -0400", "topics": [], "sentiment": "Positive", "type": "Article", "tickers": ["BTC", "ETH", "WAVES"]}, {"news_url": "https://insidebitcoins.com/news/no-carbon-neutral-bitcoin-etf-for-one-river-says-us-sec", "image_url": "https://crypto.snapi.dev/images/v1/k/1/sec-146684.jpg", "title": "No Carbon-Neutral Bitcoin ETF for One River \u2013 Says US SEC", "text": "Ever since the energy issues and the potential of fraud start to reveal in bitcoin, agencies around the world have been on the fence about [...]", "source_name": "Inside Bitcoins", "date": "Mon, 30 May 2022 07:35:49 -0400", "topics": ["regulations"], "sentiment": "Negative", "type": "Article", "tickers": ["BTC"]}, {"news_url": "https://www.dcforecasts.com/bitcoin-news/bitcoin-finally-reclaims-30k-as-the-markets-turn-green/", "image_url": "https://crypto.snapi.dev/images/v1/f/u/btc-2-1024x345-146681.png", "title": "Bitcoin Finally Reclaims $30K As The Markets Turn Green", "text": "Bitcoin finally reclaims $30K as the markets turn green in a broad market recovery wave we can see more today in our latest Bitcoin news. After a difficult month for the crypto markets, Bitcoin finally reclaims $30K as it was poised to extend the losing streak and record nine weeks but the scenario was avoided [\u2026]", "source_name": "DCForecasts", "date": "Mon, 30 May 2022 07:32:06 -0400", "topics": [], "sentiment": "Positive", "type": "Article", "tickers": ["BTC"]}], "total_pages": 44}