{"data": [{"news_url": "https://www.altcoinbuzz.io/cryptocurrency-news/another-solana-outage-highlights-network-inefficiencies/", "image_url": "https://crypto.snapi.dev/images/v1/s/o/solana-2-133662-136005.jpg", "title": "Another Solana Outage Highlights Network Inefficiencies", "text": "The Solana network has suffered its seventh outage this year as bots took down the network over the weekend. The often dubbed \u201cEthereum killer\u201d has itself been killed several times this year.", "source_name": "Altcoin Buzz", "date": "Tue, 03 May 2022 05:30:58 -0400", "topics": [], "sentiment": "Negative", "type": "Article", "tickers": ["SOL"]}, {"news_url": "https://cointelegraph.com/news/more-likely-btc-price-will-hit-100k-before-bitcoin-sweeps-30k-lows-forecast-says", "image_url": "https://crypto.snapi.dev/images/v1/g/9/840-ahr0chm6ly9zmy5jb2ludgvszwdyyxbolmnvbs91cgxvywrzlziwmjitmduvmzqzyjm0ogetythimi00mtc4lwe4ymetzjjkndi1ymjimdbmlmpwzw-135998.jpg", "title": "'More likely' BTC price will hit $100K before Bitcoin sweeps $30K lows, forecast says", "text": "Bitcoin bears should get their wish, but may have to endure the pain of a new all-time high first.", "source_name": "Cointelegraph", "date": "Tue, 03 May 2022 05:28:35 -0400", "topics": [], "sentiment": "Neutral", "type": "Article", "tickers": ["BTC"]}, {"news_url": "https://blockchain.news/news/bitcoin-gains-momentum-after-hitting-lows-of-37-500-as-altcoins-bleed", "image_url": "https://crypto.snapi.dev/images/v1/n/r/4597e3f735b0d057b89db195bf11d0bb9048da7279f37d23b89c754ed5a7bfa4-135989.jpg", "title": "Bitcoin Gains Momentum after Hitting Lows of $37,500 as Altcoins Bleed", "text": "After hitting lows of $37,585 over the weekend, Bitcoin has gained some momentum by breaching the $38K level.", "source_name": "Blockchain News", "date": "Tue, 03 May 2022 05:15:31 -0400", "topics": [], "sentiment": "Positive", "type": "Article", "tickers": ["BTC"]}, {"news_url": "https://dailyhodl.com/2022/05/03/polkadot-dot-vs-cosmos-atom-coin-bureau-looks-at-two-fast-rising-ethereum-competitors/", "image_url": "https://crypto.snapi.dev/images/v1/p/o/polka-vs-cosmosjpgw1024-135992.jpg", "title": "Polkadot (DOT) vs. Cosmos (ATOM): Coin Bureau Looks at Two Fast-Rising Ethereum Competitors", "text": "A popular crypto analyst is looking under the hood at a pair of Ethereum (ETH) alternatives to see which one might come out on top. In a new strategy session, pseudonymous Coin Bureau host Guy updates his 2.03 million YouTube subscribers about his expectations for cross-chain interoperability protocol Polkadot (DOT) as well as Cosmos (ATOM), [\u2026] The post Polkadot (DOT) vs. Cosmos (ATOM): Coin Bureau Looks at Two Fast-Rising Ethereum Competitors appeared first on The Daily Hodl.", "source_name": "The Daily Hodl", "date": "Tue, 03 May 2022 05:15:26 -0400", "topics": [], "sentiment": "Neutral", "type": "Article", "tickers": ["ATOM", "DOT"]}, {"news_url": "https://ambcrypto.com/gmt-pancakeswap-xrp-price-analysis-03-may/", "image_url": "https://crypto.snapi.dev/images/v1/d/p/pa-1-cover-e1651556817886-135977.jpg", "title": "GMT, PancakeSwap, XRP Price Analysis: 03 May", "text": "XRP appeared to form a low timeframe range, while STEPN saw a strong bounce from an area of demand. However, the next day or two can be crucial for the crypto market as Bitcoin appeared to stand at a crucial juncture.", "source_name": "AMBCrypto", "date": "Tue, 03 May 2022 04:45:12 -0400", "topics": ["tanalysis"], "sentiment": "Neutral", "type": "Article", "tickers": ["CAKE", "XRP"]}, {"news_url": "https://coinpedia.org/ethereum/ethereum-eth-price-might-drop-35-in-q2-this-is-what-traders-can-expect/", "image_url": "https://crypto.snapi.dev/images/v1/r/i/crypto11-135976.jpg", "title": "Ethereum (ETH) Price Might Drop 35% in Q2, This Is What Traders Can Expect", "text": "Cryptocurrency prices have been combined with Bitcoin buying and trading beyond the $38,000 mark in recent days. At $38,467, BTC was basically unchanged in terms of purchasing and selling. According to CoinGecko's pricing, the global crypto market's value has risen to $1.81 trillion in the last 24 hours. However, Ether increased modestly to $2,843. As \u2026", "source_name": "CoinPedia", "date": "Tue, 03 May 2022 04:40:00 -0400", "topics": [], "sentiment": "Neutral", "type": "Article", "tickers": ["ETH"]}, {"news_url": "https://www.coindesk.com/tech/2022/05/03/heres-why-solana-ceased-block-production-for-seven-hours-on-saturday/", "image_url": "https://crypto.snapi.dev/images/v1/n/m/y5alkmc65zdkbcb6ik74mzvzhu-135974.jpeg", "title": "Here's Why Solana Ceased Block Production for Seven Hours on Saturday", "text": "Millions of transactions per second and heavy traffic contributed to the network's disruption, developers explained on Tuesday.", "source_name": "Coindesk", "date": "Tue, 03 May 2022 04:28:00 -0400", "topics": [], "sentiment": "Neutral", "type": "Article", "tickers": ["SOL"]}, {"news_url": "https://u.today/ripple-ceo-says-sec-case-could-resolve-this-year?SNAPI", "image_url": "https://crypto.snapi.dev/images/v1/a/j/14503-135971.jpg", "title": "Ripple CEO Says SEC Case Could Resolve This Year", "text": "Garlinghouse says that \"it's not impossible\" for SEC case to resolve as early as this year", "source_name": "UToday", "date": "Tue, 03 May 2022 04:27:00 -0400", "topics": ["regulations"], "sentiment": "Neutral", "type": "Article", "tickers": ["XRP"]}, {"news_url": "https://en.cryptonomist.ch/2022/05/03/ethereum-postpones-difficulty-bomb-update/", "image_url": "https://crypto.snapi.dev/images/v1/n/3/ethereum-difficulty-bomb-1-300x200-135982.jpg", "title": "Ethereum postpones difficulty bomb update", "text": "There is now no date for neither the Merge nor the difficulty bomb", "source_name": "The Cryptonomist", "date": "Tue, 03 May 2022 04:23:48 -0400", "topics": [], "sentiment": "Neutral", "type": "Article", "tickers": ["ETH"]}, {"news_url": "https://u.today/bitcoin-long-term-holders-are-capitulating-and-it-shouldnt-worry-you?SNAPI", "image_url": "https://crypto.snapi.dev/images/v1/1/a/14505-135960.jpg", "title": "Bitcoin Long-Term Holders Are Capitulating and It Shouldn't Worry You", "text": "Bitcoin is in downtrend according to on-chain metrics, but at the same time we might be close to the end of the bearish market", "source_name": "UToday", "date": "Tue, 03 May 2022 04:14:00 -0400", "topics": [], "sentiment": "Neutral", "type": "Article", "tickers": ["BTC"]}, {"news_url": "https://beincrypto.com/bitcoin-btc-nearing-final-stages-consolidation-pattern/", "image_url": "https://crypto.snapi.dev/images/v1/t/v/bic-btc-fractals-similar-pattern-long-term-chartjpgoptimal-135975.jpg", "title": "Bitcoin (BTC) Appears to Be Nearing the Final Stages of a Consolidation Pattern", "text": "Bitcoin has been showing bullish signs since March 11. It's currently nearing the end of a descending wedge pattern that's been in place since March 18.", "source_name": "BeInCrypto", "date": "Tue, 03 May 2022 04:10:49 -0400", "topics": [], "sentiment": "Neutral", "type": "Article", "tickers": ["BTC"]}, {"news_url": "https://cryptonews.com/news/argentinian-banking-heavyweight-to-launch-bitcoin-ethereum-trading-while-tax-body-urges-tighter-crypto-monitoring.htm", "image_url": "https://crypto.snapi.dev/images/v1/f/l/8563a8b5eb-135965.jpg", "title": "Argentinian Banking Heavyweight to Launch Bitcoin, Ethereum Trading, While Tax Body Urges Tighter Crypto Monitoring", "text": "One of the largest private financial entities in Argentina, Banco Galicia, has announced that it will allow some of its customers to trade, sell, and hold cryptoassets at a time when Argentina's tax body has called for Latin American governments to bolster their crypto monitoring capabilities.\u00a0", "source_name": "Cryptonews", "date": "Tue, 03 May 2022 04:07:00 -0400", "topics": ["taxes"], "sentiment": "Positive", "type": "Article", "tickers": ["BTC", "ETH"]}, {"news_url": "https://en.cryptonomist.ch/2022/05/03/bitcoin-ethereum-polkadot-analyses/", "image_url": "https://crypto.snapi.dev/images/v1/r/g/grafici-bitcoin-1-300x200-135984.jpg", "title": "Bitcoin, Ethereum, Polkadot 1W Chart Analyses", "text": "The Fear and Greed Index is 27 Fear and is -1 from Monday's reading of 28 Fear.", "source_name": "The Cryptonomist", "date": "Tue, 03 May 2022 04:00:32 -0400", "topics": [], "sentiment": "Neutral", "type": "Article", "tickers": ["BTC", "DOT", "ETH"]}, {"news_url": "https://www.newsbtc.com/nft-market/bored-apes-land-sale-broke-ethereum-extreme-success-or-roaring-failure/", "image_url": "https://crypto.snapi.dev/images/v1/w/q/othersidelogo-135959.jpg", "title": "Bored Ape's Land Sale Broke Ethereum. Extreme Success Or Roaring Failure?", "text": "On Saturday, April 30th, Bored Ape's creators Yuga Labs broke Ethereum. Their new metaverse-inspired project, Otherside sold plots of virtual land to a roaring crowd of people yelling \u201cShut up and take my money!", "source_name": "NewsBTC", "date": "Tue, 03 May 2022 03:55:21 -0400", "topics": [], "sentiment": "Neutral", "type": "Article", "tickers": ["ETH"]}, {"news_url": "https://coingape.com/?p=111247", "image_url": "https://crypto.snapi.dev/images/v1/z/x/solana-could-become-the-e28098visa-of-crypto-bank-of-america-strategist-says-135957.jpg", "title": "After Recent Outage, Solana Developers Share Key Steps to Make Network Resilient", "text": "Over the last weekend, the Solana blockchain network suffered a major outage for 7 hours knocking off validators out of the PoS consensus and halting the block production. This happened as the bots managed to exploit the Solana-based NFT project Candy Machine.", "source_name": "Coingape", "date": "Tue, 03 May 2022 03:43:27 -0400", "topics": [], "sentiment": "Neutral", "type": "Article", "tickers": ["SOL"]}, {"news_url": "https://bitcoinist.com/bitcoin-supported-by-argentinas-biggest-bank/", "image_url": "https://crypto.snapi.dev/images/v1/r/3/bitcoin-2-640x374-135952.jpg", "title": "Bitcoin, Ethereum, Other Coins Now Supported By Argentina's Biggest Private Bank", "text": "Since 2019, the temperature in Argentina's crypto ecosystem has been continuously rising, indicating a clear roadmap for mass adoption of bitcoin and other alternate assets. Argentina's financial meltdown \u2014 marked by rising inflation, a falling currency, and a scarcity of available US dollars for investment \u2014 has actually benefited one sector: cryptocurrencies.", "source_name": "Bitcoinist", "date": "Tue, 03 May 2022 03:30:55 -0400", "topics": [], "sentiment": "Neutral", "type": "Article", "tickers": ["BTC", "ETH"]}, {"news_url": "https://www.coinbureau.com/news/bitcoin-mining-council-write-rebuttal-to-us-regulator-about-environmental-impacts-of-crypto/", "image_url": "https://crypto.snapi.dev/images/v1/x/g/shutterstock-1840455646-1-135949.jpg", "title": "Bitcoin Mining Council Write Rebuttal to US Regulator About Environmental Impacts of Crypto", "text": "Tech executives from the Bitcoin Mining Council have penned an open letter to the U.S. Environmental Protection Agency (EPA) refuting assumptions about the energy consumption of crypto mining. The letter, put forth by council members like Grayscale CEO Michael Sonnenshein, Microstrategy CEO Michael Saylor, and Block (formerly Square) founder Jack Dorsey, was addressing statements from [\u2026] The post Bitcoin Mining Council Write Rebuttal to US Regulator About Environmental Impacts of Crypto appeared first on Coin Bureau.", "source_name": "Coinbureau", "date": "Tue, 03 May 2022 02:55:28 -0400", "topics": ["mining", "regulations"], "sentiment": "Neutral", "type": "Article", "tickers": ["BTC"]}, {"news_url": "https://beincrypto.com/ethereum-price-prediction-11764-by-2025-and-23372-by-2030/", "image_url": "https://crypto.snapi.dev/images/v1/3/6/ethereum-ink-850x478-135941.png", "title": "Ethereum Price Prediction: $11,764 by 2025 and $23,372 by 2030", "text": "Ethereum price prediction: ETH is set to crack $6,800 this year. This will be a new all-time high.", "source_name": "BeInCrypto", "date": "Tue, 03 May 2022 01:20:03 -0400", "topics": [], "sentiment": "Neutral", "type": "Article", "tickers": ["ETH"]}, {"news_url": "https://www.newsbtc.com/analysis/eth/ethereum-shows-positive-signs-2920/", "image_url": "https://crypto.snapi.dev/images/v1/n/i/shutterstock-729876625-135940.jpg", "title": "TA: Ethereum Shows Positive Signs But This Resistance Is The Key", "text": "Ethereum started a recovery wave above the $2,820 level against the US Dollar. ETH must clear the $2,920 resistance to start a steady upward move.", "source_name": "NewsBTC", "date": "Tue, 03 May 2022 01:08:37 -0400", "topics": ["tanalysis"], "sentiment": "Positive", "type": "Article", "tickers": ["ETH"]}, {"news_url": "https://beincrypto.com/ethereum-recruiter-claims-interviewed-north-korean-hacker-job/", "image_url": "https://crypto.snapi.dev/images/v1/z/w/bic-north-korea-hack-cryptojpgoptimal-135938.jpg", "title": "Ethereum Privacy Layer Recruiter Claims to Have Interviewed North Korean Hacker for a Job", "text": "Aztec Network growth lead Jonathan Wu claims he may have interviewed a North Korean hacker for a job at the Ethereum layer two (L2) privacy protocol. The post Ethereum Privacy Layer Recruiter Claims to Have Interviewed North Korean Hacker for a Job appeared first on BeInCrypto.", "source_name": "BeInCrypto", "date": "Tue, 03 May 2022 00:56:26 -0400", "topics": [], "sentiment": "Negative", "type": "Article", "tickers": ["ETH"]}, {"news_url": "https://coinpedia.org/altcoin/xrp-price-might-rally-65-in-may-only-if-this-happens/", "image_url": "https://crypto.snapi.dev/images/v1/s/i/crypto7-135936.jpg", "title": "XRP Price Might Rally 65% In May Only If This Happens", "text": "Prices of cryptocurrencies sent mixed signals today, with Bitcoin trading above the $38,000 barrier. According to CoinGecko's pricing, the global crypto market's value has risen to $1.81 trillion in the last 24 hours. The price of XRP appears to be getting back on track. Although the bulls appear to be outnumbered by bears as a \u2026", "source_name": "CoinPedia", "date": "Tue, 03 May 2022 00:39:59 -0400", "topics": [], "sentiment": "Positive", "type": "Article", "tickers": ["XRP"]}, {"news_url": "https://coingape.com/?p=111242", "image_url": "https://crypto.snapi.dev/images/v1/5/t/bitcoin-mining-e1647520817120-135933.jpg", "title": "Bitcoin Mining Giants Are Selling Bitcoin Call Options As A New \u201cYield Farming\u201d Strategy", "text": "As Bitcoin (BTC) continues to stay in a period of strong consolidation and correction, Bitcoin miners are now resolving to their own way of \u201cyield farming\u201d. Bitcoin mining giants like Marathon Digital and Riot Blockchain often believe in their HODLing strategy for long-term gains.", "source_name": "Coingape", "date": "Tue, 03 May 2022 00:17:46 -0400", "topics": ["mining"], "sentiment": "Neutral", "type": "Article", "tickers": ["BTC"]}, {"news_url": "https://www.newsbtc.com/crypto/will-bitcoin-shoot-over-40000/", "image_url": "https://crypto.snapi.dev/images/v1/p/b/bitcoin-135931.jpg", "title": "Will Bitcoin Shoot Over $40,000 \u2014 Or Drop To $35,000?", "text": "The king of cryptocurrency, Bitcoin, has slumped below its price support following crucial development on EPA environmental issues and other factors. Bitcoin price is now at $38,832.74 as of this writing.", "source_name": "NewsBTC", "date": "Tue, 03 May 2022 00:07:27 -0400", "topics": [], "sentiment": "Neutral", "type": "Article", "tickers": ["BTC"]}, {"news_url": "https://cryptoslate.com/bitcoin-mining-council-thinks-tesla-may-accept-btc-again-for-this-reason/", "image_url": "https://crypto.snapi.dev/images/v1/y/s/bitcoin-mining-council-135928.jpg", "title": "Bitcoin Mining Council thinks Tesla may accept BTC again for this reason", "text": "The Bitcoin Mining Council has released a report that confirms that 58.4% of Bitcoin mining comes from a \u201csustainable electricity mix.\u201d Elon Musk famously said that Tesla would start accepting when \u00a0\u201cthere's confirmation of reasonable (~50%) clean energy usage by miners with positive future trend, Tesla will resume allowing Bitcoin transactions.", "source_name": "CryptoSlate", "date": "Tue, 03 May 2022 00:01:17 -0400", "topics": ["mining"], "sentiment": "Neutral", "type": "Article", "tickers": ["BTC"]}, {"news_url": "https://www.newsbtc.com/analysis/btc/bitcoin-bears-keep-pushing-39k/", "image_url": "https://crypto.snapi.dev/images/v1/z/a/depositphotos-179456522-l-2015-135917.jpg", "title": "TA: Bitcoin Bears Keep Pushing, Why Upsides Remain Limited", "text": "Bitcoin is struggling to clear the $38,800 resistance against the US Dollar. BTC could decline heavily if it stays below the $39,000 pivot level.", "source_name": "NewsBTC", "date": "Mon, 02 May 2022 23:08:48 -0400", "topics": ["tanalysis"], "sentiment": "Negative", "type": "Article", "tickers": ["BTC"]}, {"news_url": "https://blockchain.news/news/bitcoin-network-difficulty-level-attains-new-ath-of-29.794t", "image_url": "https://crypto.snapi.dev/images/v1/m/m/228ebc0d1bf0c620a98a170425506d3d28042311a6758315ff34df34253d48ab-135916.jpg", "title": "Bitcoin Network Difficulty Level Attains New ATH of 29.794T", "text": "The Bitcoin network has grown in difficulty yet again as it recorded a new All-Time High (ATH) of 29.794T.", "source_name": "Blockchain News", "date": "Mon, 02 May 2022 22:40:00 -0400", "topics": [], "sentiment": "Positive", "type": "Article", "tickers": ["BTC"]}, {"news_url": "https://bitcoinist.com/epa-vs-bitcoin/", "image_url": "https://crypto.snapi.dev/images/v1/4/l/bitcoin-1-630x420-135913.jpg", "title": "EPA Vs. Bitcoin: Dorsey, Saylor, Others Oppose Lawmakers' Call For Action Vs. Crypto Mining", "text": "Bitcoin titans Jack Dorsey, Michael Saylor, and Tom Lee collaborated on a letter to the U.S. Environmental Protection Agency in defense of Bitcoin mining's alleged impact on the environment.\u00a0 Together, they have refuted claims by House democrats who are tapping on the EPA to investigate the so-called devastating effects that crypto mining has on the [\u2026]", "source_name": "Bitcoinist", "date": "Mon, 02 May 2022 22:30:54 -0400", "topics": ["mining", "regulations"], "sentiment": "Neutral", "type": "Article", "tickers": ["BTC"]}, {"news_url": "https://ambcrypto.com/dot-yields-some-upside-after-a-bearish-run-heres-what-to-look-out-for/", "image_url": "https://crypto.snapi.dev/images/v1/s/w/alberto-frias-olw0cp3vjv4-unsplash-scaled-e1651486575827-135911.jpg", "title": "Polkadot [DOT] yields some upside after a bearish run: Here's what to look out for", "text": "DOT delivered a healthy 6.5% uptick on 1 May after concluding a bearish month in April, which ended with an extended downside. The uptick might be a sign that DOT is ready to deliver a healthy recovery rally.", "source_name": "AMBCrypto", "date": "Mon, 02 May 2022 21:30:03 -0400", "topics": [], "sentiment": "Positive", "type": "Article", "tickers": ["DOT"]}, {"news_url": "https://cryptoslate.com/what-now-for-solana-following-candy-machine-spam-attack/", "image_url": "https://crypto.snapi.dev/images/v1/s/c/solana-spam-attack-135910.jpg", "title": "What now for Solana following \u2018Candy Machine' spam attack?", "text": "The Solana blockchain went offline for seven hours on Saturday evening following a bot attack that flooded the network. The post What now for Solana following \u2018Candy Machine' spam attack?", "source_name": "CryptoSlate", "date": "Mon, 02 May 2022 21:01:18 -0400", "topics": [], "sentiment": "Neutral", "type": "Article", "tickers": ["SOL"]}, {"news_url": "https://www.newsbtc.com/news/bitcoin-continues-to-slide-but-displays-bullish-divergences-on-charts/", "image_url": "https://crypto.snapi.dev/images/v1/i/q/kanchanara-2yiwvjx8iws-unsplash-135909.jpg", "title": "Bitcoin Continues To Slide But Displays Bullish Divergences On Charts", "text": "Bitcoin over the weekend was seen trading below its critical price support as broader market weakness continues. Traders' confidence in the asset has remained quite low considering the selling pressure in the market.", "source_name": "NewsBTC", "date": "Mon, 02 May 2022 21:00:40 -0400", "topics": [], "sentiment": "Neutral", "type": "Article", "tickers": ["BTC"]}, {"news_url": "https://thecurrencyanalytics.com/bitcoin/bitcoin-market-btc-in-the-making-with-participants-institutions-regulators-and-derivatives-41162.php", "image_url": "https://crypto.snapi.dev/images/v1/q/n/bitcoin-market-btc-in-the-making-with-participants-institutions-regulators-and-derivatives-135907.jpg", "title": "Bitcoin Market (BTC) in the Making with Participants Institutions Regulators and Derivatives", "text": "Catch up on the latest crypto market news at The Currency Analytics. Fundamental analysis is a method of determining a stock's real or \u201cfair market\u201d value.", "source_name": "The Currency Analytics", "date": "Mon, 02 May 2022 20:48:21 -0400", "topics": ["institutions", "regulations"], "sentiment": "Neutral", "type": "Article", "tickers": ["BTC"]}, {"news_url": "https://www.youtube.com/watch?v=HXCfIZzwi8w", "image_url": "https://crypto.snapi.dev/images/v1/h/a/warren-buffett-and-charlie-munger-dont-holdback-on-disdain-for-bitcoin-at-berkshire-annual-meeting-135908.jpg", "title": "Warren Buffett and Charlie Munger don't holdback on disdain for bitcoin at Berkshire annual meeting", "text": "#bitcoin #crypto #WarrenBuffett #YahooFinance MoffettNathanson Partner Lisa Ellis joins Yahoo Finance Live anchor Rachelle Akuffo to discuss takeaways from the annual Berkshire Hathaway sharesholders' meeting, CEO Warren Buffett and Vice-Chair Charles Munger's opinions on crypto, and China's ban on bitcoin. Don't Miss: Valley of Hype: The Culture That Built Elizabeth Holmes WATCH HERE: https://youtu.be/Sb179GLPNYE Watch the 2021 Berkshire Hathaway Annual Shareholders Meeting on YouTube: https://youtu.be/gx-OzwHpM9k Subscribe to Yahoo Finance: https://yhoo.it/2fGu5Bb About Yahoo Finance: At Yahoo Finance, you get free stock quotes, up-to-date news, portfolio management resources, international market data, social interaction and mortgage rates that help you manage your financial life.", "source_name": "Yahoo Finance", "date": "Mon, 02 May 2022 20:40:29 -0400", "topics": [], "sentiment": "Negative", "type": "Video", "tickers": ["BTC"]}, {"news_url": "https://www.coindesk.com/business/2022/05/03/crypto-action-indie-movie-studio-received-10m-in-bitcoin-for-shares-last-october/", "image_url": "https://crypto.snapi.dev/images/v1/e/a/4zrpohrdzveonde2efu4u4lbbe-135904.jpg", "title": "(Crypto) Action! Indie Movie Studio Received $10M in Bitcoin for Shares Last October", "text": "Angel Studios' October 2021 fundraise featured Uncorrelated Ventures and Gigafund, the Elon Musk-aligned VC.", "source_name": "Coindesk", "date": "Mon, 02 May 2022 20:08:00 -0400", "topics": [], "sentiment": "Neutral", "type": "Article", "tickers": ["BTC"]}, {"news_url": "https://news.bitcoin.com/finders-experts-predict-ethereum-price-reaching-5783-this-year-and-23372-by-2030/", "image_url": "https://crypto.snapi.dev/images/v1/i/v/finder-eth-135903.jpg", "title": "Finder's Experts Predict Ethereum Price Reaching $5,783 This Year and $23,372 by 2030", "text": "A panel of crypto industry experts has predicted that the price of ether will reach $5,783 this year, before rising to $11,764 by 2025 and $23,372 by 2030. Most of the experts on the panel are bullish on ether, with 61% saying now is the time to buy and a further 32% saying you should [\u2026]", "source_name": "Bitcoin", "date": "Mon, 02 May 2022 20:00:13 -0400", "topics": [], "sentiment": "Positive", "type": "Article", "tickers": ["ETH"]}, {"news_url": "https://bitcoinmagazine.com/culture/bitcoin-is-the-safest-place-for-your-money", "image_url": "https://crypto.snapi.dev/images/v1/p/c/20220426-btcfinal-shinobi-key-storage-135902.png", "title": "Bitcoin Is The Safest Place For Your Money", "text": "Financial illiteracy is a cardinal issue within societies. By using the Socratic method, we can ask questions that get to the root of the issue.", "source_name": "Bitcoin Magazine", "date": "Mon, 02 May 2022 20:00:00 -0400", "topics": [], "sentiment": "Positive", "type": "Article", "tickers": ["BTC"]}, {"news_url": "https://www.cryptopolitan.com/polkadot-price-analysis-2022-05-02/", "image_url": "https://crypto.snapi.dev/images/v1/f/n/quantitatives-j2z5yahikm0-unsplash-1140x570-135901.jpeg", "title": "Polkadot price analysis: DOT faces roadblocks again after rising up to $15.52", "text": "Polkadot price analysis has shown bearish signs again today, as price dropped to as low as $14.65. After forming an uptrend yesterday up to $15.60, it was expected that DOT would be able to conjure momentum to move up to $16.10.", "source_name": "Cryptopolitan", "date": "Mon, 02 May 2022 19:48:00 -0400", "topics": ["tanalysis"], "sentiment": "Negative", "type": "Article", "tickers": ["DOT"]}, {"news_url": "https://www.thecryptoupdates.com/el-salvador-launches-its-first-bitcoin-diploma-program/", "image_url": "https://crypto.snapi.dev/images/v1/c/i/el-salvador-bitcoin-1-1140x600-1-480x320-135889.jpg", "title": "El Salvador Launches Its First Bitcoin Diploma Program", "text": "Well-known Bitcoin news website Bitcoin Magazine recently tweeted that El Salvador has launched its first Bitcoin Diploma programme with the support of the Ministry of...", "source_name": "TCU", "date": "Mon, 02 May 2022 18:45:14 -0400", "topics": [], "sentiment": "Positive", "type": "Article", "tickers": ["BTC"]}, {"news_url": "https://ambcrypto.com/three-reasons-why-ethereum-eth-is-likely-to-reach-3800-soon/", "image_url": "https://crypto.snapi.dev/images/v1/u/p/840-ahr0chm6ly9zmy5jb2ludgvszwdyyxbolmnvbs91cgxvywrzlziwmjitmduvn2mxotazmtgtmziwyy00ytdkltlizwytywqxm2iwngu5mjq3lmpwzw-135516-135887.jpg", "title": "Three reasons why Ethereum [ETH] is likely to reach $3,800 soon", "text": "Ethereum price shows an interesting development over the course of last week. Despite crashing down, ETH seems to be in a position to show positive returns this week that could push it higher to significant levels.", "source_name": "AMBCrypto", "date": "Mon, 02 May 2022 18:30:31 -0400", "topics": [], "sentiment": "Positive", "type": "Article", "tickers": ["ETH"]}, {"news_url": "https://cryptoslate.com/sec-looks-to-prevent-ripple-from-getting-vital-document-about-its-case/", "image_url": "https://crypto.snapi.dev/images/v1/h/f/ripple-sec-135885.jpg", "title": "SEC looks to prevent Ripple from getting vital document about its case", "text": "The United States Securities and Exchange Commission (SEC) is unwilling to produce documents that show its former finance director, William Hinman, stated that Bitcoin and Ethereum were not securities, according to a tweet from James Filan, a lawyer representing Ripple. The post SEC looks to prevent Ripple from getting vital document about its case appeared first on CryptoSlate.", "source_name": "CryptoSlate", "date": "Mon, 02 May 2022 18:21:16 -0400", "topics": ["regulations"], "sentiment": "Neutral", "type": "Article", "tickers": ["XRP"]}, {"news_url": "https://investorplace.com/2022/05/things-could-get-worse-for-bitcoin-before-they-get-better/", "image_url": "https://crypto.snapi.dev/images/v1/a/g/crypto4-135886.jpg", "title": "Things Could Get Worse For Bitcoin Before They Get Better", "text": "With its price eroding and investor interest waning, now is not a good time to take a position in Bitcoin.", "source_name": "Investorplace", "date": "Mon, 02 May 2022 18:20:42 -0400", "topics": [], "sentiment": "Negative", "type": "Article", "tickers": ["BTC"]}, {"news_url": "https://dailyhodl.com/2022/05/02/top-analyst-maps-out-whats-ahead-for-ethereum-avalanche-and-polkadot-amid-crypto-market-correction/", "image_url": "https://crypto.snapi.dev/images/v1/v/h/dangerous-crypto-sectorjpgw1024-135881.jpg", "title": "Top Analyst Maps Out What's Ahead for Ethereum, Avalanche and Polkadot Amid Crypto Market Correction", "text": "A popular crypto analyst is giving forecasts for Ethereum (ETH), Avalanche (AVAX) and Polkadot (DOT) as the correction in the digital assets market continues. In a new video, pseudonymous analyst Cheds tells his 45,700 subscribers that leading smart contract platform Ethereum could plunge below the $2,000 level as the price of (BTC) threatens to keep [\u2026] The post Top Analyst Maps Out What's Ahead for Ethereum, Avalanche and Polkadot Amid Crypto Market Correction appeared first on The Daily Hodl.", "source_name": "The Daily Hodl", "date": "Mon, 02 May 2022 18:05:28 -0400", "topics": [], "sentiment": "Neutral", "type": "Article", "tickers": ["AVAX", "DOT", "ETH"]}, {"news_url": "https://decrypt.co/99264/argentinas-largest-bank-to-offer-bitcoin-ethereum-trading", "image_url": "https://crypto.snapi.dev/images/v1/8/p/34071746065-384cc3eb85-c-gid-5-135883.jpeg", "title": "Argentina's Largest Private Bank to Offer Bitcoin, Ethereum Trading", "text": "Banco Galicia clients also will be able to transact in USD Coin and XRP.", "source_name": "Decrypt", "date": "Mon, 02 May 2022 18:05:10 -0400", "topics": [], "sentiment": "Positive", "type": "Article", "tickers": ["BTC", "ETH"]}, {"news_url": "https://insidebitcoins.com/news/solana-price-prediction-for-today-may-2-sol-range-bounds-price-may-hit-80-low", "image_url": "https://crypto.snapi.dev/images/v1/g/r/crypto3-135880.jpg", "title": "Solana Price Prediction for Today, May 2: SOL Range-bounds; Price May Hit $80 Low", "text": "The Solana price prediction may head to the downside as the dip is likely to worsen because of a recent decline in the crypto world. [...]", "source_name": "Inside Bitcoins", "date": "Mon, 02 May 2022 18:03:15 -0400", "topics": ["tanalysis"], "sentiment": "Neutral", "type": "Article", "tickers": ["SOL"]}, {"news_url": "https://dailyhodl.com/2022/05/02/bitcoin-ethereum-and-solana-to-resume-uptrend-by-the-end-of-the-year-says-bloomberg-analyst-heres-why/", "image_url": "https://crypto.snapi.dev/images/v1/1/a/bitcion-ethereum-solana-resumejpgw1024-135879.jpg", "title": "Bitcoin, Ethereum and Solana To Resume Uptrend by the End of the Year, Says Bloomberg Analyst \u2013 Here's Why", "text": "Bloomberg Intelligence analyst Mike McGlone says that the blue-chip crypto assets are set to outperform other commodities by the end of the year. In a new interview on the Scott Melker podcast, McGlone says that leading digital assets Bitcoin (BTC), top smart contract platform Ethereum (ETH), and ETH competitor Solana (SOL) will resume their uptrend [\u2026] The post Bitcoin, Ethereum and Solana To Resume Uptrend by the End of the Year, Says Bloomberg Analyst \u2013 Here's Why appeared first on The Daily Hodl.", "source_name": "The Daily Hodl", "date": "Mon, 02 May 2022 18:01:07 -0400", "topics": [], "sentiment": "Positive", "type": "Article", "tickers": ["BTC", "ETH", "SOL"]}, {"news_url": "https://bitcoinmagazine.com/culture/poilievre-brings-bitcoin-adoption-to-canada", "image_url": "https://crypto.snapi.dev/images/v1/q/x/pierr-poilievre-rally-135878.jpg", "title": "Pierre Poilievre Wants To Bring Bitcoin Adoption to Canada", "text": "Canadian politics has transformed from \u201cunimpressive and unambitious\u201d to an exciting new policy direction that includes Bitcoin at the center.", "source_name": "Bitcoin Magazine", "date": "Mon, 02 May 2022 18:00:00 -0400", "topics": [], "sentiment": "Positive", "type": "Article", "tickers": ["BTC"]}, {"news_url": "https://www.newsbtc.com/news/bitcoin/bitcoin-holders-trigger-largest-capitulation-in-its-history-bearish-horizon-for-btc/", "image_url": "https://crypto.snapi.dev/images/v1/v/q/bitcoin-8-135877.jpg", "title": "Bitcoin Holders Trigger Largest Capitulation In Its History, Bearish Horizon For BTC?", "text": "Bitcoin follows a rangebound trajectory as the financial world trends to the downside. The first crypto by market cap is moving around critical areas of support as it was rejected from the low $40,000s.", "source_name": "NewsBTC", "date": "Mon, 02 May 2022 18:00:00 -0400", "topics": [], "sentiment": "Negative", "type": "Article", "tickers": ["BTC"]}, {"news_url": "https://cryptopotato.com/vaneck-announces-launch-of-nft-collection-powered-by-ethereum/", "image_url": "https://crypto.snapi.dev/images/v1/e/w/ethereum-hills-gid-1-135237-135876.jpg", "title": "VanEck Announces Launch of NFT Collection Powered by Ethereum", "text": "VanEck has partnered with South Korean creative NFT agency for the launch of is new NFT collection.", "source_name": "CryptoPotato", "date": "Mon, 02 May 2022 17:55:44 -0400", "topics": ["NFT"], "sentiment": "Neutral", "type": "Article", "tickers": ["ETH"]}, {"news_url": "https://insidebitcoins.com/news/bitcoin-price-prediction-for-today-may-2-btc-retraces-below-39000", "image_url": "https://crypto.snapi.dev/images/v1/e/l/photo-2022-04-29-22-15-05-135365-135871.jpg", "title": "Bitcoin Price Prediction for Today, May 2: BTC Retraces Below $39,000", "text": "The Bitcoin price prediction indicates bearish momentum as the coin fails to cross above the 9-day and 21-day moving averages. BTC/USD Long-term Trend: Ranging (Daily [.", "source_name": "Inside Bitcoins", "date": "Mon, 02 May 2022 17:03:25 -0400", "topics": ["tanalysis"], "sentiment": "Negative", "type": "Article", "tickers": ["BTC"]}, {"news_url": "https://coinpedia.org/ethereum/ethereum-eth-price-predicted-to-hit-10x/", "image_url": "https://crypto.snapi.dev/images/v1/0/h/eth-cover-1-838x440-135117-135868.png", "title": "Ethereum (ETH) Price Predicted To Hit 10x! Here's When and How", "text": "As global threats continue to rise, the overall cryptocurrency market is treading water. The second-largest cryptocurrency by market capitalization, Ethereum (ETH), is still being impacted by the crypto-wide sell-off. ETH has lost over 4% in the last 24 hours and over 5% weekly, outperforming other altcoins with diverse dynamics. \u00a0After failing to break above the \u2026", "source_name": "CoinPedia", "date": "Mon, 02 May 2022 16:41:00 -0400", "topics": [], "sentiment": "Positive", "type": "Article", "tickers": ["ETH"]}, {"news_url": "https://cointelegraph.com/news/afraid-to-buy-the-dip-bitcoin-options-provide-a-safer-way-to-go-long-from-38k", "image_url": "https://crypto.snapi.dev/images/v1/a/x/840-ahr0chm6ly9zmy5jb2ludgvszwdyyxbolmnvbs91cgxvywrzlziwmjitmduvyta2mddkogmtzdlkyy00zja1ltgzodytmtcwndfmoty5zjk4lmpwzw-135867.jpg", "title": "Afraid to buy the dip? Bitcoin options provide a safer way to \u2018go long' from $38K", "text": "BTC price continues to trade in a wide range, providing an opportunity for options traders to use the Iron Condor strategy.", "source_name": "Cointelegraph", "date": "Mon, 02 May 2022 16:35:00 -0400", "topics": [], "sentiment": "Positive", "type": "Article", "tickers": ["BTC"]}, {"news_url": "https://ambcrypto.com/polkadot-what-these-signs-indicate-about-dots-possible-recovery/", "image_url": "https://crypto.snapi.dev/images/v1/w/8/dot-7-1-126813-135866.jpg", "title": "Polkadot: What these signs indicate about DOT's possible recovery", "text": "Disclaimer: The findings of the following analysis are the sole opinions of the writer and should not be considered investment advice. The past month belonged to the sellers as they redefined the sentiment by steering the trend to their fancy.", "source_name": "AMBCrypto", "date": "Mon, 02 May 2022 16:30:11 -0400", "topics": [], "sentiment": "Positive", "type": "Article", "tickers": ["DOT"]}, {"news_url": "https://decrypt.co/99247/ethereum-core-developers-hard-fork-focus-proof-stake-merge", "image_url": "https://crypto.snapi.dev/images/v1/s/r/ethereum-fork-gid-4-135865.jpeg", "title": "Ethereum Core Developers Put Off Hard Fork to Focus on Proof-of-Stake Merge", "text": "Left unaddressed, the difficulty bomb will slow down the Ethereum network. Developers, however, believe there's enough time to handle it later.", "source_name": "Decrypt", "date": "Mon, 02 May 2022 16:21:45 -0400", "topics": ["upgrade"], "sentiment": "Neutral", "type": "Article", "tickers": ["ETH"]}, {"news_url": "https://bitcoinmagazine.com/business/argentina-largest-private-bank-now-allows-users-to-buy-bitcoin", "image_url": "https://crypto.snapi.dev/images/v1/u/x/why-bitcoin-is-a-haven-for-argentina-135864.png", "title": "Argentina's Largest Private Bank Now Allows Users To Buy Bitcoin", "text": "Banco Galicia, the largest private bank in Argentina, is allowing its users to buy, sell, send and receive bitcoin on its mobile application.", "source_name": "Bitcoin Magazine", "date": "Mon, 02 May 2022 16:21:18 -0400", "topics": [], "sentiment": "Positive", "type": "Article", "tickers": ["BTC"]}, {"news_url": "https://cryptopotato.com/ethereum-whales-show-sustained-accumulation-on-chain-data-shows/", "image_url": "https://crypto.snapi.dev/images/v1/2/o/whale-cover-135860.jpg", "title": "Ethereum Whales Show Sustained Accumulation, On-Chain Data Shows", "text": "The pattern represents a departure from a whale sell-off trend that impacted ETH for months.\u00a0", "source_name": "CryptoPotato", "date": "Mon, 02 May 2022 16:15:56 -0400", "topics": ["whales"], "sentiment": "Neutral", "type": "Article", "tickers": ["ETH"]}, {"news_url": "https://u.today/xrp-bitcoin-and-other-coins-now-supported-by-argentinas-largest-private-bank?SNAPI", "image_url": "https://crypto.snapi.dev/images/v1/s/c/screenshot24434464449199-135858.png", "title": "XRP, Bitcoin and Other Coins Now Supported by Argentina's Largest Private Bank", "text": "Argentina's largest private bank, which was founded more than a century ago, now provides its customers with exposure to cryptocurrency", "source_name": "UToday", "date": "Mon, 02 May 2022 16:11:00 -0400", "topics": [], "sentiment": "Positive", "type": "Article", "tickers": ["BTC", "XRP"]}, {"news_url": "https://cointelegraph.com/news/fed-fomc-comments-and-bitcoin-bear-channel-could-kickstart-a-decline-to-28k", "image_url": "https://crypto.snapi.dev/images/v1/v/9/840-ahr0chm6ly9zmy5jb2ludgvszwdyyxbolmnvbs91cgxvywrzlziwmjitmduvytnkndrmnzmtowe1yi00yzrklthlyjqtntixzmm2otjimzqxlmpwzw-135849.jpg", "title": "Fed FOMC comments and Bitcoin \u2018bear channel' could kickstart a decline to $28K", "text": "Crypto market weakness continues into May as analysts suggest that deteriorating sentiment could lead Bitcoin price to re-test $28,000.", "source_name": "Cointelegraph", "date": "Mon, 02 May 2022 15:33:22 -0400", "topics": [], "sentiment": "Negative", "type": "Article", "tickers": ["BTC"]}, {"news_url": "https://www.youtube.com/watch?v=-V17WoTCShc", "image_url": "https://crypto.snapi.dev/images/v1/q/g/what-the-sec-really-wants-for-a-spot-bitcoin-etf-135852.jpg", "title": "What the SEC really wants for a spot-bitcoin ETF?", "text": "(OPTIMIZED VIDEO SPECIFIC DESCRIPTION) \u00bb Subscribe to CNBC TV: https://cnb.cx/SubscribeCNBCtelevision \u00bb Subscribe to CNBC: https://cnb.cx/SubscribeCNBC Turn to CNBC TV for the latest stock market news and analysis. From market futures to live price updates CNBC is the leader in business news worldwide.", "source_name": "CNBC Television", "date": "Mon, 02 May 2022 15:31:20 -0400", "topics": ["regulations"], "sentiment": "Neutral", "type": "Video", "tickers": ["BTC"]}, {"news_url": "https://ambcrypto.com/solana-despite-poor-performance-on-the-charts-sol-continues-to-expand-its-reach/", "image_url": "https://crypto.snapi.dev/images/v1/1/b/sol-8-133394-134688-135848.jpg", "title": "Solana: Despite poor performance on the charts, SOL continues to expand its reach", "text": "The persisting problem of the network outages on Solana has left investors annoyed and frustrated. Still, the larger impact this problem can have is completely overlooked at the moment.", "source_name": "AMBCrypto", "date": "Mon, 02 May 2022 15:30:38 -0400", "topics": [], "sentiment": "Neutral", "type": "Article", "tickers": ["SOL"]}, {"news_url": "https://www.youtube.com/watch?v=YyWwdTNxHQM", "image_url": "https://crypto.snapi.dev/images/v1/i/9/bitcoin-g77d3472fe-1280-135540-135846.jpg", "title": "Bitcoin bulls defend mining in letter to EPA and Wikipedia ends crypto donations: CNBC Crypto World", "text": "CNBC Crypto World features the latest news and daily trading updates from the digital currency markets and provides viewers with a look at what's ahead with high-profile interviews, explainers, and unique stories from the ever-changing crypto industry. On today's show, Darin Feinstein of Core Scientific explains why he chose to co-author a letter to the EPA defending bitcoin mining.", "source_name": "CNBC Television", "date": "Mon, 02 May 2022 15:06:02 -0400", "topics": ["mining"], "sentiment": "Positive", "type": "Video", "tickers": ["BTC"]}, {"news_url": "https://www.newsbtc.com/news/bitcoin/bitcoin-price-continues-struggle-miners-refuse-sell/", "image_url": "https://crypto.snapi.dev/images/v1/n/4/kanchanara-rhm7h8x5j98-unsplash-scaled-135838.jpg", "title": "Bitcoin Price Continues Struggle, But Miners Refuse To Sell", "text": "On-chain data shows while the price of Bitcoin has continued to struggle recently, miners have shown diamond hands. Bitcoin Miner Reserve Holds Still Amid The Recent Price Consolidation As pointed out by an analyst in a CrypoQuant post, BTC miners have been accumulating for some time now, and the dwindling price hasn't scared them.", "source_name": "NewsBTC", "date": "Mon, 02 May 2022 15:00:45 -0400", "topics": ["mining"], "sentiment": "Neutral", "type": "Article", "tickers": ["BTC"]}, {"news_url": "https://bitcoinist.com/indicator-bitcoin-still-reached-bear-market-bottom/", "image_url": "https://crypto.snapi.dev/images/v1/j/j/finance-ga0fb5efd2-1920-630x420-135839.jpg", "title": "This Indicator Says Bitcoin Still Hasn't Reached A Bear Market Bottom", "text": "On-chain data shows Bitcoin hasn't yet hit a bear market bottom as the supply in profit is still more than that in loss. Bitcoin Supply In Profit/Loss Says A Majority Of Network Is Still In Profit As explained by an analyst in a CryptoQuant post, past trend may suggest that the current BTC market still [\u2026]", "source_name": "Bitcoinist", "date": "Mon, 02 May 2022 15:00:38 -0400", "topics": [], "sentiment": "Negative", "type": "Article", "tickers": ["BTC"]}, {"news_url": "https://coinfomania.com/video-startup-angel-studios-discloses-10m-bitcoin-investment/", "image_url": "https://crypto.snapi.dev/images/v1/d/o/donations-135577-135836.png", "title": "Video Startup Angel Studios Discloses $10M Bitcoin Investment", "text": "The community-driven movie streaming platform, Angel Studios, has recently revealed in a filing with the U.S. Securities and Exchange Commission (SEC) that it purchased bitcoin worth more than $10 million.\u00a0 In the filing, Angel Studios noted that its bitcoin purchase was part of its plan to diversify and maximize returns on its cash balances.", "source_name": "Coinfomania", "date": "Mon, 02 May 2022 14:48:24 -0400", "topics": [], "sentiment": "Neutral", "type": "Article", "tickers": ["BTC"]}, {"news_url": "https://decrypt.co/99226/nfts-dead-opensea-daily-trading-record-476m-ethereum", "image_url": "https://crypto.snapi.dev/images/v1/w/b/otherside-trailer-cryptopunks-meebits-nft-gid-4-135835.png", "title": "NFTs Are Dead? OpenSea Just Set a New Daily Trading Record of $476M in Ethereum", "text": "The Bored Ape Yacht Club's metaverse launch helped push OpenSea to a new one-day record, and a strong rebound for the month of April overall.", "source_name": "Decrypt", "date": "Mon, 02 May 2022 14:45:34 -0400", "topics": ["NFT"], "sentiment": "Positive", "type": "Article", "tickers": ["ETH"]}, {"news_url": "https://dailyhodl.com/2022/05/02/warren-buffett-calls-bitcoin-advocates-out-of-their-mind-says-usd-only-real-form-of-money/", "image_url": "https://crypto.snapi.dev/images/v1/0/6/fuel-that-pushes-bitcoinjpgw1024-135830.jpg", "title": "Warren Buffett Calls Bitcoin Advocates \u2018Out of Their Mind,' Says USD Only Real Form of Money", "text": "Legendary investor Warren Buffett is calling out those who think that the US government will allow Bitcoin and crypto assets to proliferate as new forms of money. During the Berkshire Hathaway Annual Shareholder meeting on Saturday, Buffett says that he wouldn't take all the Bitcoin in the world, even if it was offered to him [\u2026] The post Warren Buffett Calls Bitcoin Advocates \u2018Out of Their Mind,' Says USD Only Real Form of Money appeared first on The Daily Hodl.", "source_name": "The Daily Hodl", "date": "Mon, 02 May 2022 14:45:24 -0400", "topics": [], "sentiment": "Neutral", "type": "Article", "tickers": ["BTC"]}, {"news_url": "https://www.youtube.com/watch?v=yOpo4yo-94g", "image_url": "https://crypto.snapi.dev/images/v1/1/i/bitcoin-135460-135837.jpg", "title": "Bitcoin Adoption in Buenos Aires, BTC Downtrend Intact With Support Level at $37K", "text": "\"All About Bitcoin\" host speaks with Diego Fern\u00e1ndez, Buenos Aires Secretary of Innovation and Digital Transformation as the city embracing bitcoin. Plus, bitcoin price analysis from Karim Nurani of investment firm Linqto.", "source_name": "Coindesk", "date": "Mon, 02 May 2022 14:42:08 -0400", "topics": ["tanalysis"], "sentiment": "Positive", "type": "Video", "tickers": ["BTC"]}, {"news_url": "https://dailyhodl.com/2022/05/02/jack-dorsey-michael-saylor-and-bitcoin-community-pen-letter-to-environmental-protection-agency-to-refute-myths/", "image_url": "https://crypto.snapi.dev/images/v1/d/r/dorsey-saylor-penjpgw1024-135829.jpg", "title": "Jack Dorsey, Michael Saylor and Bitcoin Community Pen Letter to Environmental Protection Agency To Refute Myths", "text": "A group of executives from within the Bitcoin industry has written a letter to the U.S. Environmental Protection Agency (EPA) in an effort to debunk myths about the environmental dangers of crypto mining. The letter was in response to a statement from Congress last month calling on the EPA to monitor crypto mining facilities for [\u2026] The post Jack Dorsey, Michael Saylor and Bitcoin Community Pen Letter to Environmental Protection Agency To Refute Myths appeared first on The Daily Hodl.", "source_name": "The Daily Hodl", "date": "Mon, 02 May 2022 14:41:34 -0400", "topics": [], "sentiment": "Neutral", "type": "Article", "tickers": ["BTC"]}, {"news_url": "https://cryptopotato.com/bitcoin-community-sends-letter-to-epa-debunking-proof-of-work-fud/", "image_url": "https://crypto.snapi.dev/images/v1/t/v/bitcoinmining-135826.jpg", "title": "Bitcoin Community Sends Letter to EPA Debunking Proof of Work FUD", "text": "Bitcoin's top figureheads argue that proof of work's environmental impact is overstated, and that proof of stake alternatives are prone to corporate capture.\u00a0", "source_name": "CryptoPotato", "date": "Mon, 02 May 2022 14:35:01 -0400", "topics": [], "sentiment": "Neutral", "type": "Article", "tickers": ["BTC"]}, {"news_url": "https://cointelegraph.com/news/bitcoin-miners-rebut-claims-made-by-us-democratic-legislators-to-epa-administrator", "image_url": "https://crypto.snapi.dev/images/v1/w/j/840-ahr0chm6ly9zmy5jb2ludgvszwdyyxbolmnvbs91cgxvywrzlziwmjitmduvodg2m2fhzwytm2u4zi00zdixlwewodutotriyzrjngnhmwnhlmpwzw-135828.jpg", "title": "Bitcoin miners rebut claims made by US Democratic legislators to EPA administrator", "text": "In a note authored by Michael Saylor, Nic Carter and Darin Feinstein, the Bitcoin Mining Council alleges that lawmakers can't tell the difference between a data center and a power plant.", "source_name": "Cointelegraph", "date": "Mon, 02 May 2022 14:34:20 -0400", "topics": ["mining"], "sentiment": "Neutral", "type": "Article", "tickers": ["BTC"]}, {"news_url": "https://thenewscrypto.com/4000-bitcoin-worth-154231351-usd-transferred-from-unknown-wallet/?SNAPI", "image_url": "https://crypto.snapi.dev/images/v1/z/d/bitcoin-down-1jpgw1024-135528-135824.jpg", "title": "4,000 Bitcoin Worth 154,231,351 USD Transferred From Unknown Wallet", "text": "At around 04:51:56 UTC on 2 May 2022, the transaction was recorded by Whale Alert. Investors and traders may be", "source_name": "TheNewsCrypto", "date": "Mon, 02 May 2022 14:31:32 -0400", "topics": [], "sentiment": "Neutral", "type": "Article", "tickers": ["BTC"]}, {"news_url": "https://investorplace.com/2022/05/solana-infrastructure-firms-increased-support-good-news/", "image_url": "https://crypto.snapi.dev/images/v1/o/b/what-is-solanajpgoptimal-131735-135821.jpg", "title": "Increased Support from Infrastructure Firms Is Great News for Solana", "text": "Solana just received positive news in the form of support to build nodes from seven firms. This is exactly the type of news that matters.", "source_name": "Investorplace", "date": "Mon, 02 May 2022 14:28:44 -0400", "topics": [], "sentiment": "Positive", "type": "Article", "tickers": ["SOL"]}, {"news_url": "https://decrypt.co/99232/vaneck-is-giving-away-1000-ethereum-nfts-and-kindly-asks-that-you-not-sell-them", "image_url": "https://crypto.snapi.dev/images/v1/e/t/eth-bullish-pricejpgw1024-135098-135823.jpg", "title": "VanEck is Giving Away 1,000 Ethereum NFTs\u2014and Kindly Asks That You Not Sell Them", "text": "The collection is divided into three tiers that \"function like a digital membership card,\u201d with the rarer NFTs offering more exclusive perks.", "source_name": "Decrypt", "date": "Mon, 02 May 2022 14:28:41 -0400", "topics": ["NFT"], "sentiment": "Neutral", "type": "Article", "tickers": ["ETH"]}, {"news_url": "https://u.today/streaming-platform-angel-studios-adds-bitcoin-to-its-balance-sheet?SNAPI", "image_url": "https://crypto.snapi.dev/images/v1/n/c/bic-btc-price-floor-dropjpgoptimal-135520-135820.jpg", "title": "Streaming Platform Angel Studios Adds Bitcoin to Its Balance Sheet", "text": "An up-and-coming streaming platform has bought $10 million worth of Bitcoin", "source_name": "UToday", "date": "Mon, 02 May 2022 14:28:00 -0400", "topics": [], "sentiment": "Positive", "type": "Article", "tickers": ["BTC"]}, {"news_url": "https://www.youtube.com/watch?v=wRB5cVKiEpI", "image_url": "https://crypto.snapi.dev/images/v1/m/6/840-ahr0chm6ly9zmy5jb2ludgvszwdyyxbolmnvbs91cgxvywrzlziwmjitmduvnwm1mtgzzdmtodiyyy00zgvmlthkmmetnmm3nzi5zgy2nzlklmpwzw-135532-135825.jpg", "title": "Charlie Munger says don't put bitcoin in your retirement account #Shorts", "text": "Charlie Munger is still down on bitcoin. The investor responded to an audience member question at the 2022 Berkshire Hathaway shareholders meeting, asking what single stock they would invest in given how high inflation has been rising.", "source_name": "CNBC Television", "date": "Mon, 02 May 2022 14:26:50 -0400", "topics": [], "sentiment": "Neutral", "type": "Video", "tickers": ["BTC"]}, {"news_url": "https://www.coindesk.com/business/2022/05/02/marathon-kicks-off-bitcoin-miners-earnings-with-focus-on-rig-deployment-funding/", "image_url": "https://crypto.snapi.dev/images/v1/r/a/crypto11-135071-135505-135819.jpg", "title": "Marathon Kicks Off Bitcoin Miners' Earnings With Focus on Rig Deployment, Funding", "text": "The miner will report its Q1 earnings on Wednesday, followed by its first-ever conference call with analysts and investors.", "source_name": "Coindesk", "date": "Mon, 02 May 2022 14:21:00 -0400", "topics": ["mining"], "sentiment": "Neutral", "type": "Article", "tickers": ["BTC"]}, {"news_url": "https://bitcoinmagazine.com/business/bitcoin-is-a-liquid-alternative-to-cash-says-elon-musks-tesla", "image_url": "https://crypto.snapi.dev/images/v1/e/h/c45fd97d-5fd3-4a98-9a80-3b3608b1367f-the-tesla-lineup-featuring-the-model-s-semi-3-x-135812.png", "title": "Bitcoin Is \u2018A Liquid Alternative To Cash' Says Elon Musk's Tesla", "text": "In a recent SEC filing, Tesla explained bitcoin's liquidity use case while outlining its \u201clong-term potential.\u201d", "source_name": "Bitcoin Magazine", "date": "Mon, 02 May 2022 14:17:32 -0400", "topics": [], "sentiment": "Neutral", "type": "Article", "tickers": ["BTC"]}, {"news_url": "https://cointelegraph.com/news/price-analysis-5-2-btc-eth-bnb-sol-xrp-luna-ada-doge-avax-dot", "image_url": "https://crypto.snapi.dev/images/v1/u/s/10-top-reddit-cryptos-to-invest-now-2022-133120-135810.jpg", "title": "Price analysis 5/2: BTC, ETH, BNB, SOL, XRP, LUNA, ADA, DOGE, AVAX, DOT", "text": "BTC and altcoins are holding at their current support levels, but this week's comments from the Federal Reserve could be a determining factor in short-term price action.", "source_name": "Cointelegraph", "date": "Mon, 02 May 2022 14:08:48 -0400", "topics": ["tanalysis"], "sentiment": "Neutral", "type": "Article", "tickers": ["ADA", "AVAX", "BNB", "BTC", "DOGE", "ETH", "LUNA", "SOL", "XRP", "DOT"]}, {"news_url": "https://www.cryptoglobe.com/latest/2022/05/on-chain-bitcoin-analyst-institutional-money-is-scooping-spot-btc-at-peak-rates/", "image_url": "https://crypto.snapi.dev/images/v1/w/a/dmitry-demidko-og3a-ilg8ay-unsplash-135802.jpg", "title": "On-Chain Bitcoin Analyst: \u2018Institutional Money Is Scooping Spot BTC at Peak Rates'", "text": "Popular on-chain crypto analyst Willy Woo has suggested that Bitcoin ($BTC) is seeing unparalleled demand on the spot market coming from institutional investors who are accumulating the flagship cryptocurrency. According to a tweet Woo shared with his over 1 million followers on the microblogging platform Twitter, the price of Bitcoin has been moving sideways because [\u2026]", "source_name": "CryptoGlobe", "date": "Mon, 02 May 2022 13:50:00 -0400", "topics": ["institutions"], "sentiment": "Neutral", "type": "Article", "tickers": ["BTC"]}, {"news_url": "https://www.coindesk.com/business/2022/05/02/ledn-taps-hoseki-for-bitcoin-proof-of-asset-service-ahead-of-mortgage-launch/", "image_url": "https://crypto.snapi.dev/images/v1/h/y/vy6d2vvvinarhawtbqheavfyti-135800.jpeg", "title": "Ledn Taps Hoseki for Bitcoin Proof-of-Asset Service Ahead of Mortgage Launch", "text": "Hoseki aims to provide a framework for bitcoin holders looking to leverage their BTC.", "source_name": "Coindesk", "date": "Mon, 02 May 2022 13:43:00 -0400", "topics": [], "sentiment": "Positive", "type": "Article", "tickers": ["BTC"]}, {"news_url": "https://www.cnbc.com/2022/05/02/greenwich-mansion-for-sale-will-take-bitcoin-cryptocurrency-as-payment.html", "image_url": "https://crypto.snapi.dev/images/v1/u/h/107054512-dji-0729-1-135801.jpeg", "title": "Greenwich estate owner will accept bitcoin or Ethereum cryptocurrency as payment for $6.5 million property", "text": "The owner of a Greenwich estate is willing to accept cryptocurrency as payment for its $6.5 million asking price.", "source_name": "CNBC", "date": "Mon, 02 May 2022 13:41:45 -0400", "topics": [], "sentiment": "Positive", "type": "Article", "tickers": ["BTC", "ETH"]}, {"news_url": "https://www.cryptopolitan.com/bitcoin-price-analysis-2022-05-02/", "image_url": "https://crypto.snapi.dev/images/v1/o/a/bitcoin-price-analysis-2022-05-02-135799.png", "title": "Bitcoin price analysis: BTC forms descending triangle, ready to move back to $37,500?", "text": "Bitcoin price analysis is bearish today as we have seen another lower high set at $39,000 over the last 24 hours after a substantial retracement. Additionally, the descending resistance line has been confirmed, indicating that another push lower will follow.", "source_name": "Cryptopolitan", "date": "Mon, 02 May 2022 13:41:34 -0400", "topics": ["tanalysis"], "sentiment": "Negative", "type": "Article", "tickers": ["BTC"]}, {"news_url": "https://ambcrypto.com/with-bitcoin-btc-holding-the-fort-at-40k-will-it-be-able-to-stage-a-rally-soon/", "image_url": "https://crypto.snapi.dev/images/v1/w/f/bermix-studio-ax1hn4und-i-unsplash-1-135797.jpg", "title": "With Bitcoin [BTC] holding the fort at $40k, will it be able to stage a rally soon", "text": "The last few weeks must have been hellish for paper hands who hold bitcoin (BTC). With a decline in the price of the cryptocurrency, the $40k level remained a static resistance level as the coin traded below this level for most of last week.", "source_name": "AMBCrypto", "date": "Mon, 02 May 2022 13:30:06 -0400", "topics": [], "sentiment": "Positive", "type": "Article", "tickers": ["BTC"]}, {"news_url": "https://coinpedia.org/price-analysis/here-is-the-upcoming-price-action-for-bitcoin-ethereum-and-ripple/", "image_url": "https://crypto.snapi.dev/images/v1/f/r/crypto9-135795.jpg", "title": "Here Is The Upcoming Price Action For Bitcoin, Ethereum And Ripple", "text": "Though the cryptocurrency market is trading with mixed signals, major cryptocurrencies like Bitcoin, Ethereum, XRP, LUNA among others are trading with a positive price action. Today, after the Bitcoin price battled against bears for several days, it looks to have found the stability with a slight bull run. As the flagship currency finds a recovery \u2026", "source_name": "CoinPedia", "date": "Mon, 02 May 2022 13:22:01 -0400", "topics": [], "sentiment": "Neutral", "type": "Article", "tickers": ["BTC", "ETH", "XRP"]}, {"news_url": "https://cryptopotato.com/xrp-crashes-34-in-april-heres-whats-next-ripple-price-analysis/", "image_url": "https://crypto.snapi.dev/images/v1/s/8/xrp-cryptocurrency-xrp-coin-growth-chart-exchange-chart-127489-129858-132754-135794.jpg", "title": "XRP Loses 34% in April, Here's What's Next (Ripple Price Analysis)", "text": "After Ripple ended April with a 34% red candlestick, it is now on the monthly Fibonacci Retracement at 0.786, and many expect the one-year downtrend to end. Technical Analysis By Grizzly The Daily Chart: On the daily timeframe, after the price could not break the descending line at the end of March, the bears pushed [\u2026]", "source_name": "CryptoPotato", "date": "Mon, 02 May 2022 13:19:29 -0400", "topics": ["tanalysis"], "sentiment": "Negative", "type": "Article", "tickers": ["XRP"]}, {"news_url": "https://cryptonews.com/news/start-gaining-investment-today-with-major-cryptos-like-cronos-cro-ripple-xrp-parody-coin-paro.htm", "image_url": "https://crypto.snapi.dev/images/v1/m/p/unnamed-135783.jpeg", "title": "Start Gaining on Your Investment Today with Major Cryptos Like Cronos (CRO), Ripple (XRP), and Parody Coin (PARO)", "text": "Disclaimer: The text below is an advertorial article that was not written by Cryptonews.com journalists.", "source_name": "Cryptonews", "date": "Mon, 02 May 2022 13:12:00 -0400", "topics": [], "sentiment": "Positive", "type": "Article", "tickers": ["CRO", "PARO", "XRP"]}, {"news_url": "https://cryptopotato.com/4-million-nft-transactions-clogged-solana-causing-another-network-outage/", "image_url": "https://crypto.snapi.dev/images/v1/t/d/solana-135769.jpg", "title": "Millions of NFT Transactions Clogged Solana, Causing Another Network Outage", "text": "The Solana network was down again - this time for 7 hours due to a large number of transactions created by NFT minting bots.", "source_name": "CryptoPotato", "date": "Mon, 02 May 2022 13:05:58 -0400", "topics": ["NFT"], "sentiment": "Negative", "type": "Article", "tickers": ["SOL"]}, {"news_url": "https://www.newsbtc.com/news/bitcoin/billionaire-ricardo-salinas-fires-back-at-warren-buffetts-bitcoin-slander/", "image_url": "https://crypto.snapi.dev/images/v1/v/q/salinas-135755.jpeg", "title": "Billionaire Ricardo Salinas Fires Back At Warren Buffett's Bitcoin Slander", "text": "Bitcoin is not topping the list of the favorite investments of some big names in the financial sector. One of those is billionaire Warren Buffett who has not been shy to voice his displeasure with the digital asset.", "source_name": "NewsBTC", "date": "Mon, 02 May 2022 13:00:04 -0400", "topics": [], "sentiment": "Negative", "type": "Article", "tickers": ["BTC"]}, {"news_url": "https://bitcoinmagazine.com/culture/bitcoin-songsheet-private-property", "image_url": "https://crypto.snapi.dev/images/v1/z/w/20220501-btcfinal-best-jimmy-song-property-rights-bitcoin-songsheet-custom-art-v2-135757.png", "title": "Bitcoin Songsheet: Private Property And Covenants", "text": "Bitcoin stands out because it is a digital bearer asset that gives full private property rights to its users, and development must carefully protect this aspect.", "source_name": "Bitcoin Magazine", "date": "Mon, 02 May 2022 13:00:00 -0400", "topics": [], "sentiment": "Neutral", "type": "Article", "tickers": ["BTC"]}, {"news_url": "https://bitcoinmagazine.com/markets/michael-saylor-jack-dorsey-pen-letter-to-epa-refuting-bitcoin-energy-fud", "image_url": "https://crypto.snapi.dev/images/v1/d/u/mining-135754.jpg", "title": "Michael Saylor, Jack Dorsey Pen Letter To EPA Refuting Bitcoin Energy FUD", "text": "A letter authored by Michael Saylor, Jack Dorsey and other members of the Bitcoin Mining Council was sent to the EPA refuting energy FUD about mining bitcoin.", "source_name": "Bitcoin Magazine", "date": "Mon, 02 May 2022 12:56:28 -0400", "topics": [], "sentiment": "Neutral", "type": "Article", "tickers": ["BTC"]}, {"news_url": "https://dailyhodl.com/2022/05/02/crypto-trader-issues-bitcoin-btc-alert-says-capitulation-may-be-incoming-heres-his-target/", "image_url": "https://crypto.snapi.dev/images/v1/j/t/decent-chance-bitcoinjpgw1024-135753.jpg", "title": "Crypto Trader Issues Bitcoin (BTC) Alert, Says Capitulation May Be Incoming \u2013 Here's His Target", "text": "Widely followed crypto analyst Benjamin Cowen says that a strong capitulation for Bitcoin might be needed before traders can start talking about a bullish reversal. In a new strategy session, Cowen says that previously, he called for a capitulation to fuel the next leg of the Bitcoin's bull run but never really got what he [\u2026] The post Crypto Trader Issues Bitcoin (BTC) Alert, Says Capitulation May Be Incoming \u2013 Here's His Target appeared first on The Daily Hodl.", "source_name": "The Daily Hodl", "date": "Mon, 02 May 2022 12:55:19 -0400", "topics": [], "sentiment": "Negative", "type": "Article", "tickers": ["BTC"]}, {"news_url": "https://decrypt.co/99219/otherside-nft-mint-burned-more-157m-ethereum", "image_url": "https://crypto.snapi.dev/images/v1/b/t/screen-shot-2022-03-19-at-115848-am-gid-5-135756.png", "title": "Otherside NFT Mint Burned More Than $157M in Ethereum", "text": "The weekend's Otherside NFT minting frenzy resulted in the Ethereum network destroying more ETH than it issued.", "source_name": "Decrypt", "date": "Mon, 02 May 2022 12:54:21 -0400", "topics": ["NFT"], "sentiment": "Neutral", "type": "Article", "tickers": ["ETH"]}, {"news_url": "https://www.youtube.com/watch?v=0837r0XRzFU", "image_url": "https://crypto.snapi.dev/images/v1/3/k/warren-buffett-bashes-bitcoin-at-annual-berkshire-hathaway-meeting-135763.jpg", "title": "Warren Buffett bashes bitcoin at annual Berkshire Hathaway meeting", "text": "#WarrenBuffett #BerkshireHathwaway #bitcoin #YahooFinance Yahoo Finance reporter David Hollerith discusses Warren Buffett's take on bitcoin at the 2022 Berkshire Hathaway Annual shareholders meeting. Don't Miss: Valley of Hype: The Culture That Built Elizabeth Holmes WATCH HERE: https://youtu.be/Sb179GLPNYE Watch the 2021 Berkshire Hathaway Annual Shareholders Meeting on YouTube: https://youtu.be/gx-OzwHpM9k Subscribe to Yahoo Finance: https://yhoo.it/2fGu5Bb About Yahoo Finance: At Yahoo Finance, you get free stock quotes, up-to-date news, portfolio management resources, international market data, social interaction and mortgage rates that help you manage your financial life.", "source_name": "Yahoo Finance", "date": "Mon, 02 May 2022 12:44:22 -0400", "topics": [], "sentiment": "Negative", "type": "Video", "tickers": ["BTC"]}, {"news_url": "https://investorplace.com/2022/05/ripple-proves-extreme-difficulty-navigating-legal-waters/", "image_url": "https://crypto.snapi.dev/images/v1/e/j/crypto6-135751.jpg", "title": "Ripple Proves the Extreme Difficulty in Navigating Legal Waters", "text": "While Ripple Labs was on a roll in the courtroom regarding the XRP lawsuit, a setback points to the risks of banking on legal matters.", "source_name": "Investorplace", "date": "Mon, 02 May 2022 12:43:12 -0400", "topics": [], "sentiment": "Negative", "type": "Article", "tickers": ["XRP"]}, {"news_url": "https://investorplace.com/2022/05/ethereum-price-predictions-where-will-the-nft-craze-take-the-eth-crypto-next/", "image_url": "https://crypto.snapi.dev/images/v1/p/e/crypto4-135749.jpg", "title": "Ethereum Price Predictions: Where Will the NFT Craze Take the ETH Crypto Next?", "text": "Ethereum (ETH) price predictions are a hot topic today with investors wondering where the crypto is heading after recent NFT hype.", "source_name": "Investorplace", "date": "Mon, 02 May 2022 12:37:21 -0400", "topics": ["NFT"], "sentiment": "Neutral", "type": "Article", "tickers": ["ETH"]}, {"news_url": "https://insidebitcoins.com/news/bored-ape-raises-285m-from-the-sale-of-ethereum-otherside-nfts", "image_url": "https://crypto.snapi.dev/images/v1/m/s/bayc-nft-buy-135744.png", "title": "Bored Ape raises $285M from the sale of Ethereum Otherside NFTs", "text": "Yuga Labs has released its eagerly-awaited virtual land sale for the metaverse. The Otherside metaverse project has witnessed notable success, and the sale of the [.", "source_name": "Inside Bitcoins", "date": "Mon, 02 May 2022 12:30:45 -0400", "topics": ["NFT"], "sentiment": "Neutral", "type": "Article", "tickers": ["ETH"]}, {"news_url": "https://cryptoticker.io/en/bitcoin-dips-below-40k-why-is-bitcoin-price-down-buy-btc-asap/", "image_url": "https://crypto.snapi.dev/images/v1/g/k/bitcoin-9-135018-135270-135741.jpeg", "title": "Bitcoin dips below 40K \u2013 Why is Bitcoin Price Down? Buy BTC ASAP?", "text": "Why is Bitcoin down today? Is it a good idea to buy Bitcoin below 40K?", "source_name": "CryptoTicker", "date": "Mon, 02 May 2022 12:28:06 -0400", "topics": [], "sentiment": "Negative", "type": "Article", "tickers": ["BTC"]}, {"news_url": "https://u.today/interest-in-polkadot-remains-high-despite-dots-underperformance?SNAPI", "image_url": "https://crypto.snapi.dev/images/v1/u/c/14501-135737.jpg", "title": "Interest in Polkadot Remains High Despite DOT's Underperformance", "text": "Despite a very severe price drop, Polkadot continued to see strong developer activity in the first quarter of 2022", "source_name": "UToday", "date": "Mon, 02 May 2022 12:19:00 -0400", "topics": [], "sentiment": "Positive", "type": "Article", "tickers": ["DOT"]}, {"news_url": "https://cointelegraph.com/news/ethereum-risks-35-drop-by-june-with-eth-price-confirming-ascending-triangle-fakeout", "image_url": "https://crypto.snapi.dev/images/v1/z/1/840-ahr0chm6ly9zmy5jb2ludgvszwdyyxbolmnvbs91cgxvywrzlziwmjitmduvote1yzgzzjytmmfmyi00zthjlwfhnwutmdnlyjm2yjnknwjmlmpwzw-135739.jpg", "title": "Ethereum risks 35% drop by June with ETH price confirming \u2018ascending triangle' fakeout", "text": "Nearly $170 million left Ethereum-based investment funds in 2022, signaling a drop in institutional demand.", "source_name": "Cointelegraph", "date": "Mon, 02 May 2022 12:18:44 -0400", "topics": [], "sentiment": "Negative", "type": "Article", "tickers": ["ETH"]}, {"news_url": "https://www.dcforecasts.com/bitcoin-news/btc-atm-installations-are-reducing-for-the-4th-month-in-2022/", "image_url": "https://crypto.snapi.dev/images/v1/e/j/shutterstock-665971348-134958-135211-135736.jpg", "title": "BTC ATM Installations Are Reducing For The 4th Month In 2022", "text": "The BTC ATM installations are reducing for the 4th consecutive month in 2022 which stems from the regulator's hesitance to adopt the BTC ecosystem so let's read more in today's latest Bitcoin news. April 2022 marked the fourth consecutive month of a reduction in the installation of BTC ATMs and since the slowdown began at [\u2026]", "source_name": "DCForecasts", "date": "Mon, 02 May 2022 12:17:42 -0400", "topics": [], "sentiment": "Negative", "type": "Article", "tickers": ["BTC"]}, {"news_url": "https://insidebitcoins.com/news/solana-experiences-its-seventh-outage-caused-by-nft-minting-bots", "image_url": "https://crypto.snapi.dev/images/v1/o/y/solana-135732.png", "title": "Solana experiences its seventh outage caused by NFT minting bots", "text": "The Solana blockchain underwent a seven-hour outage between Saturday and Sunday last week. The outage was caused by an influx of transactions triggered by non-fungible [.", "source_name": "Inside Bitcoins", "date": "Mon, 02 May 2022 12:12:59 -0400", "topics": ["NFT"], "sentiment": "Negative", "type": "Article", "tickers": ["SOL"]}, {"news_url": "https://investorplace.com/2022/05/solana-outage-leads-to-weekend-sol-crypto-losses/", "image_url": "https://crypto.snapi.dev/images/v1/s/v/crypto3-135733.jpg", "title": "Solana Outage Leads to Weekend SOL Crypto Losses", "text": "The seventh Solana outage of the year happened late Saturday night and held down network operations for hours on end.", "source_name": "Investorplace", "date": "Mon, 02 May 2022 12:12:30 -0400", "topics": [], "sentiment": "Negative", "type": "Article", "tickers": ["SOL"]}], "total_pages": 44}