{"data": [{"news_url": "https://www.fool.com/investing/2022/05/23/this-crypto-will-be-the-ethereum-of-2022/", "image_url": "https://crypto.snapi.dev/images/v1/w/e/webpnet-resizeimage-1-137674-142900-144061.jpg", "title": "This Crypto Will Be the Ethereum of 2022", "text": "Crypto may be in a slump, but that doesn't mean you can't invest.", "source_name": "The Motley Fool", "date": "Mon, 23 May 2022 06:30:00 -0400", "topics": [], "sentiment": "Neutral", "type": "Article", "tickers": ["SOL"]}, {"news_url": "https://www.thecryptoupdates.com/beeple-loses-over-438000-worth-of-ethereum-to-hackers/", "image_url": "https://crypto.snapi.dev/images/v1/0/r/6178499fd9e914879604b77b-beeple-480x320-144012.jpeg", "title": "Beeple Loses Over $438,000 Worth of Ethereum to Hackers", "text": "Beeple informed his followers in the morning through a tweet that his account was hacked and he lost around $438,000 worth of Ethereum. The hacker...", "source_name": "TCU", "date": "Mon, 23 May 2022 06:26:14 -0400", "topics": [], "sentiment": "Negative", "type": "Article", "tickers": ["ETH"]}, {"news_url": "https://u.today/worrying-sign-for-bitcoin-appears-on-chain?SNAPI", "image_url": "https://crypto.snapi.dev/images/v1/k/e/15097-144013.jpg", "title": "Worrying Sign for Bitcoin Appears On-Chain", "text": "But there is nothing wrong with it fundamentally", "source_name": "UToday", "date": "Mon, 23 May 2022 06:25:00 -0400", "topics": [], "sentiment": "Negative", "type": "Article", "tickers": ["BTC"]}, {"news_url": "https://cointelegraph.com/news/wef-2022-ripple-ceo-reveals-he-visited-sec-several-times-before-lawsuit-struck", "image_url": "https://crypto.snapi.dev/images/v1/s/j/840-ahr0chm6ly9zmy5jb2ludgvszwdyyxbolmnvbs91cgxvywrzlziwmjitmduvmjqyndg4zjytztizmi00nznklwe0mtgtzti4n2u3n2m5mzvmlmpwzw-144010.jpg", "title": "WEF 2022: Ripple CEO reveals he visited SEC several times before lawsuit struck", "text": "Brad Garlinghouse, the CEO of cross-border payments company Ripple, spoke during a panel discussion at the WEF 2022.", "source_name": "Cointelegraph", "date": "Mon, 23 May 2022 06:17:34 -0400", "topics": ["regulations"], "sentiment": "Negative", "type": "Article", "tickers": ["XRP"]}, {"news_url": "https://u.today/balenciaga-is-now-accepting-btc-and-eth-payments?SNAPI", "image_url": "https://crypto.snapi.dev/images/v1/q/i/15090-144006.jpg", "title": "Balenciaga Is Now Accepting BTC and ETH Payments", "text": "Fashion house to start accepting payments in BTC and ETH in its flagship stores and online", "source_name": "UToday", "date": "Mon, 23 May 2022 06:04:00 -0400", "topics": [], "sentiment": "Positive", "type": "Article", "tickers": ["BTC", "ETH"]}, {"news_url": "https://insidebitcoins.com/news/ethereum-price-prediction-for-today-may-23-eth-trades-at-2053-as-price-sets-to-rebound", "image_url": "https://crypto.snapi.dev/images/v1/v/w/840-ahr0chm6ly9zmy5jb2ludgvszwdyyxbolmnvbs91cgxvywrzlziwmjitmduvmmi0nju2ntqtodbins00ngi0lwexzjytzdjlm2iyzty0ogm3lmpwzw-142498-142724-144005.jpg", "title": "Ethereum Price Prediction for Today May 23: ETH Targets $2100 as Price Sets to Rebound", "text": "The Ethereum price prediction shows that ETH is attempting to break above $2000 for the coin to create additional gains. Ethereum Prediction Statistics Data: Ethereum [.", "source_name": "Inside Bitcoins", "date": "Mon, 23 May 2022 06:02:32 -0400", "topics": ["tanalysis"], "sentiment": "Positive", "type": "Article", "tickers": ["ETH"]}, {"news_url": "https://news.bitcoin.com/international-monetary-fund-to-assist-el-salvador-in-compiling-bitcoin-adoption-statistics/", "image_url": "https://crypto.snapi.dev/images/v1/0/1/shutterstock-1827838394-144004.jpg", "title": "International Monetary Fund to Assist El Salvador in Compiling Bitcoin Adoption Statistics", "text": "The International Monetary Fund has mentioned it is providing technical assistance to the government of El Salvador in various ways. According to Gerry Rice, a spokesperson for the organization, the group is having talks with people of the Salvadoran government about tax and money laundering matters, including critical issues that the IMF raised in earlier [\u2026]", "source_name": "Bitcoin", "date": "Mon, 23 May 2022 06:00:34 -0400", "topics": [], "sentiment": "Positive", "type": "Article", "tickers": ["BTC"]}, {"news_url": "https://cryptopotato.com/another-crypto-bet-drake-lost-234k-in-btc-on-the-f1-spanish-gp/", "image_url": "https://crypto.snapi.dev/images/v1/7/v/drake2-144002.jpg", "title": "Another Crypto Bet: Drake Lost $234K in BTC on the F1 Spanish GP", "text": "The Canadian singer Drake lost $234,000 worth of bitcoin because Charles Leclerc did not win Spain's Grand Prix.", "source_name": "CryptoPotato", "date": "Mon, 23 May 2022 05:53:34 -0400", "topics": [], "sentiment": "Negative", "type": "Article", "tickers": ["BTC"]}, {"news_url": "https://beincrypto.com/beeple-twitter-exploits-sees-hackers-drain-over-200-eth/", "image_url": "https://crypto.snapi.dev/images/v1/b/e/beeplejpgoptimal-144055.jpg", "title": "Beeple Twitter Exploits Sees Hackers Drain Over 200 ETH", "text": "Digital artist Mike Winkleman, better known as Beeple, has become the latest victim of a phishing attack after his Twitter account was hacked. The post Beeple Twitter Exploits Sees Hackers Drain Over 200 ETH appeared first on BeInCrypto.", "source_name": "BeInCrypto", "date": "Mon, 23 May 2022 05:30:00 -0400", "topics": [], "sentiment": "Negative", "type": "Article", "tickers": ["ETH"]}, {"news_url": "https://en.cryptonomist.ch/2022/05/23/tag-heuer-bitcoin-crypto/", "image_url": "https://crypto.snapi.dev/images/v1/d/2/tag-heuer-bitcoin-crypto-300x200-144016.jpg", "title": "TAG Heuer accepts Bitcoin and crypto payments in the US", "text": "Swiss luxury watches can be bought in cryptocurrencies thanks to partnership with BitPay", "source_name": "The Cryptonomist", "date": "Mon, 23 May 2022 05:24:56 -0400", "topics": [], "sentiment": "Positive", "type": "Article", "tickers": ["BTC"]}, {"news_url": "https://insidebitcoins.com/news/bitcoin-price-prediction-for-today-may-23-btc-could-hit-32000-level", "image_url": "https://crypto.snapi.dev/images/v1/a/c/btc-4-143414-143996.jpeg", "title": "Bitcoin Price Prediction for Today, May 23: BTC Could Hit $32,000 Level", "text": "The Bitcoin price prediction shows that BTC bounces off the support at $29,211 as the coin moves close to the resistance level of $31,000. Bitcoin [.", "source_name": "Inside Bitcoins", "date": "Mon, 23 May 2022 05:18:56 -0400", "topics": ["tanalysis"], "sentiment": "Positive", "type": "Article", "tickers": ["BTC"]}, {"news_url": "https://en.cryptonomist.ch/2022/05/23/eight-red-candles-btc/", "image_url": "https://crypto.snapi.dev/images/v1/z/0/bitcoin-otto-1-300x200-144017.jpg", "title": "Eight Consecutive Red Candles on Weekly Timescale for BTC", "text": "The Fear and Greed Index is 10 Extreme Fear and is -4 from yesterday's reading of 14 Extreme Fear.", "source_name": "The Cryptonomist", "date": "Mon, 23 May 2022 05:18:03 -0400", "topics": [], "sentiment": "Negative", "type": "Article", "tickers": ["BTC"]}, {"news_url": "https://dailyhodl.com/2022/05/23/top-analyst-predicts-relief-rallies-in-bitcoin-btc-ethereum-eth-and-one-more-large-cap-altcoin/", "image_url": "https://crypto.snapi.dev/images/v1/s/o/end-of-year-btc-ethjpgw1024-143995.jpg", "title": "Top Analyst Predicts Relief Rallies in Bitcoin (BTC), Ethereum (ETH) and One More Large-Cap Altcoin", "text": "A popular crypto analyst who continues to build his following with timely altcoin calls says that relief rallies are approaching for Bitcoin (BTC), Ethereum (ETH) and an additional large-cap crypto asset. The pseudonymous analyst known as Kaleo tells his 509,000 Twitter followers that Bitcoin is currently being greatly affected by sell-pressure in the equities markets. [\u2026] The post Top Analyst Predicts Relief Rallies in Bitcoin (BTC), Ethereum (ETH) and One More Large-Cap Altcoin appeared first on The Daily Hodl.", "source_name": "The Daily Hodl", "date": "Mon, 23 May 2022 05:15:44 -0400", "topics": [], "sentiment": "Neutral", "type": "Article", "tickers": ["BTC", "ETH"]}, {"news_url": "https://cointelegraph.com/news/wef-2022-ripple-svp-says-crypto-winter-provides-an-opportunity-to-build", "image_url": "https://crypto.snapi.dev/images/v1/w/t/840-ahr0chm6ly9zmy5jb2ludgvszwdyyxbolmnvbs91cgxvywrzlziwmjitmduvyjfmywe2njctyzzlyy00njgwltg1ztktnduwmjyxnmvjogixlmpwzw-143993.jpg", "title": "WEF 2022: Ripple SVP says crypto winter provides an opportunity to build", "text": "Ripple SVP Brooks Entwistle said that the crypto winter has happened before and will \u201chappen again,\u201d and that people should focus on building instead.", "source_name": "Cointelegraph", "date": "Mon, 23 May 2022 05:07:19 -0400", "topics": [], "sentiment": "Neutral", "type": "Article", "tickers": ["XRP"]}, {"news_url": "https://www.cryptoglobe.com/latest/2022/05/ethereum-eth-creator-vitalik-buterin-the-merge-is-very-close-to-happening/", "image_url": "https://crypto.snapi.dev/images/v1/m/y/money-5511316-1920-143991.jpg", "title": "Ethereum ($ETH) Creator Vitalik Buterin: \u2018The Merge' Is \u2018Very Close to Happening'", "text": "On Friday (May 20), Ethereum Foundation co-founder Vitalik Buterin \u2014 who published the\u00a0original Ethereum white paper\u00a0(titled: \u201cEthereum White Paper: A next-generation smart contract and decentralized application platform\u201d)\u00a0in December 2013 \u2014 talked about Ethereum's upcoming move to a proof-of-stake (PoS) consensus mechanism. Here is how Ethereum Foundation explains The Merge: \u201cIt's important to remember that initially, [\u2026]", "source_name": "CryptoGlobe", "date": "Mon, 23 May 2022 04:58:45 -0400", "topics": [], "sentiment": "Neutral", "type": "Article", "tickers": ["ETH"]}, {"news_url": "https://www.cryptopolitan.com/michael-saylor-market-crash-will-benefit-btc/", "image_url": "https://crypto.snapi.dev/images/v1/a/r/316854dd-9b11-40df-a04d-aab4d1c65c8c-143988.jpeg", "title": "Michael Saylor says market crash will benefit Bitcoin", "text": "Michael Saylor, the CEO, and Co-founder of Microstrategy, has allayed fears over the recent decline posted in the crypto market. According to the Microstrategy boss, this recent crash will position Bitcoin for greater things to come.", "source_name": "Cryptopolitan", "date": "Mon, 23 May 2022 04:51:12 -0400", "topics": [], "sentiment": "Neutral", "type": "Article", "tickers": ["BTC"]}, {"news_url": "https://www.newsbtc.com/news/bitcoin/bitcoin-reclaims-30k-territory/", "image_url": "https://crypto.snapi.dev/images/v1/m/t/vv-1-143984.png", "title": "Bitcoin Reclaims $30K Territory After Recent Weeks' Struggle \u2013 Analysts Weigh In", "text": "Bitcoin recorded a significant positive divergence early\u00a0Monday, following seven days of trading below $30,000. The crypto\u00a0is trading at $30,536.93 at press time, a decrease of 2.5 percent from the previous week, according to Coingecko data.", "source_name": "NewsBTC", "date": "Mon, 23 May 2022 04:23:58 -0400", "topics": [], "sentiment": "Neutral", "type": "Article", "tickers": ["BTC"]}, {"news_url": "https://www.proactiveinvestors.co.uk/companies/news/982923/bitcoin-and-ethereum-advance-as-they-hover-around-key-support-levels-982923.html?SNAPI", "image_url": "https://crypto.snapi.dev/images/v1/u/n/15054-143341-143546-143982.jpg", "title": "Bitcoin and Ethereum advance as they hover around key support levels", "text": "Bitcoin and Ethereum jumped slightly above key support levels as the crypto market continued to plateau on low consumer confidence. The leading digital currencies advanced 3.8% and 4.0% to US$30,530 and US$2,053 but remained close to the levels of the past few weeks.", "source_name": "Proactive Investors", "date": "Mon, 23 May 2022 04:18:02 -0400", "topics": [], "sentiment": "Neutral", "type": "Article", "tickers": ["BTC", "ETH"]}, {"news_url": "https://news.bitcoin.com/central-africa-republics-bitcoin-adoption-the-real-work-must-start-now/", "image_url": "https://crypto.snapi.dev/images/v1/b/j/bitcoin-pizza-day-143805-143980.jpg", "title": "Central Africa Republic's Bitcoin Adoption: The Real Work Must Start Now", "text": "The Central Africa Republic (CAR)'s surprise bitcoin adoption decision once again shows that the top cryptocurrency can be an alternative to fiat currency. However, the African country still needs to invest heavily in its telecommunications infrastructure. The CAR also needs to prioritize education that helps the population to familiarize itself with cryptocurrency basics. The CAR's [\u2026]", "source_name": "Bitcoin", "date": "Mon, 23 May 2022 04:00:55 -0400", "topics": [], "sentiment": "Positive", "type": "Article", "tickers": ["BTC"]}, {"news_url": "https://cointelegraph.com/news/largest-difficulty-drop-since-july-2021-5-things-to-know-in-bitcoin-this-week", "image_url": "https://crypto.snapi.dev/images/v1/d/7/840-ahr0chm6ly9zmy5jb2ludgvszwdyyxbolmnvbs91cgxvywrzlziwmjitmduvogfmmti4mjetymiwms00zdkwlwjimtitowi4ogi3yzdim2rilmpwzw-143978.jpg", "title": "Largest difficulty drop since July 2021 \u2014 5 things to know in Bitcoin this week", "text": "Bitcoin is getting a dose of reality this week as the World Economic Forum convenes and analysts still favor a fresh BTC price drop.", "source_name": "Cointelegraph", "date": "Mon, 23 May 2022 03:55:56 -0400", "topics": [], "sentiment": "Negative", "type": "Article", "tickers": ["BTC"]}, {"news_url": "https://dailyhodl.com/2022/05/23/analyst-who-called-2021-bitcoin-crash-unveils-realistic-price-path-to-new-btc-all-time-high/", "image_url": "https://crypto.snapi.dev/images/v1/m/j/btc-showing-early-signsjpgw1024-143974.jpg", "title": "Analyst Who Called 2021 Bitcoin Crash Unveils Realistic Price Path to New BTC All-Time High", "text": "A closely followed crypto analyst known for accurately calling the crash of May 2021 is laying out a realistic price path for Bitcoin (BTC) to follow to new all-time highs. The pseudonymous analyst known as Dave the Wave tells his 105,000 followers on Twitter that he foresees a potential scenario where Bitcoin chops around for [\u2026] The post Analyst Who Called 2021 Bitcoin Crash Unveils Realistic Price Path to New BTC All-Time High appeared first on The Daily Hodl.", "source_name": "The Daily Hodl", "date": "Mon, 23 May 2022 03:04:52 -0400", "topics": [], "sentiment": "Neutral", "type": "Article", "tickers": ["BTC"]}, {"news_url": "https://www.cryptoglobe.com/latest/2022/05/investment-strategist-lyn-alden-calls-mid-20000-btc-super-deep-value/", "image_url": "https://crypto.snapi.dev/images/v1/y/q/bitcoins-and-dollars-143972.jpg", "title": "Investment Strategist Lyn Alden Calls Mid-$20,000 $BTC \u2018Super Deep Value'", "text": "Highly respected equity research analyst and investment strategist\u00a0Lyn Alden\u00a0says that Bitcoin falling to the mid-$20,000 range would represent \u201csuper deep value\u201d for investors.\u00a0 On May 14, during an interview on the Blockware Intelligence podcast, Alden argued that Bitcoin's recent price fall below $30,000 represents a buying opportunity for investors that are able to capitalize long-term. [\u2026]", "source_name": "CryptoGlobe", "date": "Mon, 23 May 2022 03:00:11 -0400", "topics": [], "sentiment": "Positive", "type": "Article", "tickers": ["BTC"]}, {"news_url": "https://en.cryptonomist.ch/2022/05/23/robert-kiyosaki-bullish-bitcoin-9000/", "image_url": "https://crypto.snapi.dev/images/v1/1/l/sl-052321-43220-06-300x158-143971.jpg", "title": "Robert Kiyosaki remains bullish, but predicts Bitcoin could reach $9,000", "text": "Best-selling author Rich Dad Poor Dad believes Bitcoin could reach $9,000, yet remains bullish", "source_name": "The Cryptonomist", "date": "Mon, 23 May 2022 02:58:09 -0400", "topics": [], "sentiment": "Positive", "type": "Article", "tickers": ["BTC"]}, {"news_url": "https://coinmarketcap.com/alexandria/article/top-bitcoin-critic-reveals-her-son-invests-in-crypto-as-criticism-from-central-banks-grows", "image_url": "https://crypto.snapi.dev/images/v1/j/p/324c7a38bbf54abbb999f720c189b10e-143966.jpg", "title": "Top Bitcoin Critic Reveals Her Son Invests in Crypto, as Criticism from Central Banks Grows", "text": "Christine Lagarde made the admission as she warned about the dangers of digital assets once again \u2014 doubling down on her assertion that virtual currencies are worthless.", "source_name": "CoinMarketCap", "date": "Mon, 23 May 2022 02:19:31 -0400", "topics": [], "sentiment": "Negative", "type": "Article", "tickers": ["BTC"]}, {"news_url": "https://news.8btc.com/buterin-shares-possible-date-for-the-merge-at-eth-shanghai-developer-summit", "image_url": "https://crypto.snapi.dev/images/v1/f/i/finally-the-ethereum-eth-merge-for-pos-can-happen-in-august-2022-143757-144028.jpg", "title": "Buterin Shares Possible Date for The Merge at ETH Shanghai Developer Summit", "text": "In his overview of where Ethereum and its protocol stand at the moment during the ETH Shanghai Web 3.0 Developer Summit, lead Ethereum developer, Vitalik Buterin, said that the much-awaited The Merge upgrade is now likely to happen in the summer - in August and either in September.", "source_name": "8BTC", "date": "Mon, 23 May 2022 01:57:47 -0400", "topics": [], "sentiment": "Neutral", "type": "Article", "tickers": ["ETH"]}, {"news_url": "https://www.investingcube.com/eth-price-prediction-will-ethereum-go-up-soon/", "image_url": "https://crypto.snapi.dev/images/v1/n/l/ethereum-143964.jpg", "title": "ETH Price Prediction: Will Ethereum Go Up Soon?", "text": "ETH price has been in a consolidation mode recently as investors focus on the Federal Reserve and the recent crash of Terra's ecosystem", "source_name": "InvestingCube", "date": "Mon, 23 May 2022 01:55:39 -0400", "topics": [], "sentiment": "Neutral", "type": "Article", "tickers": ["ETH"]}, {"news_url": "https://www.cryptoglobe.com/latest/2022/05/michael-saylor-believes-this-entire-crypto-crash-is-going-to-be-great-for-bitcoin/", "image_url": "https://crypto.snapi.dev/images/v1/e/p/crypto-trading-143963.jpg", "title": "Michael Saylor Believes \u2018This Entire Crypto Crash Is Going to Be Great for Bitcoin'", "text": "Michael J. Saylor, Co-Founder, Chairman, and CEO of Nasdaq-listed business intelligence company\u00a0MicroStrategy Inc.\u00a0(NASDAQ: MSTR),\u00a0says that he thinks the crypto market crash is \u201cgreat\u201d for Bitcoin. It is worth remembering that on 11 August 2020, MicroStrategy announced via a\u00a0press release\u00a0that it had \u201cpurchased 21,454 bitcoins at an aggregate purchase price of $250 million\u201d to use as [\u2026]", "source_name": "CryptoGlobe", "date": "Mon, 23 May 2022 01:49:08 -0400", "topics": [], "sentiment": "Neutral", "type": "Article", "tickers": ["BTC"]}, {"news_url": "https://cryptonews.com/news/bitcoin-and-ethereum-remain-supported-xtz-and-axs-accelerate.htm", "image_url": "https://crypto.snapi.dev/images/v1/z/0/5-cryptocurrency-to-buy-for-price-boom-this-weekend-125182-133516-140883-143348-143958.jpg", "title": "Bitcoin and Ethereum Remain Supported, XTZ and AXS Accelerate", "text": "Bitcoin price remained well bid above the USD 28,500 level and started a fresh increase above the USD 30,000 resistance. It is currently (04:03 UTC) trading near USD 30,200 and facing a strong resistance near the USD 30,500. BTC is up almost 3% in a day and is still down almost 4% in a week.\u00a0\u00a0", "source_name": "Cryptonews", "date": "Mon, 23 May 2022 00:15:00 -0400", "topics": [], "sentiment": "Neutral", "type": "Article", "tickers": ["BTC", "ETH", "XTZ", "AXS"]}, {"news_url": "https://thecurrencyanalytics.com/altcoins/ethereum-2-0-merge-64-new-chains-processing-thousands-of-transactions-per-second-41408.php", "image_url": "https://crypto.snapi.dev/images/v1/r/x/ethereum-20-merge-64-new-chains-processing-thousands-of-transactions-per-second-143954.jpg", "title": "Ethereum 2.0 Merge 64 New Chains Processing Thousands of Transactions Per Second", "text": "Catch up on the latest crypto market news at The Currency Analytics. Merge as we all know is a highly anticipated upgrade to Ethereum.", "source_name": "The Currency Analytics", "date": "Sun, 22 May 2022 23:50:56 -0400", "topics": [], "sentiment": "Neutral", "type": "Article", "tickers": ["ETH"]}, {"news_url": "https://cryptoverze.com/latest-crypto-gaming-craze-is-move-to-earn-solana-app-stepn/", "image_url": "https://crypto.snapi.dev/images/v1/r/r/crypto6-146354.jpg", "title": "Latest crypto gaming craze is \u2018Move-to-earn' Solana app StepN", "text": "StepN, an app that lets users walk and run to earn tokens, has quickly become a household name in the play-to-earn blockchain gaming, or GameFi, world since its launch in December. Every month, there are two to three million users worldwide who are now active on the app, StepN's co-founder Jerry Huang recently told TechCrunch....", "source_name": "Cryptoverze", "date": "Sun, 22 May 2022 23:46:00 -0400", "topics": [], "sentiment": "Neutral", "type": "Article", "tickers": ["SOL"]}, {"news_url": "https://cryptoverze.com/ethereum-to-merge-in-august/", "image_url": "https://crypto.snapi.dev/images/v1/b/g/crypto5-146353.jpg", "title": "Ethereum to Merge in August", "text": "Ethereum (ETH) network will roll out its next major upgrade in August, according to core developer Preston Van Loon who made the statement at a panel at the Permissionless conference. \u201cAs far as we know, if everything goes to plan, August\u2014it just makes sense,\u201d he said before adding, \u201cIf we don't have to move [the...", "source_name": "Cryptoverze", "date": "Sun, 22 May 2022 23:43:00 -0400", "topics": [], "sentiment": "Neutral", "type": "Article", "tickers": ["ETH"]}, {"news_url": "https://www.newsbtc.com/analysis/btc/bitcoin-price-could-explode-30-6k/", "image_url": "https://crypto.snapi.dev/images/v1/q/6/depositphotos-180246254-s-2019-143949.jpg", "title": "TA: Why Bitcoin Price Could Explode Above $30.6K In Near-term", "text": "Bitcoin started a fresh increase from the $28,500 support zone against the US Dollar. BTC could rally if there is a clear move above the $30,600 resistance zone.", "source_name": "NewsBTC", "date": "Sun, 22 May 2022 23:08:09 -0400", "topics": ["tanalysis"], "sentiment": "Positive", "type": "Article", "tickers": ["BTC"]}, {"news_url": "https://coingape.com/?p=113210", "image_url": "https://crypto.snapi.dev/images/v1/w/d/bitcoin-btc-bull-run-143948.jpeg", "title": "Bitcoin (BTC) Registers A Strong Bullish Divergence Moving Past $30,000", "text": "After trading under $30,000 for almost a week, Bitcoin registered a strong bullish divergence on late Sunday, May 22. As of press time, Bitcoin is trading 2.5% up above its crucial resistance of $30,000 levels.", "source_name": "Coingape", "date": "Sun, 22 May 2022 22:52:05 -0400", "topics": [], "sentiment": "Positive", "type": "Article", "tickers": ["BTC"]}, {"news_url": "https://www.crowdfundinsider.com/2022/05/191345-stonex-executes-first-bitcoin-btc-cash-settled-swap/", "image_url": "https://crypto.snapi.dev/images/v1/t/q/btc-4-143414-143947.jpeg", "title": "StoneX Executes First Bitcoin (BTC) Cash-Settled Swap", "text": "StoneX Markets LLC, a subsidiary of StoneX Group Inc., a provider of execution, post-trade settlement, clearing and custody services across asset classes and markets worldwide, has announced that it successfully \u201cexecuted and settled its first cash-settled BTC/USD swap.\u201d The counterparty to the trade was one.", "source_name": "CrowdFundInsider", "date": "Sun, 22 May 2022 22:47:09 -0400", "topics": [], "sentiment": "Neutral", "type": "Article", "tickers": ["BTC"]}, {"news_url": "https://bitcoinist.com/the-merge-could-experience-a-delay-hints-ethereum/", "image_url": "https://crypto.snapi.dev/images/v1/0/n/zoltan-tasi-unxmhzcqjxg-unsplash-640x414-143941.jpg", "title": "Ethereum Co-Founder Hints That The Merge Could Experience A Delay", "text": "The long-awaited Ethereum transition to proof-of-stake (PoS) has been pushed back again and again. According to the latest reports, the date has finally been fixed to August, this year.", "source_name": "Bitcoinist", "date": "Sun, 22 May 2022 21:00:57 -0400", "topics": [], "sentiment": "Negative", "type": "Article", "tickers": ["ETH"]}, {"news_url": "https://www.newsbtc.com/news/polkadot-dot-trades-beneath-11-how-soon-will-it-target-14/", "image_url": "https://crypto.snapi.dev/images/v1/1/w/quantitatives-dyeuzgolgzs-unsplash-1-143940.jpg", "title": "Polkadot (DOT) Trades Beneath $11; How Soon Will It Target $14?", "text": "Polkadot (DOT) has held itself for sometime at the current price level. The consistent downslide of major market movers have pushed many altcoins near their immediate support and below their nearest resistance levels.", "source_name": "NewsBTC", "date": "Sun, 22 May 2022 21:00:44 -0400", "topics": [], "sentiment": "Negative", "type": "Article", "tickers": ["DOT"]}, {"news_url": "https://news.bitcoin.com/cftc-chairman-confirms-bitcoin-ether-are-commodities/", "image_url": "https://crypto.snapi.dev/images/v1/j/d/cftc-143938.jpg", "title": "CFTC Chairman Confirms Bitcoin, Ether Are Commodities", "text": "The chairman of the U.S. Commodity Futures Trading Commission (CFTC) says he is certain bitcoin and ether are commodities. He outlined how his agency is working with the U.S. Securities and Exchange Commission (SEC) to regulate the crypto sector, noting that \u201cthere are no customer protections right now in the crypto market.\u201d Bitcoin and Ether [\u2026]", "source_name": "Bitcoin", "date": "Sun, 22 May 2022 20:00:47 -0400", "topics": [], "sentiment": "Neutral", "type": "Article", "tickers": ["BTC", "ETH"]}, {"news_url": "https://cointelegraph.com/news/top-5-cryptocurrencies-to-watch-this-week-btc-bnb-xmr-etc-mana", "image_url": "https://crypto.snapi.dev/images/v1/v/t/840-ahr0chm6ly9zmy5jb2ludgvszwdyyxbolmnvbs91cgxvywrzlziwmjitmduvyjg2y2e2zwmtztvjoc00ota5lweyogetmdc5ztk1ytnimtq0lmpwzw-143924.jpg", "title": "Top 5 cryptocurrencies to watch this week: BTC, BNB, XMR, ETC, MANA", "text": "BTC price continues to encounter selling pressure, but a brief rally or the start of consolidation could lead to sharp gains in BNB, XMR, ETC and MANA.", "source_name": "Cointelegraph", "date": "Sun, 22 May 2022 16:09:03 -0400", "topics": [], "sentiment": "Positive", "type": "Article", "tickers": ["BNB", "BTC", "MANA", "XMR", "ETC"]}, {"news_url": "https://dailyhodl.com/2022/05/22/xrp-ledger-to-see-carbon-credit-nfts-with-ripples-new-100000000-investment-fund/", "image_url": "https://crypto.snapi.dev/images/v1/m/0/extend-discovery-ripplejpgw1024-143914.jpg", "title": "XRP Ledger To See Carbon Credit NFTs With Ripple's New $100,000,000 Investment Fund", "text": "Ripple Labs is announcing a $100 million investment fund that will see carbon credit non-fungible tokens (NFTs) come to the XRP Ledger. According to a new press release, Ripple's new initiative aims to expedite carbon removal activities and technologies as well as help streamline carbon-focused fintech and crypto projects. \u201cThe funding will continue to support [\u2026] The post XRP Ledger To See Carbon Credit NFTs With Ripple's New $100,000,000 Investment Fund appeared first on The Daily Hodl.", "source_name": "The Daily Hodl", "date": "Sun, 22 May 2022 14:45:10 -0400", "topics": ["NFT"], "sentiment": "Positive", "type": "Article", "tickers": ["XRP"]}, {"news_url": "https://www.cryptoglobe.com/latest/2022/05/fidelity-exec-examines-his-favorite-metrics-to-see-if-btc-is-attractively-valued/", "image_url": "https://crypto.snapi.dev/images/v1/h/x/gold-bitcoin-on-black-background-143903.jpg", "title": "Fidelity Exec Examines His Favorite Metrics To See if $BTC Is \u2018Attractively Valued'", "text": "Recently,\u00a0Jurrien Timmer, Director of Global Macro at Fidelity Investments, looked at various metrics to determine if Bitcoin is \u201cattractively valued\u201d at current price levels. In March 2021 Timmer published a 12-page research paper on Bitcoin (title: \u201cUnderstanding Bitcoin: Does bitcoin belong in asset allocation considerations?\u201d). Timmer started by saying that he intended his\u00a0paper\u00a0to serve as [\u2026]", "source_name": "CryptoGlobe", "date": "Sun, 22 May 2022 14:26:55 -0400", "topics": [], "sentiment": "Positive", "type": "Article", "tickers": ["BTC"]}, {"news_url": "https://www.dcforecasts.com/altcoin-news/ust-and-luna-dump-another-20-btc-rejects-at-30k/", "image_url": "https://crypto.snapi.dev/images/v1/7/u/economist-h-dent-predicts-bitcoin-could-crash-to-3k-before-shooting-to-500k-in-next-global-boom-142736-143401-143900.jpg", "title": "UST And LUNA Dump Another 20%, BTC Rejects At $30K", "text": "UST and LUNA dump another 20% as BTC got rejected at the $30,000 price point we can see more today in our latest altcoin news. UST and LUNA dump again and continue to lose value ever since last week's collapse.", "source_name": "DCForecasts", "date": "Sun, 22 May 2022 14:24:50 -0400", "topics": [], "sentiment": "Negative", "type": "Article", "tickers": ["BTC", "LUNA", "UST"]}, {"news_url": "https://thenewscrypto.com/bitcoin-btc-price-rebounds-but-investors-still-not-optimistic/?SNAPI", "image_url": "https://crypto.snapi.dev/images/v1/f/k/bitcoin-could-hit-4-8m-if-it-became-the-global-reserve-asset-vaneck-143899.jpg", "title": "Bitcoin (BTC) Price Rebounds But Investors Still Not Optimistic", "text": "The recent Terra ecosystem crash, has turned the situation scary. Bitcoin has been up 1.94% in the last 24 hours.", "source_name": "TheNewsCrypto", "date": "Sun, 22 May 2022 14:20:00 -0400", "topics": [], "sentiment": "Negative", "type": "Article", "tickers": ["BTC"]}, {"news_url": "https://u.today/bitcoin-on-track-to-record-8-straight-weeks-of-losses?SNAPI", "image_url": "https://crypto.snapi.dev/images/v1/x/y/13982-1-143898.jpg", "title": "Bitcoin on Track to Record 8 Straight Weeks of Losses", "text": "Bitcoin is poised to record its longest bearish streak in history as it keeps trading below $30,000", "source_name": "UToday", "date": "Sun, 22 May 2022 14:18:00 -0400", "topics": [], "sentiment": "Negative", "type": "Article", "tickers": ["BTC"]}, {"news_url": "https://www.dcforecasts.com/bitcoin-news/bitcoin-ended-the-week-on-the-edge-with-sp-500-in-bear-market/", "image_url": "https://crypto.snapi.dev/images/v1/y/1/btcusd-monthly-returns-chart-screenshot-source-coinglass-143897.png", "title": "Bitcoin Ended The Week On The Edge With S&P 500 In Bear Market", "text": "Bitcoin ended the week on the edge as the S&P 500 got into a bear market, down 20% from its latest peak, which is a warning sign for the risk assets anywhere so let's read more today in our latest Bitcoin news. Bitcoin struggled to recover its losses after the Wall Street trading provided almost [\u2026]", "source_name": "DCForecasts", "date": "Sun, 22 May 2022 14:13:04 -0400", "topics": [], "sentiment": "Negative", "type": "Article", "tickers": ["BTC"]}, {"news_url": "https://ambcrypto.com/gauging-xrps-true-potential-to-break-beyond-the-chains-of-0-4/", "image_url": "https://crypto.snapi.dev/images/v1/v/k/untitled-design-60-143891.png", "title": "Gauging XRP's true potential to break beyond the chains of $0.4", "text": "Disclaimer: The findings of the following analysis are the sole opinions of the writer and should not be considered investment advice. Since the formation of evening star candlesticks from its mid-April highs near the $0.79-level, XRP witnessed massive sell-offs.", "source_name": "AMBCrypto", "date": "Sun, 22 May 2022 13:30:48 -0400", "topics": [], "sentiment": "Positive", "type": "Article", "tickers": ["XRP"]}, {"news_url": "https://www.youtube.com/watch?v=PDt7DZv4VzE", "image_url": "https://crypto.snapi.dev/images/v1/8/r/nfl-defensive-end-alex-barrett-on-taking-his-salary-fully-in-btc-143887.jpg", "title": "NFL Defensive End Alex Barrett on Taking His Salary Fully in BTC", "text": "National Football League (NFL) player Alex Barrett of the San Francisco 49ers has partnered with Bitwage to receive 100% of his paycheck in bitcoin. Barrett joins \"The Hash\" to share insights into his crypto journey and where it fits into the growing crypto enthusiasm in the sports world despite the current market rout.", "source_name": "Coindesk", "date": "Sun, 22 May 2022 13:00:19 -0400", "topics": [], "sentiment": "Positive", "type": "Video", "tickers": ["BTC"]}, {"news_url": "https://bitcoinist.com/u-s-bill-to-include-bitcoin-on-401k-plans/", "image_url": "https://crypto.snapi.dev/images/v1/j/g/bitcoin-7-567x420-143881.jpg", "title": "Bitcoin And Retirement: U.S. House Bill To Include Crypto On 401(K) Plans", "text": "United States Rep. Byron Donalds has initiated a bill to the U.S. House of Representatives seeking to incorporate Bitcoin into every American home's 401(K) retirement plans.", "source_name": "Bitcoinist", "date": "Sun, 22 May 2022 12:30:04 -0400", "topics": [], "sentiment": "Positive", "type": "Article", "tickers": ["BTC"]}, {"news_url": "https://www.cryptopolitan.com/bitcoin-price-analysis-2022-05-22/", "image_url": "https://crypto.snapi.dev/images/v1/b/r/bitcoin-price-analysis-2022-05-22-143880.png", "title": "Bitcoin price analysis: BTC rejects upside at $30,000, another drop overnight?", "text": "Bitcoin price analysis is bearish today as we have seen consolidation and a quick test of the $30,000 over the past hours being met with rejection. Therefore, BTC/USD will soon start to decline again and finally break the $29,000 support.", "source_name": "Cryptopolitan", "date": "Sun, 22 May 2022 12:27:29 -0400", "topics": ["tanalysis"], "sentiment": "Negative", "type": "Article", "tickers": ["BTC"]}, {"news_url": "https://news.bitcoin.com/bitcoin-held-on-trading-platforms-continues-to-drop-lower-over-68-of-the-total-held-by-5-exchanges/", "image_url": "https://crypto.snapi.dev/images/v1/y/3/shutterstock-2044928987-143877.jpg", "title": "Bitcoin Held on Trading Platforms Continues to Drop Lower, Over 68% of the Total Held by 5 Exchanges", "text": "Amid the market carnage tied to Terra's recent fallout, bitcoin sent to exchanges saw a brief spike on May 7, jumping more than 2% higher from 2.481 million to 2.532 million bitcoin. Despite the recent increase of bitcoin sent to trading platforms, the number of bitcoins on exchanges today remains lower than ever before. Bitcoin [\u2026]", "source_name": "Bitcoin", "date": "Sun, 22 May 2022 12:00:55 -0400", "topics": [], "sentiment": "Negative", "type": "Article", "tickers": ["BTC"]}, {"news_url": "https://ambcrypto.com/with-bitcoin-teetering-over-the-30k-edge-is-another-market-wide-panic-underway/", "image_url": "https://crypto.snapi.dev/images/v1/k/j/bitcoin-g6bd6bd25e-1280-143875.jpg", "title": "With Bitcoin teetering over the $30k edge, is another market-wide panic underway", "text": "As crypto enthusiasts worldwide celebrate Bitcoin Pizza Day, investors and traders are left feeling frantic in light of the ongoing market trend, impacting the performance of the star token with Bitcoin [BTC] registering low trade levels that lead to losses. Bitcoin can't stop losing Although it has been over two weeks since the crash of [\u2026]", "source_name": "AMBCrypto", "date": "Sun, 22 May 2022 12:00:52 -0400", "topics": [], "sentiment": "Negative", "type": "Article", "tickers": ["BTC"]}, {"news_url": "https://bitcoinmagazine.com/industry-events/how-bitcoin-pizza-day-resembles-festivus", "image_url": "https://crypto.snapi.dev/images/v1/s/h/img-4945-143878.jpg", "title": "How Bitcoin Pizza Day Resembles Festivus", "text": "Why do we celebrate this joyous holiday, and how does it resemble the quirky holiday of Festivus?", "source_name": "Bitcoin Magazine", "date": "Sun, 22 May 2022 12:00:00 -0400", "topics": [], "sentiment": "Neutral", "type": "Article", "tickers": ["BTC"]}, {"news_url": "https://cryptodaily.co.uk/2022/05/btc-usd-sitting-with-21-per-cent-pullback-in-may-sally-ho-technical-analysis-23-may-2022-btc-bitcoin", "image_url": "https://crypto.snapi.dev/images/v1/d/i/bitcoin-taproot-300x200-143543-143876.jpg", "title": "BTC/USD Sitting with 21% Pullback in May: Sally Ho's Technical Analysis 23 May 2022 BTC", "text": "Bitcoin (BTC/USD) lacked significant upward pressure early in the Asian session as the pair continued to struggle, having lost approximately 21.8% month-to-date.\u00a0 Strong selling pressure recently intensified around the 30512 area and knocked BTC/USD back below the psychologically-important 30000 figure.", "source_name": "Crypto Daily", "date": "Sun, 22 May 2022 12:00:00 -0400", "topics": ["tanalysis"], "sentiment": "Negative", "type": "Article", "tickers": ["BTC"]}, {"news_url": "https://blockchain.news/news/grayscale-wants-sec-to-approve-its-bitcoin-etf-with-public-support", "image_url": "https://crypto.snapi.dev/images/v1/w/n/3a40d3854bb51db6b14427f9d991314f67c64a0b7ddec96419854dea545d9bf1-144412.jpg", "title": "Grayscale Wants SEC's Approval for Bitcoin ETF With Public Support", "text": "Digital assets manager Grayscale Investments is stirring the public to send a message to the US Securities and Exchange Commission with respect to approving the conversion of its flagship product, the Grayscale Bitcoin Trust (GBTC) to a full-fledged spot Bitcoin Exchange Traded Fund (ETF).", "source_name": "Blockchain News", "date": "Sun, 22 May 2022 12:00:00 -0400", "topics": ["regulations"], "sentiment": "Positive", "type": "Article", "tickers": ["BTC"]}, {"news_url": "https://blockchain.news/news/guggenheims-scott-minerd-foresees-8-000-bottom-for-bitcoin", "image_url": "https://crypto.snapi.dev/images/v1/i/o/2305c487d35ecbb0903a092566969355f1f1e1824e6900dcde9be864ec257e92-144407.jpg", "title": "Guggenheim's Scott Minerd Foresees $8,000 Bottom for Bitcoin", "text": "Scott Minerd, a prominent market analyst with Guggenheim Partners is not discounting further drop in the price of Bitcoin (BTC) as the bear market rages on", "source_name": "Blockchain News", "date": "Sun, 22 May 2022 12:00:00 -0400", "topics": [], "sentiment": "Negative", "type": "Article", "tickers": ["BTC"]}, {"news_url": "https://www.cryptopolitan.com/ethereum-price-analysis-2022-05-22/", "image_url": "https://crypto.snapi.dev/images/v1/s/u/ethereum-price-analysis-2022-05-22-143873.png", "title": "Ethereum price analysis: ETH retests upside at $2,000, break higher not yet ready?", "text": "Ethereum price analysis is bearish today as we have seen steady consolidation turn into a weak test of upside. Therefore, we can expect another local lower high to be set and Ethereum to return towards the $1,900 major support.", "source_name": "Cryptopolitan", "date": "Sun, 22 May 2022 11:21:14 -0400", "topics": ["tanalysis"], "sentiment": "Neutral", "type": "Article", "tickers": ["ETH"]}, {"news_url": "https://www.cryptoglobe.com/latest/2022/05/former-fed-chair-bitcoins-main-use-case-is-to-do-ransomware-or-something-like-that/", "image_url": "https://crypto.snapi.dev/images/v1/s/x/bitcoin-on-100-dollar-bill-143871.jpg", "title": "Former Fed Chair: Bitcoin's Main Use Case Is \u2018To Do Ransomware or Something Like That'", "text": "In a recent interview, Dr. Ben S. Bernanke who is \u201ca distinguished senior fellow with the Economic Studies program at the Brookings Institution,\u201d shared his view on cryptocurrencies. According to his Brookings bio,between February 2006 and January 2014, Dr Bernanke was \u201cchairman of the Board of Governors of the Federal Reserve System, having been appointed [\u2026]", "source_name": "CryptoGlobe", "date": "Sun, 22 May 2022 11:05:27 -0400", "topics": [], "sentiment": "Neutral", "type": "Article", "tickers": ["BTC"]}, {"news_url": "https://coinpedia.org/ripple/ripple-vs-sec-update-filings-expected-next-week/", "image_url": "https://crypto.snapi.dev/images/v1/q/6/ripple-price-analysis-2022-05-08-138112-141392-143865.png", "title": "Ripple Vs SEC Update : Filings Expected Next week", "text": "The SEC has been chastised by Ripple general counsel Stuart Alderoty for its \u201chypocrisy.\u201d Alderoty attacks the regulator in another case before the Ripple one, claiming that its \u201chypocrisy was staggering.\u201d #XRPCommunity #XRP Read this from @s_alderoty about SEC hypocrisy \ud83d\udc47\ud83d\udc47 https://t.co/a0pOTf3FHz\u2014 James K. Filan \ud83c\uddfa\ud83c\uddf8\ud83c\uddee\ud83c\uddea96k+ (beware of imposters) (@FilanLaw) May 20, 2022 Previously, the \u2026", "source_name": "CoinPedia", "date": "Sun, 22 May 2022 11:00:24 -0400", "topics": ["regulations"], "sentiment": "Neutral", "type": "Article", "tickers": ["XRP"]}, {"news_url": "https://cryptopotato.com/ripple-price-analysis-xrp-fights-to-reclaim-trendline-providing-support-since-the-march-20-crash/", "image_url": "https://crypto.snapi.dev/images/v1/c/f/14790-139814-143863.jpg", "title": "Ripple Price Analysis:\u00a0XRP Fights to Reclaim Trendline Providing Support Since the March 20 Crash", "text": "Ripple has corrected about 80% since touching the 2021 ATH at $1.97. The downtrend, which has lasted more than 400 days, has left many XRP holders frustrated and exhausted.", "source_name": "CryptoPotato", "date": "Sun, 22 May 2022 10:54:19 -0400", "topics": ["tanalysis"], "sentiment": "Neutral", "type": "Article", "tickers": ["XRP"]}, {"news_url": "https://coinpedia.org/news/crypto-winter-to-continue-for-3-months-more-bitcoin-price-may-drop-below-20k/", "image_url": "https://crypto.snapi.dev/images/v1/l/3/15018-142892-143251-143861.jpg", "title": "Crypto Winter To Continue For 3 Months & More, Bitcoin Price May Drop Below $20K", "text": "Speaking on \u201cMornings with Maria\u201c, Delta blockchain Fund founder Kavita Gupta says that \u201cwe are seeing one of the biggest dips in the crypto market in a long time\u201d as the prices have \u201cslashed down\u201d from all-time highs. And she also believes \u201ca crypto winter is here\u201d as bitcoin traded below $30,000.\u00a0 Further Gupta has \u2026", "source_name": "CoinPedia", "date": "Sun, 22 May 2022 10:40:46 -0400", "topics": [], "sentiment": "Negative", "type": "Article", "tickers": ["BTC"]}, {"news_url": "https://dailyhodl.com/2022/05/22/heres-when-bitcoin-btc-could-carve-a-bottom-based-on-historical-data-according-to-crypto-analyst/", "image_url": "https://crypto.snapi.dev/images/v1/x/w/analyst-btc-warningjpgw1024-143858.jpg", "title": "Here's When Bitcoin (BTC) Could Carve a Bottom Based on Historical Data, According to Crypto Analyst", "text": "A closely tracked crypto strategist is looking at Bitcoin's previous bear markets in an effort to predict the end of BTC's current downtrend. Pseudonymous analyst Rager tells his 207,500 Twitter followers that the length of Bitcoin's 2014 and 2018 bear cycles suggests that BTC has a long a way to go before it can carve [\u2026] The post Here's When Bitcoin (BTC) Could Carve a Bottom Based on Historical Data, According to Crypto Analyst appeared first on The Daily Hodl.", "source_name": "The Daily Hodl", "date": "Sun, 22 May 2022 10:30:41 -0400", "topics": [], "sentiment": "Neutral", "type": "Article", "tickers": ["BTC"]}, {"news_url": "https://cryptopotato.com/btc-facing-critical-decision-ahead-of-a-new-week-bitcoin-price-analysis/", "image_url": "https://crypto.snapi.dev/images/v1/j/o/photo-2021-10-12-13-30-16-143308-143856.jpg", "title": "BTC Facing Critical Decision Ahead of a New Week (Bitcoin Price Analysis)", "text": "Currently, the price is consolidating inside a crucial demand zone. However, considering the current global markets' sentiment and recent price action, it's too early to label the present region as the bottom.", "source_name": "CryptoPotato", "date": "Sun, 22 May 2022 10:26:32 -0400", "topics": ["tanalysis"], "sentiment": "Neutral", "type": "Article", "tickers": ["BTC"]}, {"news_url": "https://cointelegraph.com/news/dollar-cost-averaging-or-lump-sum-which-bitcoin-strategy-works-best-regardless-of-price", "image_url": "https://crypto.snapi.dev/images/v1/m/c/840-ahr0chm6ly9zmy5jb2ludgvszwdyyxbolmnvbs91cgxvywrzlziwmjitmduvnzgwmmm5otmtmtmymi00mji4ltg0mtktoguznzbkmti3n2qxlmpwzw-143855.jpg", "title": "Dollar Cost Averaging or Lump-sum: Which Bitcoin strategy works best regardless of price?", "text": "A dollar invested into Bitcoin every month since December 2017 has provided investors a cumulative return of $160.", "source_name": "Cointelegraph", "date": "Sun, 22 May 2022 10:25:00 -0400", "topics": [], "sentiment": "Neutral", "type": "Article", "tickers": ["BTC"]}, {"news_url": "https://www.cryptopolitan.com/ripple-price-analysis-2022-05-22/", "image_url": "https://crypto.snapi.dev/images/v1/p/c/ripple-price-analysis-2022-05-22-143853.png", "title": "Ripple price analysis: XRP continues consolidation at $0.40, upside still to be tested?", "text": "Ripple price analysis is bearish today as we have seen another test of the $0.40 support and consolidation ever since. Therefore, XRP/USD is still to post another test of upside towards the $0.44 mark.", "source_name": "Cryptopolitan", "date": "Sun, 22 May 2022 10:14:41 -0400", "topics": ["tanalysis"], "sentiment": "Positive", "type": "Article", "tickers": ["XRP"]}, {"news_url": "https://www.newsbtc.com/news/bitcoin/hammer-time-the-bullish-signal-that-could-save-bitcoin/", "image_url": "https://crypto.snapi.dev/images/v1/h/j/one-metric-indicates-bitcoinjpgw1024-143653-143852.jpg", "title": "Hammer Time: The Bullish Signal That Could Save Bitcoin", "text": "Bitcoin price is still struggling to hold onto support at $30,000 on high timeframes after smashing through it more than a week ago now. With buyers stepping in after the plunge, there is a chance for bulls to stop the downside with a bullish reversal candlestick setup.", "source_name": "NewsBTC", "date": "Sun, 22 May 2022 10:03:55 -0400", "topics": [], "sentiment": "Positive", "type": "Article", "tickers": ["BTC"]}, {"news_url": "https://www.youtube.com/watch?v=wYYIQS2fVJA", "image_url": "https://crypto.snapi.dev/images/v1/s/e/hxro-ceo-on-crypto-markets-analysis-trends-in-bitcoin-options-trades-143854.jpg", "title": "Hxro CEO on Crypto Markets Analysis, Trends in Bitcoin Options Trades", "text": "Dan Gunsberg, co-founder and CEO of crypto options trading platform Hxro, discusses his crypto markets analysis and outlook, sharing insights into how investors are positioning themselves in options against high volatility following the Terra Luna unwind. Plus, institutional vs retail activity, altcoins, and why \"it's time to move on\" from Terra.", "source_name": "Coindesk", "date": "Sun, 22 May 2022 10:00:19 -0400", "topics": [], "sentiment": "Neutral", "type": "Video", "tickers": ["BTC"]}, {"news_url": "https://cointelegraph.com/news/cointelegraph-store-introducing-bitcoin-pizza-day-merch-for-crypto-ogs", "image_url": "https://crypto.snapi.dev/images/v1/g/s/840-ahr0chm6ly9zmy5jb2ludgvszwdyyxbolmnvbs91cgxvywrzlziwmjitmduvmmmzytzhodatmjnhys00zda1lwizytgtnde5yjvmzdrinzgzlmpwzw-143847.jpg", "title": "Cointelegraph Store: Introducing Bitcoin Pizza Day merch for crypto OGs", "text": "Celebrating the first real word Bitcoin transaction, Cointelegraph launched a brand new, limited-time \"Bitcoin Pizza Collection.\" Join in on the tradition and grab some of the coolest crypto merch.", "source_name": "Cointelegraph", "date": "Sun, 22 May 2022 09:45:00 -0400", "topics": [], "sentiment": "Neutral", "type": "Article", "tickers": ["BTC"]}, {"news_url": "https://www.cryptopolitan.com/solana-price-analysis-2022-05-22/", "image_url": "https://crypto.snapi.dev/images/v1/e/y/sol-4-143846.jpg", "title": "Solana price analysis: SOL illustrates positive momentum at $51.7", "text": "Solana price analysis shows partial bearish momentum with room for further upward activities. The bears rule the SOL market and are likely to maintain their momentum, and SOL now expects a further increment in the coming days.", "source_name": "Cryptopolitan", "date": "Sun, 22 May 2022 09:41:34 -0400", "topics": ["tanalysis"], "sentiment": "Positive", "type": "Article", "tickers": ["SOL"]}, {"news_url": "https://coingape.com/?p=113206", "image_url": "https://crypto.snapi.dev/images/v1/v/s/bitcoin-143843.jpeg", "title": "Bitcoin Price Analysis: Trapped Bullish Momentum Need Triangle Breakout", "text": "The Bitcoin(BTC) traders' tug of war around the $30000 adds uncertainty to the market. Moreover, this consolidation forms a symmetrical triangle pattern, reflecting a potential rally for BTC.", "source_name": "Coingape", "date": "Sun, 22 May 2022 09:25:15 -0400", "topics": ["tanalysis"], "sentiment": "Neutral", "type": "Article", "tickers": ["BTC"]}, {"news_url": "https://www.dcforecasts.com/bitcoin-news/bitcoin-is-about-to-close-8-consecutive-week-in-red/", "image_url": "https://crypto.snapi.dev/images/v1/8/p/dmitry-demidko-og3a-ilg8ay-unsplash-143089-143442-143841.jpg", "title": "Bitcoin Is About To Close 8 Consecutive Week In Red", "text": "Bitcoin is about to close 8 consecutive weeks in red and is on the verge of another red weekly candle so let's read more today in our latest Bitcoin news. Despite challenging $30,000 a day ago at one point, Bitcoin was unable to overcome it and remain stuck below the line so most altcoins are [\u2026]", "source_name": "DCForecasts", "date": "Sun, 22 May 2022 09:18:00 -0400", "topics": [], "sentiment": "Negative", "type": "Article", "tickers": ["BTC"]}, {"news_url": "https://cryptopotato.com/swiss-luxury-watchmaker-tag-heuer-accepts-bitcoin-shiba-inu-stablecoin-payments-in-the-us/", "image_url": "https://crypto.snapi.dev/images/v1/7/h/tag-heuer-143839.jpg", "title": "Swiss Luxury Watchmaker Tag Heuer Accepts Bitcoin, Shiba Inu, Stablecoin Payments in the US", "text": "The Swiss luxury watchmaker did not cancel the possibility of offering cryptocurrency payments in stores in the future.", "source_name": "CryptoPotato", "date": "Sun, 22 May 2022 09:11:14 -0400", "topics": ["stablecoins"], "sentiment": "Positive", "type": "Article", "tickers": ["BTC", "SHIB"]}, {"news_url": "https://www.dcforecasts.com/bitcoin-news/pizzadao-will-host-worlds-biggest-party-to-celebrate-first-btc-buy/", "image_url": "https://crypto.snapi.dev/images/v1/8/j/pizza-1-143838.jpg", "title": "PizzaDAO Will Host World's Biggest Party To Celebrate First BTC Buy", "text": "PizzaDAO will host the world's biggest pizza party in order to celebrate the first Bitcoin purchase in more than 75 countries so let's read more today In our latest Bitcoin news. PizzaDAO will host a worldwide pizza party by having local pizzerias in more than 75 countries distribute free Pizza due to the Bitcoin Pizza [\u2026]", "source_name": "DCForecasts", "date": "Sun, 22 May 2022 09:02:35 -0400", "topics": [], "sentiment": "Neutral", "type": "Article", "tickers": ["BTC"]}, {"news_url": "https://bitcoinmagazine.com/culture/pizza-day-bitcoin-was-first-used-as-payment-12-years-ago", "image_url": "https://crypto.snapi.dev/images/v1/6/c/img-6555-143836.png", "title": "Bitcoin Pizza Day: P2P Digital Cash Actualized 12 Years Ago", "text": "While many like to use Bitcoin Pizza Day as a meme, it actualized Satoshi Nakamoto's goal with their invention: digital money without intermediaries.", "source_name": "Bitcoin Magazine", "date": "Sun, 22 May 2022 09:00:00 -0400", "topics": [], "sentiment": "Neutral", "type": "Article", "tickers": ["BTC"]}, {"news_url": "https://investorplace.com/2022/05/the-3-best-coins-in-defi-crypto-to-buy-on-any-dips/", "image_url": "https://crypto.snapi.dev/images/v1/c/r/crypto11-143835.jpg", "title": "The 3 Best Coins in DeFi Crypto to Buy on Any Dips", "text": "DeFi has grown rapidly for the past three years. However, it is still far from being mainstream and an early investment should be considered.", "source_name": "Investorplace", "date": "Sun, 22 May 2022 08:30:40 -0400", "topics": [], "sentiment": "Positive", "type": "Article", "tickers": ["AVAX", "ETH", "UNI"]}, {"news_url": "https://www.cryptoglobe.com/latest/2022/05/bitcoin-mining-firms-thriving-in-china-despite-ban/", "image_url": "https://crypto.snapi.dev/images/v1/6/p/bitcoin-143137-143485-143833.jpeg", "title": "Bitcoin Mining Firms Thriving in China Despite Ban", "text": "Despite the ban on Bitcoin mining in China, the industry appears to be thriving.\u00a0 A report by CoinDesk published on May 17 says that \u2014 \u201caccording to the CCAF's Bitcoin Electricity Consumption Index (CBECI), which maps the mining activity around the world based on the geolocational data reported by partnering pools\u201d \u2014 China was the [\u2026]", "source_name": "CryptoGlobe", "date": "Sun, 22 May 2022 08:19:28 -0400", "topics": ["mining"], "sentiment": "Neutral", "type": "Article", "tickers": ["BTC"]}, {"news_url": "https://www.dcforecasts.com/ripple-news/ripple-xrp-falls-below-0-43-with-bears-taking-control-of-the-market/", "image_url": "https://crypto.snapi.dev/images/v1/l/3/xrppp-140747-143814.webp", "title": "Ripple XRP Falls Below $0.43 With Bears Taking Control Of The Market", "text": "Ripple XRP falls below $0.43 with the bears taking control of the market after a huge slump in the past week. The price managed to regain its stance in the long run but the bulls are moving the bears in the current market momentum so let's read more today in our latest Ripple news.", "source_name": "DCForecasts", "date": "Sun, 22 May 2022 08:01:37 -0400", "topics": [], "sentiment": "Negative", "type": "Article", "tickers": ["XRP"]}, {"news_url": "https://dailyhodl.com/2022/05/22/crypto-hedge-fund-ceo-su-zhu-lists-three-potential-catalysts-for-next-bitcoin-btc-rally/", "image_url": "https://crypto.snapi.dev/images/v1/m/o/drive-btc-50-monthjpgw1024-143810.jpg", "title": "Crypto Hedge Fund CEO Su Zhu Lists Three Potential Catalysts for Next Bitcoin (BTC) Rally", "text": "Su Zhu, the CEO of crypto hedge fund Three Arrows Capital, says that he sees three potential catalysts that could trigger a new Bitcoin (BTC) bull market. The crypto veteran first notes why he believes Bitcoin is entering an accumulation range and suggests that the downtrend doesn't have much further to go. According to Zhu, [\u2026] The post Crypto Hedge Fund CEO Su Zhu Lists Three Potential Catalysts for Next Bitcoin (BTC) Rally appeared first on The Daily Hodl.", "source_name": "The Daily Hodl", "date": "Sun, 22 May 2022 07:45:55 -0400", "topics": ["institutions"], "sentiment": "Positive", "type": "Article", "tickers": ["BTC"]}, {"news_url": "https://ambcrypto.com/red-or-green-identifying-what-color-bitcoin-btc-is-today/", "image_url": "https://crypto.snapi.dev/images/v1/c/q/dmitry-demidko-z4vurg-zoeg-unsplash-1-e1653205601529-143807.jpg", "title": "Red or green? Identifying what color Bitcoin [BTC] is today", "text": "The king coin still seems to be in hiding and recovering from what seemed like an exhausting bear chase. Despite Bitcoin's best efforts of late, BTC slipped back below $30K once again.", "source_name": "AMBCrypto", "date": "Sun, 22 May 2022 07:30:51 -0400", "topics": [], "sentiment": "Neutral", "type": "Article", "tickers": ["BTC"]}, {"news_url": "https://cryptoslate.com/pizzadao-to-host-worlds-biggest-pizza-party-on-may-22-to-commemorate-first-btc-purchase/", "image_url": "https://crypto.snapi.dev/images/v1/u/v/bitcoin-pizza-day-143805.jpg", "title": "PizzaDAO to host world's biggest pizza party on May 22 to commemorate first BTC purchase", "text": "PizzaDAO is sponsoring more than 100 local pizzerias from 75 countries to give away free pizza to celebrate Bitcoin Pizza Day on May 22. The post PizzaDAO to host world's biggest pizza party on May 22 to commemorate first BTC purchase appeared first on CryptoSlate.", "source_name": "CryptoSlate", "date": "Sun, 22 May 2022 07:01:16 -0400", "topics": [], "sentiment": "Neutral", "type": "Article", "tickers": ["BTC"]}, {"news_url": "https://invezz.com/news/2022/05/22/ethereum-ripple-litecoin-price-analysis-roundup/", "image_url": "https://crypto.snapi.dev/images/v1/b/a/skybridge-given-green-light-to-invest-in-cryptocurrency-740x416-143801.jpg", "title": "Ethereum, Ripple, Litecoin price analysis roundup", "text": "May has been a negative month for the cryptocurrency market so far, Bitcoin is trading below $30000, and the risk of further decline is not over. This situation also negatively influences Ethereum ETH/USD, Ripple XRP/USD, and Litecoin LTC/USD. The entire crypto market currently stands at $1.26 trillion after peaking at $2.9 trillion in November 2021, [\u2026] The post Ethereum, Ripple, Litecoin price analysis roundup appeared first on Invezz.", "source_name": "Invezz", "date": "Sun, 22 May 2022 06:36:34 -0400", "topics": ["tanalysis"], "sentiment": "Neutral", "type": "Article", "tickers": ["ETH", "LTC", "XRP"]}, {"news_url": "https://coinfomania.com/crypto-price-analysis-kava-jumps-13-as-dot-and-doge-sees-little-improvements/", "image_url": "https://crypto.snapi.dev/images/v1/c/o/coins-g10c522227-1280-139638-143828.jpg", "title": "Crypto Price Analysis: KAVA Jumps 13% as DOT and DOGE Sees Little Improvements", "text": "Kava and other cryptocurrencies are seeing more buying pressure. This has resulted in an increase in their prices.", "source_name": "Coinfomania", "date": "Sun, 22 May 2022 06:11:30 -0400", "topics": ["tanalysis"], "sentiment": "Positive", "type": "Article", "tickers": ["DOGE", "DOT", "KAVA"]}, {"news_url": "https://cointelegraph.com/news/bitcoin-targets-record-8th-weekly-red-candle-while-btc-price-limits-weekend-losses", "image_url": "https://crypto.snapi.dev/images/v1/r/v/840-ahr0chm6ly9zmy5jb2ludgvszwdyyxbolmnvbs91cgxvywrzlziwmjatmdkvotyzmdq4n2etyjm3mc00ytewltk1mgutnzyyztawndlkmzkzlmpwzw-143800.jpg", "title": "Bitcoin targets record 8th weekly red candle while BTC price limits weekend losses", "text": "The weekly chart looks decidedly grim for BTC/USD despite a lack of volatility over the weekend.", "source_name": "Cointelegraph", "date": "Sun, 22 May 2022 06:03:23 -0400", "topics": [], "sentiment": "Negative", "type": "Article", "tickers": ["BTC"]}, {"news_url": "https://coingape.com/?post_type=blog&p=113020", "image_url": "https://crypto.snapi.dev/images/v1/9/q/solana-2-143795.jpg", "title": "5 Exciting Projects Building On Solana That You Should Know", "text": "Crypto projects have become the talk of the town in recent days everyone seems to be getting on the crypto train. But within the crypto space as well, some projects have outshone the others.", "source_name": "Coingape", "date": "Sun, 22 May 2022 05:57:00 -0400", "topics": [], "sentiment": "Positive", "type": "Article", "tickers": ["SOL"]}, {"news_url": "https://bitcoinist.com/crypto-disaster-buterin-is-no-longer-a-billionaire/", "image_url": "https://crypto.snapi.dev/images/v1/q/t/ethereum-640x360-143788.jpg", "title": "Crypto Disaster: Ethereum Co-Founder Vitalik Buterin Claims He's Not A Billionaire Anymore", "text": "The recent crypto market crisis has not only hurt investors, but also notable entrepreneurs, erasing billions of dollars from their fortunes. Vitalik Buterin, co-founder of Ethereum, is one example.", "source_name": "Bitcoinist", "date": "Sun, 22 May 2022 04:51:21 -0400", "topics": [], "sentiment": "Negative", "type": "Article", "tickers": ["ETH"]}, {"news_url": "https://ambcrypto.com/sec-v-ripple-amici-takes-aim-at-doodys-reasonable-xrp-holders-assertion/", "image_url": "https://crypto.snapi.dev/images/v1/p/2/duy-pham-cecb0-8hx-o-unsplash-143786.jpg", "title": "SEC v. Ripple \u2013 Amici takes aim at Doody's \u2018reasonable' XRP holders assertion", "text": "The lawsuit between American regulators (SEC) and the San Francisco-based fintech firm Ripple continues to see new developments. Ergo, it is perhaps no surprise that holders of XRP have grown impatient given the dynamics and volatility of the cryptocurrency space.", "source_name": "AMBCrypto", "date": "Sun, 22 May 2022 04:30:18 -0400", "topics": ["regulations"], "sentiment": "Positive", "type": "Article", "tickers": ["XRP"]}, {"news_url": "https://thecurrencyanalytics.com/altcoins/why-bitcoin-btc-is-the-formula-for-success-everything-else-is-labelled-securities-41423.php", "image_url": "https://crypto.snapi.dev/images/v1/c/x/why-bitcoin-btc-is-the-formula-for-success-everything-else-is-labelled-securities-143784.jpg", "title": "Why Bitcoin (BTC) is the Formula for Success? Everything Else is labelled Securities", "text": "Catch up on the latest crypto market news at The Currency Analytics. Michael Saylor:\u00a0 This week before the House Appropriations Committee on 5/18, Gary Gensler reiterated that most cryptos other than Bitcoin\u2026 The post Why Bitcoin (BTC) is the Formula for Success?", "source_name": "The Currency Analytics", "date": "Sun, 22 May 2022 04:05:37 -0400", "topics": [], "sentiment": "Positive", "type": "Article", "tickers": ["BTC"]}, {"news_url": "https://u.today/pharma-bro-martin-shkreli-is-bullish-on-solana-ethereum-and-algorand?SNAPI", "image_url": "https://crypto.snapi.dev/images/v1/g/8/crypto1-136146-143783.jpg", "title": "\u201cPharma Bro\u201d Martin Shkreli Is Bullish on Solana, Ethereum and Algorand", "text": "Martin Shkreli predicts that Ethereum's market cap will eventually eclipse that of Bitcoin", "source_name": "UToday", "date": "Sun, 22 May 2022 04:00:00 -0400", "topics": [], "sentiment": "Positive", "type": "Article", "tickers": ["ALGO", "ETH", "SOL"]}, {"news_url": "https://www.altcoinbuzz.io/top-article/cosmos-atom-vs-polkadot-dot-which-is-best/", "image_url": "https://crypto.snapi.dev/images/v1/c/r/crypto2-127117-143817.jpg", "title": "Cosmos Vs Polkadot \u2013 Which is Best?", "text": "It is true that there is no project that is not bleeding at this moment because of the bear market, but like with everything in life, it will have its end. What will you do at that moment?", "source_name": "Altcoin Buzz", "date": "Sun, 22 May 2022 03:00:03 -0400", "topics": [], "sentiment": "Neutral", "type": "Article", "tickers": ["ATOM", "DOT"]}, {"news_url": "https://cryptoticker.io/en/how-long-will-the-bitcoin-bear-market-last/", "image_url": "https://crypto.snapi.dev/images/v1/v/5/jievani-weerasinghe-nhrm1u4gd-a-unsplash-scaled-143455-143777.jpg", "title": "How long will the Bitcoin bear market last?", "text": "How long will the Bitcoin bear market last? In this article, we analyze the factors that led to a bear market, and how prices could develop.", "source_name": "CryptoTicker", "date": "Sun, 22 May 2022 02:50:00 -0400", "topics": [], "sentiment": "Negative", "type": "Article", "tickers": ["BTC"]}, {"news_url": "https://coinpedia.org/bitcoin/bitcoin-downtrend-to-continue-this-week-btc-price-on-verge-to-plunge-52/", "image_url": "https://crypto.snapi.dev/images/v1/t/5/photo-2021-10-12-13-30-16-143308-143773.jpg", "title": "Bitcoin Downtrend To Continue This Week! BTC Price On Verge To Plunge 52%", "text": "The global crypto market cap increased by 1.83 percent to $1.26 trillion on May 22, indicating that most cryptocurrencies benefited. After failing to hold the $30,000 level, Bitcoin (BTC) has continued to decline. Volatility has decreased recently, implying that there will be fewer abrupt movements over the weekend. If the rate falls below $29,000, the \u2026", "source_name": "CoinPedia", "date": "Sun, 22 May 2022 02:38:13 -0400", "topics": [], "sentiment": "Negative", "type": "Article", "tickers": ["BTC"]}, {"news_url": "https://cointelegraph.com/news/bitcoin-pizza-day-rewind-a-homage-to-weird-and-wonderful-btc-purchases", "image_url": "https://crypto.snapi.dev/images/v1/3/b/840-ahr0chm6ly9zmy5jb2ludgvszwdyyxbolmnvbs91cgxvywrzlziwmjitmduvndlmzjbkndetmdnmzs00y2iwltk4zdctndhlyjq3nda0mdvklmpwzw-143771.jpg", "title": "Bitcoin Pizza Day rewind: A homage to weird and wonderful BTC purchases", "text": "In recognition of Bitcoin pizza day, the first-ever real-world transaction using Bitcoin, Cointelegraph speaks with the crypto community about their historic BTC purchases.", "source_name": "Cointelegraph", "date": "Sun, 22 May 2022 02:30:00 -0400", "topics": [], "sentiment": "Positive", "type": "Article", "tickers": ["BTC"]}, {"news_url": "https://www.cryptopolitan.com/polkadot-price-analysis-2022-05-22/", "image_url": "https://crypto.snapi.dev/images/v1/u/v/polkadot-price-analysis-price-elevates-to-2241-as-bulls-continue-scoring-high-3-143770.jpg", "title": "Polkadot price analysis: DOT gains value at $10.10", "text": "Polkadot price analysis illustrates DOT price market is bullish and the prices are currently up by 4.01 percent. The current trading price is $10.10 after closing yesterday's chart in a green candlestick.", "source_name": "Cryptopolitan", "date": "Sun, 22 May 2022 02:24:00 -0400", "topics": ["tanalysis"], "sentiment": "Positive", "type": "Article", "tickers": ["DOT"]}, {"news_url": "https://www.cryptoglobe.com/latest/2022/05/ripple-pledges-100-million-to-help-save-earth-from-climate-change/", "image_url": "https://crypto.snapi.dev/images/v1/d/w/climate-change-143769.jpg", "title": "Ripple Pledges $100 Million to Help Save Earth From Climate Change", "text": "San Francisco-based FinTech firm Ripple has announced a $100 million commitment to \u201cscale and strengthen\u201d global carbon markets.\u00a0 According to Ripple's press release, this funding will \u201caccelerate carbon removal activity and help modernize carbon markets through investments in innovative carbon removal companies and climate-focused fintechs.\u201d Also, Ripple will \u201cbuild a portfolio of additive, long-term, nature [\u2026]", "source_name": "CryptoGlobe", "date": "Sun, 22 May 2022 02:18:17 -0400", "topics": [], "sentiment": "Neutral", "type": "Article", "tickers": ["XRP"]}, {"news_url": "https://en.cryptonomist.ch/2022/05/22/pivot-points-ethereum-2/", "image_url": "https://crypto.snapi.dev/images/v1/j/z/ethereum-pivot-points-300x200-143775.jpg", "title": "Pivot Points on Ethereum", "text": "Trading strategies in the cryptocurrency market", "source_name": "The Cryptonomist", "date": "Sun, 22 May 2022 02:00:53 -0400", "topics": [], "sentiment": "Neutral", "type": "Article", "tickers": ["ETH"]}, {"news_url": "https://crypto.news/bitcoin-30k-60-btc-domination/", "image_url": "https://crypto.snapi.dev/images/v1/c/h/bitcoin-144470.jpg", "title": "Bitcoin Hovers Around $30k as Analysts Predict 60% BTC Domination", "text": "As the dollar weakens, Bitcoin has risen above $29.4k, with Ki Young Ju, CEO of CryptoQuant, an analytics platform, predicting BTC dominance of 60%. \u201cSo here's hopium for bears.", "source_name": "Crypto news", "date": "Sun, 22 May 2022 02:00:00 -0400", "topics": [], "sentiment": "Positive", "type": "Article", "tickers": ["BTC"]}, {"news_url": "https://thecurrencyanalytics.com/altcoins/bitcoin-btc-litecoin-ltc-ethereum-eth-use-cases-and-improvisations-trending-2022-41414.php", "image_url": "https://crypto.snapi.dev/images/v1/7/w/scott-graham-5fnmwej4taa-unsplash-142071-142543-142946-143425-143764.jpg", "title": "Bitcoin (BTC) Litecoin (LTC) Ethereum (ETH) Use Cases and Improvisations Trending 2022", "text": "Catch up on the latest crypto market news at The Currency Analytics. Litecoin Improvisation on Use Case:\u00a0 Litecoin is a decentralized digital currency that enables instant, near-zero cost payments to anyone in\u2026 The post Bitcoin (BTC) Litecoin (LTC) Ethereum (ETH) Use Cases and Improvisations Trending 2022 appeared first on Cryptocurrency News.", "source_name": "The Currency Analytics", "date": "Sun, 22 May 2022 01:42:09 -0400", "topics": [], "sentiment": "Neutral", "type": "Article", "tickers": ["BTC", "ETH", "LTC"]}, {"news_url": "https://cointelegraph.com/news/bitcoin-stands-apart-from-other-crypto-and-what-that-means-for-us-public-policy", "image_url": "https://crypto.snapi.dev/images/v1/f/q/840-ahr0chm6ly9zmy5jb2ludgvszwdyyxbolmnvbs91cgxvywrzlziwmjitmduvotdmndnknjitzgrlmi00ndg3ltk5nzctzjlkyji2nja1y2m4lmpwzw-143763.jpg", "title": "Bitcoin stands apart from other crypto, and what that means for US public policy", "text": "Not all cryptocurrencies are equal, and Bitcoin's prior claim among decentralized digital assets makes it special.", "source_name": "Cointelegraph", "date": "Sun, 22 May 2022 01:18:00 -0400", "topics": [], "sentiment": "Neutral", "type": "Article", "tickers": ["BTC"]}, {"news_url": "https://insidebitcoins.com/news/bitcoin-price-prediction-for-today-may-21-btc-price-is-unable-to-sustain-above-30k", "image_url": "https://crypto.snapi.dev/images/v1/k/9/michael-saylor-bitcoin-milione-300x200-143220-143758.jpg", "title": "Bitcoin Price Prediction for Today May 21: BTC Price Is Unable to Sustain above $30K", "text": "Bitcoin Rebounds but Unable to Sustain above $30K \u2013 May 21, 2022 Bitcoin has resumed a sideways move after the May 12 price slump but [...]", "source_name": "Inside Bitcoins", "date": "Sun, 22 May 2022 00:01:48 -0400", "topics": [], "sentiment": "Negative", "type": "Article", "tickers": ["BTC"]}, {"news_url": "https://thecurrencyanalytics.com/altcoins/finally-the-ethereum-eth-merge-for-pos-can-happen-in-august-2022-41403.php", "image_url": "https://crypto.snapi.dev/images/v1/1/j/finally-the-ethereum-eth-merge-for-pos-can-happen-in-august-2022-143757.jpg", "title": "Finally The Ethereum (ETH) Merge for PoS Can happen in August 2022", "text": "Catch up on the latest crypto market news at The Currency Analytics. Vitalik Buterin, Ethereum Co-founder confirmed that the transition to Proof-of-Stake will happen this August.", "source_name": "The Currency Analytics", "date": "Sat, 21 May 2022 23:51:51 -0400", "topics": [], "sentiment": "Neutral", "type": "Article", "tickers": ["ETH"]}, {"news_url": "https://ambcrypto.com/ethereums-on-chain-metrics-are-troubled-but-eth-could-go-up-high-only-if/", "image_url": "https://crypto.snapi.dev/images/v1/l/n/ethereum-gd75e72920-1920-e1653140283488-143755.jpg", "title": "Ethereum's on-chain metrics are troubled but ETH can go up high only if\u2026", "text": "The crypto market has had quite a rough ride of late. The king altcoin Ethereum in the last 24 hours tanked by 3.54%.", "source_name": "AMBCrypto", "date": "Sat, 21 May 2022 22:30:31 -0400", "topics": [], "sentiment": "Neutral", "type": "Article", "tickers": ["ETH"]}, {"news_url": "https://blockchain.news/news/is-bitcoin-edging-closer-to-the-end-of-a-bear-market", "image_url": "https://crypto.snapi.dev/images/v1/d/z/27b3bb263ef124982bd6c5b20fb613ab0f854075bc0ef6d4c0526c3c9aab7c0b-143744.jpg", "title": "Is Bitcoin Edging Closer to the End of a Bear Market?", "text": "The back and forth experienced in the Bitcoin (BTC) market might soon come to an end based on various indicators, according to a crypto analyst under the pseudonym PlanB.", "source_name": "Blockchain News", "date": "Sat, 21 May 2022 20:04:19 -0400", "topics": [], "sentiment": "Negative", "type": "Article", "tickers": ["BTC"]}], "total_pages": 44}