{"data": [{"news_url": "https://crypto.news/bitcoin-briefly-recovers-positivity/", "image_url": "https://crypto.snapi.dev/images/v1/f/f/bitcoin-141362.jpg", "title": "Bitcoin Briefly Recovers as Holders Maintain Positivity on Further Rise", "text": "Bitcoin briefly recovered above the $30,000 level and its 100-hour simple moving average. The top crypto by market capitalization has had a rough past week as its price nosedived below the $25K level, causing panic across the crypto market.", "source_name": "Crypto news", "date": "Mon, 16 May 2022 09:00:00 -0400", "topics": [], "sentiment": "Positive", "type": "Article", "tickers": ["BTC"]}, {"news_url": "https://thenewscrypto.com/bitcoin-btc-price-loses-bullish-momentum-falls-under-30k/?SNAPI", "image_url": "https://crypto.snapi.dev/images/v1/t/5/bitcoin-could-hit-4-8m-if-it-became-the-global-reserve-asset-vaneck-141361.jpg", "title": "Bitcoin (BTC) Price Loses Bullish Momentum, Falls Under $30K", "text": "The price may begin a new negative wave if it falls below $28,000. If BTC breaks through the $30K level,", "source_name": "TheNewsCrypto", "date": "Mon, 16 May 2022 09:00:00 -0400", "topics": [], "sentiment": "Negative", "type": "Article", "tickers": ["BTC"]}, {"news_url": "https://www.theblockcrypto.com/post/147079/celsius-announces-plans-for-an-ipo-of-its-bitcoin-mining-subsidiary", "image_url": "https://crypto.snapi.dev/images/v1/e/e/211021-crypto-bitcoin-mining-general4-800x450-141359.jpg", "title": "Celsius announces plans for an IPO of its bitcoin mining subsidiary", "text": "The crypto lending platform has revealed plans to list its mining subsidiary on the stock market. The post Celsius announces plans for an IPO of its bitcoin mining subsidiary appeared first on The Block.", "source_name": "The Block", "date": "Mon, 16 May 2022 08:56:45 -0400", "topics": ["mining"], "sentiment": "Neutral", "type": "Article", "tickers": ["BTC", "CEL"]}, {"news_url": "https://invezz.com/news/2022/05/16/top-tokens-to-buy-as-the-crypto-market-is-in-recovery/", "image_url": "https://crypto.snapi.dev/images/v1/9/i/122118799-m-141357.jpg", "title": "Top tokens to buy as the crypto market is in recovery", "text": "Arweave AR/USD, Cosmos ATOM/USD, NEM XEM/USD, and Solana SOL/USD are all solid cryptocurrencies that have showcased signs of tremendous recovery in the crypto market. On May 13, 2022, RareCandy3D announced that Arweave had invested in the project and announced a partnership. Cosmos's Twitter also posted a large thread discussing some \u201cwords of wisdom, guidance, and [\u2026] The post Top tokens to buy as the crypto market is in recovery appeared first on Invezz.", "source_name": "Invezz", "date": "Mon, 16 May 2022 08:56:06 -0400", "topics": [], "sentiment": "Positive", "type": "Article", "tickers": ["AR", "ATOM", "SOL", "XEM"]}, {"news_url": "https://www.pymnts.com/cryptocurrency/2022/ftx-founder-says-bitcoin-fails-as-payments-network/", "image_url": "https://crypto.snapi.dev/images/v1/s/a/sam-bankman-fried-ftx-bitcoin-solana-457x274-141367.jpg", "title": "FTX Founder Says Bitcoin Fails as Payments Network", "text": "Bitcoin's future as a payments network is weak due to its inefficiency, high environmental impact and lack of ability to scale, CEO and founder of crypto exchange FTX Sam Bankman-Fried told the Financial Times in a Monday (May 16) report. \u201cThe Bitcoin network is not a payments network and it is not a scaling network,\u201d [\u2026]", "source_name": "PYMNTS", "date": "Mon, 16 May 2022 08:52:13 -0400", "topics": [], "sentiment": "Negative", "type": "Article", "tickers": ["BTC"]}, {"news_url": "https://www.cnbc.com/2022/05/16/what-happened-to-the-bitcoin-reserve-behind-terras-ust-stablecoin.html", "image_url": "https://crypto.snapi.dev/images/v1/n/g/107061522-1652702048869-gettyimages-1240632603-bitcoin-decline-141352.jpeg", "title": "$3 billion in bitcoin was sold in a last-ditch attempt to save UST stablecoin", "text": "Luna Foundation Guard said it spent almost all of the bitcoin in its reserve last week in a futile attempt to save terraUSD.", "source_name": "CNBC", "date": "Mon, 16 May 2022 08:48:29 -0400", "topics": ["stablecoins"], "sentiment": "Neutral", "type": "Article", "tickers": ["BTC", "UST"]}, {"news_url": "https://cryptoslate.com/luna-foundation-guard-reveals-where-missing-80k-btc-reserves-went/", "image_url": "https://crypto.snapi.dev/images/v1/n/e/image-2022-05-16-172229917-141350.png", "title": "Luna Foundation Guard reveals where missing 80K BTC reserves went", "text": "The Luna Foundation Guard, the organization responsible for the Terra ecosystem led by Do Kwon, has released information regarding its missing reserve funds. The post Luna Foundation Guard reveals where missing 80K BTC reserves went appeared first on CryptoSlate.", "source_name": "CryptoSlate", "date": "Mon, 16 May 2022 08:46:16 -0400", "topics": [], "sentiment": "Neutral", "type": "Article", "tickers": ["BTC", "LUNA"]}, {"news_url": "https://coinidol.com/ethereum-hovers-2000-support/", "image_url": "https://crypto.snapi.dev/images/v1/v/g/0cf1d95154910f95ade9b221aa4192f3-141337.jpg", "title": "Ethereum Hovers above $2,000 Support as Bears Threaten to Short", "text": "The price of Ethereum (ETH) is falling as it faces rejection at the $2,200 resistance zone. In the last three days, buyers pushed the Ether price to the previous highs. The Ether price tested the $2,200 resistance level again, but failed to overcome it.", "source_name": "Coin Idol", "date": "Mon, 16 May 2022 08:12:00 -0400", "topics": [], "sentiment": "Negative", "type": "Article", "tickers": ["ETH"]}, {"news_url": "https://www.forbes.com/sites/investor/2022/05/16/bitcoin-ethereum-price-crash-may-2022-what-next/", "image_url": "https://crypto.snapi.dev/images/v1/z/h/bitcoin-ethereum-price-crash-may-2022-what-next-141911.jpg", "title": "Bitcoin, Ethereum Price Crash May 2022. What Next?", "text": "Cryptocurrencies have taken a hit the last few weeks. Where do we go from here?", "source_name": "Forbes", "date": "Mon, 16 May 2022 08:05:59 -0400", "topics": [], "sentiment": "Negative", "type": "Article", "tickers": ["BTC", "ETH"]}, {"news_url": "https://decrypt.co/100500/lfg-unpacks-bitcoin-activity-during-luna-ust-collapse", "image_url": "https://crypto.snapi.dev/images/v1/4/q/terra-luna-trading-price-gid-5-141336.jpeg", "title": "LFG Unpacks Bitcoin Activity During LUNA, UST Collapse", "text": "The Luna Foundation Guard has revealed that it currently has only 313 BTC left in its reserves.", "source_name": "Decrypt", "date": "Mon, 16 May 2022 08:04:07 -0400", "topics": [], "sentiment": "Negative", "type": "Article", "tickers": ["BTC", "LUNA", "UST"]}, {"news_url": "https://coingape.com/?p=112698", "image_url": "https://crypto.snapi.dev/images/v1/a/g/bitcoin-3-141333.jpg", "title": "Bitcoin Price Analysis: BTC Price Under Bear's Spell; Is $26000 Again?", "text": "BTC price edges lower bucking the previous week's late recovery. The price opened the trading session on a higher note but soon the upside fizzled out.", "source_name": "Coingape", "date": "Mon, 16 May 2022 08:02:21 -0400", "topics": ["tanalysis"], "sentiment": "Negative", "type": "Article", "tickers": ["BTC"]}, {"news_url": "https://bitcoinmagazine.com/business/hoseki-to-launch-bitcoin-proof-of-assets-product", "image_url": "https://crypto.snapi.dev/images/v1/p/5/23082021-one-year-since-launch-invictus-capitals-bitcoin-alpha-reaps-benefits-release-image-3-141332.jpg", "title": "Hoseki To Launch Open Beta For Bitcoin Proof Of Assets Product", "text": "Hoseki, a bitcoin infrastructure company, closed an investment seed round led by Stillmark and plans an open beta test for a proof-of-assets product by Q3 2022.", "source_name": "Bitcoin Magazine", "date": "Mon, 16 May 2022 08:00:00 -0400", "topics": [], "sentiment": "Positive", "type": "Article", "tickers": ["BTC"]}, {"news_url": "https://www.cryptoglobe.com/latest/2022/05/bitcoin-bull-anthony-pompliano-predicts-what-will-bring-btcs-next-wave-of-adoption/", "image_url": "https://crypto.snapi.dev/images/v1/x/l/cryptocurrency-geac54d162-1920-141334.jpg", "title": "Bitcoin Bull Anthony Pompliano Predicts What Will Bring $BTC's Next Wave of Adoption", "text": "Crypto influencer Anthony \u201cPomp\u201d Pompliano says that Bitcoin's on-chain transparency will be the next major selling point for investors.\u00a0 Speaking in a recent episode of \u201cThe Best Business Show\u201d, Pompliano told viewers that the transparency of Bitcoin's on-chain data will be increasingly appealing to investors. Pomp cautioned that while on-chain data is not \u201csome magical [\u2026]", "source_name": "CryptoGlobe", "date": "Mon, 16 May 2022 07:59:20 -0400", "topics": [], "sentiment": "Positive", "type": "Article", "tickers": ["BTC"]}, {"news_url": "https://cryptonews.com/news/bitcoin-and-ethereum-look-for-direction-ada-and-sol-trimmed-gains.htm", "image_url": "https://crypto.snapi.dev/images/v1/z/u/markets-pop-nextjpgw1024-140612-141326.jpg", "title": "Bitcoin and Ethereum Look for Direction, ADA and SOL Trimmed Gains", "text": "Bitcoin price started a downside correction from the USD 31,500 zone and declined below the USD 30,000 support zone before recovering. It is currently (11:29 UTC) trading near USD 30,100 and is almost unchanged in a day. It's still down 12% in a week.", "source_name": "Cryptonews", "date": "Mon, 16 May 2022 07:49:00 -0400", "topics": [], "sentiment": "Positive", "type": "Article", "tickers": ["ADA", "BTC", "ETH", "SOL"]}, {"news_url": "https://dailyhodl.com/2022/05/16/bitcoin-in-deep-value-area-as-one-metric-hints-at-btc-bottom-says-macro-expert-lyn-alden/", "image_url": "https://crypto.snapi.dev/images/v1/c/1/bitcoin-bounce-a-fakeoutjpgw1024-141322.jpg", "title": "Bitcoin in \u2018Deep Value' Area as One Metric Hints at BTC Bottom, Says Macro Expert Lyn Alden", "text": "Closely followed macro analyst Lyn Alden says that Bitcoin (BTC) is likely approaching a \u201cdeep value\u201d range as certain metrics start to signal a bottom is in. In a new interview with Blockware Intelligence, Alden says Bitcoin's current price range is presenting opportunities for market participants who have a long-term investment thesis on BTC. \u201cI [\u2026] The post Bitcoin in \u2018Deep Value' Area as One Metric Hints at BTC Bottom, Says Macro Expert Lyn Alden appeared first on The Daily Hodl.", "source_name": "The Daily Hodl", "date": "Mon, 16 May 2022 07:45:40 -0400", "topics": [], "sentiment": "Positive", "type": "Article", "tickers": ["BTC"]}, {"news_url": "https://cryptoslate.com/bitcoin-long-positions-spike-60-on-bitfinex/", "image_url": "https://crypto.snapi.dev/images/v1/b/i/bitcoin-trading-141316.jpg", "title": "Bitcoin long positions spike 60% on Bitfinex", "text": "Long positions on Bitcoin have hit an all-time high on Bitfinex as they spike over 60% in a day. The post Bitcoin long positions spike 60% on Bitfinex appeared first on CryptoSlate.", "source_name": "CryptoSlate", "date": "Mon, 16 May 2022 07:31:16 -0400", "topics": [], "sentiment": "Neutral", "type": "Article", "tickers": ["BTC"]}, {"news_url": "https://news.bitcoin.com/david-marcus-launches-bitcoin-payments-startup-lightspark/", "image_url": "https://crypto.snapi.dev/images/v1/w/k/shutterstock-639883987-141313.jpg", "title": "David Marcus Launches Bitcoin Payments Startup Lightspark", "text": "David Marcus, former cryptocurrency head at Meta, is launching Lightspark, another payments company that will use crypto as its central payment tool. The startup, which will have Marcus at the helm as CEO, also features some of Meta's former employees and will explore the possibilities of using the layer 2 Lightning Network (LN) as a [\u2026]", "source_name": "Bitcoin", "date": "Mon, 16 May 2022 07:30:28 -0400", "topics": [], "sentiment": "Positive", "type": "Article", "tickers": ["BTC"]}, {"news_url": "https://beincrypto.com/ftx-founder-downplays-btcs-chances-as-an-efficient-payment-network/", "image_url": "https://crypto.snapi.dev/images/v1/2/2/bic-artwork-sam-bank-man-fried-141331.png", "title": "FTX Founder Downplays Bitcoin's Chances as an Efficient Payments Network", "text": "FTX's founder has taken a swipe at Bitcoin (BTC) over its inefficiency in settling transactions and has thrown his weight behind the proof-of-stake (PoS) consensus mechanism. The post FTX Founder Downplays Bitcoin's Chances as an Efficient Payments Network appeared first on BeInCrypto.", "source_name": "BeInCrypto", "date": "Mon, 16 May 2022 07:30:00 -0400", "topics": [], "sentiment": "Negative", "type": "Article", "tickers": ["BTC"]}, {"news_url": "https://markets.businessinsider.com/news/currencies/sam-bankman-fried-ftx-bitcoin-no-future-payments-network-pow-2022-5", "image_url": "https://crypto.snapi.dev/images/v1/u/u/6215f537081b2600184070fbformatjpeg-141289.jpg", "title": "FTX boss Sam Bankman-Fried believes bitcoin has no future as a payments network, because its 'proof of work' system means it can't scale up", "text": "The billionaire founder of crypto exchange FTX, Sam Bankman-Fried, told the FT that bitcoin won't be able to handle millions of transactions.", "source_name": "Business Insider", "date": "Mon, 16 May 2022 07:30:00 -0400", "topics": [], "sentiment": "Neutral", "type": "Article", "tickers": ["BTC"]}, {"news_url": "https://bitcoinmagazine.com/markets/luna-foundation-sold-80000-bitcoin-amid-ust-crash", "image_url": "https://crypto.snapi.dev/images/v1/c/6/david-dibert-na0bbqkbfao-unsplash-141312.jpg", "title": "Luna Foundation Sold 80,000 Bitcoin Amid UST Crash", "text": "The non-profit organization said only 313 BTC are now left on the bitcoin reserves for Terra's UST stablecoin.", "source_name": "Bitcoin Magazine", "date": "Mon, 16 May 2022 07:29:47 -0400", "topics": [], "sentiment": "Negative", "type": "Article", "tickers": ["BTC", "LUNA", "UST"]}, {"news_url": "https://cryptobriefing.com/terras-lfg-reveals-what-happened-to-its-bitcoin-reserves/?utm_source=feed&utm_medium=rss", "image_url": "https://crypto.snapi.dev/images/v1/u/c/terra-cover-2-838x440-141310.jpg", "title": "Terra's LFG Reveals What Happened to Its Bitcoin Reserves", "text": "The Luna Foundation Guard said that it had spent almost all of its Bitcoin in a failed attempt to defend UST's peg.", "source_name": "Crypto Briefing", "date": "Mon, 16 May 2022 07:28:14 -0400", "topics": [], "sentiment": "Neutral", "type": "Article", "tickers": ["BTC", "LUNA"]}, {"news_url": "https://coinidol.com/bitcoin-29000-support/", "image_url": "https://crypto.snapi.dev/images/v1/h/h/63fc4a3514e9428cf4b7c011fb844ba9-141309.jpg", "title": "Bitcoin Consolidates Above $29,000 Support but Struggles below $32,000 High", "text": "The price of Bitcoin (BTC) is in a downward correction as it consolidates above $29,000 support. Today, the largest cryptocurrency is trading at $29,287 at press time.", "source_name": "Coin Idol", "date": "Mon, 16 May 2022 07:09:00 -0400", "topics": [], "sentiment": "Neutral", "type": "Article", "tickers": ["BTC"]}, {"news_url": "https://finbold.com/luna-foundation-discloses-it-sold-over-80000-in-bitcoin-reserves-for-ust/?SNAPI", "image_url": "https://crypto.snapi.dev/images/v1/h/m/luna-foundation-discloses-it-sold-over-80000-in-bitcoin-reserves-for-ust-141304.jpg", "title": "LUNA foundation discloses it sold over 80,000 in Bitcoin reserves for UST\u00a0", "text": "Last week, the Terra (LUNA) token suffered a catastrophic drop that stunned the cryptocurrency world as its stable coin collapsed.", "source_name": "Finbold", "date": "Mon, 16 May 2022 07:05:41 -0400", "topics": [], "sentiment": "Neutral", "type": "Article", "tickers": ["BTC", "LUNA", "UST"]}, {"news_url": "https://cryptoslate.com/bitcoin-closes-7th-red-weekly-candle-for-first-time-ever/", "image_url": "https://crypto.snapi.dev/images/v1/v/k/image-2022-05-16-154230226-141301.png", "title": "Bitcoin closes 7th red weekly candle for first time ever", "text": "Bitcoin has closed its weekly candle down, thus making this the 7th week in a row that it has printed a weekly red candle. The post Bitcoin closes 7th red weekly candle for first time ever appeared first on CryptoSlate.", "source_name": "CryptoSlate", "date": "Mon, 16 May 2022 07:01:17 -0400", "topics": [], "sentiment": "Negative", "type": "Article", "tickers": ["BTC"]}, {"news_url": "https://cointelegraph.com/news/ftx-ceo-sees-no-future-in-bitcoin-payments-community-fires-back", "image_url": "https://crypto.snapi.dev/images/v1/t/f/840-ahr0chm6ly9zmy5jb2ludgvszwdyyxbolmnvbs91cgxvywrzlziwmjitmduvzgvjztzimzutmmnimy00ztu0lwiynmmtnwe1yje0yzhmmtmylmpwzw-141303.jpg", "title": "FTX CEO sees no future in Bitcoin payments, community fires back", "text": "FTX CEO's comments on Bitcoin received heavy backlash from the crypto community, with many reminding him of Solana, a PoS network that has gone offline half a dozen times.", "source_name": "Cointelegraph", "date": "Mon, 16 May 2022 07:00:00 -0400", "topics": [], "sentiment": "Negative", "type": "Article", "tickers": ["BTC"]}, {"news_url": "https://cryptonews.com/news/luna-foundation-says-nearly-entire-bitcoin-stack-spent-promises-compensation-to-ust-users.htm", "image_url": "https://crypto.snapi.dev/images/v1/g/3/webp-net-resizeimage-media-library-original-1238-825-141302.jpg", "title": "Luna Foundation Says Nearly Entire Bitcoin Stack Spent, Promises Compensation to UST Users", "text": "The Luna Foundation Guard (LFG), the entity whose task was to maintain the stability of the terraUSD (UST) peg, said it spent nearly all of its bitcoin (BTC) held in reserves to defend UST's dollar peg as it collapsed. But from what is left, users of the failed stablecoin will be compensated, LFG said.", "source_name": "Cryptonews", "date": "Mon, 16 May 2022 06:59:00 -0400", "topics": [], "sentiment": "Neutral", "type": "Article", "tickers": ["BTC", "LUNA", "UST"]}, {"news_url": "https://u.today/heres-why-bitcoin-wont-drop-below-20000-according-to-cryptoquant-ceo?SNAPI", "image_url": "https://crypto.snapi.dev/images/v1/l/t/14896-141299.jpg", "title": "Here's Why Bitcoin Won't Drop Below $20,000, According to CryptoQuant CEO", "text": "Bitcoin's drop below $20,000 may cause a catastrophe on the market, but with this whale's buying power, we may not see BTC dropping to it at all", "source_name": "UToday", "date": "Mon, 16 May 2022 06:58:00 -0400", "topics": [], "sentiment": "Neutral", "type": "Article", "tickers": ["BTC"]}, {"news_url": "https://cointelegraph.com/news/80-000-bitcoin-gone-what-s-left-in-luna-s-reserve-wallet", "image_url": "https://crypto.snapi.dev/images/v1/y/m/840-ahr0chm6ly9zmy5jb2ludgvszwdyyxbolmnvbs91cgxvywrzlziwmjitmduvotmwndhloditnjqxmc00nzc1lthmyjqtndcxnwfmn2q1zdi2lmpwzw-141297.jpg", "title": "80,000 Bitcoin gone: What's left in Luna's reserve wallet?", "text": "The Luna Foundation Guard updates the world concerning its crypto-asset reserves and shares a promise to compensate the remaining users of failed stablecoin UST.", "source_name": "Cointelegraph", "date": "Mon, 16 May 2022 06:44:26 -0400", "topics": [], "sentiment": "Negative", "type": "Article", "tickers": ["BTC", "LUNA"]}, {"news_url": "https://coinpedia.org/news/el-salvador-meet-on-may-16th-discussing-bitcoin-adoption/", "image_url": "https://crypto.snapi.dev/images/v1/c/w/adobestock-pincasso-1-1-media-library-original-1200-803-141206-141287.jpg", "title": "El-Salvador Meet On May 16th Discussing Bitcoin Adoption: Nayib Bukele Invitation to 44 Countries", "text": "El-Salvador being the first country to Bitcoin adoption has now conducted a meeting to discuss financial inclusion and benefits of Bitcoin adoption in the countries. The Bitcoin adoption has followed a sequence one after the other, as the first country El-Salvador adopted Bitcoin to its family as legal tender after 12 years of Bitcoin's introduction. \u2026", "source_name": "CoinPedia", "date": "Mon, 16 May 2022 06:31:17 -0400", "topics": [], "sentiment": "Positive", "type": "Article", "tickers": ["BTC"]}, {"news_url": "https://ambcrypto.com/polkadot-near-and-algorand-price-analysis-16-may/", "image_url": "https://crypto.snapi.dev/images/v1/v/t/untitled-design-42-141286.png", "title": "Polkadot, NEAR, and Algorand Price Analysis: 16 May", "text": "The crypto market abstained from flashing high volatility over the last 24 hours. But with the crypto fear and greed index still hovering in the \u2018extreme fear' zone, the near-term technicals of Polkadot, NEAR, and Algorand were in the neutral-bearish range.", "source_name": "AMBCrypto", "date": "Mon, 16 May 2022 06:30:30 -0400", "topics": ["tanalysis"], "sentiment": "Neutral", "type": "Article", "tickers": ["ALGO", "DOT", "NEAR"]}, {"news_url": "https://cryptonews.com/news/ftxs-bankman-fried-accused-of-misleading-public-over-bitcoin-as-ft-picks-his-words-selectively.htm", "image_url": "https://crypto.snapi.dev/images/v1/g/i/snapshot-media-library-original-1524-1016-141285.jpg", "title": "FTX's Bankman-Fried Accused of Misleading Public Over Bitcoin as FT Picks His Words 'Selectively'", "text": "Sam Bankman-Fried, CEO and founder of major crypto exchange FTX, and investor in Solana (SOL), was accused of misleading the public as he omitted important facts while bashing Bitcoin (BTC). The CEO claims that his quotes were chosen \"very selectively\" by a mainstream media outlet, known for skepticism towards Bitcoin and crypto.", "source_name": "Cryptonews", "date": "Mon, 16 May 2022 06:30:00 -0400", "topics": [], "sentiment": "Negative", "type": "Article", "tickers": ["BTC"]}, {"news_url": "https://decrypt.co/100493/bitcoin-is-not-payments-network-ftx-exchange-ceo", "image_url": "https://crypto.snapi.dev/images/v1/s/c/ftx-ceo-tsm-esports-gid-4-141281.png", "title": "FTX CEO Sam Bankman-Fried: Bitcoin 'Not a Payments Network'", "text": "FTX chief Sam Bankman-Fried said that Bitcoin is limited by its high environmental costs and its inability to scale.", "source_name": "Decrypt", "date": "Mon, 16 May 2022 06:08:24 -0400", "topics": [], "sentiment": "Neutral", "type": "Article", "tickers": ["BTC"]}, {"news_url": "https://blockonomi.com/emirates-airline-embraces-bitcoin-nfts-the-metaverse/", "image_url": "https://crypto.snapi.dev/images/v1/x/v/emirates-1024x682-141277.jpg", "title": "Emirates Airline Embraces Bitcoin, NFTs & The Metaverse", "text": "Emirates Airlines has embraced blockchain and other advanced technology. It is moving forward with the implementation and looking to expand into new tech.", "source_name": "Blockonomi", "date": "Mon, 16 May 2022 06:03:47 -0400", "topics": ["NFT"], "sentiment": "Positive", "type": "Article", "tickers": ["BTC"]}, {"news_url": "https://www.coindesk.com/business/2022/05/16/luna-foundation-guard-left-with-313-bitcoin-after-ust-crash/", "image_url": "https://crypto.snapi.dev/images/v1/p/h/7guxc5dxnbboxgwcxhbinrpcle-141278.jpg", "title": "The announcement comes after reports that over a billion dollars of Terra's bitcoin reserves are unaccounted for.", "text": "The Luna Foundation Guard (LFG), official stewards of Terra's bitcoin reserves, released a statement on Monday documenting how they dispersed millions of dollars worth of crypto in their failed attempt to maintain the peg of stablecoin terraUSD (UST).", "source_name": "Coindesk", "date": "Mon, 16 May 2022 05:59:43 -0400", "topics": [], "sentiment": "Neutral", "type": "Article", "tickers": ["BTC", "LUNA"]}, {"news_url": "https://cryptopotato.com/ftx-ceo-thinks-bitcoin-has-no-future-as-a-payment-system/", "image_url": "https://crypto.snapi.dev/images/v1/v/6/sambankmanfried-141274.jpg", "title": "FTX CEO Thinks Bitcoin Has No Future as a Payment System", "text": "According to Sam Bankman-Fried, bitcoin is similar to gold rather than a successful payment system.", "source_name": "CryptoPotato", "date": "Mon, 16 May 2022 05:57:56 -0400", "topics": [], "sentiment": "Negative", "type": "Article", "tickers": ["BTC"]}, {"news_url": "https://en.cryptonomist.ch/2022/05/16/bitcoin-below-30000-risk-of-default-for-el-salvador/", "image_url": "https://crypto.snapi.dev/images/v1/y/r/el-salvador-bitcoin-default-1-300x200-141294.jpg", "title": "Bitcoin below $30,000: risk of default for El Salvador?", "text": "The country with BTC as legal tender could be at great risk", "source_name": "The Cryptonomist", "date": "Mon, 16 May 2022 05:57:33 -0400", "topics": [], "sentiment": "Negative", "type": "Article", "tickers": ["BTC"]}, {"news_url": "https://cointelegraph.com/news/bitcoin-investment-giant-grayscale-debuts-etf-in-europe", "image_url": "https://crypto.snapi.dev/images/v1/s/3/840-ahr0chm6ly9zmy5jb2ludgvszwdyyxbolmnvbs91cgxvywrzlziwmjitmduvmdczmwuyymqtymnhos00zty3lwfiytktmjvhote0mjljzdi1lmpwzw-141273.jpg", "title": "Bitcoin investment giant Grayscale debuts ETF in Europe", "text": "Grayscale announced its first European ETF, listing on the London Stock Exchange, Borsa Italiana and Deutsche B\u00f6rse Xetra.", "source_name": "Cointelegraph", "date": "Mon, 16 May 2022 05:55:34 -0400", "topics": [], "sentiment": "Neutral", "type": "Article", "tickers": ["BTC"]}, {"news_url": "https://www.reuters.com/markets/us/bitcoin-back-below-30000-european-regulators-renew-crypto-warnings-2022-05-16/", "image_url": "https://crypto.snapi.dev/images/v1/l/u/de6hjwa3qzlt3anryubazsa75m-141245.jpg", "title": "Bitcoin back below $30,000; European regulators renew crypto warnings", "text": "Cryptocurrencies resumed their slide on Monday, giving up the gains they had eked out over the weekend, as regulators continued to circle.", "source_name": "Reuters", "date": "Mon, 16 May 2022 05:38:38 -0400", "topics": ["regulations"], "sentiment": "Negative", "type": "Article", "tickers": ["BTC"]}, {"news_url": "https://www.forbes.com/sites/billybambrough/2022/05/16/the-next-luna-and-ust-crypto-market-now-braced-for-another-earthquake-after-bitcoin-ethereum-bnb-xrp-solana-cardano-avalanche-and-polkadot-price-crash/", "image_url": "https://crypto.snapi.dev/images/v1/r/s/the-next-luna-and-ust-crypto-market-now-braced-for-another-earthquake-after-bitcoin-ethereum-bnb-xrp-solana-cardano-avalanche-and-polkadot-price-crash-141243.jpg", "title": "The Next Luna And UST? Crypto Market Now Braced For Another Earthquake After Bitcoin, Ethereum, BNB, XRP, Solana, Cardano, Avalanche And Polkadot Price Crash", "text": "Traders are nervously watching the price of crypto lender Celsius' cel cryptocurrency which has collapsed by almost 70% over the last month as panicked sellers offload the coin...", "source_name": "Forbes", "date": "Mon, 16 May 2022 05:30:47 -0400", "topics": [], "sentiment": "Negative", "type": "Article", "tickers": ["ADA", "AVAX", "BNB", "BTC", "DOT", "ETH", "LUNA", "SOL", "XRP"]}, {"news_url": "https://beincrypto.com/bitcoin-conference-in-el-salvador-attracts-44-countries/", "image_url": "https://crypto.snapi.dev/images/v1/6/s/bic-btc-el-salvador-governmentjpgoptimal-141275.jpg", "title": "Bitcoin Conference in El Salvador Attracts Representatives From 44 Countries", "text": "El Salvador president Nayib Bukele has announced that 32 central banks and 12 financial authorities will convene in the country to discuss bitcoin.\u00a0 The post Bitcoin Conference in El Salvador Attracts Representatives From 44 Countries appeared first on BeInCrypto.", "source_name": "BeInCrypto", "date": "Mon, 16 May 2022 05:30:00 -0400", "topics": [], "sentiment": "Neutral", "type": "Article", "tickers": ["BTC"]}, {"news_url": "https://coingape.com/?p=112635", "image_url": "https://crypto.snapi.dev/images/v1/i/z/artboard-e28093-34-1-141240.png", "title": "SEC Vs Ripple: Are The Hinman Memos The Key To The Case?", "text": "The U.S SEC vs Ripple dispute has proven to be an important lawsuit for the Cryptocurrency world. As its verdict will eventually define and rectify the commission's outlook toward the digital assets.", "source_name": "Coingape", "date": "Mon, 16 May 2022 05:22:45 -0400", "topics": ["regulations"], "sentiment": "Neutral", "type": "Article", "tickers": ["XRP"]}, {"news_url": "https://www.dcforecasts.com/blockchain-news/metaplex-can-solve-solanas-network-bot-problem-and-heres-how/", "image_url": "https://crypto.snapi.dev/images/v1/s/o/solana-1632415430ltk42wtwn5-140073-141270.jpg", "title": "Metaplex Can Solve Solana's Network Bot Problem And Here's How", "text": "Metaplex can solve Solana's network bot problem and the developers can go on the offense against the transaction spamming bots so let's read more today in our latest blockchain news. Solana's network crash in April was blamed on botting programs whcih swarmed popular NFT mints.", "source_name": "DCForecasts", "date": "Mon, 16 May 2022 05:08:59 -0400", "topics": [], "sentiment": "Neutral", "type": "Article", "tickers": ["SOL"]}, {"news_url": "https://cryptonews.com/news/3-reasons-that-make-mushe-token-next-big-thing-crypto-world-just-like-solana-sol-internet-computer-icp.htm", "image_url": "https://crypto.snapi.dev/images/v1/j/y/mushe-141236.jpg", "title": "3 Reasons That Make Mushe Token the Next Big Thing in Crypto World Just Like Solana (SOL), and Internet Computer (ICP)", "text": "Disclaimer: The text below is an advertorial article that was not written by Cryptonews.com journalists.", "source_name": "Cryptonews", "date": "Mon, 16 May 2022 05:07:00 -0400", "topics": [], "sentiment": "Neutral", "type": "Article", "tickers": ["ICP", "SOL", "XMU"]}, {"news_url": "https://coinpedia.org/bitcoin/where-are-the-3-5-billion-terras-bitcoin-reserves-should-this-be-a-matter-of-concern/", "image_url": "https://crypto.snapi.dev/images/v1/b/u/shutterstock-7253832970-crypto-627225e822a82-140951-141234.jpg", "title": "Where Are the $3.5 billion Terra's Bitcoin Reserves, Should this be a Matter of Concern?", "text": "The Terra Foundation after accumulating a huge number of Bitcoins worth billions surprised the entire crypto space as it stood as the second-largest BTC holder after MicroStrategy. However, things got messed up as the TerraUSD(UST) got de-pegged heavily which destabilized the LUNA price too. And as speculated by many LUNA Foundation Guard emptied all their \u2026", "source_name": "CoinPedia", "date": "Mon, 16 May 2022 05:06:04 -0400", "topics": [], "sentiment": "Neutral", "type": "Article", "tickers": ["BTC", "LUNA"]}, {"news_url": "https://en.cryptonomist.ch/2022/05/16/china-bitcoin-legally-protected-asset/", "image_url": "https://crypto.snapi.dev/images/v1/t/o/cina-alta-corte-bitcoin-300x200-141237.jpg", "title": "China: \u201cBitcoin is a legally protected asset\u201d, says High Court", "text": "Shanghai court will compensate a holder who had lent 1 BTC", "source_name": "The Cryptonomist", "date": "Mon, 16 May 2022 05:05:52 -0400", "topics": [], "sentiment": "Neutral", "type": "Article", "tickers": ["BTC"]}, {"news_url": "https://www.cryptopolitan.com/polkadot-price-analysis-2022-05-16/", "image_url": "https://crypto.snapi.dev/images/v1/o/a/polkadot-price-analysis-price-elevates-to-2241-as-bulls-continue-scoring-high-1-141232.jpg", "title": "Polkadot price analysis: Bulls stumble to keep DOT on the uptrend above $10", "text": "The recent Polkadot price analysis shows DOT price is currently at $11.03 after opening the daily trading chart at an intra-day high of $11.18. Prices have corrected lower from this high, but the bulls have been able to find support at around $10.0 levels and prices have bounced back higher as buyers enter the market.", "source_name": "Cryptopolitan", "date": "Mon, 16 May 2022 04:59:33 -0400", "topics": ["tanalysis"], "sentiment": "Positive", "type": "Article", "tickers": ["DOT"]}, {"news_url": "https://cointelegraph.com/news/first-7-week-losing-streak-in-history-5-things-to-know-in-bitcoin-this-week", "image_url": "https://crypto.snapi.dev/images/v1/9/v/840-ahr0chm6ly9zmy5jb2ludgvszwdyyxbolmnvbs91cgxvywrzlziwmjitmduvnwq4oty1mtqtyteyzc00yzixltlkzjytowziytnlmzdkzgixlmpwzw-141233.jpg", "title": "First 7-week losing streak in history \u2015 5 things to know in Bitcoin this week", "text": "Doom and gloom and an overall sense of unease pervades the market ahead of the World Economic Forum.", "source_name": "Cointelegraph", "date": "Mon, 16 May 2022 04:58:04 -0400", "topics": [], "sentiment": "Negative", "type": "Article", "tickers": ["BTC"]}, {"news_url": "https://cryptopotato.com/cardano-jumps-6-bitcoins-consolidation-below-30k-continues-market-watch/", "image_url": "https://crypto.snapi.dev/images/v1/a/i/cardano-green-141229.jpg", "title": "Cardano Jumps 6%, Bitcoin's Consolidation Below $30K Continues (Market Watch)", "text": "Cardano and Solana charted the most impressive gains from the larger-cap alts, while bitcoin failed at breaching $30,000.", "source_name": "CryptoPotato", "date": "Mon, 16 May 2022 04:57:21 -0400", "topics": [], "sentiment": "Neutral", "type": "Article", "tickers": ["ADA", "BTC"]}, {"news_url": "https://www.cryptopolitan.com/president-nayib-bukele-has-44-nations-on-btc/", "image_url": "https://crypto.snapi.dev/images/v1/8/9/president-nayib-bukele-141228.jpg", "title": "President Nayib Bukele hosts 44 countries in El Salvador to discuss Bitcoin", "text": "El Salvador's president Nayib Bukele announced in September 2021 that the Central American nation would be the first to accept Bitcoins as legal currency. The government spent $105 million on it, after which the government bought more in 2022.", "source_name": "Cryptopolitan", "date": "Mon, 16 May 2022 04:53:27 -0400", "topics": [], "sentiment": "Neutral", "type": "Article", "tickers": ["BTC"]}, {"news_url": "https://tokenpost.com/Bitcoin-bull-Bill-Miller-remains-bullish-despite-the-recent-crypto-market-correction-9616", "image_url": "https://crypto.snapi.dev/images/v1/f/g/202205167dc76e93fd2591446-141262.jpg", "title": "Bitcoin bull Bill Miller remains bullish despite the recent crypto market correction", "text": "The crypto market correction sent the prices tumbling with Bitcoin (BTC) trading below $27,000 and Ethereum (ETH) dropping below $2,000 last week. However, long-time Bitcoin bull Bill Miller remains unfazed by the steep decline in prices and remains bullish on the cryptos potential.", "source_name": "Tokenpost", "date": "Mon, 16 May 2022 04:51:52 -0400", "topics": [], "sentiment": "Positive", "type": "Article", "tickers": ["BTC"]}, {"news_url": "https://u.today/bitcoin-has-no-future-as-means-of-payment-says-ftx-ceo?SNAPI", "image_url": "https://crypto.snapi.dev/images/v1/4/e/14891-141227.jpg", "title": "Bitcoin Has No Future as Means of Payment, Says FTX CEO", "text": "Billionaire boss of the FTX exchange says that Bitcoin has no future as a means of payment", "source_name": "UToday", "date": "Mon, 16 May 2022 04:47:00 -0400", "topics": [], "sentiment": "Negative", "type": "Article", "tickers": ["BTC"]}, {"news_url": "https://beincrypto.com/bitcoin-btc-closes-its-seventh-successive-bearish-candlestick/", "image_url": "https://crypto.snapi.dev/images/v1/m/a/bic-btc-price-drop-bearjpgoptimaljpgoptimal-141231.jpg", "title": "Bitcoin (BTC) Closes Its Seventh Successive Bearish Candlestick", "text": "After breaking down from a long-term structure, bitcoin (BTC) has managed to bounce at the $28,700 Fib support area. The post Bitcoin (BTC) Closes Its Seventh Successive Bearish Candlestick appeared first on BeInCrypto.", "source_name": "BeInCrypto", "date": "Mon, 16 May 2022 04:30:00 -0400", "topics": [], "sentiment": "Negative", "type": "Article", "tickers": ["BTC"]}, {"news_url": "https://en.cryptonomist.ch/2022/05/16/dormant-wallet-1000-bitcoin/", "image_url": "https://crypto.snapi.dev/images/v1/5/x/wallet-1000-bitcoin-300x200-141222.jpg", "title": "Dormant wallet with 1000 Bitcoin activated since 2013", "text": "Various reasons for the activation of the dormant millionaire wallet", "source_name": "The Cryptonomist", "date": "Mon, 16 May 2022 04:11:46 -0400", "topics": [], "sentiment": "Neutral", "type": "Article", "tickers": ["BTC"]}, {"news_url": "https://www.cryptoglobe.com/latest/2022/05/investanswers-host-calls-solana-sol-the-top-ethereum-competitor/", "image_url": "https://crypto.snapi.dev/images/v1/s/o/sol-still-onejpgw1024-139107-139836-141257.jpg", "title": "InvestAnswers Host Calls Solana ($SOL) the Top Ethereum Competitor", "text": "Popular crypto analytics and market commentary show InvestAnswers says that Solana ($SOL) is likely still the top competitor for Ethereum ($ETH).\u00a0 Speaking in a recent YouTube video, the show's host told viewers that he still considers Solana a hedge against Ethereum and maintains his \u201cday one thesis\u201d that Solana is a potential \u201cETH killer. The [\u2026]", "source_name": "CryptoGlobe", "date": "Mon, 16 May 2022 04:10:27 -0400", "topics": [], "sentiment": "Neutral", "type": "Article", "tickers": ["SOL"]}, {"news_url": "https://cryptonews.com/news/make-big-profits-with-solana-sol-tron-trx-and-pac-man-frog-pac.htm", "image_url": "https://crypto.snapi.dev/images/v1/a/p/unnamed-4-141211.jpg", "title": "Make Big Profits With Solana (SOL), Tron (TRX), and Pac-Man Frog (PAC)", "text": "Disclaimer: The text below is an advertorial article that was not written by Cryptonews.com journalists.", "source_name": "Cryptonews", "date": "Mon, 16 May 2022 04:02:00 -0400", "topics": [], "sentiment": "Positive", "type": "Article", "tickers": ["SOL", "TRX", "PAC"]}, {"news_url": "https://en.cryptonomist.ch/2022/05/16/bitcoin-ethereum-cosmos-price-analyses/", "image_url": "https://crypto.snapi.dev/images/v1/m/3/prezzi-bitcoin-4-300x200-141223.jpg", "title": "Bitcoin, Ethereum, Cosmos price analyses", "text": "The Fear and Greed Index is 14 Extreme Fear and is +4 from Sunday's reading of 10 Extreme Fear", "source_name": "The Cryptonomist", "date": "Mon, 16 May 2022 03:59:59 -0400", "topics": [], "sentiment": "Neutral", "type": "Article", "tickers": ["ATOM", "BTC", "ETH"]}, {"news_url": "https://www.proactiveinvestors.co.uk/companies/news/982295/bitcoin-and-ethereum-languish-crypto-bears-remain-on-top-982295.html?SNAPI", "image_url": "https://crypto.snapi.dev/images/v1/u/z/2020-10-21-13-22-54-5910886a577a45200be8d48998903faf-6281f84fccd8f-141209.jpg", "title": "Bitcoin and Ethereum languish; crypto bears remain on top", "text": "Cryptocurrencies began the week trading sideways but analysts expect further price weakness to come, with Bitcoin far from becoming a safe haven asset. Bitcoin hovered around the US$30,000 support level, having eased 0.8% lower to US$29,524, while its closest rival by market value, Ethereum, gave up 0.3% to US$2,023.", "source_name": "Proactive Investors", "date": "Mon, 16 May 2022 03:43:04 -0400", "topics": [], "sentiment": "Positive", "type": "Article", "tickers": ["BTC", "ETH"]}, {"news_url": "https://beincrypto.com/institutions-may-be-accumulating-bitcoin-after-major-exchange-movements/", "image_url": "https://crypto.snapi.dev/images/v1/h/f/bic-btc-accumulation-bitcoinjpgoptimal-141210.jpg", "title": "Institutions May Be Accumulating Bitcoin After Major Exchange Movements", "text": "Crypto markets have stabilized after last week's bloodbath and on-chain asset movements may suggest that institutional investors are starting to load up on BTC again. The post Institutions May Be Accumulating Bitcoin After Major Exchange Movements appeared first on BeInCrypto.", "source_name": "BeInCrypto", "date": "Mon, 16 May 2022 03:30:00 -0400", "topics": ["institutions"], "sentiment": "Neutral", "type": "Article", "tickers": ["BTC"]}, {"news_url": "https://cryptonews.com/news/44-nations-meeting-el-salvador-talk-bitcoin-claims-president-bukele.htm", "image_url": "https://crypto.snapi.dev/images/v1/f/k/adobestock-pincasso-1-1-media-library-original-1200-803-141206.jpg", "title": "\u201844 Nations Meeting in El Salvador to Talk Bitcoin,' Claims President Bukele", "text": "Thirty two central bankers and 12 financial chiefs representing 44 nations will meet in El Salvador later today, per the nation's President Nayib Bukele, who claimed that \u2013 among other things \u2013 the group will discuss bitcoin (BTC).", "source_name": "Cryptonews", "date": "Mon, 16 May 2022 03:25:00 -0400", "topics": [], "sentiment": "Neutral", "type": "Article", "tickers": ["BTC"]}, {"news_url": "https://cryptopotato.com/first-time-in-history-bitcoin-closes-in-red-7-consecutive-weeks/", "image_url": "https://crypto.snapi.dev/images/v1/n/q/bitcoin-red-candle-141204.jpg", "title": "First Time in History: Bitcoin Closes in Red 7 Consecutive Weeks", "text": "The Bitcoin Fear and Greed Index goes into extreme fear territory not seen since the COVID-19 crash as BTC marked its longest weekly bearish streak.", "source_name": "CryptoPotato", "date": "Mon, 16 May 2022 03:20:35 -0400", "topics": [], "sentiment": "Negative", "type": "Article", "tickers": ["BTC"]}, {"news_url": "https://coingape.com/?p=112636", "image_url": "https://crypto.snapi.dev/images/v1/u/d/el-salvador-bitcoin-1-141203.jpg", "title": "Just-In: El Salvador To Discuss Bitcoin Adoption With 44 Countries", "text": "El Salvador President Nayib Bukele said on Sunday that the country will host delegates from 44 countries this week to discuss Bitcoin. Bukele said in a series of tweets that delegates from 44 countries, consisting of 32 central banks and 12 financial authorities will meet in El Salvador to talk financial inclusion, economic digitization and The post Just-In: El Salvador To Discuss Bitcoin Adoption With 44 Countries appeared first on CoinGape.", "source_name": "Coingape", "date": "Mon, 16 May 2022 03:11:27 -0400", "topics": [], "sentiment": "Positive", "type": "Article", "tickers": ["BTC"]}, {"news_url": "https://dailyhodl.com/2022/05/16/two-ethereum-rivals-are-primed-to-break-out-this-week-according-to-top-crypto-analyst/", "image_url": "https://crypto.snapi.dev/images/v1/a/l/altcoin-surges-doldrumsjpgw1024-141264.jpg", "title": "Two Ethereum Rivals Are Primed To Break Out This Week, According to Top Crypto Analyst", "text": "A popular crypto strategist and trader says he's keeping a close watch on two Ethereum challengers that he believes are poised to break out this week. Pseudonymous analyst Pentoshi tells his 547,800 Twitter followers that the crypto markets are flashing signs of bearish exhaustion, suggesting that bulls can ignite relief rallies. \u201cNow we have all-time [\u2026] The post Two Ethereum Rivals Are Primed To Break Out This Week, According to Top Crypto Analyst appeared first on The Daily Hodl.", "source_name": "The Daily Hodl", "date": "Mon, 16 May 2022 03:04:10 -0400", "topics": [], "sentiment": "Positive", "type": "Article", "tickers": ["AVAX", "SOL"]}, {"news_url": "https://www.cryptoglobe.com/latest/2022/05/investment-strategist-lyn-alden-calls-bitcoin-fastest-horse-in-crypto-race/", "image_url": "https://crypto.snapi.dev/images/v1/e/i/leading-horse-141198.jpg", "title": "Investment Strategist Lyn Alden Calls Bitcoin \u2018Fastest Horse' in Crypto Race", "text": "Highly respected equity research analyst and investment strategist\u00a0Lyn Alden\u00a0says that Bitcoin will continue to be the dominant currency in the digital asset market and outpace its competition.\u00a0 Speaking in a recent interview with the \u201cWhat Bitcoin Did\u201d podcast, Alden argued that Bitcoin's greatest competition in the crypto race would come from central bank digital currencies [\u2026]", "source_name": "CryptoGlobe", "date": "Mon, 16 May 2022 02:44:27 -0400", "topics": [], "sentiment": "Neutral", "type": "Article", "tickers": ["BTC"]}, {"news_url": "https://coinpedia.org/bitcoin/top-reasons-why-bitcoin-price-may-continue-trading-in-between-20000-to-40000-for-the-next-6-months/", "image_url": "https://crypto.snapi.dev/images/v1/p/k/andre-francois-mckenzie-igyibhdntpe-unsplash-140788-141194.jpg", "title": "Top Reasons Why Bitcoin Price May Continue Trading in between $20,000 to $40,000 for the Next 6 Months!", "text": "The recent turmoil in the crypto space has hampered many assets largely, mainly Bitcoin which was on its way to hitting $44,000. However, the recent collapse has compelled the price to remain restricted below $30,000. Interestingly, the BTC price rally in the upcoming days is expected to remain restricted within small braces. And hence if \u2026", "source_name": "CoinPedia", "date": "Mon, 16 May 2022 02:44:25 -0400", "topics": [], "sentiment": "Neutral", "type": "Article", "tickers": ["BTC"]}, {"news_url": "https://news.bitcoin.com/turkish-referee-flips-bitcoin-at-istanbul-derby-kick-off-soccer-authority-launches-probe/", "image_url": "https://crypto.snapi.dev/images/v1/8/9/shutterstock-492592159-141191.jpg", "title": "Turkish Referee Flips Bitcoin at Istanbul Derby Kick-Off, Soccer Authority Launches Probe", "text": "A soccer referee's decision to toss a bitcoin before the start of a recent match between Istanbul giants Be\u015fikta\u015f and Fenerbah\u00e7e has sparked controversy in Turkey. The country's football authority is trying to establish why a crypto coin was used for the ritual when that role should have been reserved for the Turkish lira. Bitcoin [\u2026]", "source_name": "Bitcoin", "date": "Mon, 16 May 2022 02:30:36 -0400", "topics": [], "sentiment": "Neutral", "type": "Article", "tickers": ["BTC"]}, {"news_url": "https://www.theblockcrypto.com/linked/146995/nayib-bukele-44-countries-bitcoin-el-salvador-meeting", "image_url": "https://crypto.snapi.dev/images/v1/g/w/211104-nayib-bukele-2-800x450-141189.jpg", "title": "Nayib Bukele says 44 countries to meet in El Salvador to discuss bitcoin", "text": "Numerous developing countries are set to meet in El Salvador on Monday to discuss bitcoin, among other things, says President Nayib Bukele. The post Nayib Bukele says 44 countries to meet in El Salvador to discuss bitcoin appeared first on The Block.", "source_name": "The Block", "date": "Mon, 16 May 2022 02:00:22 -0400", "topics": [], "sentiment": "Neutral", "type": "Article", "tickers": ["BTC"]}, {"news_url": "https://u.today/bitcoin-records-its-longest-bearish-streak-since-early-2015?SNAPI", "image_url": "https://crypto.snapi.dev/images/v1/q/j/14889-141188.jpg", "title": "Bitcoin Records Its Longest Bearish Streak Since Early 2015", "text": "Bitcoin has printed seven weekly red candles in a row", "source_name": "UToday", "date": "Mon, 16 May 2022 02:00:00 -0400", "topics": [], "sentiment": "Negative", "type": "Article", "tickers": ["BTC"]}, {"news_url": "https://beincrypto.com/solana-sol-tvl-reaches-2022-low-crashes-more-than-6-billion%ef%bf%bc/", "image_url": "https://crypto.snapi.dev/images/v1/b/j/soljpgoptimal-141187.jpg", "title": "Solana (SOL) TVL Reaches 2022 Low; Crashes More than $6 Billion\ufffc", "text": "Solana TVL continued to plunge in the third week of May due to bearish trends in the market that have seen declining interest in DeFi. The post Solana (SOL) TVL Reaches 2022 Low; Crashes More than $6 Billion\ufffc appeared first on BeInCrypto.", "source_name": "BeInCrypto", "date": "Mon, 16 May 2022 01:30:43 -0400", "topics": [], "sentiment": "Negative", "type": "Article", "tickers": ["SOL"]}, {"news_url": "https://coingape.com/?p=112629", "image_url": "https://crypto.snapi.dev/images/v1/s/o/ftx-ceo-141185.jpg", "title": "FTX Chief Sam Bankman-Fried thinks Bitcoin Has No Future As A Payments System", "text": "Satoshi Nakamoto created Bitcoin (BTC) to serve as a decentralized alternative to the traditional financial system. But FTX CEO Sam Bankman-Fried recently said that he doesn't see any future for Bitcoin as a payments network.", "source_name": "Coingape", "date": "Mon, 16 May 2022 01:22:38 -0400", "topics": [], "sentiment": "Neutral", "type": "Article", "tickers": ["BTC"]}, {"news_url": "https://coinpedia.org/opinion/bitcoin-and-ethereum-to-outperform-stocks/", "image_url": "https://crypto.snapi.dev/images/v1/k/v/crypto13-141184.jpg", "title": "Bitcoin and Ethereum To Outperform Stocks, Here's Why", "text": "Following the recent price drop that impacted all asset classes, Bloomberg Intelligence analyst Mike McGlone believes the top two cryptocurrencies by market cap will lead to the largest returns. McGlone claims that the Federal Reserve's interest rate hikes are more harmful to the US stock market in the long run than established digital currencies like \u2026", "source_name": "CoinPedia", "date": "Mon, 16 May 2022 00:53:12 -0400", "topics": [], "sentiment": "Positive", "type": "Article", "tickers": ["BTC", "ETH"]}, {"news_url": "https://www.reuters.com/markets/currencies/ftx-chief-says-bitcoin-has-no-future-payments-network-ft-2022-05-16/", "image_url": "https://crypto.snapi.dev/images/v1/w/w/vlmvbbyf3jp4bexcuzeogsbqkq-141182.jpg", "title": "FTX chief says Bitcoin has no future as a payments network- FT", "text": "Cryptocurrency exchange FTX's founder has said that Bitcoin has no future as a payments network and criticized the digital currency for its inefficiency and high environmental costs, the Financial Times reported on Monday.", "source_name": "Reuters", "date": "Mon, 16 May 2022 00:26:10 -0400", "topics": [], "sentiment": "Negative", "type": "Article", "tickers": ["BTC"]}, {"news_url": "https://cryptonews.com/news/bitcoin-and-ethereum-consolidate-gains-ada-and-sol-accelerate.htm", "image_url": "https://crypto.snapi.dev/images/v1/x/z/10-top-reddit-cryptos-to-invest-now-2022-140434-141180.jpg", "title": "Bitcoin and Ethereum Consolidate Gains, ADA and SOL Accelerate", "text": "Bitcoin price started a recovery wave above the USD 30,000 resistance zone and climbed above the USD 31,000 level before correcting lower again. It is currently (04:06 UTC) consolidating gains near USD 30,400 and remains at a risk of a downside break below USD 30,000. BTC is up 2% in a day and down 11% in a week.", "source_name": "Cryptonews", "date": "Mon, 16 May 2022 00:20:00 -0400", "topics": [], "sentiment": "Positive", "type": "Article", "tickers": ["ADA", "BTC", "ETH", "SOL"]}, {"news_url": "https://bitcoinmagazine.com/markets/el-salvador-president-nayib-bukele-announces-countries-to-discuss-bitcoin", "image_url": "https://crypto.snapi.dev/images/v1/s/p/nayib-bukele-bitcoin-el-salvador-141175.png", "title": "President Nayib Bukele Announces 44 Countries To Meet In El Salvador To Discuss Bitcoin", "text": "El Salvador President Nayib Bukele announced that 32 central banks and 12 financial authorities are meeting in the country to discuss Bitcoin.", "source_name": "Bitcoin Magazine", "date": "Sun, 15 May 2022 23:56:58 -0400", "topics": [], "sentiment": "Neutral", "type": "Article", "tickers": ["BTC"]}, {"news_url": "https://www.newsbtc.com/analysis/btc/ta-why-bitcoin-still-at-risk-of-a-fresh-decline-below-29k/", "image_url": "https://crypto.snapi.dev/images/v1/g/x/shutterstock-127419983-141172.jpg", "title": "TA: Why Bitcoin Still At Risk of A Fresh Decline Below $29K", "text": "Bitcoin attempted a recovery wave above the $30,000 resistance against the US Dollar. BTC is struggling near $31,000 and might start a fresh decline.", "source_name": "NewsBTC", "date": "Sun, 15 May 2022 23:28:47 -0400", "topics": ["tanalysis"], "sentiment": "Negative", "type": "Article", "tickers": ["BTC"]}, {"news_url": "https://news.bitcoin.com/veteran-investor-bill-miller-remains-bullish-on-bitcoin-confirms-he-has-a-lot-of-btc/", "image_url": "https://crypto.snapi.dev/images/v1/l/n/bill-miller-141168.jpg", "title": "Veteran Investor Bill Miller Remains Bullish on Bitcoin \u2014 Confirms He Has a Lot of BTC", "text": "Famed value investor and fund manager Bill Miller says he has \u201ca lot\u201d of bitcoin and has not sold any despite the recent crypto sell-off. He insisted that investors should put some of their liquid net worth in the cryptocurrency. Bill Miller Shares His Bitcoin Outlook Famed value investor Bill Miller is still bullish about [\u2026]", "source_name": "Bitcoin", "date": "Sun, 15 May 2022 22:30:23 -0400", "topics": [], "sentiment": "Positive", "type": "Article", "tickers": ["BTC"]}, {"news_url": "https://www.youtube.com/watch?v=XOzTNqel0sQ", "image_url": "https://crypto.snapi.dev/images/v1/h/p/okx-exec-on-ust-and-luna-crash-bitcoin-outlook-after-7-straight-weeks-of-losses-141360.jpg", "title": "OKX Exec. on UST and Luna Crash, Bitcoin Outlook After 7 Straight Weeks of Losses", "text": "As investors still digest the disastrous fall of Terra LUNA and stablecoin UST, OKX Director of Financial Markets Lennix Lai joins \"First Mover\" to explain how it handled the crash and share his thoughts on what may happen in the industry and markets next. Plus, crypto markets analysis from Charles Allen of BTCS Inc. and further examination into the crypto crash from Chen Arad of Solidus Labs.", "source_name": "Coindesk", "date": "Sun, 15 May 2022 21:20:43 -0400", "topics": [], "sentiment": "Negative", "type": "Video", "tickers": ["BTC", "LUNA", "UST"]}, {"news_url": "https://www.youtube.com/watch?v=-UC5KyGtdF4", "image_url": "https://crypto.snapi.dev/images/v1/b/k/bitcoin-holds-above-30000-after-rout-141158.jpg", "title": "Bitcoin Holds Above $30,000 After Rout", "text": "We are seeing a recovery in Bitcoin. It has managed to hold above the $30,000 level and higher and it comes after the world's largest cryptocurrency plunged late last week after the TerraUSD stablecoin collapsed.", "source_name": "Bloomberg Markets and Finance", "date": "Sun, 15 May 2022 19:54:22 -0400", "topics": [], "sentiment": "Positive", "type": "Video", "tickers": ["BTC"]}, {"news_url": "https://beincrypto.com/china-high-court-declares-bitcoin-protected-under-chinese-law/", "image_url": "https://crypto.snapi.dev/images/v1/1/g/untitled-design-52-e1652655723368-141156.png", "title": "Bitcoin Protected Under Chinese Law, Says China High Court", "text": "The Shanghai High People's Court in China ruled that Bitcoin is a virtual asset protected by Chinese law, and has economic value. The post Bitcoin Protected Under Chinese Law, Says China High Court appeared first on BeInCrypto.", "source_name": "BeInCrypto", "date": "Sun, 15 May 2022 19:02:54 -0400", "topics": [], "sentiment": "Neutral", "type": "Article", "tickers": ["BTC"]}, {"news_url": "https://blockchain.news/news/bitcoin-ether-and-other-top-cryptos-see-minor-market-recovery", "image_url": "https://crypto.snapi.dev/images/v1/8/e/888b6e65d92dc9fb3e809ce5cf3d797ad3ab7cf714a051366ca27ac3ac6fd73f-141238.jpg", "title": "Bitcoin, Ether and Other Top Cryptos See Minor Market Recovery", "text": "Top cryptocurrencies have made some slight new highs in the midst of the market crash.", "source_name": "Blockchain News", "date": "Sun, 15 May 2022 18:54:26 -0400", "topics": [], "sentiment": "Positive", "type": "Article", "tickers": ["BTC", "ETH"]}, {"news_url": "https://news.bitcoin.com/tron-dao-reserve-acquires-millions-in-trx-bitcoin-and-tether-to-safeguard-usdd/", "image_url": "https://crypto.snapi.dev/images/v1/n/u/image-2022-05-14-180906-141154.jpg", "title": "Tron DAO Reserve Acquires Millions in TRX, Bitcoin, and Tether to Safeguard USDD", "text": "Seven days ago, Bitcoin.com News reported on the Tron DAO Reserve purchasing $38 million in tron to safeguard the network's stablecoin USDD. Since then and since the terrausd (UST) de-pegging event, the Tron DAO Reserve has continued to purchase large quantities of digital assets to bolster the project's reserves. In addition to the tron purchases, [\u2026]", "source_name": "Bitcoin", "date": "Sun, 15 May 2022 18:30:26 -0400", "topics": ["stablecoins"], "sentiment": "Positive", "type": "Article", "tickers": ["BTC", "TRX", "USDT"]}, {"news_url": "https://www.pymnts.com/blockchain/bitcoin/2022/location-of-terras-bitcoin-reserve-unknown-following-transfers/", "image_url": "https://crypto.snapi.dev/images/v1/t/e/terra-bitcoin-reserve-missing-457x274-141160.jpg", "title": "Location of Terra's Bitcoin Reserve Unknown Following Transfers", "text": "Billions in bitcoin, bought as a reserve by the Luna Foundation Guard (LFG), a foundation set up by the failed Terra blockchain, is now untraceable after being moved to two crypto platforms, Bloomberg wrote Saturday (May 14). LFG reportedly bought $3.5 billion of bitcoin between January and March this year, according to data from blockchain [\u2026]", "source_name": "PYMNTS", "date": "Sun, 15 May 2022 18:22:48 -0400", "topics": [], "sentiment": "Neutral", "type": "Article", "tickers": ["BTC", "LUNA"]}, {"news_url": "https://insidebitcoins.com/news/ethereum-price-prediction-for-today-may-15-eth-is-back-above-2000", "image_url": "https://crypto.snapi.dev/images/v1/f/v/shutterstock-687484741-139349-140001-141153.jpg", "title": "Ethereum Price Prediction for Today, May 15: ETH Is Back Above $2000", "text": "At the time of writing, the Ethereum price prediction is moving above the $2,000 price mark as it is currently changing hands at $2,120. Ethereum [.", "source_name": "Inside Bitcoins", "date": "Sun, 15 May 2022 18:10:24 -0400", "topics": ["tanalysis"], "sentiment": "Positive", "type": "Article", "tickers": ["ETH"]}, {"news_url": "https://dailyhodl.com/2022/05/15/top-crypto-analyst-predicts-strong-bitcoin-bounce-says-btc-rally-will-run-beyond-expectations/", "image_url": "https://crypto.snapi.dev/images/v1/5/g/bitcoin-worst-casejpgw1024-141152.jpg", "title": "Top Crypto Analyst Predicts Strong Bitcoin Bounce, Says BTC Rally Will Run Beyond Expectations", "text": "A closely followed crypto strategist and trader is predicting a big Bitcoin (BTC) rally that he believes will surpass expectations. Analyst Justin Bennett tells his 100,900 Twitter followers that Bitcoin has likely printed a temporary bottom after managing to reclaim a key support level. \u201cThere's a good chance crypto has reached a local bottom if [\u2026] The post Top Crypto Analyst Predicts Strong Bitcoin Bounce, Says BTC Rally Will Run Beyond Expectations appeared first on The Daily Hodl.", "source_name": "The Daily Hodl", "date": "Sun, 15 May 2022 18:05:25 -0400", "topics": [], "sentiment": "Positive", "type": "Article", "tickers": ["BTC"]}, {"news_url": "https://cryptopotato.com/polkadex-locks-in-polkadot-parachain-slot-by-allocating-nearly-1-million-dot/", "image_url": "https://crypto.snapi.dev/images/v1/1/m/polkadex-141149.jpg", "title": "Polkadex Locks in Polkadot Parachain Slot by Allocating Nearly 1 Million DOT", "text": "After projects like Acala and Moonriver, Polkadex is the latest to secure a Polkadot Parachain slot.", "source_name": "CryptoPotato", "date": "Sun, 15 May 2022 17:25:09 -0400", "topics": [], "sentiment": "Positive", "type": "Article", "tickers": ["DOT", "PDEX"]}, {"news_url": "https://news.bitcoin.com/onchain-analysis-report-says-terras-bitcoin-reserves-were-sent-to-binance-and-gemini/", "image_url": "https://crypto.snapi.dev/images/v1/u/y/lfgbtc-141147.jpg", "title": "Onchain Analysis Report Says Terra's Bitcoin Reserves Were Sent to Binance and Gemini", "text": "After the collapse of Terra's once-stable coin terrausd (UST), a number of people wondered where the Luna Foundation Guard's (LFG) bitcoin went, as the funds were supposed to be used to defend the UST's $1 parity. On Friday, the blockchain intelligence and analytics firm, Elliptic, published a blog post that summarizes where the bitcoin was [\u2026]", "source_name": "Bitcoin", "date": "Sun, 15 May 2022 16:30:17 -0400", "topics": [], "sentiment": "Neutral", "type": "Article", "tickers": ["BTC", "LUNA"]}, {"news_url": "https://dailyhodl.com/2022/05/15/analyst-who-called-2021-bitcoin-collapse-predicts-btc-bottom-heres-when/", "image_url": "https://crypto.snapi.dev/images/v1/s/p/sizeable-bitcoin-rallyjpgw1024-141142.jpg", "title": "Analyst Who Called 2021 Bitcoin Collapse Predicts BTC Bottom \u2013 Here's When", "text": "The crypto analyst who called the May 2021 Bitcoin collapse and the double top pattern at $69,000 says that the bottom is nearly in for BTC. The pseudonymous analyst known as Dave the Wave tells his 99,000 Twitter followers that he foresees Bitcoin trading near the 48-month moving average, a spot where BTC historically tends [\u2026] The post Analyst Who Called 2021 Bitcoin Collapse Predicts BTC Bottom \u2013 Here's When appeared first on The Daily Hodl.", "source_name": "The Daily Hodl", "date": "Sun, 15 May 2022 16:00:46 -0400", "topics": [], "sentiment": "Neutral", "type": "Article", "tickers": ["BTC"]}, {"news_url": "https://blockchain.news/news/texas-bitcoin-miners-agree-to-reduce-power-usage", "image_url": "https://crypto.snapi.dev/images/v1/8/0/2fcda6d7150f7704e1389e670b2e7538d7938ed330db4ed72cb8eb4a736aa94b-141195.jpg", "title": "Texas Bitcoin Miners Agree to Reduce Power Usage", "text": "The crypto miners made the move after ERCOT suggested the need to reduce power consumption.", "source_name": "Blockchain News", "date": "Sun, 15 May 2022 15:04:16 -0400", "topics": ["mining"], "sentiment": "Neutral", "type": "Article", "tickers": ["BTC"]}, {"news_url": "https://dailyhodl.com/2022/05/15/top-crypto-analyst-predicts-bitcoin-btc-rally-says-momentum-now-swinging-in-favor-of-bulls/", "image_url": "https://crypto.snapi.dev/images/v1/p/j/spot-bitcoin-etfjpgw1024-141137.jpg", "title": "Top Crypto Analyst Predicts Bitcoin (BTC) Rally, Says Momentum Now Swinging in Favor of Bulls", "text": "A closely tracked crypto strategist and trader says that a Bitcoin rally is now in sight as he believes momentum is swinging to the side of BTC bulls. Pseudonymous crypto analyst Pentoshi tells his 546,900 Twitter followers that bears are exerting a lot of effort to push the price of Bitcoin down but not getting [\u2026] The post Top Crypto Analyst Predicts Bitcoin (BTC) Rally, Says Momentum Now Swinging in Favor of Bulls appeared first on The Daily Hodl.", "source_name": "The Daily Hodl", "date": "Sun, 15 May 2022 14:45:55 -0400", "topics": [], "sentiment": "Positive", "type": "Article", "tickers": ["BTC"]}, {"news_url": "https://news.bitcoin.com/ethereum-hashrate-taps-an-all-time-high-amid-this-weeks-crypto-market-meltdown/", "image_url": "https://crypto.snapi.dev/images/v1/q/y/shutterstock-2127641570-141133.jpg", "title": "Ethereum Hashrate Taps an All-Time High Amid This Week's Crypto Market Meltdown", "text": "Amid the crazy week in the world of cryptocurrencies and the Bitcoin network's mining difficulty reaching a lifetime high at 31.25 trillion, Ethereum's hashrate tapped an all-time high on May 13, at block height 14,770,231. Cryptocurrency miners continue to dedicate large quantities of processing power toward the second-largest crypto network in terms of market capitalization. [\u2026]", "source_name": "Bitcoin", "date": "Sun, 15 May 2022 14:30:24 -0400", "topics": [], "sentiment": "Positive", "type": "Article", "tickers": ["ETH"]}, {"news_url": "https://coingape.com/?p=112620", "image_url": "https://crypto.snapi.dev/images/v1/f/e/terra-luna-141131.jpg", "title": "Where Is Terra's (LUNA) Enormous Bitcoin Reserve?", "text": "The effaced Terra (LUNA) blockchain vanished as a result of the transfer of $3.5 billion worth of bitcoin.\u00a0 The reserve was meant to be useful exactly in such disastrous events, say otherwise.", "source_name": "Coingape", "date": "Sun, 15 May 2022 14:17:59 -0400", "topics": [], "sentiment": "Neutral", "type": "Article", "tickers": ["BTC", "LUNA"]}, {"news_url": "https://coingape.com/?p=112622", "image_url": "https://crypto.snapi.dev/images/v1/e/t/ethereum-token-141144.jpg", "title": "ETH Price Analysis: Consolidation Range Soon To Launch ETH Above $2250", "text": "Last week the Ethereum(ETH) price witnessed a dramatic fall which plunged the altcoin below the $2165 support. As a result, the altcoin registered a 39% fall within a fortnight, and the recent fallout threatens further downfall.", "source_name": "Coingape", "date": "Sun, 15 May 2022 13:35:06 -0400", "topics": ["tanalysis"], "sentiment": "Negative", "type": "Article", "tickers": ["ETH"]}, {"news_url": "https://decrypt.co/100434/what-happened-terras-bitcoin-reserve-ust-luna-crashed", "image_url": "https://crypto.snapi.dev/images/v1/l/u/bitcoin-questions-gid-2-141126.jpg", "title": "What Happened to Terra's Bitcoin Reserve as UST and LUNA Crashed", "text": "New analysis reveals the fate of billions in Bitcoin that the Luna Foundation Guard said it deployed to protect UST.", "source_name": "Decrypt", "date": "Sun, 15 May 2022 13:27:04 -0400", "topics": [], "sentiment": "Neutral", "type": "Article", "tickers": ["BTC", "LUNA", "UST"]}, {"news_url": "https://www.newsbtc.com/news/ripple-xrp-price-picks-up/", "image_url": "https://crypto.snapi.dev/images/v1/i/p/ripple-141117.jpg", "title": "Ripple (XRP) Price Picks Up As SEC Legal Showdown Drags On", "text": "Ripple (XRP) rallied to $0.439217 Friday from $0.377384 on Thursday in the face of an ongoing Securities and Exchange Commission\u00a0lawsuit following the comments of William Hinman, former SEC Corporate Finance director. Suggested Reading | Crypto Analyst Predicts 1 Altcoin Will Fall Down Hard \u2013 Is It Cardano?", "source_name": "NewsBTC", "date": "Sun, 15 May 2022 12:50:34 -0400", "topics": ["regulations"], "sentiment": "Positive", "type": "Article", "tickers": ["XRP"]}, {"news_url": "https://www.dcforecasts.com/altcoin-news/polkadot-recovered-another-7-as-btc-stalls-below-30k/", "image_url": "https://crypto.snapi.dev/images/v1/8/2/gambling-four-aces-140737-141115.jpg", "title": "Polkadot Recovered Another 7% As BTC Stalls Below $30K", "text": "Polkadot recovered another 7% as BTC stalls below $30K and most of the larger coins remain in the red today so let's have a closer look at today's latest altcoin news. Bitcoin calmed under the $30,000 price point after the recent volatility which brought the asset south by five digits.", "source_name": "DCForecasts", "date": "Sun, 15 May 2022 12:40:50 -0400", "topics": [], "sentiment": "Neutral", "type": "Article", "tickers": ["BTC", "DOT"]}, {"news_url": "https://www.cryptopolitan.com/bitcoin-price-analysis-2022-05-15/", "image_url": "https://crypto.snapi.dev/images/v1/h/u/bitcoin-price-analysis-2022-05-15-141113.png", "title": "Bitcoin price analysis: BTC retests $31,000, another drop incoming?", "text": "Bitcoin price analysis is bearish today as we expect another lower high to be set before more downside is tested early next week. Likely BTC/USD will return below $29,500 overnight, opening the way for another push lower.", "source_name": "Cryptopolitan", "date": "Sun, 15 May 2022 12:36:49 -0400", "topics": ["tanalysis"], "sentiment": "Negative", "type": "Article", "tickers": ["BTC"]}, {"news_url": "https://ambcrypto.com/how-is-never-down-or-stopped-ethereums-health-pre-merge/", "image_url": "https://crypto.snapi.dev/images/v1/1/v/ethereum-7108003-1280-e1652608261896-141109.jpg", "title": "How is \u2018never down or stopped' Ethereum's health pre-Merge", "text": "Ethereum, like most cryptos in the industry, is yet to recover from the stormy market conditions of the past week. At the time of writing, for instance, ETH was trading at $2,028, well below its ATH less than a year ago.", "source_name": "AMBCrypto", "date": "Sun, 15 May 2022 12:30:12 -0400", "topics": [], "sentiment": "Neutral", "type": "Article", "tickers": ["ETH"]}, {"news_url": "https://u.today/cardano-ada-and-solana-sol-record-double-digit-price-spikes?SNAPI", "image_url": "https://crypto.snapi.dev/images/v1/a/9/8455-141108.jpg", "title": "Cardano (ADA) and Solana (SOL) Record Double-Digit Price Spikes", "text": "The leading \u201cEthereum killers\u201d have emerged as the best-performing cryptocurrencies over the past 24 hours", "source_name": "UToday", "date": "Sun, 15 May 2022 12:29:00 -0400", "topics": [], "sentiment": "Positive", "type": "Article", "tickers": ["ADA", "SOL"]}, {"news_url": "https://cryptodaily.co.uk/2022/05/btc-usd-eyeing-32200-as-short-term-challenge-sally-ho-technical-analysis-16-may-2022-btc-bitcoin", "image_url": "https://crypto.snapi.dev/images/v1/3/a/whatsapp-image-2022-04-06-at-14455-pm-140773-140873-141104.jpeg", "title": "BTC/USD Eyeing 32200 as Short-Term Challenge: Sally Ho's Technical Analysis 16 May 2022 BTC", "text": "Bitcoin (BTC/USD) attempted to add to marginal gains early in the Asian session as the pair glided higher to the 30437 area after recently trading as low as the 25338.53 area, its weakest print since 2020.\u00a0 This recent low represented a test of the 23.6% retracement of a historical appreciating range from the 15708.24 level to the 28387 area, and was also above the 24365.11 area, a downside price objective related to selling pressure that emerged around the 48240 area.", "source_name": "Crypto Daily", "date": "Sun, 15 May 2022 12:00:00 -0400", "topics": ["tanalysis"], "sentiment": "Positive", "type": "Article", "tickers": ["BTC"]}, {"news_url": "https://coingape.com/?p=112621", "image_url": "https://crypto.snapi.dev/images/v1/w/o/bitcoin-141103.jpeg", "title": "Bitcoin Price Analysis: Triangle Breakout Sets BTC Rally To $32000 Mark", "text": "A bullish breakout from a symmetrical triangle pattern boasts the ongoing recovery in Bitcoin(BTC) prices. The expected retest could offer a good entry opportunity for interested traders with an expected target of 6.50% high at $32000.", "source_name": "Coingape", "date": "Sun, 15 May 2022 11:46:41 -0400", "topics": ["tanalysis"], "sentiment": "Positive", "type": "Article", "tickers": ["BTC"]}, {"news_url": "https://coinpedia.org/news/terra-luna-foundation-send-over-2-billion-bitcoin-to-gemini-and-binance-what-next/", "image_url": "https://crypto.snapi.dev/images/v1/l/u/crypto8-141098.jpg", "title": "Terra (LUNA) Foundation Send Over $2 Billion Bitcoin to Gemini and Binance. What Next?", "text": "As the cryptocurrency industry continues to be shaken by the Terra blockchain's failure and the price crash of its native token, LUNA, and its algorithmic Stablecoin, UST, suspicions have arisen concerning the whereabouts of around 80,000 Bitcoin units belonging to the ecosystem. The claimed Bitcoin was intended to be held in trust by the Luna \u2026", "source_name": "CoinPedia", "date": "Sun, 15 May 2022 11:25:58 -0400", "topics": [], "sentiment": "Neutral", "type": "Article", "tickers": ["BTC", "LUNA"]}], "total_pages": 44}