{"data": [{"news_url": "https://coingape.com/?p=112740", "image_url": "https://crypto.snapi.dev/images/v1/r/c/solana-141607.jpg", "title": "Solana (SOL) NFT Trades Moon Amid Crypto Crash", "text": "Solana NFT marketplaces have proven to be one of the fastest growing NFT marketplaces, after their number of users skyrocketed to 250,000 traders in just the months of April and May. This is according to data from Dune Analytics.", "source_name": "Coingape", "date": "Mon, 16 May 2022 17:36:41 -0400", "topics": ["NFT"], "sentiment": "Negative", "type": "Article", "tickers": ["SOL", "MOON"]}, {"news_url": "https://cryptopotato.com/bitcoin-has-failed-as-an-alternative-money-says-former-fed-chairman/", "image_url": "https://crypto.snapi.dev/images/v1/h/v/federal-reserve-min-141603.jpg", "title": "Bitcoin Has Failed as an Alternative Money, says Former Fed Chairman", "text": "Ben Bernanke believes Bitcoin's best use cases are speculation and criminal activity.", "source_name": "CryptoPotato", "date": "Mon, 16 May 2022 17:28:03 -0400", "topics": [], "sentiment": "Negative", "type": "Article", "tickers": ["BTC"]}, {"news_url": "https://insidebitcoins.com/news/bitcoin-price-prediction-for-today-may-16-btc-turns-bearish-as-price-drops-to-29055", "image_url": "https://crypto.snapi.dev/images/v1/o/i/crypto8-141600.jpg", "title": "Bitcoin Price Prediction for Today, May 16: BTC Turns Bearish as Price Drops to $29,055", "text": "The Bitcoin price prediction keeps extending the bearish movement to the areas below the support level of $30,000. Bitcoin Prediction Statistics Data: Bitcoin price now [.", "source_name": "Inside Bitcoins", "date": "Mon, 16 May 2022 17:22:18 -0400", "topics": ["tanalysis"], "sentiment": "Negative", "type": "Article", "tickers": ["BTC"]}, {"news_url": "https://www.coindesk.com/business/2022/05/16/stronghold-digital-beats-q1-revenue-estimates-but-misses-on-earnings/", "image_url": "https://crypto.snapi.dev/images/v1/a/w/nshj5nqzjvdd3fqkwwinn6zycm-141604.jpeg", "title": "Shares of the bitcoin miner that uses waste coal for energy fell slightly in after-hours trading.", "text": "Stronghold Digital (SDIG) reported first-quarter revenues of $28.7 million, ahead of the consensus analyst estimate of $26.2 million, according to FactSet. But its adjusted net loss of 66 cents per share exceeded the consensus estimate for an adjusted net loss of 8 cents per share.", "source_name": "Coindesk", "date": "Mon, 16 May 2022 17:21:28 -0400", "topics": ["mining"], "sentiment": "Negative", "type": "Article", "tickers": ["BTC"]}, {"news_url": "https://decrypt.co/100573/1-2-billion-in-bitcoin-was-liquidated-during-last-weeks-crypto-crash", "image_url": "https://crypto.snapi.dev/images/v1/h/7/bitcoin-shattered-gid-4-141601.png", "title": "$1.2 Billion in Bitcoin Was Liquidated During Last Week's Crypto Crash", "text": "Terra's LUNA went to zero. Some Bitcoin traders also saw their accounts wiped out during last week's market correction.", "source_name": "Decrypt", "date": "Mon, 16 May 2022 17:21:26 -0400", "topics": [], "sentiment": "Negative", "type": "Article", "tickers": ["BTC"]}, {"news_url": "https://investorplace.com/2022/05/what-to-know-about-eth-stablecoins-and-bitcoin-today/", "image_url": "https://crypto.snapi.dev/images/v1/a/d/crypto7-141598.jpg", "title": "What to Know about ETH, Stablecoins, and Bitcoin Today", "text": "There's a lot going on that investors in the New Digital World need to be aware of\u2026 And Bitcoin's (BTC-USD) chart indicates we might not be out of the woods yet.", "source_name": "Investorplace", "date": "Mon, 16 May 2022 17:12:12 -0400", "topics": ["stablecoins"], "sentiment": "Neutral", "type": "Article", "tickers": ["BTC", "ETH"]}, {"news_url": "https://www.youtube.com/watch?v=DK3SpYHpoR4", "image_url": "https://crypto.snapi.dev/images/v1/q/k/image-2022-05-16-181700265-141446-141599.png", "title": "\u2018Bitcoin doesn't have instant finality': Ava Labs President John Wu", "text": "#bitcoin #stablecoins Ava Labs President John Wu joins Yahoo Finance Live anchor Rachelle Akuffo to discuss the recent volatility in the crypto market, the future of bitcoin, and the moves in the Avalanche crypto stock. Don't Miss: Valley of Hype: The Culture That Built Elizabeth Holmes WATCH HERE: https://youtu.be/Sb179GLPNYE Watch the 2021 Berkshire Hathaway Annual Shareholders Meeting on YouTube: https://youtu.be/gx-OzwHpM9k Subscribe to Yahoo Finance: https://yhoo.it/2fGu5Bb About Yahoo Finance: At Yahoo Finance, you get free stock quotes, up-to-date news, portfolio management resources, international market data, social interaction and mortgage rates that help you manage your financial life.", "source_name": "Yahoo Finance", "date": "Mon, 16 May 2022 17:09:10 -0400", "topics": [], "sentiment": "Neutral", "type": "Video", "tickers": ["BTC"]}, {"news_url": "https://decrypt.co/100554/high-times-in-web3-my-trip-to-an-ethereum-metaverse-dispensary", "image_url": "https://crypto.snapi.dev/images/v1/j/g/marijuana-dispensary-shutterstock-gid-5-141590.png", "title": "High Times in Web3? My Trip to An Ethereum Metaverse Dispensary", "text": "The Crypto Cannabis Club is the latest dispensary to open in the metaverse\u2014and you can even order weed for real-world delivery.", "source_name": "Decrypt", "date": "Mon, 16 May 2022 16:49:19 -0400", "topics": [], "sentiment": "Neutral", "type": "Article", "tickers": ["ETH"]}, {"news_url": "https://www.pymnts.com/news/fintech-investments/2022/today-in-fintech-bitcoin-further-crushed-experian-acquires-mova/", "image_url": "https://crypto.snapi.dev/images/v1/t/o/today-in-fintech-delivery-payments-uk-groceries-plaid-paypal-experian-457x274-141591.jpg", "title": "Today in FinTech: Bitcoin Further Crushed; Experian Acquires MOVA; Buymie Raises Funds", "text": "In today's FinTech news, the founder of crypto exchange FTX Sam Bankman-Fried said he doesn't think bitcoin can be a payment method. Plus, Buymie is expanding its digital grocery delivery service to more cities in Ireland and the U.K. FTX Founder Says Bitcoin Fails as Payments Network The founder of the crypto exchange FTX Sam [\u2026]", "source_name": "PYMNTS", "date": "Mon, 16 May 2022 16:48:27 -0400", "topics": [], "sentiment": "Positive", "type": "Article", "tickers": ["BTC"]}, {"news_url": "https://www.theblockcrypto.com/linked/147179/bitcoin-mining-stock-report-monday-may-16", "image_url": "https://crypto.snapi.dev/images/v1/o/7/20210216-mining-bitcoin-2-generic-800x450-141587.jpg", "title": "Bitcoin mining stock report: Monday, May 16", "text": "Here is a look at how crypto mining companies did in the markets on Monday, May 16. The post Bitcoin mining stock report: Monday, May 16 appeared first on The Block.", "source_name": "The Block", "date": "Mon, 16 May 2022 16:31:18 -0400", "topics": ["mining"], "sentiment": "Neutral", "type": "Article", "tickers": ["BTC"]}, {"news_url": "https://www.newsbtc.com/analysis/btc/expanding-triangle-pattern-bitcoin-last-hope/", "image_url": "https://crypto.snapi.dev/images/v1/7/d/istock-938477558-141585.jpg", "title": "This Expanding Triangle Pattern Could Be The Last Hope For Bitcoin Bulls", "text": "Bitcoin broke through support and plunged to the lowest prices seen since 2020. However, despite all the fear the drop has caused, it could be the last low before the top cryptocurrency continues its bull run.", "source_name": "NewsBTC", "date": "Mon, 16 May 2022 16:30:08 -0400", "topics": [], "sentiment": "Positive", "type": "Article", "tickers": ["BTC"]}, {"news_url": "https://www.youtube.com/watch?v=bnQCv-wDKOo", "image_url": "https://crypto.snapi.dev/images/v1/n/4/el-salvador-bitcoin-default-1-300x200-141294-141588.jpg", "title": "Bitcoin prices tumble, the last-ditch effort to save UST, and crypto's energy use: CNBC Crypto World", "text": "CNBC Crypto World features the latest news and daily trading updates from the digital currency markets and provides viewers with a look at what's ahead with high-profile interviews, explainers, and unique stories from the ever-changing crypto industry. On today's show, CNBC's Pippa Stevens breaks down the energy usage data that's driving the push toward the proof-of-stake mining revolution.", "source_name": "CNBC Television", "date": "Mon, 16 May 2022 16:29:28 -0400", "topics": [], "sentiment": "Negative", "type": "Video", "tickers": ["BTC", "UST"]}, {"news_url": "https://coinfomania.com/5-things-to-know-bitcoin-newcomer/", "image_url": "https://crypto.snapi.dev/images/v1/b/i/bitcoin-trading-141316-141582.jpg", "title": "Five (5) Things to Know if You're a Bitcoin Newcomer", "text": "Invented during the fallout of the Great Recession of the late aughts, Bitcoin has burst out of its obscure computer science origins. Predictions of its demise have, to date, not been vindicated.", "source_name": "Coinfomania", "date": "Mon, 16 May 2022 16:17:12 -0400", "topics": [], "sentiment": "Neutral", "type": "Article", "tickers": ["BTC"]}, {"news_url": "https://dailyhodl.com/2022/05/16/fidelity-macro-anlayst-says-bitcoin-btc-attractively-valued-at-current-price-heres-why/", "image_url": "https://crypto.snapi.dev/images/v1/q/h/fidelity-sec-bitcoin-productjpgw1024-141570.jpg", "title": "Fidelity Macro Anlayst Says Bitcoin (BTC) \u2018Attractively Valued' At Current Price \u2013 Here's Why", "text": "A widely followed macro analyst from financial services giant Fidelity says Bitcoin has reached a price level that makes it \u201cattractively valued.\u201d Fidelity analyst Jurrien Timmer tells his 114,000 Twitter followers that he's looking at the Bitcoin to gold ratio, which pins the price of both store-of-value assets against each other. \u201cFirst up is the [\u2026] The post Fidelity Macro Anlayst Says Bitcoin (BTC) \u2018Attractively Valued' At Current Price \u2013 Here's Why appeared first on The Daily Hodl.", "source_name": "The Daily Hodl", "date": "Mon, 16 May 2022 15:55:06 -0400", "topics": [], "sentiment": "Positive", "type": "Article", "tickers": ["BTC"]}, {"news_url": "https://thenewscrypto.com/former-meta-crypto-head-announces-bitcoin-payments-startup-lightspark/?SNAPI", "image_url": "https://crypto.snapi.dev/images/v1/c/z/bitcoin-btc-price-level-to-end-on-a-positive-note-this-november-141567.jpg", "title": "Former Meta Crypto Head Announces Bitcoin Payments Startup Lightspark", "text": "There are currently 3,807.15 BTC in the Lightning Network's system. Some of the former Meta workers have joined him at", "source_name": "TheNewsCrypto", "date": "Mon, 16 May 2022 15:45:00 -0400", "topics": [], "sentiment": "Neutral", "type": "Article", "tickers": ["BTC"]}, {"news_url": "https://investorplace.com/2022/05/dear-xrp-crypto-fans-mark-your-calendars-for-may-18/", "image_url": "https://crypto.snapi.dev/images/v1/z/z/crypto1-141566.jpg", "title": "Dear XRP Crypto Fans, Mark Your Calendars for May 18", "text": "Besides impressive volatility in the crypto market, the XRP crypto has its own set of catalysts investors are betting on right now.", "source_name": "Investorplace", "date": "Mon, 16 May 2022 15:43:49 -0400", "topics": [], "sentiment": "Neutral", "type": "Article", "tickers": ["XRP"]}, {"news_url": "https://www.financemagnates.com/cryptocurrency/news/ether-capital-corporation-reports-a-revenue-of-12-million-in-q1-2022/", "image_url": "https://crypto.snapi.dev/images/v1/o/q/ethereum-id-186b9a46-6926-40c1-a5bb-18950dadcba6-size900-141565.jpg", "title": "Ether Capital Corporation Reports a Revenue of $1.2 Million in Q1 2022", "text": "Ether Capital Corporation, a company focused on the development of Ethereum Ethereum Ethereum is an open source, blockchain-based distributed computing platform and operating system featuring smart contract functionality. Created in 2014, Ethereum now stands as the second largest cryptocurrency by market cap at the time of writing.As a decentralized cryptocurrency network and software platform, Ethereum represents the most prominent altcoin.", "source_name": "FinanceMagnates", "date": "Mon, 16 May 2022 15:42:00 -0400", "topics": [], "sentiment": "Neutral", "type": "Article", "tickers": ["ETH"]}, {"news_url": "https://decrypt.co/100553/bitcoins-seventh-straight-week-in-the-red-sets-new-record", "image_url": "https://crypto.snapi.dev/images/v1/z/z/bitcoin-down-gid-2-141564.jpg", "title": "Bitcoin's Seventh Straight Week in the Red Sets New Record", "text": "The previous six-week record happened in 2014.", "source_name": "Decrypt", "date": "Mon, 16 May 2022 15:33:24 -0400", "topics": [], "sentiment": "Negative", "type": "Article", "tickers": ["BTC"]}, {"news_url": "https://bitcoinmagazine.com/culture/bitcoin-songsheet-wind-solar-are-altcoins-energy", "image_url": "https://crypto.snapi.dev/images/v1/v/v/20220516-btcfinal-best-jimmy-song-esg-fossil-fuels-141560.png", "title": "Bitcoin Songsheet: Wind And Solar Are The Altcoins Of Energy", "text": "A misdirection of resources and an obstruction of progress, wind and solar energy reflect the same distracting qualities of altcoins.", "source_name": "Bitcoin Magazine", "date": "Mon, 16 May 2022 15:28:31 -0400", "topics": [], "sentiment": "Neutral", "type": "Article", "tickers": ["BTC"]}, {"news_url": "https://www.youtube.com/watch?v=dHc0nyrNtJs", "image_url": "https://crypto.snapi.dev/images/v1/j/v/all-about-bitcoin-51722-141869.jpg", "title": "All About Bitcoin 5/17/22", "text": "Site: https://www.coindesk.com Twitter: https://www.twitter.com/coindesk LinkedIn: https://www.linkedin.com/company/3104779/admin Instagram: https://www.instagram.com/coindesk Facebook: https://www.facebook.com/CoinDesk Newsletters: https://www.coindesk.com/newsletters CoinDesk Podcast Network: https://open.spotify.com/show/2jyIhkvAQhed8AWDZiPpSP Markets Daily Crypto Roundup: https://open.spotify.com/show/7sDXM8BlxsUqzL2IqmLqwE CoinDesk is the leading digital media, events and information services company for the crypto asset and blockchain technology community.", "source_name": "Coindesk", "date": "Mon, 16 May 2022 15:20:05 -0400", "topics": [], "sentiment": "Neutral", "type": "Video", "tickers": ["BTC"]}, {"news_url": "https://www.youtube.com/watch?v=cCUrTDvINJA", "image_url": "https://crypto.snapi.dev/images/v1/t/3/paul-brody-on-enterprise-interest-in-crypto-btc-and-eth-hover-above-support-levels-and-more-141868.jpg", "title": "Paul Brody on Enterprise Interest in Crypto, BTC and ETH Hover Above Support Levels And More", "text": "Ernst & Young Principal and Global Innovation Leader Paul Brody joins \"First Mover\" to discuss the state of crypto in the wake of the UST and LUNA crashes. Also, can blockchain help to address the global supply chain crisis?", "source_name": "Coindesk", "date": "Mon, 16 May 2022 15:19:09 -0400", "topics": [], "sentiment": "Positive", "type": "Video", "tickers": ["BTC", "ETH"]}, {"news_url": "https://www.cryptoglobe.com/latest/2022/05/former-twitter-ceo-rebukes-ftx-ceo-for-saying-bitcoin-is-unsuitable-for-payments/", "image_url": "https://crypto.snapi.dev/images/v1/k/v/14896-141299-141556.jpg", "title": "Former Twitter CEO Rebukes FTX CEO for Saying Bitcoin Is Unsuitable for Payments", "text": "Earlier today,\u00a0Jack Dorsey, who is the co-founder and former CEO of Twitter, as well as the co-founder, chairman, and CEO of\u00a0Block\u00a0(formerly known as Square), criticized fellow billionaire Sam Bankman-Fried, who is the co-founder and CEO of crypto exchange FTX. In an interview published in Financial Times (FT) on Monday (May 16), the 30-year-old FTX CEO, [\u2026]", "source_name": "CryptoGlobe", "date": "Mon, 16 May 2022 15:07:17 -0400", "topics": [], "sentiment": "Negative", "type": "Article", "tickers": ["BTC"]}, {"news_url": "https://crypto.news/lfg-80k-btc-ust-stablecoin-peg/", "image_url": "https://crypto.snapi.dev/images/v1/h/1/wallet-1000-bitcoin-300x200-141222-141552.jpg", "title": "LFG Swapped Over 80k BTC for $UST Soon After Stablecoin Lost Peg", "text": "On May 16, Wu Blockchain reported that the LFG currently holds a reserve of merely 313 BTC. The announcement came after LFG noted that they converted most of their reserves when UST began to lose its peg on the 8th.", "source_name": "Crypto news", "date": "Mon, 16 May 2022 15:00:00 -0400", "topics": ["stablecoins"], "sentiment": "Neutral", "type": "Article", "tickers": ["BTC", "UST"]}, {"news_url": "https://cointelegraph.com/news/price-analysis-5-16-btc-eth-bnb-xrp-ada-sol-doge-dot-avax-shib", "image_url": "https://crypto.snapi.dev/images/v1/4/p/840-ahr0chm6ly9zmy5jb2ludgvszwdyyxbolmnvbs91cgxvywrzlziwmjitmduvmtdmzgiwyjetngqxyi00nmyylwi4mzgtntc5yzdmytq4nmjklmpwzw-141551.jpg", "title": "Price analysis 5/16: BTC, ETH, BNB, XRP, ADA, SOL, DOGE, DOT, AVAX, SHIB", "text": "BTC and most altcoins are facing strong selling at the top of each rally, but the short-term downside could be limited since Bitcoin bulls keep buying each dip.", "source_name": "Cointelegraph", "date": "Mon, 16 May 2022 15:00:00 -0400", "topics": ["tanalysis"], "sentiment": "Neutral", "type": "Article", "tickers": ["ADA", "AVAX", "BNB", "BTC", "DOGE", "DOT", "ETH", "SHIB", "SOL", "XRP"]}, {"news_url": "https://bitcoinmagazine.com/business/pnkfrg-studio-raises-3-million-for-bitcoin-games", "image_url": "https://crypto.snapi.dev/images/v1/9/s/bitcoin-trading-141316-141548.jpg", "title": "Bitcoin Gaming Studio Pnkfrg Raises $3 Million For Mobile Games", "text": "Pnkfrg is a new mobile gaming studio building on Bitcoin's Lightning Network targeting a casual, F2P creator economy experience.", "source_name": "Bitcoin Magazine", "date": "Mon, 16 May 2022 14:58:41 -0400", "topics": [], "sentiment": "Neutral", "type": "Article", "tickers": ["BTC"]}, {"news_url": "https://dailyhodl.com/2022/05/16/bitcoin-gearing-up-for-a-big-move-in-the-next-three-months-says-crypto-strategist-here-are-his-targets/", "image_url": "https://crypto.snapi.dev/images/v1/g/w/sec-evalute-bitcoinjpgw1024-141546.jpg", "title": "Bitcoin Gearing Up for a Big Move in the Next Three Months, Says Crypto Strategist \u2013 Here Are His Targets", "text": "A closely tracked analyst believes that Bitcoin is almost ready to pull off a big move now that the leading crypto asset by market cap breached a key psychological support area of $30,000. In a new strategy session, DonAlt says that the fear and the panic in the crypto markets are leading him to believe [\u2026] The post Bitcoin Gearing Up for a Big Move in the Next Three Months, Says Crypto Strategist \u2013 Here Are His Targets appeared first on The Daily Hodl.", "source_name": "The Daily Hodl", "date": "Mon, 16 May 2022 14:45:00 -0400", "topics": [], "sentiment": "Positive", "type": "Article", "tickers": ["BTC"]}, {"news_url": "https://dailyhodl.com/2022/05/16/central-banks-from-32-different-countries-to-meet-in-el-salvador-to-discuss-bitcoin-rollout-says-nayib-bukele/", "image_url": "https://crypto.snapi.dev/images/v1/i/f/countries-meet-bitcoinjpgw1024-141544.jpg", "title": "Central Banks From 32 Different Countries To Meet in El Salvador To Discuss Bitcoin Rollout, Says Nayib Bukele", "text": "The president of the first country to adopt Bitcoin (BTC) as legal tender is planning to meet with central banks from 32 different countries to discuss BTC and its role in economies. El Salvadoran president Nayib Bukele\u00a0tweeted yesterday that representatives from 44 countries will convene in the Central American nation today for the meeting. \u201cTomorrow, [\u2026] The post Central Banks From 32 Different Countries To Meet in El Salvador To Discuss Bitcoin Rollout, Says Nayib Bukele appeared first on The Daily Hodl.", "source_name": "The Daily Hodl", "date": "Mon, 16 May 2022 14:41:50 -0400", "topics": [], "sentiment": "Neutral", "type": "Article", "tickers": ["BTC"]}, {"news_url": "https://ambcrypto.com/sharing-a-98-correlation-with-bitcoin-can-shiba-inu-hold-its-key-support-levels/", "image_url": "https://crypto.snapi.dev/images/v1/4/g/untitled-design-44-141529.png", "title": "Sharing a 98% correlation with Bitcoin, can Shiba Inu hold its key support levels", "text": "The dog-themed token has been tumbling after striking the 23.6% Fibonacci resistance. Shiba Inu (SHIB) sellers have denied any substantial bull rallies by keeping the price below the constraints of its EMA ribbons.", "source_name": "AMBCrypto", "date": "Mon, 16 May 2022 14:30:11 -0400", "topics": [], "sentiment": "Neutral", "type": "Article", "tickers": ["BTC", "SHIB"]}, {"news_url": "https://cointelegraph.com/news/bitcoin-bulls-aim-to-flip-30k-to-support-but-derivatives-data-show-traders-lack-confidence", "image_url": "https://crypto.snapi.dev/images/v1/p/r/840-ahr0chm6ly9zmy5jb2ludgvszwdyyxbolmnvbs91cgxvywrzlziwmjitmduvyje2ntmzytetmtjkni00mtrkltlhntktndjinthindnlymm5lmpwzw-141531.jpg", "title": "Bitcoin bulls aim to flip $30K to support, but derivatives data show traders lack confidence", "text": "The BTC futures premium flashed a slightly positive reading, but options markets show extreme fear from whales and market markers.", "source_name": "Cointelegraph", "date": "Mon, 16 May 2022 14:30:00 -0400", "topics": [], "sentiment": "Negative", "type": "Article", "tickers": ["BTC"]}, {"news_url": "https://blockgeeks.com/the-effect-of-the-bitcoin-crash-on-the-cryptocurrency-industry/", "image_url": "https://crypto.snapi.dev/images/v1/t/e/terra-bitcoin-reserve-missing-457x274-141160-141538.jpg", "title": "The Effect Of The Bitcoin Crash On The Cryptocurrency Industry", "text": "The post The Effect Of The Bitcoin Crash On The Cryptocurrency Industry appeared first on Blockgeeks.", "source_name": "Blockgeeks", "date": "Mon, 16 May 2022 14:10:20 -0400", "topics": [], "sentiment": "Negative", "type": "Article", "tickers": ["BTC"]}, {"news_url": "https://decrypt.co/100542/institutions-poured-300m-into-bitcoin-funds-during-terra-meltdown-report", "image_url": "https://crypto.snapi.dev/images/v1/7/6/bitcoin-whale-gid-2-141527.jpg", "title": "Institutions Poured $300M Into Bitcoin Funds During Terra Meltdown: Report", "text": "It's a signal that they saw the market turmoil \u201cas a buying opportunity,\" according to Coinshares.", "source_name": "Decrypt", "date": "Mon, 16 May 2022 14:09:59 -0400", "topics": ["institutions"], "sentiment": "Positive", "type": "Article", "tickers": ["BTC"]}, {"news_url": "https://bitcoinmagazine.com/markets/b3-to-offer-bitcoin-futures-contracts", "image_url": "https://crypto.snapi.dev/images/v1/3/4/city-in-brazil-to-accept-bitcoin-for-public-transportation-141526.jpg", "title": "Brazilian Stock Exchange To Begin Trading Bitcoin Futures This Year", "text": "B3, the Brazilian stock exchange, will begin trading bitcoin futures contracts within the next three to six months and hopes to offer crypto-based services.", "source_name": "Bitcoin Magazine", "date": "Mon, 16 May 2022 14:09:10 -0400", "topics": ["futures"], "sentiment": "Positive", "type": "Article", "tickers": ["BTC"]}, {"news_url": "https://dailyhodl.com/2022/05/16/institutional-investors-accumulate-staggering-298000000-in-bitcoin-as-ethereum-solana-and-additional-altcoins-tread-water-coinshares/", "image_url": "https://crypto.snapi.dev/images/v1/t/5/institutional-investors-dipjpgw1024-141525.jpg", "title": "Institutional Investors Accumulate Staggering $298,000,000 in Bitcoin As Ethereum, Solana and Additional Altcoins Tread Water: CoinShares", "text": "Institutional investors took advantage of last week's Bitcoin sell-off in record numbers for 2022, according to CoinShares. In the latest Digital Asset Fund Flows Weekly\u00a0report, CoinShares finds that crypto investment products saw the largest capital inflow of the year last week as institutions sought to buy into the market's weakness. \u201cDigital asset investment products saw [\u2026] The post Institutional Investors Accumulate Staggering $298,000,000 in Bitcoin As Ethereum, Solana and Additional Altcoins Tread Water: CoinShares appeared first on The Daily Hodl.", "source_name": "The Daily Hodl", "date": "Mon, 16 May 2022 14:05:14 -0400", "topics": ["institutions"], "sentiment": "Negative", "type": "Article", "tickers": ["BTC", "ETH", "SOL"]}, {"news_url": "https://www.cryptoglobe.com/latest/2022/05/australian-bitcoin-mining-firm-not-worried-about-recent-crypto-market-correction/", "image_url": "https://crypto.snapi.dev/images/v1/m/1/technology-g6e0d09e18-1920-141523.jpg", "title": "Australian Bitcoin Mining Firm Not Worried About Recent Crypto Market Correction", "text": "A major Australian Bitcoin mining firm does not appear concerned about profitability of its operation despite the current bear market. According to a report by The Sydney Morning Herald on May 12, Daniel Roberts, co-founder and CEO of Australian-founded sustainable Bitcoin mining company Iris Energy remains unmoved by the rapid changing $BTC price. Roberts, based [\u2026]", "source_name": "CryptoGlobe", "date": "Mon, 16 May 2022 14:01:39 -0400", "topics": ["mining"], "sentiment": "Neutral", "type": "Article", "tickers": ["BTC"]}, {"news_url": "https://www.youtube.com/watch?v=DiqO6pdO1qg", "image_url": "https://crypto.snapi.dev/images/v1/q/o/bitcoin-could-still-go-down-due-to-the-bubble-dynamic-says-custodia-banks-caitlin-long-141524.jpg", "title": "Bitcoin could still go down due to the 'bubble dynamic,' says Custodia Bank's Caitlin Long", "text": "Caitlin Long, chairman and CEO of Custodia Bank, joins 'The Exchange' to discuss her thoughts on Bitcoin.", "source_name": "CNBC Television", "date": "Mon, 16 May 2022 14:01:06 -0400", "topics": [], "sentiment": "Negative", "type": "Video", "tickers": ["BTC"]}, {"news_url": "https://cryptopotato.com/xrp-price-analysis-ripple-drops-42-in-a-week-whats-next/", "image_url": "https://crypto.snapi.dev/images/v1/j/u/ripple-6237041-1280-136347-141517.jpg", "title": "XRP Price Analysis: Ripple Drops 42% in a Week, What's Next?", "text": "Last week, Ripple closed a red candle of a whopping 42%. The bulls managed to fight back, pushing the price up at the end of the week.", "source_name": "CryptoPotato", "date": "Mon, 16 May 2022 13:48:42 -0400", "topics": ["tanalysis"], "sentiment": "Negative", "type": "Article", "tickers": ["XRP"]}, {"news_url": "https://cointelegraph.com/news/top-5-cryptocurrencies-to-watch-this-week-btc-mana-mkr-zec-kcs", "image_url": "https://crypto.snapi.dev/images/v1/a/t/840-ahr0chm6ly9zmy5jb2ludgvszwdyyxbolmnvbs91cgxvywrzlziwmjitmduvzwfmmja4ngytzmzjyy00ogu2lthhyzetndbkmgrioduyodqwlmpwzw-141512.jpg", "title": "Top 5 cryptocurrencies to watch this week: BTC, MANA, MKR, ZEC, KCS", "text": "Bitcoin could eventually attempt a relief rally which might trigger a rebound in MANA, MKR, ZEC and KCS price.", "source_name": "Cointelegraph", "date": "Mon, 16 May 2022 13:35:00 -0400", "topics": [], "sentiment": "Positive", "type": "Article", "tickers": ["BTC", "MANA", "KCS", "MKR", "ZEC"]}, {"news_url": "https://www.theblockcrypto.com/linked/147114/bitcoin-miner-bitfarms-scales-back-growth-plans-for-2022-after-drop-in-revenue-net-profit", "image_url": "https://crypto.snapi.dev/images/v1/9/x/mining-652x450-141511.jpg", "title": "Bitcoin miner Bitfarms scales back growth plans for 2022 after drop in revenue, net profit", "text": "The company said during its Q1 2022 earnings call that it will slow down the deployment of miners to a new facility in Argentina. The post Bitcoin miner Bitfarms scales back growth plans for 2022 after drop in revenue, net profit appeared first on The Block.", "source_name": "The Block", "date": "Mon, 16 May 2022 13:33:28 -0400", "topics": ["mining"], "sentiment": "Neutral", "type": "Article", "tickers": ["BTC"]}, {"news_url": "https://coinfomania.com/el-salvador-to-host-central-banks/", "image_url": "https://crypto.snapi.dev/images/v1/2/0/2020-10-21-13-22-54-5910886a577a45200be8d48998903faf-6281f84fccd8f-141209-141535.jpg", "title": "Bitcoin-Friendly El Salvador to Host Central Banks Meeting on Digital Economy", "text": "El Salvador is set to host delegates from different countries to\u00a0discuss financial inclusion such as the digital economy, banking the unbanked, and the benefits of Bitcoin.\u00a0 Tomorrow, 32 central banks and 12 financial authorities (44 countries) will meet in El Salvador to discuss financial inclusion, digital economy, banking the unbanked, the #Bitcoin rollout and its benefits in our country.", "source_name": "Coinfomania", "date": "Mon, 16 May 2022 13:33:20 -0400", "topics": [], "sentiment": "Neutral", "type": "Article", "tickers": ["BTC"]}, {"news_url": "https://www.cryptopolitan.com/bitcoin-price-analysis-2022-05-16/", "image_url": "https://crypto.snapi.dev/images/v1/x/i/bitcoin-price-analysis-2022-05-16-141510.png", "title": "Bitcoin price analysis: BTC looks to set a higher low at $29,500, another push higher next?", "text": "Bitcoin price analysis is bullish today as we expect another test of upside to follow after a higher low set at $29,500. Therefore, BTC/USD should be ready to rally higher again and test the $32,000 next major resistance over the next days.", "source_name": "Cryptopolitan", "date": "Mon, 16 May 2022 13:32:22 -0400", "topics": ["tanalysis"], "sentiment": "Positive", "type": "Article", "tickers": ["BTC"]}, {"news_url": "https://www.dcforecasts.com/bitcoin-news/lfg-revealed-that-it-only-has-313-btc-left-in-reserves/", "image_url": "https://crypto.snapi.dev/images/v1/b/i/bitcoin-trading-141316-141534.jpg", "title": "LFG Revealed That It Only Has 313 BTC Left In Reserves", "text": "LFG Revealed that it only holds 313 BTC in its reserves and they dropped by more than 80,000 in the past week so let's read more today in our latest Bitcoin news. The LFG revealed that it only has 313 BTC left in its reserves and previously held 80,394 as well as a selection of [\u2026]", "source_name": "DCForecasts", "date": "Mon, 16 May 2022 13:31:53 -0400", "topics": [], "sentiment": "Negative", "type": "Article", "tickers": ["BTC"]}, {"news_url": "https://www.youtube.com/watch?v=V1Rcu0wjyVk", "image_url": "https://crypto.snapi.dev/images/v1/7/i/bitcoin-bounce-a-fakeoutjpgw1024-141322-141549.jpg", "title": "Bitcoin Struggles At $27K-$30K, Crypto Adoption in Africa", "text": "Bitcoin is trending below $30,000 as the crypto markets still absorbing the crash impact. CrossTower Co-Founder and CEO Kapil Rathi shares his bitcoin price analysis and outlook.", "source_name": "Coindesk", "date": "Mon, 16 May 2022 13:20:26 -0400", "topics": [], "sentiment": "Negative", "type": "Video", "tickers": ["BTC"]}, {"news_url": "https://www.forbes.com/sites/chuckjones/2022/05/16/microstrategys-bitcoin-wager-has-turned-into-a-losing-bet/", "image_url": "https://crypto.snapi.dev/images/v1/0/d/microstrategys-bitcoin-wager-has-turned-into-a-losing-bet-141907.jpg", "title": "MicroStrategy's Bitcoin Wager Has Turned Into A Losing Bet", "text": "The Bitcoins that MicroStrategy owns are now trading below the investment the company has made in them. While the company's stock will move higher if Bitcoin does, if the cryptocurrency continues to decline it will definitely hurt the shares.", "source_name": "Forbes", "date": "Mon, 16 May 2022 13:10:12 -0400", "topics": [], "sentiment": "Negative", "type": "Article", "tickers": ["BTC"]}, {"news_url": "https://invezz.com/news/2022/05/16/bitcoin-price-prediction-from-the-bear-to-the-bull/", "image_url": "https://crypto.snapi.dev/images/v1/3/u/88575448-l-scaled-141504.jpg", "title": "Bitcoin price prediction: From the bear to the bull", "text": "Crypto is in a bear market and Bitcoin continues to hover near $30,000 as bulls battle bears amid broader market weakness. At the time of writing, BTC/USD pair is down 1.4% in the past 24 hours. Over the past week, Bitcoin's price is down just over 13% according to data from CoinGecko. Here are three [\u2026] The post Bitcoin price prediction: From the bear to the bull appeared first on Invezz.", "source_name": "Invezz", "date": "Mon, 16 May 2022 13:09:45 -0400", "topics": [], "sentiment": "Neutral", "type": "Article", "tickers": ["BTC"]}, {"news_url": "https://www.newsbtc.com/analysis/btc/bitcoin-marks-seven-consecutive-red-candles-paints-gruesome-picture-for-market/", "image_url": "https://crypto.snapi.dev/images/v1/7/l/bitcoin-13-141493.png", "title": "Bitcoin Marks Seven Consecutive Red Candles, Paints Gruesome Picture For Market", "text": "Bitcoin has now entered perhaps one of its most bearish periods ever. The cryptocurrency which has held up quite nicely through all of the market scandals is seeing even more bad news ahead.", "source_name": "NewsBTC", "date": "Mon, 16 May 2022 13:00:54 -0400", "topics": [], "sentiment": "Negative", "type": "Article", "tickers": ["BTC"]}, {"news_url": "https://bitcoinist.com/44-countries-meet-el-salvador-to-discuss-bitcoin/", "image_url": "https://crypto.snapi.dev/images/v1/t/h/el-salvador-640x360-141494.jpg", "title": "44 Countries Set To Meet El Salvador To Discuss Bitcoin, Here's What We Know", "text": "Before El Salvador had made Bitcoin a legal tender, it was a relatively unknown small North American country. The decision to make bitcoin legal tender alongside the U.S. dollar had given it overnight fame and the world watched on to see how this will affect its economy.", "source_name": "Bitcoinist", "date": "Mon, 16 May 2022 13:00:52 -0400", "topics": [], "sentiment": "Neutral", "type": "Article", "tickers": ["BTC"]}, {"news_url": "https://bitcoinmagazine.com/business/texas-pacific-land-corporation-bitcoin-mining-facility-launching-in-texas", "image_url": "https://crypto.snapi.dev/images/v1/m/s/img-7058-141492.png", "title": "Texas Pacific Land Corporation Announces New Bitcoin Mining Venture In West Texas", "text": "TPL, one of the largest landowners in Texas, Mawson Infrastructure and JAI Energy have partnered in West Texas for a 60 MW bitcoin mining venture.", "source_name": "Bitcoin Magazine", "date": "Mon, 16 May 2022 13:00:42 -0400", "topics": ["mining"], "sentiment": "Neutral", "type": "Article", "tickers": ["BTC"]}, {"news_url": "https://cointelegraph.com/news/analysts-flag-bitcoin-price-levels-to-watch-after-lfg-sells-80k-btc", "image_url": "https://crypto.snapi.dev/images/v1/e/e/840-ahr0chm6ly9zmy5jb2ludgvszwdyyxbolmnvbs91cgxvywrzlziwmjitmduvowzhota1njutztiyzi00zti1ltlmztitotq1y2rkmjc0ymuzlmpwzw-141491.jpg", "title": "Analysts flag Bitcoin price levels to watch after LFG sells 80K BTC", "text": "$20,000 or $32,000? Both feature in the outlook for Bitcoin price action going forward.", "source_name": "Cointelegraph", "date": "Mon, 16 May 2022 12:53:23 -0400", "topics": [], "sentiment": "Negative", "type": "Article", "tickers": ["BTC"]}, {"news_url": "https://decrypt.co/resources/bitcoin-lightning-network", "image_url": "https://crypto.snapi.dev/images/v1/f/q/lightning-network-litepaper-gid-1-pid-3-141503.png", "title": "What is Lightning Network? Bitcoin's Scalability Solution", "text": "Lightning Network is a scaling solution that attempts to address Bitcoin's slow transaction speeds and high transaction costs.", "source_name": "Decrypt", "date": "Mon, 16 May 2022 12:50:13 -0400", "topics": [], "sentiment": "Neutral", "type": "Article", "tickers": ["BTC"]}, {"news_url": "https://www.dcforecasts.com/bitcoin-news/ftx-ceo-believes-btc-has-no-future-as-payment-system/", "image_url": "https://crypto.snapi.dev/images/v1/8/a/shutterstock-697167076-141472.jpg", "title": "FTX CEO Believes BTC Has No Future As Payment System", "text": "The FTX CEO Believes BTC has no future as a payment system since it is similar to gold rather than a successful payment system so let's find out more about it in today's latest Bitcoin news. Sam Bankman Fried, the FTX CEO believes BTC has no future as a payment system and will not emerge [\u2026]", "source_name": "DCForecasts", "date": "Mon, 16 May 2022 12:43:42 -0400", "topics": [], "sentiment": "Negative", "type": "Article", "tickers": ["BTC"]}, {"news_url": "https://www.youtube.com/watch?v=Ep1jaan-1-8", "image_url": "https://crypto.snapi.dev/images/v1/a/p/bitcoin-falls-more-than-50-from-its-all-time-highs-amid-crypto-sell-off-141473.jpg", "title": "Bitcoin falls more than 50% from its all-time highs amid crypto sell-off", "text": "#Bitcoin #crypto #bitcoinshares #YahooFinance Yahoo Finance's Brian Cheung breaks down bitcoin's performance in recent months. Don't Miss: Valley of Hype: The Culture That Built Elizabeth Holmes WATCH HERE: https://youtu.be/Sb179GLPNYE Watch the 2021 Berkshire Hathaway Annual Shareholders Meeting on YouTube: https://youtu.be/gx-OzwHpM9k Subscribe to Yahoo Finance: https://yhoo.it/2fGu5Bb About Yahoo Finance: At Yahoo Finance, you get free stock quotes, up-to-date news, portfolio management resources, international market data, social interaction and mortgage rates that help you manage your financial life.", "source_name": "Yahoo Finance", "date": "Mon, 16 May 2022 12:36:31 -0400", "topics": [], "sentiment": "Negative", "type": "Video", "tickers": ["BTC"]}, {"news_url": "https://www.youtube.com/watch?v=p4PWswLInB0", "image_url": "https://crypto.snapi.dev/images/v1/t/i/bitcoin-crash-costs-el-salvador-40-million-tesla-faces-millions-in-losses-from-bitcoin-141474.jpg", "title": "Bitcoin crash costs El Salvador $40 million, Tesla faces millions in losses from bitcoin", "text": "#bitcoin #Tesla #ElSalvador #YahooFinance Yahoo Finance's Jared Blikre, Brian Cheung, and Akiko Fujita discuss how bitcoin investors are faring amid the cryptocurrency's recent declines. Don't Miss: Valley of Hype: The Culture That Built Elizabeth Holmes WATCH HERE: https://youtu.be/Sb179GLPNYE Watch the 2021 Berkshire Hathaway Annual Shareholders Meeting on YouTube: https://youtu.be/gx-OzwHpM9k Subscribe to Yahoo Finance: https://yhoo.it/2fGu5Bb About Yahoo Finance: At Yahoo Finance, you get free stock quotes, up-to-date news, portfolio management resources, international market data, social interaction and mortgage rates that help you manage your financial life.", "source_name": "Yahoo Finance", "date": "Mon, 16 May 2022 12:35:16 -0400", "topics": [], "sentiment": "Negative", "type": "Video", "tickers": ["BTC"]}, {"news_url": "https://www.youtube.com/watch?v=C_IGcHVODjY", "image_url": "https://crypto.snapi.dev/images/v1/8/s/bitcoin-and-other-cryptos-rebound-after-stablecoin-crash-141475.jpg", "title": "Bitcoin and other cryptos rebound after stablecoin crash", "text": "#Crypto #bitcoin #Cryptocurrency Microstrategy CEO Michael Saylor joins Yahoo Finance Live anchors Julie Hyman and Brad Smith to discuss bitcoin, the crypto market, and the stablecoin crash. Don't Miss: Valley of Hype: The Culture That Built Elizabeth Holmes WATCH HERE: https://youtu.be/Sb179GLPNYE Watch the 2021 Berkshire Hathaway Annual Shareholders Meeting on YouTube: https://youtu.be/gx-OzwHpM9k Subscribe to Yahoo Finance: https://yhoo.it/2fGu5Bb About Yahoo Finance: At Yahoo Finance, you get free stock quotes, up-to-date news, portfolio management resources, international market data, social interaction and mortgage rates that help you manage your financial life.", "source_name": "Yahoo Finance", "date": "Mon, 16 May 2022 12:34:03 -0400", "topics": ["stablecoins"], "sentiment": "Positive", "type": "Video", "tickers": ["BTC"]}, {"news_url": "https://www.cryptopolitan.com/solana-price-analysis-2022-05-16/", "image_url": "https://crypto.snapi.dev/images/v1/t/9/webpnet-resizeimage-1-1-141462.jpg", "title": "Solana price analysis: SOL prices consolidate around $50 amid bearish winds", "text": "Solana price analysis reveals SOL prices are still holding above $50 amid the bearish winds. Solana price movement over the last 24 hours shows the prices opened the daily trading session trading at lows of $49.85 and then proceeded to consolidate around $50.0.", "source_name": "Cryptopolitan", "date": "Mon, 16 May 2022 12:20:05 -0400", "topics": ["tanalysis"], "sentiment": "Negative", "type": "Article", "tickers": ["SOL"]}, {"news_url": "https://cointelegraph.com/news/the-brazilian-stock-exchange-will-launch-bitcoin-and-ethereum-futures", "image_url": "https://crypto.snapi.dev/images/v1/a/z/840-ahr0chm6ly9zmy5jb2ludgvszwdyyxbolmnvbs91cgxvywrzlziwmjitmduvzwzhmze0owutzdfjns00njezltg2zdgtmtq5mjzlmwfimtzklmpwzw-141460.jpg", "title": "The Brazilian Stock Exchange will launch Bitcoin and Ethereum futures", "text": "Chief financial officer Andr\u00e9 Milanez said that the product will launch within the next 6 months.", "source_name": "Cointelegraph", "date": "Mon, 16 May 2022 12:15:00 -0400", "topics": ["futures"], "sentiment": "Positive", "type": "Article", "tickers": ["BTC", "ETH"]}, {"news_url": "https://u.today/bitcoin-chart-shows-ominous-combination-its-long-way-down-for-btc-peter-schiff?SNAPI", "image_url": "https://crypto.snapi.dev/images/v1/i/z/14745-0-141459.jpg", "title": "Bitcoin Chart Shows \u201cOminous\u201d Combination, It's Long Way Down for BTC: Peter Schiff", "text": "Prominent Bitcoin opponent and a gold bug points to an \u201cominous\u201d combination on a BTC chart that makes a long fall for BTC likely", "source_name": "UToday", "date": "Mon, 16 May 2022 12:13:00 -0400", "topics": [], "sentiment": "Negative", "type": "Article", "tickers": ["BTC"]}, {"news_url": "https://news.bitcoin.com/biggest-movers-xmr-and-sol-higher-on-monday/", "image_url": "https://crypto.snapi.dev/images/v1/m/k/shutterstock-1236809620-141458.jpg", "title": "Biggest Movers: XMR and SOL Higher on Monday", "text": "Despite BTC and ETH trading lower on Monday, several cryptocurrencies managed to move higher to start the week. XMR was one of the biggest climbers, with solana also moving higher during the session. Monero (XMR) XMR was one of Monday's biggest gainers, as prices rose by almost $20 from lows during Sunday's session. Following a [\u2026]", "source_name": "Bitcoin", "date": "Mon, 16 May 2022 12:11:31 -0400", "topics": [], "sentiment": "Positive", "type": "Article", "tickers": ["SOL", "XMR"]}, {"news_url": "https://cryptobriefing.com/these-metrics-could-help-time-the-bitcoin-market-bottom/?utm_source=feed&utm_medium=rss", "image_url": "https://crypto.snapi.dev/images/v1/s/4/bitcoin-bear-cover-838x440-141469.jpg", "title": "These Metrics Could Help Time the Bitcoin Market Bottom", "text": "On-chain metrics can help anticipate whether Bitcoin is close to reaching a market bottom.", "source_name": "Crypto Briefing", "date": "Mon, 16 May 2022 12:08:21 -0400", "topics": [], "sentiment": "Positive", "type": "Article", "tickers": ["BTC"]}, {"news_url": "https://thecurrencyanalytics.com/bitcoin/44-countries-against-21-million-bitcoin-btc-something-crazy-happening-41347.php", "image_url": "https://crypto.snapi.dev/images/v1/o/u/44-countries-against-21-million-bitcoin-btc-something-crazy-happening-141455.jpg", "title": "44 Countries Against 21 Million Bitcoin (BTC) Something Crazy Happening", "text": "Catch up on the latest crypto market news at The Currency Analytics. Nayib Bukele:\u00a0 Tomorrow, 32 central banks and 12 financial authorities (44 countries) will meet in El Salvador to discuss financial\u2026 The post 44 Countries Against 21 Million Bitcoin (BTC) Something Crazy Happening appeared first on Cryptocurrency News.", "source_name": "The Currency Analytics", "date": "Mon, 16 May 2022 12:04:49 -0400", "topics": [], "sentiment": "Neutral", "type": "Article", "tickers": ["BTC"]}, {"news_url": "https://cryptodaily.co.uk/2022/05/btc-usd-battles-back-above-30447-sally-ho-technical-analysis-17-may-2022-btc-bitcoin", "image_url": "https://crypto.snapi.dev/images/v1/4/t/el-salvador-bitcoin-default-1-300x200-141294-141452.jpg", "title": "BTC/USD Battles Back Above 30447: Sally Ho's Technical Analysis 17 May 2022 BTC", "text": "Bitcoin (BTC/USD) attempted to add to recent gains early in the Asian session as the pair moved back above the 50-bar, 4-hourly simple moving average and 200-hour simple moving average for the first time in several trading sessions after recently trading as low as the 25338.53 area, its weakest print since 2020.\u00a0 Traders observe that this recent low represented a test of the 23.6% retracement of a historical appreciating range from the 15708.24 level to the 28387 area, and was also above the 24365.11 area, a downside price objective related to selling pressure that emerged around the 48240 area.", "source_name": "Crypto Daily", "date": "Mon, 16 May 2022 12:00:00 -0400", "topics": ["tanalysis"], "sentiment": "Neutral", "type": "Article", "tickers": ["BTC"]}, {"news_url": "https://www.trustnodes.com/2022/05/16/44-central-banks-to-attend-bitcoin-gathering-in-el-salvador", "image_url": "https://crypto.snapi.dev/images/v1/a/7/central-banks-bitcoin-gathering-el-salvador-may-2022-141448.jpeg", "title": "44 Central Banks to Attend Bitcoin Gathering in El Salvador", "text": "A tectonic shift may be happening in the forgotten world as 44 central bankers are to attend the Bitcoin Gathering in El Salvador.", "source_name": "Trustnodes", "date": "Mon, 16 May 2022 11:44:25 -0400", "topics": ["paywall"], "sentiment": "Neutral", "type": "Article", "tickers": ["BTC"]}, {"news_url": "https://cryptoslate.com/sbf-does-not-see-bitcoin-becoming-a-payment-network-lampoons-its-energy-consumption/", "image_url": "https://crypto.snapi.dev/images/v1/j/x/image-2022-05-16-181700265-141446.png", "title": "SBF does not see Bitcoin becoming a payment network, lampoons its energy consumption", "text": "Sam Bankman-Fried (SBF), the CEO and founder of leading crypto exchange FTX, \u00a0said in a recent interview with the Financial Times that he does not think Bitcoin has a future as a payment network.\u00a0 SBF continued that the environmental impact of Bitcoin mining, alongside the fact that the coin is \u201cinefficient,\u201d would count against it [\u2026] The post SBF does not see Bitcoin becoming a payment network, lampoons its energy consumption appeared first on CryptoSlate.", "source_name": "CryptoSlate", "date": "Mon, 16 May 2022 11:41:17 -0400", "topics": [], "sentiment": "Negative", "type": "Article", "tickers": ["BTC"]}, {"news_url": "https://u.today/jack-dorseys-square-may-provide-liquidity-for-lightning-network-payment-channels-in-near-future?SNAPI", "image_url": "https://crypto.snapi.dev/images/v1/1/4/14919-141488.jpg", "title": "Jack Dorsey's Square May Provide Liquidity for Lightning Network Payment Channels in Near Future", "text": "Twitter co-founder believes that PoW is \"Holy Grail\" for Bitcoin, says Square might ensure liquidity for Lightning Network payment channels", "source_name": "UToday", "date": "Mon, 16 May 2022 11:32:00 -0400", "topics": [], "sentiment": "Positive", "type": "Article", "tickers": ["BTC"]}, {"news_url": "https://bitcoinmagazine.com/markets/market-mayhem-and-calling-the-bitcoin-price-bottom", "image_url": "https://crypto.snapi.dev/images/v1/b/r/how-retail-bitcoin-miners-outlast-their-institutional-counterparts-141440.png", "title": "Market Mayhem and Calling the Bitcoin Price Bottom", "text": "A contrarian take on the current market structure suggesting that the bitcoin bottom is near and the Federal Reserve will reverse its hawkish course.", "source_name": "Bitcoin Magazine", "date": "Mon, 16 May 2022 11:30:00 -0400", "topics": [], "sentiment": "Neutral", "type": "Article", "tickers": ["BTC"]}, {"news_url": "https://cryptopotato.com/el-salvador-invites-over-40-central-banks-for-international-event-on-bitcoin/", "image_url": "https://crypto.snapi.dev/images/v1/a/p/el-salvador-flag-141439.jpg", "title": "El Salvador Invites Over 40 Central Banks for International Event on Bitcoin", "text": "It will be one of the largest events of government officials on bitcoin -- an issue they have been mostly shying away", "source_name": "CryptoPotato", "date": "Mon, 16 May 2022 11:28:44 -0400", "topics": [], "sentiment": "Positive", "type": "Article", "tickers": ["BTC"]}, {"news_url": "https://coingape.com/?p=112723", "image_url": "https://crypto.snapi.dev/images/v1/k/y/ethereum-movie-1-141438.jpg", "title": "Ethereum Price Analysis: ETH Price Erases Recovery Gains Towards $2,000", "text": "ETH price witnessed a sharp reversal from the session's tops on Monday. The recent price action pull down the second-largest cryptocurrency to the coveted $2,000 mark.", "source_name": "Coingape", "date": "Mon, 16 May 2022 11:27:25 -0400", "topics": ["tanalysis"], "sentiment": "Negative", "type": "Article", "tickers": ["ETH"]}, {"news_url": "https://u.today/former-fed-chair-dismisses-bitcoin?SNAPI", "image_url": "https://crypto.snapi.dev/images/v1/o/z/14915-141437.jpg", "title": "Former Fed Chair Dismisses Bitcoin", "text": "Former Fed Chair Ben Bernanke says that Bitcoin will not become alternative form of money", "source_name": "UToday", "date": "Mon, 16 May 2022 11:16:00 -0400", "topics": [], "sentiment": "Negative", "type": "Article", "tickers": ["BTC"]}, {"news_url": "https://u.today/vitalik-buterin-reportedly-donates-1-million-in-ethereum-to-dogecoin-foundation?SNAPI", "image_url": "https://crypto.snapi.dev/images/v1/h/d/14916-141435.jpg", "title": "Vitalik Buterin Reportedly Donates $1 Million in Ethereum to Dogecoin Foundation", "text": "Ethereum co-founder has allegedly sent a donation of $1 million worth of ETH to Dogecoin devs, now David Gokhshtein waits for Vitalik to take DOGE to the next level", "source_name": "UToday", "date": "Mon, 16 May 2022 11:06:00 -0400", "topics": [], "sentiment": "Neutral", "type": "Article", "tickers": ["DOGE", "ETH"]}, {"news_url": "https://finbold.com/number-of-addresses-with-over-1-bitcoin-hits-new-all-time-high-despite-volatility/?SNAPI", "image_url": "https://crypto.snapi.dev/images/v1/g/h/d166e456-6723-430f-ac43-0b8705646796-141434.jpeg", "title": "Number of addresses with over 1 Bitcoin hits new all-time high despite volatility", "text": "Although Bitcoin (BTC) continues to struggle in an attempt to reclaim the highs of last year, the latest data indicates.", "source_name": "Finbold", "date": "Mon, 16 May 2022 11:04:07 -0400", "topics": [], "sentiment": "Positive", "type": "Article", "tickers": ["BTC"]}, {"news_url": "https://www.cryptopolitan.com/bankman-fried-bitcoin-not-a-payments-network/", "image_url": "https://crypto.snapi.dev/images/v1/o/m/bankman-141433.png", "title": "FTX Chief Sam Bankman-Fried believes Bitcoin is not a reliable payments system", "text": "FTX CEO Sam Bankman-Fried believes that Bitcoin has no future as means of payment.\u00a0 Bankman-Fried says Bitcoin's Proof-of-Work network is not suitable for payments.", "source_name": "Cryptopolitan", "date": "Mon, 16 May 2022 11:00:45 -0400", "topics": [], "sentiment": "Negative", "type": "Article", "tickers": ["BTC"]}, {"news_url": "https://www.theblockresearch.com/gpu-mining-economics-ethereum-merge-147003", "image_url": "https://crypto.snapi.dev/images/v1/7/y/20220502-gpu-mining-research2-800x450-141431.png", "title": "An Overview of GPU Mining Economics into the Ethereum Merge", "text": "Quick Take The Ethereum Merge has recently been postponed to \u201ca few months after June,\u201d according to one core developer in April.\u00a0 Despite the numerous delays, the Merge is anticipated to take place after all and will transition the consensus algorithm to proof-of-stake.\u00a0 A looming question is what will happen to the millions of GPUs that are running on the Ethash algorithm at the moment. In this piece, we take a look at the current Ethereum mining landscape and the economics of GPU mining.", "source_name": "The Block", "date": "Mon, 16 May 2022 10:59:17 -0400", "topics": ["mining"], "sentiment": "Neutral", "type": "Article", "tickers": ["ETH"]}, {"news_url": "https://www.cryptopolitan.com/ethereum-price-analysis-2022-05-16/", "image_url": "https://crypto.snapi.dev/images/v1/x/w/ethereum-price-analysis-2022-05-16-141422.png", "title": "Ethereum price analysis: ETH reaches further upside, retests $2,000 support", "text": "Ethereum price analysis is bullish today as we expect another higher low to be set at the $2,000, opening the way for another rally over the next days. Therefore, ETH/USD should retrace even more and move towards the $2,200 resistance.", "source_name": "Cryptopolitan", "date": "Mon, 16 May 2022 10:44:26 -0400", "topics": ["tanalysis"], "sentiment": "Positive", "type": "Article", "tickers": ["ETH"]}, {"news_url": "https://www.youtube.com/watch?v=kidIMzpL3Xk", "image_url": "https://crypto.snapi.dev/images/v1/q/x/bitcoin-dips-below-30k-as-crypto-volatility-rises-141424.jpg", "title": "Bitcoin dips below $30k as crypto volatility rises", "text": "#Crypto #Market #Bitcoin Elwood Technologies CEO James Stickland joins Yahoo Finance Live anchors Brad Smith and Julie Hyman to discuss crypto volatility, rising rates, and the outlook for inflation. Don't Miss: Valley of Hype: The Culture That Built Elizabeth Holmes WATCH HERE: https://youtu.be/Sb179GLPNYE Watch the 2021 Berkshire Hathaway Annual Shareholders Meeting on YouTube: https://youtu.be/gx-OzwHpM9k Subscribe to Yahoo Finance: https://yhoo.it/2fGu5Bb About Yahoo Finance: At Yahoo Finance, you get free stock quotes, up-to-date news, portfolio management resources, international market data, social interaction and mortgage rates that help you manage your financial life.", "source_name": "Yahoo Finance", "date": "Mon, 16 May 2022 10:36:40 -0400", "topics": [], "sentiment": "Negative", "type": "Video", "tickers": ["BTC"]}, {"news_url": "https://cryptonews.com/news/record-inflows-into-bitcoin-as-safety-seeking-investors-buy-the-dip-ethereum-outflows-double.htm", "image_url": "https://crypto.snapi.dev/images/v1/d/i/adobestock-436037445-min-141418.jpg", "title": "Record Inflows into Bitcoin as 'Safety'-Seeking Investors Buy the Dip; Ethereum Outflows Double", "text": "Investors in funds backed by bitcoin (BTC) appear to be taking advantage of the lower prices, adding close to USD 299m to such funds last week, or the most this year, while ethereum (ETH) outflows more than doubled.\u00a0", "source_name": "Cryptonews", "date": "Mon, 16 May 2022 10:27:00 -0400", "topics": [], "sentiment": "Positive", "type": "Article", "tickers": ["BTC", "ETH"]}, {"news_url": "https://www.youtube.com/watch?v=8y5T7n-cfE4", "image_url": "https://crypto.snapi.dev/images/v1/s/p/bitcoin-will-not-become-an-alternative-form-of-money-says-former-fed-chair-ben-bernanke-141416.jpg", "title": "Bitcoin will not become an alternative form of money, says former Fed Chair Ben Bernanke", "text": "CNBC's Andrew Ross Sorkin sits down with former Federal Reserve Chairman Ben Bernanke, author of '21st Century Monetary Policy: The Federal Reserve from the Great Inflation to COVID-19,' to discuss whether he believes the U.S. is in for a recession, crypto and more.", "source_name": "CNBC Television", "date": "Mon, 16 May 2022 10:18:20 -0400", "topics": [], "sentiment": "Negative", "type": "Video", "tickers": ["BTC"]}, {"news_url": "https://coinpedia.org/news/attention-traders-these-two-ethereum-killers-poised-to-break-out-this-week/", "image_url": "https://crypto.snapi.dev/images/v1/j/r/840-ahr0chm6ly9zmy5jb2ludgvszwdyyxbolmnvbs91cgxvywrzlziwmjitmduvywy1zjnjmgqtyjayzc00ogfjlwizmditmjg1mmnlodzky2qwlmpwzw-139346-141410.jpg", "title": "Attention Traders! These Two Ethereum-Killers Poised to Break Out This Week", "text": "The markets appear to have been trying very hard to be stabilized at the earliest as the LUNA foundation FUD appears to have eased out. And hence, the crypto space is expected to recover slowly yet steadily. As LFG released a statement documenting its actual holdings, the markets witnessed a sign of relief. Therefore as \u2026", "source_name": "CoinPedia", "date": "Mon, 16 May 2022 10:17:22 -0400", "topics": [], "sentiment": "Positive", "type": "Article", "tickers": ["AVAX", "SOL"]}, {"news_url": "https://www.youtube.com/watch?v=SNLs0fWvyjQ", "image_url": "https://crypto.snapi.dev/images/v1/r/y/bitcoin-ethereum-are-commodities-says-cftc-chair-rostin-behnam-141417.jpg", "title": "Bitcoin, ethereum are commodities, says CFTC Chair Rostin Behnam", "text": "CFTC Chair Rostin Behnam joins CNBC's 'Squawk Box' to discuss potential regulation over cryptocurrencies like bitcoin and ethereum.", "source_name": "CNBC Television", "date": "Mon, 16 May 2022 10:17:09 -0400", "topics": [], "sentiment": "Neutral", "type": "Video", "tickers": ["BTC", "ETH"]}, {"news_url": "https://cryptodaily.co.uk/2022/05/el-salvador-to-host-44-countries-for-bitcoin-discussion", "image_url": "https://crypto.snapi.dev/images/v1/w/r/el-salvador-beauty-141412.jpg", "title": "El Salvador To Host 44 Countries For Bitcoin Discussion", "text": "President Nayib Bukkele has announced that financial authorities from 44 countries are meeting this Monday in El Salvador to discuss Bitcoin and other related matters.\u00a0 President Announces Bitcoin Meeting According to his Twitter announcement, 32 central banks and 12 financial authorities are meeting to discuss matters of financial inclusion, digital economy, banking the unbanked, El Salvador's Bitcoin rollout, and its benefits in the country.", "source_name": "Crypto Daily", "date": "Mon, 16 May 2022 10:17:00 -0400", "topics": [], "sentiment": "Neutral", "type": "Article", "tickers": ["BTC"]}, {"news_url": "https://bitcoinmagazine.com/business/nomura-to-launch-bitcoin-crypto-subsidiary-report", "image_url": "https://crypto.snapi.dev/images/v1/u/c/4488987523-fe31fa1a65-k-141408.jpg", "title": "Japanese Broker Nomura To Launch Bitcoin, Crypto Subsidiary: Report", "text": "Japan's largest investment banking broker is set to launch a subsidiary focused on institutional bitcoin and cryptocurrency products.", "source_name": "Bitcoin Magazine", "date": "Mon, 16 May 2022 10:14:10 -0400", "topics": [], "sentiment": "Positive", "type": "Article", "tickers": ["BTC"]}, {"news_url": "https://coingape.com/?p=112706", "image_url": "https://crypto.snapi.dev/images/v1/4/g/crypto-bitcoin-141406.jpg", "title": "PlanB: Bitcoin (BTC) Is Creating A Bottom For The Next Bull Market", "text": "PlanB, the creator of the Stock-to-Flow (S2F) model, says the expected Bitcoin (BTC) price to touch $100k in December 2021 failed because it was already in a bear market since April 2021. Currently, the Bitcoin (BTC) price is creating a bottom as we are witnessing strong pressure in the Bitcoin market.", "source_name": "Coingape", "date": "Mon, 16 May 2022 10:11:43 -0400", "topics": [], "sentiment": "Positive", "type": "Article", "tickers": ["BTC"]}, {"news_url": "https://ambcrypto.com/can-bitcoins-btc-current-oversold-situation-trigger-a-recovery-past-30k/", "image_url": "https://crypto.snapi.dev/images/v1/8/c/what-is-picture-perfect-fu2xyxsa2se-unsplash-141399.jpg", "title": "Can Bitcoin's [BTC] current \u2018oversold' situation trigger a recovery past $30k", "text": "Bitcoin, the largest cryptocurrency suffered major limelight into extreme fear territory not seen since the COVID-19 crash. The worst trading day came on 12 May, when BTC slumped from just over $30,000 to its lowest price position since late December 2020 at $25,300.", "source_name": "AMBCrypto", "date": "Mon, 16 May 2022 10:00:45 -0400", "topics": [], "sentiment": "Positive", "type": "Article", "tickers": ["BTC"]}, {"news_url": "https://cryptoticker.io/en/xrp-price-about-to-boom-this-chart-confirms-it/", "image_url": "https://crypto.snapi.dev/images/v1/o/a/ripple-price-analysis-2022-05-08-138112-141392.png", "title": "XRP Price is about to MASSIVELY BOOM? This chart confirms it ($XRP)", "text": "Will XRP price increase soon? What will happen to XRP after the crash?", "source_name": "CryptoTicker", "date": "Mon, 16 May 2022 09:55:29 -0400", "topics": [], "sentiment": "Neutral", "type": "Article", "tickers": ["XRP"]}, {"news_url": "https://www.cryptopolitan.com/bitcoin-binance-coin-nexo-and-okb-daily-price-analyses-16-may-morning-price-prediction/", "image_url": "https://crypto.snapi.dev/images/v1/r/k/roundup-21-141393.png", "title": "Bitcoin, Binance Coin, Nexo, and OKB Daily Price Analyses \u2013 16 May Morning Price Prediction", "text": "The global crypto market has shifted to the negative side of the trajectory as the performance of various coins sees difficulties. The change in the performance of Bitcoin, Binance Coin, and others has affected the overall market.", "source_name": "Cryptopolitan", "date": "Mon, 16 May 2022 09:55:21 -0400", "topics": [], "sentiment": "Neutral", "type": "Article", "tickers": ["BNB", "BTC", "NEXO", "OKB"]}, {"news_url": "https://cryptopotato.com/bitcoin-price-analysis-btc-fails-to-conquer-30k-more-pain-to-come/", "image_url": "https://crypto.snapi.dev/images/v1/g/n/terra-bitcoin-reserve-missing-457x274-141160-141390.jpg", "title": "Bitcoin Price Analysis: BTC Fails to Conquer $30K, More Pain to Come?", "text": "Over the last ten days, the $30K demand zone, which was expected to be a strong support level for reversing any downtrend price movement, was broken to the downside. Now, it acts as a magnetic resistance level in the market.", "source_name": "CryptoPotato", "date": "Mon, 16 May 2022 09:51:57 -0400", "topics": ["tanalysis"], "sentiment": "Negative", "type": "Article", "tickers": ["BTC"]}, {"news_url": "https://en.cryptonomist.ch/2022/05/16/record-ethereum-hashrate/", "image_url": "https://crypto.snapi.dev/images/v1/5/6/record-hashrate-ethereum-300x200-141401.jpg", "title": "New record for Ethereum hashrate", "text": "On Friday 13, right in the middle of the price collapse, 1.12 Phash/s was exceeded for the first time", "source_name": "The Cryptonomist", "date": "Mon, 16 May 2022 09:47:39 -0400", "topics": [], "sentiment": "Neutral", "type": "Article", "tickers": ["ETH"]}, {"news_url": "https://coinpedia.org/news/after-only-313-bitcoin-remaining-with-lfg-is-btc-price-in-safe-hands-now/", "image_url": "https://crypto.snapi.dev/images/v1/r/s/23082021-one-year-since-launch-invictus-capitals-bitcoin-alpha-reaps-benefits-release-image-3-141332-141389.jpg", "title": "After Only 313 Bitcoin Remaining with LFG, Is BTC Price in Safe Hands Now?", "text": "The Luna Foundation recently released a statement citing the balances on their reserves as the platform's Bitcoin reserves made a huge noise of let. The thread documented how the platform disbursed millions of dollars worth of crypto and eventually failed to stabilize the destabilized assets.\u00a0\u00a0 The foundation clearly states the number of BTC and the \u2026", "source_name": "CoinPedia", "date": "Mon, 16 May 2022 09:47:13 -0400", "topics": [], "sentiment": "Negative", "type": "Article", "tickers": ["BTC"]}, {"news_url": "https://coinmarketcap.com/alexandria/article/luna-foundation-guard-80-000-bitcoin-lighter-after-failing-to-defend-ust-peg", "image_url": "https://crypto.snapi.dev/images/v1/w/i/3ba080b6008b4dc9b2e139186620a70a-141387.jpg", "title": "Luna Foundation Guard 80,000 Bitcoin Lighter After Failing to Defend UST Peg", "text": "The Luna Foundation revealed its reserve assets and Bitcoin has almost disappeared from its balance sheet.", "source_name": "CoinMarketCap", "date": "Mon, 16 May 2022 09:43:04 -0400", "topics": [], "sentiment": "Negative", "type": "Article", "tickers": ["BTC", "LUNA", "UST"]}, {"news_url": "https://decrypt.co/resources/what-is-bitcoin-backed-by", "image_url": "https://crypto.snapi.dev/images/v1/e/z/bitcoin-investment-2-gid-4-pid-1-141388.png", "title": "What Is Bitcoin Backed By?", "text": "Bitcoin doesn't need to be backed by anything tangible to be valuable; like fiat currencies, much of its value derives from consumer confidence.", "source_name": "Decrypt", "date": "Mon, 16 May 2022 09:40:03 -0400", "topics": [], "sentiment": "Neutral", "type": "Article", "tickers": ["BTC"]}, {"news_url": "https://coinmarketcap.com/alexandria/article/bitcoin-not-good-for-payments-says-sam-bankman-fried", "image_url": "https://crypto.snapi.dev/images/v1/p/o/a68f00d5a0f14539b05b24582e245792-141386.jpg", "title": "Bitcoin Not Good For Payments Says Sam Bankman-Fried", "text": "The FTX CEO said in an interview with the Financial Times that Bitcoin has no future as a payments network.", "source_name": "CoinMarketCap", "date": "Mon, 16 May 2022 09:37:06 -0400", "topics": [], "sentiment": "Negative", "type": "Article", "tickers": ["BTC"]}, {"news_url": "https://coinpedia.org/bitcoin/btc-price-might-not-drop-below-20k-heres-why/", "image_url": "https://crypto.snapi.dev/images/v1/j/q/crypto11-141385.jpg", "title": "Terra (LUNA) Sold 80k Bitcoins, But BTC Price Might Not Drop Below $20K. Here's Why", "text": "The cryptocurrency sector was founded on both transparency and anonymity. Even Bitcoin's developer used a fictitious name, and the world may never know who was behind one of the most innovative financial inventions ever devised. However, there are many diamonds in the rough among the sea of unknown merchants, much as Satoshi's successes and efforts \u2026", "source_name": "CoinPedia", "date": "Mon, 16 May 2022 09:35:09 -0400", "topics": ["bitcoin"], "sentiment": "Negative", "type": "Article", "tickers": ["BTC", "LUNA"]}, {"news_url": "https://coinmarketcap.com/alexandria/article/bitcoin-continues-weekly-losing-streak-but-there-may-be-hope", "image_url": "https://crypto.snapi.dev/images/v1/h/1/763bf360a4464a8b9ee59e4ddd882956-141384.jpg", "title": "Bitcoin Continues Weekly Losing Streak, But There May Be Hope", "text": "Bitcoin closed its seventh straight week in the red on Sunday \u2014 a first in its history.", "source_name": "CoinMarketCap", "date": "Mon, 16 May 2022 09:33:16 -0400", "topics": [], "sentiment": "Negative", "type": "Article", "tickers": ["BTC"]}, {"news_url": "https://thenewscrypto.com/polygon-can-help-with-ethereums-scaling-but-for-how-long/?SNAPI", "image_url": "https://crypto.snapi.dev/images/v1/o/7/image001-1-141383.gif", "title": "Polygon Can Help With Ethereum's Scaling \u2014 But for How Long?", "text": "Ethereum is the most popular blockchain-powered network for building decentralized applications. In essence, Ethereum's creators have taken the breakthrough technology", "source_name": "TheNewsCrypto", "date": "Mon, 16 May 2022 09:32:56 -0400", "topics": [], "sentiment": "Neutral", "type": "Article", "tickers": ["ETH", "MATIC"]}, {"news_url": "https://beincrypto.com/bitcoin-dominance-rate-bounces-sharply-after-triple-bottom-pattern/", "image_url": "https://crypto.snapi.dev/images/v1/q/y/bitcoin3-141397.jpg", "title": "Bitcoin Dominance Rate (BTCD) Bounces Sharply After Triple Bottom Pattern", "text": "After creating a bullish pattern, the Bitcoin Dominance Rate (BTCD) has broken out from a nearly yearlong descending resistance line. The post Bitcoin Dominance Rate (BTCD) Bounces Sharply After Triple Bottom Pattern appeared first on BeInCrypto.", "source_name": "BeInCrypto", "date": "Mon, 16 May 2022 09:30:00 -0400", "topics": [], "sentiment": "Positive", "type": "Article", "tickers": ["BTC"]}, {"news_url": "https://thenewscrypto.com/44-countries-as-invitees-to-el-salvadors-btc-meet/?SNAPI", "image_url": "https://crypto.snapi.dev/images/v1/a/e/representatives-from-44-countries-to-meet-in-el-salvador-tomorrow-141378.jpg", "title": "44 Countries As Invitees To El Salvador's BTC Meet", "text": "El Salvador is the first country to adopt BTC as a legal tender. Bitcoin laid out the map of \u2018Bitcoin", "source_name": "TheNewsCrypto", "date": "Mon, 16 May 2022 09:24:49 -0400", "topics": [], "sentiment": "Neutral", "type": "Article", "tickers": ["BTC"]}, {"news_url": "https://coinpedia.org/news/amidst-terras-drastic-crash-the-lfg-sold-80082-from-its-btc-reserves/", "image_url": "https://crypto.snapi.dev/images/v1/g/b/crypto10-141379.jpg", "title": "Amidst Terra's Drastic Crash, The LFG sold 80,082 From Its BTC Reserves", "text": "The whole crypto space was under a catastrophic drop after the Terra (LUNA) token bottomed 99% in just two days where the Blockchain's stablecoin UST depegged leading to the crypto crash. LUNA was created by Terraform Labs with algorithmic stablecoin TerraUSD (UST) in order to maintain its $1 peg. However, the blockchain's UST stablecoin bottomed \u2026", "source_name": "CoinPedia", "date": "Mon, 16 May 2022 09:24:48 -0400", "topics": [], "sentiment": "Negative", "type": "Article", "tickers": ["BTC", "LUNA"]}, {"news_url": "https://www.trustnodes.com/2022/05/16/luna-confirms-they-sold-all-bitcoin", "image_url": "https://crypto.snapi.dev/images/v1/i/1/luna-foundation-discloses-it-sold-over-80000-in-bitcoin-reserves-for-ust-141304-141376.jpg", "title": "Luna Confirms They Sold All Bitcoin", "text": "Luna no longer has any bitcoin to sell, removing intense pressure on the market that contributed to last week's crash.", "source_name": "Trustnodes", "date": "Mon, 16 May 2022 09:20:55 -0400", "topics": ["paywall"], "sentiment": "Negative", "type": "Article", "tickers": ["BTC", "LUNA"]}, {"news_url": "https://coinpedia.org/ripple/memos-of-hinman-are-key-to-the-case-dispute-of-sec-vs-ripple/", "image_url": "https://crypto.snapi.dev/images/v1/p/p/ripple-price-analysis-2022-04-02-1-768x384-1-136423-140744-141374.png", "title": "Memos of Hinman are Key to The Case : Dispute of SEC Vs Ripple\ufffc\ufffc", "text": "Ripple admonished the Securities Exchange Commission with its harsh words, to block the documents important to the case. The U.S SEC vs Ripple is still resolving the revelation and verdict of former director Bill Hinman's Infamous Ethereum Speech. The Court had also revised the summary judgment over the last few sittings, to draw the conclusion \u2026", "source_name": "CoinPedia", "date": "Mon, 16 May 2022 09:15:54 -0400", "topics": ["regulations"], "sentiment": "Negative", "type": "Article", "tickers": ["XRP"]}, {"news_url": "https://cryptoverze.com/bitcoin-back-to-below-30000/", "image_url": "https://crypto.snapi.dev/images/v1/5/a/crypto8-141370.jpg", "title": "Bitcoin back to below $30,000", "text": "Cryptocurrencies continued to decline on Monday, giving up the gains of deficiencies over the weekend, as regulators continued to patrol. Warnings of risks posed by cryptocurrencies have been reaffirmed by European officials. On Monday, Bitcoin fell 5% to around $29,700 in Asian trade, slipping alongside stocks because of rising interest rates and high inflation worries....", "source_name": "Cryptoverze", "date": "Mon, 16 May 2022 09:10:19 -0400", "topics": [], "sentiment": "Negative", "type": "Article", "tickers": ["BTC"]}, {"news_url": "https://coinidol.com/profit-bitcoin-miners/", "image_url": "https://crypto.snapi.dev/images/v1/w/s/6d4a23df46d5be2e2737dee55dbd6931-141363.jpg", "title": "Why There is no Profit for Small Bitcoin Miners in 2022", "text": "Due to the exponential rise of the bitcoin difficulty factor, frustrated bitcoin miners are storming the Ethereum network. According to the Cryptocurrency Mining Index, a large number of miners are shifting their hashing power to the Ethereum blockchain. According to blockchain.com, the current bitcoin difficulty factor is 29.8 trillion.", "source_name": "Coin Idol", "date": "Mon, 16 May 2022 09:01:00 -0400", "topics": ["mining"], "sentiment": "Neutral", "type": "Article", "tickers": ["BTC"]}, {"news_url": "https://news.bitcoin.com/bitcoin-ethereum-technical-analysis-btc-below-30000-to-start-the-week/", "image_url": "https://crypto.snapi.dev/images/v1/n/o/shutterstock-1968404461-2-141366.jpg", "title": "Bitcoin, Ethereum Technical Analysis: BTC Below $30,000 to Start the Week", "text": "Following a volatile weekend of trading, cryptocurrency prices consolidated to start the week, with BTC close to its long-term floor. Overall, bitcoin was trading marginally below $30,000, with ETH hovering slightly above $2,000. Bitcoin BTC started the week trading below $30,000 following a volatile weekend of trading, which saw prices mainly consolidate. Following a rise [\u2026]", "source_name": "Bitcoin", "date": "Mon, 16 May 2022 09:00:55 -0400", "topics": ["tanalysis"], "sentiment": "Neutral", "type": "Article", "tickers": ["BTC", "ETH"]}], "total_pages": 44}