{"data": [{"news_url": "https://cryptonews.com/news/ethereum-altcoins-keep-dropping-against-bitcoin.htm", "image_url": "https://crypto.snapi.dev/images/v1/q/f/one-gold-ethereum-and-one-gold-bitcoin-144253-144423-144906-145494-145772.jpg", "title": "Ethereum, Altcoins Keep Dropping Against Bitcoin", "text": "Bitcoin price failed to stay above the USD 28,500 support zone and declined to USD 27,500 before there was a recovery wave. It is currently (04:05 UTC) consolidating losses near USD 29,000\u00a0 and is down almost 3% in a day and 4% in a week.", "source_name": "Cryptonews", "date": "Fri, 27 May 2022 00:25:00 -0400", "topics": [], "sentiment": "Negative", "type": "Article", "tickers": ["BTC", "ETH"]}, {"news_url": "https://coingape.com/?p=113577", "image_url": "https://crypto.snapi.dev/images/v1/4/1/altcoins-145771.jpg", "title": "Bloodbath in Altcoin Space, Ethereum (ETH) and Other DeFi-Linked Altcoins Are Crashing", "text": "It's yet another of carnage on Satoshi Street as the broader cryptocurrency market is down by 6% led by a steep fall in the altcoin space. The Ethereum (ETH) price crash has further intensified with ETH slipping under $1,800.", "source_name": "Coingape", "date": "Fri, 27 May 2022 00:21:25 -0400", "topics": [], "sentiment": "Negative", "type": "Article", "tickers": ["ETH"]}, {"news_url": "https://dailyhodl.com/2022/05/26/monthly-research-key-data-eth-gas-price-rose-by-14-4/", "image_url": "https://crypto.snapi.dev/images/v1/e/t/eth-soar-poppejpgw1024-145800.jpg", "title": "Monthly Research Key Data \u2013 ETH Gas Price Rose by 14.4%", "text": "Key data The number of tokens created on EVM networks decreased by 44% on average in April, compared to March. The average number of daily transactions on the Ethereum network decreased by 3.5% in April, compared to March. The average ETH gas price rose by 14.4% in April, compared to March. From April 1, 2022, [\u2026] The post Monthly Research Key Data \u2013 ETH Gas Price Rose by 14.4% appeared first on The Daily Hodl.", "source_name": "The Daily Hodl", "date": "Thu, 26 May 2022 23:40:41 -0400", "topics": [], "sentiment": "Neutral", "type": "Article", "tickers": ["ETH"]}, {"news_url": "https://www.cryptopolitan.com/bitcoin-ethereum-solana-and-avalanche-daily-price-analyses-26-may-roundup/", "image_url": "https://crypto.snapi.dev/images/v1/o/b/roundup-2-145766.png", "title": "Bitcoin, Ethereum, Solana, and Avalanche Daily Price Analyses \u2013 26 May Roundup", "text": "The amount of losses for the global crypto market increases as the bearish wave has strengthened. The losses for the market have affected the performance of the majority of the coins as Bitcoin is no exclusion.", "source_name": "Cryptopolitan", "date": "Thu, 26 May 2022 23:14:25 -0400", "topics": [], "sentiment": "Neutral", "type": "Article", "tickers": ["AVAX", "BTC", "ETH", "SOL"]}, {"news_url": "https://www.newsbtc.com/analysis/btc/bitcoin-price-remains-at-risk-28k/", "image_url": "https://crypto.snapi.dev/images/v1/w/z/shutterstock-649342378-145765.jpg", "title": "TA: Bitcoin Price Resumes Decline, Why BTC Remains At Risk", "text": "Bitcoin spiked below the key $28,500 support zone against the US Dollar. BTC is declining and might continue to move down towards the $27,500 support.", "source_name": "NewsBTC", "date": "Thu, 26 May 2022 23:08:19 -0400", "topics": ["tanalysis"], "sentiment": "Negative", "type": "Article", "tickers": ["BTC"]}, {"news_url": "https://www.cryptoglobe.com/latest/2022/05/xrp-whales-have-been-quietly-accumulating-tokens-while-prices-drop/", "image_url": "https://crypto.snapi.dev/images/v1/p/c/ripple-6237041-1280-145762.jpg", "title": "$XRP Whales Have Been Quietly Accumulating Tokens While Prices Drop", "text": "Whales in the XRP Ledger with between 1 million and 10 million $XRP on their wallets have been quietly accumulating tokens, to the point their holdings rose 2.4% over the past 11 days and now hold 6.12% of the cryptocurrency's supply. According to data from cryptocurrency analytics firm Santiment, large XRP whales have been accumulating [\u2026]", "source_name": "CryptoGlobe", "date": "Thu, 26 May 2022 22:50:00 -0400", "topics": ["whales"], "sentiment": "Positive", "type": "Article", "tickers": ["XRP"]}, {"news_url": "https://cointelegraph.com/news/billionaire-bill-miller-calls-bitcoin-insurance-against-financial-catastrophe", "image_url": "https://crypto.snapi.dev/images/v1/o/o/840-ahr0chm6ly9zmy5jb2ludgvszwdyyxbolmnvbs91cgxvywrzlziwmjitmduvy2vmzji5mtktotczzi00oti2lwixztitmjk1yzq0mde2ngvklmpwzw-145761.jpg", "title": "Billionaire Bill Miller calls Bitcoin 'insurance' against financial catastrophe", "text": "Miller said Bitcoin \u201cfunctioned without the Fed and without any interference\u201d during times of market turmoil, concluding that \u201cit's an insurance policy, the way I look at it.\u201d", "source_name": "Cointelegraph", "date": "Thu, 26 May 2022 22:14:38 -0400", "topics": [], "sentiment": "Neutral", "type": "Article", "tickers": ["BTC"]}, {"news_url": "https://coinpedia.org/ethereum/bears-set-for-1b-options-expiry-while-eth-price-hovers-around-1800/", "image_url": "https://crypto.snapi.dev/images/v1/e/t/eth-coverr-145415-145795.jpg", "title": "Bears Set For $1B Options Expiry, While ETH Price Hovers Around $1,800", "text": "The performance of Ether (ETH) over the last three months has been less than satisfactory, with the altcoin testing the $1,800 support for the first time since July 2021 following a 50% decline since April 3. Due to stock market instability, investors shifted towards the US dollar, and on May 13, the DXY index achieved \u2026", "source_name": "CoinPedia", "date": "Thu, 26 May 2022 22:13:15 -0400", "topics": [], "sentiment": "Negative", "type": "Article", "tickers": ["ETH"]}, {"news_url": "https://coinpedia.org/ethereum/the-stability-over-ethereum-merge-hovers-the-traders-eth-price-still-stuck-in-rut/", "image_url": "https://crypto.snapi.dev/images/v1/w/t/crypto12-145759.jpg", "title": "The Stability Over Ethereum Merge Hovers The Traders ! ETH Price still Stuck in Rut", "text": "Today, the global cryptocurrency market has plunged by 5.89% in the last 24hrs trading at $1.19 trillion. This Downfall is majorly driven by Bitcoin and Ethereum. Bitcoin is down by more than 4& trading around $28,000 Also, Ethereum (ETH) dropped dramatically after a glitch in its proof-of-stake (PoS) plans raised worries about the planned merger. \u2026", "source_name": "CoinPedia", "date": "Thu, 26 May 2022 22:06:37 -0400", "topics": [], "sentiment": "Negative", "type": "Article", "tickers": ["ETH"]}, {"news_url": "https://www.newsbtc.com/news/bitcoin-is-consolidating-but-is-a-rally-near/", "image_url": "https://crypto.snapi.dev/images/v1/q/8/kanchanara-drgxo-ujt2u-unsplash-145752.jpg", "title": "Bitcoin Is Consolidating But Is A Rally Near?", "text": "Bitcoin has been laterally trading for almost a week now. The coin has continued to remain under the $30,000 price level.", "source_name": "NewsBTC", "date": "Thu, 26 May 2022 21:00:19 -0400", "topics": [], "sentiment": "Positive", "type": "Article", "tickers": ["BTC"]}, {"news_url": "https://cryptoslate.com/ethereum-breaks-support-drops-to-yearly-low-versus-bitcoin/", "image_url": "https://crypto.snapi.dev/images/v1/q/a/ethereum-analysis-145750.jpg", "title": "Ethereum breaks support, drops to yearly low versus Bitcoin", "text": "Ethereum has broken a support level it has held since November 2021 on the ETH/BTC chart. The post Ethereum breaks support, drops to yearly low versus Bitcoin appeared first on CryptoSlate.", "source_name": "CryptoSlate", "date": "Thu, 26 May 2022 20:06:17 -0400", "topics": [], "sentiment": "Negative", "type": "Article", "tickers": ["ETH"]}, {"news_url": "https://ambcrypto.com/eth-2-0-vision-meets-another-roadblock-but-validators-continue-their-march/", "image_url": "https://crypto.snapi.dev/images/v1/f/i/filippo-andolfatto-x63vc5ozklo-unsplash-e1653568212753-145747.jpg", "title": "ETH 2.0 vision meets another roadblock but validators continue their march", "text": "Ethereum, the largest altcoin has continued to take measures to complete the much anticipated \u2018merge' into ETH 2.0. Although, at first scheduled in June had been postponed.", "source_name": "AMBCrypto", "date": "Thu, 26 May 2022 19:30:13 -0400", "topics": [], "sentiment": "Negative", "type": "Article", "tickers": ["ETH"]}, {"news_url": "https://www.newsbtc.com/news/bitcoin/bitcoin-dominance-remains-high-as-market-sell-offs-settle/", "image_url": "https://crypto.snapi.dev/images/v1/e/1/prezzo-bitcoin-1-300x199-145394-145738.jpg", "title": "Bitcoin Dominance Remains High As Market Sell-Offs Settle", "text": "Bitcoin dominance over the market has still not receded even as the price has fallen below $30,000. Just as BTC had taken a hit, so had the altcoins.", "source_name": "NewsBTC", "date": "Thu, 26 May 2022 19:00:02 -0400", "topics": [], "sentiment": "Positive", "type": "Article", "tickers": ["BTC"]}, {"news_url": "https://blockchain.news/analysis/eths-average-fees-hit-a-10-month-low-does-fear-and-stagnancy-engulf-the-market", "image_url": "https://crypto.snapi.dev/images/v1/7/d/7dbe07960045c2d31183c08a91b1f7e3f16953e076e4f64171b2d7323ce8318e-145945.jpg", "title": "ETH's Average Fees Hit a 10-Month Low, Does Fear and Stagnancy Engulf the Market?", "text": "The hiccups experienced in the entire crypto market might have sparked fear and stagnancy in the Ethereum network based on low fee levels.", "source_name": "Blockchain News", "date": "Thu, 26 May 2022 18:31:55 -0400", "topics": [], "sentiment": "Negative", "type": "Article", "tickers": ["ETH"]}, {"news_url": "https://www.crowdfundinsider.com/2022/05/191561-gaming-fintech-zebedee-and-moonpay-launch-instant-bitcoin-purchases/", "image_url": "https://crypto.snapi.dev/images/v1/i/3/crypto9-145737.jpg", "title": "Gaming Fintech ZEBEDEE and MoonPay Launch Instant Bitcoin Purchases", "text": "Gaming Fintech ZEBEDEE and MoonPay, the international crypto payments infrastructure provider, has announced the integration of MoonPay's services into the ZEBEDEE app for Bitcoin gaming, \u201callowing gamers to top up their Bitcoin balance with credit or debit cards without ever leaving ZEBEDEE.\u201d The worlds of.", "source_name": "CrowdFundInsider", "date": "Thu, 26 May 2022 18:30:17 -0400", "topics": [], "sentiment": "Positive", "type": "Article", "tickers": ["BTC"]}, {"news_url": "https://www.cryptoglobe.com/latest/2022/05/crypto-analyst-predicts-binance-coin-bnb-and-solana-sol-will-soon-rally/", "image_url": "https://crypto.snapi.dev/images/v1/0/z/trader-looking-at-charts-unsplash-scaled-145732.jpg", "title": "Crypto Analyst Predicts Binance Coin ($BNB) and Solana ($SOL) Will Soon Rally", "text": "Pseudonymous crypto analyst and influencer \u201cAltcoin Sherpa\u201d has recently revealed on social media he believes that Ethereum rivals Binance Coin ($BNB) and Solana ($SOL) will surge in the near future. In a tweet shared with the analyst's over 170,000 followers, they noted that a potential trade ideal would be to wait for BNB to \u201creclaim\u201d [\u2026]", "source_name": "CryptoGlobe", "date": "Thu, 26 May 2022 18:10:00 -0400", "topics": [], "sentiment": "Positive", "type": "Article", "tickers": ["BNB", "SOL"]}, {"news_url": "https://bitcoinmagazine.com/technical/diy-bitcoin-nodes-project", "image_url": "https://crypto.snapi.dev/images/v1/a/z/nodes-145730.jpg", "title": "DIY Bitcoin Nodes \u2014 A Project Anyone Can Do", "text": "Almost anyone can use one of these DIY Bitcoin node projects to participate in securing the network and to learn more about Bitcoin.", "source_name": "Bitcoin Magazine", "date": "Thu, 26 May 2022 18:00:00 -0400", "topics": [], "sentiment": "Neutral", "type": "Article", "tickers": ["BTC"]}, {"news_url": "https://dailyhodl.com/2022/05/26/crypto-analyst-lays-out-plan-for-bitcoin-breakout-says-one-ethereum-rival-is-ready-for-longs/", "image_url": "https://crypto.snapi.dev/images/v1/p/l/plan-for-bitcoin-breakoutjpgw1024-145720.jpg", "title": "Crypto Analyst Lays Out Plan for Bitcoin Breakout, Says One Ethereum Rival Is Ready for Longs", "text": "Widely followed crypto analyst Micha\u00ebl van de Poppe says a breakout is coming relatively soon for Bitcoin (BTC). The crypto trader\u00a0tells\u00a0his 604,900 Twitter followers BTC is on the verge of a rebound and that two fundamental analysis (FA) factors will likely trigger it. \u201cBreakout is coming relatively soon for Bitcoin and if we combine that [\u2026] The post Crypto Analyst Lays Out Plan for Bitcoin Breakout, Says One Ethereum Rival Is Ready for Longs appeared first on The Daily Hodl.", "source_name": "The Daily Hodl", "date": "Thu, 26 May 2022 17:40:13 -0400", "topics": [], "sentiment": "Positive", "type": "Article", "tickers": ["BTC", "FTM"]}, {"news_url": "https://cryptobriefing.com/bitcoin-ethereum-in-critical-condition/?utm_source=feed&utm_medium=rss", "image_url": "https://crypto.snapi.dev/images/v1/o/0/btc-eth-broken-cover-838x440-145719.jpg", "title": "Bitcoin, Ethereum in Critical Condition", "text": "Bitcoin and Ethereum are at risk of capitulating after losing vital support areas.", "source_name": "Crypto Briefing", "date": "Thu, 26 May 2022 17:38:04 -0400", "topics": [], "sentiment": "Negative", "type": "Article", "tickers": ["BTC", "ETH"]}, {"news_url": "https://ambcrypto.com/xrp-set-to-drop-beneath-yet-another-support-level-as-0-25-beckons/", "image_url": "https://crypto.snapi.dev/images/v1/o/6/pp-2-xrp-cover-e1653555222595-145718.jpg", "title": "XRP set to drop beneath yet another support level as $0.25 beckons", "text": "Disclaimer: The findings of the following analysis are the sole opinions of the writer and should not be considered investment advice. In March 2021, the $0.42-$0.45 area acted like a band of demand from which XRP rocketed upwards, reaching as high as $1.96 in April.", "source_name": "AMBCrypto", "date": "Thu, 26 May 2022 17:30:31 -0400", "topics": ["tanalysis"], "sentiment": "Negative", "type": "Article", "tickers": ["XRP"]}, {"news_url": "https://insidebitcoins.com/news/bitcoin-price-prediction-for-today-may-26-btc-loses-support-below-29000", "image_url": "https://crypto.snapi.dev/images/v1/o/a/crypto8-145717.jpg", "title": "Bitcoin Price Prediction for Today, May 26: BTC Loses Support Below $29,000", "text": "The Bitcoin price prediction shows that BTC is falling below the moving averages as it trades at the $29,485 level. Bitcoin Prediction Statistics Data: Bitcoin [.", "source_name": "Inside Bitcoins", "date": "Thu, 26 May 2022 17:27:26 -0400", "topics": ["tanalysis"], "sentiment": "Negative", "type": "Article", "tickers": ["BTC"]}, {"news_url": "https://bitcoinmagazine.com/technical/proof-of-work-vs-proof-of-stake-why-bitcoin-wont-change", "image_url": "https://crypto.snapi.dev/images/v1/v/f/bitcoin-g9d91c8ef9-1920-145715.jpg", "title": "Proof Of Work Vs. Proof Of Stake: Why Bitcoin Won't Change", "text": "As politicians and environmentalists have argued Bitcoin should move away from proof of work, they miss what makes the network so innovative.", "source_name": "Bitcoin Magazine", "date": "Thu, 26 May 2022 17:08:31 -0400", "topics": [], "sentiment": "Neutral", "type": "Article", "tickers": ["BTC"]}, {"news_url": "https://crypto.news/ether-eth-investors-hodl-2k/", "image_url": "https://crypto.snapi.dev/images/v1/m/k/eth-145726.jpg", "title": "Ether (ETH) Investors Continue to HODL Hoping for a Surge Above $2K", "text": "Since the beginning of April, the performance of Ether has been less satisfying for its holders. The 50% correction on April 3 triggered the altcoin to test the support at around $1,800.", "source_name": "Crypto news", "date": "Thu, 26 May 2022 17:00:00 -0400", "topics": [], "sentiment": "Positive", "type": "Article", "tickers": ["ETH"]}, {"news_url": "https://invezz.com/news/2022/05/26/jpmorgan-believes-bitcoin-is-undervalued-at-current-price-levels-and-sees-a-significant-upside/", "image_url": "https://crypto.snapi.dev/images/v1/b/8/136695692-l-scaled-145714.jpg", "title": "JPMorgan believes Bitcoin is undervalued at current price levels and sees a significant upside", "text": "Since January, the crypto market's value has decreased by nearly $1 trillion. The major digital assets on the market, Bitcoin (BTC) and Ethereum (ETH), have plummeted by 38% and 48% year-to-date, respectively. And the collapse of the stablecoin TerraUSD (UST) this month has only contributed to the sector's bearish atmosphere, prompting many to wonder whether [\u2026] The post JPMorgan believes Bitcoin is undervalued at current price levels and sees a significant upside appeared first on Invezz.", "source_name": "Invezz", "date": "Thu, 26 May 2022 16:59:00 -0400", "topics": [], "sentiment": "Positive", "type": "Article", "tickers": ["BTC"]}, {"news_url": "https://cointelegraph.com/news/falling-wedge-pattern-points-to-eventual-ethereum-price-reversal-but-traders-expect-more-pain-first", "image_url": "https://crypto.snapi.dev/images/v1/l/e/840-ahr0chm6ly9zmy5jb2ludgvszwdyyxbolmnvbs91cgxvywrzlziwmjitmduvntdhzmzlnzytnwixms00ymmylwi5zgytndezzmy2ytiynjdllmpwzw-145710.jpg", "title": "Falling wedge pattern points to eventual Ethereum price reversal, but traders expect more pain first", "text": "ETH dropped below a key support in its USD and BTC pair, but analysts say a bullish trading pattern could eventually spark a sharp trend reversal.", "source_name": "Cointelegraph", "date": "Thu, 26 May 2022 16:32:50 -0400", "topics": [], "sentiment": "Negative", "type": "Article", "tickers": ["ETH"]}, {"news_url": "https://bitcoinmagazine.com/business/can-you-buy-a-house-with-bitcoin", "image_url": "https://crypto.snapi.dev/images/v1/r/e/real-estate-and-bitcoin-can-you-buy-a-house-with-bitcoin-145724.png", "title": "Can You Buy A House With Bitcoin?", "text": "As Bitcoin becomes more widespread, doors begin to open to use it for more conventional means of purchasing big-ticket items, such as property.", "source_name": "Bitcoin Magazine", "date": "Thu, 26 May 2022 16:30:00 -0400", "topics": [], "sentiment": "Neutral", "type": "Article", "tickers": ["BTC"]}, {"news_url": "https://www.theblockcrypto.com/linked/149044/bitcoin-mining-stock-report-thursday-may-26", "image_url": "https://crypto.snapi.dev/images/v1/z/1/bitcoin-mining-connection-800x450-145707.jpg", "title": "Bitcoin mining stock report: Thursday, May 26", "text": "Here's how crypto mining companies performed on Thursday, May 26. The post Bitcoin mining stock report: Thursday, May 26 appeared first on The Block.", "source_name": "The Block", "date": "Thu, 26 May 2022 16:24:45 -0400", "topics": ["mining"], "sentiment": "Neutral", "type": "Article", "tickers": ["BTC"]}, {"news_url": "https://dailyhodl.com/2022/05/26/top-crypto-analyst-warns-this-metric-signals-nasty-outlook-for-bitcoin-btc-over-the-next-two-months/", "image_url": "https://crypto.snapi.dev/images/v1/u/i/metric-signals-nastyjpgw1024-145701.jpg", "title": "Top Crypto Analyst Warns This Metric Signals Nasty Outlook for Bitcoin (BTC) Over the Next Two Months", "text": "A popular cryptocurrency analyst is singling out one metric suggesting a negative outlook for Bitcoin (BTC) over the coming weeks. In a new strategy session, the anonymous host of InvestAnswers tells his 439,000 YouTube subscribers that based on Bitcoin options data, the bearish bets outweigh the bullish ones for the contracts ending July 29th. InvestAnswers [\u2026] The post Top Crypto Analyst Warns This Metric Signals Nasty Outlook for Bitcoin (BTC) Over the Next Two Months appeared first on The Daily Hodl.", "source_name": "The Daily Hodl", "date": "Thu, 26 May 2022 16:00:02 -0400", "topics": [], "sentiment": "Negative", "type": "Article", "tickers": ["BTC"]}, {"news_url": "https://www.youtube.com/watch?v=0VsCJ_5V-ZA", "image_url": "https://crypto.snapi.dev/images/v1/j/2/jpmorgans-bull-case-for-bitcoin-sequoias-warning-and-ethers-soulbound-tokens-cnbc-crypto-world-145698.jpg", "title": "JPMorgan's bull case for bitcoin, Sequoia's warning, and Ether's soulbound tokens: CNBC Crypto World", "text": "CNBC Crypto World features the latest news and daily trading updates from the digital currency markets and provides viewers with a look at what's ahead with high-profile interviews, explainers, and unique stories from the ever-changing crypto industry. On today's show, Kate Rooney speaks with Sequoia Capital's Michelle Bailhe to discuss the state of crypto investing, whether digital currencies can weather rising rates and a potential recession, and the firm's dire warning to startup founders.", "source_name": "CNBC Television", "date": "Thu, 26 May 2022 15:44:05 -0400", "topics": [], "sentiment": "Positive", "type": "Video", "tickers": ["BTC", "ETH"]}, {"news_url": "https://www.cryptopolitan.com/solana-price-analysis-2022-05-26/", "image_url": "https://crypto.snapi.dev/images/v1/0/q/sol-6-768x568-1-145693.jpg", "title": "Solana Price Analysis: SOL/USD pair set to break above the $60 resistance level", "text": "Solana price analysis is bullish today as the digital asset looks to bounce back from a recent correction. The bulls have managed to push the price back above the $50 level and are now targeting a move towards the $60 level.", "source_name": "Cryptopolitan", "date": "Thu, 26 May 2022 15:32:42 -0400", "topics": ["tanalysis"], "sentiment": "Positive", "type": "Article", "tickers": ["SOL"]}, {"news_url": "https://bitcoinist.com/bitcoin-transaction-fees-historically-low-spike/", "image_url": "https://crypto.snapi.dev/images/v1/7/m/kanchanara-9pcv2mb65y8-unsplash-630x420-145686.jpg", "title": "Bitcoin Transaction Fees Remain Historically Low Despite Recent Spike", "text": "Data shows the Bitcoin total transaction fees have continued to be at historically low values despite a spike during LUNA's collapse recently. Bitcoin Transaction Fees Have Moved Sideways Since July 2021 As per the latest weekly report from Glassnode, the total transaction fees on the BTC network has been very low for almost a year [\u2026]", "source_name": "Bitcoinist", "date": "Thu, 26 May 2022 15:00:43 -0400", "topics": [], "sentiment": "Negative", "type": "Article", "tickers": ["BTC"]}, {"news_url": "https://www.newsbtc.com/news/bitcoin/bitcoin-bearish-signal-whale-ratio-high-value/", "image_url": "https://crypto.snapi.dev/images/v1/v/p/remi-boudousquie-b0s5l-7cmyu-unsplash-scaled-145685.jpg", "title": "Bitcoin Bearish Signal: Whale Ratio Continues To Stay At High Value", "text": "On-chain data shows the Bitcoin exchange whale ratio has remained at a high value recently, a sign that could be bearish for the crypto's price. Bitcoin Exchange Whale Ratio On Verge Of Entering \u201cVery High Risk\u201d Zone As explained by an analyst in a CryptoQuant post, the 72-hour MA whale ratio is near 0.90, the very high risk zone.", "source_name": "NewsBTC", "date": "Thu, 26 May 2022 15:00:25 -0400", "topics": ["whales"], "sentiment": "Negative", "type": "Article", "tickers": ["BTC"]}, {"news_url": "https://crypto.news/ethereum-beacon-chain-blockchain-reorganization-years/", "image_url": "https://crypto.snapi.dev/images/v1/g/p/ethereum-145688.jpg", "title": "The Ethereum Beacon Chain Faces the Greatest Blockchain Reorganization in Years", "text": "Today, the Ethereum Beacon Chain network executed a seven-block rearrangement. Between 08:55:23 and 08:56:35 UTC, seven blocks from 3,887,075 to 3,887,081 were knocked off the Beacon Chain.", "source_name": "Crypto news", "date": "Thu, 26 May 2022 15:00:00 -0400", "topics": [], "sentiment": "Neutral", "type": "Article", "tickers": ["ETH"]}, {"news_url": "https://www.youtube.com/watch?v=6GnDZSgDW0Q", "image_url": "https://crypto.snapi.dev/images/v1/m/u/bitcoin-4481815-1280-1-145432-145684.jpg", "title": "Peter McCormack on The Bitcoin Trial of the Year, Global Adoption and More", "text": "Crypto investor and \u201cWhat Bitcoin Did Podcast\u201d Host Peter McCormack joins \"All About Bitcoin\" to share the latest on his lawsuit against Dr. Craig Wright, claiming he's Satoshi Nakamoto. Plus, insights on bitcoin adoption around the world and its impact on humanitarian effort from social activist Farida Bemba Nabourema.", "source_name": "Coindesk", "date": "Thu, 26 May 2022 14:37:36 -0400", "topics": [], "sentiment": "Positive", "type": "Video", "tickers": ["BTC"]}, {"news_url": "https://cointelegraph.com/news/ethereum-price-dips-below-the-1-8k-support-as-bears-prepare-for-friday-s-1b-options-expiry", "image_url": "https://crypto.snapi.dev/images/v1/h/e/840-ahr0chm6ly9zmy5jb2ludgvszwdyyxbolmnvbs91cgxvywrzlziwmjitmduvm2ywzmmzymytzgu2ni00zmiylwi3ztctzmfmmmm4mjk5njdklmpwzw-145657.jpg", "title": "Ethereum price dips below the $1.8K support as bears prepare for Friday's $1B options expiry", "text": "Looming macroeconomic concerns and this week's $1B ETH options expiry threaten to pin Ethereum price under the $1,800 support.", "source_name": "Cointelegraph", "date": "Thu, 26 May 2022 13:45:00 -0400", "topics": [], "sentiment": "Negative", "type": "Article", "tickers": ["ETH"]}, {"news_url": "https://decrypt.co/101442/ecb-chief-bitcoin-critic-christine-lagarde-son-trades-crypto", "image_url": "https://crypto.snapi.dev/images/v1/k/1/shutterstock-1581902248-gid-4-145658.jpg", "title": "ECB Chief and Bitcoin Critic Christine Lagarde Says Her Son Trades Crypto", "text": "But the central bank chief said she still wouldn't go near digital assets.", "source_name": "Decrypt", "date": "Thu, 26 May 2022 13:41:12 -0400", "topics": [], "sentiment": "Neutral", "type": "Article", "tickers": ["BTC"]}, {"news_url": "https://crypto-economy.com/ark-invest-files-an-application-for-a-physical-bitcoin-etf-with-the-sec/", "image_url": "https://crypto.snapi.dev/images/v1/o/e/ark-invest-buys-another-54m-in-bitcoin-adjacent-square-stock-1-145882.jpg", "title": "Ark Invest Files an Application for a Physical Bitcoin ETF With the SEC", "text": "Bitcoin ETFs have become quite popular among firms and organizations. It is a major reason that more platforms are applying for these ETFs. Similarly,...", "source_name": "Crypto Economy", "date": "Thu, 26 May 2022 13:32:18 -0400", "topics": ["regulations"], "sentiment": "Positive", "type": "Article", "tickers": ["BTC"]}, {"news_url": "https://ambcrypto.com/xrp-how-ripples-ipo-speculation-is-triggering-whale-activity-on-the-chain/", "image_url": "https://crypto.snapi.dev/images/v1/y/v/rovi-galvez-kr56ztfku8y-unsplash-e1653562554708-145653.jpg", "title": "XRP: How Ripple's IPO speculation is triggering whale activity on the chain", "text": "The ever-lasting lawsuit between the U.S regulators (SEC) and Ripple directly or indirectly has affected XRP holders over the years. Especially after December 2020 when the lawsuit commenced.", "source_name": "AMBCrypto", "date": "Thu, 26 May 2022 13:30:38 -0400", "topics": ["whales"], "sentiment": "Positive", "type": "Article", "tickers": ["XRP"]}, {"news_url": "https://www.cryptopolitan.com/bitcoin-price-analysis-2022-05-26/", "image_url": "https://crypto.snapi.dev/images/v1/z/l/bitcoin-price-analysis-2022-05-26-145645.png", "title": "Bitcoin price analysis: BTC spikes below $29,000, swiftly returns to the previous consolidation area", "text": "Bitcoin price analysis is bullish today as we have seen a strong spike to $28,000 support and a quick reaction back into the previous consolidation area. Therefore, we expect more upside later today, potentially to retest the $30,000 previous local high.", "source_name": "Cryptopolitan", "date": "Thu, 26 May 2022 13:11:36 -0400", "topics": ["tanalysis"], "sentiment": "Positive", "type": "Article", "tickers": ["BTC"]}, {"news_url": "https://www.theblockcrypto.com/linked/148988/ark-and-21shares-make-another-attempt-at-a-bitcoin-etf-approval", "image_url": "https://crypto.snapi.dev/images/v1/q/a/20210219-bitcoin-etf-generic-800x450-145643.jpg", "title": "ARK and 21Shares make another attempt at a bitcoin etf approval", "text": "ARK Invest and 21Shares are making another attempt to get their collaborative bitcoin ETF through the SEC. The post ARK and 21Shares make another attempt at a bitcoin etf approval appeared first on The Block.", "source_name": "The Block", "date": "Thu, 26 May 2022 13:03:12 -0400", "topics": [], "sentiment": "Positive", "type": "Article", "tickers": ["BTC"]}, {"news_url": "https://www.newsbtc.com/news/bitcoin/perp-traders-remain-quiet-as-bitcoin-struggles-to-hold-30000/", "image_url": "https://crypto.snapi.dev/images/v1/m/a/bitcoin-8-145641.jpeg", "title": "Perp Traders Remain Quiet As Bitcoin Struggles To Hold $30,000", "text": "Bitcoin has been struggling to hold on to the $30,000 level for the better part of this week, failing more often than not. While there have been various reactions from different parts of the market such as the ETFs, perpetual traders seem to have taken this as a sign to hold off on their activities.", "source_name": "NewsBTC", "date": "Thu, 26 May 2022 13:00:13 -0400", "topics": [], "sentiment": "Negative", "type": "Article", "tickers": ["BTC"]}, {"news_url": "https://crypto.news/portuguese-vote-bitcoin-taxation-bill/", "image_url": "https://crypto.snapi.dev/images/v1/5/t/portugals-parliament-rejects-crypto-tax-proposals-amidst-budget-negotiations-145642.jpg", "title": "Portuguese Parliament Votes Against Bitcoin\u00a0 Taxation Bill", "text": "The Portuguese Parliament has voted against two new crypto taxation proposals floated by members of minority left-wing parties Bloco de Esquerda and Livre. The bill was rejected during the country's 2022 budget voting session on May 25, 2022, according to\u2026", "source_name": "Crypto news", "date": "Thu, 26 May 2022 13:00:00 -0400", "topics": [], "sentiment": "Positive", "type": "Article", "tickers": ["BTC"]}, {"news_url": "https://www.dcforecasts.com/tether-news/tether-launched-mexican-peso-stablecoin-on-tron-polygon-ethereum/", "image_url": "https://crypto.snapi.dev/images/v1/5/z/mexico-145640.png", "title": "Tether Launched Mexican-Peso Stablecoin On Tron, Polygon, Ethereum", "text": "Tether launched Mexican-Peso stablecoin on Tron, Polygon, and Ethereum and announced it to be backed by Mexico's national currency so let's read more today in our latest Tether news. The press release from May 26 informed that the new stablecoin will join Tether's growing product line that consists of four fiat currency-pegged assets and the [\u2026]", "source_name": "DCForecasts", "date": "Thu, 26 May 2022 12:59:20 -0400", "topics": ["stablecoins"], "sentiment": "Positive", "type": "Article", "tickers": ["ETH", "MATIC", "TRX", "USDT"]}, {"news_url": "https://www.dcforecasts.com/uncategorized-en/altcoins-bleed-out-while-bitcoins-dominance-reaches-7-month-high/", "image_url": "https://crypto.snapi.dev/images/v1/e/v/20220525b3bf35d943b9aabb1-144879-145360-145638.jpg", "title": "Altcoins Bleed Out While Bitcoin's Dominance Reaches 7-Month High", "text": "Altcoins bleed out while Bitcoin's dominance reached a 7-month high while still being the highest point since October as we can see more today in our latest altcoin news today. Bitcoin had another failed attempt at $30,000 as the asset dropped to $29,000 and the altcoins are in a much worse shape with substantial losses [\u2026]", "source_name": "DCForecasts", "date": "Thu, 26 May 2022 12:54:34 -0400", "topics": [], "sentiment": "Positive", "type": "Article", "tickers": ["BTC"]}, {"news_url": "https://news.bitcoin.com/bitcoin-mining-difficulty-drops-4-33-biggest-reduction-in-10-months/", "image_url": "https://crypto.snapi.dev/images/v1/w/m/image-2022-05-26-115111-145624.jpg", "title": "Bitcoin Mining Difficulty Drops 4.33%, Biggest Reduction in 10 Months", "text": "It's now 4.33% easier to mine bitcoin over the next two weeks as the difficulty adjustment algorithm (DAA) dropped from 31.25 trillion to today's 29.85 trillion. It's the largest DAA drop since July 17, 2021, when the difficulty dropped 4.81% at block height 691,488. Bitcoin Mining Difficulty Dips 4.33% \u2014 The Largest Drop Since July [\u2026]", "source_name": "Bitcoin", "date": "Thu, 26 May 2022 12:30:07 -0400", "topics": ["mining"], "sentiment": "Neutral", "type": "Article", "tickers": ["BTC"]}, {"news_url": "https://cointelegraph.com/news/spooky-solana-breakdown-begins-with-sol-price-facing-a-potential-45-drop-here-s-why", "image_url": "https://crypto.snapi.dev/images/v1/4/1/840-ahr0chm6ly9zmy5jb2ludgvszwdyyxbolmnvbs91cgxvywrzlziwmjitmduvnzyxnjqynjktnzlimy00ndi4lwfhmguty2jjzjrhmgfkmtjklmpwzw-145623.jpg", "title": "Spooky Solana breakdown begins with SOL price facing a potential 45% drop \u2014 here's why", "text": "SOL price can preserve the bullish bias, however, as its two multi-month support levels converge for the first time.", "source_name": "Cointelegraph", "date": "Thu, 26 May 2022 12:22:00 -0400", "topics": [], "sentiment": "Negative", "type": "Article", "tickers": ["SOL"]}, {"news_url": "https://finbold.com/bitcoin-winter-is-ending-and-next-bull-run-will-extend-till-2025-predicts-lamoureux-president/?SNAPI", "image_url": "https://crypto.snapi.dev/images/v1/e/t/34d2fd32-939b-4d5a-87f9-54af233b0c3b-145621.jpeg", "title": "\u2018Bitcoin winter' is ending and next bull run will extend till 2025, predicts Lamoureux president", "text": "Yves Lamoureux, the president of macroeconomic research company Lamoureux & Co, believes that the recent Bitcoin price correction is part.", "source_name": "Finbold", "date": "Thu, 26 May 2022 12:20:28 -0400", "topics": [], "sentiment": "Positive", "type": "Article", "tickers": ["BTC"]}, {"news_url": "https://www.investingcube.com/ripple-price-prediction-heres-why-xrp-could-hit-0-22/", "image_url": "https://crypto.snapi.dev/images/v1/d/3/xrp-7-145620.jpg", "title": "Ripple Price Prediction: Here's Why XRP Could Hit $0.22", "text": "Our Ripple price prediction is still bearish as the price has failed to generate any reversal signal. XRP price could potentially hit $0.22.", "source_name": "InvestingCube", "date": "Thu, 26 May 2022 12:19:59 -0400", "topics": [], "sentiment": "Positive", "type": "Article", "tickers": ["XRP"]}, {"news_url": "https://investorplace.com/2022/05/ethereum-price-predictions-will-ethereum-recover/", "image_url": "https://crypto.snapi.dev/images/v1/k/n/ethereum-price-analysis-2022-05-22-143873-145617.png", "title": "Ethereum Price Predictions: Will Ethereum Recover?", "text": "Ethereum has tumbled below the key $2,000 threshold today. However, some websites are still issuing bullish Ethereum price predictions.", "source_name": "Investorplace", "date": "Thu, 26 May 2022 12:13:00 -0400", "topics": [], "sentiment": "Neutral", "type": "Article", "tickers": ["ETH"]}, {"news_url": "https://u.today/bitcoin-options-market-underscores-traders-anxiety?SNAPI", "image_url": "https://crypto.snapi.dev/images/v1/b/e/15203-145619.jpg", "title": "Bitcoin Options Market Underscores Traders' Anxiety", "text": "Bitcoin options market shows that market sentiment remains extremely bearish, with Bitcoin trading below the $30,000 level", "source_name": "UToday", "date": "Thu, 26 May 2022 12:05:00 -0400", "topics": [], "sentiment": "Negative", "type": "Article", "tickers": ["BTC"]}, {"news_url": "https://cryptodaily.co.uk/2022/05/btc-usd-weakens-and-elects-stops-below-28849-sally-ho-technical-analysis-27-may-2022-btc-bitcoin", "image_url": "https://crypto.snapi.dev/images/v1/7/2/bitcoin-bottom-144912-145080-145612.jpg", "title": "BTC/USD Weakens and Elects Stops Below 28849: Sally Ho's Technical Analysis 27 May 2022 BTC", "text": "Bitcoin (BTC/USD) remained weak early in the Asian session as the pair orbited the 29000 figure after depreciating and electing Stops below the 29214, 28984, and 28949 levels, representing the 61.8%, 76.4%, and 78.6% retracements of the appreciating range from 28611 to 30192.08.\u00a0 The recent move to relative lows opened up possible tests of additional short-term technical support around the 28378, 27661, 26773, and 26639 levels.", "source_name": "Crypto Daily", "date": "Thu, 26 May 2022 12:00:00 -0400", "topics": [], "sentiment": "Negative", "type": "Article", "tickers": ["BTC"]}, {"news_url": "https://cointelegraph.com/news/bitcoin-good-to-go-up-after-btc-price-hits-lowest-since-terra-crash", "image_url": "https://crypto.snapi.dev/images/v1/s/o/840-ahr0chm6ly9zmy5jb2ludgvszwdyyxbolmnvbs91cgxvywrzlziwmjitmduvzgnjzmu3owitm2jlzc00owy0lwi1mtmtmjg3yzi5odewyjdhlmpwzw-145610.jpg", "title": "Bitcoin 'good to go up' after BTC price hits lowest since Terra crash", "text": "A wick to $28,000 sparks hopes of multi-week highs but caution remains over thin order book liquidity.", "source_name": "Cointelegraph", "date": "Thu, 26 May 2022 11:52:48 -0400", "topics": [], "sentiment": "Neutral", "type": "Article", "tickers": ["BTC"]}, {"news_url": "https://investorplace.com/2022/05/7-cheap-cryptos-to-buy-under-1/", "image_url": "https://crypto.snapi.dev/images/v1/5/-/5-cryptocurrency-could-see-price-boom-this-weekend-143216-145648.jpg", "title": "7 Cheap Cryptos to Buy Under $1", "text": "Investors are seeking out cheap cryptos to buy, hoping they can get lucky and win big with a bargain play.", "source_name": "Investorplace", "date": "Thu, 26 May 2022 11:50:13 -0400", "topics": [], "sentiment": "Positive", "type": "Article", "tickers": ["ADA", "CRO", "DAI", "LUNA", "MATIC", "TRX", "XRP"]}, {"news_url": "https://insidebitcoins.com/news/world-bank-warns-against-bitcoins-use-in-the-central-african-republic", "image_url": "https://crypto.snapi.dev/images/v1/f/g/world-bank-145605.jpg", "title": "World Bank warns against Bitcoin's use in the Central African Republic", "text": "The World Bank has aired its concerns over the adoption of Bitcoin as legal tender in the Central African Republic. According to the World Bank, [.", "source_name": "Inside Bitcoins", "date": "Thu, 26 May 2022 11:47:42 -0400", "topics": [], "sentiment": "Negative", "type": "Article", "tickers": ["BTC"]}, {"news_url": "https://u.today/bitcoin-shiba-inu-and-dogecoin-now-accepted-as-payments-by-top-100-accounting-firm-wolf-company?SNAPI", "image_url": "https://crypto.snapi.dev/images/v1/5/r/15201-145602.jpg", "title": "Bitcoin, Shiba Inu and Dogecoin Now Accepted as Payments by Top 100 Accounting Firm, Wolf & Company", "text": "Top 100 accounting firm Wolf & Company now accepts Bitcoin, Shiba Inu and Dogecoin as payments", "source_name": "UToday", "date": "Thu, 26 May 2022 11:43:00 -0400", "topics": [], "sentiment": "Positive", "type": "Article", "tickers": ["BTC", "DOGE", "SHIB"]}, {"news_url": "https://www.coindesk.com/business/2022/05/26/ark-21shares-takes-another-shot-at-spot-bitcoin-etf-approval/", "image_url": "https://crypto.snapi.dev/images/v1/c/a/h4vxz3767ndz5bngse5epz52su-145603.jpg", "title": "The initial application for a spot bitcoin ETF was rejected in April.", "text": "Cathie Wood's ARK Investment Management and Switzerland-based investment-products issuer 21Shares are taking another try at getting their spot bitcoin exchange-traded fund (ETF) approved by the U.S. Securities and Exchange Commission.", "source_name": "Coindesk", "date": "Thu, 26 May 2022 11:39:25 -0400", "topics": [], "sentiment": "Neutral", "type": "Article", "tickers": ["BTC"]}, {"news_url": "https://www.fool.com/investing/2022/05/26/ethereum-sinks-10-on-7-block-reorg-heres-what-to-k/", "image_url": "https://crypto.snapi.dev/images/v1/a/d/adobestock-proxima-studio-1-1-145384-145632.jpg", "title": "Ethereum Sinks 10% on 7-Block Reorg -- Here's What to Know", "text": "What is a blockchain reorganization and why does it matter?", "source_name": "The Motley Fool", "date": "Thu, 26 May 2022 11:38:05 -0400", "topics": [], "sentiment": "Negative", "type": "Article", "tickers": ["ETH"]}, {"news_url": "https://investorplace.com/2022/05/as-the-merge-approaches-ethereum-looks-a-little-better/", "image_url": "https://crypto.snapi.dev/images/v1/g/6/10234-1-300x200-142919-144233-145591.jpg", "title": "As the Merge Approaches, Ethereum Looks a Little Better", "text": "The price of Ethereum is down nearly 50% this year, making it an intriguing name in the cryptocurrency space.", "source_name": "Investorplace", "date": "Thu, 26 May 2022 10:52:40 -0400", "topics": [], "sentiment": "Neutral", "type": "Article", "tickers": ["ETH"]}, {"news_url": "https://u.today/bitcoin-booster-planb-accused-of-making-aggressively-stupid-forecasts?SNAPI", "image_url": "https://crypto.snapi.dev/images/v1/a/x/15200-145588.jpg", "title": "Bitcoin Booster PlanB Accused of Making \"Aggressively Stupid\" Forecasts", "text": "Investor Ari Paul says that PlanB is engaging in \"malicious scamming\"", "source_name": "UToday", "date": "Thu, 26 May 2022 10:51:00 -0400", "topics": [], "sentiment": "Negative", "type": "Article", "tickers": ["BTC"]}, {"news_url": "https://cryptopotato.com/cathie-woods-ark-invest-files-for-another-bitcoin-spot-etf/", "image_url": "https://crypto.snapi.dev/images/v1/k/m/bitcoinetf-cover-145585.jpg", "title": "Cathie Wood's ARK Invest Files for Another Bitcoin Spot ETF", "text": "A month ago, Cathie Wood said that the SEC declining ARK Invest Spot Bitcoin ETF \"makes no sense.\"", "source_name": "CryptoPotato", "date": "Thu, 26 May 2022 10:47:10 -0400", "topics": [], "sentiment": "Positive", "type": "Article", "tickers": ["BTC"]}, {"news_url": "https://finbold.com/number-of-new-bitcoin-addresses-plummets-on-chain-data-shows/?SNAPI", "image_url": "https://crypto.snapi.dev/images/v1/e/m/number-of-new-bitcoin-addresses-plummets-on-chain-data-shows-145578.jpg", "title": "Number of new Bitcoin addresses plummets \u2013 on-chain data shows", "text": "As most of the cryptocurrency market is back to trading in the bearish red after a short period of recovery,.", "source_name": "Finbold", "date": "Thu, 26 May 2022 10:39:25 -0400", "topics": [], "sentiment": "Negative", "type": "Article", "tickers": ["BTC"]}, {"news_url": "https://u.today/bitcoin-is-losing-support-between-30000-and-29000-heres-whats-next-intotheblock?SNAPI", "image_url": "https://crypto.snapi.dev/images/v1/a/a/20100-145574.jpg", "title": "Bitcoin Is Losing Support Between $30,000 and $29,000, Here's What's Next: IntoTheBlock", "text": "Bitcoin could lose ground under its legs as we see melting support", "source_name": "UToday", "date": "Thu, 26 May 2022 10:37:00 -0400", "topics": [], "sentiment": "Negative", "type": "Article", "tickers": ["BTC"]}, {"news_url": "https://cryptopotato.com/ripples-rollercoaster-continues-but-is-0-3-inbound-xrp-price-analysis/", "image_url": "https://crypto.snapi.dev/images/v1/f/s/ripple-price-analysis-2022-05-21-143624-145573.png", "title": "Ripple's Rollercoaster Continues but is $0.3 Inbound? (XRP Price Analysis)", "text": "Ripple appeared weak in the last two weeks following the sharp fall in early May. The ongoing price action, however, indicates the current sideways is more likely to be leaning to the downside.", "source_name": "CryptoPotato", "date": "Thu, 26 May 2022 10:37:00 -0400", "topics": ["tanalysis"], "sentiment": "Neutral", "type": "Article", "tickers": ["XRP"]}, {"news_url": "https://www.cryptopolitan.com/ethereum-price-analysis-2022-05-26/", "image_url": "https://crypto.snapi.dev/images/v1/b/u/ethereum-price-analysis-2022-05-26-145571.png", "title": "Ethereum price analysis: ETH breaks consolidation, spikes to $1,725", "text": "Ethereum price analysis is bullish today as we have seen a strong break of previous support at $1,700 being met with a reaction higher at the $1,750 support. Therefore, ETH/USD should rebound soon and look to retest $1,900 as resistance.", "source_name": "Cryptopolitan", "date": "Thu, 26 May 2022 10:33:14 -0400", "topics": ["tanalysis"], "sentiment": "Positive", "type": "Article", "tickers": ["ETH"]}, {"news_url": "https://dailyhodl.com/2022/05/26/top-crypto-analyst-warns-bitcoin-btc-and-ethereum-eth-need-a-miracle-rally-to-avoid-diving-lower/", "image_url": "https://crypto.snapi.dev/images/v1/h/n/btc-eth-miracle-rallypngw1024-145570.jpg", "title": "Top Crypto Analyst Warns Bitcoin (BTC) and Ethereum (ETH) Need a \u2018Miracle Rally' To Avoid Diving Lower", "text": "A popular crypto trader says only a miracle can change the trajectory of the two largest crypto assets by market cap. In the latest TechnicalRoundup newsletter, pseudonymous crypto analyst Cred says Bitcoin (BTC) needs an \u201cimminent and strong rally\u201d to maintain the support zone that has been held since June of 2021. Cred says the [\u2026] The post Top Crypto Analyst Warns Bitcoin (BTC) and Ethereum (ETH) Need a \u2018Miracle Rally' To Avoid Diving Lower appeared first on The Daily Hodl.", "source_name": "The Daily Hodl", "date": "Thu, 26 May 2022 10:30:16 -0400", "topics": [], "sentiment": "Negative", "type": "Article", "tickers": ["BTC", "ETH"]}, {"news_url": "https://ambcrypto.com/as-ethereum-struggles-to-sustain-above-2k-heres-all-you-need-to-look-out-for/", "image_url": "https://crypto.snapi.dev/images/v1/z/o/cryptocurrency-gd2943be1e-1920-e1653557441909-145569.jpg", "title": "As Ethereum struggles to sustain above $2k, here's all you need to look out for", "text": "Ethereum is down again! The largest altcoin has continued to disappoint investors as it is struggling to rise above the $2,000 price level.", "source_name": "AMBCrypto", "date": "Thu, 26 May 2022 10:30:05 -0400", "topics": [], "sentiment": "Negative", "type": "Article", "tickers": ["ETH"]}, {"news_url": "https://finbold.com/top-securities-regulator-warns-inflation-may-push-investors-into-risky-assets-like-bitcoin/?SNAPI", "image_url": "https://crypto.snapi.dev/images/v1/k/r/1c33039e-555f-40a6-8b75-e5c7a77fe01d-145567.jpeg", "title": "Top securities regulator warns inflation may push investors into risky assets like Bitcoin", "text": "The chair of the European Securities and Markets Authority, Verana Ross, has stated that the current economic condition characterised by.", "source_name": "Finbold", "date": "Thu, 26 May 2022 10:22:30 -0400", "topics": ["regulations"], "sentiment": "Neutral", "type": "Article", "tickers": ["BTC"]}, {"news_url": "https://u.today/solana-avalanche-and-apecoin-record-losses-amid-fresh-market-declines?SNAPI", "image_url": "https://crypto.snapi.dev/images/v1/w/6/20101-145566.jpg", "title": "Solana, Avalanche and ApeCoin Record Losses Amid Fresh Market Declines", "text": "Solana and Avalanche, dubbed \"Ethereum killers\" by some, have experienced enormous losses", "source_name": "UToday", "date": "Thu, 26 May 2022 10:21:00 -0400", "topics": [], "sentiment": "Negative", "type": "Article", "tickers": ["APE", "AVAX", "SOL"]}, {"news_url": "https://www.fool.com/investing/2022/05/26/2-top-cryptocurrencies-down-80-or-more-to-buy-now/", "image_url": "https://crypto.snapi.dev/images/v1/c/r/cryptocurrency-law-ready-president-erdogan-after-binance-got-fined-8-million-lira-by-crypto-regulator-96337-98422-99350-133425-144038-145581.jpg", "title": "2 Top Cryptocurrencies Down 80% (or More) to Buy Right Now", "text": "These beaten-down digital assets are backed by a compelling investment thesis.", "source_name": "The Motley Fool", "date": "Thu, 26 May 2022 10:09:00 -0400", "topics": [], "sentiment": "Positive", "type": "Article", "tickers": ["LINK", "SOL"]}, {"news_url": "https://bitcoinmagazine.com/business/oil-companies-partner-with-bitcoin-miners", "image_url": "https://crypto.snapi.dev/images/v1/q/y/bitcoin-mining-drives-clean-energy-145561.png", "title": "These Public Oil Companies Are Joining Forces With Bitcoin Miners To Reshape The Industry", "text": "As more major oil and gas operations partner with bitcoin miners, it's clear that this magic internet money is transforming energy.", "source_name": "Bitcoin Magazine", "date": "Thu, 26 May 2022 10:05:38 -0400", "topics": ["mining"], "sentiment": "Positive", "type": "Article", "tickers": ["BTC"]}, {"news_url": "https://www.theblockcrypto.com/post/148929/lack-of-knowledge-about-bitcoin-is-the-biggest-barrier-to-use-finds-new-study-by-block-inc", "image_url": "https://crypto.snapi.dev/images/v1/b/q/20220426-block-square-app-800x450-145560.png", "title": "Lack of knowledge about bitcoin is the biggest barrier to use, finds new study by Block, Inc.", "text": "Block, Inc. released its first study on bitcoin, gauging knowledge and perceptions of the cryptocurrency in 14 countries. The post Lack of knowledge about bitcoin is the biggest barrier to use, finds new study by Block, Inc. appeared first on The Block.", "source_name": "The Block", "date": "Thu, 26 May 2022 10:03:35 -0400", "topics": [], "sentiment": "Neutral", "type": "Article", "tickers": ["BTC"]}, {"news_url": "https://coinpedia.org/altcoin/if-bitcoin-btc-price-pulls-a-leg-down-these-altcoins-may-drop-by-more-than-50/", "image_url": "https://crypto.snapi.dev/images/v1/u/h/crypto11-145558.jpg", "title": "If Bitcoin (BTC) Price Pulls a Leg Down, These Altcoins May Drop By More Than 50%", "text": "The resistance levels of the star crypto, Bitcoin are constantly plunging down. From the levels around $32,300, the resistance dropped to $30,400. After hovering at these levels for some time, the BTC price dropped hard, lowering the resistance to $29,600 now. However, currently, BTC prices have plunged below the interim support levels just below $29,000. \u2026", "source_name": "CoinPedia", "date": "Thu, 26 May 2022 10:02:00 -0400", "topics": [], "sentiment": "Negative", "type": "Article", "tickers": ["BTC"]}, {"news_url": "https://news.bitcoin.com/ethereums-beacon-network-deals-with-a-7-block-chain-reorganization/", "image_url": "https://crypto.snapi.dev/images/v1/l/f/reorgggg-145559.jpg", "title": "Ethereum's Beacon Network Deals With a 7-Block Chain Reorganization", "text": "On May 25, seven blocks were reorganized on Ethereum's Beacon chain at 8:55:23 a.m. (UTC) at block height 3,887,075 all the way to block 3,887,081. The reorganization was discovered by Martin K\u00f6ppelmann who noted the \u201ccurrent attestation strategy of nodes should be reconsidered to hopefully result in a more stable chain.\u201d Ethereum's Beacon Chain Reorgs [\u2026]", "source_name": "Bitcoin", "date": "Thu, 26 May 2022 10:00:54 -0400", "topics": [], "sentiment": "Neutral", "type": "Article", "tickers": ["ETH"]}, {"news_url": "https://crypto.news/nagax-ngc-bitcoin-altcoins-feature-users-rewards/", "image_url": "https://crypto.snapi.dev/images/v1/i/q/social-crypto-trading-platform-nagax-rolls-out-staking-features-to-boost-users-rewards-145586.jpg", "title": "NAGAX (NGC) Introduces Bitcoin & Altcoins Staking Feature to Boost Users' Rewards", "text": "NAGAX ($NGC) users can now stake their bitcoin (BTC) as well as supported proof-of-stake (PoS)-based cryptocurrencies on the platform, to enjoy rewards via the new NAGAX staking feature. NAGAX staking offers users annual percentage ratios (APRs) of between four percent\u2026", "source_name": "Crypto news", "date": "Thu, 26 May 2022 10:00:00 -0400", "topics": [], "sentiment": "Positive", "type": "Article", "tickers": ["BTC"]}, {"news_url": "https://beincrypto.com/bitcoin-btc-consolidates-near-30000-in-choppy-trading/", "image_url": "https://crypto.snapi.dev/images/v1/i/w/bic-bitcoin-futures-trading-btcjpgoptimal-145568.jpg", "title": "Bitcoin (BTC) Consolidates Near $30,000 in Choppy Trading", "text": "Bitcoin (BTC) has been in a sideways trend since its sharp decline on May 12 with consolidation ongoing between $28,600 and $30,700. The post Bitcoin (BTC) Consolidates Near $30,000 in Choppy Trading appeared first on BeInCrypto.", "source_name": "BeInCrypto", "date": "Thu, 26 May 2022 10:00:00 -0400", "topics": [], "sentiment": "Negative", "type": "Article", "tickers": ["BTC"]}, {"news_url": "https://www.dailyfx.com/forex/market_alert/2022/05/26/Bitcoin-Drops-Lower-Crucial-Triangle-is-Susceptible-after-BTC-Latest-Move-RS.html", "image_url": "https://crypto.snapi.dev/images/v1/d/t/crypto13-145565.jpg", "title": "Bitcoin Drops Lower: Crucial Triangle is Susceptible after BTC Latest Move", "text": "Bitcoin attempts to break below the descending triangle while other risky assets like the S&P 500 actually advance higher. Longer term levels for BTC analyzed", "source_name": "DailyFX", "date": "Thu, 26 May 2022 10:00:00 -0400", "topics": [], "sentiment": "Negative", "type": "Article", "tickers": ["BTC"]}, {"news_url": "https://blockchain.news/news/ripple-to-explore-ipo-after-sec-lawsuitceo-discloses", "image_url": "https://crypto.snapi.dev/images/v1/a/m/4133b3da37ad662751896e81f56c3f4fd82584f7f5dfd8320d90b196028ba4e9-145340.jpg", "title": "Ripple to Explore IPO after SEC Lawsuit, CEO Discloses", "text": "Blockchain payments firm Ripple Labs Inc CEO Brad Garlinghouse disclosed the firm will consider moves to float its IPO after the suit is done with the United States Securities and Exchange Commission (SEC).", "source_name": "Blockchain News", "date": "Thu, 26 May 2022 09:55:18 -0400", "topics": ["regulations"], "sentiment": "Positive", "type": "Article", "tickers": ["XRP"]}, {"news_url": "https://cryptoticker.io/en/ethereum-price-might-crash-further/", "image_url": "https://crypto.snapi.dev/images/v1/q/u/massive-ethereum-upgradejpgw1024-143691-145263-145556.jpg", "title": "Ethereum Price is about to crash further if THIS happens!", "text": "Will Ethereum price crash down or will Ethereum rebound higher in the coming days? Let's analyze in this Ethereum price prediction.", "source_name": "CryptoTicker", "date": "Thu, 26 May 2022 09:53:35 -0400", "topics": [], "sentiment": "Negative", "type": "Article", "tickers": ["ETH"]}, {"news_url": "https://cointelegraph.com/news/tether-launches-stablecoin-pegged-to-pesos-on-ethereum-tron-and-polygon", "image_url": "https://crypto.snapi.dev/images/v1/y/y/840-ahr0chm6ly9zmy5jb2ludgvszwdyyxbolmnvbs91cgxvywrzlziwmjitmduvode0nza5mtitzthkzs00nzhjlthkmgutndi3nmq5nzaxztbjlmpwzw-145557.jpg", "title": "Tether launches stablecoin pegged to pesos on Ethereum, Tron and Polygon", "text": "The announcement highlighted that this may spark the launch of more peso-backed stablecoins within the region.", "source_name": "Cointelegraph", "date": "Thu, 26 May 2022 09:51:12 -0400", "topics": ["stablecoins"], "sentiment": "Positive", "type": "Article", "tickers": ["ETH", "MATIC", "TRX", "USDT"]}, {"news_url": "https://cryptopotato.com/over-370m-liquidated-in-a-day-as-bitcoin-price-slumps-to-28k/", "image_url": "https://crypto.snapi.dev/images/v1/r/c/bitcoinliquidations-145555.jpg", "title": "Over $370M Liquidated in a Day as Bitcoin Price Slumps to $28K", "text": "Bitcoin dumped to a 13-day low at $28,000. Most alternative coins plummeted even more in the past 24 hours.", "source_name": "CryptoPotato", "date": "Thu, 26 May 2022 09:51:00 -0400", "topics": [], "sentiment": "Negative", "type": "Article", "tickers": ["BTC"]}, {"news_url": "https://blockchain.news/news/jpmorgan-backs-bitcoin-to-rise-28-percent-saying-cryptos-are-preferred-alternative-asset", "image_url": "https://crypto.snapi.dev/images/v1/g/c/078e4b0a4c7a2d7bc3b14e76536975ef98807bc1fbb7af6b125074f06ed70062-145334.jpg", "title": "JPMorgan Backs Bitcoin to Rise 28%, Saying Cryptos are Preferred Alternative Asset", "text": "In its latest report, JPMorgan gives Bitcoin a higher valuation. The bank is also more bullish on cryptocurrencies than other traditional financial assets.", "source_name": "Blockchain News", "date": "Thu, 26 May 2022 09:50:31 -0400", "topics": [], "sentiment": "Positive", "type": "Article", "tickers": ["BTC"]}, {"news_url": "https://crypto-economy.com/jp-morgans-musings-with-bitcoin-from-antipathy-to-big-bets/", "image_url": "https://crypto.snapi.dev/images/v1/q/n/bitcoin-4481815-1280-1-e1653565514346-145599.jpg", "title": "JP Morgan's Musings With Bitcoin; From Antipathy to Big Bets", "text": "In the teeth of a bear market, JP Morgan, remains beamish on Bitcoin (BTC). The American investment banking giant believes that 'Bitcoin is massively...", "source_name": "Crypto Economy", "date": "Thu, 26 May 2022 09:48:56 -0400", "topics": [], "sentiment": "Positive", "type": "Article", "tickers": ["BTC"]}, {"news_url": "https://cryptopotato.com/bitcoin-falls-towards-28k-will-the-critical-support-hold-btc-price-analysis/", "image_url": "https://crypto.snapi.dev/images/v1/z/6/crypto-bitcoin-145343-145553.jpg", "title": "Bitcoin Falls Towards $28K, Will The Critical Support Hold? (BTC Price Analysis)", "text": "Bitcoin has remained around the critical support for more than two weeks despite all the fear and doubt in the market. It appears that investors are partially sitting on the sidelines in an attempt to find a directional change.", "source_name": "CryptoPotato", "date": "Thu, 26 May 2022 09:41:18 -0400", "topics": ["tanalysis"], "sentiment": "Negative", "type": "Article", "tickers": ["BTC"]}, {"news_url": "https://cryptodaily.co.uk/2022/05/bitcoin-has-not-established-itself-as-a-credible-institutional-investment-says-scott-minerd-cio-of-guggenheim", "image_url": "https://crypto.snapi.dev/images/v1/u/l/bit-13-145548.jpeg", "title": "Bitcoin has not established itself as a credible institutional investment says Scott Minerd, CIO of Guggenheim", "text": "Minerd, the CIO of Guggenheim, stated his view, while at Davos, that bitcoin and crypto were not credible investments, and that they were likely to be headed down a lot further. Scott Minerd is currently attending the World Economic Forum Annual Meeting at Davos, where he was interviewed by Bloomberg Television yesterday.", "source_name": "Crypto Daily", "date": "Thu, 26 May 2022 09:30:00 -0400", "topics": ["institutions"], "sentiment": "Negative", "type": "Article", "tickers": ["BTC"]}, {"news_url": "https://thecurrencyanalytics.com/bitcoin/here-is-why-bitcoin-btc-will-not-bleed-to-death-41448.php", "image_url": "https://crypto.snapi.dev/images/v1/9/t/here-is-why-bitcoin-btc-will-not-bleed-to-death-145544.jpg", "title": "Here is Why Bitcoin (BTC) Will not Bleed to Death", "text": "Catch up on the latest crypto market news at The Currency Analytics. The problem with Bitcoin is that it cannot be regulated.", "source_name": "The Currency Analytics", "date": "Thu, 26 May 2022 09:21:56 -0400", "topics": [], "sentiment": "Neutral", "type": "Article", "tickers": ["BTC"]}, {"news_url": "https://www.dcforecasts.com/bitcoin-news/portugals-parliament-rejects-bitcoin-tax-proposal-for-now/", "image_url": "https://crypto.snapi.dev/images/v1/s/a/crypto-taxation-development-scaled-1-1024x576-145540.jpeg", "title": "Portugal's Parliament Rejects Bitcoin Tax Proposal For Now", "text": "Portugal's Parliament rejects Bitcoin tax proposal for now and the decision came during a budget voting session on Wednesday so let's have a closer look at our latest Bitcoin news today. During the budget session, the left-wing parties Bloco de Esquerda and Livre proposed taxing digital asses but the idea was thrown out.", "source_name": "DCForecasts", "date": "Thu, 26 May 2022 09:10:57 -0400", "topics": ["taxes"], "sentiment": "Positive", "type": "Article", "tickers": ["BTC"]}, {"news_url": "https://coingape.com/?p=113550", "image_url": "https://crypto.snapi.dev/images/v1/x/k/ethereum-movies-145538.jpg", "title": "Breaking: Ethereum (ETH) Slumps 7% On Doubts Over Merge Stability", "text": "Ethereum (ETH) fell sharply on Thursday after a disruption in its proof-of-stake (PoS) plans cast doubts over the upcoming merge. ETH slumped over 7% in past few hours to as low as $1,811- its lowest level since March 2021.", "source_name": "Coingape", "date": "Thu, 26 May 2022 09:08:59 -0400", "topics": [], "sentiment": "Negative", "type": "Article", "tickers": ["ETH"]}, {"news_url": "https://www.trustnodes.com/2022/05/26/bitcoin-dips-on-futures-expiry", "image_url": "https://crypto.snapi.dev/images/v1/4/6/wall-street-1-145537.jpg", "title": "Bitcoin Dips on Futures Expiry", "text": "Bitcoin futures are expiring at CME, but rather than some downwards pressure, bitcoin is seemingly holding off.", "source_name": "Trustnodes", "date": "Thu, 26 May 2022 09:08:36 -0400", "topics": ["paywall", "futures"], "sentiment": "Negative", "type": "Article", "tickers": ["BTC"]}, {"news_url": "https://bitcoinmagazine.com/business/zebedee-moonpay-bring-instant-bitcoin-purchases-in-game", "image_url": "https://crypto.snapi.dev/images/v1/u/p/img-5298-145529.jpg", "title": "ZEBEDEE, MoonPay Bring Instant Bitcoin Purchases In-Game", "text": "Users can now buy and sell bitcoin while gaming through a partnership between gaming fintech ZEBEDEE and payments firm MoonPay.", "source_name": "Bitcoin Magazine", "date": "Thu, 26 May 2022 09:02:40 -0400", "topics": [], "sentiment": "Neutral", "type": "Article", "tickers": ["BTC"]}, {"news_url": "https://www.dcforecasts.com/ethereum-news/ethereum-drops-to-lowest-level-against-bitcoin-since-october-2021/", "image_url": "https://crypto.snapi.dev/images/v1/h/4/economist-h-dent-predicts-bitcoin-could-crash-to-3k-before-shooting-to-500k-in-next-global-boom-142736-143401-143900-144396-144899-145520.jpg", "title": "Ethereum Drops To Lowest Level Against Bitcoin Since October 2021", "text": "Ethereum drops to lowest level against Bitcoin since October 2021 and the value relative to that of BTC is dropping sharply so let's read more today in our latest Ethereum news. The altcoins are bleeding out as most of the market took a leg down in the past day and this caused bitcoin's dominance to [\u2026]", "source_name": "DCForecasts", "date": "Thu, 26 May 2022 09:00:35 -0400", "topics": [], "sentiment": "Negative", "type": "Article", "tickers": ["BTC", "ETH"]}, {"news_url": "https://www.coindesk.com/business/2022/05/26/metamask-has-a-plan-to-help-victims-of-crypto-scams/", "image_url": "https://crypto.snapi.dev/images/v1/0/p/f6kcitvfr5fo7dsnvadvd7hy3m-145539.jpg", "title": "The popular Ethereum wallet has partnered with recovery specialist Asset Reality.", "text": "MetaMask, the browser-based wallet for navigating the world of Web 3, can now help victims of crypto scams and phishing attacks recover their lost assets \u2013 or at least try to.", "source_name": "Coindesk", "date": "Thu, 26 May 2022 09:00:06 -0400", "topics": [], "sentiment": "Positive", "type": "Article", "tickers": ["ETH"]}, {"news_url": "https://news.bitcoin.com/bitcoin-ethereum-technical-analysis-eth-hits-2-week-low-following-move-below-1900/", "image_url": "https://crypto.snapi.dev/images/v1/4/h/shutterstock-1251778636-145521.jpg", "title": "Bitcoin, Ethereum Technical Analysis: ETH Hits 2-Week Low, Following Move Below $1,900", "text": "Ethereum slipped below $1,900 during Thursday's session, as prices dropped to a two-week low. Bitcoin was also trading lower over the course of the day, as it fell under $29,000. Overall, crypto was down over 3% as of writing. Bitcoin BTC fell below $29,000 earlier in today's session, as bearish pressure continued to intensify heading [\u2026]", "source_name": "Bitcoin", "date": "Thu, 26 May 2022 09:00:03 -0400", "topics": ["tanalysis"], "sentiment": "Negative", "type": "Article", "tickers": ["BTC", "ETH"]}, {"news_url": "https://beincrypto.com/jpmorgan-drops-real-estate-for-crypto-says-bitcoin-trading-at-30-discount/", "image_url": "https://crypto.snapi.dev/images/v1/z/k/bic-jpmorganjpgoptimal-145545.jpg", "title": "JPMorgan Drops Real Estate for Crypto; Says Bitcoin Trading at 30% Discount", "text": "Cryptocurrency assets \u2013 and hedge funds \u2013 have replaced real estate as the preferred asset classes, according to a group of strategists at U.S. investment bank JPMorgan Chase & Co. The post JPMorgan Drops Real Estate for Crypto; Says Bitcoin Trading at 30% Discount appeared first on BeInCrypto.", "source_name": "BeInCrypto", "date": "Thu, 26 May 2022 09:00:00 -0400", "topics": [], "sentiment": "Positive", "type": "Article", "tickers": ["BTC"]}, {"news_url": "https://coinpedia.org/altcoin/bitcoin-and-ethereum-continue-to-plunge-with-over-110m-cryptocurrency-liquidated/", "image_url": "https://crypto.snapi.dev/images/v1/z/i/20220525b3bf35d943b9aabb1-144879-145517.jpg", "title": "Bitcoin and Ethereum Continue To Plunge With Over $110m Cryptocurrency liquidated", "text": "Bitcoin and Ethereum had quite a pretty sedate week, while there is still some turbulence though the cryptocurrencies have failed to break through their own individual resistivity. Bitcoin's value was hindered at $30k, whereas Ethereum remained racing over $1,800. According to statistics released by Coinglass, a wave of liquidations swept through various crypto exchanges as \u2026", "source_name": "CoinPedia", "date": "Thu, 26 May 2022 08:58:45 -0400", "topics": [], "sentiment": "Negative", "type": "Article", "tickers": ["BTC", "ETH"]}, {"news_url": "https://insidebitcoins.com/news/5-best-cryptos-to-buy-for-high-staking-returns-may-2022", "image_url": "https://crypto.snapi.dev/images/v1/5/-/5-best-crypto-platforms-for-staking-top-coins-may-145530.png", "title": "5 Best Cryptos to Buy for High Staking Returns May 2022", "text": "The crypto market has been on a downtrend in the last few weeks, opening up opportunities to earn higher profits. Staking crypto assets is a [.", "source_name": "Inside Bitcoins", "date": "Thu, 26 May 2022 08:54:50 -0400", "topics": [], "sentiment": "Positive", "type": "Article", "tickers": ["ATOM", "FTM", "LBLOCK", "MATIC", "SOL"]}, {"news_url": "https://cointelegraph.com/news/cathie-wood-s-ark-and-21shares-refile-for-spot-bitcoin-etf", "image_url": "https://crypto.snapi.dev/images/v1/q/r/840-ahr0chm6ly9zmy5jb2ludgvszwdyyxbolmnvbs91cgxvywrzlziwmjitmduvnzmwowm4njqtzdm2ms00ndmxltllnzytmtm0yzc1mmrmzjiwlmpwzw-145516.jpg", "title": "Cathie Wood's Ark and 21Shares refile for spot Bitcoin ETF", "text": "The U.S. SEC rejected the application for the ARK 21Shares Bitcoin ETF in early April and has not approved a spot Bitcoin ETF so far.", "source_name": "Cointelegraph", "date": "Thu, 26 May 2022 08:52:59 -0400", "topics": [], "sentiment": "Positive", "type": "Article", "tickers": ["BTC"]}, {"news_url": "https://u.today/ethereums-weekly-time-frame-signals-incoming-eth-price-bounce?SNAPI", "image_url": "https://crypto.snapi.dev/images/v1/l/q/20093-145513.jpg", "title": "Ethereum's Weekly Time Frame Signals Incoming ETH Price Bounce", "text": "Ethereum (ETH) fell below MA 50 on its weekly chart", "source_name": "UToday", "date": "Thu, 26 May 2022 08:47:00 -0400", "topics": [], "sentiment": "Positive", "type": "Article", "tickers": ["ETH"]}, {"news_url": "https://finbold.com/xrp-whales-are-accumulating-as-their-total-supply-hits-a-2-month-high/?SNAPI", "image_url": "https://crypto.snapi.dev/images/v1/k/w/xrp-whales-are-accumulating-as-their-total-supply-hits-a-2-month-high-145511.jpg", "title": "XRP whales are accumulating as their total supply hits a 2-month high", "text": "The recent ups and downs in the cryptocurrency market, alternating between bearish and bullish runs, are leaving many to wonder.", "source_name": "Finbold", "date": "Thu, 26 May 2022 08:45:25 -0400", "topics": ["whales"], "sentiment": "Positive", "type": "Article", "tickers": ["XRP"]}, {"news_url": "https://coingape.com/?p=113538", "image_url": "https://crypto.snapi.dev/images/v1/i/f/bitcoin-etf1-145508.jpg", "title": "Just-In: Cathie Wood's Ark Tries Again For A Spot Bitcoin ETF", "text": "Ark Investment and 21Shares have again filed with the U.S. SEC for listing a spot Bitcoin ETF under Cboe BZX Exchange. After the SEC rejected the ARK 21Shares Bitcoin ETF in early April, the companies have now filed application under the BZX Rule 14.11(e)(4), Commodity-Based Trust Shares.", "source_name": "Coingape", "date": "Thu, 26 May 2022 08:35:47 -0400", "topics": [], "sentiment": "Positive", "type": "Article", "tickers": ["BTC"]}, {"news_url": "https://coinpedia.org/bitcoin/bitcoin-btc-price-to-record-an-18-month-low-by-may-end/", "image_url": "https://crypto.snapi.dev/images/v1/k/l/20220525b3bf35d943b9aabb1-144879-145502.jpg", "title": "Bitcoin(BTC) Price To Record an 18-Month Low by May-End, Whales Heavily Re-Distribute 30,000 BTC. What's Next?", "text": "Bitcoin price continues to hover within the restricted resistance and support levels, indicating a continuation of a decisive phase ahead. However, the decisive phase may not end in a breakout as multiple factors point toward a steep plunge. The BTC price appears to drop by more than 25% yet again to reach out the levels \u2026", "source_name": "CoinPedia", "date": "Thu, 26 May 2022 08:19:22 -0400", "topics": ["whales"], "sentiment": "Negative", "type": "Article", "tickers": ["BTC"]}], "total_pages": 44}