,Date,Open,High,Low,Close,Volume,Market Cap
0,2022-09-18,1.15465438439e-09,1.15582705701e-09,1.08754199528e-09,1.09425794041e-09,58.5,0
1,2022-09-17,1.1308487221e-09,1.15707106479e-09,1.1308487221e-09,1.15444133688e-09,8.64,0
2,2022-09-16,1.11886826969e-09,1.14336107017e-09,1.11048941387e-09,1.13178865399e-09,52.88,0
3,2022-09-15,1.15283698617e-09,1.15857654715e-09,1.10246157658e-09,1.11570736313e-09,7.73,0
4,2022-09-14,1.14780142028e-09,1.1652532924e-09,1.13294188426e-09,1.15302817599e-09,123.02,0
5,2022-09-13,1.20894093485e-09,1.22524203349e-09,1.14406362514e-09,1.15007335809e-09,386.46,0
6,2022-09-12,1.22378442306e-09,1.23737436359e-09,1.20346981365e-09,1.20915212363e-09,376.4,0
7,2022-09-11,1.22883001381e-09,1.22936157967e-09,1.20951969184e-09,1.22365017862e-09,240.89,0
8,2022-09-10,1.23874785106e-09,1.25401482704e-09,1.20999924481e-09,1.22906471472e-09,1262.03,0
9,2022-09-09,1.18512010693e-09,1.24746057877e-09,1.18488156192e-09,1.23867045719e-09,45.14,0
10,2022-09-08,1.17648687947e-09,1.19084428706e-09,1.16696278507e-09,1.18423569127e-09,77.77,0
11,2022-09-07,1.11594110357e-09,1.18172374855e-09,1.09859776661e-09,1.17666562627e-09,59.58,0
12,2022-09-06,1.17837412271e-09,1.21461084433e-09,1.11572408958e-09,1.11589154751e-09,323.22,0
13,2022-09-05,1.18444307079e-09,1.19419087743e-09,1.16529129948e-09,1.17838486356e-09,2.57,0
14,2022-09-04,1.18177667521e-09,1.19156517151e-09,1.17431450302e-09,1.18413685391e-09,34.95,0
15,2022-09-03,1.19512062871e-09,1.19815082892e-09,1.17712127822e-09,1.1817155245e-09,750.22,0
16,2022-09-02,1.19874565624e-09,1.21856060336e-09,1.18314643774e-09,1.19523762637e-09,30.61,0
17,2022-09-01,1.20988957835e-09,1.21404557391e-09,1.16986713711e-09,1.19882286321e-09,375.72,0
18,2022-08-31,1.23416630228e-09,1.26739756363e-09,1.20866535352e-09,1.20979177404e-09,477.73,0
19,2022-08-30,1.2430183616e-09,1.25518683151e-09,1.21303772079e-09,1.23340855772e-09,165.2,0
20,2022-08-29,1.21303271397e-09,1.25660130416e-09,1.19982416621e-09,1.24290015846e-09,0.0,0
21,2022-08-28,1.22414727018e-09,1.2484253173e-09,1.21404859439e-09,1.21404859439e-09,184.53,0
22,2022-08-27,1.232737313e-09,1.25305038291e-09,1.21188787457e-09,1.22424205987e-09,107.71,0
23,2022-08-26,1.33173036971e-09,1.33174614966e-09,1.22771014649e-09,1.23264283069e-09,28.47,0
24,2022-08-25,1.31594860528e-09,1.35474545206e-09,1.31551588098e-09,1.33197851824e-09,235.25,0
25,2022-08-24,1.32783352345e-09,1.330376312e-09,1.30411886484e-09,1.31598693111e-09,37.8,0
26,2022-08-23,1.33719834605e-09,1.33937313019e-09,1.31113000865e-09,1.3276868218e-09,197.27,0
27,2022-08-22,1.3469328815e-09,1.35480692012e-09,1.29060833548e-09,1.33732868458e-09,81.77,0
28,2022-08-21,1.2605495018e-09,1.35224142126e-09,1.26052445567e-09,1.34700676024e-09,100.07,0
29,2022-08-20,1.24273839366e-09,1.28466998063e-09,1.2378827379e-09,1.26055086879e-09,21.82,0
30,2022-08-19,1.3312037478e-09,1.3312037478e-09,1.24045961178e-09,1.24270693733e-09,133.22,0
31,2022-08-18,1.37039198397e-09,1.3858644919e-09,1.3237968971e-09,1.33145808776e-09,190.5,0
32,2022-08-17,1.42339690022e-09,1.4543958136e-09,1.36713711879e-09,1.37026968994e-09,406.79,0
33,2022-08-16,1.44488524638e-09,1.45428873905e-09,1.41100550436e-09,1.42341704235e-09,266.42,0
34,2022-08-15,1.43732486033e-09,1.47644730539e-09,1.42391556818e-09,1.44490055672e-09,34.73,0
35,2022-08-14,1.46070812944e-09,1.49198945426e-09,1.43059342238e-09,1.43715498762e-09,338.89,0
36,2022-08-13,1.47799725265e-09,1.50042789845e-09,1.45931381867e-09,1.46066344068e-09,187.38,0
37,2022-08-12,1.46335195277e-09,1.47828013927e-09,1.44059486505e-09,1.47760116854e-09,385.43,0
38,2022-08-11,1.47554565864e-09,1.50285353724e-09,1.46057831337e-09,1.46334869807e-09,403.34,0
39,2022-08-10,1.462735906e-09,1.51111706968e-09,1.41464512065e-09,1.4755648546e-09,35.62,0
40,2022-08-09,1.46341009985e-09,1.47176021148e-09,1.40788059489e-09,1.46308929485e-09,137.99,0
41,2022-08-08,1.45826748767e-09,1.49985147029e-09,1.45318244804e-09,1.46291993714e-09,147.78,0
42,2022-08-07,1.43697865779e-09,1.46634117586e-09,1.40369782601e-09,1.45816833844e-09,595.33,0
43,2022-08-06,1.44462650468e-09,1.47424028748e-09,1.43556826615e-09,1.43691699753e-09,302.28,0
44,2022-08-05,1.42698724969e-09,1.46916469474e-09,1.41752522221e-09,1.44344369023e-09,120.21,0
45,2022-08-04,1.36245504963e-09,1.43334522129e-09,1.36161251794e-09,1.42654908823e-09,226.86,0
46,2022-08-03,1.28457959643e-09,1.39773121154e-09,1.28457959643e-09,1.36259203689e-09,241.06,0
47,2022-08-02,1.29504725646e-09,1.29971675683e-09,1.26296012256e-09,1.28457959643e-09,0.0,0
48,2022-08-01,1.30636708492e-09,1.33386128068e-09,1.26765817102e-09,1.29504725646e-09,1487.06,0
49,2022-07-31,1.31059642943e-09,1.35414831377e-09,1.29940331839e-09,1.30636708492e-09,4243.63,0
50,2022-07-30,1.33415756749e-09,1.36571998168e-09,1.29780480482e-09,1.31059644376e-09,9367.55,0
51,2022-07-29,1.26880528886e-09,1.37222605787e-09,1.25555058447e-09,1.33415756749e-09,1965.06,0
52,2022-07-28,1.22922190447e-09,1.28078923195e-09,1.19713669003e-09,1.26880528886e-09,1761.37,0
53,2022-07-27,1.13093711672e-09,1.22922190447e-09,1.1133594134e-09,1.22922190447e-09,1637.94,0
54,2022-07-26,1.10181357417e-09,1.13093711672e-09,1.08713215667e-09,1.13093711672e-09,1952.08,0
55,2022-07-25,1.19698918771e-09,1.19733904916e-09,1.1018146334e-09,1.1018210338e-09,2169.52,0
56,2022-07-24,1.17968275375e-09,1.23108013785e-09,1.16894126667e-09,1.19698918771e-09,2289.69,0
57,2022-07-23,1.19371447456e-09,1.23681803336e-09,1.15827469686e-09,1.17968275375e-09,1485.67,0
58,2022-07-22,1.20909504456e-09,1.24233570463e-09,1.1901045015e-09,1.19371447456e-09,1967.07,0
59,2022-07-21,1.18346725164e-09,1.21578711909e-09,1.14542104488e-09,1.20816428507e-09,987.69,0
60,2022-07-20,1.23694204828e-09,1.25155352252e-09,1.17253225034e-09,1.18346725164e-09,1186.0,0
61,2022-07-19,1.17643802663e-09,1.24856255571e-09,1.15367038912e-09,1.23694204828e-09,2046.64,0
62,2022-07-18,1.10750604766e-09,1.17968050284e-09,1.10750563375e-09,1.17643802663e-09,1015.5,0
63,2022-07-17,1.12737265107e-09,1.15783858547e-09,1.10627020097e-09,1.10750604766e-09,519.04,0
64,2022-07-16,1.06737485359e-09,1.13069237318e-09,1.04946125366e-09,1.12737265107e-09,685.29,0
65,2022-07-15,1.07202815312e-09,1.08632993443e-09,1.05851007199e-09,1.06737485359e-09,649.22,0
66,2022-07-14,1.0311148545e-09,1.08186725171e-09,1.0244243644e-09,1.07202815312e-09,1105.34,0
67,2022-07-13,9.9812303226e-10,1.04181427333e-09,9.748474041e-10,1.03111495037e-09,2406.61,0
68,2022-07-12,1.03527621081e-09,1.04068081556e-09,9.9812303226e-10,9.9812303226e-10,633.03,0
69,2022-07-11,1.07435210623e-09,1.07686858634e-09,1.03332816559e-09,1.03527621081e-09,760.1,0
70,2022-07-10,1.12718332759e-09,1.13279359801e-09,1.0566658242e-09,1.07435210623e-09,858.41,0
71,2022-07-09,1.12867770097e-09,1.13828706739e-09,1.11600390842e-09,1.12718332759e-09,1949.84,0
72,2022-07-08,1.13876191199e-09,1.1627775395e-09,1.09973494183e-09,1.12867770097e-09,4216.13,0
73,2022-07-07,1.13892322162e-09,1.16195257034e-09,1.11237816393e-09,1.13876191199e-09,2214.29,0
74,2022-07-06,1.09193142071e-09,1.14346883163e-09,1.08651691171e-09,1.13892322162e-09,1862.57,0
75,2022-07-05,1.10590767756e-09,1.1189975188e-09,1.05778259864e-09,1.09220951036e-09,1185.81,0
76,2022-07-04,1.04664012368e-09,1.10905638972e-09,1.01991075008e-09,1.10590767756e-09,855.74,0
77,2022-07-03,1.0326080232e-09,1.05416185042e-09,1.01690465278e-09,1.04664012368e-09,882.85,0
78,2022-07-02,1.0282226633e-09,1.04549468809e-09,1.0082444603e-09,1.0326080232e-09,1001.38,0
79,2022-07-01,1.03213561132e-09,1.06167065495e-09,1.01212856278e-09,1.0282226633e-09,429.19,0
80,2022-06-30,1.02660106141e-09,1.03861198194e-09,9.6437149665e-10,1.03213561132e-09,4084.78,0
81,2022-06-29,1.06909507881e-09,1.08455372311e-09,1.01179790159e-09,1.02660106141e-09,799.74,0
82,2022-06-28,1.10134617349e-09,1.13977270556e-09,1.06447857653e-09,1.06909507881e-09,539.73,0
83,2022-06-27,1.10209166686e-09,1.146065379e-09,1.08570768093e-09,1.10134617349e-09,1040.85,0
84,2022-06-26,1.13404251333e-09,1.68208832171e-09,1.10209166686e-09,1.10209166686e-09,1085.99,0
85,2022-06-25,1.13720615339e-09,1.32234358474e-09,1.09353954396e-09,1.13404251333e-09,2828.95,0
86,2022-06-24,1.09212792183e-09,1.16301920633e-09,1.081604952e-09,1.13720615339e-09,4411.02,0
87,2022-06-23,1.04091943308e-09,1.10422525825e-09,1.03763887467e-09,1.09212792183e-09,1721.83,0
88,2022-06-22,1.06175000928e-09,1.06702785948e-09,1.0168509169e-09,1.04091943308e-09,586.71,0
89,2022-06-21,1.03831260511e-09,1.10054677582e-09,1.03021849388e-09,1.06175000928e-09,2731.28,0
90,2022-06-20,1.03123731869e-09,1.04801291285e-09,9.7673800212e-10,1.03831260511e-09,1304.58,0
91,2022-06-19,9.3378737599e-10,1.03842716865e-09,9.1075740248e-10,1.03123731869e-09,2126.77,0
92,2022-06-18,1.04524007972e-09,1.06160919232e-09,8.7551673312e-10,9.3378737599e-10,1361.07,0
93,2022-06-17,1.01129144365e-09,1.07414301339e-09,1.00042407682e-09,1.04524007972e-09,3351.34,0
94,2022-06-16,1.12351049556e-09,1.14464036589e-09,1.0014425358e-09,1.01129747828e-09,2272.28,0
95,2022-06-15,1.08065170454e-09,1.12966387561e-09,9.6241436147e-10,1.12351049556e-09,1000.07,0
96,2022-06-14,1.07188835284e-09,1.10544055583e-09,9.8963242222e-10,1.08065170454e-09,3859.24,0
97,2022-06-13,1.26640651524e-09,1.26913874286e-09,1.05768237151e-09,1.07188835284e-09,7055.71,0
98,2022-06-12,1.36949445027e-09,1.38440930973e-09,1.25226706761e-09,1.26640651524e-09,4338.77,0
99,2022-06-11,1.42295530408e-09,1.44852837282e-09,1.31305612421e-09,1.36949439973e-09,21292.69,0
100,2022-06-10,1.50543628717e-09,1.52318844906e-09,1.39636790147e-09,1.42295530408e-09,7093.99,0
101,2022-06-09,1.52401810188e-09,1.54890650322e-09,1.49190291392e-09,1.50543628717e-09,6208.94,0
102,2022-06-08,1.47406803975e-09,1.53484624221e-09,1.44468130074e-09,1.52401181851e-09,7513.27,0
103,2022-06-07,1.56982511043e-09,1.57677887191e-09,1.39645582884e-09,1.47406803975e-09,6017.34,0
104,2022-06-06,1.59188789675e-09,1.67436428032e-09,1.55865738433e-09,1.56982583615e-09,5240.81,0
105,2022-06-05,1.59437978049e-09,1.6229799084e-09,1.56812746733e-09,1.59188789675e-09,6989.93,0
106,2022-06-04,1.68326385369e-09,1.69064022027e-09,1.59040927802e-09,1.59437978049e-09,8383.98,0
107,2022-06-03,1.79481948491e-09,1.82596635552e-09,1.66016074731e-09,1.68326385369e-09,7177.03,0
108,2022-06-02,1.776735316e-09,1.80297955821e-09,1.74337172597e-09,1.79481948491e-09,4987.36,0
109,2022-06-01,1.89643368064e-09,1.913364175e-09,1.74948161904e-09,1.776735316e-09,13971.83,0
110,2022-05-31,1.72920002234e-09,1.90665030475e-09,1.6934651505e-09,1.89643368064e-09,18683.05,0
111,2022-05-30,1.73305427473e-09,1.76436734001e-09,1.65934865737e-09,1.72920002234e-09,12324.4,0
112,2022-05-29,1.69935256727e-09,1.75029957169e-09,1.63041676768e-09,1.73305425372e-09,26151.08,0
113,2022-05-28,1.54108622179e-09,1.70390677723e-09,1.51568118735e-09,1.69935256727e-09,34429.07,0
114,2022-05-27,1.49173193139e-09,1.54843806755e-09,1.4640008755e-09,1.51945316748e-09,30449.56,0
115,2022-05-26,1.59130974507e-09,1.61749441899e-09,1.45434880514e-09,1.49173193139e-09,31684.3,0
116,2022-05-25,1.53890933872e-09,1.62632145429e-09,1.53860262346e-09,1.59130974507e-09,36162.45,0
117,2022-05-24,1.54125322875e-09,1.60215390557e-09,1.52142870797e-09,1.53890933872e-09,47689.01,0
118,2022-05-23,1.56568487979e-09,1.6385724783e-09,1.53756107581e-09,1.54125412375e-09,42953.3,0
119,2022-05-22,1.53984870727e-09,1.58339958135e-09,1.53247234841e-09,1.56568487979e-09,63935.22,0
120,2022-05-21,1.55463907316e-09,1.81958994698e-09,1.53703906803e-09,1.53984870727e-09,109580.98,0
121,2022-05-20,1.59537424098e-09,1.62668356066e-09,1.50812055741e-09,1.55463907316e-09,87804.66,0
122,2022-05-19,1.66666966824e-09,2.13411687954e-09,1.50789432796e-09,1.59537424098e-09,124758.09,0
123,2022-05-18,1.05796751227e-09,1.72789688716e-09,1.02333885967e-09,1.66666556599e-09,79784.92,0
124,2022-05-17,1.03072931464e-09,1.08931106084e-09,1.02367807279e-09,1.05796751227e-09,64977.36,0
125,2022-05-16,1.08001905215e-09,1.08587756087e-09,1.00917584797e-09,1.03072601502e-09,54398.31,0
126,2022-05-15,1.03441723735e-09,1.08770172719e-09,9.2100693296e-10,1.08001905215e-09,54673.45,0
127,2022-05-14,1.06678458894e-09,1.09708819787e-09,9.8184691434e-10,1.03441947797e-09,64838.45,0
128,2022-05-13,1.0788605721e-09,1.21565312788e-09,1.0534022557e-09,1.06678458894e-09,95499.11,0
129,2022-05-12,1.09798671901e-09,1.13686521298e-09,8.8546118074e-10,1.0788605721e-09,67963.31,0
130,2022-05-11,1.33725895113e-09,1.34282369389e-09,1.08761160214e-09,1.09798671901e-09,94950.6,0
131,2022-05-10,1.20132254897e-09,1.37178155126e-09,1.14806020514e-09,1.33725895113e-09,121697.06,0
132,2022-05-09,4.4075922719e-09,6.27925852167e-09,1.19613701786e-09,1.20165338124e-09,177777.89,0
133,2022-05-08,2.71304077683e-09,5.75798750545e-09,2.71304077683e-09,4.40704427927e-09,265252.17,0
134,2022-05-07,2.81252863053e-09,4.0371024874e-09,2.39349545366e-09,2.71271437337e-09,191084.79,0
135,2022-05-06,1.24343782499e-09,1.1039869953188e-07,1.21971743426e-09,2.81269347319e-09,183245.82,0
136,2022-05-05,1.53703066533e-09,1.58301778253e-09,1.22236781514e-09,1.24343782499e-09,13873.93,0
137,2022-05-04,1.53182706626e-09,1.5602663505e-09,1.49469104868e-09,1.53703066533e-09,11084.71,0
138,2022-05-03,1.70784585303e-09,1.73056627195e-09,1.52868728186e-09,1.53182706626e-09,8243.0,0
139,2022-05-02,1.72483408239e-09,1.75689758401e-09,1.68714192132e-09,1.70784585303e-09,1762.74,0
140,2022-05-01,1.70359530084e-09,1.75488613045e-09,1.69158414544e-09,1.72483408239e-09,1283.09,0
141,2022-04-30,1.74662157259e-09,1.8034177548e-09,1.69935772492e-09,1.70359530084e-09,5310.52,0
142,2022-04-29,1.83814881118e-09,1.85456745974e-09,1.6890901444e-09,1.74662157259e-09,6242.39,0
143,2022-04-28,1.79340711399e-09,1.85168791944e-09,1.78083758793e-09,1.83814881118e-09,8283.64,0
144,2022-04-27,1.84255431605e-09,1.85044710578e-09,1.77547441064e-09,1.79340711399e-09,8156.96,0
145,2022-04-26,1.97626609233e-09,1.99560774526e-09,1.80589638889e-09,1.84255431605e-09,6617.39,0
146,2022-04-25,1.96455384814e-09,2.09454276802e-09,1.84992589561e-09,1.97626609233e-09,9988.56,0
147,2022-04-24,1.92905120593e-09,1.99315877145e-09,1.92905120593e-09,1.96455384814e-09,9486.87,0
148,2022-04-23,1.89621917316e-09,1.96651711496e-09,1.87653909762e-09,1.92905158384e-09,9040.16,0
149,2022-04-22,1.90152918733e-09,1.99962766878e-09,1.89125720094e-09,1.89621679133e-09,10737.03,0
150,2022-04-21,1.90622354441e-09,2.04448611602e-09,1.88126829392e-09,1.90152918733e-09,19550.76,0
151,2022-04-20,1.90034522778e-09,2.07007006695e-09,1.88967540307e-09,1.90622354441e-09,16461.87,0
152,2022-04-19,1.92952544987e-09,1.96117142301e-09,1.88540394845e-09,1.90034522778e-09,7530.8,0
153,2022-04-18,1.87488484653e-09,1.93501576511e-09,1.83990177045e-09,1.92952544987e-09,9720.88,0
154,2022-04-17,1.97908085812e-09,2.10013995341e-09,1.8724383544e-09,1.87488484653e-09,5397.5,0
155,2022-04-16,1.96283070564e-09,2.00284037294e-09,1.94764618991e-09,1.97908085812e-09,1853.45,0
156,2022-04-15,1.99331526421e-09,2.10683058584e-09,1.96065372981e-09,1.96283070564e-09,1680.01,0
157,2022-04-14,2.04516223026e-09,2.16203198551e-09,1.96475680836e-09,1.99331526421e-09,1144.24,0
158,2022-04-13,1.98467036992e-09,2.16541673874e-09,1.96785046177e-09,2.04516223026e-09,3897.0,0
159,2022-04-12,1.93072959449e-09,1.98713484129e-09,1.81522840314e-09,1.98467036992e-09,10935.67,0
160,2022-04-11,2.13293926211e-09,2.13655666881e-09,1.81529690717e-09,1.93072959446e-09,7954.2,0
161,2022-04-10,2.15437580702e-09,2.18425023563e-09,2.12339886555e-09,2.13293926211e-09,1220.48,0
162,2022-04-09,2.1403539879e-09,2.1872115388e-09,2.13764883816e-09,2.15437580702e-09,1740.53,0
163,2022-04-08,2.19854423387e-09,2.24249304341e-09,2.13080346324e-09,2.14035558137e-09,3588.49,0
164,2022-04-07,2.11270547421e-09,2.2134621997e-09,2.09663280035e-09,2.19854423387e-09,7798.53,0
165,2022-04-06,2.1815777675e-09,2.18567531195e-09,2.09542420186e-09,2.11270547421e-09,24501.99,0
166,2022-04-05,2.64263450192e-09,2.75297907949e-09,2.13753900879e-09,2.1815777675e-09,21603.21,0
167,2022-04-04,2.68014692171e-09,2.69957024938e-09,1.02716410289e-09,2.64263450192e-09,5145.96,0
168,2022-04-03,2.5740300152e-09,2.74245023694e-09,2.53238421124e-09,2.68014692171e-09,8017.34,0
169,2022-04-02,2.55041105581e-09,2.65084186483e-09,2.54856899944e-09,2.57402102447e-09,4659.88,0
170,2022-04-01,2.50267851822e-09,2.56448775948e-09,2.39425876133e-09,2.55041105581e-09,3729.17,0
171,2022-03-31,2.60924727308e-09,2.67174289837e-09,2.48546246817e-09,2.50267851822e-09,3101.19,0
172,2022-03-30,2.54933356644e-09,2.65893980845e-09,2.50947460444e-09,2.60924727308e-09,6434.4,0
173,2022-03-29,2.52829956517e-09,2.62022936101e-09,2.52829956517e-09,2.54933356644e-09,10561.04,0
174,2022-03-28,2.45758150325e-09,2.56070749466e-09,2.43657221486e-09,2.52829959523e-09,15395.55,0
175,2022-03-27,2.4930434147e-09,2.54933467425e-09,2.40967507182e-09,2.45758150325e-09,14572.63,0
176,2022-03-26,2.50272164971e-09,2.54900302892e-09,2.46451906264e-09,2.4930434147e-09,6371.61,0
177,2022-03-25,2.59731293048e-09,2.63908247962e-09,2.50271600288e-09,2.50272164971e-09,5172.15,0
178,2022-03-24,2.64171233169e-09,2.66003498166e-09,2.5471360081e-09,2.59731293048e-09,11937.56,0
179,2022-03-23,2.91713372558e-09,2.93269974626e-09,2.61824735582e-09,2.64171233169e-09,10715.8,0
180,2022-03-22,2.84862546326e-09,2.94625283051e-09,2.84293839743e-09,2.91713372558e-09,5069.28,0
181,2022-03-21,2.77508022545e-09,2.88126058843e-09,2.71959712565e-09,2.84862546326e-09,6528.47,0
182,2022-03-20,2.88266629784e-09,2.90984334424e-09,2.7480082465e-09,2.77508022545e-09,11054.4,0
183,2022-03-19,2.95887216854e-09,2.98721209121e-09,2.81650920132e-09,2.88266629784e-09,9291.08,0
184,2022-03-18,2.93661594178e-09,2.99710193603e-09,2.85877440725e-09,2.95887216854e-09,6204.51,0
185,2022-03-17,2.8384708472e-09,3.03627140788e-09,2.81526896108e-09,2.93661594178e-09,7616.67,0
186,2022-03-16,2.74519370901e-09,2.84382273432e-09,2.68242310799e-09,2.8384708472e-09,4549.82,0
187,2022-03-15,2.78375178149e-09,2.80470394648e-09,2.70852872257e-09,2.74519370901e-09,3606.33,0
188,2022-03-14,2.66752296525e-09,2.80134271509e-09,2.66752296525e-09,2.78375178149e-09,2880.84,0
189,2022-03-13,2.77746365917e-09,2.81582755263e-09,2.66752296525e-09,2.66752296525e-09,2177.0,0
190,2022-03-12,2.78461831872e-09,2.84077463904e-09,2.76807256467e-09,2.77746365917e-09,1805.37,0
191,2022-03-11,2.77170014382e-09,2.84451918916e-09,2.74021709957e-09,2.78461831872e-09,2152.47,0
192,2022-03-10,2.99694734377e-09,3.00741405751e-09,2.74173597932e-09,2.77170014382e-09,7401.08,0
193,2022-03-09,2.78405566128e-09,3.05434921728e-09,2.77750825472e-09,2.99694734377e-09,9453.3,0
194,2022-03-08,2.76905368907e-09,2.86856465752e-09,2.75088863808e-09,2.78405566128e-09,5709.86,0
195,2022-03-07,2.80600234114e-09,2.8466702788e-09,2.65394676902e-09,2.76905368907e-09,6828.78,0
196,2022-03-06,2.88320119809e-09,2.92458564355e-09,2.7686151675e-09,2.80600234114e-09,11621.8,0
197,2022-03-05,2.98987955081e-09,2.98987955081e-09,2.80586988332e-09,2.88320119809e-09,15898.53,0
198,2022-03-04,3.24721662725e-09,3.25493075701e-09,2.94350975016e-09,2.98987955081e-09,8702.49,0
199,2022-03-03,3.30735557737e-09,3.35966101961e-09,3.21324237343e-09,3.24721662725e-09,1982.64,0
200,2022-03-02,3.28983177186e-09,3.37538055777e-09,3.26240212693e-09,3.30735557737e-09,12156.74,0
201,2022-03-01,3.15914886936e-09,3.36734993488e-09,3.10133506258e-09,3.28983177186e-09,15846.16,0
202,2022-02-28,2.88940248606e-09,3.17408510614e-09,2.85906440029e-09,3.15914886936e-09,12132.53,0
203,2022-02-27,3.09361248736e-09,3.19539253906e-09,2.88175132006e-09,2.88940248606e-09,14558.85,0
204,2022-02-26,2.98680922319e-09,3.22939235647e-09,2.98679580909e-09,3.09361248736e-09,15619.32,0
205,2022-02-25,2.63880327148e-09,3.00724770491e-09,2.63362457591e-09,2.98680922319e-09,19970.52,0
206,2022-02-24,2.87059145636e-09,2.87412897425e-09,2.35241659012e-09,2.63880327148e-09,33884.75,0
207,2022-02-23,3.55114211293e-09,3.57198836208e-09,2.79165258333e-09,2.87059145636e-09,25505.71,0
208,2022-02-22,3.44869546825e-09,3.55114211293e-09,3.3284145712e-09,3.55114211293e-09,8027.63,0
209,2022-02-21,3.80385318237e-09,3.94888828171e-09,3.43518162041e-09,3.44869546825e-09,7398.15,0
210,2022-02-20,3.94030083897e-09,3.94032035492e-09,3.73034107571e-09,3.80385318237e-09,12231.29,0
211,2022-02-19,4.2042060853e-09,4.31829971575e-09,3.89922621587e-09,3.94030083897e-09,15578.59,0
212,2022-02-18,4.42963923515e-09,4.45720829587e-09,4.16548580129e-09,4.2042060853e-09,13977.71,0
213,2022-02-17,4.77964157196e-09,4.83410583469e-09,4.42963923147e-09,4.42963923515e-09,17012.64,0
214,2022-02-16,4.98173340753e-09,5.03534610454e-09,4.66532421068e-09,4.77964157196e-09,9709.18,0
215,2022-02-15,4.65235471615e-09,7.71580884336e-09,4.65235471615e-09,4.98173340753e-09,25850.56,0
216,2022-02-14,4.7118279414e-09,4.75888818804e-09,4.38284559489e-09,4.65235471615e-09,13856.62,0
217,2022-02-13,4.81165845276e-09,4.8967099813e-09,4.69292503944e-09,4.7118279414e-09,6875.78,0
218,2022-02-12,4.94183731119e-09,4.99488145732e-09,4.77044544816e-09,4.81165845276e-09,7430.18,0
219,2022-02-11,5.10668049905e-09,5.21915778861e-09,4.87018430683e-09,4.94183731119e-09,16695.57,0
220,2022-02-10,5.64158673707e-09,5.82177838537e-09,5.09628513051e-09,5.10668049905e-09,30941.52,0
221,2022-02-09,5.10906546029e-09,5.70551325968e-09,5.01368657288e-09,5.64158673707e-09,22807.85,0
222,2022-02-08,5.47874976918e-09,5.66901406675e-09,3.2110346e-13,5.10906546029e-09,23199.83,0
223,2022-02-07,4.83484063192e-09,5.58869621683e-09,4.83484063192e-09,5.47874976918e-09,37819.17,0
224,2022-02-06,4.45188373767e-09,6.3704023544e-09,4.31522550173e-09,4.83484063192e-09,25206.18,0
225,2022-02-05,4.15135193591e-09,4.58303659487e-09,2.11546e-15,4.45188373767e-09,16724.22,0
226,2022-02-04,3.58396645259e-09,4.15135193591e-09,3.55724402738e-09,4.15135193591e-09,22563.96,0
227,2022-02-03,3.61170835254e-09,3.65377492364e-09,3.34926764254e-09,3.58396645259e-09,16467.66,0
228,2022-02-02,3.80216067945e-09,4.4345705985e-09,3.53539860002e-09,3.61170835254e-09,11976.21,0
229,2022-02-01,3.59269312796e-09,3.90262977619e-09,3.58387152884e-09,3.80216067945e-09,70531.75,0
230,2022-01-31,4.30043007065e-09,4.47673663054e-09,3.23482067978e-09,3.59269312796e-09,69647.77,0
231,2022-01-30,4.54462355964e-09,4.56771957782e-09,4.28638110534e-09,4.30043007065e-09,15079.17,0
232,2022-01-29,4.42856029064e-09,4.95521757507e-09,4.41900798053e-09,4.54462355964e-09,27760.14,0
233,2022-01-28,4.88457028394e-09,4.93314629292e-09,4.88263e-15,4.42856029064e-09,25799.12,0
234,2022-01-27,4.75072730961e-09,5.03490792039e-09,4.55688264336e-09,4.88457028394e-09,20270.42,0
235,2022-01-26,4.68787993036e-09,5.00493571654e-09,4.59017853082e-09,4.75072730961e-09,51028.36,0
236,2022-01-25,4.26395984411e-09,6.27848300787e-09,3.78347738002e-09,4.68787993036e-09,57828.52,0
237,2022-01-24,4.40358985967e-09,4.57045965312e-09,3.2552102263e-09,4.26395984411e-09,35149.65,0
238,2022-01-23,4.27032573263e-09,4.6887008198e-09,4.09920500076e-09,4.40358985967e-09,69269.43,0
239,2022-01-22,6.29222300646e-09,6.32269902847e-09,4.15229469362e-09,4.27032573263e-09,90719.79,0
240,2022-01-21,7.89457819657e-09,8.00937829503e-09,6.29222300646e-09,6.29222300646e-09,80711.04,0
241,2022-01-20,8.51729674043e-09,8.77980324842e-09,7.64710609771e-09,7.89457819657e-09,101405.57,0
242,2022-01-19,6.22963427262e-09,8.60888888548e-09,6.09415660532e-09,8.51729674043e-09,96075.8,0
243,2022-01-18,5.38805295889e-09,6.7346244167e-09,5.38018164172e-09,6.22963427262e-09,79176.99,0
244,2022-01-17,6.20416836968e-09,6.22962649517e-09,5.09793207056e-09,5.38805295889e-09,73747.47,0
245,2022-01-16,5.98069466721e-09,6.37310651418e-09,2.252326732e-11,6.20416836968e-09,66160.76,0
246,2022-01-15,5.1464696096e-09,5.99791899505e-09,4.713e-17,5.98069466721e-09,95081.92,0
247,2022-01-14,3.88830622413e-09,5.50008209263e-09,3.85997216346e-09,5.1464696096e-09,88403.2,0
248,2022-01-13,3.26367685141e-09,3.9003090471e-09,3.17341303665e-09,3.88830622413e-09,53055.4,0
249,2022-01-12,2.83543587703e-09,3.29132656226e-09,2.8334156182e-09,3.26367685141e-09,26425.04,0
250,2022-01-11,2.63046267458e-09,2.83622478011e-09,2.5166365393e-09,2.83543587703e-09,22213.46,0
251,2022-01-10,2.58936813022e-09,2.69070205813e-09,2.47419424349e-09,2.63046267458e-09,11638.88,0
252,2022-01-09,2.49618192367e-09,2.62330840514e-09,2.47858131289e-09,2.58936813022e-09,18468.18,0
253,2022-01-08,2.64414321546e-09,2.66937057077e-09,2.36911556507e-09,2.49618192367e-09,35281.58,0
254,2022-01-07,2.70490749947e-09,2.73080688476e-09,2.49702564388e-09,2.64414321546e-09,42117.5,0
255,2022-01-06,2.81270262409e-09,2.89037295346e-09,2.47314589587e-09,2.70490749947e-09,79014.72,0
256,2022-01-05,3.60207926831e-09,3.74115479195e-09,2.70413071269e-09,2.81270262409e-09,68435.27,0
257,2022-01-04,3.7447036678e-09,3.79451109607e-09,3.58013588486e-09,3.60207926831e-09,28535.31,0
258,2022-01-03,4.03766492162e-09,4.0792956017e-09,3.73594477954e-09,3.7447036678e-09,39621.65,0
259,2022-01-02,3.83484227614e-09,4.16442455457e-09,3.66754350176e-09,4.03766492162e-09,39447.95,0
260,2022-01-01,3.90571882992e-09,4.03997352754e-09,3.72164063191e-09,3.83484227614e-09,89181.88,0
261,2021-12-31,4.97502554686e-09,5.5992195655e-09,3.6042725092e-09,3.90571882992e-09,105980.38,0
262,2021-12-30,4.79396246061e-09,5.10566409598e-09,4.7637806823e-09,4.98198226282e-09,55156.3,0
263,2021-12-29,5.30182028058e-09,5.42762590378e-09,4.78546006316e-09,4.78905920994e-09,88879.58,0
264,2021-12-28,6.76163930077e-09,6.8145022604e-09,5.25643711855e-09,5.31654226006e-09,120172.58,0
265,2021-12-27,6.76932795513e-09,7.17781060037e-09,6.44900367179e-09,6.77042044185e-09,96757.55,0
266,2021-12-26,7.15536965854e-09,7.44465961959e-09,6.68393327202e-09,6.77871279075e-09,440843.25,0
267,2021-12-25,8.21464811811e-09,8.39705085558e-09,7.12656606936e-09,7.14353397365e-09,459691.71,0
268,2021-12-24,8.32567979634e-09,8.852786811e-09,7.89770720766e-09,8.23321596352e-09,154813.23,0
269,2021-12-23,8.48856847269e-09,9.16639744281e-09,7.92528943129e-09,8.31919821373e-09,165246.88,0
270,2021-12-22,8.84422848821e-09,9.72197077812e-09,8.10690582373e-09,8.48438626881e-09,208750.03,0
271,2021-12-21,9.41955197133e-09,1.125245453117e-08,8.50993404414e-09,8.85157987531e-09,362018.7,0
272,2021-12-20,7.36507213947e-09,9.47627066951e-09,4.57074051131e-09,9.41412053498e-09,363865.53,0
273,2021-12-19,6.82215237133e-09,8.62656398407e-09,6.64614377436e-09,7.36763913728e-09,472413.71,0
274,2021-12-18,7.62509639926e-09,1.160109450364e-08,6.77523897641e-09,6.8213812356e-09,663094.58,0
275,2021-12-17,6.4392936529e-09,9.00017233059e-09,6.06196085119e-09,7.62825039979e-09,2590679.99,0
276,2021-12-16,6.78517224725e-09,7.59392175381e-09,5.96019850773e-09,6.43964969257e-09,2874891.43,0
277,2021-12-15,6.95187705102e-09,7.04746123886e-09,5.32434717579e-09,6.78306213476e-09,744201.15,0
278,2021-12-14,6.17332565103e-09,7.08201708239e-09,6.03198598224e-09,6.70620083237e-09,461148.95,0
279,2021-12-13,1.057088001894e-08,1.09688114978e-08,5.10710330828e-09,6.17522602078e-09,1014265.6,0
280,2021-12-12,1.625432941469e-08,1.643451430601e-08,3.589496502e-11,1.057468224496e-08,1941489.85,0
281,2021-12-11,1.276125600764e-08,1.740434613693e-08,8.30229568241e-09,1.625797646904e-08,3445749.99,0
282,2021-12-10,1.46708043835e-09,1.494061165874e-08,1.464944855e-09,1.277893376458e-08,3326076.86,0
